event: ns : Nanoseconds
events: ns
summary: 250373000
fl=<frozen _collections_abc>
fn=__subclasshook__:345
345 2100

fl=<frozen _collections_abc>
fn=__subclasshook__:439
439 900

fl=<frozen _collections_abc>
fn=__contains__
799 57300
cfl=<frozen os>
cfn=__getitem__
calls=138 704
799 192400

fl=<frozen _collections_abc>
fn=items
811 1700
cfl=<frozen _collections_abc>
cfn=__init__
calls=1 834
811 200

fl=<frozen _collections_abc>
fn=__init__
834 200

fl=<frozen _collections_abc>
fn=__iter__:881
881 35300
cfl=<frozen os>
cfn=__getitem__
calls=121 704
881 114100
cfl=<frozen os>
cfn=__iter__
calls=122 727
881 24400

fl=<frozen _collections_abc>
fn=__iter__:1011
1011 1500
cfl=c:\Users\Pedro\faculdade\IniciacaoCientifica\grn\.env\Lib\site-packages\numba\core\typing\context.py
cfn=__getitem__
calls=1 54
1011 2600

fl=<frozen abc>
fn=__instancecheck__
117 2838200
cfl=~
cfn=<built-in method _abc._abc_instancecheck>
calls=16071 0
117 2689300

fl=<frozen abc>
fn=__subclasscheck__
121 141900
cfl=~
cfn=<built-in method _abc._abc_subclasscheck>
calls=1037 0
121 936400

fl=<frozen codecs>
fn=__init__:189
189 1300

fl=<frozen codecs>
fn=__init__:263
263 1500

fl=<frozen codecs>
fn=__init__:312
312 6900
cfl=<frozen codecs>
cfn=__init__:263
calls=8 263
312 1500

fl=<frozen codecs>
fn=decode
322 23200
cfl=~
cfn=<built-in method _codecs.utf_8_decode>
calls=42 0
322 36100

fl=<frozen codecs>
fn=getstate
334 500

fl=<frozen genericpath>
fn=_splitext
157 8800
cfl=~
cfn=<built-in method builtins.max>
calls=7 0
157 1100
cfl=~
cfn=<method 'rfind' of 'str' objects>
calls=21 0
157 3200

fl=<frozen importlib._bootstrap>
fn=_new_module
48 2400

fl=<frozen importlib._bootstrap>
fn=__new__
74 2300
cfl=~
cfn=<built-in method __new__ of type object at 0x00007FFE69354D90>
calls=2 0
74 900

fl=<frozen importlib._bootstrap>
fn=__init__:79
79 1700

fl=<frozen importlib._bootstrap>
fn=remove
82 2300
cfl=~
cfn=<built-in method _weakref._remove_dead_weakref>
calls=2 0
82 900

fl=<frozen importlib._bootstrap>
fn=setdefault
124 5200
cfl=<frozen importlib._bootstrap>
cfn=__new__
calls=2 74
124 3200
cfl=<frozen importlib._bootstrap>
cfn=__init__:79
calls=2 79
124 1700

fl=<frozen importlib._bootstrap>
fn=__init__:158
158 300

fl=<frozen importlib._bootstrap>
fn=__enter__:162
162 3000
cfl=<frozen importlib._bootstrap>
cfn=setdefault
calls=2 124
162 10100
cfl=~
cfn=<method 'append' of 'list' objects>
calls=2 0
162 500

fl=<frozen importlib._bootstrap>
fn=__exit__:173
173 800
cfl=~
cfn=<method 'remove' of 'list' objects>
calls=2 0
173 500

fl=<frozen importlib._bootstrap>
fn=__init__:232
232 1900
cfl=~
cfn=<built-in method _thread.allocate_lock>
calls=2 0
232 500

fl=<frozen importlib._bootstrap>
fn=acquire
304 8700
cfl=<frozen importlib._bootstrap>
cfn=remove
calls=2 82
304 3200
cfl=<frozen importlib._bootstrap>
cfn=__init__:158
calls=2 158
304 300
cfl=<frozen importlib._bootstrap>
cfn=__enter__:162
calls=2 162
304 13600
cfl=<frozen importlib._bootstrap>
cfn=__exit__:173
calls=2 173
304 1300
cfl=~
cfn=<built-in method _thread.get_ident>
calls=2 0
304 500
cfl=~
cfn=<method '__enter__' of '_thread.RLock' objects>
calls=2 0
304 700
cfl=~
cfn=<method '__exit__' of '_thread.RLock' objects>
calls=2 0
304 600
cfl=~
cfn=<method 'append' of 'list' objects>
calls=2 0
304 300

fl=<frozen importlib._bootstrap>
fn=release
372 4500
cfl=~
cfn=<built-in method _thread.get_ident>
calls=2 0
372 500
cfl=~
cfn=<built-in method builtins.len>
calls=6 0
372 500
cfl=~
cfn=<method '__enter__' of '_thread.RLock' objects>
calls=2 0
372 600
cfl=~
cfn=<method '__exit__' of '_thread.RLock' objects>
calls=2 0
372 400
cfl=~
cfn=<method 'pop' of 'list' objects>
calls=2 0
372 300

fl=<frozen importlib._bootstrap>
fn=__init__:415
415 400

fl=<frozen importlib._bootstrap>
fn=__enter__:419
419 6800
cfl=<frozen importlib._bootstrap>
cfn=acquire
calls=2 304
419 29200
cfl=<frozen importlib._bootstrap>
cfn=_get_module_lock
calls=2 429
419 11600

fl=<frozen importlib._bootstrap>
fn=__exit__:423
423 2600
cfl=<frozen importlib._bootstrap>
cfn=release
calls=2 372
423 6800

fl=<frozen importlib._bootstrap>
fn=_get_module_lock
429 8500
cfl=<frozen importlib._bootstrap>
cfn=__init__:232
calls=2 232
429 2400
cfl=~
cfn=<built-in method _imp.acquire_lock>
calls=2 0
429 400
cfl=~
cfn=<built-in method _imp.release_lock>
calls=2 0
429 300

fl=<frozen importlib._bootstrap>
fn=cb
448 1400
cfl=~
cfn=<built-in method _imp.acquire_lock>
calls=2 0
448 300
cfl=~
cfn=<built-in method _imp.release_lock>
calls=2 0
448 300
cfl=~
cfn=<method 'get' of 'dict' objects>
calls=2 0
448 600

fl=<frozen importlib._bootstrap>
fn=_call_with_frames_removed
483 2900
cfl=~
cfn=<built-in method _imp.find_frozen>
calls=2 0
483 1000
cfl=~
cfn=<built-in method builtins.exec>
calls=2 0
483 191300

fl=<frozen importlib._bootstrap>
fn=_verbose_message
494 3300

fl=<frozen importlib._bootstrap>
fn=_module_repr
544 2900
cfl=<frozen importlib._bootstrap>
cfn=_module_repr_from_spec
calls=1 826
544 2600
cfl=~
cfn=<built-in method builtins.getattr>
calls=2 0
544 400

fl=<frozen importlib._bootstrap>
fn=__init__:602
602 800

fl=<frozen importlib._bootstrap>
fn=cached
635 2500
cfl=<frozen importlib._bootstrap_external>
cfn=_get_cached
calls=2 369
635 56600

fl=<frozen importlib._bootstrap>
fn=parent
648 1141800
cfl=~
cfn=<method 'rpartition' of 'str' objects>
calls=3557 0
648 622000

fl=<frozen importlib._bootstrap>
fn=has_location
656 500

fl=<frozen importlib._bootstrap>
fn=_init_module_attrs
736 7100
cfl=<frozen importlib._bootstrap>
cfn=cached
calls=4 635
736 59100
cfl=<frozen importlib._bootstrap>
cfn=parent
calls=2 648
736 1900
cfl=<frozen importlib._bootstrap>
cfn=has_location
calls=2 656
736 200
cfl=~
cfn=<built-in method builtins.getattr>
calls=12 0
736 3300

fl=<frozen importlib._bootstrap>
fn=module_from_spec
809 8100
cfl=<frozen importlib._bootstrap>
cfn=_new_module
calls=2 48
809 2400
cfl=<frozen importlib._bootstrap>
cfn=_init_module_attrs
calls=2 736
809 71600
cfl=<frozen importlib._bootstrap_external>
cfn=create_module
calls=2 750
809 300
cfl=~
cfn=<built-in method builtins.hasattr>
calls=2 0
809 600

fl=<frozen importlib._bootstrap>
fn=_module_repr_from_spec
826 2500
cfl=<frozen importlib._bootstrap>
cfn=has_location
calls=1 656
826 100

fl=<frozen importlib._bootstrap>
fn=_load_unlocked
914 5800
cfl=<frozen importlib._bootstrap>
cfn=module_from_spec
calls=2 809
914 83000
cfl=<frozen importlib._bootstrap_external>
cfn=exec_module
calls=0 753
914 0
cfl=C:\Users\Pedro\AppData\Local\Python\pythoncore-3.14-64\Lib\linecache.py
cfn=getline
calls=3 22
914 3000
cfl=~
cfn=<built-in method builtins.hasattr>
calls=2 0
914 1100
cfl=~
cfn=<method 'append' of 'list' objects>
calls=4 0
914 500
cfl=~
cfn=<method 'join' of 'str' objects>
calls=1 0
914 300
cfl=~
cfn=<method 'rstrip' of 'str' objects>
calls=4 0
914 500

fl=<frozen importlib._bootstrap>
fn=find_spec:985
985 1100
cfl=~
cfn=<built-in method _imp.is_builtin>
calls=2 0
985 2800

fl=<frozen importlib._bootstrap>
fn=find_spec:1131
1131 1400
cfl=<frozen importlib._bootstrap>
cfn=_call_with_frames_removed
calls=2 483
1131 2200

fl=<frozen importlib._bootstrap>
fn=__enter__:1225
1225 1200
cfl=~
cfn=<built-in method _imp.acquire_lock>
calls=6 0
1225 600

fl=<frozen importlib._bootstrap>
fn=__exit__:1229
1229 1700
cfl=~
cfn=<built-in method _imp.release_lock>
calls=6 0
1229 900

fl=<frozen importlib._bootstrap>
fn=_resolve_name
1234 7100
cfl=~
cfn=<built-in method builtins.len>
calls=12 0
1234 800
cfl=~
cfn=<method 'rsplit' of 'str' objects>
calls=12 0
1234 2300

fl=<frozen importlib._bootstrap>
fn=_find_spec
1243 9000
cfl=<frozen importlib._bootstrap>
cfn=find_spec:985
calls=2 985
1243 3900
cfl=<frozen importlib._bootstrap>
cfn=find_spec:1131
calls=2 1131
1243 3600
cfl=<frozen importlib._bootstrap>
cfn=__enter__:1225
calls=6 1225
1243 1800
cfl=<frozen importlib._bootstrap>
cfn=__exit__:1229
calls=4 1229
1243 1100
cfl=<frozen importlib._bootstrap_external>
cfn=find_spec:1284
calls=0 1284
1243 0
cfl=~
cfn=<method 'append' of 'list' objects>
calls=1 0
1243 200
cfl=~
cfn=<method 'join' of 'str' objects>
calls=1 0
1243 200
cfl=~
cfn=<method 'rstrip' of 'str' objects>
calls=1 0
1243 300

fl=<frozen importlib._bootstrap>
fn=_sanity_check
1290 5500
cfl=~
cfn=<built-in method builtins.isinstance>
calls=24 0
1290 1500

fl=<frozen importlib._bootstrap>
fn=_find_and_load_unlocked
1308 4700
cfl=<frozen importlib._bootstrap>
cfn=_find_spec
calls=0 1243
1308 0
cfl=~
cfn=<built-in method builtins.getattr>
calls=2 0
1308 400
cfl=~
cfn=<method 'get' of 'dict' objects>
calls=4 0
1308 600
cfl=~
cfn=<method 'partition' of 'str' objects>
calls=1 0
1308 400
cfl=~
cfn=<method 'rpartition' of 'str' objects>
calls=4 0
1308 1200
cfl=~
cfn=<method 'strip' of 'str' objects>
calls=1 0
1308 200

fl=<frozen importlib._bootstrap>
fn=_find_and_load
1360 17600
cfl=<frozen importlib._bootstrap>
cfn=__init__:415
calls=2 415
1360 400
cfl=<frozen importlib._bootstrap>
cfn=__enter__:419
calls=2 419
1360 47600
cfl=<frozen importlib._bootstrap>
cfn=__exit__:1229
calls=1 1229
1360 900
cfl=<frozen importlib._bootstrap>
cfn=_find_and_load_unlocked
calls=0 1308
1360 0
cfl=C:\Users\Pedro\AppData\Local\Python\pythoncore-3.14-64\Lib\traceback.py
cfn=line
calls=1 373
1360 445100
cfl=~
cfn=<built-in method builtins.getattr>
calls=24 0
1360 3300
cfl=~
cfn=<method 'get' of 'dict' objects>
calls=16 0
1360 3800
cfl=~
cfn=<method 'partition' of 'str' objects>
calls=1 0
1360 300
cfl=~
cfn=<method 'strip' of 'str' objects>
calls=1 0
1360 1000

fl=<frozen importlib._bootstrap>
fn=_gcd_import
1386 12900
cfl=<frozen importlib._bootstrap>
cfn=_resolve_name
calls=12 1234
1386 10200
cfl=<frozen importlib._bootstrap>
cfn=_sanity_check
calls=12 1290
1386 7000
cfl=<frozen importlib._bootstrap>
cfn=_find_and_load
calls=12 1360
1386 12700

fl=<frozen importlib._bootstrap>
fn=_handle_fromlist
1401 42800
cfl=~
cfn=<built-in method builtins.hasattr>
calls=98 0
1401 64900
cfl=~
cfn=<built-in method builtins.isinstance>
calls=98 0
1401 6600

fl=<frozen importlib._bootstrap_external>
fn=_relax_case
67 2200

fl=<frozen importlib._bootstrap_external>
fn=_unpack_uint32
89 4500
cfl=~
cfn=<built-in method builtins.len>
calls=6 0
89 200
cfl=~
cfn=<built-in method from_bytes>
calls=6 0
89 1600

fl=<frozen importlib._bootstrap_external>
fn=_path_join
101 95200
cfl=~
cfn=<built-in method builtins.len>
calls=19 0
101 2600
cfl=~
cfn=<method 'append' of 'list' objects>
calls=13 0
101 2100
cfl=~
cfn=<method 'endswith' of 'str' objects>
calls=36 0
101 4300
cfl=~
cfn=<method 'join' of 'str' objects>
calls=9 0
101 2200
cfl=~
cfn=<method 'rstrip' of 'str' objects>
calls=32 0
101 5400
cfl=~
cfn=<method 'startswith' of 'str' objects>
calls=23 0
101 4200

fl=<frozen importlib._bootstrap_external>
fn=_path_split
137 6600
cfl=~
cfn=<built-in method builtins.max>
calls=4 0
137 9400

fl=<frozen importlib._bootstrap_external>
fn=<genexpr>
139 3100
cfl=~
cfn=<method 'rfind' of 'str' objects>
calls=8 0
139 1800

fl=<frozen importlib._bootstrap_external>
fn=_path_stat
145 17800
cfl=<frozen codecs>
cfn=__init__:312
calls=2 312
145 1300
cfl=<frozen importlib._bootstrap_external>
cfn=_get_spec:1352
calls=0 1352
145 0
cfl=C:\Users\Pedro\AppData\Local\Python\pythoncore-3.14-64\Lib\enum.py
cfn=__or__
calls=3 1583
145 12400
cfl=C:\Users\Pedro\AppData\Local\Python\pythoncore-3.14-64\Lib\threading.py
cfn=wait:651
calls=1 651
145 1800
cfl=C:\Users\Pedro\AppData\Local\Python\pythoncore-3.14-64\Lib\tokenize.py
cfn=detect_encoding
calls=2 358
145 59600
cfl=C:\Users\Pedro\AppData\Local\Python\pythoncore-3.14-64\Lib\tokenize.py
cfn=open
calls=0 457
145 0
cfl=c:\Users\Pedro\faculdade\IniciacaoCientifica\grn\.env\Lib\site-packages\zmq\sugar\socket.py
cfn=send
calls=2 623
145 4400
cfl=~
cfn=<built-in method nt.stat>
calls=2 0
145 0
cfl=~
cfn=<method 'seek' of '_io.BufferedReader' objects>
calls=2 0
145 600

fl=<frozen importlib._bootstrap_external>
fn=_path_is_mode_type
155 5100
cfl=<frozen importlib._bootstrap_external>
cfn=_path_stat
calls=0 145
155 0
cfl=~
cfn=<built-in method builtins.len>
calls=1 0
155 100

fl=<frozen importlib._bootstrap_external>
fn=_path_isfile
164 3700
cfl=<frozen importlib._bootstrap_external>
cfn=_path_is_mode_type
calls=0 155
164 0
cfl=~
cfn=<method 'append' of 'list' objects>
calls=1 0
164 100
cfl=~
cfn=<method 'join' of 'str' objects>
calls=1 0
164 200
cfl=~
cfn=<method 'rstrip' of 'str' objects>
calls=1 0
164 200

fl=<frozen importlib._bootstrap_external>
fn=_path_isabs
177 5200
cfl=~
cfn=<built-in method builtins.len>
calls=1 0
177 100
cfl=~
cfn=<built-in method nt._path_splitroot>
calls=1 0
177 0
cfl=~
cfn=<method 'endswith' of 'str' objects>
calls=1 0
177 300
cfl=~
cfn=<method 'replace' of 'str' objects>
calls=1 0
177 400
cfl=~
cfn=<method 'startswith' of 'str' objects>
calls=1 0
177 200

fl=<frozen importlib._bootstrap_external>
fn=_path_abspath
190 3100
cfl=<frozen importlib._bootstrap_external>
cfn=_path_isabs
calls=1 177
190 0
cfl=C:\Users\Pedro\AppData\Local\Python\pythoncore-3.14-64\Lib\tokenize.py
cfn=check
calls=1 388
190 900
cfl=C:\Users\Pedro\AppData\Local\Python\pythoncore-3.14-64\Lib\tokenize.py
cfn=find_cookie
calls=1 400
190 1100
cfl=~
cfn=<method 'match' of 're.Pattern' objects>
calls=1 0
190 600
cfl=~
cfn=<method 'startswith' of 'bytes' objects>
calls=1 0
190 200

fl=<frozen importlib._bootstrap_external>
fn=cache_from_source
239 14300
cfl=<frozen importlib._bootstrap_external>
cfn=_path_join
calls=4 101
239 45100
cfl=<frozen importlib._bootstrap_external>
cfn=_path_split
calls=4 137
239 16000
cfl=~
cfn=<built-in method nt.fspath>
calls=4 0
239 700
cfl=~
cfn=<method 'join' of 'str' objects>
calls=4 0
239 800
cfl=~
cfn=<method 'rpartition' of 'str' objects>
calls=4 0
239 800

fl=<frozen importlib._bootstrap_external>
fn=_get_cached
369 5900
cfl=<frozen importlib._bootstrap_external>
cfn=cache_from_source
calls=2 239
369 50300
cfl=~
cfn=<method 'endswith' of 'str' objects>
calls=2 0
369 400

fl=<frozen importlib._bootstrap_external>
fn=_check_name_wrapper
401 2600
cfl=<frozen importlib._bootstrap_external>
cfn=get_filename
calls=2 942
401 100

fl=<frozen importlib._bootstrap_external>
fn=_classify_pyc
424 5200
cfl=<frozen importlib._bootstrap_external>
cfn=_unpack_uint32
calls=2 89
424 3500
cfl=~
cfn=<built-in method builtins.len>
calls=2 0
424 600

fl=<frozen importlib._bootstrap_external>
fn=_validate_timestamp_pyc
457 2600
cfl=<frozen importlib._bootstrap_external>
cfn=_unpack_uint32
calls=4 89
457 2800

fl=<frozen importlib._bootstrap_external>
fn=_compile_bytecode
509 5600
cfl=<frozen importlib._bootstrap>
cfn=_verbose_message
calls=2 494
509 600
cfl=~
cfn=<built-in method _imp._fix_co_filename>
calls=2 0
509 2100
cfl=~
cfn=<built-in method builtins.isinstance>
calls=2 0
509 400
cfl=~
cfn=<built-in method marshal.loads>
calls=2 0
509 154600

fl=<frozen importlib._bootstrap_external>
fn=spec_from_file_location
560 9500
cfl=<frozen codecs>
cfn=__init__:312
calls=1 312
560 600
cfl=<frozen importlib._bootstrap>
cfn=__init__:602
calls=1 602
560 300
cfl=<frozen importlib._bootstrap_external>
cfn=_path_abspath
calls=1 190
560 0
cfl=~
cfn=<built-in method nt.fspath>
calls=2 0
560 400
cfl=~
cfn=<method 'seek' of '_io.BufferedReader' objects>
calls=1 0
560 200

fl=<frozen importlib._bootstrap_external>
fn=create_module
750 300

fl=<frozen importlib._bootstrap_external>
fn=exec_module
753 6500
cfl=<frozen importlib._bootstrap_external>
cfn=get_code
calls=0 826
753 0
cfl=~
cfn=<built-in method builtins.len>
calls=1 0
753 100

fl=<frozen importlib._bootstrap_external>
fn=get_code
826 18500
cfl=<frozen importlib._bootstrap_external>
cfn=cache_from_source
calls=2 239
826 27400
cfl=<frozen importlib._bootstrap_external>
cfn=_check_name_wrapper
calls=2 401
826 2700
cfl=<frozen importlib._bootstrap_external>
cfn=get_data
calls=0 947
826 0
cfl=<frozen importlib._bootstrap_external>
cfn=path_stats
calls=1 966
826 0

fl=<frozen importlib._bootstrap_external>
fn=__init__
917 400

fl=<frozen importlib._bootstrap_external>
fn=get_filename
942 100

fl=<frozen importlib._bootstrap_external>
fn=get_data
947 8500
cfl=C:\Users\Pedro\AppData\Local\Python\pythoncore-3.14-64\Lib\enum.py
cfn=__or__
calls=1 1583
947 7300
cfl=c:\Users\Pedro\faculdade\IniciacaoCientifica\grn\.env\Lib\site-packages\zmq\sugar\socket.py
cfn=send
calls=2 623
947 24900
cfl=~
cfn=<built-in method _io.open_code>
calls=0 0
947 0
cfl=~
cfn=<built-in method builtins.isinstance>
calls=2 0
947 500

fl=<frozen importlib._bootstrap_external>
fn=path_stats
966 2800
cfl=<frozen importlib._bootstrap_external>
cfn=_path_stat
calls=1 145
966 0
cfl=~
cfn=<method '__enter__' of '_io._IOBase' objects>
calls=1 0
966 400
cfl=~
cfn=<method '__exit__' of '_io._IOBase' objects>
calls=1 0
966 6600
cfl=~
cfn=<method 'endswith' of 'str' objects>
calls=1 0
966 200
cfl=~
cfn=<method 'readlines' of '_io._IOBase' objects>
calls=1 0
966 34300

fl=<frozen importlib._bootstrap_external>
fn=_path_importer_cache
1233 1000

fl=<frozen importlib._bootstrap_external>
fn=_get_spec:1255
1255 4800
cfl=<frozen importlib._bootstrap_external>
cfn=_path_importer_cache
calls=2 1233
1255 1000
cfl=<frozen importlib._bootstrap_external>
cfn=find_spec:1357
calls=0 1357
1255 0
cfl=c:\Users\Pedro\faculdade\IniciacaoCientifica\grn\.env\Lib\site-packages\zmq\utils\garbage.py
cfn=_push_socket
calls=1 148
1255 734200
cfl=~
cfn=<built-in method builtins.isinstance>
calls=2 0
1255 200
cfl=~
cfn=<built-in method builtins.len>
calls=1 0
1255 200
cfl=~
cfn=<method 'append' of 'list' objects>
calls=1 0
1255 500
cfl=~
cfn=<method 'endswith' of 'str' objects>
calls=2 0
1255 300
cfl=~
cfn=<method 'join' of 'str' objects>
calls=1 0
1255 400
cfl=~
cfn=<method 'rstrip' of 'str' objects>
calls=2 0
1255 300
cfl=~
cfn=<method 'startswith' of 'str' objects>
calls=1 0
1255 200

fl=<frozen importlib._bootstrap_external>
fn=find_spec:1284
1284 3900
cfl=<frozen importlib._bootstrap>
cfn=_verbose_message
calls=3 494
1284 1000
cfl=<frozen importlib._bootstrap_external>
cfn=_path_join
calls=2 101
1284 12100
cfl=<frozen importlib._bootstrap_external>
cfn=_path_isfile
calls=1 164
1284 30900
cfl=<frozen importlib._bootstrap_external>
cfn=_get_spec:1255
calls=0 1255
1284 0
cfl=<frozen importlib._bootstrap_external>
cfn=_get_spec:1352
calls=1 1352
1284 13700
cfl=c:\Users\Pedro\faculdade\IniciacaoCientifica\grn\.env\Lib\site-packages\ipykernel\iostream.py
cfn=<lambda>
calls=0 348
1284 0
cfl=~
cfn=<built-in method builtins.len>
calls=1 0
1284 200
cfl=~
cfn=<method 'popleft' of 'collections.deque' objects>
calls=1 0
1284 400

fl=<frozen importlib._bootstrap_external>
fn=_get_spec:1352
1352 3100
cfl=<frozen importlib._bootstrap_external>
cfn=spec_from_file_location
calls=1 560
1352 0
cfl=<frozen importlib._bootstrap_external>
cfn=__init__
calls=2 917
1352 400
cfl=~
cfn=<method '__enter__' of '_io._IOBase' objects>
calls=1 0
1352 300
cfl=~
cfn=<method '__exit__' of '_io._IOBase' objects>
calls=1 0
1352 6500
cfl=~
cfn=<method 'endswith' of 'str' objects>
calls=1 0
1352 200
cfl=~
cfn=<method 'readlines' of '_io._IOBase' objects>
calls=1 0
1352 38100

fl=<frozen importlib._bootstrap_external>
fn=find_spec:1357
1357 9600
cfl=<frozen importlib._bootstrap_external>
cfn=_path_stat
calls=0 145
1357 0
cfl=<string>
cfn=<lambda>:1
calls=1 1
1357 1600
cfl=~
cfn=<built-in method builtins.id>
calls=1 0
1357 400
cfl=~
cfn=<method '__enter__' of '_io._IOBase' objects>
calls=1 0
1357 600
cfl=~
cfn=<method '__exit__' of '_io._IOBase' objects>
calls=1 0
1357 10000
cfl=~
cfn=<method '__exit__' of '_thread.lock' objects>
calls=1 0
1357 300
cfl=~
cfn=<method 'endswith' of 'str' objects>
calls=1 0
1357 200
cfl=~
cfn=<method 'readlines' of '_io._IOBase' objects>
calls=1 0
1357 70900
cfl=~
cfn=<method 'rpartition' of 'str' objects>
calls=2 0
1357 400

fl=<frozen ntpath>
fn=_get_bothseps
34 3600
cfl=~
cfn=<built-in method builtins.isinstance>
calls=8 0
34 700

fl=<frozen ntpath>
fn=normcase
50 201100
cfl=~
cfn=<built-in method _winapi.LCMapStringEx>
calls=373 0
50 102300
cfl=~
cfn=<built-in method builtins.isinstance>
calls=373 0
50 29800
cfl=~
cfn=<built-in method nt.fspath>
calls=373 0
50 22700
cfl=~
cfn=<method 'replace' of 'str' objects>
calls=373 0
50 51300

fl=<frozen ntpath>
fn=join
99 19800
cfl=~
cfn=<built-in method builtins.isinstance>
calls=9 0
99 1500
cfl=~
cfn=<built-in method nt._path_splitroot_ex>
calls=18 0
99 6500
cfl=~
cfn=<built-in method nt.fspath>
calls=9 0
99 1500

fl=<frozen ntpath>
fn=splitdrive
146 1100
cfl=~
cfn=<built-in method nt._path_splitroot_ex>
calls=2 0
146 500

fl=<frozen ntpath>
fn=split
222 21600
cfl=<frozen ntpath>
cfn=_get_bothseps
calls=8 34
222 4300
cfl=~
cfn=<built-in method builtins.len>
calls=8 0
222 900
cfl=~
cfn=<built-in method nt._path_splitroot_ex>
calls=8 0
222 4200
cfl=~
cfn=<built-in method nt.fspath>
calls=8 0
222 800
cfl=~
cfn=<method 'rstrip' of 'str' objects>
calls=8 0
222 2700

fl=<frozen ntpath>
fn=splitext
243 7900
cfl=<frozen genericpath>
cfn=_splitext
calls=7 157
243 13100
cfl=~
cfn=<built-in method builtins.isinstance>
calls=7 0
243 500
cfl=~
cfn=<built-in method nt.fspath>
calls=7 0
243 600

fl=<frozen ntpath>
fn=basename
254 4400
cfl=<frozen ntpath>
cfn=split
calls=7 222
254 28500

fl=<frozen ntpath>
fn=expanduser
343 6300
cfl=~
cfn=<built-in method builtins.isinstance>
calls=9 0
343 900
cfl=~
cfn=<built-in method nt.fspath>
calls=9 0
343 900
cfl=~
cfn=<method 'startswith' of 'str' objects>
calls=9 0
343 1400

fl=<frozen ntpath>
fn=abspath
529 19900
cfl=~
cfn=<built-in method nt._getfullpathname>
calls=45 0
529 37200
cfl=~
cfn=<built-in method nt._path_normpath>
calls=45 0
529 14200

fl=<frozen ntpath>
fn=relpath
737 137200
cfl=<frozen ntpath>
cfn=normcase
calls=352 50
737 354600
cfl=<frozen ntpath>
cfn=abspath
calls=44 529
737 63800
cfl=~
cfn=<built-in method builtins.isinstance>
calls=22 0
737 2200
cfl=~
cfn=<built-in method builtins.len>
calls=22 0
737 2500
cfl=~
cfn=<built-in method nt._path_splitroot_ex>
calls=44 0
737 12500
cfl=~
cfn=<built-in method nt.fspath>
calls=22 0
737 2800
cfl=~
cfn=<method 'join' of 'str' objects>
calls=22 0
737 5000
cfl=~
cfn=<method 'split' of 'str' objects>
calls=44 0
737 15100

fl=<frozen os>
fn=makedirs
211 67300
cfl=<frozen ntpath>
cfn=split
calls=1 222
211 6000
cfl=~
cfn=<built-in method nt._path_exists>
calls=0 0
211 0

fl=<frozen os>
fn=__getitem__
704 121100
cfl=<frozen os>
cfn=encodekey
calls=259 778
704 185400

fl=<frozen os>
fn=__iter__
727 24400

fl=<frozen os>
fn=check_str
772 48400
cfl=~
cfn=<built-in method builtins.isinstance>
calls=259 0
772 19200

fl=<frozen os>
fn=encodekey
778 87300
cfl=<frozen os>
cfn=check_str
calls=259 772
778 67600
cfl=~
cfn=<method 'upper' of 'str' objects>
calls=259 0
778 30500

fl=<string>
fn=<lambda>:1
1 1343800
cfl=~
cfn=<built-in method __new__ of type object at 0x00007FFE69354D90>
calls=5915 0
1 850400

fl=<string>
fn=<lambda>:1
1 3300
cfl=~
cfn=<built-in method __new__ of type object at 0x00007FFE69354D90>
calls=7 0
1 3000

fl=<string>
fn=<lambda>:1
1 2200
cfl=~
cfn=<built-in method __new__ of type object at 0x00007FFE69354D90>
calls=5 0
1 1800

fl=<string>
fn=<lambda>:1
1 2100
cfl=~
cfn=<built-in method __new__ of type object at 0x00007FFE69354D90>
calls=5 0
1 1300

fl=<string>
fn=<lambda>:1
1 1900
cfl=~
cfn=<built-in method __new__ of type object at 0x00007FFE69354D90>
calls=4 0
1 1300

fl=<string>
fn=<lambda>:1
1 1500
cfl=~
cfn=<built-in method __new__ of type object at 0x00007FFE69354D90>
calls=4 0
1 900

fl=<string>
fn=<lambda>:1
1 6400
cfl=~
cfn=<built-in method __new__ of type object at 0x00007FFE69354D90>
calls=17 0
1 4900

fl=<string>
fn=<lambda>:1
1 1100
cfl=~
cfn=<built-in method __new__ of type object at 0x00007FFE69354D90>
calls=1 0
1 500

fl=<string>
fn=<lambda>:1
1 2400
cfl=~
cfn=<built-in method __new__ of type object at 0x00007FFE69354D90>
calls=6 0
1 1800

fl=<string>
fn=<lambda>:1
1 1700
cfl=~
cfn=<built-in method __new__ of type object at 0x00007FFE69354D90>
calls=3 0
1 1300

fl=<string>
fn=<module>
1 200

fl=<string>
fn=__init__:2
2 2700

fl=<string>
fn=__init__:2
2 2400

fl=<string>
fn=__init__:2
2 600

fl=C:\Users\Pedro\AppData\Local\Python\pythoncore-3.14-64\Lib\_colorize.py
fn=get_theme
322 1300

fl=C:\Users\Pedro\AppData\Local\Python\pythoncore-3.14-64\Lib\_py_warnings.py
fn=_filters
71 1900

fl=C:\Users\Pedro\AppData\Local\Python\pythoncore-3.14-64\Lib\_py_warnings.py
fn=_get_context
89 2300

fl=C:\Users\Pedro\AppData\Local\Python\pythoncore-3.14-64\Lib\_py_warnings.py
fn=_get_filters
111 8800
cfl=C:\Users\Pedro\AppData\Local\Python\pythoncore-3.14-64\Lib\_py_warnings.py
cfn=_filters
calls=12 71
111 1900
cfl=C:\Users\Pedro\AppData\Local\Python\pythoncore-3.14-64\Lib\_py_warnings.py
cfn=_get_context
calls=12 89
111 2100

fl=C:\Users\Pedro\AppData\Local\Python\pythoncore-3.14-64\Lib\_py_warnings.py
fn=_showwarnmsg_impl
133 5700
cfl=C:\Users\Pedro\AppData\Local\Python\pythoncore-3.14-64\Lib\_py_warnings.py
cfn=_get_context
calls=1 89
133 200
cfl=C:\Users\Pedro\AppData\Local\Python\pythoncore-3.14-64\Lib\_py_warnings.py
cfn=_formatwarnmsg
calls=1 240
133 394900
cfl=c:\Users\Pedro\faculdade\IniciacaoCientifica\grn\.env\Lib\site-packages\IPython\core\interactiveshell.py
cfn=write
calls=1 3098
133 205300

fl=C:\Users\Pedro\AppData\Local\Python\pythoncore-3.14-64\Lib\_py_warnings.py
fn=_formatwarnmsg_impl
153 6900
cfl=C:\Users\Pedro\AppData\Local\Python\pythoncore-3.14-64\Lib\linecache.py
cfn=getline
calls=1 22
153 382700
cfl=~
cfn=<method 'strip' of 'str' objects>
calls=1 0
153 300

fl=C:\Users\Pedro\AppData\Local\Python\pythoncore-3.14-64\Lib\_py_warnings.py
fn=_showwarnmsg
217 2700
cfl=C:\Users\Pedro\AppData\Local\Python\pythoncore-3.14-64\Lib\_py_warnings.py
cfn=_showwarnmsg_impl
calls=1 133
217 606100

fl=C:\Users\Pedro\AppData\Local\Python\pythoncore-3.14-64\Lib\_py_warnings.py
fn=_formatwarnmsg
240 5000
cfl=C:\Users\Pedro\AppData\Local\Python\pythoncore-3.14-64\Lib\_py_warnings.py
cfn=_formatwarnmsg_impl
calls=1 153
240 389900

fl=C:\Users\Pedro\AppData\Local\Python\pythoncore-3.14-64\Lib\_py_warnings.py
fn=simplefilter
294 10900
cfl=C:\Users\Pedro\AppData\Local\Python\pythoncore-3.14-64\Lib\_py_warnings.py
cfn=_add_filter
calls=12 320
294 60100
cfl=~
cfn=<built-in method builtins.isinstance>
calls=12 0
294 1000

fl=C:\Users\Pedro\AppData\Local\Python\pythoncore-3.14-64\Lib\_py_warnings.py
fn=_add_filter
320 24300
cfl=C:\Users\Pedro\AppData\Local\Python\pythoncore-3.14-64\Lib\_py_warnings.py
cfn=_get_filters
calls=12 111
320 12800
cfl=C:\Users\Pedro\AppData\Local\Python\pythoncore-3.14-64\Lib\warnings.py
cfn=__enter__
calls=12 80
320 3500
cfl=C:\Users\Pedro\AppData\Local\Python\pythoncore-3.14-64\Lib\warnings.py
cfn=__exit__
calls=12 84
320 3600
cfl=~
cfn=<built-in method _warnings._filters_mutated_lock_held>
calls=12 0
320 1200
cfl=~
cfn=<method 'insert' of 'list' objects>
calls=12 0
320 3600
cfl=~
cfn=<method 'remove' of 'list' objects>
calls=12 0
320 11100

fl=C:\Users\Pedro\AppData\Local\Python\pythoncore-3.14-64\Lib\_py_warnings.py
fn=__init__:576
576 2000

fl=C:\Users\Pedro\AppData\Local\Python\pythoncore-3.14-64\Lib\_py_warnings.py
fn=__init__:616
616 3800

fl=C:\Users\Pedro\AppData\Local\Python\pythoncore-3.14-64\Lib\_py_warnings.py
fn=__enter__
639 19900
cfl=C:\Users\Pedro\AppData\Local\Python\pythoncore-3.14-64\Lib\warnings.py
cfn=__enter__
calls=12 80
639 6200
cfl=C:\Users\Pedro\AppData\Local\Python\pythoncore-3.14-64\Lib\warnings.py
cfn=__exit__
calls=12 84
639 4400
cfl=~
cfn=<built-in method _warnings._filters_mutated_lock_held>
calls=12 0
639 1300

fl=C:\Users\Pedro\AppData\Local\Python\pythoncore-3.14-64\Lib\_py_warnings.py
fn=__exit__
668 13500
cfl=C:\Users\Pedro\AppData\Local\Python\pythoncore-3.14-64\Lib\warnings.py
cfn=__enter__
calls=12 80
668 3100
cfl=C:\Users\Pedro\AppData\Local\Python\pythoncore-3.14-64\Lib\warnings.py
cfn=__exit__
calls=12 84
668 3400
cfl=~
cfn=<built-in method _warnings._filters_mutated_lock_held>
calls=12 0
668 1200

fl=C:\Users\Pedro\AppData\Local\Python\pythoncore-3.14-64\Lib\_weakrefset.py
fn=__init__
12 1600

fl=C:\Users\Pedro\AppData\Local\Python\pythoncore-3.14-64\Lib\_weakrefset.py
fn=add
45 3500
cfl=~
cfn=<method 'add' of 'set' objects>
calls=3 0
45 1100

fl=C:\Users\Pedro\AppData\Local\Python\pythoncore-3.14-64\Lib\annotationlib.py
fn=get_annotations
907 3100
cfl=C:\Users\Pedro\AppData\Local\Python\pythoncore-3.14-64\Lib\annotationlib.py
cfn=_get_dunder_annotations
calls=1 1131
907 1500

fl=C:\Users\Pedro\AppData\Local\Python\pythoncore-3.14-64\Lib\annotationlib.py
fn=_get_dunder_annotations
1131 800
cfl=~
cfn=<built-in method builtins.getattr>
calls=1 0
1131 400
cfl=~
cfn=<built-in method builtins.isinstance>
calls=2 0
1131 300

fl=C:\Users\Pedro\AppData\Local\Python\pythoncore-3.14-64\Lib\ast.py
fn=parse
26 7300
cfl=~
cfn=<built-in method builtins.compile>
calls=14 0
26 272600

fl=C:\Users\Pedro\AppData\Local\Python\pythoncore-3.14-64\Lib\asyncio\base_events.py
fn=_check_closed
548 700

fl=C:\Users\Pedro\AppData\Local\Python\pythoncore-3.14-64\Lib\asyncio\base_events.py
fn=time
766 7500
cfl=~
cfn=<built-in method time.monotonic>
calls=13 0
766 3200

fl=C:\Users\Pedro\AppData\Local\Python\pythoncore-3.14-64\Lib\asyncio\base_events.py
fn=call_later
775 5900
cfl=C:\Users\Pedro\AppData\Local\Python\pythoncore-3.14-64\Lib\asyncio\base_events.py
cfn=time
calls=2 766
775 700
cfl=C:\Users\Pedro\AppData\Local\Python\pythoncore-3.14-64\Lib\asyncio\base_events.py
cfn=call_at
calls=2 799
775 22600

fl=C:\Users\Pedro\AppData\Local\Python\pythoncore-3.14-64\Lib\asyncio\base_events.py
fn=call_at
799 6800
cfl=C:\Users\Pedro\AppData\Local\Python\pythoncore-3.14-64\Lib\asyncio\base_events.py
cfn=_check_closed
calls=2 548
799 500
cfl=C:\Users\Pedro\AppData\Local\Python\pythoncore-3.14-64\Lib\asyncio\events.py
cfn=__init__:146
calls=2 146
799 12500
cfl=~
cfn=<built-in method _heapq.heappush>
calls=2 0
799 2800

fl=C:\Users\Pedro\AppData\Local\Python\pythoncore-3.14-64\Lib\asyncio\base_events.py
fn=call_soon
817 1800
cfl=C:\Users\Pedro\AppData\Local\Python\pythoncore-3.14-64\Lib\asyncio\base_events.py
cfn=_check_closed
calls=1 548
817 200
cfl=C:\Users\Pedro\AppData\Local\Python\pythoncore-3.14-64\Lib\asyncio\base_events.py
cfn=_call_soon
calls=1 846
817 5200

fl=C:\Users\Pedro\AppData\Local\Python\pythoncore-3.14-64\Lib\asyncio\base_events.py
fn=_call_soon
846 2500
cfl=C:\Users\Pedro\AppData\Local\Python\pythoncore-3.14-64\Lib\asyncio\events.py
cfn=__init__:41
calls=1 41
846 2500
cfl=~
cfn=<method 'append' of 'collections.deque' objects>
calls=1 0
846 200

fl=C:\Users\Pedro\AppData\Local\Python\pythoncore-3.14-64\Lib\asyncio\base_events.py
fn=_add_callback
1951 1700
cfl=~
cfn=<method 'append' of 'collections.deque' objects>
calls=3 0
1951 500

fl=C:\Users\Pedro\AppData\Local\Python\pythoncore-3.14-64\Lib\asyncio\base_events.py
fn=_run_once
1966 43600
cfl=<frozen importlib._bootstrap>
cfn=__exit__:423
calls=1 423
1966 4300
cfl=<frozen importlib._bootstrap>
cfn=cb
calls=1 448
1966 1300
cfl=<frozen importlib._bootstrap>
cfn=_call_with_frames_removed
calls=1 483
1966 59800
cfl=C:\Users\Pedro\AppData\Local\Python\pythoncore-3.14-64\Lib\asyncio\base_events.py
cfn=time
calls=7 766
1966 3800
cfl=C:\Users\Pedro\AppData\Local\Python\pythoncore-3.14-64\Lib\asyncio\events.py
cfn=_run
calls=1 92
1966 0
cfl=C:\Users\Pedro\AppData\Local\Python\pythoncore-3.14-64\Lib\asyncio\selector_events.py
cfn=_process_events
calls=2 744
1966 2700
cfl=C:\Users\Pedro\AppData\Local\Python\pythoncore-3.14-64\Lib\selectors.py
cfn=select
calls=3 310
1966 0
cfl=~
cfn=<built-in method builtins.len>
calls=9 0
1966 1100
cfl=~
cfn=<method 'popleft' of 'collections.deque' objects>
calls=2 0
1966 400

fl=C:\Users\Pedro\AppData\Local\Python\pythoncore-3.14-64\Lib\asyncio\base_events.py
fn=get_debug
2064 400

fl=C:\Users\Pedro\AppData\Local\Python\pythoncore-3.14-64\Lib\asyncio\events.py
fn=__init__:41
41 8500
cfl=C:\Users\Pedro\AppData\Local\Python\pythoncore-3.14-64\Lib\asyncio\base_events.py
cfn=get_debug
calls=3 2064
41 400
cfl=~
cfn=<built-in method _contextvars.copy_context>
calls=3 0
41 1100

fl=C:\Users\Pedro\AppData\Local\Python\pythoncore-3.14-64\Lib\asyncio\events.py
fn=_run
92 13300
cfl=~
cfn=<built-in method builtins.setattr>
calls=1 0
92 800
cfl=~
cfn=<method 'pop' of 'list' objects>
calls=1 0
92 700
cfl=~
cfn=<method 'run' of '_contextvars.Context' objects>
calls=6 0
92 2087900

fl=C:\Users\Pedro\AppData\Local\Python\pythoncore-3.14-64\Lib\asyncio\events.py
fn=__init__:146
146 5000
cfl=C:\Users\Pedro\AppData\Local\Python\pythoncore-3.14-64\Lib\asyncio\events.py
cfn=__init__:41
calls=2 41
146 7500

fl=C:\Users\Pedro\AppData\Local\Python\pythoncore-3.14-64\Lib\asyncio\events.py
fn=__lt__
162 1700
cfl=~
cfn=<built-in method builtins.isinstance>
calls=3 0
162 400

fl=C:\Users\Pedro\AppData\Local\Python\pythoncore-3.14-64\Lib\asyncio\selector_events.py
fn=_process_events
744 7200
cfl=C:\Users\Pedro\AppData\Local\Python\pythoncore-3.14-64\Lib\asyncio\base_events.py
cfn=_add_callback
calls=3 1951
744 2200

fl=C:\Users\Pedro\AppData\Local\Python\pythoncore-3.14-64\Lib\cProfile.py
fn=__exit__
120 2400
cfl=~
cfn=<method 'disable' of '_lsprof.Profiler' objects>
calls=1 0
120 88000

fl=C:\Users\Pedro\AppData\Local\Python\pythoncore-3.14-64\Lib\collections\__init__.py
fn=namedtuple
361 32500
cfl=~
cfn=<built-in method builtins.eval>
calls=1 0
361 40400
cfl=~
cfn=<built-in method builtins.isinstance>
calls=1 0
361 200
cfl=~
cfn=<built-in method builtins.len>
calls=1 0
361 100
cfl=~
cfn=<built-in method sys._getframemodulename>
calls=1 0
361 200
cfl=~
cfn=<built-in method sys.intern>
calls=3 0
361 1100
cfl=~
cfn=<method '__contains__' of 'frozenset' objects>
calls=3 0
361 600
cfl=~
cfn=<method 'add' of 'set' objects>
calls=2 0
361 400
cfl=~
cfn=<method 'isidentifier' of 'str' objects>
calls=3 0
361 900
cfl=~
cfn=<method 'join' of 'str' objects>
calls=2 0
361 3300
cfl=~
cfn=<method 'startswith' of 'str' objects>
calls=2 0
361 300

fl=C:\Users\Pedro\AppData\Local\Python\pythoncore-3.14-64\Lib\collections\__init__.py
fn=<genexpr>
435 800

fl=C:\Users\Pedro\AppData\Local\Python\pythoncore-3.14-64\Lib\collections\__init__.py
fn=__missing__
616 200

fl=C:\Users\Pedro\AppData\Local\Python\pythoncore-3.14-64\Lib\contextlib.py
fn=__init__:108
108 1423900
cfl=~
cfn=<built-in method builtins.getattr>
calls=2999 0
108 323900

fl=C:\Users\Pedro\AppData\Local\Python\pythoncore-3.14-64\Lib\contextlib.py
fn=__enter__:136
136 1000500
cfl=~
cfn=<built-in method builtins.next>
calls=2999 0
136 9242700

fl=C:\Users\Pedro\AppData\Local\Python\pythoncore-3.14-64\Lib\contextlib.py
fn=__exit__:145
145 1750600
cfl=~
cfn=<built-in method builtins.next>
calls=40 0
145 139900
cfl=~
cfn=<method 'throw' of 'generator' objects>
calls=2960 0
145 7844700

fl=C:\Users\Pedro\AppData\Local\Python\pythoncore-3.14-64\Lib\contextlib.py
fn=helper
303 1150600
cfl=C:\Users\Pedro\AppData\Local\Python\pythoncore-3.14-64\Lib\contextlib.py
cfn=__init__:108
calls=2999 108
303 1747800

fl=C:\Users\Pedro\AppData\Local\Python\pythoncore-3.14-64\Lib\contextlib.py
fn=__init__:444
444 1500

fl=C:\Users\Pedro\AppData\Local\Python\pythoncore-3.14-64\Lib\contextlib.py
fn=__enter__:447
447 1400

fl=C:\Users\Pedro\AppData\Local\Python\pythoncore-3.14-64\Lib\contextlib.py
fn=__exit__:450
450 1800

fl=C:\Users\Pedro\AppData\Local\Python\pythoncore-3.14-64\Lib\contextlib.py
fn=_create_exit_wrapper
475 368100

fl=C:\Users\Pedro\AppData\Local\Python\pythoncore-3.14-64\Lib\contextlib.py
fn=__init__:485
485 393700

fl=C:\Users\Pedro\AppData\Local\Python\pythoncore-3.14-64\Lib\contextlib.py
fn=push
495 813000
cfl=C:\Users\Pedro\AppData\Local\Python\pythoncore-3.14-64\Lib\contextlib.py
cfn=_push_exit_callback
calls=611 552
495 247000

fl=C:\Users\Pedro\AppData\Local\Python\pythoncore-3.14-64\Lib\contextlib.py
fn=enter_context
515 1107900
cfl=C:\Users\Pedro\AppData\Local\Python\pythoncore-3.14-64\Lib\contextlib.py
cfn=__enter__:136
calls=1182 136
515 6024900
cfl=C:\Users\Pedro\AppData\Local\Python\pythoncore-3.14-64\Lib\contextlib.py
cfn=_push_cm_exit
calls=1774 547
515 1860800
cfl=c:\Users\Pedro\faculdade\IniciacaoCientifica\grn\.env\Lib\site-packages\numba\core\compiler_lock.py
cfn=__enter__
calls=591 19
515 2646900
cfl=~
cfn=<method '__enter__' of '_thread.RLock' objects>
calls=1 0
515 300

fl=C:\Users\Pedro\AppData\Local\Python\pythoncore-3.14-64\Lib\contextlib.py
fn=_push_cm_exit
547 816300
cfl=C:\Users\Pedro\AppData\Local\Python\pythoncore-3.14-64\Lib\contextlib.py
cfn=_create_exit_wrapper
calls=1774 475
547 368100
cfl=C:\Users\Pedro\AppData\Local\Python\pythoncore-3.14-64\Lib\contextlib.py
cfn=_push_exit_callback
calls=1774 552
547 676400

fl=C:\Users\Pedro\AppData\Local\Python\pythoncore-3.14-64\Lib\contextlib.py
fn=_push_exit_callback
552 636000
cfl=~
cfn=<method 'append' of 'collections.deque' objects>
calls=2385 0
552 287400

fl=C:\Users\Pedro\AppData\Local\Python\pythoncore-3.14-64\Lib\contextlib.py
fn=__enter__:568
568 115000

fl=C:\Users\Pedro\AppData\Local\Python\pythoncore-3.14-64\Lib\contextlib.py
fn=__exit__:571
571 2387800
cfl=C:\Users\Pedro\AppData\Local\Python\pythoncore-3.14-64\Lib\contextlib.py
cfn=__exit__:145
calls=1182 145
571 5132200
cfl=c:\Users\Pedro\faculdade\IniciacaoCientifica\grn\.env\Lib\site-packages\numba\core\compiler_lock.py
cfn=__exit__
calls=591 22
571 2723000
cfl=c:\Users\Pedro\faculdade\IniciacaoCientifica\grn\.env\Lib\site-packages\numba\core\event.py
cfn=on_exit
calls=609 436
571 1415500
cfl=c:\Users\Pedro\faculdade\IniciacaoCientifica\grn\.env\Lib\site-packages\numba\core\typing\context.py
cfn=clear_fail_cache
calls=1 76
571 700
cfl=c:\Users\Pedro\faculdade\IniciacaoCientifica\grn\.env\Lib\site-packages\numba\core\typing\context.py
cfn=undo_stack
calls=1 89
571 1000
cfl=~
cfn=<built-in method sys.exception>
calls=1201 0
571 128300
cfl=~
cfn=<method 'pop' of 'collections.deque' objects>
calls=2385 0
571 311100

fl=C:\Users\Pedro\AppData\Local\Python\pythoncore-3.14-64\Lib\copy.py
fn=copy
62 867000
cfl=C:\Users\Pedro\AppData\Local\Python\pythoncore-3.14-64\Lib\copy.py
cfn=_reconstruct
calls=1 228
62 6400
cfl=~
cfn=<built-in method builtins.getattr>
calls=1184 0
62 158200
cfl=~
cfn=<built-in method builtins.isinstance>
calls=1 0
62 200
cfl=~
cfn=<built-in method builtins.issubclass>
calls=1183 0
62 114300
cfl=~
cfn=<method '__copy__' of 'numpy.ndarray' objects>
calls=1182 0
62 449400
cfl=~
cfn=<method '__reduce_ex__' of 'object' objects>
calls=1 0
62 2800
cfl=~
cfn=<method 'get' of 'dict' objects>
calls=1 0
62 300

fl=C:\Users\Pedro\AppData\Local\Python\pythoncore-3.14-64\Lib\copy.py
fn=deepcopy
110 10700500
cfl=C:\Users\Pedro\AppData\Local\Python\pythoncore-3.14-64\Lib\copy.py
cfn=_deepcopy_dict
calls=7683 198
110 27331700
cfl=C:\Users\Pedro\AppData\Local\Python\pythoncore-3.14-64\Lib\copy.py
cfn=_keep_alive
calls=7683 212
110 4127300
cfl=~
cfn=<built-in method builtins.id>
calls=7683 0
110 585500
cfl=~
cfn=<method 'get' of 'dict' objects>
calls=14775 0
110 1471500

fl=C:\Users\Pedro\AppData\Local\Python\pythoncore-3.14-64\Lib\copy.py
fn=_deepcopy_dict
198 10054500
cfl=C:\Users\Pedro\AppData\Local\Python\pythoncore-3.14-64\Lib\copy.py
cfn=deepcopy
calls=44916 110
198 25809100
cfl=~
cfn=<built-in method builtins.id>
calls=7683 0
198 547600
cfl=~
cfn=<method 'items' of 'dict' objects>
calls=7683 0
198 860500

fl=C:\Users\Pedro\AppData\Local\Python\pythoncore-3.14-64\Lib\copy.py
fn=_keep_alive
212 2790600
cfl=~
cfn=<built-in method builtins.id>
calls=8274 0
212 612200
cfl=~
cfn=<method 'append' of 'list' objects>
calls=7092 0
212 724500

fl=C:\Users\Pedro\AppData\Local\Python\pythoncore-3.14-64\Lib\copy.py
fn=_reconstruct
228 3100
cfl=C:\Users\Pedro\AppData\Local\Python\pythoncore-3.14-64\Lib\copyreg.py
cfn=__newobj__
calls=1 103
228 1200
cfl=~
cfn=<built-in method builtins.hasattr>
calls=1 0
228 200
cfl=~
cfn=<built-in method builtins.isinstance>
calls=1 0
228 100
cfl=~
cfn=<method 'update' of 'dict' objects>
calls=1 0
228 1800

fl=C:\Users\Pedro\AppData\Local\Python\pythoncore-3.14-64\Lib\copyreg.py
fn=__newobj__
103 800
cfl=~
cfn=<built-in method __new__ of type object at 0x00007FFE69354D90>
calls=1 0
103 400

fl=C:\Users\Pedro\AppData\Local\Python\pythoncore-3.14-64\Lib\dataclasses.py
fn=is_dataclass
1468 5400
cfl=~
cfn=<built-in method builtins.hasattr>
calls=2 0
1468 800
cfl=~
cfn=<built-in method builtins.isinstance>
calls=2 0
1468 300

fl=C:\Users\Pedro\AppData\Local\Python\pythoncore-3.14-64\Lib\dis.py
fn=_get_code_object
191 2900
cfl=~
cfn=<built-in method builtins.hasattr>
calls=12 0
191 2200
cfl=~
cfn=<built-in method builtins.isinstance>
calls=2 0
191 900

fl=C:\Users\Pedro\AppData\Local\Python\pythoncore-3.14-64\Lib\dis.py
fn=_deoptop
214 33200

fl=C:\Users\Pedro\AppData\Local\Python\pythoncore-3.14-64\Lib\dis.py
fn=_get_cache_size
339 52000
cfl=~
cfn=<method 'get' of 'dict' objects>
calls=343 0
339 24700

fl=C:\Users\Pedro\AppData\Local\Python\pythoncore-3.14-64\Lib\dis.py
fn=_get_jump_target
342 46700
cfl=C:\Users\Pedro\AppData\Local\Python\pythoncore-3.14-64\Lib\dis.py
cfn=_deoptop
calls=105 214
342 9700
cfl=C:\Users\Pedro\AppData\Local\Python\pythoncore-3.14-64\Lib\dis.py
cfn=_get_cache_size
calls=105 339
342 23400
cfl=C:\Users\Pedro\AppData\Local\Python\pythoncore-3.14-64\Lib\dis.py
cfn=_is_backward_jump
calls=2 749
342 1100

fl=C:\Users\Pedro\AppData\Local\Python\pythoncore-3.14-64\Lib\dis.py
fn=_parse_varint
724 700
cfl=~
cfn=<built-in method builtins.next>
calls=2 0
724 500

fl=C:\Users\Pedro\AppData\Local\Python\pythoncore-3.14-64\Lib\dis.py
fn=_parse_exception_table
733 3000
cfl=C:\Users\Pedro\AppData\Local\Python\pythoncore-3.14-64\Lib\dis.py
cfn=_parse_varint
calls=2 724
733 1200
cfl=~
cfn=<built-in method builtins.iter>
calls=2 0
733 400

fl=C:\Users\Pedro\AppData\Local\Python\pythoncore-3.14-64\Lib\dis.py
fn=_is_backward_jump
749 1100

fl=C:\Users\Pedro\AppData\Local\Python\pythoncore-3.14-64\Lib\dis.py
fn=_unpack_opargs
934 168900
cfl=C:\Users\Pedro\AppData\Local\Python\pythoncore-3.14-64\Lib\dis.py
cfn=_deoptop
calls=238 214
934 23500
cfl=C:\Users\Pedro\AppData\Local\Python\pythoncore-3.14-64\Lib\dis.py
cfn=_get_cache_size
calls=238 339
934 53300
cfl=~
cfn=<built-in method builtins.len>
calls=2 0
934 400

fl=C:\Users\Pedro\AppData\Local\Python\pythoncore-3.14-64\Lib\dis.py
fn=findlabels
965 35100
cfl=C:\Users\Pedro\AppData\Local\Python\pythoncore-3.14-64\Lib\dis.py
cfn=_get_jump_target
calls=105 342
965 80900
cfl=C:\Users\Pedro\AppData\Local\Python\pythoncore-3.14-64\Lib\dis.py
cfn=_unpack_opargs
calls=120 934
965 126700
cfl=~
cfn=<method 'append' of 'list' objects>
calls=2 0
965 200

fl=C:\Users\Pedro\AppData\Local\Python\pythoncore-3.14-64\Lib\dis.py
fn=findlinestarts
981 12700
cfl=~
cfn=<method 'co_lines' of 'code' objects>
calls=3 0
981 800

fl=C:\Users\Pedro\AppData\Local\Python\pythoncore-3.14-64\Lib\dis.py
fn=__init__
1042 11000
cfl=C:\Users\Pedro\AppData\Local\Python\pythoncore-3.14-64\Lib\dis.py
cfn=_get_code_object
calls=2 191
1042 6000
cfl=C:\Users\Pedro\AppData\Local\Python\pythoncore-3.14-64\Lib\dis.py
cfn=_parse_exception_table
calls=2 733
1042 4600
cfl=C:\Users\Pedro\AppData\Local\Python\pythoncore-3.14-64\Lib\dis.py
cfn=findlinestarts
calls=26 981
1042 5000

fl=C:\Users\Pedro\AppData\Local\Python\pythoncore-3.14-64\Lib\encodings\cp1252.py
fn=encode
18 7500
cfl=~
cfn=<built-in method _codecs.charmap_encode>
calls=7 0
18 11000

fl=C:\Users\Pedro\AppData\Local\Python\pythoncore-3.14-64\Lib\enum.py
fn=__get__
187 4100
cfl=C:\Users\Pedro\AppData\Local\Python\pythoncore-3.14-64\Lib\enum.py
cfn=name
calls=2 1319
187 1100
cfl=C:\Users\Pedro\AppData\Local\Python\pythoncore-3.14-64\Lib\enum.py
cfn=value
calls=3 1324
187 1100

fl=C:\Users\Pedro\AppData\Local\Python\pythoncore-3.14-64\Lib\enum.py
fn=__call__
677 33000
cfl=C:\Users\Pedro\AppData\Local\Python\pythoncore-3.14-64\Lib\enum.py
cfn=__new__
calls=58 1146
677 17800

fl=C:\Users\Pedro\AppData\Local\Python\pythoncore-3.14-64\Lib\enum.py
fn=__new__
1146 17800

fl=C:\Users\Pedro\AppData\Local\Python\pythoncore-3.14-64\Lib\enum.py
fn=name
1319 1100

fl=C:\Users\Pedro\AppData\Local\Python\pythoncore-3.14-64\Lib\enum.py
fn=value
1324 1100

fl=C:\Users\Pedro\AppData\Local\Python\pythoncore-3.14-64\Lib\enum.py
fn=_get_value
1576 33100
cfl=~
cfn=<built-in method builtins.isinstance>
calls=160 0
1576 18200

fl=C:\Users\Pedro\AppData\Local\Python\pythoncore-3.14-64\Lib\enum.py
fn=__or__
1583 25700
cfl=C:\Users\Pedro\AppData\Local\Python\pythoncore-3.14-64\Lib\enum.py
cfn=__call__
calls=17 677
1583 11400
cfl=C:\Users\Pedro\AppData\Local\Python\pythoncore-3.14-64\Lib\enum.py
cfn=_get_value
calls=51 1576
1583 26200

fl=C:\Users\Pedro\AppData\Local\Python\pythoncore-3.14-64\Lib\enum.py
fn=__and__
1594 21700
cfl=C:\Users\Pedro\AppData\Local\Python\pythoncore-3.14-64\Lib\enum.py
cfn=__call__
calls=15 677
1594 10400
cfl=C:\Users\Pedro\AppData\Local\Python\pythoncore-3.14-64\Lib\enum.py
cfn=_get_value
calls=45 1576
1594 25100

fl=C:\Users\Pedro\AppData\Local\Python\pythoncore-3.14-64\Lib\functools.py
fn=_unwrap_partial
500 600
cfl=~
cfn=<built-in method builtins.isinstance>
calls=2 0
500 0

fl=C:\Users\Pedro\AppData\Local\Python\pythoncore-3.14-64\Lib\functools.py
fn=_unwrap_partialmethod
505 2900
cfl=C:\Users\Pedro\AppData\Local\Python\pythoncore-3.14-64\Lib\functools.py
cfn=_unwrap_partial
calls=1 500
505 300
cfl=~
cfn=<built-in method builtins.getattr>
calls=1 0
505 100
cfl=~
cfn=<built-in method builtins.isinstance>
calls=2 0
505 300

fl=C:\Users\Pedro\AppData\Local\Python\pythoncore-3.14-64\Lib\functools.py
fn=_c3_merge
735 12400
cfl=~
cfn=<method 'append' of 'list' objects>
calls=12 0
735 1300

fl=C:\Users\Pedro\AppData\Local\Python\pythoncore-3.14-64\Lib\functools.py
fn=_c3_mro
762 23400
cfl=C:\Users\Pedro\AppData\Local\Python\pythoncore-3.14-64\Lib\functools.py
cfn=_c3_merge
calls=7 735
762 13700
cfl=C:\Users\Pedro\AppData\Local\Python\pythoncore-3.14-64\Lib\functools.py
cfn=_c3_mro
calls=4 762
762 19600
cfl=~
cfn=<built-in method builtins.hasattr>
calls=4 0
762 2300

fl=C:\Users\Pedro\AppData\Local\Python\pythoncore-3.14-64\Lib\functools.py
fn=_compose_mro
807 32800
cfl=C:\Users\Pedro\AppData\Local\Python\pythoncore-3.14-64\Lib\functools.py
cfn=_c3_mro
calls=3 762
807 39400
cfl=C:\Users\Pedro\AppData\Local\Python\pythoncore-3.14-64\Lib\functools.py
cfn=is_related
calls=102 816
807 571500

fl=C:\Users\Pedro\AppData\Local\Python\pythoncore-3.14-64\Lib\functools.py
fn=is_related
816 40900
cfl=~
cfn=<built-in method builtins.hasattr>
calls=98 0
816 15900
cfl=~
cfn=<built-in method builtins.isinstance>
calls=98 0
816 10400
cfl=~
cfn=<built-in method builtins.issubclass>
calls=98 0
816 504300

fl=C:\Users\Pedro\AppData\Local\Python\pythoncore-3.14-64\Lib\functools.py
fn=_find_impl
849 9100
cfl=C:\Users\Pedro\AppData\Local\Python\pythoncore-3.14-64\Lib\functools.py
cfn=_compose_mro
calls=3 807
849 643700
cfl=~
cfn=<method 'get' of 'dict' objects>
calls=3 0
849 700
cfl=~
cfn=<method 'keys' of 'dict' objects>
calls=3 0
849 800

fl=C:\Users\Pedro\AppData\Local\Python\pythoncore-3.14-64\Lib\functools.py
fn=dispatch
893 2274000
cfl=C:\Users\Pedro\AppData\Local\Python\pythoncore-3.14-64\Lib\functools.py
cfn=_find_impl
calls=3 849
893 654300
cfl=C:\Users\Pedro\AppData\Local\Python\pythoncore-3.14-64\Lib\weakref.py
cfn=__getitem__
calls=5915 325
893 1450600
cfl=C:\Users\Pedro\AppData\Local\Python\pythoncore-3.14-64\Lib\weakref.py
cfn=__setitem__
calls=6 334
893 4000
cfl=~
cfn=<built-in method _abc.get_cache_token>
calls=5915 0
893 559600

fl=C:\Users\Pedro\AppData\Local\Python\pythoncore-3.14-64\Lib\functools.py
fn=wrapper
978 3346700
cfl=C:\Users\Pedro\AppData\Local\Python\pythoncore-3.14-64\Lib\functools.py
cfn=dispatch
calls=5915 893
978 4942500
cfl=c:\Users\Pedro\faculdade\IniciacaoCientifica\grn\.env\Lib\site-packages\numba\core\typing\typeof.py
cfn=typeof_impl
calls=2 41
978 44200
cfl=c:\Users\Pedro\faculdade\IniciacaoCientifica\grn\.env\Lib\site-packages\numba\core\typing\typeof.py
cfn=_typeof_type
calls=2 90
978 344400
cfl=c:\Users\Pedro\faculdade\IniciacaoCientifica\grn\.env\Lib\site-packages\numba\core\typing\typeof.py
cfn=_typeof_float
calls=1182 124
978 147000
cfl=c:\Users\Pedro\faculdade\IniciacaoCientifica\grn\.env\Lib\site-packages\numba\core\typing\typeof.py
cfn=_typeof_ndarray
calls=3547 246
978 43033100
cfl=c:\Users\Pedro\faculdade\IniciacaoCientifica\grn\.env\Lib\site-packages\numba\experimental\jitclass\boxing.py
cfn=_typeof_jitclass_box
calls=1182 273
978 476500

fl=C:\Users\Pedro\AppData\Local\Python\pythoncore-3.14-64\Lib\functools.py
fn=__get__
1110 53100
cfl=c:\Users\Pedro\faculdade\IniciacaoCientifica\grn\.env\Lib\site-packages\numba\core\controlflow.py
cfn=_exit_points
calls=1 206
1110 3500
cfl=c:\Users\Pedro\faculdade\IniciacaoCientifica\grn\.env\Lib\site-packages\numba\core\controlflow.py
cfn=_doms
calls=1 210
1110 8800
cfl=c:\Users\Pedro\faculdade\IniciacaoCientifica\grn\.env\Lib\site-packages\numba\core\controlflow.py
cfn=_back_edges
calls=14 214
1110 169500
cfl=c:\Users\Pedro\faculdade\IniciacaoCientifica\grn\.env\Lib\site-packages\numba\core\controlflow.py
cfn=_topo_order
calls=6 218
1110 131100
cfl=c:\Users\Pedro\faculdade\IniciacaoCientifica\grn\.env\Lib\site-packages\numba\core\controlflow.py
cfn=_loops
calls=7 226
1110 161200
cfl=c:\Users\Pedro\faculdade\IniciacaoCientifica\grn\.env\Lib\site-packages\numba\core\controlflow.py
cfn=_in_loops
calls=1 230
1110 8900
cfl=c:\Users\Pedro\faculdade\IniciacaoCientifica\grn\.env\Lib\site-packages\numba\core\controlflow.py
cfn=_post_doms
calls=1 234
1110 111000
cfl=c:\Users\Pedro\faculdade\IniciacaoCientifica\grn\.env\Lib\site-packages\numba\core\controlflow.py
cfn=_idom
calls=1 238
1110 34400
cfl=c:\Users\Pedro\faculdade\IniciacaoCientifica\grn\.env\Lib\site-packages\numba\core\controlflow.py
cfn=_df
calls=1 242
1110 42900
cfl=c:\Users\Pedro\faculdade\IniciacaoCientifica\grn\.env\Lib\site-packages\numba\core\postproc.py
cfn=cfg
calls=5 38
1110 93100
cfl=c:\Users\Pedro\faculdade\IniciacaoCientifica\grn\.env\Lib\site-packages\numba\core\postproc.py
cfn=usedefs
calls=5 42
1110 4729100
cfl=c:\Users\Pedro\faculdade\IniciacaoCientifica\grn\.env\Lib\site-packages\numba\core\postproc.py
cfn=livemap
calls=5 46
1110 432800
cfl=c:\Users\Pedro\faculdade\IniciacaoCientifica\grn\.env\Lib\site-packages\numba\core\postproc.py
cfn=deadmaps
calls=5 52
1110 801600
cfl=~
cfn=<method 'get' of 'dict' objects>
calls=53 0
1110 7700

fl=C:\Users\Pedro\AppData\Local\Python\pythoncore-3.14-64\Lib\hmac.py
fn=update
149 7100
cfl=<frozen codecs>
cfn=__init__:312
calls=1 312
149 1300
cfl=C:\Users\Pedro\AppData\Local\Python\pythoncore-3.14-64\Lib\tokenize.py
cfn=open
calls=0 457
149 0
cfl=c:\Users\Pedro\faculdade\IniciacaoCientifica\grn\.env\Lib\site-packages\ipykernel\iostream.py
cfn=send_multipart
calls=0 343
149 0
cfl=c:\Users\Pedro\faculdade\IniciacaoCientifica\grn\.env\Lib\site-packages\traitlets\traitlets.py
cfn=__get__
calls=1 695
149 500
cfl=~
cfn=<built-in method builtins.len>
calls=7 0
149 700
cfl=~
cfn=<built-in method builtins.max>
calls=1 0
149 600
cfl=~
cfn=<method 'extend' of 'list' objects>
calls=1 0
149 200
cfl=~
cfn=<method 'seek' of '_io.BufferedReader' objects>
calls=1 0
149 700
cfl=~
cfn=<method 'update' of '_hashlib.HMAC' objects>
calls=7 0
149 2200

fl=C:\Users\Pedro\AppData\Local\Python\pythoncore-3.14-64\Lib\hmac.py
fn=copy
154 3200
cfl=~
cfn=<built-in method __new__ of type object at 0x00007FFE69354D90>
calls=2 0
154 600
cfl=~
cfn=<method 'copy' of '_hashlib.HMAC' objects>
calls=2 0
154 8900

fl=C:\Users\Pedro\AppData\Local\Python\pythoncore-3.14-64\Lib\hmac.py
fn=_current
172 300

fl=C:\Users\Pedro\AppData\Local\Python\pythoncore-3.14-64\Lib\hmac.py
fn=hexdigest
194 2800
cfl=C:\Users\Pedro\AppData\Local\Python\pythoncore-3.14-64\Lib\hmac.py
cfn=_current
calls=2 172
194 300
cfl=~
cfn=<method 'hexdigest' of '_hashlib.HMAC' objects>
calls=2 0
194 5100

fl=C:\Users\Pedro\AppData\Local\Python\pythoncore-3.14-64\Lib\importlib\__init__.py
fn=import_module
71 8900
cfl=<frozen importlib._bootstrap>
cfn=_gcd_import
calls=12 1386
71 42800
cfl=~
cfn=<method 'startswith' of 'str' objects>
calls=12 0
71 1300

fl=C:\Users\Pedro\AppData\Local\Python\pythoncore-3.14-64\Lib\inspect.py
fn=ismodule
180 300
cfl=~
cfn=<built-in method builtins.isinstance>
calls=1 0
180 200

fl=C:\Users\Pedro\AppData\Local\Python\pythoncore-3.14-64\Lib\inspect.py
fn=isclass
184 6000
cfl=~
cfn=<built-in method builtins.isinstance>
calls=27 0
184 2000

fl=C:\Users\Pedro\AppData\Local\Python\pythoncore-3.14-64\Lib\inspect.py
fn=ismethod
188 300
cfl=~
cfn=<built-in method builtins.isinstance>
calls=1 0
188 0

fl=C:\Users\Pedro\AppData\Local\Python\pythoncore-3.14-64\Lib\inspect.py
fn=isfunction
267 900
cfl=~
cfn=<built-in method builtins.isinstance>
calls=3 0
267 300

fl=C:\Users\Pedro\AppData\Local\Python\pythoncore-3.14-64\Lib\inspect.py
fn=_has_code_flag
285 3200
cfl=C:\Users\Pedro\AppData\Local\Python\pythoncore-3.14-64\Lib\functools.py
cfn=_unwrap_partial
calls=1 500
285 300
cfl=C:\Users\Pedro\AppData\Local\Python\pythoncore-3.14-64\Lib\functools.py
cfn=_unwrap_partialmethod
calls=1 505
285 3600
cfl=C:\Users\Pedro\AppData\Local\Python\pythoncore-3.14-64\Lib\inspect.py
cfn=ismethod
calls=1 188
285 300
cfl=C:\Users\Pedro\AppData\Local\Python\pythoncore-3.14-64\Lib\inspect.py
cfn=isfunction
calls=1 267
285 300

fl=C:\Users\Pedro\AppData\Local\Python\pythoncore-3.14-64\Lib\inspect.py
fn=isgeneratorfunction
298 1200
cfl=C:\Users\Pedro\AppData\Local\Python\pythoncore-3.14-64\Lib\inspect.py
cfn=_has_code_flag
calls=1 285
298 7700

fl=C:\Users\Pedro\AppData\Local\Python\pythoncore-3.14-64\Lib\inspect.py
fn=unwrap
663 3000
cfl=~
cfn=<built-in method builtins.hasattr>
calls=1 0
663 200
cfl=~
cfn=<built-in method builtins.id>
calls=1 0
663 100
cfl=~
cfn=<built-in method builtins.isinstance>
calls=1 0
663 0
cfl=~
cfn=<built-in method sys.getrecursionlimit>
calls=1 0
663 300

fl=C:\Users\Pedro\AppData\Local\Python\pythoncore-3.14-64\Lib\inspect.py
fn=getmodule
898 1400
cfl=C:\Users\Pedro\AppData\Local\Python\pythoncore-3.14-64\Lib\inspect.py
cfn=ismodule
calls=1 180
898 500
cfl=~
cfn=<built-in method builtins.hasattr>
calls=1 0
898 400
cfl=~
cfn=<method 'get' of 'dict' objects>
calls=1 0
898 400

fl=C:\Users\Pedro\AppData\Local\Python\pythoncore-3.14-64\Lib\inspect.py
fn=_signature_from_function
2307 23600
cfl=C:\Users\Pedro\AppData\Local\Python\pythoncore-3.14-64\Lib\annotationlib.py
cfn=get_annotations
calls=1 907
2307 4600
cfl=C:\Users\Pedro\AppData\Local\Python\pythoncore-3.14-64\Lib\inspect.py
cfn=isfunction
calls=1 267
2307 400
cfl=C:\Users\Pedro\AppData\Local\Python\pythoncore-3.14-64\Lib\inspect.py
cfn=__init__:2680
calls=5 2680
2307 16100
cfl=C:\Users\Pedro\AppData\Local\Python\pythoncore-3.14-64\Lib\inspect.py
cfn=__init__:2972
calls=1 2972
2307 8700
cfl=~
cfn=<built-in method builtins.getattr>
calls=1 0
2307 400
cfl=~
cfn=<method 'append' of 'list' objects>
calls=5 0
2307 800
cfl=~
cfn=<method 'get' of 'dict' objects>
calls=6 0
2307 800

fl=C:\Users\Pedro\AppData\Local\Python\pythoncore-3.14-64\Lib\inspect.py
fn=_signature_from_callable
2413 14300
cfl=C:\Users\Pedro\AppData\Local\Python\pythoncore-3.14-64\Lib\inspect.py
cfn=isfunction
calls=1 267
2413 500
cfl=C:\Users\Pedro\AppData\Local\Python\pythoncore-3.14-64\Lib\inspect.py
cfn=unwrap
calls=1 663
2413 3600
cfl=C:\Users\Pedro\AppData\Local\Python\pythoncore-3.14-64\Lib\inspect.py
cfn=_signature_from_function
calls=1 2307
2413 55400
cfl=~
cfn=<built-in method builtins.callable>
calls=1 0
2413 100
cfl=~
cfn=<built-in method builtins.isinstance>
calls=3 0
2413 400

fl=C:\Users\Pedro\AppData\Local\Python\pythoncore-3.14-64\Lib\inspect.py
fn=__init__:2680
2680 8900
cfl=C:\Users\Pedro\AppData\Local\Python\pythoncore-3.14-64\Lib\enum.py
cfn=__call__
calls=5 677
2680 4300
cfl=~
cfn=<built-in method builtins.isinstance>
calls=5 0
2680 300
cfl=~
cfn=<method '__contains__' of 'frozenset' objects>
calls=5 0
2680 1200
cfl=~
cfn=<method 'isidentifier' of 'str' objects>
calls=5 0
2680 1400

fl=C:\Users\Pedro\AppData\Local\Python\pythoncore-3.14-64\Lib\inspect.py
fn=name
2733 700

fl=C:\Users\Pedro\AppData\Local\Python\pythoncore-3.14-64\Lib\inspect.py
fn=__init__:2972
2972 5300
cfl=C:\Users\Pedro\AppData\Local\Python\pythoncore-3.14-64\Lib\inspect.py
cfn=<genexpr>
calls=6 3027
2972 3400

fl=C:\Users\Pedro\AppData\Local\Python\pythoncore-3.14-64\Lib\inspect.py
fn=<genexpr>
3027 2700
cfl=C:\Users\Pedro\AppData\Local\Python\pythoncore-3.14-64\Lib\inspect.py
cfn=name
calls=5 2733
3027 700

fl=C:\Users\Pedro\AppData\Local\Python\pythoncore-3.14-64\Lib\inspect.py
fn=from_callable
3032 9100
cfl=C:\Users\Pedro\AppData\Local\Python\pythoncore-3.14-64\Lib\inspect.py
cfn=_signature_from_callable
calls=1 2413
3032 74300

fl=C:\Users\Pedro\AppData\Local\Python\pythoncore-3.14-64\Lib\inspect.py
fn=parameters
3042 300

fl=C:\Users\Pedro\AppData\Local\Python\pythoncore-3.14-64\Lib\inspect.py
fn=signature
3319 2200
cfl=C:\Users\Pedro\AppData\Local\Python\pythoncore-3.14-64\Lib\inspect.py
cfn=from_callable
calls=1 3032
3319 83400

fl=C:\Users\Pedro\AppData\Local\Python\pythoncore-3.14-64\Lib\json\__init__.py
fn=dumps
185 17900
cfl=C:\Users\Pedro\AppData\Local\Python\pythoncore-3.14-64\Lib\json\encoder.py
cfn=__init__
calls=8 105
185 2800
cfl=C:\Users\Pedro\AppData\Local\Python\pythoncore-3.14-64\Lib\json\encoder.py
cfn=encode
calls=8 185
185 957400

fl=C:\Users\Pedro\AppData\Local\Python\pythoncore-3.14-64\Lib\json\encoder.py
fn=__init__
105 2800

fl=C:\Users\Pedro\AppData\Local\Python\pythoncore-3.14-64\Lib\json\encoder.py
fn=encode
185 13700
cfl=C:\Users\Pedro\AppData\Local\Python\pythoncore-3.14-64\Lib\json\encoder.py
cfn=iterencode
calls=8 207
185 940300
cfl=~
cfn=<built-in method builtins.isinstance>
calls=16 0
185 2200
cfl=~
cfn=<method 'join' of 'str' objects>
calls=8 0
185 1200

fl=C:\Users\Pedro\AppData\Local\Python\pythoncore-3.14-64\Lib\json\encoder.py
fn=iterencode
207 915900
cfl=c:\Users\Pedro\faculdade\IniciacaoCientifica\grn\.env\Lib\site-packages\jupyter_client\jsonutil.py
cfn=json_default
calls=4 108
207 24400

fl=C:\Users\Pedro\AppData\Local\Python\pythoncore-3.14-64\Lib\linecache.py
fn=getline
22 30300
cfl=C:\Users\Pedro\AppData\Local\Python\pythoncore-3.14-64\Lib\asyncio\base_events.py
cfn=time
calls=1 766
22 1700
cfl=C:\Users\Pedro\AppData\Local\Python\pythoncore-3.14-64\Lib\asyncio\events.py
cfn=_run
calls=2 92
22 1735800
cfl=C:\Users\Pedro\AppData\Local\Python\pythoncore-3.14-64\Lib\asyncio\selector_events.py
cfn=_process_events
calls=1 744
22 300
cfl=C:\Users\Pedro\AppData\Local\Python\pythoncore-3.14-64\Lib\linecache.py
cfn=getlines
calls=22 32
22 380100
cfl=C:\Users\Pedro\AppData\Local\Python\pythoncore-3.14-64\Lib\traceback.py
cfn=line
calls=1 373
22 18400
cfl=c:\Users\Pedro\faculdade\IniciacaoCientifica\grn\.env\Lib\site-packages\traitlets\traitlets.py
cfn=__get__
calls=1 695
22 1600
cfl=~
cfn=<built-in method _heapq.heappop>
calls=2 0
22 3900
cfl=~
cfn=<built-in method builtins.len>
calls=23 0
22 1800
cfl=~
cfn=<method 'append' of 'collections.deque' objects>
calls=2 0
22 400
cfl=~
cfn=<method 'popleft' of 'collections.deque' objects>
calls=2 0
22 600

fl=C:\Users\Pedro\AppData\Local\Python\pythoncore-3.14-64\Lib\linecache.py
fn=getlines
32 50300
cfl=<frozen importlib._bootstrap>
cfn=_verbose_message
calls=3 494
32 600
cfl=<frozen importlib._bootstrap>
cfn=__init__:602
calls=1 602
32 500
cfl=<frozen importlib._bootstrap_external>
cfn=_relax_case
calls=1 67
32 1200
cfl=<frozen importlib._bootstrap_external>
cfn=_path_join
calls=3 101
32 30200
cfl=<frozen importlib._bootstrap_external>
cfn=_path_isfile
calls=0 164
32 0
cfl=C:\Users\Pedro\AppData\Local\Python\pythoncore-3.14-64\Lib\linecache.py
cfn=updatecache
calls=2 106
32 651600
cfl=~
cfn=<built-in method builtins.len>
calls=36 0
32 3000
cfl=~
cfn=<method '__enter__' of '_io._IOBase' objects>
calls=1 0
32 400
cfl=~
cfn=<method '__exit__' of '_io._IOBase' objects>
calls=1 0
32 6400
cfl=~
cfn=<method 'endswith' of 'str' objects>
calls=1 0
32 200
cfl=~
cfn=<method 'get' of 'dict' objects>
calls=38 0
32 6900
cfl=~
cfn=<method 'partition' of 'str' objects>
calls=1 0
32 300
cfl=~
cfn=<method 'readlines' of '_io._IOBase' objects>
calls=1 0
32 122200
cfl=~
cfn=<method 'strip' of 'str' objects>
calls=1 0
32 200

fl=C:\Users\Pedro\AppData\Local\Python\pythoncore-3.14-64\Lib\linecache.py
fn=_source_unavailable
64 4000
cfl=~
cfn=<method 'startswith' of 'str' objects>
calls=7 0
64 900

fl=C:\Users\Pedro\AppData\Local\Python\pythoncore-3.14-64\Lib\linecache.py
fn=checkcache
74 2600
cfl=~
cfn=<built-in method builtins.len>
calls=5 0
74 300
cfl=~
cfn=<method 'get' of 'dict' objects>
calls=5 0
74 700

fl=C:\Users\Pedro\AppData\Local\Python\pythoncore-3.14-64\Lib\linecache.py
fn=updatecache
106 45100
cfl=<frozen codecs>
cfn=__init__:312
calls=1 312
106 400
cfl=C:\Users\Pedro\AppData\Local\Python\pythoncore-3.14-64\Lib\linecache.py
cfn=_source_unavailable
calls=7 64
106 4900
cfl=C:\Users\Pedro\AppData\Local\Python\pythoncore-3.14-64\Lib\tokenize.py
cfn=open
calls=2 457
106 203800
cfl=~
cfn=<built-in method nt.stat>
calls=5 0
106 129800
cfl=~
cfn=<method '__enter__' of '_io._IOBase' objects>
calls=2 0
106 1800
cfl=~
cfn=<method '__exit__' of '_io._IOBase' objects>
calls=2 0
106 21700
cfl=~
cfn=<method 'endswith' of 'str' objects>
calls=2 0
106 600
cfl=~
cfn=<method 'pop' of 'dict' objects>
calls=7 0
106 1700
cfl=~
cfn=<method 'readlines' of '_io._IOBase' objects>
calls=2 0
106 270900
cfl=~
cfn=<method 'seek' of '_io.BufferedReader' objects>
calls=1 0
106 200
cfl=~
cfn=<method 'startswith' of 'str' objects>
calls=7 0
106 800

fl=C:\Users\Pedro\AppData\Local\Python\pythoncore-3.14-64\Lib\linecache.py
fn=lazycache
200 7000
cfl=C:\Users\Pedro\AppData\Local\Python\pythoncore-3.14-64\Lib\linecache.py
cfn=_make_lazycache_entry
calls=5 224
200 11700
cfl=~
cfn=<built-in method builtins.len>
calls=2 0
200 200
cfl=~
cfn=<method 'get' of 'dict' objects>
calls=7 0
200 1100

fl=C:\Users\Pedro\AppData\Local\Python\pythoncore-3.14-64\Lib\linecache.py
fn=_make_lazycache_entry
224 7000
cfl=~
cfn=<built-in method builtins.getattr>
calls=15 0
224 3100
cfl=~
cfn=<method 'get' of 'dict' objects>
calls=5 0
224 1100
cfl=~
cfn=<method 'startswith' of 'str' objects>
calls=5 0
224 500

fl=C:\Users\Pedro\AppData\Local\Python\pythoncore-3.14-64\Lib\logging\__init__.py
fn=getLevelName
129 3000
cfl=~
cfn=<method 'get' of 'dict' objects>
calls=7 0
129 1800

fl=C:\Users\Pedro\AppData\Local\Python\pythoncore-3.14-64\Lib\logging\__init__.py
fn=<lambda>
167 5600
cfl=~
cfn=<built-in method sys._getframe>
calls=7 0
167 2900

fl=C:\Users\Pedro\AppData\Local\Python\pythoncore-3.14-64\Lib\logging\__init__.py
fn=_is_internal_frame
197 14300
cfl=<frozen ntpath>
cfn=normcase
calls=21 50
197 52600

fl=C:\Users\Pedro\AppData\Local\Python\pythoncore-3.14-64\Lib\logging\__init__.py
fn=_checkLevel
205 1600
cfl=~
cfn=<built-in method builtins.isinstance>
calls=3 0
205 300

fl=C:\Users\Pedro\AppData\Local\Python\pythoncore-3.14-64\Lib\logging\__init__.py
fn=_register_at_fork_reinit_lock
257 100

fl=C:\Users\Pedro\AppData\Local\Python\pythoncore-3.14-64\Lib\logging\__init__.py
fn=__init__:298
298 56900
cfl=<frozen ntpath>
cfn=splitext
calls=7 243
298 22100
cfl=<frozen ntpath>
cfn=basename
calls=7 254
298 32900
cfl=C:\Users\Pedro\AppData\Local\Python\pythoncore-3.14-64\Lib\logging\__init__.py
cfn=getLevelName
calls=7 129
298 4800
cfl=C:\Users\Pedro\AppData\Local\Python\pythoncore-3.14-64\Lib\multiprocessing\process.py
cfn=current_process
calls=7 37
298 1900
cfl=C:\Users\Pedro\AppData\Local\Python\pythoncore-3.14-64\Lib\multiprocessing\process.py
cfn=name
calls=7 196
298 1400
cfl=C:\Users\Pedro\AppData\Local\Python\pythoncore-3.14-64\Lib\threading.py
cfn=name
calls=7 1135
298 1900
cfl=C:\Users\Pedro\AppData\Local\Python\pythoncore-3.14-64\Lib\threading.py
cfn=current_thread
calls=7 1470
298 4300
cfl=~
cfn=<built-in method _asyncio.current_task>
calls=7 0
298 3000
cfl=~
cfn=<built-in method _thread.get_ident>
calls=7 0
298 1900
cfl=~
cfn=<built-in method builtins.hasattr>
calls=7 0
298 2000
cfl=~
cfn=<built-in method nt.getpid>
calls=7 0
298 1400
cfl=~
cfn=<built-in method time.time_ns>
calls=7 0
298 3000
cfl=~
cfn=<method 'get' of 'dict' objects>
calls=14 0
298 4700
cfl=~
cfn=<method 'get_name' of '_asyncio.Task' objects>
calls=7 0
298 1800

fl=C:\Users\Pedro\AppData\Local\Python\pythoncore-3.14-64\Lib\logging\__init__.py
fn=getMessage
391 3800

fl=C:\Users\Pedro\AppData\Local\Python\pythoncore-3.14-64\Lib\logging\__init__.py
fn=__init__:451
451 400

fl=C:\Users\Pedro\AppData\Local\Python\pythoncore-3.14-64\Lib\logging\__init__.py
fn=usesTime:455
455 4000
cfl=~
cfn=<method 'find' of 'str' objects>
calls=7 0
455 1600

fl=C:\Users\Pedro\AppData\Local\Python\pythoncore-3.14-64\Lib\logging\__init__.py
fn=validate
458 2000
cfl=~
cfn=<method 'search' of 're.Pattern' objects>
calls=1 0
458 3200

fl=C:\Users\Pedro\AppData\Local\Python\pythoncore-3.14-64\Lib\logging\__init__.py
fn=_format
463 9800

fl=C:\Users\Pedro\AppData\Local\Python\pythoncore-3.14-64\Lib\logging\__init__.py
fn=format:470
470 3800
cfl=C:\Users\Pedro\AppData\Local\Python\pythoncore-3.14-64\Lib\logging\__init__.py
cfn=_format
calls=7 463
470 9800

fl=C:\Users\Pedro\AppData\Local\Python\pythoncore-3.14-64\Lib\logging\__init__.py
fn=__init__:601
601 7800
cfl=C:\Users\Pedro\AppData\Local\Python\pythoncore-3.14-64\Lib\logging\__init__.py
cfn=__init__:451
calls=1 451
601 400
cfl=C:\Users\Pedro\AppData\Local\Python\pythoncore-3.14-64\Lib\logging\__init__.py
cfn=validate
calls=1 458
601 5200

fl=C:\Users\Pedro\AppData\Local\Python\pythoncore-3.14-64\Lib\logging\__init__.py
fn=formatTime
631 15600
cfl=~
cfn=<built-in method time.localtime>
calls=7 0
631 28000
cfl=~
cfn=<built-in method time.strftime>
calls=7 0
631 10100

fl=C:\Users\Pedro\AppData\Local\Python\pythoncore-3.14-64\Lib\logging\__init__.py
fn=usesTime:677
677 3400
cfl=C:\Users\Pedro\AppData\Local\Python\pythoncore-3.14-64\Lib\logging\__init__.py
cfn=usesTime:455
calls=7 455
677 5600

fl=C:\Users\Pedro\AppData\Local\Python\pythoncore-3.14-64\Lib\logging\__init__.py
fn=formatMessage
683 3300
cfl=C:\Users\Pedro\AppData\Local\Python\pythoncore-3.14-64\Lib\logging\__init__.py
cfn=format:470
calls=7 470
683 13600

fl=C:\Users\Pedro\AppData\Local\Python\pythoncore-3.14-64\Lib\logging\__init__.py
fn=format:699
699 23900
cfl=C:\Users\Pedro\AppData\Local\Python\pythoncore-3.14-64\Lib\logging\__init__.py
cfn=getMessage
calls=7 391
699 3800
cfl=C:\Users\Pedro\AppData\Local\Python\pythoncore-3.14-64\Lib\logging\__init__.py
cfn=formatTime
calls=7 631
699 53700
cfl=C:\Users\Pedro\AppData\Local\Python\pythoncore-3.14-64\Lib\logging\__init__.py
cfn=usesTime:677
calls=7 677
699 9000
cfl=C:\Users\Pedro\AppData\Local\Python\pythoncore-3.14-64\Lib\logging\__init__.py
cfn=formatMessage
calls=7 683
699 16900

fl=C:\Users\Pedro\AppData\Local\Python\pythoncore-3.14-64\Lib\logging\__init__.py
fn=__init__:820
820 1300

fl=C:\Users\Pedro\AppData\Local\Python\pythoncore-3.14-64\Lib\logging\__init__.py
fn=filter
840 4100

fl=C:\Users\Pedro\AppData\Local\Python\pythoncore-3.14-64\Lib\logging\__init__.py
fn=_addHandlerRef
899 4100
cfl=~
cfn=<method '__enter__' of '_thread.RLock' objects>
calls=1 0
899 500
cfl=~
cfn=<method '__exit__' of '_thread.RLock' objects>
calls=1 0
899 200
cfl=~
cfn=<method 'append' of 'list' objects>
calls=1 0
899 300

fl=C:\Users\Pedro\AppData\Local\Python\pythoncore-3.14-64\Lib\logging\__init__.py
fn=__init__:931
931 5400
cfl=C:\Users\Pedro\AppData\Local\Python\pythoncore-3.14-64\Lib\logging\__init__.py
cfn=_checkLevel
calls=1 205
931 800
cfl=C:\Users\Pedro\AppData\Local\Python\pythoncore-3.14-64\Lib\logging\__init__.py
cfn=__init__:820
calls=1 820
931 700
cfl=C:\Users\Pedro\AppData\Local\Python\pythoncore-3.14-64\Lib\logging\__init__.py
cfn=_addHandlerRef
calls=1 899
931 5100
cfl=C:\Users\Pedro\AppData\Local\Python\pythoncore-3.14-64\Lib\logging\__init__.py
cfn=createLock
calls=1 958
931 4600

fl=C:\Users\Pedro\AppData\Local\Python\pythoncore-3.14-64\Lib\logging\__init__.py
fn=createLock
958 3200
cfl=C:\Users\Pedro\AppData\Local\Python\pythoncore-3.14-64\Lib\logging\__init__.py
cfn=_register_at_fork_reinit_lock
calls=1 257
958 100
cfl=C:\Users\Pedro\AppData\Local\Python\pythoncore-3.14-64\Lib\threading.py
cfn=RLock
calls=1 126
958 1300

fl=C:\Users\Pedro\AppData\Local\Python\pythoncore-3.14-64\Lib\logging\__init__.py
fn=format:988
988 5900
cfl=C:\Users\Pedro\AppData\Local\Python\pythoncore-3.14-64\Lib\logging\__init__.py
cfn=format:699
calls=7 699
988 107300

fl=C:\Users\Pedro\AppData\Local\Python\pythoncore-3.14-64\Lib\logging\__init__.py
fn=handle:1011
1011 15600
cfl=<frozen importlib._bootstrap>
cfn=_verbose_message
calls=1 494
1011 200
cfl=C:\Users\Pedro\AppData\Local\Python\pythoncore-3.14-64\Lib\asyncio\base_events.py
cfn=_run_once
calls=0 1966
1011 0
cfl=C:\Users\Pedro\AppData\Local\Python\pythoncore-3.14-64\Lib\logging\__init__.py
cfn=filter
calls=7 840
1011 2200
cfl=C:\Users\Pedro\AppData\Local\Python\pythoncore-3.14-64\Lib\logging\__init__.py
cfn=emit:1251
calls=6 1251
1011 87400
cfl=~
cfn=<built-in method builtins.isinstance>
calls=7 0
1011 600
cfl=~
cfn=<method '__enter__' of '_thread.RLock' objects>
calls=7 0
1011 1700
cfl=~
cfn=<method '__exit__' of '_thread.RLock' objects>
calls=6 0
1011 800
cfl=~
cfn=<method 'pop' of 'dict' objects>
calls=1 0
1011 400

fl=C:\Users\Pedro\AppData\Local\Python\pythoncore-3.14-64\Lib\logging\__init__.py
fn=setFormatter
1030 200

fl=C:\Users\Pedro\AppData\Local\Python\pythoncore-3.14-64\Lib\logging\__init__.py
fn=__init__:1120
1120 2000
cfl=C:\Users\Pedro\AppData\Local\Python\pythoncore-3.14-64\Lib\logging\__init__.py
cfn=__init__:931
calls=1 931
1120 16600

fl=C:\Users\Pedro\AppData\Local\Python\pythoncore-3.14-64\Lib\logging\__init__.py
fn=flush
1131 10900
cfl=~
cfn=<built-in method builtins.hasattr>
calls=7 0
1131 2000
cfl=~
cfn=<method '__enter__' of '_io._IOBase' objects>
calls=1 0
1131 500
cfl=~
cfn=<method '__enter__' of '_thread.RLock' objects>
calls=7 0
1131 1100
cfl=~
cfn=<method '__exit__' of '_io._IOBase' objects>
calls=1 0
1131 10500
cfl=~
cfn=<method '__exit__' of '_thread.RLock' objects>
calls=5 0
1131 1200
cfl=~
cfn=<method 'flush' of '_io.TextIOWrapper' objects>
calls=5 0
1131 0
cfl=~
cfn=<method 'read' of '_io.BufferedReader' objects>
calls=1 0
1131 28700

fl=C:\Users\Pedro\AppData\Local\Python\pythoncore-3.14-64\Lib\logging\__init__.py
fn=emit:1139
1139 9100
cfl=<frozen importlib._bootstrap>
cfn=_verbose_message
calls=1 494
1139 300
cfl=<frozen importlib._bootstrap_external>
cfn=_classify_pyc
calls=1 424
1139 5000
cfl=<frozen importlib._bootstrap_external>
cfn=_validate_timestamp_pyc
calls=1 457
1139 2700
cfl=<frozen importlib._bootstrap_external>
cfn=_compile_bytecode
calls=1 509
1139 53600
cfl=C:\Users\Pedro\AppData\Local\Python\pythoncore-3.14-64\Lib\logging\__init__.py
cfn=format:988
calls=7 988
1139 113200
cfl=C:\Users\Pedro\AppData\Local\Python\pythoncore-3.14-64\Lib\logging\__init__.py
cfn=flush
calls=5 1131
1139 0
cfl=~
cfn=<method 'append' of 'list' objects>
calls=1 0
1139 400
cfl=~
cfn=<method 'get' of 'dict' objects>
calls=1 0
1139 400
cfl=~
cfn=<method 'write' of '_io.TextIOWrapper' objects>
calls=7 0
1139 32400

fl=C:\Users\Pedro\AppData\Local\Python\pythoncore-3.14-64\Lib\logging\__init__.py
fn=__init__:1194
1194 12300
cfl=<frozen ntpath>
cfn=abspath
calls=1 529
1194 7500
cfl=C:\Users\Pedro\AppData\Local\Python\pythoncore-3.14-64\Lib\logging\__init__.py
cfn=__init__:1120
calls=1 1120
1194 18600
cfl=C:\Users\Pedro\AppData\Local\Python\pythoncore-3.14-64\Lib\logging\__init__.py
cfn=_open
calls=1 1242
1194 243800
cfl=~
cfn=<built-in method _io.text_encoding>
calls=1 0
1194 300
cfl=~
cfn=<built-in method nt.fspath>
calls=1 0
1194 100

fl=C:\Users\Pedro\AppData\Local\Python\pythoncore-3.14-64\Lib\logging\__init__.py
fn=_open
1242 1600
cfl=~
cfn=<built-in method _io.open>
calls=1 0
1242 242200

fl=C:\Users\Pedro\AppData\Local\Python\pythoncore-3.14-64\Lib\logging\__init__.py
fn=emit:1251
1251 10300
cfl=<frozen importlib._bootstrap>
cfn=_call_with_frames_removed
calls=1 483
1251 133200
cfl=C:\Users\Pedro\AppData\Local\Python\pythoncore-3.14-64\Lib\asyncio\base_events.py
cfn=time
calls=1 766
1251 900
cfl=C:\Users\Pedro\AppData\Local\Python\pythoncore-3.14-64\Lib\asyncio\events.py
cfn=_run
calls=1 92
1251 127000
cfl=C:\Users\Pedro\AppData\Local\Python\pythoncore-3.14-64\Lib\asyncio\selector_events.py
cfn=_process_events
calls=1 744
1251 3900
cfl=C:\Users\Pedro\AppData\Local\Python\pythoncore-3.14-64\Lib\logging\__init__.py
cfn=emit:1139
calls=5 1139
1251 0
cfl=~
cfn=<built-in method builtins.len>
calls=1 0
1251 500
cfl=~
cfn=<method 'popleft' of 'collections.deque' objects>
calls=1 0
1251 200

fl=C:\Users\Pedro\AppData\Local\Python\pythoncore-3.14-64\Lib\logging\__init__.py
fn=disable
1354 500

fl=C:\Users\Pedro\AppData\Local\Python\pythoncore-3.14-64\Lib\logging\__init__.py
fn=getLogger:1362
1362 8900
cfl=C:\Users\Pedro\AppData\Local\Python\pythoncore-3.14-64\Lib\logging\__init__.py
cfn=_fixupParents
calls=1 1410
1362 2000
cfl=C:\Users\Pedro\AppData\Local\Python\pythoncore-3.14-64\Lib\logging\__init__.py
cfn=__init__:1478
calls=1 1478
1362 5700
cfl=~
cfn=<built-in method builtins.isinstance>
calls=1 0
1362 100
cfl=~
cfn=<method '__enter__' of '_thread.RLock' objects>
calls=1 0
1362 600
cfl=~
cfn=<method '__exit__' of '_thread.RLock' objects>
calls=1 0
1362 400

fl=C:\Users\Pedro\AppData\Local\Python\pythoncore-3.14-64\Lib\logging\__init__.py
fn=_fixupParents
1410 1500
cfl=~
cfn=<method 'rfind' of 'str' objects>
calls=1 0
1410 500

fl=C:\Users\Pedro\AppData\Local\Python\pythoncore-3.14-64\Lib\logging\__init__.py
fn=_clear_cache
1447 322300
cfl=~
cfn=<built-in method builtins.isinstance>
calls=63 0
1447 4900
cfl=~
cfn=<method '__enter__' of '_thread.RLock' objects>
calls=1 0
1447 200
cfl=~
cfn=<method '__exit__' of '_thread.RLock' objects>
calls=1 0
1447 500
cfl=~
cfn=<method 'clear' of 'dict' objects>
calls=53 0
1447 6000
cfl=~
cfn=<method 'values' of 'dict' objects>
calls=1 0
1447 700

fl=C:\Users\Pedro\AppData\Local\Python\pythoncore-3.14-64\Lib\logging\__init__.py
fn=__init__:1478
1478 4400
cfl=C:\Users\Pedro\AppData\Local\Python\pythoncore-3.14-64\Lib\logging\__init__.py
cfn=_checkLevel
calls=1 205
1478 700
cfl=C:\Users\Pedro\AppData\Local\Python\pythoncore-3.14-64\Lib\logging\__init__.py
cfn=__init__:820
calls=1 820
1478 600

fl=C:\Users\Pedro\AppData\Local\Python\pythoncore-3.14-64\Lib\logging\__init__.py
fn=setLevel
1491 2200
cfl=C:\Users\Pedro\AppData\Local\Python\pythoncore-3.14-64\Lib\logging\__init__.py
cfn=_checkLevel
calls=1 205
1491 400
cfl=C:\Users\Pedro\AppData\Local\Python\pythoncore-3.14-64\Lib\logging\__init__.py
cfn=_clear_cache
calls=1 1447
1491 334600

fl=C:\Users\Pedro\AppData\Local\Python\pythoncore-3.14-64\Lib\logging\__init__.py
fn=debug
1498 78000
cfl=C:\Users\Pedro\AppData\Local\Python\pythoncore-3.14-64\Lib\logging\__init__.py
cfn=isEnabledFor
calls=371 1765
1498 49400

fl=C:\Users\Pedro\AppData\Local\Python\pythoncore-3.14-64\Lib\logging\__init__.py
fn=info
1510 16100
cfl=C:\Users\Pedro\AppData\Local\Python\pythoncore-3.14-64\Lib\logging\__init__.py
cfn=_log
calls=6 1641
1510 657400
cfl=C:\Users\Pedro\AppData\Local\Python\pythoncore-3.14-64\Lib\logging\__init__.py
cfn=isEnabledFor
calls=6 1765
1510 6600

fl=C:\Users\Pedro\AppData\Local\Python\pythoncore-3.14-64\Lib\logging\__init__.py
fn=error
1539 7000
cfl=C:\Users\Pedro\AppData\Local\Python\pythoncore-3.14-64\Lib\logging\__init__.py
cfn=_log
calls=0 1641
1539 0
cfl=C:\Users\Pedro\AppData\Local\Python\pythoncore-3.14-64\Lib\logging\__init__.py
cfn=isEnabledFor
calls=1 1765
1539 4200

fl=C:\Users\Pedro\AppData\Local\Python\pythoncore-3.14-64\Lib\logging\__init__.py
fn=findCaller
1592 20600
cfl=C:\Users\Pedro\AppData\Local\Python\pythoncore-3.14-64\Lib\logging\__init__.py
cfn=<lambda>
calls=7 167
1592 8500
cfl=C:\Users\Pedro\AppData\Local\Python\pythoncore-3.14-64\Lib\logging\__init__.py
cfn=_is_internal_frame
calls=21 197
1592 66900

fl=C:\Users\Pedro\AppData\Local\Python\pythoncore-3.14-64\Lib\logging\__init__.py
fn=makeRecord
1626 18300
cfl=C:\Users\Pedro\AppData\Local\Python\pythoncore-3.14-64\Lib\logging\__init__.py
cfn=__init__:298
calls=7 298
1626 144000

fl=C:\Users\Pedro\AppData\Local\Python\pythoncore-3.14-64\Lib\logging\__init__.py
fn=_log
1641 15800
cfl=C:\Users\Pedro\AppData\Local\Python\pythoncore-3.14-64\Lib\logging\__init__.py
cfn=findCaller
calls=7 1592
1641 96000
cfl=C:\Users\Pedro\AppData\Local\Python\pythoncore-3.14-64\Lib\logging\__init__.py
cfn=makeRecord
calls=7 1626
1641 162300
cfl=C:\Users\Pedro\AppData\Local\Python\pythoncore-3.14-64\Lib\logging\__init__.py
cfn=handle:1667
calls=6 1667
1641 325000
cfl=c:\Users\Pedro\faculdade\IniciacaoCientifica\grn\.env\Lib\site-packages\zmq\utils\garbage.py
cfn=store
calls=0 188
1641 0

fl=C:\Users\Pedro\AppData\Local\Python\pythoncore-3.14-64\Lib\logging\__init__.py
fn=handle:1667
1667 14400
cfl=<frozen importlib._bootstrap>
cfn=__exit__:423
calls=1 423
1667 5100
cfl=<frozen importlib._bootstrap>
cfn=cb
calls=1 448
1667 1300
cfl=C:\Users\Pedro\AppData\Local\Python\pythoncore-3.14-64\Lib\logging\__init__.py
cfn=filter
calls=7 840
1667 1900
cfl=C:\Users\Pedro\AppData\Local\Python\pythoncore-3.14-64\Lib\logging\__init__.py
cfn=callHandlers
calls=6 1721
1667 318300
cfl=~
cfn=<built-in method builtins.isinstance>
calls=7 0
1667 800

fl=C:\Users\Pedro\AppData\Local\Python\pythoncore-3.14-64\Lib\logging\__init__.py
fn=addHandler
1683 1000
cfl=~
cfn=<method '__enter__' of '_thread.RLock' objects>
calls=1 0
1683 200
cfl=~
cfn=<method '__exit__' of '_thread.RLock' objects>
calls=1 0
1683 100
cfl=~
cfn=<method 'append' of 'list' objects>
calls=1 0
1683 300

fl=C:\Users\Pedro\AppData\Local\Python\pythoncore-3.14-64\Lib\logging\__init__.py
fn=callHandlers
1721 21900
cfl=C:\Users\Pedro\AppData\Local\Python\pythoncore-3.14-64\Lib\logging\__init__.py
cfn=handle:1011
calls=6 1011
1721 310700
cfl=~
cfn=<built-in method builtins.setattr>
calls=1 0
1721 800
cfl=~
cfn=<method 'pop' of 'list' objects>
calls=1 0
1721 200

fl=C:\Users\Pedro\AppData\Local\Python\pythoncore-3.14-64\Lib\logging\__init__.py
fn=getEffectiveLevel
1751 3100

fl=C:\Users\Pedro\AppData\Local\Python\pythoncore-3.14-64\Lib\logging\__init__.py
fn=isEnabledFor
1765 53900
cfl=C:\Users\Pedro\AppData\Local\Python\pythoncore-3.14-64\Lib\logging\__init__.py
cfn=disable
calls=5 1354
1765 500
cfl=C:\Users\Pedro\AppData\Local\Python\pythoncore-3.14-64\Lib\logging\__init__.py
cfn=getEffectiveLevel
calls=5 1751
1765 3100
cfl=~
cfn=<method '__enter__' of '_thread.RLock' objects>
calls=5 0
1765 1500
cfl=~
cfn=<method '__exit__' of '_thread.RLock' objects>
calls=5 0
1765 1200

fl=C:\Users\Pedro\AppData\Local\Python\pythoncore-3.14-64\Lib\logging\__init__.py
fn=getLogger:2130
2130 5100
cfl=C:\Users\Pedro\AppData\Local\Python\pythoncore-3.14-64\Lib\logging\__init__.py
cfn=getLogger:1362
calls=1 1362
2130 17700
cfl=~
cfn=<built-in method builtins.isinstance>
calls=1 0
2130 200

fl=C:\Users\Pedro\AppData\Local\Python\pythoncore-3.14-64\Lib\multiprocessing\process.py
fn=current_process
37 1900

fl=C:\Users\Pedro\AppData\Local\Python\pythoncore-3.14-64\Lib\multiprocessing\process.py
fn=name
196 1400

fl=C:\Users\Pedro\AppData\Local\Python\pythoncore-3.14-64\Lib\pathlib\__init__.py
fn=__init__
135 4700
cfl=~
cfn=<built-in method builtins.isinstance>
calls=8 0
135 700
cfl=~
cfn=<built-in method nt.fspath>
calls=4 0
135 600
cfl=~
cfn=<method 'append' of 'list' objects>
calls=4 0
135 700

fl=C:\Users\Pedro\AppData\Local\Python\pythoncore-3.14-64\Lib\pathlib\__init__.py
fn=with_segments
157 2200
cfl=C:\Users\Pedro\AppData\Local\Python\pythoncore-3.14-64\Lib\pathlib\__init__.py
cfn=__init__
calls=2 135
157 2600
cfl=C:\Users\Pedro\AppData\Local\Python\pythoncore-3.14-64\Lib\pathlib\__init__.py
cfn=__new__
calls=2 632
157 900

fl=C:\Users\Pedro\AppData\Local\Python\pythoncore-3.14-64\Lib\pathlib\__init__.py
fn=__fspath__
190 2500
cfl=C:\Users\Pedro\AppData\Local\Python\pythoncore-3.14-64\Lib\pathlib\__init__.py
cfn=__str__
calls=2 251
190 200

fl=C:\Users\Pedro\AppData\Local\Python\pythoncore-3.14-64\Lib\pathlib\__init__.py
fn=__str__
251 200

fl=C:\Users\Pedro\AppData\Local\Python\pythoncore-3.14-64\Lib\pathlib\__init__.py
fn=_format_parsed_parts
261 4200
cfl=<frozen ntpath>
cfn=splitdrive
calls=2 146
261 1600
cfl=~
cfn=<method 'join' of 'str' objects>
calls=2 0
261 800

fl=C:\Users\Pedro\AppData\Local\Python\pythoncore-3.14-64\Lib\pathlib\__init__.py
fn=_from_parsed_parts
269 4500
cfl=C:\Users\Pedro\AppData\Local\Python\pythoncore-3.14-64\Lib\pathlib\__init__.py
cfn=_format_parsed_parts
calls=2 261
269 6600
cfl=C:\Users\Pedro\AppData\Local\Python\pythoncore-3.14-64\Lib\pathlib\__init__.py
cfn=_from_parsed_string
calls=2 276
269 7500

fl=C:\Users\Pedro\AppData\Local\Python\pythoncore-3.14-64\Lib\pathlib\__init__.py
fn=_from_parsed_string
276 1800
cfl=C:\Users\Pedro\AppData\Local\Python\pythoncore-3.14-64\Lib\pathlib\__init__.py
cfn=with_segments
calls=2 157
276 5700

fl=C:\Users\Pedro\AppData\Local\Python\pythoncore-3.14-64\Lib\pathlib\__init__.py
fn=_parse_path
281 4000
cfl=~
cfn=<built-in method nt._path_splitroot_ex>
calls=2 0
281 800
cfl=~
cfn=<method 'replace' of 'str' objects>
calls=2 0
281 800
cfl=~
cfn=<method 'split' of 'str' objects>
calls=2 0
281 900
cfl=~
cfn=<method 'startswith' of 'str' objects>
calls=2 0
281 400

fl=C:\Users\Pedro\AppData\Local\Python\pythoncore-3.14-64\Lib\pathlib\__init__.py
fn=_raw_path
330 800
cfl=~
cfn=<built-in method builtins.len>
calls=2 0
330 200

fl=C:\Users\Pedro\AppData\Local\Python\pythoncore-3.14-64\Lib\pathlib\__init__.py
fn=drive
341 9200
cfl=C:\Users\Pedro\AppData\Local\Python\pythoncore-3.14-64\Lib\pathlib\__init__.py
cfn=_parse_path
calls=2 281
341 6900
cfl=C:\Users\Pedro\AppData\Local\Python\pythoncore-3.14-64\Lib\pathlib\__init__.py
cfn=_raw_path
calls=2 330
341 1000

fl=C:\Users\Pedro\AppData\Local\Python\pythoncore-3.14-64\Lib\pathlib\__init__.py
fn=root
350 500

fl=C:\Users\Pedro\AppData\Local\Python\pythoncore-3.14-64\Lib\pathlib\__init__.py
fn=_tail
359 200

fl=C:\Users\Pedro\AppData\Local\Python\pythoncore-3.14-64\Lib\pathlib\__init__.py
fn=parent
381 5200
cfl=C:\Users\Pedro\AppData\Local\Python\pythoncore-3.14-64\Lib\pathlib\__init__.py
cfn=_from_parsed_parts
calls=2 269
381 18600
cfl=C:\Users\Pedro\AppData\Local\Python\pythoncore-3.14-64\Lib\pathlib\__init__.py
cfn=drive
calls=2 341
381 17100
cfl=C:\Users\Pedro\AppData\Local\Python\pythoncore-3.14-64\Lib\pathlib\__init__.py
cfn=root
calls=2 350
381 500
cfl=C:\Users\Pedro\AppData\Local\Python\pythoncore-3.14-64\Lib\pathlib\__init__.py
cfn=_tail
calls=2 359
381 200

fl=C:\Users\Pedro\AppData\Local\Python\pythoncore-3.14-64\Lib\pathlib\__init__.py
fn=__new__
632 2200
cfl=~
cfn=<built-in method __new__ of type object at 0x00007FFE69354D90>
calls=4 0
632 1100

fl=C:\Users\Pedro\AppData\Local\Python\pythoncore-3.14-64\Lib\pathlib\__init__.py
fn=is_dir
674 1600
cfl=~
cfn=<built-in method nt._path_isdir>
calls=2 0
674 104200

fl=C:\Users\Pedro\AppData\Local\Python\pythoncore-3.14-64\Lib\queue.py
fn=empty
112 7800
cfl=C:\Users\Pedro\AppData\Local\Python\pythoncore-3.14-64\Lib\queue.py
cfn=_qsize
calls=5 266
112 2500
cfl=~
cfn=<method '__enter__' of '_thread.lock' objects>
calls=5 0
112 1900
cfl=~
cfn=<method '__exit__' of '_thread.lock' objects>
calls=5 0
112 1300

fl=C:\Users\Pedro\AppData\Local\Python\pythoncore-3.14-64\Lib\queue.py
fn=_qsize
266 1700
cfl=~
cfn=<built-in method builtins.len>
calls=5 0
266 800

fl=C:\Users\Pedro\AppData\Local\Python\pythoncore-3.14-64\Lib\random.py
fn=getrandbits
901 3100
cfl=~
cfn=<built-in method from_bytes>
calls=1 0
901 500
cfl=~
cfn=<built-in method nt.urandom>
calls=1 0
901 2200

fl=C:\Users\Pedro\AppData\Local\Python\pythoncore-3.14-64\Lib\selectors.py
fn=_select
304 13500
cfl=<frozen ntpath>
cfn=join
calls=1 99
304 2000
cfl=C:\Users\Pedro\AppData\Local\Python\pythoncore-3.14-64\Lib\logging\__init__.py
cfn=__init__:601
calls=1 601
304 13400
cfl=C:\Users\Pedro\AppData\Local\Python\pythoncore-3.14-64\Lib\logging\__init__.py
cfn=setFormatter
calls=1 1030
304 200
cfl=C:\Users\Pedro\AppData\Local\Python\pythoncore-3.14-64\Lib\logging\__init__.py
cfn=__init__:1194
calls=1 1194
304 282600
cfl=C:\Users\Pedro\AppData\Local\Python\pythoncore-3.14-64\Lib\logging\__init__.py
cfn=setLevel
calls=1 1491
304 337200
cfl=C:\Users\Pedro\AppData\Local\Python\pythoncore-3.14-64\Lib\logging\__init__.py
cfn=addHandler
calls=1 1683
304 1600
cfl=C:\Users\Pedro\AppData\Local\Python\pythoncore-3.14-64\Lib\logging\__init__.py
cfn=getLogger:2130
calls=1 2130
304 23000
cfl=c:\Users\Pedro\faculdade\IniciacaoCientifica\grn\PythonCode\Modules\Handlers.py
cfn=run_path
calls=1 29
304 9000
cfl=~
cfn=<built-in method nt.mkdir>
calls=0 0
304 0
cfl=~
cfn=<built-in method select.select>
calls=2 0
304 0
cfl=~
cfn=<method '__enter__' of '_io._IOBase' objects>
calls=1 0
304 700
cfl=~
cfn=<method '__exit__' of '_io._IOBase' objects>
calls=1 0
304 11400
cfl=~
cfn=<method '__exit__' of '_thread.RLock' objects>
calls=1 0
304 300
cfl=~
cfn=<method 'read' of '_io.BufferedReader' objects>
calls=1 0
304 33900

fl=C:\Users\Pedro\AppData\Local\Python\pythoncore-3.14-64\Lib\selectors.py
fn=select
310 51500
cfl=<frozen importlib._bootstrap>
cfn=_verbose_message
calls=1 494
310 400
cfl=<frozen importlib._bootstrap_external>
cfn=_classify_pyc
calls=1 424
310 4300
cfl=<frozen importlib._bootstrap_external>
cfn=_validate_timestamp_pyc
calls=1 457
310 2700
cfl=<frozen importlib._bootstrap_external>
cfn=_compile_bytecode
calls=1 509
310 109700
cfl=C:\Users\Pedro\AppData\Local\Python\pythoncore-3.14-64\Lib\logging\__init__.py
cfn=info
calls=1 1510
310 332700
cfl=C:\Users\Pedro\AppData\Local\Python\pythoncore-3.14-64\Lib\selectors.py
cfn=_select
calls=2 304
310 0
cfl=C:\Users\Pedro\AppData\Local\Python\pythoncore-3.14-64\Lib\traceback.py
cfn=format_exc
calls=1 212
310 22363200
cfl=c:\Users\Pedro\faculdade\IniciacaoCientifica\grn\PythonCode\Modules\Handlers.py
cfn=run_serial
calls=0 48
310 0
cfl=~
cfn=<built-in method builtins.max>
calls=6 0
310 1400
cfl=~
cfn=<built-in method builtins.print>
calls=1 0
310 121100
cfl=~
cfn=<built-in method time.time>
calls=1 0
310 800
cfl=~
cfn=<method 'append' of 'list' objects>
calls=1 0
310 200
cfl=~
cfn=<method 'get' of 'dict' objects>
calls=1 0
310 300

fl=C:\Users\Pedro\AppData\Local\Python\pythoncore-3.14-64\Lib\textwrap.py
fn=dedent
416 56300
cfl=~
cfn=<built-in method builtins.max>
calls=16 0
416 3600
cfl=~
cfn=<built-in method builtins.min>
calls=16 0
416 5500
cfl=~
cfn=<method 'isspace' of 'str' objects>
calls=148 0
416 15500
cfl=~
cfn=<method 'join' of 'str' objects>
calls=16 0
416 3400
cfl=~
cfn=<method 'split' of 'str' objects>
calls=16 0
416 6600

fl=C:\Users\Pedro\AppData\Local\Python\pythoncore-3.14-64\Lib\textwrap.py
fn=indent
447 33300
cfl=C:\Users\Pedro\AppData\Local\Python\pythoncore-3.14-64\Lib\traceback.py
cfn=<lambda>:704
calls=19 704
447 1600
cfl=C:\Users\Pedro\AppData\Local\Python\pythoncore-3.14-64\Lib\traceback.py
cfn=<lambda>:998
calls=1 998
447 100
cfl=C:\Users\Pedro\AppData\Local\Python\pythoncore-3.14-64\Lib\traceback.py
cfn=<lambda>:1001
calls=37 1001
447 2300
cfl=~
cfn=<method 'append' of 'list' objects>
calls=114 0
447 9400
cfl=~
cfn=<method 'join' of 'str' objects>
calls=16 0
447 3100
cfl=~
cfn=<method 'splitlines' of 'str' objects>
calls=16 0
447 5300

fl=C:\Users\Pedro\AppData\Local\Python\pythoncore-3.14-64\Lib\threading.py
fn=RLock
126 2200

fl=C:\Users\Pedro\AppData\Local\Python\pythoncore-3.14-64\Lib\threading.py
fn=__init__:290
290 2900
cfl=~
cfn=<built-in method builtins.hasattr>
calls=6 0
290 1200

fl=C:\Users\Pedro\AppData\Local\Python\pythoncore-3.14-64\Lib\threading.py
fn=__enter__
313 1800
cfl=~
cfn=<method '__enter__' of '_thread.lock' objects>
calls=5 0
313 1500

fl=C:\Users\Pedro\AppData\Local\Python\pythoncore-3.14-64\Lib\threading.py
fn=__exit__
316 1700
cfl=~
cfn=<method '__exit__' of '_thread.lock' objects>
calls=4 0
316 800

fl=C:\Users\Pedro\AppData\Local\Python\pythoncore-3.14-64\Lib\threading.py
fn=_release_save
322 1300
cfl=~
cfn=<method 'release' of '_thread.lock' objects>
calls=2 0
322 400

fl=C:\Users\Pedro\AppData\Local\Python\pythoncore-3.14-64\Lib\threading.py
fn=_acquire_restore
325 500
cfl=~
cfn=<method 'acquire' of '_thread.lock' objects>
calls=1 0
325 400

fl=C:\Users\Pedro\AppData\Local\Python\pythoncore-3.14-64\Lib\threading.py
fn=_is_owned
328 3100
cfl=~
cfn=<method 'acquire' of '_thread.lock' objects>
calls=4 0
328 1600

fl=C:\Users\Pedro\AppData\Local\Python\pythoncore-3.14-64\Lib\threading.py
fn=wait:337
337 14200
cfl=C:\Users\Pedro\AppData\Local\Python\pythoncore-3.14-64\Lib\threading.py
cfn=_release_save
calls=2 322
337 1700
cfl=C:\Users\Pedro\AppData\Local\Python\pythoncore-3.14-64\Lib\threading.py
cfn=_is_owned
calls=2 328
337 2900
cfl=c:\Users\Pedro\faculdade\IniciacaoCientifica\grn\.env\Lib\site-packages\numpy\_core\fromnumeric.py
cfn=_sum_dispatcher
calls=1 2299
337 100
cfl=c:\Users\Pedro\faculdade\IniciacaoCientifica\grn\.env\Lib\site-packages\numpy\_core\fromnumeric.py
cfn=sum
calls=1 2304
337 11700
cfl=c:\Users\Pedro\faculdade\IniciacaoCientifica\grn\.env\Lib\site-packages\numpy\_core\numeric.py
cfn=ones
calls=1 170
337 3800
cfl=~
cfn=<built-in method _thread.allocate_lock>
calls=2 0
337 600
cfl=~
cfn=<built-in method builtins.hasattr>
calls=1 0
337 1200
cfl=~
cfn=<built-in method numpy.arange>
calls=1 0
337 2500
cfl=~
cfn=<built-in method numpy.zeros>
calls=1 0
337 900
cfl=~
cfn=<method '__exit__' of '_thread.RLock' objects>
calls=1 0
337 400
cfl=~
cfn=<method 'acquire' of '_thread.lock' objects>
calls=2 0
337 100
cfl=~
cfn=<method 'append' of 'collections.deque' objects>
calls=2 0
337 400

fl=C:\Users\Pedro\AppData\Local\Python\pythoncore-3.14-64\Lib\threading.py
fn=notify
408 4100
cfl=C:\Users\Pedro\AppData\Local\Python\pythoncore-3.14-64\Lib\threading.py
cfn=_is_owned
calls=2 328
408 1800
cfl=~
cfn=<method 'release' of '_thread.lock' objects>
calls=1 0
408 2200
cfl=~
cfn=<method 'remove' of 'collections.deque' objects>
calls=1 0
408 300

fl=C:\Users\Pedro\AppData\Local\Python\pythoncore-3.14-64\Lib\threading.py
fn=notify_all
438 2900
cfl=C:\Users\Pedro\AppData\Local\Python\pythoncore-3.14-64\Lib\threading.py
cfn=notify
calls=2 408
438 8400
cfl=~
cfn=<built-in method builtins.len>
calls=2 0
438 800

fl=C:\Users\Pedro\AppData\Local\Python\pythoncore-3.14-64\Lib\threading.py
fn=__init__:602
602 2800
cfl=C:\Users\Pedro\AppData\Local\Python\pythoncore-3.14-64\Lib\threading.py
cfn=__init__:290
calls=2 290
602 4100

fl=C:\Users\Pedro\AppData\Local\Python\pythoncore-3.14-64\Lib\threading.py
fn=is_set
615 800

fl=C:\Users\Pedro\AppData\Local\Python\pythoncore-3.14-64\Lib\threading.py
fn=set
630 3700
cfl=C:\Users\Pedro\AppData\Local\Python\pythoncore-3.14-64\Lib\threading.py
cfn=__enter__
calls=2 313
630 1800
cfl=C:\Users\Pedro\AppData\Local\Python\pythoncore-3.14-64\Lib\threading.py
cfn=__exit__
calls=2 316
630 1300
cfl=C:\Users\Pedro\AppData\Local\Python\pythoncore-3.14-64\Lib\threading.py
cfn=notify_all
calls=2 438
630 12100

fl=C:\Users\Pedro\AppData\Local\Python\pythoncore-3.14-64\Lib\threading.py
fn=wait:651
651 3800
cfl=C:\Users\Pedro\AppData\Local\Python\pythoncore-3.14-64\Lib\threading.py
cfn=__enter__
calls=3 313
651 1500
cfl=C:\Users\Pedro\AppData\Local\Python\pythoncore-3.14-64\Lib\threading.py
cfn=__exit__
calls=1 316
651 400
cfl=C:\Users\Pedro\AppData\Local\Python\pythoncore-3.14-64\Lib\threading.py
cfn=wait:337
calls=0 337
651 0
cfl=c:\Users\Pedro\faculdade\IniciacaoCientifica\grn\.env\Lib\site-packages\scipy\optimize\_differentialevolution.py
cfn=solve
calls=1 1185
651 214482100
cfl=c:\Users\Pedro\faculdade\IniciacaoCientifica\grn\.env\Lib\site-packages\scipy\optimize\_differentialevolution.py
cfn=__enter__
calls=1 1550
651 100
cfl=c:\Users\Pedro\faculdade\IniciacaoCientifica\grn\.env\Lib\site-packages\scipy\optimize\_differentialevolution.py
cfn=__exit__
calls=1 1553
651 1100

fl=C:\Users\Pedro\AppData\Local\Python\pythoncore-3.14-64\Lib\threading.py
fn=_newname
854 900

fl=C:\Users\Pedro\AppData\Local\Python\pythoncore-3.14-64\Lib\threading.py
fn=__init__:880
880 8600
cfl=C:\Users\Pedro\AppData\Local\Python\pythoncore-3.14-64\Lib\_weakrefset.py
cfn=add
calls=1 45
880 1300
cfl=C:\Users\Pedro\AppData\Local\Python\pythoncore-3.14-64\Lib\threading.py
cfn=__init__:602
calls=1 602
880 4800
cfl=C:\Users\Pedro\AppData\Local\Python\pythoncore-3.14-64\Lib\threading.py
cfn=_newname
calls=1 854
880 900
cfl=C:\Users\Pedro\AppData\Local\Python\pythoncore-3.14-64\Lib\threading.py
cfn=daemon:1188
calls=1 1188
880 400
cfl=C:\Users\Pedro\AppData\Local\Python\pythoncore-3.14-64\Lib\threading.py
cfn=_make_invoke_excepthook
calls=1 1308
880 1000
cfl=C:\Users\Pedro\AppData\Local\Python\pythoncore-3.14-64\Lib\threading.py
cfn=current_thread
calls=1 1470
880 600

fl=C:\Users\Pedro\AppData\Local\Python\pythoncore-3.14-64\Lib\threading.py
fn=start
975 15200
cfl=C:\Users\Pedro\AppData\Local\Python\pythoncore-3.14-64\Lib\threading.py
cfn=is_set
calls=1 615
975 100
cfl=C:\Users\Pedro\AppData\Local\Python\pythoncore-3.14-64\Lib\threading.py
cfn=wait:651
calls=0 651
975 0
cfl=C:\Users\Pedro\AppData\Local\Python\pythoncore-3.14-64\Lib\threading.py
cfn=daemon:1188
calls=1 1188
975 200
cfl=~
cfn=<built-in method _thread.start_joinable_thread>
calls=1 0
975 34800
cfl=~
cfn=<method '__enter__' of '_thread.RLock' objects>
calls=1 0
975 200
cfl=~
cfn=<method '__exit__' of '_thread.RLock' objects>
calls=1 0
975 200

fl=C:\Users\Pedro\AppData\Local\Python\pythoncore-3.14-64\Lib\threading.py
fn=_set_ident
1050 2000
cfl=~
cfn=<built-in method _thread.get_ident>
calls=1 0
1050 400

fl=C:\Users\Pedro\AppData\Local\Python\pythoncore-3.14-64\Lib\threading.py
fn=_set_native_id
1054 2100
cfl=~
cfn=<built-in method _thread.get_native_id>
calls=1 0
1054 200

fl=C:\Users\Pedro\AppData\Local\Python\pythoncore-3.14-64\Lib\threading.py
fn=_set_os_name
1057 1900
cfl=~
cfn=<built-in method _thread.set_name>
calls=1 0
1057 1500

fl=C:\Users\Pedro\AppData\Local\Python\pythoncore-3.14-64\Lib\threading.py
fn=name
1135 1900

fl=C:\Users\Pedro\AppData\Local\Python\pythoncore-3.14-64\Lib\threading.py
fn=is_alive
1177 7900
cfl=C:\Users\Pedro\AppData\Local\Python\pythoncore-3.14-64\Lib\threading.py
cfn=is_set
calls=5 615
1177 600
cfl=~
cfn=<method 'is_done' of '_thread._ThreadHandle' objects>
calls=5 0
1177 1400

fl=C:\Users\Pedro\AppData\Local\Python\pythoncore-3.14-64\Lib\threading.py
fn=daemon:1188
1188 600

fl=C:\Users\Pedro\AppData\Local\Python\pythoncore-3.14-64\Lib\threading.py
fn=daemon:1203
1203 1700
cfl=C:\Users\Pedro\AppData\Local\Python\pythoncore-3.14-64\Lib\threading.py
cfn=is_set
calls=1 615
1203 100
cfl=~
cfn=<built-in method _thread.daemon_threads_allowed>
calls=1 0
1203 200

fl=C:\Users\Pedro\AppData\Local\Python\pythoncore-3.14-64\Lib\threading.py
fn=_make_invoke_excepthook
1308 1000

fl=C:\Users\Pedro\AppData\Local\Python\pythoncore-3.14-64\Lib\threading.py
fn=current_thread
1470 3900
cfl=~
cfn=<built-in method _thread.get_ident>
calls=8 0
1470 1000

fl=C:\Users\Pedro\AppData\Local\Python\pythoncore-3.14-64\Lib\tokenize.py
fn=_get_normal_name
347 1300
cfl=~
cfn=<method 'lower' of 'str' objects>
calls=1 0
347 300
cfl=~
cfn=<method 'replace' of 'str' objects>
calls=1 0
347 200

fl=C:\Users\Pedro\AppData\Local\Python\pythoncore-3.14-64\Lib\tokenize.py
fn=detect_encoding
358 34700
cfl=C:\Users\Pedro\AppData\Local\Python\pythoncore-3.14-64\Lib\hmac.py
cfn=hexdigest
calls=1 194
358 5300
cfl=C:\Users\Pedro\AppData\Local\Python\pythoncore-3.14-64\Lib\tokenize.py
cfn=read_or_stop
calls=5 382
358 65100
cfl=C:\Users\Pedro\AppData\Local\Python\pythoncore-3.14-64\Lib\tokenize.py
cfn=check
calls=4 388
358 5000
cfl=C:\Users\Pedro\AppData\Local\Python\pythoncore-3.14-64\Lib\tokenize.py
cfn=find_cookie
calls=5 400
358 9200
cfl=~
cfn=<method 'encode' of 'str' objects>
calls=1 0
358 300
cfl=~
cfn=<method 'match' of 're.Pattern' objects>
calls=4 0
358 3400
cfl=~
cfn=<method 'startswith' of 'bytes' objects>
calls=4 0
358 1400

fl=C:\Users\Pedro\AppData\Local\Python\pythoncore-3.14-64\Lib\tokenize.py
fn=read_or_stop
382 11500
cfl=~
cfn=<method 'readline' of '_io.BufferedReader' objects>
calls=5 0
382 63700

fl=C:\Users\Pedro\AppData\Local\Python\pythoncore-3.14-64\Lib\tokenize.py
fn=check
388 5400
cfl=~
cfn=<method 'decode' of 'bytes' objects>
calls=7 0
388 2500

fl=C:\Users\Pedro\AppData\Local\Python\pythoncore-3.14-64\Lib\tokenize.py
fn=find_cookie
400 12600
cfl=C:\Users\Pedro\AppData\Local\Python\pythoncore-3.14-64\Lib\tokenize.py
cfn=_get_normal_name
calls=1 347
400 1800
cfl=~
cfn=<built-in method _codecs.lookup>
calls=1 0
400 600
cfl=~
cfn=<method 'decode' of 'bytes' objects>
calls=1 0
400 300
cfl=~
cfn=<method 'group' of 're.Match' objects>
calls=1 0
400 400
cfl=~
cfn=<method 'match' of 're.Pattern' objects>
calls=8 0
400 8700

fl=C:\Users\Pedro\AppData\Local\Python\pythoncore-3.14-64\Lib\tokenize.py
fn=open
457 65600
cfl=<frozen codecs>
cfn=__init__:312
calls=2 312
457 2200
cfl=<frozen importlib._bootstrap_external>
cfn=get_data
calls=0 947
457 0
cfl=C:\Users\Pedro\AppData\Local\Python\pythoncore-3.14-64\Lib\enum.py
cfn=__or__
calls=3 1583
457 8900
cfl=C:\Users\Pedro\AppData\Local\Python\pythoncore-3.14-64\Lib\tokenize.py
cfn=detect_encoding
calls=2 358
457 88800
cfl=C:\Users\Pedro\AppData\Local\Python\pythoncore-3.14-64\Lib\tokenize.py
cfn=check
calls=1 388
457 600
cfl=C:\Users\Pedro\AppData\Local\Python\pythoncore-3.14-64\Lib\tokenize.py
cfn=find_cookie
calls=1 400
457 10900
cfl=C:\Users\Pedro\AppData\Local\Python\pythoncore-3.14-64\Lib\traceback.py
cfn=_safe_string
calls=1 200
457 500
cfl=C:\Users\Pedro\AppData\Local\Python\pythoncore-3.14-64\Lib\traceback.py
cfn=_load_lines
calls=1 1213
457 9400
cfl=c:\Users\Pedro\faculdade\IniciacaoCientifica\grn\.env\Lib\site-packages\zmq\sugar\socket.py
cfn=send
calls=3 623
457 4000
cfl=~
cfn=<built-in method _io.open>
calls=5 0
457 175200
cfl=~
cfn=<built-in method builtins.getattr>
calls=1 0
457 900
cfl=~
cfn=<built-in method builtins.isinstance>
calls=1 0
457 400
cfl=~
cfn=<built-in method builtins.issubclass>
calls=3 0
457 400
cfl=~
cfn=<built-in method builtins.len>
calls=1 0
457 200
cfl=~
cfn=<method 'append' of 'list' objects>
calls=1 0
457 200
cfl=~
cfn=<method 'endswith' of 'str' objects>
calls=1 0
457 100
cfl=~
cfn=<method 'extend' of 'list' objects>
calls=1 0
457 500
cfl=~
cfn=<method 'pop' of 'list' objects>
calls=1 0
457 400
cfl=~
cfn=<method 'replace' of 'str' objects>
calls=1 0
457 400
cfl=~
cfn=<method 'seek' of '_io.BufferedReader' objects>
calls=2 0
457 1100
cfl=~
cfn=<method 'startswith' of 'bytes' objects>
calls=1 0
457 200
cfl=~
cfn=<method 'startswith' of 'str' objects>
calls=1 0
457 200

fl=C:\Users\Pedro\AppData\Local\Python\pythoncore-3.14-64\Lib\traceback.py
fn=_parse_value_tb
104 1000
cfl=~
cfn=<built-in method builtins.isinstance>
calls=1 0
104 100

fl=C:\Users\Pedro\AppData\Local\Python\pythoncore-3.14-64\Lib\traceback.py
fn=format_exception
146 18300
cfl=C:\Users\Pedro\AppData\Local\Python\pythoncore-3.14-64\Lib\logging\__init__.py
cfn=info
calls=1 1510
146 45400
cfl=C:\Users\Pedro\AppData\Local\Python\pythoncore-3.14-64\Lib\traceback.py
cfn=_parse_value_tb
calls=1 104
146 1100
cfl=C:\Users\Pedro\AppData\Local\Python\pythoncore-3.14-64\Lib\traceback.py
cfn=__init__:1044
calls=0 1044
146 0
cfl=c:\Users\Pedro\faculdade\IniciacaoCientifica\grn\.env\Lib\site-packages\pandas\io\parsers\readers.py
cfn=read_csv
calls=1 349
146 9292500
cfl=c:\Users\Pedro\faculdade\IniciacaoCientifica\grn\PythonCode\Modules\Handlers.py
cfn=run_path
calls=1 29
146 3200
cfl=~
cfn=<built-in method time.time>
calls=1 0
146 200
cfl=~
cfn=<method 'get' of 'dict' objects>
calls=1 0
146 200

fl=C:\Users\Pedro\AppData\Local\Python\pythoncore-3.14-64\Lib\traceback.py
fn=_format_final_exc_line
186 2300
cfl=C:\Users\Pedro\AppData\Local\Python\pythoncore-3.14-64\Lib\_colorize.py
cfn=get_theme
calls=1 322
186 200
cfl=C:\Users\Pedro\AppData\Local\Python\pythoncore-3.14-64\Lib\traceback.py
cfn=_safe_string
calls=1 200
186 400

fl=C:\Users\Pedro\AppData\Local\Python\pythoncore-3.14-64\Lib\traceback.py
fn=_safe_string
200 900

fl=C:\Users\Pedro\AppData\Local\Python\pythoncore-3.14-64\Lib\traceback.py
fn=format_exc
212 10600
cfl=C:\Users\Pedro\AppData\Local\Python\pythoncore-3.14-64\Lib\cProfile.py
cfn=__exit__
calls=1 120
212 90400
cfl=C:\Users\Pedro\AppData\Local\Python\pythoncore-3.14-64\Lib\traceback.py
cfn=format_exception
calls=0 146
212 0
cfl=~
cfn=<built-in method sys.exception>
calls=1 0
212 200

fl=C:\Users\Pedro\AppData\Local\Python\pythoncore-3.14-64\Lib\traceback.py
fn=clear_frames
267 5800
cfl=~
cfn=<method 'clear' of 'frame' objects>
calls=8 0
267 2400

fl=C:\Users\Pedro\AppData\Local\Python\pythoncore-3.14-64\Lib\traceback.py
fn=__init__:295
295 2900
cfl=~
cfn=<method 'get' of 'dict' objects>
calls=7 0
295 700

fl=C:\Users\Pedro\AppData\Local\Python\pythoncore-3.14-64\Lib\traceback.py
fn=_set_lines
344 50900
cfl=<frozen importlib._bootstrap>
cfn=__exit__:1229
calls=1 1229
344 600
cfl=C:\Users\Pedro\AppData\Local\Python\pythoncore-3.14-64\Lib\asyncio\base_events.py
cfn=_run_once
calls=0 1966
344 0
cfl=C:\Users\Pedro\AppData\Local\Python\pythoncore-3.14-64\Lib\linecache.py
cfn=getline
calls=10 22
344 0
cfl=c:\Users\Pedro\faculdade\IniciacaoCientifica\grn\.env\Lib\site-packages\ipykernel\iostream.py
cfn=_flush_buffers
calls=1 776
344 600
cfl=c:\Users\Pedro\faculdade\IniciacaoCientifica\grn\.env\Lib\site-packages\pandas\io\formats\csvs.py
cfn=__init__
calls=1 59
344 163300
cfl=c:\Users\Pedro\faculdade\IniciacaoCientifica\grn\.env\Lib\site-packages\pandas\io\formats\csvs.py
cfn=save
calls=1 246
344 1213500
cfl=~
cfn=<built-in method builtins.len>
calls=1 0
344 100
cfl=~
cfn=<method 'append' of 'list' objects>
calls=10 0
344 1000
cfl=~
cfn=<method 'join' of 'str' objects>
calls=2 0
344 600
cfl=~
cfn=<method 'rstrip' of 'str' objects>
calls=10 0
344 1500

fl=C:\Users\Pedro\AppData\Local\Python\pythoncore-3.14-64\Lib\traceback.py
fn=_original_lines
359 1400
cfl=C:\Users\Pedro\AppData\Local\Python\pythoncore-3.14-64\Lib\traceback.py
cfn=_set_lines
calls=7 344
359 600

fl=C:\Users\Pedro\AppData\Local\Python\pythoncore-3.14-64\Lib\traceback.py
fn=_dedented_lines
365 10400
cfl=C:\Users\Pedro\AppData\Local\Python\pythoncore-3.14-64\Lib\textwrap.py
cfn=dedent
calls=7 416
365 38400
cfl=C:\Users\Pedro\AppData\Local\Python\pythoncore-3.14-64\Lib\traceback.py
cfn=_set_lines
calls=21 344
365 2100

fl=C:\Users\Pedro\AppData\Local\Python\pythoncore-3.14-64\Lib\traceback.py
fn=line
373 47000
cfl=<frozen importlib._bootstrap>
cfn=_load_unlocked
calls=0 914
373 0
cfl=C:\Users\Pedro\AppData\Local\Python\pythoncore-3.14-64\Lib\traceback.py
cfn=_set_lines
calls=10 344
373 0
cfl=~
cfn=<method 'append' of 'list' objects>
calls=2 0
373 400
cfl=~
cfn=<method 'join' of 'str' objects>
calls=1 0
373 100
cfl=~
cfn=<method 'partition' of 'str' objects>
calls=10 0
373 2500
cfl=~
cfn=<method 'rstrip' of 'str' objects>
calls=1 0
373 200
cfl=~
cfn=<method 'strip' of 'str' objects>
calls=10 0
373 1500

fl=C:\Users\Pedro\AppData\Local\Python\pythoncore-3.14-64\Lib\traceback.py
fn=_walk_tb_with_full_positions
410 6500
cfl=C:\Users\Pedro\AppData\Local\Python\pythoncore-3.14-64\Lib\traceback.py
cfn=_get_code_position
calls=7 424
410 93700

fl=C:\Users\Pedro\AppData\Local\Python\pythoncore-3.14-64\Lib\traceback.py
fn=_get_code_position
424 7700
cfl=~
cfn=<built-in method builtins.next>
calls=7 0
424 84400
cfl=~
cfn=<method 'co_positions' of 'code' objects>
calls=7 0
424 1600

fl=C:\Users\Pedro\AppData\Local\Python\pythoncore-3.14-64\Lib\traceback.py
fn=_extract_from_extended_frame_gen
459 5000
cfl=C:\Users\Pedro\AppData\Local\Python\pythoncore-3.14-64\Lib\linecache.py
cfn=checkcache
calls=5 74
459 3600
cfl=C:\Users\Pedro\AppData\Local\Python\pythoncore-3.14-64\Lib\linecache.py
cfn=lazycache
calls=7 200
459 20000
cfl=C:\Users\Pedro\AppData\Local\Python\pythoncore-3.14-64\Lib\logging\__init__.py
cfn=info
calls=1 1510
459 91500
cfl=C:\Users\Pedro\AppData\Local\Python\pythoncore-3.14-64\Lib\traceback.py
cfn=__init__:295
calls=7 295
459 3600
cfl=C:\Users\Pedro\AppData\Local\Python\pythoncore-3.14-64\Lib\traceback.py
cfn=line
calls=0 373
459 0
cfl=C:\Users\Pedro\AppData\Local\Python\pythoncore-3.14-64\Lib\traceback.py
cfn=_walk_tb_with_full_positions
calls=8 410
459 100200
cfl=~
cfn=<built-in method builtins.getattr>
calls=1 0
459 400
cfl=~
cfn=<method 'add' of 'set' objects>
calls=7 0
459 1300
cfl=~
cfn=<method 'append' of 'list' objects>
calls=7 0
459 900

fl=C:\Users\Pedro\AppData\Local\Python\pythoncore-3.14-64\Lib\traceback.py
fn=format_frame_summary
528 140100
cfl=C:\Users\Pedro\AppData\Local\Python\pythoncore-3.14-64\Lib\_colorize.py
cfn=get_theme
calls=7 322
528 1100
cfl=C:\Users\Pedro\AppData\Local\Python\pythoncore-3.14-64\Lib\contextlib.py
cfn=__init__:444
calls=7 444
528 800
cfl=C:\Users\Pedro\AppData\Local\Python\pythoncore-3.14-64\Lib\contextlib.py
cfn=__enter__:447
calls=7 447
528 600
cfl=C:\Users\Pedro\AppData\Local\Python\pythoncore-3.14-64\Lib\contextlib.py
cfn=__exit__:450
calls=7 450
528 1100
cfl=C:\Users\Pedro\AppData\Local\Python\pythoncore-3.14-64\Lib\textwrap.py
cfn=dedent
calls=7 416
528 27300
cfl=C:\Users\Pedro\AppData\Local\Python\pythoncore-3.14-64\Lib\textwrap.py
cfn=indent
calls=7 447
528 21400
cfl=C:\Users\Pedro\AppData\Local\Python\pythoncore-3.14-64\Lib\traceback.py
cfn=_original_lines
calls=7 359
528 2000
cfl=C:\Users\Pedro\AppData\Local\Python\pythoncore-3.14-64\Lib\traceback.py
cfn=_dedented_lines
calls=21 365
528 50900
cfl=C:\Users\Pedro\AppData\Local\Python\pythoncore-3.14-64\Lib\traceback.py
cfn=output_line
calls=16 640
528 20500
cfl=C:\Users\Pedro\AppData\Local\Python\pythoncore-3.14-64\Lib\traceback.py
cfn=_should_show_carets
calls=7 712
528 132000
cfl=C:\Users\Pedro\AppData\Local\Python\pythoncore-3.14-64\Lib\traceback.py
cfn=_byte_offset_to_character_offset
calls=14 794
528 15600
cfl=C:\Users\Pedro\AppData\Local\Python\pythoncore-3.14-64\Lib\traceback.py
cfn=_extract_caret_anchors_from_line_segment
calls=7 812
528 259400
cfl=C:\Users\Pedro\AppData\Local\Python\pythoncore-3.14-64\Lib\traceback.py
cfn=_display_width
calls=26 960
528 10700
cfl=~
cfn=<built-in method builtins.len>
calls=42 0
528 3800
cfl=~
cfn=<built-in method builtins.max>
calls=14 0
528 1700
cfl=~
cfn=<built-in method builtins.sorted>
calls=7 0
528 3000
cfl=~
cfn=<method 'append' of 'list' objects>
calls=16 0
528 1300
cfl=~
cfn=<method 'discard' of 'set' objects>
calls=14 0
528 2300
cfl=~
cfn=<method 'format' of 'str' objects>
calls=7 0
528 5200
cfl=~
cfn=<method 'get' of 'dict' objects>
calls=7 0
528 1100
cfl=~
cfn=<method 'join' of 'str' objects>
calls=21 0
528 4400
cfl=~
cfn=<method 'splitlines' of 'str' objects>
calls=14 0
528 4600
cfl=~
cfn=<method 'startswith' of 'str' objects>
calls=7 0
528 1000
cfl=~
cfn=<method 'strip' of 'str' objects>
calls=7 0
528 1200
cfl=~
cfn=<method 'update' of 'set' objects>
calls=12 0
528 3600

fl=C:\Users\Pedro\AppData\Local\Python\pythoncore-3.14-64\Lib\traceback.py
fn=output_line
640 15600
cfl=~
cfn=<built-in method builtins.len>
calls=3 0
640 300
cfl=~
cfn=<method 'append' of 'list' objects>
calls=43 0
640 4100
cfl=~
cfn=<method 'join' of 'str' objects>
calls=1 0
640 300
cfl=~
cfn=<method 'lstrip' of 'str' objects>
calls=1 0
640 200

fl=C:\Users\Pedro\AppData\Local\Python\pythoncore-3.14-64\Lib\traceback.py
fn=<lambda>:704
704 1600

fl=C:\Users\Pedro\AppData\Local\Python\pythoncore-3.14-64\Lib\traceback.py
fn=_should_show_carets
712 26400
cfl=C:\Users\Pedro\AppData\Local\Python\pythoncore-3.14-64\Lib\ast.py
cfn=parse
calls=7 26
712 96700
cfl=C:\Users\Pedro\AppData\Local\Python\pythoncore-3.14-64\Lib\contextlib.py
cfn=__init__:444
calls=7 444
712 700
cfl=C:\Users\Pedro\AppData\Local\Python\pythoncore-3.14-64\Lib\contextlib.py
cfn=__enter__:447
calls=7 447
712 800
cfl=C:\Users\Pedro\AppData\Local\Python\pythoncore-3.14-64\Lib\contextlib.py
cfn=__exit__:450
calls=7 450
712 700
cfl=C:\Users\Pedro\AppData\Local\Python\pythoncore-3.14-64\Lib\traceback.py
cfn=_spawns_full_line
calls=5 720
712 3700
cfl=~
cfn=<built-in method builtins.isinstance>
calls=5 0
712 600
cfl=~
cfn=<built-in method builtins.len>
calls=5 0
712 600
cfl=~
cfn=<method 'join' of 'str' objects>
calls=7 0
712 1300
cfl=~
cfn=<method 'lstrip' of 'str' objects>
calls=1 0
712 300
cfl=~
cfn=<method 'rstrip' of 'str' objects>
calls=1 0
712 200

fl=C:\Users\Pedro\AppData\Local\Python\pythoncore-3.14-64\Lib\traceback.py
fn=_spawns_full_line
720 3200
cfl=~
cfn=<built-in method builtins.len>
calls=5 0
720 500

fl=C:\Users\Pedro\AppData\Local\Python\pythoncore-3.14-64\Lib\traceback.py
fn=format:745
745 21600
cfl=C:\Users\Pedro\AppData\Local\Python\pythoncore-3.14-64\Lib\traceback.py
cfn=format_frame_summary
calls=7 528
745 716700
cfl=~
cfn=<method 'append' of 'list' objects>
calls=7 0
745 700
cfl=~
cfn=<method 'get' of 'dict' objects>
calls=1 0
745 200

fl=C:\Users\Pedro\AppData\Local\Python\pythoncore-3.14-64\Lib\traceback.py
fn=_byte_offset_to_character_offset
794 17100
cfl=~
cfn=<built-in method builtins.len>
calls=26 0
794 1600
cfl=~
cfn=<method 'decode' of 'bytes' objects>
calls=26 0
794 4800
cfl=~
cfn=<method 'encode' of 'str' objects>
calls=26 0
794 3800

fl=C:\Users\Pedro\AppData\Local\Python\pythoncore-3.14-64\Lib\traceback.py
fn=_extract_caret_anchors_from_line_segment
812 36000
cfl=<string>
cfn=<lambda>:1
calls=6 1
812 4200
cfl=C:\Users\Pedro\AppData\Local\Python\pythoncore-3.14-64\Lib\ast.py
cfn=parse
calls=7 26
812 183200
cfl=C:\Users\Pedro\AppData\Local\Python\pythoncore-3.14-64\Lib\traceback.py
cfn=increment_until
calls=6 878
812 3900
cfl=C:\Users\Pedro\AppData\Local\Python\pythoncore-3.14-64\Lib\traceback.py
cfn=setup_positions
calls=12 890
812 29400
cfl=~
cfn=<built-in method builtins.len>
calls=6 0
812 500
cfl=~
cfn=<method 'splitlines' of 'str' objects>
calls=6 0
812 2200

fl=C:\Users\Pedro\AppData\Local\Python\pythoncore-3.14-64\Lib\traceback.py
fn=normalize
851 4400
cfl=C:\Users\Pedro\AppData\Local\Python\pythoncore-3.14-64\Lib\traceback.py
cfn=_byte_offset_to_character_offset
calls=12 794
851 11700

fl=C:\Users\Pedro\AppData\Local\Python\pythoncore-3.14-64\Lib\traceback.py
fn=next_valid_char
855 3900
cfl=~
cfn=<built-in method builtins.len>
calls=24 0
855 1600

fl=C:\Users\Pedro\AppData\Local\Python\pythoncore-3.14-64\Lib\traceback.py
fn=increment_until
878 3300
cfl=C:\Users\Pedro\AppData\Local\Python\pythoncore-3.14-64\Lib\traceback.py
cfn=<lambda>:951
calls=6 951
878 600

fl=C:\Users\Pedro\AppData\Local\Python\pythoncore-3.14-64\Lib\traceback.py
fn=setup_positions
890 7800
cfl=C:\Users\Pedro\AppData\Local\Python\pythoncore-3.14-64\Lib\traceback.py
cfn=normalize
calls=12 851
890 16100
cfl=C:\Users\Pedro\AppData\Local\Python\pythoncore-3.14-64\Lib\traceback.py
cfn=next_valid_char
calls=6 855
890 5500

fl=C:\Users\Pedro\AppData\Local\Python\pythoncore-3.14-64\Lib\traceback.py
fn=<lambda>:951
951 600

fl=C:\Users\Pedro\AppData\Local\Python\pythoncore-3.14-64\Lib\traceback.py
fn=_display_width
960 7800
cfl=~
cfn=<method 'isascii' of 'str' objects>
calls=26 0
960 2900

fl=C:\Users\Pedro\AppData\Local\Python\pythoncore-3.14-64\Lib\traceback.py
fn=__init__:982
982 900

fl=C:\Users\Pedro\AppData\Local\Python\pythoncore-3.14-64\Lib\traceback.py
fn=indent
987 1500

fl=C:\Users\Pedro\AppData\Local\Python\pythoncore-3.14-64\Lib\traceback.py
fn=emit
990 14700
cfl=C:\Users\Pedro\AppData\Local\Python\pythoncore-3.14-64\Lib\textwrap.py
cfn=indent
calls=9 447
990 33700
cfl=C:\Users\Pedro\AppData\Local\Python\pythoncore-3.14-64\Lib\traceback.py
cfn=indent
calls=3 987
990 1500
cfl=C:\Users\Pedro\AppData\Local\Python\pythoncore-3.14-64\Lib\traceback.py
cfn=format_exception_only
calls=2 1226
990 44100
cfl=~
cfn=<built-in method builtins.isinstance>
calls=3 0
990 700

fl=C:\Users\Pedro\AppData\Local\Python\pythoncore-3.14-64\Lib\traceback.py
fn=<lambda>:998
998 100

fl=C:\Users\Pedro\AppData\Local\Python\pythoncore-3.14-64\Lib\traceback.py
fn=<lambda>:1001
1001 2300

fl=C:\Users\Pedro\AppData\Local\Python\pythoncore-3.14-64\Lib\traceback.py
fn=__init__:1044
1044 14300
cfl=C:\Users\Pedro\AppData\Local\Python\pythoncore-3.14-64\Lib\traceback.py
cfn=_extract_from_extended_frame_gen
calls=0 459
1044 0
cfl=c:\Users\Pedro\faculdade\IniciacaoCientifica\grn\PythonCode\Modules\Handlers.py
cfn=save_results
calls=1 132
1044 1655500
cfl=~
cfn=<built-in method builtins.id>
calls=1 0
1044 100
cfl=~
cfn=<method 'add' of 'set' objects>
calls=1 0
1044 200

fl=C:\Users\Pedro\AppData\Local\Python\pythoncore-3.14-64\Lib\traceback.py
fn=exc_type_str
1201 800
cfl=~
cfn=<built-in method builtins.isinstance>
calls=1 0
1201 200

fl=C:\Users\Pedro\AppData\Local\Python\pythoncore-3.14-64\Lib\traceback.py
fn=_load_lines
1213 2500
cfl=C:\Users\Pedro\AppData\Local\Python\pythoncore-3.14-64\Lib\traceback.py
cfn=line
calls=7 373
1213 6900

fl=C:\Users\Pedro\AppData\Local\Python\pythoncore-3.14-64\Lib\traceback.py
fn=format_exception_only
1226 5800
cfl=C:\Users\Pedro\AppData\Local\Python\pythoncore-3.14-64\Lib\traceback.py
cfn=_format_final_exc_line
calls=1 186
1226 2900
cfl=C:\Users\Pedro\AppData\Local\Python\pythoncore-3.14-64\Lib\traceback.py
cfn=exc_type_str
calls=1 1201
1226 1000
cfl=~
cfn=<built-in method builtins.isinstance>
calls=1 0
1226 34200
cfl=~
cfn=<method 'get' of 'dict' objects>
calls=1 0
1226 200

fl=C:\Users\Pedro\AppData\Local\Python\pythoncore-3.14-64\Lib\traceback.py
fn=format:1468
1468 14700
cfl=C:\Users\Pedro\AppData\Local\Python\pythoncore-3.14-64\Lib\traceback.py
cfn=format:745
calls=1 745
1468 739200
cfl=C:\Users\Pedro\AppData\Local\Python\pythoncore-3.14-64\Lib\traceback.py
cfn=__init__:982
calls=1 982
1468 900
cfl=C:\Users\Pedro\AppData\Local\Python\pythoncore-3.14-64\Lib\traceback.py
cfn=emit
calls=12 990
1468 94700
cfl=~
cfn=<method 'append' of 'list' objects>
calls=1 0
1468 100
cfl=~
cfn=<method 'get' of 'dict' objects>
calls=1 0
1468 200

fl=C:\Users\Pedro\AppData\Local\Python\pythoncore-3.14-64\Lib\typing.py
fn=_type_convert
175 3900
cfl=~
cfn=<built-in method builtins.isinstance>
calls=10 0
175 2700

fl=C:\Users\Pedro\AppData\Local\Python\pythoncore-3.14-64\Lib\typing.py
fn=_type_check
184 33500
cfl=C:\Users\Pedro\AppData\Local\Python\pythoncore-3.14-64\Lib\typing.py
cfn=_type_convert
calls=10 175
184 6600
cfl=C:\Users\Pedro\AppData\Local\Python\pythoncore-3.14-64\Lib\typing.py
cfn=__eq__
calls=80 1355
184 25300
cfl=~
cfn=<built-in method builtins.isinstance>
calls=20 0
184 2100

fl=C:\Users\Pedro\AppData\Local\Python\pythoncore-3.14-64\Lib\typing.py
fn=inner
396 11700

fl=C:\Users\Pedro\AppData\Local\Python\pythoncore-3.14-64\Lib\typing.py
fn=__instancecheck__
1292 4000
cfl=C:\Users\Pedro\AppData\Local\Python\pythoncore-3.14-64\Lib\typing.py
cfn=__subclasscheck__
calls=5 1583
1292 15500

fl=C:\Users\Pedro\AppData\Local\Python\pythoncore-3.14-64\Lib\typing.py
fn=__eq__
1355 14900
cfl=~
cfn=<built-in method builtins.isinstance>
calls=80 0
1355 10400

fl=C:\Users\Pedro\AppData\Local\Python\pythoncore-3.14-64\Lib\typing.py
fn=__hash__
1361 9200
cfl=~
cfn=<built-in method builtins.hash>
calls=30 0
1361 3400

fl=C:\Users\Pedro\AppData\Local\Python\pythoncore-3.14-64\Lib\typing.py
fn=__subclasscheck__
1583 4800
cfl=~
cfn=<built-in method builtins.isinstance>
calls=10 0
1583 1100
cfl=~
cfn=<built-in method builtins.issubclass>
calls=5 0
1583 9600

fl=C:\Users\Pedro\AppData\Local\Python\pythoncore-3.14-64\Lib\typing.py
fn=cast
2300 6600

fl=C:\Users\Pedro\AppData\Local\Python\pythoncore-3.14-64\Lib\typing.py
fn=__getattr__
3827 3100

fl=C:\Users\Pedro\AppData\Local\Python\pythoncore-3.14-64\Lib\urllib\parse.py
fn=_noop
108 300

fl=C:\Users\Pedro\AppData\Local\Python\pythoncore-3.14-64\Lib\urllib\parse.py
fn=_coerce_args
119 3900
cfl=~
cfn=<built-in method builtins.isinstance>
calls=3 0
119 200

fl=C:\Users\Pedro\AppData\Local\Python\pythoncore-3.14-64\Lib\urllib\parse.py
fn=urlparse
374 12600
cfl=<string>
cfn=<lambda>:1
calls=3 1
374 3000
cfl=C:\Users\Pedro\AppData\Local\Python\pythoncore-3.14-64\Lib\urllib\parse.py
cfn=_noop
calls=3 108
374 300
cfl=C:\Users\Pedro\AppData\Local\Python\pythoncore-3.14-64\Lib\urllib\parse.py
cfn=_coerce_args
calls=3 119
374 4100
cfl=C:\Users\Pedro\AppData\Local\Python\pythoncore-3.14-64\Lib\urllib\parse.py
cfn=_urlparse
calls=3 399
374 24100

fl=C:\Users\Pedro\AppData\Local\Python\pythoncore-3.14-64\Lib\urllib\parse.py
fn=_urlparse
399 6300
cfl=C:\Users\Pedro\AppData\Local\Python\pythoncore-3.14-64\Lib\urllib\parse.py
cfn=_urlsplit
calls=3 499
399 17800

fl=C:\Users\Pedro\AppData\Local\Python\pythoncore-3.14-64\Lib\urllib\parse.py
fn=_checknetloc
424 900

fl=C:\Users\Pedro\AppData\Local\Python\pythoncore-3.14-64\Lib\urllib\parse.py
fn=_urlsplit
499 12400
cfl=C:\Users\Pedro\AppData\Local\Python\pythoncore-3.14-64\Lib\urllib\parse.py
cfn=_checknetloc
calls=3 424
499 900
cfl=~
cfn=<method 'find' of 'str' objects>
calls=3 0
499 500
cfl=~
cfn=<method 'lstrip' of 'str' objects>
calls=3 0
499 800
cfl=~
cfn=<method 'replace' of 'str' objects>
calls=18 0
499 2300
cfl=~
cfn=<method 'strip' of 'str' objects>
calls=3 0
499 900

fl=C:\Users\Pedro\AppData\Local\Python\pythoncore-3.14-64\Lib\warnings.py
fn=__enter__
80 9000
cfl=~
cfn=<built-in method _warnings._acquire_lock>
calls=36 0
80 3800

fl=C:\Users\Pedro\AppData\Local\Python\pythoncore-3.14-64\Lib\warnings.py
fn=__exit__
84 8300
cfl=~
cfn=<built-in method _warnings._release_lock>
calls=36 0
84 3100

fl=C:\Users\Pedro\AppData\Local\Python\pythoncore-3.14-64\Lib\weakref.py
fn=__getitem__
325 1450600

fl=C:\Users\Pedro\AppData\Local\Python\pythoncore-3.14-64\Lib\weakref.py
fn=__setitem__
334 4000

fl=c:\Users\Pedro\faculdade\IniciacaoCientifica\grn\.env\Lib\site-packages\IPython\core\displayhook.py
fn=is_active
118 104100

fl=c:\Users\Pedro\faculdade\IniciacaoCientifica\grn\.env\Lib\site-packages\IPython\core\displaypub.py
fn=is_publishing
172 131800

fl=c:\Users\Pedro\faculdade\IniciacaoCientifica\grn\.env\Lib\site-packages\IPython\core\history.py
fn=_writeout_output_cache
1047 3400
cfl=c:\Users\Pedro\faculdade\IniciacaoCientifica\grn\.env\Lib\site-packages\traitlets\traitlets.py
cfn=__get__
calls=1 695
1047 900
cfl=~
cfn=<method '__enter__' of 'sqlite3.Connection' objects>
calls=1 0
1047 200
cfl=~
cfn=<method '__exit__' of 'sqlite3.Connection' objects>
calls=1 0
1047 600

fl=c:\Users\Pedro\faculdade\IniciacaoCientifica\grn\.env\Lib\site-packages\IPython\core\history.py
fn=hold
1100 200

fl=c:\Users\Pedro\faculdade\IniciacaoCientifica\grn\.env\Lib\site-packages\IPython\core\interactiveshell.py
fn=write
3098 2561100
cfl=<string>
cfn=__init__:2
calls=3 2
3098 600
cfl=C:\Users\Pedro\AppData\Local\Python\pythoncore-3.14-64\Lib\asyncio\base_events.py
cfn=_run_once
calls=0 1966
3098 0
cfl=c:\Users\Pedro\faculdade\IniciacaoCientifica\grn\.env\Lib\site-packages\IPython\core\displayhook.py
cfn=is_active
calls=1191 118
3098 104100
cfl=c:\Users\Pedro\faculdade\IniciacaoCientifica\grn\.env\Lib\site-packages\IPython\core\displaypub.py
cfn=is_publishing
calls=1191 172
3098 131800
cfl=c:\Users\Pedro\faculdade\IniciacaoCientifica\grn\.env\Lib\site-packages\ipykernel\iostream.py
cfn=write
calls=1191 721
3098 6184300
cfl=c:\Users\Pedro\faculdade\IniciacaoCientifica\grn\.env\Lib\site-packages\traitlets\traitlets.py
cfn=__get__
calls=1191 695
3098 570300
cfl=~
cfn=<built-in method builtins.any>
calls=1191 0
3098 199800
cfl=~
cfn=<method 'append' of 'list' objects>
calls=1194 0
3098 172600

fl=c:\Users\Pedro\faculdade\IniciacaoCientifica\grn\.env\Lib\site-packages\cffi\api.py
fn=typeof
194 7100
cfl=c:\Users\Pedro\faculdade\IniciacaoCientifica\grn\.env\Lib\site-packages\cffi\api.py
cfn=_builtin_function_type
calls=1 954
194 4500
cfl=~
cfn=<built-in method builtins.isinstance>
calls=8 0
194 600

fl=c:\Users\Pedro\faculdade\IniciacaoCientifica\grn\.env\Lib\site-packages\cffi\api.py
fn=_builtin_function_type
954 4300
cfl=<frozen importlib._bootstrap>
cfn=has_location
calls=1 656
954 200

fl=c:\Users\Pedro\faculdade\IniciacaoCientifica\grn\.env\Lib\site-packages\colorama\ansitowin32.py
fn=__init__:22
22 11600

fl=c:\Users\Pedro\faculdade\IniciacaoCientifica\grn\.env\Lib\site-packages\colorama\ansitowin32.py
fn=isatty
49 74300
cfl=<frozen _collections_abc>
cfn=__contains__
calls=138 799
49 249700
cfl=c:\Users\Pedro\faculdade\IniciacaoCientifica\grn\.env\Lib\site-packages\ipykernel\iostream.py
cfn=isatty
calls=138 595
49 14700

fl=c:\Users\Pedro\faculdade\IniciacaoCientifica\grn\.env\Lib\site-packages\colorama\ansitowin32.py
fn=closed
61 29000
cfl=c:\Users\Pedro\faculdade\IniciacaoCientifica\grn\.env\Lib\site-packages\ipykernel\iostream.py
cfn=closed:639
calls=138 639
61 17000

fl=c:\Users\Pedro\faculdade\IniciacaoCientifica\grn\.env\Lib\site-packages\colorama\ansitowin32.py
fn=__init__:81
81 292300
cfl=c:\Users\Pedro\faculdade\IniciacaoCientifica\grn\.env\Lib\site-packages\colorama\ansitowin32.py
cfn=__init__:22
calls=138 22
81 11600
cfl=c:\Users\Pedro\faculdade\IniciacaoCientifica\grn\.env\Lib\site-packages\colorama\ansitowin32.py
cfn=isatty
calls=138 49
81 338700
cfl=c:\Users\Pedro\faculdade\IniciacaoCientifica\grn\.env\Lib\site-packages\colorama\ansitowin32.py
cfn=closed
calls=138 61
81 46000
cfl=c:\Users\Pedro\faculdade\IniciacaoCientifica\grn\.env\Lib\site-packages\colorama\ansitowin32.py
cfn=get_win32_calls
calls=138 131
81 27500
cfl=c:\Users\Pedro\faculdade\IniciacaoCientifica\grn\.env\Lib\site-packages\colorama\win32.py
cfn=winapi_test
calls=138 114
81 699200
cfl=c:\Users\Pedro\faculdade\IniciacaoCientifica\grn\.env\Lib\site-packages\colorama\winterm.py
cfn=enable_vt_processing
calls=138 178
81 643300
cfl=c:\Users\Pedro\faculdade\IniciacaoCientifica\grn\.env\Lib\site-packages\ipykernel\iostream.py
cfn=fileno
calls=138 436
81 84700

fl=c:\Users\Pedro\faculdade\IniciacaoCientifica\grn\.env\Lib\site-packages\colorama\ansitowin32.py
fn=should_wrap
121 14000

fl=c:\Users\Pedro\faculdade\IniciacaoCientifica\grn\.env\Lib\site-packages\colorama\ansitowin32.py
fn=get_win32_calls
131 27500

fl=c:\Users\Pedro\faculdade\IniciacaoCientifica\grn\.env\Lib\site-packages\colorama\initialise.py
fn=init
37 50900
cfl=c:\Users\Pedro\faculdade\IniciacaoCientifica\grn\.env\Lib\site-packages\colorama\initialise.py
cfn=wrap_stream
calls=138 111
37 2261400

fl=c:\Users\Pedro\faculdade\IniciacaoCientifica\grn\.env\Lib\site-packages\colorama\initialise.py
fn=deinit
65 12500

fl=c:\Users\Pedro\faculdade\IniciacaoCientifica\grn\.env\Lib\site-packages\colorama\initialise.py
fn=reinit
104 12300

fl=c:\Users\Pedro\faculdade\IniciacaoCientifica\grn\.env\Lib\site-packages\colorama\initialise.py
fn=wrap_stream
111 104100
cfl=c:\Users\Pedro\faculdade\IniciacaoCientifica\grn\.env\Lib\site-packages\colorama\ansitowin32.py
cfn=__init__:81
calls=138 81
111 2143300
cfl=c:\Users\Pedro\faculdade\IniciacaoCientifica\grn\.env\Lib\site-packages\colorama\ansitowin32.py
cfn=should_wrap
calls=138 121
111 14000

fl=c:\Users\Pedro\faculdade\IniciacaoCientifica\grn\.env\Lib\site-packages\colorama\win32.py
fn=_winapi_test
108 764700
cfl=~
cfn=<built-in method _ctypes.byref>
calls=552 0
108 54900

fl=c:\Users\Pedro\faculdade\IniciacaoCientifica\grn\.env\Lib\site-packages\colorama\win32.py
fn=winapi_test
114 330500
cfl=c:\Users\Pedro\faculdade\IniciacaoCientifica\grn\.env\Lib\site-packages\colorama\win32.py
cfn=<genexpr>
calls=828 115
114 971800

fl=c:\Users\Pedro\faculdade\IniciacaoCientifica\grn\.env\Lib\site-packages\colorama\win32.py
fn=<genexpr>
115 152200
cfl=c:\Users\Pedro\faculdade\IniciacaoCientifica\grn\.env\Lib\site-packages\colorama\win32.py
cfn=_winapi_test
calls=552 108
115 819600

fl=c:\Users\Pedro\faculdade\IniciacaoCientifica\grn\.env\Lib\site-packages\colorama\winterm.py
fn=enable_vt_processing
178 40200
cfl=c:\Users\Pedro\faculdade\IniciacaoCientifica\grn\.env\Lib\site-packages\colorama\win32.py
cfn=winapi_test
calls=138 114
178 603100

fl=c:\Users\Pedro\faculdade\IniciacaoCientifica\grn\.env\Lib\site-packages\dateutil\tz\tz.py
fn=utcoffset
74 1000

fl=c:\Users\Pedro\faculdade\IniciacaoCientifica\grn\.env\Lib\site-packages\ipykernel\iostream.py
fn=_event_pipe
210 2900

fl=c:\Users\Pedro\faculdade\IniciacaoCientifica\grn\.env\Lib\site-packages\ipykernel\iostream.py
fn=_handle_event
229 7600
cfl=c:\Users\Pedro\faculdade\IniciacaoCientifica\grn\.env\Lib\site-packages\ipykernel\iostream.py
cfn=<lambda>
calls=0 348
229 0
cfl=c:\Users\Pedro\faculdade\IniciacaoCientifica\grn\.env\Lib\site-packages\ipykernel\iostream.py
cfn=_schedule_in_thread
calls=2 653
229 47300
cfl=~
cfn=<built-in method builtins.len>
calls=5 0
229 400
cfl=~
cfn=<method 'popleft' of 'collections.deque' objects>
calls=3 0
229 500

fl=c:\Users\Pedro\faculdade\IniciacaoCientifica\grn\.env\Lib\site-packages\ipykernel\iostream.py
fn=_is_master_process:285
285 1200
cfl=~
cfn=<built-in method nt.getpid>
calls=2 0
285 700

fl=c:\Users\Pedro\faculdade\IniciacaoCientifica\grn\.env\Lib\site-packages\ipykernel\iostream.py
fn=_check_mp_mode
288 1500
cfl=c:\Users\Pedro\faculdade\IniciacaoCientifica\grn\.env\Lib\site-packages\ipykernel\iostream.py
cfn=_is_master_process:285
calls=2 285
288 1900

fl=c:\Users\Pedro\faculdade\IniciacaoCientifica\grn\.env\Lib\site-packages\ipykernel\iostream.py
fn=closed:327
327 600

fl=c:\Users\Pedro\faculdade\IniciacaoCientifica\grn\.env\Lib\site-packages\ipykernel\iostream.py
fn=schedule
331 13100
cfl=C:\Users\Pedro\AppData\Local\Python\pythoncore-3.14-64\Lib\threading.py
cfn=is_alive
calls=4 1177
331 8400
cfl=c:\Users\Pedro\faculdade\IniciacaoCientifica\grn\.env\Lib\site-packages\ipykernel\iostream.py
cfn=_event_pipe
calls=4 210
331 2900
cfl=c:\Users\Pedro\faculdade\IniciacaoCientifica\grn\.env\Lib\site-packages\zmq\sugar\socket.py
cfn=send
calls=2 623
331 46200
cfl=~
cfn=<method 'append' of 'collections.deque' objects>
calls=4 0
331 800

fl=c:\Users\Pedro\faculdade\IniciacaoCientifica\grn\.env\Lib\site-packages\ipykernel\iostream.py
fn=send_multipart
343 1700
cfl=C:\Users\Pedro\AppData\Local\Python\pythoncore-3.14-64\Lib\tokenize.py
cfn=check
calls=1 388
343 1400
cfl=C:\Users\Pedro\AppData\Local\Python\pythoncore-3.14-64\Lib\tokenize.py
cfn=find_cookie
calls=1 400
343 3200
cfl=c:\Users\Pedro\faculdade\IniciacaoCientifica\grn\.env\Lib\site-packages\ipykernel\iostream.py
cfn=schedule
calls=1 331
343 0
cfl=~
cfn=<method 'match' of 're.Pattern' objects>
calls=1 0
343 1100
cfl=~
cfn=<method 'startswith' of 'bytes' objects>
calls=1 0
343 600

fl=c:\Users\Pedro\faculdade\IniciacaoCientifica\grn\.env\Lib\site-packages\ipykernel\iostream.py
fn=<lambda>
348 2700
cfl=C:\Users\Pedro\AppData\Local\Python\pythoncore-3.14-64\Lib\logging\__init__.py
cfn=error
calls=0 1539
348 0
cfl=c:\Users\Pedro\faculdade\IniciacaoCientifica\grn\.env\Lib\site-packages\ipykernel\iostream.py
cfn=_really_send
calls=0 350
348 0

fl=c:\Users\Pedro\faculdade\IniciacaoCientifica\grn\.env\Lib\site-packages\ipykernel\iostream.py
fn=_really_send
350 6700
cfl=c:\Users\Pedro\faculdade\IniciacaoCientifica\grn\.env\Lib\site-packages\ipykernel\iostream.py
cfn=_check_mp_mode
calls=2 288
350 3400
cfl=c:\Users\Pedro\faculdade\IniciacaoCientifica\grn\.env\Lib\site-packages\ipykernel\iostream.py
cfn=closed:327
calls=2 327
350 600
cfl=c:\Users\Pedro\faculdade\IniciacaoCientifica\grn\.env\Lib\site-packages\zmq\sugar\socket.py
cfn=send_multipart
calls=0 700
350 0
cfl=~
cfn=<method 'join' of 'str' objects>
calls=1 0
350 700

fl=c:\Users\Pedro\faculdade\IniciacaoCientifica\grn\.env\Lib\site-packages\ipykernel\iostream.py
fn=fileno
436 63000
cfl=~
cfn=<built-in method builtins.getattr>
calls=138 0
436 21700

fl=c:\Users\Pedro\faculdade\IniciacaoCientifica\grn\.env\Lib\site-packages\ipykernel\iostream.py
fn=parent_header
581 357900
cfl=~
cfn=<method 'get' of '_contextvars.ContextVar' objects>
calls=1191 0
581 167000

fl=c:\Users\Pedro\faculdade\IniciacaoCientifica\grn\.env\Lib\site-packages\ipykernel\iostream.py
fn=isatty
595 14700

fl=c:\Users\Pedro\faculdade\IniciacaoCientifica\grn\.env\Lib\site-packages\ipykernel\iostream.py
fn=_is_master_process:616
616 389600
cfl=~
cfn=<built-in method nt.getpid>
calls=1191 0
616 161200

fl=c:\Users\Pedro\faculdade\IniciacaoCientifica\grn\.env\Lib\site-packages\ipykernel\iostream.py
fn=closed:639
639 17000

fl=c:\Users\Pedro\faculdade\IniciacaoCientifica\grn\.env\Lib\site-packages\ipykernel\iostream.py
fn=_schedule_flush
643 194500
cfl=c:\Users\Pedro\faculdade\IniciacaoCientifica\grn\.env\Lib\site-packages\ipykernel\iostream.py
cfn=schedule
calls=1 331
643 58500
cfl=~
cfn=<method 'append' of 'list' objects>
calls=1 0
643 400
cfl=~
cfn=<method 'get' of 'dict' objects>
calls=1 0
643 500

fl=c:\Users\Pedro\faculdade\IniciacaoCientifica\grn\.env\Lib\site-packages\ipykernel\iostream.py
fn=_schedule_in_thread
653 3600
cfl=c:\Users\Pedro\faculdade\IniciacaoCientifica\grn\.env\Lib\site-packages\tornado\ioloop.py
cfn=call_later
calls=2 604
653 43700

fl=c:\Users\Pedro\faculdade\IniciacaoCientifica\grn\.env\Lib\site-packages\ipykernel\iostream.py
fn=_flush
682 10500
cfl=C:\Users\Pedro\AppData\Local\Python\pythoncore-3.14-64\Lib\linecache.py
cfn=getline
calls=8 22
682 7400
cfl=c:\Users\Pedro\faculdade\IniciacaoCientifica\grn\.env\Lib\site-packages\ipykernel\iostream.py
cfn=_flush_buffers
calls=3 776
682 116800
cfl=c:\Users\Pedro\faculdade\IniciacaoCientifica\grn\.env\Lib\site-packages\ipykernel\iostream.py
cfn=_hooks
calls=2 791
682 3100
cfl=c:\Users\Pedro\faculdade\IniciacaoCientifica\grn\.env\Lib\site-packages\jupyter_client\session.py
cfn=msg
calls=2 655
682 37700
cfl=c:\Users\Pedro\faculdade\IniciacaoCientifica\grn\.env\Lib\site-packages\jupyter_client\session.py
cfn=send
calls=1 760
682 0
cfl=c:\Users\Pedro\faculdade\IniciacaoCientifica\grn\.env\Lib\site-packages\traitlets\traitlets.py
cfn=__set__
calls=2 727
682 19500
cfl=~
cfn=<built-in method nt.getpid>
calls=2 0
682 600
cfl=~
cfn=<method 'append' of 'list' objects>
calls=9 0
682 900
cfl=~
cfn=<method 'join' of 'str' objects>
calls=1 0
682 400
cfl=~
cfn=<method 'rstrip' of 'str' objects>
calls=9 0
682 1400

fl=c:\Users\Pedro\faculdade\IniciacaoCientifica\grn\.env\Lib\site-packages\ipykernel\iostream.py
fn=write
721 3596400
cfl=C:\Users\Pedro\AppData\Local\Python\pythoncore-3.14-64\Lib\asyncio\base_events.py
cfn=time
calls=1 766
721 1100
cfl=C:\Users\Pedro\AppData\Local\Python\pythoncore-3.14-64\Lib\asyncio\events.py
cfn=_run
calls=1 92
721 113000
cfl=C:\Users\Pedro\AppData\Local\Python\pythoncore-3.14-64\Lib\asyncio\selector_events.py
cfn=_process_events
calls=1 744
721 2300
cfl=c:\Users\Pedro\faculdade\IniciacaoCientifica\grn\.env\Lib\site-packages\dateutil\tz\tz.py
cfn=utcoffset
calls=1 74
721 400
cfl=c:\Users\Pedro\faculdade\IniciacaoCientifica\grn\.env\Lib\site-packages\ipykernel\iostream.py
cfn=parent_header
calls=1191 581
721 524900
cfl=c:\Users\Pedro\faculdade\IniciacaoCientifica\grn\.env\Lib\site-packages\ipykernel\iostream.py
cfn=_is_master_process:616
calls=1191 616
721 550800
cfl=c:\Users\Pedro\faculdade\IniciacaoCientifica\grn\.env\Lib\site-packages\ipykernel\iostream.py
cfn=_schedule_flush
calls=1190 643
721 61300
cfl=~
cfn=<built-in method builtins.isinstance>
calls=1191 0
721 95800
cfl=~
cfn=<built-in method builtins.len>
calls=1191 0
721 157000
cfl=~
cfn=<method '__enter__' of '_thread.RLock' objects>
calls=1191 0
721 219800
cfl=~
cfn=<method '__exit__' of '_thread.RLock' objects>
calls=1191 0
721 188700
cfl=~
cfn=<method 'items' of 'dict' objects>
calls=1191 0
721 191800
cfl=~
cfn=<method 'popleft' of 'collections.deque' objects>
calls=1 0
721 200
cfl=~
cfn=<method 'write' of '_io.StringIO' objects>
calls=1191 0
721 394500

fl=c:\Users\Pedro\faculdade\IniciacaoCientifica\grn\.env\Lib\site-packages\ipykernel\iostream.py
fn=_flush_buffers
776 12200
cfl=c:\Users\Pedro\faculdade\IniciacaoCientifica\grn\.env\Lib\site-packages\ipykernel\iostream.py
cfn=_rotate_buffers
calls=2 784
776 5600
cfl=~
cfn=<method 'close' of '_io.StringIO' objects>
calls=2 0
776 1500
cfl=~
cfn=<method 'getvalue' of '_io.StringIO' objects>
calls=2 0
776 97600
cfl=~
cfn=<method 'items' of 'dict' objects>
calls=2 0
776 500

fl=c:\Users\Pedro\faculdade\IniciacaoCientifica\grn\.env\Lib\site-packages\ipykernel\iostream.py
fn=_rotate_buffers
784 4100
cfl=~
cfn=<method '__enter__' of '_thread.RLock' objects>
calls=2 0
784 900
cfl=~
cfn=<method '__exit__' of '_thread.RLock' objects>
calls=2 0
784 600

fl=c:\Users\Pedro\faculdade\IniciacaoCientifica\grn\.env\Lib\site-packages\ipykernel\iostream.py
fn=_hooks
791 1100
cfl=~
cfn=<built-in method builtins.hasattr>
calls=2 0
791 2000

fl=c:\Users\Pedro\faculdade\IniciacaoCientifica\grn\.env\Lib\site-packages\jupyter_client\jsonutil.py
fn=_ensure_tzinfo
39 1900

fl=c:\Users\Pedro\faculdade\IniciacaoCientifica\grn\.env\Lib\site-packages\jupyter_client\jsonutil.py
fn=json_default
108 7600
cfl=c:\Users\Pedro\faculdade\IniciacaoCientifica\grn\.env\Lib\site-packages\jupyter_client\jsonutil.py
cfn=_ensure_tzinfo
calls=4 39
108 1900
cfl=~
cfn=<built-in method builtins.isinstance>
calls=4 0
108 500
cfl=~
cfn=<method 'isoformat' of 'datetime.datetime' objects>
calls=4 0
108 12500
cfl=~
cfn=<method 'replace' of 'str' objects>
calls=4 0
108 1900

fl=c:\Users\Pedro\faculdade\IniciacaoCientifica\grn\.env\Lib\site-packages\jupyter_client\session.py
fn=json_packer
95 9000
cfl=C:\Users\Pedro\AppData\Local\Python\pythoncore-3.14-64\Lib\json\__init__.py
cfn=dumps
calls=8 185
95 978100
cfl=~
cfn=<method 'encode' of 'str' objects>
calls=8 0
95 70000

fl=c:\Users\Pedro\faculdade\IniciacaoCientifica\grn\.env\Lib\site-packages\jupyter_client\session.py
fn=utcnow
234 1700
cfl=~
cfn=<built-in method now>
calls=2 0
234 3800

fl=c:\Users\Pedro\faculdade\IniciacaoCientifica\grn\.env\Lib\site-packages\jupyter_client\session.py
fn=msg_header:308
308 2300
cfl=c:\Users\Pedro\faculdade\IniciacaoCientifica\grn\.env\Lib\site-packages\jupyter_client\session.py
cfn=utcnow
calls=2 234
308 5500
cfl=~
cfn=<built-in method builtins.locals>
calls=2 0
308 4000

fl=c:\Users\Pedro\faculdade\IniciacaoCientifica\grn\.env\Lib\site-packages\jupyter_client\session.py
fn=extract_header
317 3500
cfl=~
cfn=<built-in method builtins.isinstance>
calls=2 0
317 200

fl=c:\Users\Pedro\faculdade\IniciacaoCientifica\grn\.env\Lib\site-packages\jupyter_client\session.py
fn=msg_id
609 4400
cfl=c:\Users\Pedro\faculdade\IniciacaoCientifica\grn\.env\Lib\site-packages\traitlets\traitlets.py
cfn=__get__
calls=2 695
609 2000
cfl=~
cfn=<built-in method nt.getpid>
calls=2 0
609 300

fl=c:\Users\Pedro\faculdade\IniciacaoCientifica\grn\.env\Lib\site-packages\jupyter_client\session.py
fn=msg_header:651
651 4500
cfl=c:\Users\Pedro\faculdade\IniciacaoCientifica\grn\.env\Lib\site-packages\jupyter_client\session.py
cfn=msg_header:308
calls=2 308
651 11800
cfl=c:\Users\Pedro\faculdade\IniciacaoCientifica\grn\.env\Lib\site-packages\jupyter_client\session.py
cfn=msg_id
calls=2 609
651 6700
cfl=c:\Users\Pedro\faculdade\IniciacaoCientifica\grn\.env\Lib\site-packages\traitlets\traitlets.py
cfn=__get__
calls=4 695
651 1900

fl=c:\Users\Pedro\faculdade\IniciacaoCientifica\grn\.env\Lib\site-packages\jupyter_client\session.py
fn=msg
655 6700
cfl=c:\Users\Pedro\faculdade\IniciacaoCientifica\grn\.env\Lib\site-packages\jupyter_client\session.py
cfn=extract_header
calls=2 317
655 3700
cfl=c:\Users\Pedro\faculdade\IniciacaoCientifica\grn\.env\Lib\site-packages\jupyter_client\session.py
cfn=msg_header:651
calls=2 651
655 24900
cfl=c:\Users\Pedro\faculdade\IniciacaoCientifica\grn\.env\Lib\site-packages\traitlets\traitlets.py
cfn=__get__
calls=2 695
655 2000
cfl=~
cfn=<method 'copy' of 'dict' objects>
calls=2 0
655 400

fl=c:\Users\Pedro\faculdade\IniciacaoCientifica\grn\.env\Lib\site-packages\jupyter_client\session.py
fn=sign
681 6300
cfl=C:\Users\Pedro\AppData\Local\Python\pythoncore-3.14-64\Lib\hmac.py
cfn=update
calls=7 149
681 3500
cfl=C:\Users\Pedro\AppData\Local\Python\pythoncore-3.14-64\Lib\hmac.py
cfn=copy
calls=2 154
681 12700
cfl=C:\Users\Pedro\AppData\Local\Python\pythoncore-3.14-64\Lib\hmac.py
cfn=hexdigest
calls=1 194
681 2900
cfl=c:\Users\Pedro\faculdade\IniciacaoCientifica\grn\.env\Lib\site-packages\traitlets\traitlets.py
cfn=__get__
calls=4 695
681 1600
cfl=~
cfn=<method '__enter__' of '_io._IOBase' objects>
calls=1 0
681 800
cfl=~
cfn=<method '__exit__' of '_io._IOBase' objects>
calls=1 0
681 13600
cfl=~
cfn=<method 'encode' of 'str' objects>
calls=1 0
681 200
cfl=~
cfn=<method 'endswith' of 'str' objects>
calls=1 0
681 300
cfl=~
cfn=<method 'readlines' of '_io._IOBase' objects>
calls=1 0
681 48000

fl=c:\Users\Pedro\faculdade\IniciacaoCientifica\grn\.env\Lib\site-packages\jupyter_client\session.py
fn=serialize
696 8600
cfl=c:\Users\Pedro\faculdade\IniciacaoCientifica\grn\.env\Lib\site-packages\jupyter_client\session.py
cfn=json_packer
calls=8 95
696 1057100
cfl=c:\Users\Pedro\faculdade\IniciacaoCientifica\grn\.env\Lib\site-packages\jupyter_client\session.py
cfn=sign
calls=1 681
696 0
cfl=c:\Users\Pedro\faculdade\IniciacaoCientifica\grn\.env\Lib\site-packages\traitlets\traitlets.py
cfn=__get__
calls=8 695
696 4600
cfl=~
cfn=<built-in method builtins.isinstance>
calls=4 0
696 800
cfl=~
cfn=<method 'append' of 'list' objects>
calls=5 0
696 700
cfl=~
cfn=<method 'extend' of 'list' objects>
calls=1 0
696 300
cfl=~
cfn=<method 'get' of 'dict' objects>
calls=2 0
696 500

fl=c:\Users\Pedro\faculdade\IniciacaoCientifica\grn\.env\Lib\site-packages\jupyter_client\session.py
fn=send
760 10300
cfl=c:\Users\Pedro\faculdade\IniciacaoCientifica\grn\.env\Lib\site-packages\ipykernel\iostream.py
cfn=send_multipart
calls=1 343
760 12400
cfl=c:\Users\Pedro\faculdade\IniciacaoCientifica\grn\.env\Lib\site-packages\jupyter_client\session.py
cfn=serialize
calls=1 696
760 0
cfl=c:\Users\Pedro\faculdade\IniciacaoCientifica\grn\.env\Lib\site-packages\traitlets\traitlets.py
cfn=__get__
calls=8 695
760 3300
cfl=~
cfn=<built-in method builtins.isinstance>
calls=6 0
760 1900
cfl=~
cfn=<built-in method builtins.len>
calls=8 0
760 800
cfl=~
cfn=<built-in method builtins.max>
calls=1 0
760 400
cfl=~
cfn=<built-in method nt.getpid>
calls=2 0
760 500
cfl=~
cfn=<method 'extend' of 'list' objects>
calls=1 0
760 200
cfl=~
cfn=<method 'get' of 'dict' objects>
calls=2 0
760 700

fl=c:\Users\Pedro\faculdade\IniciacaoCientifica\grn\.env\Lib\site-packages\numba\core\analysis.py
fn=compute_use_defs
23 648700
cfl=<string>
cfn=<lambda>:1
calls=5 1
23 4000
cfl=c:\Users\Pedro\faculdade\IniciacaoCientifica\grn\.env\Lib\site-packages\numba\core\analysis.py
cfn=<genexpr>:40
calls=720 40
23 63600
cfl=c:\Users\Pedro\faculdade\IniciacaoCientifica\grn\.env\Lib\site-packages\numba\core\ir.py
cfn=list_vars:354
calls=440 354
23 2771900
cfl=c:\Users\Pedro\faculdade\IniciacaoCientifica\grn\.env\Lib\site-packages\numba\core\ir.py
cfn=list_vars:611
calls=235 611
23 1069800
cfl=~
cfn=<built-in method builtins.isinstance>
calls=1200 0
23 94000
cfl=~
cfn=<method 'add' of 'set' objects>
calls=550 0
23 70500
cfl=~
cfn=<method 'items' of 'dict' objects>
calls=5 0
23 800

fl=c:\Users\Pedro\faculdade\IniciacaoCientifica\grn\.env\Lib\site-packages\numba\core\analysis.py
fn=<genexpr>:40
40 63600

fl=c:\Users\Pedro\faculdade\IniciacaoCientifica\grn\.env\Lib\site-packages\numba\core\analysis.py
fn=compute_live_map
60 18700
cfl=c:\Users\Pedro\faculdade\IniciacaoCientifica\grn\.env\Lib\site-packages\numba\core\analysis.py
cfn=fix_point
calls=10 76
60 283200
cfl=c:\Users\Pedro\faculdade\IniciacaoCientifica\grn\.env\Lib\site-packages\numba\core\controlflow.py
cfn=topo_order
calls=5 305
60 115700
cfl=~
cfn=<method 'keys' of 'dict' objects>
calls=5 0
60 1000

fl=c:\Users\Pedro\faculdade\IniciacaoCientifica\grn\.env\Lib\site-packages\numba\core\analysis.py
fn=fix_point_progress:71
71 37300
cfl=c:\Users\Pedro\faculdade\IniciacaoCientifica\grn\.env\Lib\site-packages\numba\core\analysis.py
cfn=<genexpr>:74
calls=155 74
71 31800
cfl=~
cfn=<method 'values' of 'dict' objects>
calls=35 0
71 4200

fl=c:\Users\Pedro\faculdade\IniciacaoCientifica\grn\.env\Lib\site-packages\numba\core\analysis.py
fn=<genexpr>:74
74 23000
cfl=~
cfn=<built-in method builtins.len>
calls=120 0
74 8800

fl=c:\Users\Pedro\faculdade\IniciacaoCientifica\grn\.env\Lib\site-packages\numba\core\analysis.py
fn=fix_point
76 21200
cfl=c:\Users\Pedro\faculdade\IniciacaoCientifica\grn\.env\Lib\site-packages\numba\core\analysis.py
cfn=fix_point_progress:71
calls=35 71
76 73300
cfl=c:\Users\Pedro\faculdade\IniciacaoCientifica\grn\.env\Lib\site-packages\numba\core\analysis.py
cfn=def_reach
calls=15 86
76 129000
cfl=c:\Users\Pedro\faculdade\IniciacaoCientifica\grn\.env\Lib\site-packages\numba\core\analysis.py
cfn=liveness
calls=10 96
76 59700

fl=c:\Users\Pedro\faculdade\IniciacaoCientifica\grn\.env\Lib\site-packages\numba\core\analysis.py
fn=def_reach
86 109100
cfl=c:\Users\Pedro\faculdade\IniciacaoCientifica\grn\.env\Lib\site-packages\numba\core\controlflow.py
cfn=successors
calls=120 125
86 19900

fl=c:\Users\Pedro\faculdade\IniciacaoCientifica\grn\.env\Lib\site-packages\numba\core\analysis.py
fn=liveness
96 45700
cfl=c:\Users\Pedro\faculdade\IniciacaoCientifica\grn\.env\Lib\site-packages\numba\core\controlflow.py
cfn=predecessors
calls=80 133
96 14000

fl=c:\Users\Pedro\faculdade\IniciacaoCientifica\grn\.env\Lib\site-packages\numba\core\analysis.py
fn=compute_dead_maps
125 166700
cfl=<string>
cfn=<lambda>:1
calls=5 1
125 3400
cfl=c:\Users\Pedro\faculdade\IniciacaoCientifica\grn\.env\Lib\site-packages\numba\core\analysis.py
cfn=<genexpr>:145
calls=40 145
125 26000
cfl=c:\Users\Pedro\faculdade\IniciacaoCientifica\grn\.env\Lib\site-packages\numba\core\analysis.py
cfn=<genexpr>:148
calls=30 148
125 3400
cfl=c:\Users\Pedro\faculdade\IniciacaoCientifica\grn\.env\Lib\site-packages\numba\core\analysis.py
cfn=<genexpr>:189
calls=25 189
125 13000
cfl=c:\Users\Pedro\faculdade\IniciacaoCientifica\grn\.env\Lib\site-packages\numba\core\ir.py
cfn=list_vars:354
calls=20 354
125 90800
cfl=c:\Users\Pedro\faculdade\IniciacaoCientifica\grn\.env\Lib\site-packages\numba\core\ir.py
cfn=terminator
calls=20 1336
125 3000
cfl=~
cfn=<built-in method _functools.reduce>
calls=40 0
125 32100
cfl=~
cfn=<method 'items' of 'dict' objects>
calls=25 0
125 3400
cfl=~
cfn=<method 'values' of 'dict' objects>
calls=40 0
125 4600

fl=c:\Users\Pedro\faculdade\IniciacaoCientifica\grn\.env\Lib\site-packages\numba\core\analysis.py
fn=<genexpr>:145
145 19100
cfl=c:\Users\Pedro\faculdade\IniciacaoCientifica\grn\.env\Lib\site-packages\numba\core\controlflow.py
cfn=successors
calls=40 125
145 6900

fl=c:\Users\Pedro\faculdade\IniciacaoCientifica\grn\.env\Lib\site-packages\numba\core\analysis.py
fn=<genexpr>:148
148 3400

fl=c:\Users\Pedro\faculdade\IniciacaoCientifica\grn\.env\Lib\site-packages\numba\core\analysis.py
fn=<genexpr>:189
189 13000

fl=c:\Users\Pedro\faculdade\IniciacaoCientifica\grn\.env\Lib\site-packages\numba\core\analysis.py
fn=compute_live_variables
197 75500
cfl=c:\Users\Pedro\faculdade\IniciacaoCientifica\grn\.env\Lib\site-packages\numba\core\analysis.py
cfn=fix_point_progress:207
calls=15 207
197 14300
cfl=c:\Users\Pedro\faculdade\IniciacaoCientifica\grn\.env\Lib\site-packages\numba\core\controlflow.py
cfn=successors
calls=80 125
197 15100
cfl=c:\Users\Pedro\faculdade\IniciacaoCientifica\grn\.env\Lib\site-packages\numba\core\controlflow.py
cfn=topo_order
calls=5 305
197 500

fl=c:\Users\Pedro\faculdade\IniciacaoCientifica\grn\.env\Lib\site-packages\numba\core\analysis.py
fn=fix_point_progress:207
207 12400
cfl=~
cfn=<method 'values' of 'dict' objects>
calls=15 0
207 1900

fl=c:\Users\Pedro\faculdade\IniciacaoCientifica\grn\.env\Lib\site-packages\numba\core\analysis.py
fn=compute_cfg_from_blocks
244 92700
cfl=c:\Users\Pedro\faculdade\IniciacaoCientifica\grn\.env\Lib\site-packages\numba\core\controlflow.py
cfn=__init__
calls=17 96
244 15900
cfl=c:\Users\Pedro\faculdade\IniciacaoCientifica\grn\.env\Lib\site-packages\numba\core\controlflow.py
cfn=add_node
calls=68 103
244 24400
cfl=c:\Users\Pedro\faculdade\IniciacaoCientifica\grn\.env\Lib\site-packages\numba\core\controlflow.py
cfn=add_edge
calls=68 110
244 74500
cfl=c:\Users\Pedro\faculdade\IniciacaoCientifica\grn\.env\Lib\site-packages\numba\core\controlflow.py
cfn=set_entry_point
calls=17 141
244 2900
cfl=c:\Users\Pedro\faculdade\IniciacaoCientifica\grn\.env\Lib\site-packages\numba\core\controlflow.py
cfn=process
calls=17 148
244 124400
cfl=c:\Users\Pedro\faculdade\IniciacaoCientifica\grn\.env\Lib\site-packages\numba\core\ir.py
cfn=get_targets:876
calls=17 876
244 1700
cfl=c:\Users\Pedro\faculdade\IniciacaoCientifica\grn\.env\Lib\site-packages\numba\core\ir.py
cfn=get_targets:893
calls=34 893
244 6800
cfl=c:\Users\Pedro\faculdade\IniciacaoCientifica\grn\.env\Lib\site-packages\numba\core\ir.py
cfn=get_targets:913
calls=17 913
244 3700
cfl=c:\Users\Pedro\faculdade\IniciacaoCientifica\grn\.env\Lib\site-packages\numba\core\ir.py
cfn=terminator
calls=68 1336
244 7100
cfl=~
cfn=<built-in method builtins.min>
calls=17 0
244 5300
cfl=~
cfn=<method 'items' of 'dict' objects>
calls=17 0
244 2700

fl=c:\Users\Pedro\faculdade\IniciacaoCientifica\grn\.env\Lib\site-packages\numba\core\analysis.py
fn=dead_branch_prune
300 78800
cfl=c:\Users\Pedro\faculdade\IniciacaoCientifica\grn\.env\Lib\site-packages\numba\core\analysis.py
cfn=compute_cfg_from_blocks
calls=3 244
300 66500
cfl=c:\Users\Pedro\faculdade\IniciacaoCientifica\grn\.env\Lib\site-packages\numba\core\analysis.py
cfn=find_branches
calls=3 313
300 17600
cfl=c:\Users\Pedro\faculdade\IniciacaoCientifica\grn\.env\Lib\site-packages\numba\core\controlflow.py
cfn=dead_nodes
calls=3 293
300 500
cfl=~
cfn=<built-in method builtins.__build_class__>
calls=3 0
300 33200
cfl=~
cfn=<built-in method builtins.isinstance>
calls=513 0
300 32500
cfl=~
cfn=<method 'items' of 'dict' objects>
calls=6 0
300 800

fl=c:\Users\Pedro\faculdade\IniciacaoCientifica\grn\.env\Lib\site-packages\numba\core\analysis.py
fn=find_branches
313 7400
cfl=c:\Users\Pedro\faculdade\IniciacaoCientifica\grn\.env\Lib\site-packages\numba\core\ir_utils.py
cfn=guard
calls=3 1459
313 7800
cfl=~
cfn=<built-in method builtins.getattr>
calls=3 0
313 400
cfl=~
cfn=<built-in method builtins.isinstance>
calls=12 0
313 1600
cfl=~
cfn=<method 'values' of 'dict' objects>
calls=3 0
313 400

fl=c:\Users\Pedro\faculdade\IniciacaoCientifica\grn\.env\Lib\site-packages\numba\core\analysis.py
fn=Unknown
388 1400

fl=c:\Users\Pedro\faculdade\IniciacaoCientifica\grn\.env\Lib\site-packages\numba\core\analysis.py
fn=rewrite_semantic_constants
593 42500
cfl=c:\Users\Pedro\faculdade\IniciacaoCientifica\grn\.env\Lib\site-packages\numba\core\analysis.py
cfn=rewrite_array_ndim
calls=47 620
593 20400
cfl=c:\Users\Pedro\faculdade\IniciacaoCientifica\grn\.env\Lib\site-packages\numba\core\analysis.py
cfn=rewrite_tuple_len
calls=47 630
593 51400
cfl=~
cfn=<built-in method builtins.isinstance>
calls=171 0
593 12400
cfl=~
cfn=<method 'values' of 'dict' objects>
calls=1 0
593 300

fl=c:\Users\Pedro\faculdade\IniciacaoCientifica\grn\.env\Lib\site-packages\numba\core\analysis.py
fn=rewrite_array_ndim
620 12200
cfl=c:\Users\Pedro\faculdade\IniciacaoCientifica\grn\.env\Lib\site-packages\numba\core\ir.py
cfn=__getattr__
calls=11 387
620 4100
cfl=~
cfn=<built-in method builtins.getattr>
calls=47 0
620 4100

fl=c:\Users\Pedro\faculdade\IniciacaoCientifica\grn\.env\Lib\site-packages\numba\core\analysis.py
fn=rewrite_tuple_len
630 18100
cfl=c:\Users\Pedro\faculdade\IniciacaoCientifica\grn\.env\Lib\site-packages\numba\core\ir.py
cfn=__getattr__
calls=12 387
630 4100
cfl=c:\Users\Pedro\faculdade\IniciacaoCientifica\grn\.env\Lib\site-packages\numba\core\ir_utils.py
cfn=guard
calls=12 1459
630 22500
cfl=~
cfn=<built-in method builtins.getattr>
calls=49 0
630 4000
cfl=~
cfn=<built-in method builtins.isinstance>
calls=13 0
630 2700

fl=c:\Users\Pedro\faculdade\IniciacaoCientifica\grn\.env\Lib\site-packages\numba\core\analysis.py
fn=find_literally_calls
664 16100
cfl=<frozen importlib._bootstrap>
cfn=_handle_fromlist
calls=1 1401
664 1000
cfl=c:\Users\Pedro\faculdade\IniciacaoCientifica\grn\.env\Lib\site-packages\numba\core\ir.py
cfn=__getattr__
calls=11 387
664 8100
cfl=c:\Users\Pedro\faculdade\IniciacaoCientifica\grn\.env\Lib\site-packages\numba\core\ir.py
cfn=find_exprs
calls=15 1282
664 29800
cfl=c:\Users\Pedro\faculdade\IniciacaoCientifica\grn\.env\Lib\site-packages\numba\core\ir_utils.py
cfn=guard
calls=20 1459
664 64000
cfl=~
cfn=<built-in method builtins.isinstance>
calls=11 0
664 1500
cfl=~
cfn=<method 'values' of 'dict' objects>
calls=1 0
664 100

fl=c:\Users\Pedro\faculdade\IniciacaoCientifica\grn\.env\Lib\site-packages\numba\core\base.py
fn=refresh
261 4500
cfl=c:\Users\Pedro\faculdade\IniciacaoCientifica\grn\.env\Lib\site-packages\numba\core\base.py
cfn=install_registry
calls=1 352
261 7400
cfl=c:\Users\Pedro\faculdade\IniciacaoCientifica\grn\.env\Lib\site-packages\numba\core\cpu.py
cfn=load_additional_registries
calls=1 102
261 131000
cfl=c:\Users\Pedro\faculdade\IniciacaoCientifica\grn\.env\Lib\site-packages\numba\core\typing\context.py
cfn=refresh
calls=1 232
261 59600

fl=c:\Users\Pedro\faculdade\IniciacaoCientifica\grn\.env\Lib\site-packages\numba\core\base.py
fn=subtarget
341 5200
cfl=C:\Users\Pedro\AppData\Local\Python\pythoncore-3.14-64\Lib\copy.py
cfn=copy
calls=1 62
341 19000
cfl=c:\Users\Pedro\faculdade\IniciacaoCientifica\grn\.env\Lib\site-packages\numba\core\cpu.py
cfn=codegen
calls=2 157
341 400
cfl=~
cfn=<built-in method builtins.hasattr>
calls=3 0
341 700
cfl=~
cfn=<built-in method builtins.setattr>
calls=3 0
341 500
cfl=~
cfn=<method 'items' of 'dict' objects>
calls=1 0
341 200

fl=c:\Users\Pedro\faculdade\IniciacaoCientifica\grn\.env\Lib\site-packages\numba\core\base.py
fn=install_registry
352 17700
cfl=c:\Users\Pedro\faculdade\IniciacaoCientifica\grn\.env\Lib\site-packages\numba\core\base.py
cfn=insert_func_defn
calls=8 368
352 12900
cfl=c:\Users\Pedro\faculdade\IniciacaoCientifica\grn\.env\Lib\site-packages\numba\core\base.py
cfn=_insert_getattr_defn
calls=8 372
352 10300
cfl=c:\Users\Pedro\faculdade\IniciacaoCientifica\grn\.env\Lib\site-packages\numba\core\base.py
cfn=_insert_setattr_defn
calls=8 376
352 10400
cfl=c:\Users\Pedro\faculdade\IniciacaoCientifica\grn\.env\Lib\site-packages\numba\core\base.py
cfn=_insert_cast_defn
calls=8 380
352 9800
cfl=c:\Users\Pedro\faculdade\IniciacaoCientifica\grn\.env\Lib\site-packages\numba\core\base.py
cfn=_insert_get_constant_defn
calls=8 384
352 10100

fl=c:\Users\Pedro\faculdade\IniciacaoCientifica\grn\.env\Lib\site-packages\numba\core\base.py
fn=insert_func_defn
368 1700
cfl=c:\Users\Pedro\faculdade\IniciacaoCientifica\grn\.env\Lib\site-packages\numba\core\typing\templates.py
cfn=new_registrations
calls=8 1322
368 11200

fl=c:\Users\Pedro\faculdade\IniciacaoCientifica\grn\.env\Lib\site-packages\numba\core\base.py
fn=_insert_getattr_defn
372 1100
cfl=c:\Users\Pedro\faculdade\IniciacaoCientifica\grn\.env\Lib\site-packages\numba\core\typing\templates.py
cfn=new_registrations
calls=8 1322
372 9200

fl=c:\Users\Pedro\faculdade\IniciacaoCientifica\grn\.env\Lib\site-packages\numba\core\base.py
fn=_insert_setattr_defn
376 1300
cfl=c:\Users\Pedro\faculdade\IniciacaoCientifica\grn\.env\Lib\site-packages\numba\core\typing\templates.py
cfn=new_registrations
calls=8 1322
376 9100

fl=c:\Users\Pedro\faculdade\IniciacaoCientifica\grn\.env\Lib\site-packages\numba\core\base.py
fn=_insert_cast_defn
380 1200
cfl=c:\Users\Pedro\faculdade\IniciacaoCientifica\grn\.env\Lib\site-packages\numba\core\typing\templates.py
cfn=new_registrations
calls=8 1322
380 8600

fl=c:\Users\Pedro\faculdade\IniciacaoCientifica\grn\.env\Lib\site-packages\numba\core\base.py
fn=_insert_get_constant_defn
384 1300
cfl=c:\Users\Pedro\faculdade\IniciacaoCientifica\grn\.env\Lib\site-packages\numba\core\typing\templates.py
cfn=new_registrations
calls=8 1322
384 8800

fl=c:\Users\Pedro\faculdade\IniciacaoCientifica\grn\.env\Lib\site-packages\numba\core\bytecode.py
fn=get_function_object
33 400
cfl=~
cfn=<built-in method builtins.getattr>
calls=1 0
33 400

fl=c:\Users\Pedro\faculdade\IniciacaoCientifica\grn\.env\Lib\site-packages\numba\core\bytecode.py
fn=get_code_object
45 600
cfl=~
cfn=<built-in method builtins.getattr>
calls=2 0
45 700

fl=c:\Users\Pedro\faculdade\IniciacaoCientifica\grn\.env\Lib\site-packages\numba\core\bytecode.py
fn=__init__:82
82 13300

fl=c:\Users\Pedro\faculdade\IniciacaoCientifica\grn\.env\Lib\site-packages\numba\core\bytecode.py
fn=is_jump
90 1800

fl=c:\Users\Pedro\faculdade\IniciacaoCientifica\grn\.env\Lib\site-packages\numba\core\bytecode.py
fn=get_jump_target
98 13400
cfl=c:\Users\Pedro\faculdade\IniciacaoCientifica\grn\.env\Lib\site-packages\numba\core\bytecode.py
cfn=is_jump
calls=4 90
98 1800
cfl=c:\Users\Pedro\faculdade\IniciacaoCientifica\grn\.env\Lib\site-packages\numba\core\bytecode.py
cfn=<genexpr>:109
calls=10 109
98 4200

fl=c:\Users\Pedro\faculdade\IniciacaoCientifica\grn\.env\Lib\site-packages\numba\core\bytecode.py
fn=<genexpr>:109
109 4200

fl=c:\Users\Pedro\faculdade\IniciacaoCientifica\grn\.env\Lib\site-packages\numba\core\bytecode.py
fn=_unpack_opargs
164 60900
cfl=C:\Users\Pedro\AppData\Local\Python\pythoncore-3.14-64\Lib\dis.py
cfn=_unpack_opargs
calls=120 934
164 119400
cfl=~
cfn=<built-in method builtins.len>
calls=120 0
164 7300
cfl=~
cfn=<method 'append' of 'list' objects>
calls=119 0
164 13800

fl=c:\Users\Pedro\faculdade\IniciacaoCientifica\grn\.env\Lib\site-packages\numba\core\bytecode.py
fn=_patched_opargs
239 29600
cfl=c:\Users\Pedro\faculdade\IniciacaoCientifica\grn\.env\Lib\site-packages\numba\core\bytecode.py
cfn=_unpack_opargs
calls=120 164
239 201400

fl=c:\Users\Pedro\faculdade\IniciacaoCientifica\grn\.env\Lib\site-packages\numba\core\bytecode.py
fn=__init__:255
255 1700
cfl=~
cfn=<built-in method builtins.iter>
calls=1 0
255 200

fl=c:\Users\Pedro\faculdade\IniciacaoCientifica\grn\.env\Lib\site-packages\numba\core\bytecode.py
fn=__iter__
259 100

fl=c:\Users\Pedro\faculdade\IniciacaoCientifica\grn\.env\Lib\site-packages\numba\core\bytecode.py
fn=_fetch_opcode
262 19900
cfl=~
cfn=<built-in method builtins.next>
calls=121 0
262 252600

fl=c:\Users\Pedro\faculdade\IniciacaoCientifica\grn\.env\Lib\site-packages\numba\core\bytecode.py
fn=next
265 101800
cfl=c:\Users\Pedro\faculdade\IniciacaoCientifica\grn\.env\Lib\site-packages\numba\core\bytecode.py
cfn=__init__:82
calls=120 82
265 13300
cfl=c:\Users\Pedro\faculdade\IniciacaoCientifica\grn\.env\Lib\site-packages\numba\core\bytecode.py
cfn=_fetch_opcode
calls=121 262
265 272500

fl=c:\Users\Pedro\faculdade\IniciacaoCientifica\grn\.env\Lib\site-packages\numba\core\bytecode.py
fn=__init__:288
288 53900
cfl=C:\Users\Pedro\AppData\Local\Python\pythoncore-3.14-64\Lib\dis.py
cfn=findlabels
calls=1 965
288 242900
cfl=c:\Users\Pedro\faculdade\IniciacaoCientifica\grn\.env\Lib\site-packages\numba\core\bytecode.py
cfn=__init__:255
calls=1 255
288 1900
cfl=c:\Users\Pedro\faculdade\IniciacaoCientifica\grn\.env\Lib\site-packages\numba\core\bytecode.py
cfn=__iter__
calls=1 259
288 100
cfl=c:\Users\Pedro\faculdade\IniciacaoCientifica\grn\.env\Lib\site-packages\numba\core\bytecode.py
cfn=next
calls=121 265
288 387600
cfl=c:\Users\Pedro\faculdade\IniciacaoCientifica\grn\.env\Lib\site-packages\numba\core\bytecode.py
cfn=<genexpr>:291
calls=3 291
288 1100
cfl=c:\Users\Pedro\faculdade\IniciacaoCientifica\grn\.env\Lib\site-packages\numba\core\bytecode.py
cfn=_compute_lineno
calls=1 308
288 23400
cfl=~
cfn=<built-in method builtins.sorted>
calls=1 0
288 1400
cfl=~
cfn=<method 'add' of 'set' objects>
calls=1 0
288 200

fl=c:\Users\Pedro\faculdade\IniciacaoCientifica\grn\.env\Lib\site-packages\numba\core\bytecode.py
fn=<genexpr>:291
291 1100

fl=c:\Users\Pedro\faculdade\IniciacaoCientifica\grn\.env\Lib\site-packages\numba\core\bytecode.py
fn=_compute_lineno
308 14300
cfl=C:\Users\Pedro\AppData\Local\Python\pythoncore-3.14-64\Lib\dis.py
cfn=findlinestarts
calls=13 981
308 8500
cfl=~
cfn=<method 'values' of 'collections.OrderedDict' objects>
calls=1 0
308 600

fl=c:\Users\Pedro\faculdade\IniciacaoCientifica\grn\.env\Lib\site-packages\numba\core\bytecode.py
fn=__getitem__
330 56200

fl=c:\Users\Pedro\faculdade\IniciacaoCientifica\grn\.env\Lib\site-packages\numba\core\bytecode.py
fn=__init__:396
396 8100
cfl=C:\Users\Pedro\AppData\Local\Python\pythoncore-3.14-64\Lib\dis.py
cfn=__init__
calls=1 1042
396 18400
cfl=c:\Users\Pedro\faculdade\IniciacaoCientifica\grn\.env\Lib\site-packages\numba\core\bytecode.py
cfn=__init__:288
calls=1 288
396 712500

fl=c:\Users\Pedro\faculdade\IniciacaoCientifica\grn\.env\Lib\site-packages\numba\core\bytecode.py
fn=find_exception_entry
412 12700

fl=c:\Users\Pedro\faculdade\IniciacaoCientifica\grn\.env\Lib\site-packages\numba\core\bytecode.py
fn=__init__:427
427 10400
cfl=C:\Users\Pedro\AppData\Local\Python\pythoncore-3.14-64\Lib\dis.py
cfn=__init__
calls=1 1042
427 8200
cfl=c:\Users\Pedro\faculdade\IniciacaoCientifica\grn\.env\Lib\site-packages\numba\core\bytecode.py
cfn=__init__:396
calls=1 396
427 739000
cfl=c:\Users\Pedro\faculdade\IniciacaoCientifica\grn\.env\Lib\site-packages\numba\core\bytecode.py
cfn=remove_build_list_swap_pattern
calls=1 460
427 3400

fl=c:\Users\Pedro\faculdade\IniciacaoCientifica\grn\.env\Lib\site-packages\numba\core\bytecode.py
fn=remove_build_list_swap_pattern
460 3000
cfl=~
cfn=<method 'copy' of 'list' objects>
calls=1 0
460 400

fl=c:\Users\Pedro\faculdade\IniciacaoCientifica\grn\.env\Lib\site-packages\numba\core\bytecode.py
fn=from_function
630 15700
cfl=C:\Users\Pedro\AppData\Local\Python\pythoncore-3.14-64\Lib\inspect.py
cfn=isgeneratorfunction
calls=1 298
630 8900
cfl=C:\Users\Pedro\AppData\Local\Python\pythoncore-3.14-64\Lib\inspect.py
cfn=getmodule
calls=1 898
630 2700
cfl=C:\Users\Pedro\AppData\Local\Python\pythoncore-3.14-64\Lib\inspect.py
cfn=parameters
calls=2 3042
630 300
cfl=C:\Users\Pedro\AppData\Local\Python\pythoncore-3.14-64\Lib\inspect.py
cfn=signature
calls=1 3319
630 85600
cfl=c:\Users\Pedro\faculdade\IniciacaoCientifica\grn\.env\Lib\site-packages\numba\core\bytecode.py
cfn=get_function_object
calls=1 33
630 800
cfl=c:\Users\Pedro\faculdade\IniciacaoCientifica\grn\.env\Lib\site-packages\numba\core\bytecode.py
cfn=get_code_object
calls=1 45
630 1300
cfl=~
cfn=<built-in method builtins.len>
calls=1 0
630 300
cfl=~
cfn=<built-in method builtins.next>
calls=1 0
630 300
cfl=~
cfn=<method 'format' of 'str' objects>
calls=1 0
630 1200
cfl=~
cfn=<method 'split' of 'str' objects>
calls=1 0
630 600

fl=c:\Users\Pedro\faculdade\IniciacaoCientifica\grn\.env\Lib\site-packages\numba\core\byteflow.py
fn=__init__:52
52 10800

fl=c:\Users\Pedro\faculdade\IniciacaoCientifica\grn\.env\Lib\site-packages\numba\core\byteflow.py
fn=__init__:80
80 3600
cfl=C:\Users\Pedro\AppData\Local\Python\pythoncore-3.14-64\Lib\logging\__init__.py
cfn=debug
calls=1 1498
80 5600
cfl=c:\Users\Pedro\faculdade\IniciacaoCientifica\grn\.env\Lib\site-packages\numba\core\utils.py
cfn=__init__:767
calls=1 767
80 600

fl=c:\Users\Pedro\faculdade\IniciacaoCientifica\grn\.env\Lib\site-packages\numba\core\byteflow.py
fn=run
86 124400
cfl=C:\Users\Pedro\AppData\Local\Python\pythoncore-3.14-64\Lib\logging\__init__.py
cfn=debug
calls=21 1498
86 7300
cfl=c:\Users\Pedro\faculdade\IniciacaoCientifica\grn\.env\Lib\site-packages\numba\core\byteflow.py
cfn=_run_handle_exception
calls=117 145
86 312100
cfl=c:\Users\Pedro\faculdade\IniciacaoCientifica\grn\.env\Lib\site-packages\numba\core\byteflow.py
cfn=_build_cfg
calls=1 197
86 32600
cfl=c:\Users\Pedro\faculdade\IniciacaoCientifica\grn\.env\Lib\site-packages\numba\core\byteflow.py
cfn=_prune_phis
calls=1 209
86 81800
cfl=c:\Users\Pedro\faculdade\IniciacaoCientifica\grn\.env\Lib\site-packages\numba\core\byteflow.py
cfn=_is_implicit_new_block
calls=117 286
86 61200
cfl=c:\Users\Pedro\faculdade\IniciacaoCientifica\grn\.env\Lib\site-packages\numba\core\byteflow.py
cfn=_guard_with_as
calls=1 297
86 100
cfl=c:\Users\Pedro\faculdade\IniciacaoCientifica\grn\.env\Lib\site-packages\numba\core\byteflow.py
cfn=__init__:324
calls=1 324
86 600
cfl=c:\Users\Pedro\faculdade\IniciacaoCientifica\grn\.env\Lib\site-packages\numba\core\byteflow.py
cfn=dispatch
calls=120 332
86 1075400
cfl=c:\Users\Pedro\faculdade\IniciacaoCientifica\grn\.env\Lib\site-packages\numba\core\byteflow.py
cfn=__hash__
calls=5 2036
86 4500
cfl=c:\Users\Pedro\faculdade\IniciacaoCientifica\grn\.env\Lib\site-packages\numba\core\byteflow.py
cfn=__eq__
calls=1 2042
86 900
cfl=c:\Users\Pedro\faculdade\IniciacaoCientifica\grn\.env\Lib\site-packages\numba\core\byteflow.py
cfn=pc_initial
calls=8 2045
86 700
cfl=c:\Users\Pedro\faculdade\IniciacaoCientifica\grn\.env\Lib\site-packages\numba\core\byteflow.py
cfn=outgoing_edges
calls=4 2059
86 400
cfl=c:\Users\Pedro\faculdade\IniciacaoCientifica\grn\.env\Lib\site-packages\numba\core\byteflow.py
cfn=has_terminated
calls=120 2101
86 10600
cfl=c:\Users\Pedro\faculdade\IniciacaoCientifica\grn\.env\Lib\site-packages\numba\core\byteflow.py
cfn=split_new_block
calls=1 2271
86 9800
cfl=c:\Users\Pedro\faculdade\IniciacaoCientifica\grn\.env\Lib\site-packages\numba\core\byteflow.py
cfn=get_outgoing_states
calls=4 2276
86 52800
cfl=c:\Users\Pedro\faculdade\IniciacaoCientifica\grn\.env\Lib\site-packages\numba\core\byteflow.py
cfn=__init__:2338
calls=1 2338
86 7900
cfl=c:\Users\Pedro\faculdade\IniciacaoCientifica\grn\.env\Lib\site-packages\numba\core\byteflow.py
cfn=adapt_state_infos
calls=4 2380
86 65300
cfl=c:\Users\Pedro\faculdade\IniciacaoCientifica\grn\.env\Lib\site-packages\numba\core\utils.py
cfn=__setitem__
calls=8 445
86 6400
cfl=~
cfn=<built-in method builtins.sorted>
calls=1 0
86 2500
cfl=~
cfn=<method 'add' of 'set' objects>
calls=4 0
86 4800
cfl=~
cfn=<method 'append' of 'collections.deque' objects>
calls=1 0
86 100
cfl=~
cfn=<method 'extend' of 'collections.deque' objects>
calls=4 0
86 1100
cfl=~
cfn=<method 'popleft' of 'collections.deque' objects>
calls=5 0
86 900

fl=c:\Users\Pedro\faculdade\IniciacaoCientifica\grn\.env\Lib\site-packages\numba\core\byteflow.py
fn=<lambda>
140 800
cfl=c:\Users\Pedro\faculdade\IniciacaoCientifica\grn\.env\Lib\site-packages\numba\core\byteflow.py
cfn=pc_initial
calls=4 2045
140 200

fl=c:\Users\Pedro\faculdade\IniciacaoCientifica\grn\.env\Lib\site-packages\numba\core\byteflow.py
fn=_run_handle_exception
145 97900
cfl=c:\Users\Pedro\faculdade\IniciacaoCientifica\grn\.env\Lib\site-packages\numba\core\byteflow.py
cfn=advance_pc
calls=117 2107
145 56700
cfl=c:\Users\Pedro\faculdade\IniciacaoCientifica\grn\.env\Lib\site-packages\numba\core\byteflow.py
cfn=has_active_try
calls=117 2214
145 94300
cfl=c:\Users\Pedro\faculdade\IniciacaoCientifica\grn\.env\Lib\site-packages\numba\core\byteflow.py
cfn=is_in_exception
calls=117 2320
145 39800
cfl=c:\Users\Pedro\faculdade\IniciacaoCientifica\grn\.env\Lib\site-packages\numba\core\byteflow.py
cfn=in_with
calls=234 2328
145 23400

fl=c:\Users\Pedro\faculdade\IniciacaoCientifica\grn\.env\Lib\site-packages\numba\core\byteflow.py
fn=_build_cfg
197 9500
cfl=c:\Users\Pedro\faculdade\IniciacaoCientifica\grn\.env\Lib\site-packages\numba\core\byteflow.py
cfn=pc_initial
calls=8 2045
197 700
cfl=c:\Users\Pedro\faculdade\IniciacaoCientifica\grn\.env\Lib\site-packages\numba\core\byteflow.py
cfn=outgoing_edges
calls=4 2059
197 400
cfl=c:\Users\Pedro\faculdade\IniciacaoCientifica\grn\.env\Lib\site-packages\numba\core\controlflow.py
cfn=__init__
calls=1 96
197 1500
cfl=c:\Users\Pedro\faculdade\IniciacaoCientifica\grn\.env\Lib\site-packages\numba\core\controlflow.py
cfn=add_node
calls=4 103
197 1300
cfl=c:\Users\Pedro\faculdade\IniciacaoCientifica\grn\.env\Lib\site-packages\numba\core\controlflow.py
cfn=add_edge
calls=4 110
197 7900
cfl=c:\Users\Pedro\faculdade\IniciacaoCientifica\grn\.env\Lib\site-packages\numba\core\controlflow.py
cfn=set_entry_point
calls=1 141
197 100
cfl=c:\Users\Pedro\faculdade\IniciacaoCientifica\grn\.env\Lib\site-packages\numba\core\controlflow.py
cfn=process
calls=1 148
197 11200

fl=c:\Users\Pedro\faculdade\IniciacaoCientifica\grn\.env\Lib\site-packages\numba\core\byteflow.py
fn=_prune_phis
209 11700
cfl=C:\Users\Pedro\AppData\Local\Python\pythoncore-3.14-64\Lib\logging\__init__.py
cfn=debug
calls=3 1498
209 900
cfl=c:\Users\Pedro\faculdade\IniciacaoCientifica\grn\.env\Lib\site-packages\numba\core\byteflow.py
cfn=get_used_phis_per_state
calls=1 217
209 15800
cfl=c:\Users\Pedro\faculdade\IniciacaoCientifica\grn\.env\Lib\site-packages\numba\core\byteflow.py
cfn=find_use_defs
calls=1 228
209 12600
cfl=c:\Users\Pedro\faculdade\IniciacaoCientifica\grn\.env\Lib\site-packages\numba\core\byteflow.py
cfn=propagate_phi_map
calls=1 241
209 25700
cfl=c:\Users\Pedro\faculdade\IniciacaoCientifica\grn\.env\Lib\site-packages\numba\core\byteflow.py
cfn=apply_changes
calls=1 263
209 14200
cfl=c:\Users\Pedro\faculdade\IniciacaoCientifica\grn\.env\Lib\site-packages\numba\core\utils.py
cfn=__init__:767
calls=1 767
209 300
cfl=~
cfn=<method 'center' of 'str' objects>
calls=2 0
209 600

fl=c:\Users\Pedro\faculdade\IniciacaoCientifica\grn\.env\Lib\site-packages\numba\core\byteflow.py
fn=get_used_phis_per_state
217 8800
cfl=c:\Users\Pedro\faculdade\IniciacaoCientifica\grn\.env\Lib\site-packages\numba\core\byteflow.py
cfn=__hash__
calls=12 2036
217 7000

fl=c:\Users\Pedro\faculdade\IniciacaoCientifica\grn\.env\Lib\site-packages\numba\core\byteflow.py
fn=find_use_defs
228 6700
cfl=C:\Users\Pedro\AppData\Local\Python\pythoncore-3.14-64\Lib\logging\__init__.py
cfn=debug
calls=2 1498
228 600
cfl=c:\Users\Pedro\faculdade\IniciacaoCientifica\grn\.env\Lib\site-packages\numba\core\utils.py
cfn=__init__:767
calls=2 767
228 300
cfl=~
cfn=<method 'add' of 'set' objects>
calls=6 0
228 4200
cfl=~
cfn=<method 'items' of 'dict' objects>
calls=4 0
228 800

fl=c:\Users\Pedro\faculdade\IniciacaoCientifica\grn\.env\Lib\site-packages\numba\core\byteflow.py
fn=propagate_phi_map
241 15800
cfl=C:\Users\Pedro\AppData\Local\Python\pythoncore-3.14-64\Lib\logging\__init__.py
cfn=debug
calls=3 1498
241 1000
cfl=c:\Users\Pedro\faculdade\IniciacaoCientifica\grn\.env\Lib\site-packages\numba\core\utils.py
cfn=__init__:767
calls=3 767
241 500
cfl=~
cfn=<built-in method builtins.sorted>
calls=18 0
241 4200
cfl=~
cfn=<method 'add' of 'set' objects>
calls=5 0
241 3800
cfl=~
cfn=<method 'items' of 'dict' objects>
calls=3 0
241 400

fl=c:\Users\Pedro\faculdade\IniciacaoCientifica\grn\.env\Lib\site-packages\numba\core\byteflow.py
fn=apply_changes
263 7800
cfl=C:\Users\Pedro\AppData\Local\Python\pythoncore-3.14-64\Lib\logging\__init__.py
cfn=debug
calls=2 1498
263 500
cfl=c:\Users\Pedro\faculdade\IniciacaoCientifica\grn\.env\Lib\site-packages\numba\core\byteflow.py
cfn=__hash__
calls=10 2036
263 4100
cfl=c:\Users\Pedro\faculdade\IniciacaoCientifica\grn\.env\Lib\site-packages\numba\core\utils.py
cfn=__init__:767
calls=2 767
263 300
cfl=~
cfn=<method 'clear' of 'dict' objects>
calls=4 0
263 600
cfl=~
cfn=<method 'items' of 'dict' objects>
calls=1 0
263 100
cfl=~
cfn=<method 'update' of 'dict' objects>
calls=4 0
263 800

fl=c:\Users\Pedro\faculdade\IniciacaoCientifica\grn\.env\Lib\site-packages\numba\core\byteflow.py
fn=_is_implicit_new_block
286 32100
cfl=c:\Users\Pedro\faculdade\IniciacaoCientifica\grn\.env\Lib\site-packages\numba\core\byteflow.py
cfn=get_inst
calls=117 2104
286 29100

fl=c:\Users\Pedro\faculdade\IniciacaoCientifica\grn\.env\Lib\site-packages\numba\core\byteflow.py
fn=_guard_with_as
297 100

fl=c:\Users\Pedro\faculdade\IniciacaoCientifica\grn\.env\Lib\site-packages\numba\core\byteflow.py
fn=_is_null_temp_reg
317 4300
cfl=~
cfn=<method 'startswith' of 'str' objects>
calls=17 0
317 2300

fl=c:\Users\Pedro\faculdade\IniciacaoCientifica\grn\.env\Lib\site-packages\numba\core\byteflow.py
fn=__init__:324
324 600

fl=c:\Users\Pedro\faculdade\IniciacaoCientifica\grn\.env\Lib\site-packages\numba\core\byteflow.py
fn=dispatch
332 179600
cfl=C:\Users\Pedro\AppData\Local\Python\pythoncore-3.14-64\Lib\logging\__init__.py
cfn=debug
calls=240 1498
332 72600
cfl=c:\Users\Pedro\faculdade\IniciacaoCientifica\grn\.env\Lib\site-packages\numba\core\byteflow.py
cfn=op_NOP
calls=1 379
332 5800
cfl=c:\Users\Pedro\faculdade\IniciacaoCientifica\grn\.env\Lib\site-packages\numba\core\byteflow.py
cfn=op_RESUME
calls=1 390
332 2200
cfl=c:\Users\Pedro\faculdade\IniciacaoCientifica\grn\.env\Lib\site-packages\numba\core\byteflow.py
cfn=op_PUSH_NULL
calls=9 399
332 33800
cfl=c:\Users\Pedro\faculdade\IniciacaoCientifica\grn\.env\Lib\site-packages\numba\core\byteflow.py
cfn=op_POP_TOP
calls=1 463
332 700
cfl=c:\Users\Pedro\faculdade\IniciacaoCientifica\grn\.env\Lib\site-packages\numba\core\byteflow.py
cfn=op_LOAD_GLOBAL
calls=13 486
332 83200
cfl=c:\Users\Pedro\faculdade\IniciacaoCientifica\grn\.env\Lib\site-packages\numba\core\byteflow.py
cfn=op_LOAD_CONST
calls=2 523
332 9600
cfl=c:\Users\Pedro\faculdade\IniciacaoCientifica\grn\.env\Lib\site-packages\numba\core\byteflow.py
cfn=op_LOAD_SMALL_INT
calls=13 531
332 53500
cfl=c:\Users\Pedro\faculdade\IniciacaoCientifica\grn\.env\Lib\site-packages\numba\core\byteflow.py
cfn=op_LOAD_ATTR
calls=11 541
332 62100
cfl=c:\Users\Pedro\faculdade\IniciacaoCientifica\grn\.env\Lib\site-packages\numba\core\byteflow.py
cfn=op_LOAD_FAST
calls=16 558
332 67300
cfl=c:\Users\Pedro\faculdade\IniciacaoCientifica\grn\.env\Lib\site-packages\numba\core\byteflow.py
cfn=op_LOAD_FAST_LOAD_FAST
calls=10 587
332 66500
cfl=c:\Users\Pedro\faculdade\IniciacaoCientifica\grn\.env\Lib\site-packages\numba\core\byteflow.py
cfn=op_STORE_FAST
calls=8 652
332 18700
cfl=c:\Users\Pedro\faculdade\IniciacaoCientifica\grn\.env\Lib\site-packages\numba\core\byteflow.py
cfn=op_JUMP_BACKWARD
calls=1 983
332 10600
cfl=c:\Users\Pedro\faculdade\IniciacaoCientifica\grn\.env\Lib\site-packages\numba\core\byteflow.py
cfn=op_RETURN_VALUE
calls=1 1000
332 5900
cfl=c:\Users\Pedro\faculdade\IniciacaoCientifica\grn\.env\Lib\site-packages\numba\core\byteflow.py
cfn=op_END_FOR
calls=1 1077
332 700
cfl=c:\Users\Pedro\faculdade\IniciacaoCientifica\grn\.env\Lib\site-packages\numba\core\byteflow.py
cfn=op_STORE_SUBSCR
calls=1 1246
332 4000
cfl=c:\Users\Pedro\faculdade\IniciacaoCientifica\grn\.env\Lib\site-packages\numba\core\byteflow.py
cfn=op_CALL
calls=9 1257
332 114400
cfl=c:\Users\Pedro\faculdade\IniciacaoCientifica\grn\.env\Lib\site-packages\numba\core\byteflow.py
cfn=op_CALL_KW
calls=2 1304
332 22600
cfl=c:\Users\Pedro\faculdade\IniciacaoCientifica\grn\.env\Lib\site-packages\numba\core\byteflow.py
cfn=op_BUILD_LIST
calls=4 1522
332 34900
cfl=c:\Users\Pedro\faculdade\IniciacaoCientifica\grn\.env\Lib\site-packages\numba\core\byteflow.py
cfn=op_GET_ITER
calls=1 1602
332 6300
cfl=c:\Users\Pedro\faculdade\IniciacaoCientifica\grn\.env\Lib\site-packages\numba\core\byteflow.py
cfn=op_FOR_ITER
calls=1 1608
332 33000
cfl=c:\Users\Pedro\faculdade\IniciacaoCientifica\grn\.env\Lib\site-packages\numba\core\byteflow.py
cfn=op_BINARY_OP
calls=14 1639
332 96800
cfl=c:\Users\Pedro\faculdade\IniciacaoCientifica\grn\.env\Lib\site-packages\numba\core\byteflow.py
cfn=get_inst
calls=120 2104
332 35400
cfl=~
cfn=<built-in method builtins.getattr>
calls=120 0
332 30300
cfl=~
cfn=<method 'format' of 'str' objects>
calls=120 0
332 24900

fl=c:\Users\Pedro\faculdade\IniciacaoCientifica\grn\.env\Lib\site-packages\numba\core\byteflow.py
fn=op_NOP
379 1000
cfl=c:\Users\Pedro\faculdade\IniciacaoCientifica\grn\.env\Lib\site-packages\numba\core\byteflow.py
cfn=append
calls=1 2129
379 4800

fl=c:\Users\Pedro\faculdade\IniciacaoCientifica\grn\.env\Lib\site-packages\numba\core\byteflow.py
fn=op_RESUME
390 600
cfl=c:\Users\Pedro\faculdade\IniciacaoCientifica\grn\.env\Lib\site-packages\numba\core\byteflow.py
cfn=append
calls=1 2129
390 1600

fl=c:\Users\Pedro\faculdade\IniciacaoCientifica\grn\.env\Lib\site-packages\numba\core\byteflow.py
fn=op_PUSH_NULL
399 6300
cfl=c:\Users\Pedro\faculdade\IniciacaoCientifica\grn\.env\Lib\site-packages\numba\core\byteflow.py
cfn=append
calls=9 2129
399 9500
cfl=c:\Users\Pedro\faculdade\IniciacaoCientifica\grn\.env\Lib\site-packages\numba\core\byteflow.py
cfn=push
calls=9 2142
399 2900
cfl=c:\Users\Pedro\faculdade\IniciacaoCientifica\grn\.env\Lib\site-packages\numba\core\byteflow.py
cfn=make_null
calls=9 2333
399 15100

fl=c:\Users\Pedro\faculdade\IniciacaoCientifica\grn\.env\Lib\site-packages\numba\core\byteflow.py
fn=op_POP_TOP
463 200
cfl=c:\Users\Pedro\faculdade\IniciacaoCientifica\grn\.env\Lib\site-packages\numba\core\byteflow.py
cfn=pop
calls=1 2146
463 500

fl=c:\Users\Pedro\faculdade\IniciacaoCientifica\grn\.env\Lib\site-packages\numba\core\byteflow.py
fn=op_LOAD_GLOBAL
486 15000
cfl=c:\Users\Pedro\faculdade\IniciacaoCientifica\grn\.env\Lib\site-packages\numba\core\byteflow.py
cfn=make_temp
calls=13 2111
486 31600
cfl=c:\Users\Pedro\faculdade\IniciacaoCientifica\grn\.env\Lib\site-packages\numba\core\byteflow.py
cfn=append
calls=13 2129
486 28400
cfl=c:\Users\Pedro\faculdade\IniciacaoCientifica\grn\.env\Lib\site-packages\numba\core\byteflow.py
cfn=push
calls=15 2142
486 4700
cfl=c:\Users\Pedro\faculdade\IniciacaoCientifica\grn\.env\Lib\site-packages\numba\core\byteflow.py
cfn=make_null
calls=2 2333
486 3500

fl=c:\Users\Pedro\faculdade\IniciacaoCientifica\grn\.env\Lib\site-packages\numba\core\byteflow.py
fn=op_LOAD_CONST
523 3100
cfl=c:\Users\Pedro\faculdade\IniciacaoCientifica\grn\.env\Lib\site-packages\numba\core\byteflow.py
cfn=make_temp
calls=2 2111
523 3300
cfl=c:\Users\Pedro\faculdade\IniciacaoCientifica\grn\.env\Lib\site-packages\numba\core\byteflow.py
cfn=append
calls=2 2129
523 2700
cfl=c:\Users\Pedro\faculdade\IniciacaoCientifica\grn\.env\Lib\site-packages\numba\core\byteflow.py
cfn=push
calls=2 2142
523 500

fl=c:\Users\Pedro\faculdade\IniciacaoCientifica\grn\.env\Lib\site-packages\numba\core\byteflow.py
fn=op_LOAD_SMALL_INT
531 13200
cfl=c:\Users\Pedro\faculdade\IniciacaoCientifica\grn\.env\Lib\site-packages\numba\core\byteflow.py
cfn=make_temp
calls=13 2111
531 17000
cfl=c:\Users\Pedro\faculdade\IniciacaoCientifica\grn\.env\Lib\site-packages\numba\core\byteflow.py
cfn=append
calls=13 2129
531 19200
cfl=c:\Users\Pedro\faculdade\IniciacaoCientifica\grn\.env\Lib\site-packages\numba\core\byteflow.py
cfn=push
calls=13 2142
531 4100

fl=c:\Users\Pedro\faculdade\IniciacaoCientifica\grn\.env\Lib\site-packages\numba\core\byteflow.py
fn=op_LOAD_ATTR
541 11200
cfl=c:\Users\Pedro\faculdade\IniciacaoCientifica\grn\.env\Lib\site-packages\numba\core\byteflow.py
cfn=make_temp
calls=11 2111
541 22100
cfl=c:\Users\Pedro\faculdade\IniciacaoCientifica\grn\.env\Lib\site-packages\numba\core\byteflow.py
cfn=append
calls=11 2129
541 20600
cfl=c:\Users\Pedro\faculdade\IniciacaoCientifica\grn\.env\Lib\site-packages\numba\core\byteflow.py
cfn=push
calls=11 2142
541 3400
cfl=c:\Users\Pedro\faculdade\IniciacaoCientifica\grn\.env\Lib\site-packages\numba\core\byteflow.py
cfn=pop
calls=11 2146
541 4800

fl=c:\Users\Pedro\faculdade\IniciacaoCientifica\grn\.env\Lib\site-packages\numba\core\byteflow.py
fn=op_LOAD_FAST
558 13600
cfl=c:\Users\Pedro\faculdade\IniciacaoCientifica\grn\.env\Lib\site-packages\numba\core\byteflow.py
cfn=make_temp
calls=16 2111
558 19700
cfl=c:\Users\Pedro\faculdade\IniciacaoCientifica\grn\.env\Lib\site-packages\numba\core\byteflow.py
cfn=append
calls=16 2129
558 23500
cfl=c:\Users\Pedro\faculdade\IniciacaoCientifica\grn\.env\Lib\site-packages\numba\core\byteflow.py
cfn=push
calls=16 2142
558 4900
cfl=c:\Users\Pedro\faculdade\IniciacaoCientifica\grn\.env\Lib\site-packages\numba\core\byteflow.py
cfn=get_varname
calls=16 2219
558 5600

fl=c:\Users\Pedro\faculdade\IniciacaoCientifica\grn\.env\Lib\site-packages\numba\core\byteflow.py
fn=op_LOAD_FAST_LOAD_FAST
587 14600
cfl=c:\Users\Pedro\faculdade\IniciacaoCientifica\grn\.env\Lib\site-packages\numba\core\byteflow.py
cfn=make_temp
calls=20 2111
587 24700
cfl=c:\Users\Pedro\faculdade\IniciacaoCientifica\grn\.env\Lib\site-packages\numba\core\byteflow.py
cfn=append
calls=10 2129
587 20200
cfl=c:\Users\Pedro\faculdade\IniciacaoCientifica\grn\.env\Lib\site-packages\numba\core\byteflow.py
cfn=push
calls=20 2142
587 5000
cfl=c:\Users\Pedro\faculdade\IniciacaoCientifica\grn\.env\Lib\site-packages\numba\core\byteflow.py
cfn=get_varname_by_arg
calls=20 2224
587 2000

fl=c:\Users\Pedro\faculdade\IniciacaoCientifica\grn\.env\Lib\site-packages\numba\core\byteflow.py
fn=op_STORE_FAST
652 4300
cfl=c:\Users\Pedro\faculdade\IniciacaoCientifica\grn\.env\Lib\site-packages\numba\core\byteflow.py
cfn=append
calls=8 2129
652 11900
cfl=c:\Users\Pedro\faculdade\IniciacaoCientifica\grn\.env\Lib\site-packages\numba\core\byteflow.py
cfn=pop
calls=8 2146
652 2500

fl=c:\Users\Pedro\faculdade\IniciacaoCientifica\grn\.env\Lib\site-packages\numba\core\byteflow.py
fn=op_JUMP_BACKWARD
983 1400
cfl=c:\Users\Pedro\faculdade\IniciacaoCientifica\grn\.env\Lib\site-packages\numba\core\bytecode.py
cfn=get_jump_target
calls=1 98
983 4700
cfl=c:\Users\Pedro\faculdade\IniciacaoCientifica\grn\.env\Lib\site-packages\numba\core\byteflow.py
cfn=append
calls=1 2129
983 1100
cfl=c:\Users\Pedro\faculdade\IniciacaoCientifica\grn\.env\Lib\site-packages\numba\core\byteflow.py
cfn=fork
calls=1 2234
983 3400

fl=c:\Users\Pedro\faculdade\IniciacaoCientifica\grn\.env\Lib\site-packages\numba\core\byteflow.py
fn=op_RETURN_VALUE
1000 1200
cfl=c:\Users\Pedro\faculdade\IniciacaoCientifica\grn\.env\Lib\site-packages\numba\core\byteflow.py
cfn=make_temp
calls=1 2111
1000 2400
cfl=c:\Users\Pedro\faculdade\IniciacaoCientifica\grn\.env\Lib\site-packages\numba\core\byteflow.py
cfn=append
calls=1 2129
1000 1900
cfl=c:\Users\Pedro\faculdade\IniciacaoCientifica\grn\.env\Lib\site-packages\numba\core\byteflow.py
cfn=pop
calls=1 2146
1000 300
cfl=c:\Users\Pedro\faculdade\IniciacaoCientifica\grn\.env\Lib\site-packages\numba\core\byteflow.py
cfn=terminate
calls=1 2229
1000 100

fl=c:\Users\Pedro\faculdade\IniciacaoCientifica\grn\.env\Lib\site-packages\numba\core\byteflow.py
fn=op_END_FOR
1077 300
cfl=c:\Users\Pedro\faculdade\IniciacaoCientifica\grn\.env\Lib\site-packages\numba\core\byteflow.py
cfn=pop
calls=1 2146
1077 400

fl=c:\Users\Pedro\faculdade\IniciacaoCientifica\grn\.env\Lib\site-packages\numba\core\byteflow.py
fn=op_STORE_SUBSCR
1246 1000
cfl=c:\Users\Pedro\faculdade\IniciacaoCientifica\grn\.env\Lib\site-packages\numba\core\byteflow.py
cfn=append
calls=1 2129
1246 2200
cfl=c:\Users\Pedro\faculdade\IniciacaoCientifica\grn\.env\Lib\site-packages\numba\core\byteflow.py
cfn=pop
calls=3 2146
1246 800

fl=c:\Users\Pedro\faculdade\IniciacaoCientifica\grn\.env\Lib\site-packages\numba\core\byteflow.py
fn=op_CALL
1257 26600
cfl=c:\Users\Pedro\faculdade\IniciacaoCientifica\grn\.env\Lib\site-packages\numba\core\byteflow.py
cfn=_is_null_temp_reg
calls=9 317
1257 3800
cfl=c:\Users\Pedro\faculdade\IniciacaoCientifica\grn\.env\Lib\site-packages\numba\core\byteflow.py
cfn=make_temp
calls=9 2111
1257 18200
cfl=c:\Users\Pedro\faculdade\IniciacaoCientifica\grn\.env\Lib\site-packages\numba\core\byteflow.py
cfn=append
calls=9 2129
1257 51000
cfl=c:\Users\Pedro\faculdade\IniciacaoCientifica\grn\.env\Lib\site-packages\numba\core\byteflow.py
cfn=push
calls=9 2142
1257 2500
cfl=c:\Users\Pedro\faculdade\IniciacaoCientifica\grn\.env\Lib\site-packages\numba\core\byteflow.py
cfn=pop
calls=43 2146
1257 12300

fl=c:\Users\Pedro\faculdade\IniciacaoCientifica\grn\.env\Lib\site-packages\numba\core\byteflow.py
fn=op_CALL_KW
1304 5200
cfl=c:\Users\Pedro\faculdade\IniciacaoCientifica\grn\.env\Lib\site-packages\numba\core\byteflow.py
cfn=_is_null_temp_reg
calls=2 317
1304 600
cfl=c:\Users\Pedro\faculdade\IniciacaoCientifica\grn\.env\Lib\site-packages\numba\core\byteflow.py
cfn=make_temp
calls=2 2111
1304 4800
cfl=c:\Users\Pedro\faculdade\IniciacaoCientifica\grn\.env\Lib\site-packages\numba\core\byteflow.py
cfn=append
calls=2 2129
1304 8400
cfl=c:\Users\Pedro\faculdade\IniciacaoCientifica\grn\.env\Lib\site-packages\numba\core\byteflow.py
cfn=push
calls=2 2142
1304 500
cfl=c:\Users\Pedro\faculdade\IniciacaoCientifica\grn\.env\Lib\site-packages\numba\core\byteflow.py
cfn=pop
calls=10 2146
1304 3100

fl=c:\Users\Pedro\faculdade\IniciacaoCientifica\grn\.env\Lib\site-packages\numba\core\byteflow.py
fn=op_BUILD_LIST
1522 7500
cfl=c:\Users\Pedro\faculdade\IniciacaoCientifica\grn\.env\Lib\site-packages\numba\core\byteflow.py
cfn=make_temp
calls=4 2111
1522 7900
cfl=c:\Users\Pedro\faculdade\IniciacaoCientifica\grn\.env\Lib\site-packages\numba\core\byteflow.py
cfn=append
calls=4 2129
1522 15500
cfl=c:\Users\Pedro\faculdade\IniciacaoCientifica\grn\.env\Lib\site-packages\numba\core\byteflow.py
cfn=push
calls=4 2142
1522 1100
cfl=c:\Users\Pedro\faculdade\IniciacaoCientifica\grn\.env\Lib\site-packages\numba\core\byteflow.py
cfn=pop
calls=11 2146
1522 2900

fl=c:\Users\Pedro\faculdade\IniciacaoCientifica\grn\.env\Lib\site-packages\numba\core\byteflow.py
fn=op_GET_ITER
1602 1400
cfl=c:\Users\Pedro\faculdade\IniciacaoCientifica\grn\.env\Lib\site-packages\numba\core\byteflow.py
cfn=make_temp
calls=1 2111
1602 2100
cfl=c:\Users\Pedro\faculdade\IniciacaoCientifica\grn\.env\Lib\site-packages\numba\core\byteflow.py
cfn=append
calls=1 2129
1602 2000
cfl=c:\Users\Pedro\faculdade\IniciacaoCientifica\grn\.env\Lib\site-packages\numba\core\byteflow.py
cfn=push
calls=1 2142
1602 500
cfl=c:\Users\Pedro\faculdade\IniciacaoCientifica\grn\.env\Lib\site-packages\numba\core\byteflow.py
cfn=pop
calls=1 2146
1602 300

fl=c:\Users\Pedro\faculdade\IniciacaoCientifica\grn\.env\Lib\site-packages\numba\core\byteflow.py
fn=op_FOR_ITER
1608 9300
cfl=c:\Users\Pedro\faculdade\IniciacaoCientifica\grn\.env\Lib\site-packages\numba\core\bytecode.py
cfn=get_jump_target
calls=1 98
1608 6500
cfl=c:\Users\Pedro\faculdade\IniciacaoCientifica\grn\.env\Lib\site-packages\numba\core\byteflow.py
cfn=make_temp
calls=3 2111
1608 6000
cfl=c:\Users\Pedro\faculdade\IniciacaoCientifica\grn\.env\Lib\site-packages\numba\core\byteflow.py
cfn=append
calls=1 2129
1608 3000
cfl=c:\Users\Pedro\faculdade\IniciacaoCientifica\grn\.env\Lib\site-packages\numba\core\byteflow.py
cfn=get_tos
calls=1 2134
1608 900
cfl=c:\Users\Pedro\faculdade\IniciacaoCientifica\grn\.env\Lib\site-packages\numba\core\byteflow.py
cfn=push
calls=1 2142
1608 400
cfl=c:\Users\Pedro\faculdade\IniciacaoCientifica\grn\.env\Lib\site-packages\numba\core\byteflow.py
cfn=fork
calls=2 2234
1608 6900

fl=c:\Users\Pedro\faculdade\IniciacaoCientifica\grn\.env\Lib\site-packages\numba\core\byteflow.py
fn=op_BINARY_OP
1639 19100
cfl=c:\Users\Pedro\faculdade\IniciacaoCientifica\grn\.env\Lib\site-packages\numba\core\byteflow.py
cfn=make_temp
calls=14 2111
1639 28700
cfl=c:\Users\Pedro\faculdade\IniciacaoCientifica\grn\.env\Lib\site-packages\numba\core\byteflow.py
cfn=append
calls=14 2129
1639 37000
cfl=c:\Users\Pedro\faculdade\IniciacaoCientifica\grn\.env\Lib\site-packages\numba\core\byteflow.py
cfn=push
calls=14 2142
1639 3500
cfl=c:\Users\Pedro\faculdade\IniciacaoCientifica\grn\.env\Lib\site-packages\numba\core\byteflow.py
cfn=pop
calls=28 2146
1639 8500

fl=c:\Users\Pedro\faculdade\IniciacaoCientifica\grn\.env\Lib\site-packages\numba\core\byteflow.py
fn=__init__:1993
1993 10800
cfl=c:\Users\Pedro\faculdade\IniciacaoCientifica\grn\.env\Lib\site-packages\numba\core\byteflow.py
cfn=make_temp
calls=6 2111
1993 8500
cfl=c:\Users\Pedro\faculdade\IniciacaoCientifica\grn\.env\Lib\site-packages\numba\core\byteflow.py
cfn=push
calls=6 2142
1993 1500

fl=c:\Users\Pedro\faculdade\IniciacaoCientifica\grn\.env\Lib\site-packages\numba\core\byteflow.py
fn=get_identity
2033 5300

fl=c:\Users\Pedro\faculdade\IniciacaoCientifica\grn\.env\Lib\site-packages\numba\core\byteflow.py
fn=__hash__
2036 14400
cfl=c:\Users\Pedro\faculdade\IniciacaoCientifica\grn\.env\Lib\site-packages\numba\core\byteflow.py
cfn=get_identity
calls=42 2033
2036 5100
cfl=~
cfn=<built-in method builtins.hash>
calls=42 0
2036 4800

fl=c:\Users\Pedro\faculdade\IniciacaoCientifica\grn\.env\Lib\site-packages\numba\core\byteflow.py
fn=__eq__
2042 700
cfl=c:\Users\Pedro\faculdade\IniciacaoCientifica\grn\.env\Lib\site-packages\numba\core\byteflow.py
cfn=get_identity
calls=2 2033
2042 200

fl=c:\Users\Pedro\faculdade\IniciacaoCientifica\grn\.env\Lib\site-packages\numba\core\byteflow.py
fn=pc_initial
2045 1600

fl=c:\Users\Pedro\faculdade\IniciacaoCientifica\grn\.env\Lib\site-packages\numba\core\byteflow.py
fn=instructions
2052 400

fl=c:\Users\Pedro\faculdade\IniciacaoCientifica\grn\.env\Lib\site-packages\numba\core\byteflow.py
fn=outgoing_edges
2059 800

fl=c:\Users\Pedro\faculdade\IniciacaoCientifica\grn\.env\Lib\site-packages\numba\core\byteflow.py
fn=outgoing_phis
2069 300

fl=c:\Users\Pedro\faculdade\IniciacaoCientifica\grn\.env\Lib\site-packages\numba\core\byteflow.py
fn=blockstack_initial
2078 400

fl=c:\Users\Pedro\faculdade\IniciacaoCientifica\grn\.env\Lib\site-packages\numba\core\byteflow.py
fn=find_initial_try_block
2094 1500

fl=c:\Users\Pedro\faculdade\IniciacaoCientifica\grn\.env\Lib\site-packages\numba\core\byteflow.py
fn=has_terminated
2101 10600

fl=c:\Users\Pedro\faculdade\IniciacaoCientifica\grn\.env\Lib\site-packages\numba\core\byteflow.py
fn=get_inst
2104 75600
cfl=c:\Users\Pedro\faculdade\IniciacaoCientifica\grn\.env\Lib\site-packages\numba\core\bytecode.py
cfn=__getitem__
calls=412 330
2104 35900

fl=c:\Users\Pedro\faculdade\IniciacaoCientifica\grn\.env\Lib\site-packages\numba\core\byteflow.py
fn=advance_pc
2107 24900
cfl=c:\Users\Pedro\faculdade\IniciacaoCientifica\grn\.env\Lib\site-packages\numba\core\byteflow.py
cfn=get_inst
calls=117 2104
2107 31800

fl=c:\Users\Pedro\faculdade\IniciacaoCientifica\grn\.env\Lib\site-packages\numba\core\byteflow.py
fn=make_temp
2111 83900
cfl=c:\Users\Pedro\faculdade\IniciacaoCientifica\grn\.env\Lib\site-packages\numba\core\byteflow.py
cfn=get_inst
calls=58 2104
2111 15200
cfl=~
cfn=<built-in method builtins.len>
calls=126 0
2111 11500
cfl=~
cfn=<method 'append' of 'list' objects>
calls=126 0
2111 15000
cfl=~
cfn=<method 'format' of 'str' objects>
calls=126 0
2111 76900
cfl=~
cfn=<method 'lower' of 'str' objects>
calls=58 0
2111 9800

fl=c:\Users\Pedro\faculdade\IniciacaoCientifica\grn\.env\Lib\site-packages\numba\core\byteflow.py
fn=append
2129 130600
cfl=c:\Users\Pedro\faculdade\IniciacaoCientifica\grn\.env\Lib\site-packages\numba\core\byteflow.py
cfn=_flatten_inst_regs
calls=347 2402
2129 109200
cfl=~
cfn=<method 'append' of 'list' objects>
calls=118 0
2129 12000
cfl=~
cfn=<method 'values' of 'dict' objects>
calls=118 0
2129 12700

fl=c:\Users\Pedro\faculdade\IniciacaoCientifica\grn\.env\Lib\site-packages\numba\core\byteflow.py
fn=get_tos
2134 600
cfl=c:\Users\Pedro\faculdade\IniciacaoCientifica\grn\.env\Lib\site-packages\numba\core\byteflow.py
cfn=peek
calls=1 2137
2134 300

fl=c:\Users\Pedro\faculdade\IniciacaoCientifica\grn\.env\Lib\site-packages\numba\core\byteflow.py
fn=peek
2137 300

fl=c:\Users\Pedro\faculdade\IniciacaoCientifica\grn\.env\Lib\site-packages\numba\core\byteflow.py
fn=push
2142 23400
cfl=~
cfn=<method 'append' of 'list' objects>
calls=123 0
2142 12100

fl=c:\Users\Pedro\faculdade\IniciacaoCientifica\grn\.env\Lib\site-packages\numba\core\byteflow.py
fn=pop
2146 23200
cfl=~
cfn=<method 'pop' of 'list' objects>
calls=118 0
2146 13200

fl=c:\Users\Pedro\faculdade\IniciacaoCientifica\grn\.env\Lib\site-packages\numba\core\byteflow.py
fn=get_top_block
2198 56400
cfl=c:\Users\Pedro\faculdade\IniciacaoCientifica\grn\.env\Lib\site-packages\numba\core\byteflow.py
cfn=__init__:52
calls=117 52
2198 10800

fl=c:\Users\Pedro\faculdade\IniciacaoCientifica\grn\.env\Lib\site-packages\numba\core\byteflow.py
fn=has_active_try
2214 27100
cfl=c:\Users\Pedro\faculdade\IniciacaoCientifica\grn\.env\Lib\site-packages\numba\core\byteflow.py
cfn=get_top_block
calls=117 2198
2214 67200

fl=c:\Users\Pedro\faculdade\IniciacaoCientifica\grn\.env\Lib\site-packages\numba\core\byteflow.py
fn=get_varname
2219 4200
cfl=c:\Users\Pedro\faculdade\IniciacaoCientifica\grn\.env\Lib\site-packages\numba\core\byteflow.py
cfn=get_varname_by_arg
calls=16 2224
2219 1400

fl=c:\Users\Pedro\faculdade\IniciacaoCientifica\grn\.env\Lib\site-packages\numba\core\byteflow.py
fn=get_varname_by_arg
2224 3400

fl=c:\Users\Pedro\faculdade\IniciacaoCientifica\grn\.env\Lib\site-packages\numba\core\byteflow.py
fn=terminate
2229 600

fl=c:\Users\Pedro\faculdade\IniciacaoCientifica\grn\.env\Lib\site-packages\numba\core\byteflow.py
fn=fork
2234 11800
cfl=<string>
cfn=<lambda>:1
calls=4 1
2234 3200
cfl=c:\Users\Pedro\faculdade\IniciacaoCientifica\grn\.env\Lib\site-packages\numba\core\byteflow.py
cfn=terminate
calls=4 2229
2234 500
cfl=~
cfn=<method 'append' of 'list' objects>
calls=4 0
2234 700

fl=c:\Users\Pedro\faculdade\IniciacaoCientifica\grn\.env\Lib\site-packages\numba\core\byteflow.py
fn=split_new_block
2271 3900
cfl=c:\Users\Pedro\faculdade\IniciacaoCientifica\grn\.env\Lib\site-packages\numba\core\byteflow.py
cfn=fork
calls=1 2234
2271 5900

fl=c:\Users\Pedro\faculdade\IniciacaoCientifica\grn\.env\Lib\site-packages\numba\core\byteflow.py
fn=get_outgoing_states
2276 18500
cfl=c:\Users\Pedro\faculdade\IniciacaoCientifica\grn\.env\Lib\site-packages\numba\core\byteflow.py
cfn=_is_null_temp_reg
calls=6 317
2276 2200
cfl=c:\Users\Pedro\faculdade\IniciacaoCientifica\grn\.env\Lib\site-packages\numba\core\byteflow.py
cfn=__init__:2338
calls=4 2338
2276 27300
cfl=c:\Users\Pedro\faculdade\IniciacaoCientifica\grn\.env\Lib\site-packages\numba\core\utils.py
cfn=__setitem__
calls=6 445
2276 3400
cfl=~
cfn=<built-in method builtins.len>
calls=4 0
2276 400
cfl=~
cfn=<method 'append' of 'list' objects>
calls=4 0
2276 500
cfl=~
cfn=<method 'items' of 'dict' objects>
calls=4 0
2276 500

fl=c:\Users\Pedro\faculdade\IniciacaoCientifica\grn\.env\Lib\site-packages\numba\core\byteflow.py
fn=get_outgoing_edgepushed
2293 3000

fl=c:\Users\Pedro\faculdade\IniciacaoCientifica\grn\.env\Lib\site-packages\numba\core\byteflow.py
fn=__init__:2307
2307 6500
cfl=c:\Users\Pedro\faculdade\IniciacaoCientifica\grn\.env\Lib\site-packages\numba\core\byteflow.py
cfn=__init__:1993
calls=5 1993
2307 20800

fl=c:\Users\Pedro\faculdade\IniciacaoCientifica\grn\.env\Lib\site-packages\numba\core\byteflow.py
fn=is_in_exception
2320 27100
cfl=c:\Users\Pedro\faculdade\IniciacaoCientifica\grn\.env\Lib\site-packages\numba\core\bytecode.py
cfn=find_exception_entry
calls=117 412
2320 12700

fl=c:\Users\Pedro\faculdade\IniciacaoCientifica\grn\.env\Lib\site-packages\numba\core\byteflow.py
fn=in_with
2328 23400

fl=c:\Users\Pedro\faculdade\IniciacaoCientifica\grn\.env\Lib\site-packages\numba\core\byteflow.py
fn=make_null
2333 3300
cfl=c:\Users\Pedro\faculdade\IniciacaoCientifica\grn\.env\Lib\site-packages\numba\core\byteflow.py
cfn=make_temp
calls=11 2111
2333 15300

fl=c:\Users\Pedro\faculdade\IniciacaoCientifica\grn\.env\Lib\site-packages\numba\core\byteflow.py
fn=__init__:2338
2338 7900
cfl=c:\Users\Pedro\faculdade\IniciacaoCientifica\grn\.env\Lib\site-packages\numba\core\byteflow.py
cfn=__init__:2307
calls=5 2307
2338 27300

fl=c:\Users\Pedro\faculdade\IniciacaoCientifica\grn\.env\Lib\site-packages\numba\core\byteflow.py
fn=__init__:2365
2365 200

fl=c:\Users\Pedro\faculdade\IniciacaoCientifica\grn\.env\Lib\site-packages\numba\core\byteflow.py
fn=infos
2368 800

fl=c:\Users\Pedro\faculdade\IniciacaoCientifica\grn\.env\Lib\site-packages\numba\core\byteflow.py
fn=adapt_state_infos
2380 28400
cfl=<string>
cfn=<lambda>:1
calls=4 1
2380 2400
cfl=c:\Users\Pedro\faculdade\IniciacaoCientifica\grn\.env\Lib\site-packages\numba\core\byteflow.py
cfn=instructions
calls=4 2052
2380 400
cfl=c:\Users\Pedro\faculdade\IniciacaoCientifica\grn\.env\Lib\site-packages\numba\core\byteflow.py
cfn=outgoing_phis
calls=4 2069
2380 300
cfl=c:\Users\Pedro\faculdade\IniciacaoCientifica\grn\.env\Lib\site-packages\numba\core\byteflow.py
cfn=blockstack_initial
calls=4 2078
2380 400
cfl=c:\Users\Pedro\faculdade\IniciacaoCientifica\grn\.env\Lib\site-packages\numba\core\byteflow.py
cfn=find_initial_try_block
calls=4 2094
2380 1500
cfl=c:\Users\Pedro\faculdade\IniciacaoCientifica\grn\.env\Lib\site-packages\numba\core\byteflow.py
cfn=get_outgoing_edgepushed
calls=4 2293
2380 3000
cfl=c:\Users\Pedro\faculdade\IniciacaoCientifica\grn\.env\Lib\site-packages\numba\core\byteflow.py
cfn=process_function_attributes
calls=118 2381
2380 28900

fl=c:\Users\Pedro\faculdade\IniciacaoCientifica\grn\.env\Lib\site-packages\numba\core\byteflow.py
fn=process_function_attributes
2381 20900
cfl=c:\Users\Pedro\faculdade\IniciacaoCientifica\grn\.env\Lib\site-packages\numba\core\bytecode.py
cfn=__getitem__
calls=118 330
2381 8000

fl=c:\Users\Pedro\faculdade\IniciacaoCientifica\grn\.env\Lib\site-packages\numba\core\byteflow.py
fn=_flatten_inst_regs
2402 84600
cfl=c:\Users\Pedro\faculdade\IniciacaoCientifica\grn\.env\Lib\site-packages\numba\core\byteflow.py
cfn=_flatten_inst_regs
calls=55 2402
2402 11600
cfl=~
cfn=<built-in method builtins.isinstance>
calls=303 0
2402 24600

fl=c:\Users\Pedro\faculdade\IniciacaoCientifica\grn\.env\Lib\site-packages\numba\core\byteflow.py
fn=__init__:2416
2416 8300
cfl=c:\Users\Pedro\faculdade\IniciacaoCientifica\grn\.env\Lib\site-packages\numba\core\byteflow.py
cfn=blocks
calls=1 2443
2416 100
cfl=c:\Users\Pedro\faculdade\IniciacaoCientifica\grn\.env\Lib\site-packages\numba\core\byteflow.py
cfn=__init__:2456
calls=4 2456
2416 20500
cfl=c:\Users\Pedro\faculdade\IniciacaoCientifica\grn\.env\Lib\site-packages\numba\core\controlflow.py
cfn=backbone
calls=2 270
2416 117100
cfl=c:\Users\Pedro\faculdade\IniciacaoCientifica\grn\.env\Lib\site-packages\numba\core\controlflow.py
cfn=in_loops
calls=4 286
2416 12800
cfl=~
cfn=<method 'add' of 'set' objects>
calls=2 0
2416 200
cfl=~
cfn=<method 'items' of 'dict' objects>
calls=1 0
2416 200
cfl=~
cfn=<method 'keys' of 'dict' objects>
calls=1 0
2416 100

fl=c:\Users\Pedro\faculdade\IniciacaoCientifica\grn\.env\Lib\site-packages\numba\core\byteflow.py
fn=graph
2435 200

fl=c:\Users\Pedro\faculdade\IniciacaoCientifica\grn\.env\Lib\site-packages\numba\core\byteflow.py
fn=backbone
2439 9500

fl=c:\Users\Pedro\faculdade\IniciacaoCientifica\grn\.env\Lib\site-packages\numba\core\byteflow.py
fn=blocks
2443 700

fl=c:\Users\Pedro\faculdade\IniciacaoCientifica\grn\.env\Lib\site-packages\numba\core\byteflow.py
fn=iterliveblocks
2447 2900
cfl=c:\Users\Pedro\faculdade\IniciacaoCientifica\grn\.env\Lib\site-packages\numba\core\byteflow.py
cfn=blocks
calls=5 2443
2447 500
cfl=~
cfn=<built-in method builtins.sorted>
calls=1 0
2447 300

fl=c:\Users\Pedro\faculdade\IniciacaoCientifica\grn\.env\Lib\site-packages\numba\core\byteflow.py
fn=__init__:2456
2456 12700
cfl=c:\Users\Pedro\faculdade\IniciacaoCientifica\grn\.env\Lib\site-packages\numba\core\byteflow.py
cfn=<genexpr>
calls=122 2458
2456 7800

fl=c:\Users\Pedro\faculdade\IniciacaoCientifica\grn\.env\Lib\site-packages\numba\core\byteflow.py
fn=<genexpr>
2458 7800

fl=c:\Users\Pedro\faculdade\IniciacaoCientifica\grn\.env\Lib\site-packages\numba\core\caching.py
fn=load_overload
87 57100

fl=c:\Users\Pedro\faculdade\IniciacaoCientifica\grn\.env\Lib\site-packages\numba\core\callconv.py
fn=__init__:60
60 100

fl=c:\Users\Pedro\faculdade\IniciacaoCientifica\grn\.env\Lib\site-packages\numba\core\callconv.py
fn=__init__:899
899 100

fl=c:\Users\Pedro\faculdade\IniciacaoCientifica\grn\.env\Lib\site-packages\numba\core\callconv.py
fn=create_error_model
939 1900
cfl=c:\Users\Pedro\faculdade\IniciacaoCientifica\grn\.env\Lib\site-packages\numba\core\callconv.py
cfn=__init__:899
calls=1 899
939 100
cfl=c:\Users\Pedro\faculdade\IniciacaoCientifica\grn\.env\Lib\site-packages\numba\core\cpu.py
cfn=call_conv
calls=1 160
939 1700

fl=c:\Users\Pedro\faculdade\IniciacaoCientifica\grn\.env\Lib\site-packages\numba\core\compiler.py
fn=__init__:329
329 100

fl=c:\Users\Pedro\faculdade\IniciacaoCientifica\grn\.env\Lib\site-packages\numba\core\compiler.py
fn=__getattr__
355 29500

fl=c:\Users\Pedro\faculdade\IniciacaoCientifica\grn\.env\Lib\site-packages\numba\core\compiler.py
fn=__setattr__
361 3400

fl=c:\Users\Pedro\faculdade\IniciacaoCientifica\grn\.env\Lib\site-packages\numba\core\compiler.py
fn=_make_subtarget
365 7800
cfl=c:\Users\Pedro\faculdade\IniciacaoCientifica\grn\.env\Lib\site-packages\numba\core\base.py
cfn=subtarget
calls=1 341
365 26000
cfl=c:\Users\Pedro\faculdade\IniciacaoCientifica\grn\.env\Lib\site-packages\numba\core\callconv.py
cfn=create_error_model
calls=1 939
365 3700
cfl=c:\Users\Pedro\faculdade\IniciacaoCientifica\grn\.env\Lib\site-packages\numba\core\cpu_options.py
cfn=__bool__
calls=1 53
365 500
cfl=c:\Users\Pedro\faculdade\IniciacaoCientifica\grn\.env\Lib\site-packages\numba\core\targetconfig.py
cfn=getter
calls=7 111
365 4200

fl=c:\Users\Pedro\faculdade\IniciacaoCientifica\grn\.env\Lib\site-packages\numba\core\compiler.py
fn=__init__:391
391 17700
cfl=c:\Users\Pedro\faculdade\IniciacaoCientifica\grn\.env\Lib\site-packages\numba\core\base.py
cfn=refresh
calls=1 261
391 202500
cfl=c:\Users\Pedro\faculdade\IniciacaoCientifica\grn\.env\Lib\site-packages\numba\core\compiler.py
cfn=__init__:329
calls=1 329
391 100
cfl=c:\Users\Pedro\faculdade\IniciacaoCientifica\grn\.env\Lib\site-packages\numba\core\compiler.py
cfn=__getattr__
calls=4 355
391 400
cfl=c:\Users\Pedro\faculdade\IniciacaoCientifica\grn\.env\Lib\site-packages\numba\core\compiler.py
cfn=__setattr__
calls=20 361
391 2600
cfl=c:\Users\Pedro\faculdade\IniciacaoCientifica\grn\.env\Lib\site-packages\numba\core\compiler.py
cfn=_make_subtarget
calls=1 365
391 42200
cfl=c:\Users\Pedro\faculdade\IniciacaoCientifica\grn\.env\Lib\site-packages\numba\core\config.py
cfn=reload_config
calls=1 596
391 266000
cfl=c:\Users\Pedro\faculdade\IniciacaoCientifica\grn\.env\Lib\site-packages\numba\core\targetconfig.py
cfn=getter
calls=1 111
391 600
cfl=c:\Users\Pedro\faculdade\IniciacaoCientifica\grn\.env\Lib\site-packages\numba\core\typing\context.py
cfn=refresh
calls=1 232
391 96900
cfl=c:\Users\Pedro\faculdade\IniciacaoCientifica\grn\.env\Lib\site-packages\numba\parfors\parfor.py
cfn=__init__
calls=1 797
391 2800

fl=c:\Users\Pedro\faculdade\IniciacaoCientifica\grn\.env\Lib\site-packages\numba\core\compiler.py
fn=compile_extra:433
433 8700
cfl=c:\Users\Pedro\faculdade\IniciacaoCientifica\grn\.env\Lib\site-packages\numba\core\bytecode.py
cfn=from_function
calls=1 630
433 117700
cfl=c:\Users\Pedro\faculdade\IniciacaoCientifica\grn\.env\Lib\site-packages\numba\core\compiler.py
cfn=__setattr__
calls=3 361
433 600
cfl=c:\Users\Pedro\faculdade\IniciacaoCientifica\grn\.env\Lib\site-packages\numba\core\compiler.py
cfn=_compile_bytecode
calls=1 500
433 24833200
cfl=c:\Users\Pedro\faculdade\IniciacaoCientifica\grn\.env\Lib\site-packages\numba\core\untyped_passes.py
cfn=__init__
calls=1 56
433 2100
cfl=c:\Users\Pedro\faculdade\IniciacaoCientifica\grn\.env\Lib\site-packages\numba\core\untyped_passes.py
cfn=run_pass:59
calls=1 59
433 766100

fl=c:\Users\Pedro\faculdade\IniciacaoCientifica\grn\.env\Lib\site-packages\numba\core\compiler.py
fn=_compile_core
456 13800
cfl=C:\Users\Pedro\AppData\Local\Python\pythoncore-3.14-64\Lib\contextlib.py
cfn=__enter__:136
calls=1 136
456 3200
cfl=C:\Users\Pedro\AppData\Local\Python\pythoncore-3.14-64\Lib\contextlib.py
cfn=__exit__:145
calls=1 145
456 4500
cfl=c:\Users\Pedro\faculdade\IniciacaoCientifica\grn\.env\Lib\site-packages\numba\core\compiler.py
cfn=__getattr__
calls=5 355
456 800
cfl=c:\Users\Pedro\faculdade\IniciacaoCientifica\grn\.env\Lib\site-packages\numba\core\compiler.py
cfn=define_pipelines
calls=1 519
456 294500
cfl=c:\Users\Pedro\faculdade\IniciacaoCientifica\grn\.env\Lib\site-packages\numba\core\compiler_machinery.py
cfn=run
calls=1 342
456 24498800
cfl=c:\Users\Pedro\faculdade\IniciacaoCientifica\grn\.env\Lib\site-packages\numba\core\targetconfig.py
cfn=__init__:69
calls=1 69
456 3800
cfl=c:\Users\Pedro\faculdade\IniciacaoCientifica\grn\.env\Lib\site-packages\numba\core\targetconfig.py
cfn=enter
calls=1 78
456 4000
cfl=c:\Users\Pedro\faculdade\IniciacaoCientifica\grn\.env\Lib\site-packages\numba\core\targetconfig.py
cfn=copy
calls=1 238
456 3400
cfl=c:\Users\Pedro\faculdade\IniciacaoCientifica\grn\.env\Lib\site-packages\numba\core\tracing.py
cfn=noevent
calls=1 216
456 200
cfl=~
cfn=<built-in method builtins.isinstance>
calls=1 0
456 100

fl=c:\Users\Pedro\faculdade\IniciacaoCientifica\grn\.env\Lib\site-packages\numba\core\compiler.py
fn=_compile_bytecode
500 5900
cfl=c:\Users\Pedro\faculdade\IniciacaoCientifica\grn\.env\Lib\site-packages\numba\core\compiler.py
cfn=__getattr__
calls=1 355
500 200
cfl=c:\Users\Pedro\faculdade\IniciacaoCientifica\grn\.env\Lib\site-packages\numba\core\compiler.py
cfn=_compile_core
calls=1 456
500 24827100

fl=c:\Users\Pedro\faculdade\IniciacaoCientifica\grn\.env\Lib\site-packages\numba\core\compiler.py
fn=define_pipelines
519 4600
cfl=c:\Users\Pedro\faculdade\IniciacaoCientifica\grn\.env\Lib\site-packages\numba\core\compiler.py
cfn=__getattr__
calls=1 355
519 100
cfl=c:\Users\Pedro\faculdade\IniciacaoCientifica\grn\.env\Lib\site-packages\numba\core\compiler.py
cfn=define_nopython_pipeline
calls=1 539
519 288800
cfl=c:\Users\Pedro\faculdade\IniciacaoCientifica\grn\.env\Lib\site-packages\numba\core\targetconfig.py
cfn=getter
calls=1 111
519 1000

fl=c:\Users\Pedro\faculdade\IniciacaoCientifica\grn\.env\Lib\site-packages\numba\core\compiler.py
fn=define_nopython_pipeline
539 10100
cfl=c:\Users\Pedro\faculdade\IniciacaoCientifica\grn\.env\Lib\site-packages\numba\core\compiler.py
cfn=define_nopython_lowering_pipeline
calls=1 558
539 40400
cfl=c:\Users\Pedro\faculdade\IniciacaoCientifica\grn\.env\Lib\site-packages\numba\core\compiler.py
cfn=define_typed_pipeline
calls=1 598
539 33300
cfl=c:\Users\Pedro\faculdade\IniciacaoCientifica\grn\.env\Lib\site-packages\numba\core\compiler.py
cfn=define_untyped_pipeline
calls=1 634
539 134500
cfl=c:\Users\Pedro\faculdade\IniciacaoCientifica\grn\.env\Lib\site-packages\numba\core\compiler_machinery.py
cfn=__init__:176
calls=1 176
539 900
cfl=c:\Users\Pedro\faculdade\IniciacaoCientifica\grn\.env\Lib\site-packages\numba\core\compiler_machinery.py
cfn=finalize
calls=1 245
539 69000
cfl=~
cfn=<method 'extend' of 'list' objects>
calls=3 0
539 600

fl=c:\Users\Pedro\faculdade\IniciacaoCientifica\grn\.env\Lib\site-packages\numba\core\compiler.py
fn=define_nopython_lowering_pipeline
558 2700
cfl=c:\Users\Pedro\faculdade\IniciacaoCientifica\grn\.env\Lib\site-packages\numba\core\compiler.py
cfn=__getattr__
calls=1 355
558 200
cfl=c:\Users\Pedro\faculdade\IniciacaoCientifica\grn\.env\Lib\site-packages\numba\core\compiler_machinery.py
cfn=__init__:176
calls=1 176
558 200
cfl=c:\Users\Pedro\faculdade\IniciacaoCientifica\grn\.env\Lib\site-packages\numba\core\compiler_machinery.py
cfn=add_pass
calls=6 200
558 16300
cfl=c:\Users\Pedro\faculdade\IniciacaoCientifica\grn\.env\Lib\site-packages\numba\core\compiler_machinery.py
cfn=finalize
calls=1 245
558 20400
cfl=c:\Users\Pedro\faculdade\IniciacaoCientifica\grn\.env\Lib\site-packages\numba\core\targetconfig.py
cfn=getter
calls=1 111
558 600

fl=c:\Users\Pedro\faculdade\IniciacaoCientifica\grn\.env\Lib\site-packages\numba\core\compiler.py
fn=define_typed_pipeline
598 4300
cfl=c:\Users\Pedro\faculdade\IniciacaoCientifica\grn\.env\Lib\site-packages\numba\core\compiler.py
cfn=__getattr__
calls=3 355
598 300
cfl=c:\Users\Pedro\faculdade\IniciacaoCientifica\grn\.env\Lib\site-packages\numba\core\compiler_machinery.py
cfn=__init__:176
calls=1 176
598 300
cfl=c:\Users\Pedro\faculdade\IniciacaoCientifica\grn\.env\Lib\site-packages\numba\core\compiler_machinery.py
cfn=add_pass
calls=4 200
598 11900
cfl=c:\Users\Pedro\faculdade\IniciacaoCientifica\grn\.env\Lib\site-packages\numba\core\compiler_machinery.py
cfn=finalize
calls=1 245
598 15000
cfl=c:\Users\Pedro\faculdade\IniciacaoCientifica\grn\.env\Lib\site-packages\numba\core\targetconfig.py
cfn=getter
calls=3 111
598 1500

fl=c:\Users\Pedro\faculdade\IniciacaoCientifica\grn\.env\Lib\site-packages\numba\core\compiler.py
fn=define_untyped_pipeline
634 8600
cfl=c:\Users\Pedro\faculdade\IniciacaoCientifica\grn\.env\Lib\site-packages\numba\core\compiler.py
cfn=__getattr__
calls=5 355
634 500
cfl=c:\Users\Pedro\faculdade\IniciacaoCientifica\grn\.env\Lib\site-packages\numba\core\compiler_machinery.py
cfn=__init__:176
calls=1 176
634 200
cfl=c:\Users\Pedro\faculdade\IniciacaoCientifica\grn\.env\Lib\site-packages\numba\core\compiler_machinery.py
cfn=add_pass
calls=17 200
634 54300
cfl=c:\Users\Pedro\faculdade\IniciacaoCientifica\grn\.env\Lib\site-packages\numba\core\compiler_machinery.py
cfn=finalize
calls=1 245
634 68400
cfl=c:\Users\Pedro\faculdade\IniciacaoCientifica\grn\.env\Lib\site-packages\numba\core\targetconfig.py
cfn=getter
calls=4 111
634 2500

fl=c:\Users\Pedro\faculdade\IniciacaoCientifica\grn\.env\Lib\site-packages\numba\core\compiler.py
fn=compile_extra:713
713 4200
cfl=c:\Users\Pedro\faculdade\IniciacaoCientifica\grn\.env\Lib\site-packages\numba\core\compiler.py
cfn=__init__:391
calls=1 391
713 631800
cfl=c:\Users\Pedro\faculdade\IniciacaoCientifica\grn\.env\Lib\site-packages\numba\core\compiler.py
cfn=compile_extra:433
calls=1 433
713 25728400

fl=c:\Users\Pedro\faculdade\IniciacaoCientifica\grn\.env\Lib\site-packages\numba\core\compiler_lock.py
fn=acquire
11 353900
cfl=c:\Users\Pedro\faculdade\IniciacaoCientifica\grn\.env\Lib\site-packages\numba\core\event.py
cfn=start_event
calls=610 390
11 2079700
cfl=~
cfn=<method 'acquire' of '_thread.RLock' objects>
calls=610 0
11 124900

fl=c:\Users\Pedro\faculdade\IniciacaoCientifica\grn\.env\Lib\site-packages\numba\core\compiler_lock.py
fn=release
15 325700
cfl=c:\Users\Pedro\faculdade\IniciacaoCientifica\grn\.env\Lib\site-packages\numba\core\event.py
cfn=end_event
calls=610 404
15 2240800
cfl=~
cfn=<method 'release' of '_thread.RLock' objects>
calls=610 0
15 97100

fl=c:\Users\Pedro\faculdade\IniciacaoCientifica\grn\.env\Lib\site-packages\numba\core\compiler_lock.py
fn=__enter__
19 170800
cfl=c:\Users\Pedro\faculdade\IniciacaoCientifica\grn\.env\Lib\site-packages\numba\core\compiler_lock.py
cfn=acquire
calls=610 11
19 2558500

fl=c:\Users\Pedro\faculdade\IniciacaoCientifica\grn\.env\Lib\site-packages\numba\core\compiler_lock.py
fn=__exit__
22 158100
cfl=c:\Users\Pedro\faculdade\IniciacaoCientifica\grn\.env\Lib\site-packages\numba\core\compiler_lock.py
cfn=release
calls=610 15
22 2663600

fl=c:\Users\Pedro\faculdade\IniciacaoCientifica\grn\.env\Lib\site-packages\numba\core\compiler_lock.py
fn=_acquire_compile_lock
32 47700
cfl=c:\Users\Pedro\faculdade\IniciacaoCientifica\grn\.env\Lib\site-packages\numba\core\compiler_lock.py
cfn=__enter__
calls=19 19
32 82400
cfl=c:\Users\Pedro\faculdade\IniciacaoCientifica\grn\.env\Lib\site-packages\numba\core\compiler_lock.py
cfn=__exit__
calls=19 22
32 98700
cfl=c:\Users\Pedro\faculdade\IniciacaoCientifica\grn\.env\Lib\site-packages\numba\core\compiler_machinery.py
cfn=_runPass
calls=18 267
32 24203400
cfl=c:\Users\Pedro\faculdade\IniciacaoCientifica\grn\.env\Lib\site-packages\numba\core\runtime\nrt.py
cfn=initialize
calls=1 19
32 200

fl=c:\Users\Pedro\faculdade\IniciacaoCientifica\grn\.env\Lib\site-packages\numba\core\compiler_machinery.py
fn=__enter__
23 13600
cfl=~
cfn=<built-in method time.perf_counter>
calls=53 0
23 5900

fl=c:\Users\Pedro\faculdade\IniciacaoCientifica\grn\.env\Lib\site-packages\numba\core\compiler_machinery.py
fn=__exit__
27 18000
cfl=~
cfn=<built-in method time.perf_counter>
calls=53 0
27 7300

fl=c:\Users\Pedro\faculdade\IniciacaoCientifica\grn\.env\Lib\site-packages\numba\core\compiler_machinery.py
fn=__init__:35
35 600

fl=c:\Users\Pedro\faculdade\IniciacaoCientifica\grn\.env\Lib\site-packages\numba\core\compiler_machinery.py
fn=name
40 14100

fl=c:\Users\Pedro\faculdade\IniciacaoCientifica\grn\.env\Lib\site-packages\numba\core\compiler_machinery.py
fn=analysis
68 4900

fl=c:\Users\Pedro\faculdade\IniciacaoCientifica\grn\.env\Lib\site-packages\numba\core\compiler_machinery.py
fn=run_initialization
75 2100

fl=c:\Users\Pedro\faculdade\IniciacaoCientifica\grn\.env\Lib\site-packages\numba\core\compiler_machinery.py
fn=run_finalizer
90 1900

fl=c:\Users\Pedro\faculdade\IniciacaoCientifica\grn\.env\Lib\site-packages\numba\core\compiler_machinery.py
fn=get_analysis_usage
97 2600

fl=c:\Users\Pedro\faculdade\IniciacaoCientifica\grn\.env\Lib\site-packages\numba\core\compiler_machinery.py
fn=get_analysis
102 1100

fl=c:\Users\Pedro\faculdade\IniciacaoCientifica\grn\.env\Lib\site-packages\numba\core\compiler_machinery.py
fn=__init__:138
138 16500

fl=c:\Users\Pedro\faculdade\IniciacaoCientifica\grn\.env\Lib\site-packages\numba\core\compiler_machinery.py
fn=get_required_set
142 3500

fl=c:\Users\Pedro\faculdade\IniciacaoCientifica\grn\.env\Lib\site-packages\numba\core\compiler_machinery.py
fn=add_required
148 2100
cfl=~
cfn=<method 'add' of 'set' objects>
calls=10 0
148 1200

fl=c:\Users\Pedro\faculdade\IniciacaoCientifica\grn\.env\Lib\site-packages\numba\core\compiler_machinery.py
fn=__init__:176
176 1600

fl=c:\Users\Pedro\faculdade\IniciacaoCientifica\grn\.env\Lib\site-packages\numba\core\compiler_machinery.py
fn=_validate_pass
187 23100
cfl=C:\Users\Pedro\AppData\Local\Python\pythoncore-3.14-64\Lib\inspect.py
cfn=isclass
calls=27 184
187 8000
cfl=c:\Users\Pedro\faculdade\IniciacaoCientifica\grn\.env\Lib\site-packages\numba\core\compiler_machinery.py
cfn=is_registered
calls=27 428
187 9600
cfl=~
cfn=<built-in method builtins.isinstance>
calls=54 0
187 5100
cfl=~
cfn=<built-in method builtins.issubclass>
calls=27 0
187 20400

fl=c:\Users\Pedro\faculdade\IniciacaoCientifica\grn\.env\Lib\site-packages\numba\core\compiler_machinery.py
fn=add_pass
200 13500
cfl=c:\Users\Pedro\faculdade\IniciacaoCientifica\grn\.env\Lib\site-packages\numba\core\compiler_machinery.py
cfn=_validate_pass
calls=27 187
200 66200
cfl=~
cfn=<method 'append' of 'list' objects>
calls=27 0
200 2800

fl=c:\Users\Pedro\faculdade\IniciacaoCientifica\grn\.env\Lib\site-packages\numba\core\compiler_machinery.py
fn=_debug_init
226 4600
cfl=c:\Users\Pedro\faculdade\IniciacaoCientifica\grn\.env\Lib\site-packages\numba\core\compiler_machinery.py
cfn=parse
calls=12 228
226 1300

fl=c:\Users\Pedro\faculdade\IniciacaoCientifica\grn\.env\Lib\site-packages\numba\core\compiler_machinery.py
fn=parse
228 1300

fl=c:\Users\Pedro\faculdade\IniciacaoCientifica\grn\.env\Lib\site-packages\numba\core\compiler_machinery.py
fn=finalize
245 7800
cfl=c:\Users\Pedro\faculdade\IniciacaoCientifica\grn\.env\Lib\site-packages\numba\core\compiler_machinery.py
cfn=_debug_init
calls=4 226
245 5900
cfl=c:\Users\Pedro\faculdade\IniciacaoCientifica\grn\.env\Lib\site-packages\numba\core\compiler_machinery.py
cfn=dependency_analysis
calls=4 369
245 159100

fl=c:\Users\Pedro\faculdade\IniciacaoCientifica\grn\.env\Lib\site-packages\numba\core\compiler_machinery.py
fn=finalized
255 100

fl=c:\Users\Pedro\faculdade\IniciacaoCientifica\grn\.env\Lib\site-packages\numba\core\compiler_machinery.py
fn=_patch_error
259 700
cfl=~
cfn=<method 'format' of 'str' objects>
calls=1 0
259 1500

fl=c:\Users\Pedro\faculdade\IniciacaoCientifica\grn\.env\Lib\site-packages\numba\core\compiler_machinery.py
fn=_runPass
267 306700
cfl=<string>
cfn=<lambda>:1
calls=17 1
267 11300
cfl=C:\Users\Pedro\AppData\Local\Python\pythoncore-3.14-64\Lib\contextlib.py
cfn=__enter__:136
calls=36 136
267 155300
cfl=C:\Users\Pedro\AppData\Local\Python\pythoncore-3.14-64\Lib\contextlib.py
cfn=__exit__:145
calls=36 145
267 251200
cfl=C:\Users\Pedro\AppData\Local\Python\pythoncore-3.14-64\Lib\contextlib.py
cfn=helper
calls=36 303
267 51000
cfl=c:\Users\Pedro\faculdade\IniciacaoCientifica\grn\.env\Lib\site-packages\numba\core\compiler.py
cfn=__getattr__
calls=107 355
267 10400
cfl=c:\Users\Pedro\faculdade\IniciacaoCientifica\grn\.env\Lib\site-packages\numba\core\compiler_machinery.py
cfn=__enter__
calls=53 23
267 19500
cfl=c:\Users\Pedro\faculdade\IniciacaoCientifica\grn\.env\Lib\site-packages\numba\core\compiler_machinery.py
cfn=__exit__
calls=53 27
267 25300
cfl=c:\Users\Pedro\faculdade\IniciacaoCientifica\grn\.env\Lib\site-packages\numba\core\compiler_machinery.py
cfn=name
calls=88 40
267 14100
cfl=c:\Users\Pedro\faculdade\IniciacaoCientifica\grn\.env\Lib\site-packages\numba\core\compiler_machinery.py
cfn=analysis
calls=18 68
267 4900
cfl=c:\Users\Pedro\faculdade\IniciacaoCientifica\grn\.env\Lib\site-packages\numba\core\compiler_machinery.py
cfn=check
calls=53 271
267 22636100
cfl=c:\Users\Pedro\faculdade\IniciacaoCientifica\grn\.env\Lib\site-packages\numba\core\compiler_machinery.py
cfn=debug_print
calls=35 279
267 5100
cfl=c:\Users\Pedro\faculdade\IniciacaoCientifica\grn\.env\Lib\site-packages\numba\core\ir_utils.py
cfn=enforce_no_dels
calls=17 2128
267 256900
cfl=c:\Users\Pedro\faculdade\IniciacaoCientifica\grn\.env\Lib\site-packages\numba\core\targetconfig.py
cfn=values
calls=18 197
267 356200
cfl=c:\Users\Pedro\faculdade\IniciacaoCientifica\grn\.env\Lib\site-packages\numba\core\types\abstract.py
cfn=__repr__
calls=36 115
267 6600
cfl=c:\Users\Pedro\faculdade\IniciacaoCientifica\grn\.env\Lib\site-packages\numba\core\types\npytypes.py
cfn=__repr__
calls=54 523
267 66900
cfl=c:\Users\Pedro\faculdade\IniciacaoCientifica\grn\.env\Lib\site-packages\numba\core\utils.py
cfn=__init__:767
calls=18 767
267 4500
cfl=~
cfn=<built-in method builtins.isinstance>
calls=17 0
267 21400

fl=c:\Users\Pedro\faculdade\IniciacaoCientifica\grn\.env\Lib\site-packages\numba\core\compiler_machinery.py
fn=check
271 74400
cfl=c:\Users\Pedro\faculdade\IniciacaoCientifica\grn\.env\Lib\site-packages\numba\core\compiler_machinery.py
cfn=run_initialization
calls=18 75
271 2100
cfl=c:\Users\Pedro\faculdade\IniciacaoCientifica\grn\.env\Lib\site-packages\numba\core\compiler_machinery.py
cfn=run_finalizer
calls=17 90
271 1900
cfl=c:\Users\Pedro\faculdade\IniciacaoCientifica\grn\.env\Lib\site-packages\numba\core\typed_passes.py
cfn=run_pass
calls=1 107
271 1878900
cfl=c:\Users\Pedro\faculdade\IniciacaoCientifica\grn\.env\Lib\site-packages\numba\core\untyped_passes.py
cfn=run_pass:79
calls=1 79
271 6427700
cfl=c:\Users\Pedro\faculdade\IniciacaoCientifica\grn\.env\Lib\site-packages\numba\core\untyped_passes.py
cfn=run_pass:98
calls=1 98
271 1200
cfl=c:\Users\Pedro\faculdade\IniciacaoCientifica\grn\.env\Lib\site-packages\numba\core\untyped_passes.py
cfn=run_pass:118
calls=1 118
271 1270000
cfl=c:\Users\Pedro\faculdade\IniciacaoCientifica\grn\.env\Lib\site-packages\numba\core\untyped_passes.py
cfn=run_pass:140
calls=1 140
271 137800
cfl=c:\Users\Pedro\faculdade\IniciacaoCientifica\grn\.env\Lib\site-packages\numba\core\untyped_passes.py
cfn=run_pass:162
calls=3 162
271 265300
cfl=c:\Users\Pedro\faculdade\IniciacaoCientifica\grn\.env\Lib\site-packages\numba\core\untyped_passes.py
cfn=run_pass:192
calls=1 192
271 4605300
cfl=c:\Users\Pedro\faculdade\IniciacaoCientifica\grn\.env\Lib\site-packages\numba\core\untyped_passes.py
cfn=run_pass:224
calls=1 224
271 5094300
cfl=c:\Users\Pedro\faculdade\IniciacaoCientifica\grn\.env\Lib\site-packages\numba\core\untyped_passes.py
cfn=run_pass:245
calls=1 245
271 133400
cfl=c:\Users\Pedro\faculdade\IniciacaoCientifica\grn\.env\Lib\site-packages\numba\core\untyped_passes.py
cfn=run_pass:284
calls=1 284
271 168100
cfl=c:\Users\Pedro\faculdade\IniciacaoCientifica\grn\.env\Lib\site-packages\numba\core\untyped_passes.py
cfn=run_pass:425
calls=1 425
271 124800
cfl=c:\Users\Pedro\faculdade\IniciacaoCientifica\grn\.env\Lib\site-packages\numba\core\untyped_passes.py
cfn=run_pass:571
calls=1 571
271 36100
cfl=c:\Users\Pedro\faculdade\IniciacaoCientifica\grn\.env\Lib\site-packages\numba\core\untyped_passes.py
cfn=run_pass:1639
calls=1 1639
271 47000
cfl=c:\Users\Pedro\faculdade\IniciacaoCientifica\grn\.env\Lib\site-packages\numba\core\untyped_passes.py
cfn=run_pass:1685
calls=1 1685
271 45900
cfl=c:\Users\Pedro\faculdade\IniciacaoCientifica\grn\.env\Lib\site-packages\numba\core\untyped_passes.py
cfn=run_pass:1755
calls=1 1755
271 2304700
cfl=c:\Users\Pedro\faculdade\IniciacaoCientifica\grn\.env\Lib\site-packages\numba\core\untyped_passes.py
cfn=run_pass:1798
calls=1 1798
271 17200

fl=c:\Users\Pedro\faculdade\IniciacaoCientifica\grn\.env\Lib\site-packages\numba\core\compiler_machinery.py
fn=debug_print
279 5100

fl=c:\Users\Pedro\faculdade\IniciacaoCientifica\grn\.env\Lib\site-packages\numba\core\compiler_machinery.py
fn=run
342 41300
cfl=c:\Users\Pedro\faculdade\IniciacaoCientifica\grn\.env\Lib\site-packages\numba\core\compiler_lock.py
cfn=_acquire_compile_lock
calls=18 32
342 24415300
cfl=c:\Users\Pedro\faculdade\IniciacaoCientifica\grn\.env\Lib\site-packages\numba\core\compiler_machinery.py
cfn=finalized
calls=1 255
342 100
cfl=c:\Users\Pedro\faculdade\IniciacaoCientifica\grn\.env\Lib\site-packages\numba\core\compiler_machinery.py
cfn=_patch_error
calls=1 259
342 2200
cfl=c:\Users\Pedro\faculdade\IniciacaoCientifica\grn\.env\Lib\site-packages\numba\core\compiler_machinery.py
cfn=get
calls=18 431
342 17600
cfl=c:\Users\Pedro\faculdade\IniciacaoCientifica\grn\.env\Lib\site-packages\numba\core\tracing.py
cfn=noevent
calls=18 216
342 2100
cfl=~
cfn=<built-in method builtins.isinstance>
calls=19 0
342 20200

fl=c:\Users\Pedro\faculdade\IniciacaoCientifica\grn\.env\Lib\site-packages\numba\core\compiler_machinery.py
fn=dependency_analysis
369 83900
cfl=c:\Users\Pedro\faculdade\IniciacaoCientifica\grn\.env\Lib\site-packages\numba\core\compiler_machinery.py
cfn=get_analysis_usage
calls=44 97
369 2600
cfl=c:\Users\Pedro\faculdade\IniciacaoCientifica\grn\.env\Lib\site-packages\numba\core\compiler_machinery.py
cfn=__init__:138
calls=54 138
369 16500
cfl=c:\Users\Pedro\faculdade\IniciacaoCientifica\grn\.env\Lib\site-packages\numba\core\compiler_machinery.py
cfn=get_required_set
calls=50 142
369 3500
cfl=c:\Users\Pedro\faculdade\IniciacaoCientifica\grn\.env\Lib\site-packages\numba\core\compiler_machinery.py
cfn=resolve_requires
calls=50 384
369 19300
cfl=c:\Users\Pedro\faculdade\IniciacaoCientifica\grn\.env\Lib\site-packages\numba\core\compiler_machinery.py
cfn=get
calls=54 431
369 25700
cfl=c:\Users\Pedro\faculdade\IniciacaoCientifica\grn\.env\Lib\site-packages\numba\core\typed_passes.py
cfn=get_analysis_usage
calls=2 192
369 1300
cfl=c:\Users\Pedro\faculdade\IniciacaoCientifica\grn\.env\Lib\site-packages\numba\core\untyped_passes.py
cfn=get_analysis_usage:181
calls=6 181
369 3900
cfl=c:\Users\Pedro\faculdade\IniciacaoCientifica\grn\.env\Lib\site-packages\numba\core\untyped_passes.py
cfn=get_analysis_usage:1673
calls=2 1673
369 1300
cfl=~
cfn=<method 'items' of 'dict' objects>
calls=8 0
369 1100

fl=c:\Users\Pedro\faculdade\IniciacaoCientifica\grn\.env\Lib\site-packages\numba\core\compiler_machinery.py
fn=resolve_requires
384 17800
cfl=c:\Users\Pedro\faculdade\IniciacaoCientifica\grn\.env\Lib\site-packages\numba\core\compiler_machinery.py
cfn=walk
calls=6 385
384 1500

fl=c:\Users\Pedro\faculdade\IniciacaoCientifica\grn\.env\Lib\site-packages\numba\core\compiler_machinery.py
fn=walk
385 1500

fl=c:\Users\Pedro\faculdade\IniciacaoCientifica\grn\.env\Lib\site-packages\numba\core\compiler_machinery.py
fn=is_registered
428 23300
cfl=~
cfn=<method 'keys' of 'dict' objects>
calls=99 0
428 11800

fl=c:\Users\Pedro\faculdade\IniciacaoCientifica\grn\.env\Lib\site-packages\numba\core\compiler_machinery.py
fn=get
431 17800
cfl=c:\Users\Pedro\faculdade\IniciacaoCientifica\grn\.env\Lib\site-packages\numba\core\compiler_machinery.py
cfn=is_registered
calls=72 428
431 25500

fl=c:\Users\Pedro\faculdade\IniciacaoCientifica\grn\.env\Lib\site-packages\numba\core\config.py
fn=update
125 32500
cfl=<frozen _collections_abc>
cfn=items
calls=1 811
125 1900
cfl=<frozen _collections_abc>
cfn=__iter__:881
calls=122 881
125 173800
cfl=c:\Users\Pedro\faculdade\IniciacaoCientifica\grn\.env\Lib\site-packages\numba\core\config.py
cfn=validate
calls=1 158
125 300
cfl=~
cfn=<built-in method nt._path_exists>
calls=1 0
125 45000
cfl=~
cfn=<method 'startswith' of 'str' objects>
calls=121 0
125 9400

fl=c:\Users\Pedro\faculdade\IniciacaoCientifica\grn\.env\Lib\site-packages\numba\core\config.py
fn=validate
158 300

fl=c:\Users\Pedro\faculdade\IniciacaoCientifica\grn\.env\Lib\site-packages\numba\core\config.py
fn=reload_config
596 3100
cfl=c:\Users\Pedro\faculdade\IniciacaoCientifica\grn\.env\Lib\site-packages\numba\core\config.py
cfn=update
calls=1 125
596 262900

fl=c:\Users\Pedro\faculdade\IniciacaoCientifica\grn\.env\Lib\site-packages\numba\core\consts.py
fn=__init__
18 1900
cfl=~
cfn=<built-in method _weakref.proxy>
calls=1 0
18 600

fl=c:\Users\Pedro\faculdade\IniciacaoCientifica\grn\.env\Lib\site-packages\numba\core\consts.py
fn=infer_constant
24 26300
cfl=c:\Users\Pedro\faculdade\IniciacaoCientifica\grn\.env\Lib\site-packages\numba\core\consts.py
cfn=_do_infer
calls=33 56
24 3176700
cfl=c:\Users\Pedro\faculdade\IniciacaoCientifica\grn\.env\Lib\site-packages\numba\core\errors.py
cfn=__init__:748
calls=3 748
24 117400
cfl=~
cfn=<built-in method builtins.issubclass>
calls=3 0
24 500

fl=c:\Users\Pedro\faculdade\IniciacaoCientifica\grn\.env\Lib\site-packages\numba\core\consts.py
fn=_fail
47 2800
cfl=c:\Users\Pedro\faculdade\IniciacaoCientifica\grn\.env\Lib\site-packages\numba\core\errors.py
cfn=__init__:748
calls=1 748
47 42800
cfl=c:\Users\Pedro\faculdade\IniciacaoCientifica\grn\.env\Lib\site-packages\numba\core\ir.py
cfn=__repr__
calls=1 592
47 5500

fl=c:\Users\Pedro\faculdade\IniciacaoCientifica\grn\.env\Lib\site-packages\numba\core\consts.py
fn=_do_infer
56 42100
cfl=c:\Users\Pedro\faculdade\IniciacaoCientifica\grn\.env\Lib\site-packages\numba\core\consts.py
cfn=_infer_expr
calls=10 73
56 119400
cfl=c:\Users\Pedro\faculdade\IniciacaoCientifica\grn\.env\Lib\site-packages\numba\core\ir.py
cfn=infer_constant:614
calls=10 614
56 2987000
cfl=c:\Users\Pedro\faculdade\IniciacaoCientifica\grn\.env\Lib\site-packages\numba\core\ir.py
cfn=infer_constant:1030
calls=12 1030
56 1200
cfl=c:\Users\Pedro\faculdade\IniciacaoCientifica\grn\.env\Lib\site-packages\numba\core\ir.py
cfn=infer_constant:1051
calls=11 1051
56 2500
cfl=c:\Users\Pedro\faculdade\IniciacaoCientifica\grn\.env\Lib\site-packages\numba\core\ir.py
cfn=get_definition
calls=33 1553
56 47200
cfl=~
cfn=<built-in method builtins.isinstance>
calls=43 0
56 3800

fl=c:\Users\Pedro\faculdade\IniciacaoCientifica\grn\.env\Lib\site-packages\numba\core\consts.py
fn=_infer_expr
73 15300
cfl=c:\Users\Pedro\faculdade\IniciacaoCientifica\grn\.env\Lib\site-packages\numba\core\consts.py
cfn=infer_constant
calls=9 24
73 32200
cfl=c:\Users\Pedro\faculdade\IniciacaoCientifica\grn\.env\Lib\site-packages\numba\core\consts.py
cfn=_fail
calls=1 47
73 51100
cfl=c:\Users\Pedro\faculdade\IniciacaoCientifica\grn\.env\Lib\site-packages\numba\core\consts.py
cfn=_infer_getattr
calls=9 111
73 15900
cfl=c:\Users\Pedro\faculdade\IniciacaoCientifica\grn\.env\Lib\site-packages\numba\core\ir.py
cfn=__getattr__
calls=9 387
73 4900

fl=c:\Users\Pedro\faculdade\IniciacaoCientifica\grn\.env\Lib\site-packages\numba\core\consts.py
fn=_infer_getattr
111 6900
cfl=c:\Users\Pedro\faculdade\IniciacaoCientifica\grn\.env\Lib\site-packages\numba\core\ir.py
cfn=__getattr__
calls=9 387
111 4200
cfl=~
cfn=<built-in method builtins.getattr>
calls=9 0
111 3900
cfl=~
cfn=<built-in method builtins.isinstance>
calls=9 0
111 900

fl=c:\Users\Pedro\faculdade\IniciacaoCientifica\grn\.env\Lib\site-packages\numba\core\controlflow.py
fn=__eq__:72
72 3100
cfl=c:\Users\Pedro\faculdade\IniciacaoCientifica\grn\.env\Lib\site-packages\numba\core\controlflow.py
cfn=_non_empty_items
calls=4 87
72 5800
cfl=~
cfn=<built-in method builtins.isinstance>
calls=2 0
72 100

fl=c:\Users\Pedro\faculdade\IniciacaoCientifica\grn\.env\Lib\site-packages\numba\core\controlflow.py
fn=__ne__:80
80 1700
cfl=c:\Users\Pedro\faculdade\IniciacaoCientifica\grn\.env\Lib\site-packages\numba\core\controlflow.py
cfn=__eq__:72
calls=2 72
80 9000

fl=c:\Users\Pedro\faculdade\IniciacaoCientifica\grn\.env\Lib\site-packages\numba\core\controlflow.py
fn=_non_empty_items
87 3200
cfl=~
cfn=<built-in method builtins.sorted>
calls=4 0
87 1900
cfl=~
cfn=<method 'items' of 'dict' objects>
calls=4 0
87 700

fl=c:\Users\Pedro\faculdade\IniciacaoCientifica\grn\.env\Lib\site-packages\numba\core\controlflow.py
fn=__init__
96 17400

fl=c:\Users\Pedro\faculdade\IniciacaoCientifica\grn\.env\Lib\site-packages\numba\core\controlflow.py
fn=add_node
103 15900
cfl=~
cfn=<method 'add' of 'set' objects>
calls=72 0
103 9800

fl=c:\Users\Pedro\faculdade\IniciacaoCientifica\grn\.env\Lib\site-packages\numba\core\controlflow.py
fn=add_edge
110 23500
cfl=c:\Users\Pedro\faculdade\IniciacaoCientifica\grn\.env\Lib\site-packages\numba\core\controlflow.py
cfn=_add_edge
calls=72 375
110 58900

fl=c:\Users\Pedro\faculdade\IniciacaoCientifica\grn\.env\Lib\site-packages\numba\core\controlflow.py
fn=successors
125 41900

fl=c:\Users\Pedro\faculdade\IniciacaoCientifica\grn\.env\Lib\site-packages\numba\core\controlflow.py
fn=predecessors
133 17100

fl=c:\Users\Pedro\faculdade\IniciacaoCientifica\grn\.env\Lib\site-packages\numba\core\controlflow.py
fn=set_entry_point
141 3000

fl=c:\Users\Pedro\faculdade\IniciacaoCientifica\grn\.env\Lib\site-packages\numba\core\controlflow.py
fn=process
148 7100
cfl=c:\Users\Pedro\faculdade\IniciacaoCientifica\grn\.env\Lib\site-packages\numba\core\controlflow.py
cfn=_eliminate_dead_blocks
calls=18 403
148 128500

fl=c:\Users\Pedro\faculdade\IniciacaoCientifica\grn\.env\Lib\site-packages\numba\core\controlflow.py
fn=dominators
158 700
cfl=C:\Users\Pedro\AppData\Local\Python\pythoncore-3.14-64\Lib\functools.py
cfn=__get__
calls=1 1110
158 10600

fl=c:\Users\Pedro\faculdade\IniciacaoCientifica\grn\.env\Lib\site-packages\numba\core\controlflow.py
fn=dominance_frontier
186 800
cfl=C:\Users\Pedro\AppData\Local\Python\pythoncore-3.14-64\Lib\functools.py
cfn=__get__
calls=1 1110
186 44400

fl=c:\Users\Pedro\faculdade\IniciacaoCientifica\grn\.env\Lib\site-packages\numba\core\controlflow.py
fn=_exit_points
206 1300
cfl=c:\Users\Pedro\faculdade\IniciacaoCientifica\grn\.env\Lib\site-packages\numba\core\controlflow.py
cfn=_find_exit_points
calls=1 417
206 2200

fl=c:\Users\Pedro\faculdade\IniciacaoCientifica\grn\.env\Lib\site-packages\numba\core\controlflow.py
fn=_doms
210 600
cfl=c:\Users\Pedro\faculdade\IniciacaoCientifica\grn\.env\Lib\site-packages\numba\core\controlflow.py
cfn=_find_dominators
calls=1 577
210 8200

fl=c:\Users\Pedro\faculdade\IniciacaoCientifica\grn\.env\Lib\site-packages\numba\core\controlflow.py
fn=_back_edges
214 14500
cfl=c:\Users\Pedro\faculdade\IniciacaoCientifica\grn\.env\Lib\site-packages\numba\core\controlflow.py
cfn=_find_back_edges
calls=14 616
214 155000

fl=c:\Users\Pedro\faculdade\IniciacaoCientifica\grn\.env\Lib\site-packages\numba\core\controlflow.py
fn=_topo_order
218 2600
cfl=c:\Users\Pedro\faculdade\IniciacaoCientifica\grn\.env\Lib\site-packages\numba\core\controlflow.py
cfn=_find_topo_order
calls=6 678
218 128500

fl=c:\Users\Pedro\faculdade\IniciacaoCientifica\grn\.env\Lib\site-packages\numba\core\controlflow.py
fn=_loops
226 5700
cfl=c:\Users\Pedro\faculdade\IniciacaoCientifica\grn\.env\Lib\site-packages\numba\core\controlflow.py
cfn=_find_loops
calls=7 691
226 155500

fl=c:\Users\Pedro\faculdade\IniciacaoCientifica\grn\.env\Lib\site-packages\numba\core\controlflow.py
fn=_in_loops
230 1200
cfl=c:\Users\Pedro\faculdade\IniciacaoCientifica\grn\.env\Lib\site-packages\numba\core\controlflow.py
cfn=_find_in_loops
calls=1 727
230 7700

fl=c:\Users\Pedro\faculdade\IniciacaoCientifica\grn\.env\Lib\site-packages\numba\core\controlflow.py
fn=_post_doms
234 2200
cfl=c:\Users\Pedro\faculdade\IniciacaoCientifica\grn\.env\Lib\site-packages\numba\core\controlflow.py
cfn=_find_post_dominators
calls=1 580
234 108800

fl=c:\Users\Pedro\faculdade\IniciacaoCientifica\grn\.env\Lib\site-packages\numba\core\controlflow.py
fn=_idom
238 1100
cfl=c:\Users\Pedro\faculdade\IniciacaoCientifica\grn\.env\Lib\site-packages\numba\core\controlflow.py
cfn=_find_immediate_dominators
calls=1 461
238 33300

fl=c:\Users\Pedro\faculdade\IniciacaoCientifica\grn\.env\Lib\site-packages\numba\core\controlflow.py
fn=_df
242 2100
cfl=c:\Users\Pedro\faculdade\IniciacaoCientifica\grn\.env\Lib\site-packages\numba\core\controlflow.py
cfn=_find_dominance_frontier
calls=1 530
242 40800

fl=c:\Users\Pedro\faculdade\IniciacaoCientifica\grn\.env\Lib\site-packages\numba\core\controlflow.py
fn=entry_point
257 2600

fl=c:\Users\Pedro\faculdade\IniciacaoCientifica\grn\.env\Lib\site-packages\numba\core\controlflow.py
fn=backbone
270 3500
cfl=C:\Users\Pedro\AppData\Local\Python\pythoncore-3.14-64\Lib\functools.py
cfn=__get__
calls=1 1110
270 113600

fl=c:\Users\Pedro\faculdade\IniciacaoCientifica\grn\.env\Lib\site-packages\numba\core\controlflow.py
fn=loops
279 4200
cfl=C:\Users\Pedro\AppData\Local\Python\pythoncore-3.14-64\Lib\functools.py
cfn=__get__
calls=6 1110
279 133000

fl=c:\Users\Pedro\faculdade\IniciacaoCientifica\grn\.env\Lib\site-packages\numba\core\controlflow.py
fn=in_loops
286 2200
cfl=C:\Users\Pedro\AppData\Local\Python\pythoncore-3.14-64\Lib\functools.py
cfn=__get__
calls=1 1110
286 10200
cfl=~
cfn=<method 'get' of 'dict' objects>
calls=4 0
286 400

fl=c:\Users\Pedro\faculdade\IniciacaoCientifica\grn\.env\Lib\site-packages\numba\core\controlflow.py
fn=dead_nodes
293 500

fl=c:\Users\Pedro\faculdade\IniciacaoCientifica\grn\.env\Lib\site-packages\numba\core\controlflow.py
fn=topo_order
305 2700
cfl=C:\Users\Pedro\AppData\Local\Python\pythoncore-3.14-64\Lib\functools.py
cfn=__get__
calls=5 1110
305 113500

fl=c:\Users\Pedro\faculdade\IniciacaoCientifica\grn\.env\Lib\site-packages\numba\core\controlflow.py
fn=topo_sort
312 1300
cfl=C:\Users\Pedro\AppData\Local\Python\pythoncore-3.14-64\Lib\functools.py
cfn=__get__
calls=1 1110
312 23200

fl=c:\Users\Pedro\faculdade\IniciacaoCientifica\grn\.env\Lib\site-packages\numba\core\controlflow.py
fn=_add_edge
375 47100
cfl=~
cfn=<method 'add' of 'set' objects>
calls=146 0
375 13100

fl=c:\Users\Pedro\faculdade\IniciacaoCientifica\grn\.env\Lib\site-packages\numba\core\controlflow.py
fn=_remove_node_edges
382 1600
cfl=~
cfn=<method 'pop' of 'dict' objects>
calls=2 0
382 500
cfl=~
cfn=<method 'remove' of 'set' objects>
calls=1 0
382 100

fl=c:\Users\Pedro\faculdade\IniciacaoCientifica\grn\.env\Lib\site-packages\numba\core\controlflow.py
fn=_dfs
390 60400
cfl=~
cfn=<method 'add' of 'set' objects>
calls=72 0
390 6300
cfl=~
cfn=<method 'append' of 'list' objects>
calls=72 0
390 7000
cfl=~
cfn=<method 'pop' of 'list' objects>
calls=90 0
390 10400

fl=c:\Users\Pedro\faculdade\IniciacaoCientifica\grn\.env\Lib\site-packages\numba\core\controlflow.py
fn=_eliminate_dead_blocks
403 38200
cfl=c:\Users\Pedro\faculdade\IniciacaoCientifica\grn\.env\Lib\site-packages\numba\core\controlflow.py
cfn=_dfs
calls=90 390
403 84100
cfl=~
cfn=<method 'add' of 'set' objects>
calls=72 0
403 6200

fl=c:\Users\Pedro\faculdade\IniciacaoCientifica\grn\.env\Lib\site-packages\numba\core\controlflow.py
fn=_find_exit_points
417 1600
cfl=~
cfn=<method 'add' of 'set' objects>
calls=1 0
417 100
cfl=~
cfn=<method 'get' of 'dict' objects>
calls=4 0
417 500

fl=c:\Users\Pedro\faculdade\IniciacaoCientifica\grn\.env\Lib\site-packages\numba\core\controlflow.py
fn=_find_postorder
427 40100
cfl=C:\Users\Pedro\AppData\Local\Python\pythoncore-3.14-64\Lib\functools.py
cfn=__get__
calls=6 1110
427 73900
cfl=~
cfn=<method 'add' of 'set' objects>
calls=33 0
427 3200
cfl=~
cfn=<method 'append' of 'list' objects>
calls=91 0
427 8500
cfl=~
cfn=<method 'pop' of 'list' objects>
calls=66 0
427 6800

fl=c:\Users\Pedro\faculdade\IniciacaoCientifica\grn\.env\Lib\site-packages\numba\core\controlflow.py
fn=_find_reverse_postorder
458 9300
cfl=c:\Users\Pedro\faculdade\IniciacaoCientifica\grn\.env\Lib\site-packages\numba\core\controlflow.py
cfn=_find_postorder
calls=6 427
458 116300

fl=c:\Users\Pedro\faculdade\IniciacaoCientifica\grn\.env\Lib\site-packages\numba\core\controlflow.py
fn=_find_immediate_dominators
461 18600
cfl=C:\Users\Pedro\AppData\Local\Python\pythoncore-3.14-64\Lib\functools.py
cfn=__get__
calls=1 1110
461 13100
cfl=c:\Users\Pedro\faculdade\IniciacaoCientifica\grn\.env\Lib\site-packages\numba\core\controlflow.py
cfn=_find_postorder
calls=2 427
461 16200
cfl=~
cfn=<built-in method _functools.reduce>
calls=14 0
461 15600
cfl=~
cfn=<method 'pop' of 'list' objects>
calls=2 0
461 200
cfl=~
cfn=<method 'reverse' of 'list' objects>
calls=2 0
461 600

fl=c:\Users\Pedro\faculdade\IniciacaoCientifica\grn\.env\Lib\site-packages\numba\core\controlflow.py
fn=intersect
477 1700

fl=c:\Users\Pedro\faculdade\IniciacaoCientifica\grn\.env\Lib\site-packages\numba\core\controlflow.py
fn=<genexpr>:509
509 4100

fl=c:\Users\Pedro\faculdade\IniciacaoCientifica\grn\.env\Lib\site-packages\numba\core\controlflow.py
fn=_find_dominance_frontier
530 3200
cfl=C:\Users\Pedro\AppData\Local\Python\pythoncore-3.14-64\Lib\functools.py
cfn=__get__
calls=1 1110
530 36900
cfl=~
cfn=<built-in method builtins.len>
calls=4 0
530 400
cfl=~
cfn=<method 'add' of 'set' objects>
calls=2 0
530 300

fl=c:\Users\Pedro\faculdade\IniciacaoCientifica\grn\.env\Lib\site-packages\numba\core\controlflow.py
fn=_find_dominators_from_immediate_doms
545 12000
cfl=~
cfn=<method 'append' of 'list' objects>
calls=5 0
545 600
cfl=~
cfn=<method 'keys' of 'dict' objects>
calls=2 0
545 300
cfl=~
cfn=<method 'pop' of 'list' objects>
calls=14 0
545 1900
cfl=~
cfn=<method 'update' of 'set' objects>
calls=7 0
545 1000

fl=c:\Users\Pedro\faculdade\IniciacaoCientifica\grn\.env\Lib\site-packages\numba\core\controlflow.py
fn=_find_dominators
577 700
cfl=c:\Users\Pedro\faculdade\IniciacaoCientifica\grn\.env\Lib\site-packages\numba\core\controlflow.py
cfn=_find_dominators_from_immediate_doms
calls=1 545
577 7500

fl=c:\Users\Pedro\faculdade\IniciacaoCientifica\grn\.env\Lib\site-packages\numba\core\controlflow.py
fn=_find_post_dominators
580 12600
cfl=C:\Users\Pedro\AppData\Local\Python\pythoncore-3.14-64\Lib\functools.py
cfn=__get__
calls=2 1110
580 41900
cfl=c:\Users\Pedro\faculdade\IniciacaoCientifica\grn\.env\Lib\site-packages\numba\core\controlflow.py
cfn=_add_edge
calls=1 375
580 1300
cfl=c:\Users\Pedro\faculdade\IniciacaoCientifica\grn\.env\Lib\site-packages\numba\core\controlflow.py
cfn=_remove_node_edges
calls=1 382
580 2200
cfl=c:\Users\Pedro\faculdade\IniciacaoCientifica\grn\.env\Lib\site-packages\numba\core\controlflow.py
cfn=_find_immediate_dominators
calls=1 461
580 31000
cfl=c:\Users\Pedro\faculdade\IniciacaoCientifica\grn\.env\Lib\site-packages\numba\core\controlflow.py
cfn=_find_dominators_from_immediate_doms
calls=1 545
580 8300
cfl=c:\Users\Pedro\faculdade\IniciacaoCientifica\grn\.env\Lib\site-packages\numba\core\controlflow.py
cfn=_find_back_edges
calls=1 616
580 11000
cfl=~
cfn=<method 'discard' of 'set' objects>
calls=4 0
580 200
cfl=~
cfn=<method 'values' of 'dict' objects>
calls=2 0
580 300

fl=c:\Users\Pedro\faculdade\IniciacaoCientifica\grn\.env\Lib\site-packages\numba\core\controlflow.py
fn=_find_back_edges
616 84800
cfl=c:\Users\Pedro\faculdade\IniciacaoCientifica\grn\.env\Lib\site-packages\numba\core\controlflow.py
cfn=entry_point
calls=14 257
616 2600
cfl=c:\Users\Pedro\faculdade\IniciacaoCientifica\grn\.env\Lib\site-packages\numba\core\controlflow.py
cfn=push_state
calls=62 644
616 47700
cfl=~
cfn=<method 'add' of 'set' objects>
calls=77 0
616 8800
cfl=~
cfn=<method 'pop' of 'list' objects>
calls=124 0
616 14100
cfl=~
cfn=<method 'remove' of 'set' objects>
calls=62 0
616 8000

fl=c:\Users\Pedro\faculdade\IniciacaoCientifica\grn\.env\Lib\site-packages\numba\core\controlflow.py
fn=push_state
644 35000
cfl=~
cfn=<method 'add' of 'set' objects>
calls=62 0
644 6800
cfl=~
cfn=<method 'append' of 'list' objects>
calls=62 0
644 5900

fl=c:\Users\Pedro\faculdade\IniciacaoCientifica\grn\.env\Lib\site-packages\numba\core\controlflow.py
fn=_find_topo_order
678 2900
cfl=c:\Users\Pedro\faculdade\IniciacaoCientifica\grn\.env\Lib\site-packages\numba\core\controlflow.py
cfn=_find_reverse_postorder
calls=6 458
678 125600

fl=c:\Users\Pedro\faculdade\IniciacaoCientifica\grn\.env\Lib\site-packages\numba\core\controlflow.py
fn=_find_loops
691 44600
cfl=<string>
cfn=<lambda>:1
calls=7 1
691 6300
cfl=C:\Users\Pedro\AppData\Local\Python\pythoncore-3.14-64\Lib\functools.py
cfn=__get__
calls=7 1110
691 96200
cfl=~
cfn=<method 'add' of 'set' objects>
calls=7 0
691 800
cfl=~
cfn=<method 'extend' of 'list' objects>
calls=7 0
691 1500
cfl=~
cfn=<method 'items' of 'dict' objects>
calls=7 0
691 900
cfl=~
cfn=<method 'pop' of 'list' objects>
calls=14 0
691 1400
cfl=~
cfn=<method 'update' of 'set' objects>
calls=28 0
691 3800

fl=c:\Users\Pedro\faculdade\IniciacaoCientifica\grn\.env\Lib\site-packages\numba\core\controlflow.py
fn=_find_in_loops
727 4400
cfl=c:\Users\Pedro\faculdade\IniciacaoCientifica\grn\.env\Lib\site-packages\numba\core\controlflow.py
cfn=<genexpr>:730
calls=5 730
727 1000
cfl=~
cfn=<built-in method builtins.sorted>
calls=1 0
727 1900
cfl=~
cfn=<method 'append' of 'list' objects>
calls=2 0
727 300
cfl=~
cfn=<method 'values' of 'dict' objects>
calls=1 0
727 100

fl=c:\Users\Pedro\faculdade\IniciacaoCientifica\grn\.env\Lib\site-packages\numba\core\controlflow.py
fn=<genexpr>:730
730 1000

fl=c:\Users\Pedro\faculdade\IniciacaoCientifica\grn\.env\Lib\site-packages\numba\core\controlflow.py
fn=<lambda>
733 600
cfl=~
cfn=<built-in method builtins.len>
calls=1 0
733 100

fl=c:\Users\Pedro\faculdade\IniciacaoCientifica\grn\.env\Lib\site-packages\numba\core\controlflow.py
fn=__eq__:744
744 4400
cfl=c:\Users\Pedro\faculdade\IniciacaoCientifica\grn\.env\Lib\site-packages\numba\core\controlflow.py
cfn=__ne__:80
calls=2 80
744 10700
cfl=~
cfn=<built-in method builtins.getattr>
calls=10 0
744 1100
cfl=~
cfn=<built-in method builtins.isinstance>
calls=1 0
744 100

fl=c:\Users\Pedro\faculdade\IniciacaoCientifica\grn\.env\Lib\site-packages\numba\core\controlflow.py
fn=__ne__:755
755 2100
cfl=c:\Users\Pedro\faculdade\IniciacaoCientifica\grn\.env\Lib\site-packages\numba\core\controlflow.py
cfn=__eq__:744
calls=1 744
755 16300

fl=c:\Users\Pedro\faculdade\IniciacaoCientifica\grn\.env\Lib\site-packages\numba\core\cpu.py
fn=load_additional_registries
102 25600
cfl=<frozen importlib._bootstrap>
cfn=_handle_fromlist
calls=16 1401
102 24300
cfl=c:\Users\Pedro\faculdade\IniciacaoCientifica\grn\.env\Lib\site-packages\numba\core\base.py
cfn=install_registry
calls=7 352
102 63800
cfl=c:\Users\Pedro\faculdade\IniciacaoCientifica\grn\.env\Lib\site-packages\numba\core\compiler_lock.py
cfn=_acquire_compile_lock
calls=1 32
102 17100
cfl=c:\Users\Pedro\faculdade\IniciacaoCientifica\grn\.env\Lib\site-packages\numba\core\entrypoints.py
cfn=init_all
calls=1 11
102 200

fl=c:\Users\Pedro\faculdade\IniciacaoCientifica\grn\.env\Lib\site-packages\numba\core\cpu.py
fn=codegen
157 400

fl=c:\Users\Pedro\faculdade\IniciacaoCientifica\grn\.env\Lib\site-packages\numba\core\cpu.py
fn=call_conv
160 1600
cfl=c:\Users\Pedro\faculdade\IniciacaoCientifica\grn\.env\Lib\site-packages\numba\core\callconv.py
cfn=__init__:60
calls=1 60
160 100

fl=c:\Users\Pedro\faculdade\IniciacaoCientifica\grn\.env\Lib\site-packages\numba\core\cpu.py
fn=finalize
335 8000
cfl=c:\Users\Pedro\faculdade\IniciacaoCientifica\grn\.env\Lib\site-packages\numba\core\targetconfig.py
cfn=getter
calls=2 111
335 1900
cfl=c:\Users\Pedro\faculdade\IniciacaoCientifica\grn\.env\Lib\site-packages\numba\core\targetconfig.py
cfn=setter
calls=4 114
335 1700
cfl=c:\Users\Pedro\faculdade\IniciacaoCientifica\grn\.env\Lib\site-packages\numba\core\targetconfig.py
cfn=is_set
calls=5 202
335 3100
cfl=c:\Users\Pedro\faculdade\IniciacaoCientifica\grn\.env\Lib\site-packages\numba\core\targetconfig.py
cfn=inherit_if_not_set
calls=4 216
335 22100

fl=c:\Users\Pedro\faculdade\IniciacaoCientifica\grn\.env\Lib\site-packages\numba\core\cpu_options.py
fn=__bool__
53 500

fl=c:\Users\Pedro\faculdade\IniciacaoCientifica\grn\.env\Lib\site-packages\numba\core\dispatcher.py
fn=compile:79
79 332700
cfl=c:\Users\Pedro\faculdade\IniciacaoCientifica\grn\.env\Lib\site-packages\numba\core\dispatcher.py
cfn=_compile_cached
calls=591 86
79 26712900

fl=c:\Users\Pedro\faculdade\IniciacaoCientifica\grn\.env\Lib\site-packages\numba\core\dispatcher.py
fn=_compile_cached
86 247100
cfl=c:\Users\Pedro\faculdade\IniciacaoCientifica\grn\.env\Lib\site-packages\numba\core\dispatcher.py
cfn=_compile_core
calls=1 101
86 26465800

fl=c:\Users\Pedro\faculdade\IniciacaoCientifica\grn\.env\Lib\site-packages\numba\core\dispatcher.py
fn=_compile_core
101 7700
cfl=c:\Users\Pedro\faculdade\IniciacaoCientifica\grn\.env\Lib\site-packages\numba\core\compiler.py
cfn=compile_extra:713
calls=1 713
101 26364400
cfl=c:\Users\Pedro\faculdade\IniciacaoCientifica\grn\.env\Lib\site-packages\numba\core\dispatcher.py
cfn=_get_implementation
calls=1 121
101 200
cfl=c:\Users\Pedro\faculdade\IniciacaoCientifica\grn\.env\Lib\site-packages\numba\core\dispatcher.py
cfn=_customize_flags
calls=1 124
101 100
cfl=c:\Users\Pedro\faculdade\IniciacaoCientifica\grn\.env\Lib\site-packages\numba\core\options.py
cfn=parse_as_flags
calls=1 30
101 92200
cfl=c:\Users\Pedro\faculdade\IniciacaoCientifica\grn\.env\Lib\site-packages\numba\core\registry.py
cfn=target_context
calls=1 25
101 300
cfl=c:\Users\Pedro\faculdade\IniciacaoCientifica\grn\.env\Lib\site-packages\numba\core\registry.py
cfn=typing_context
calls=1 32
101 700
cfl=c:\Users\Pedro\faculdade\IniciacaoCientifica\grn\.env\Lib\site-packages\numba\core\targetconfig.py
cfn=__init__:161
calls=1 161
101 200

fl=c:\Users\Pedro\faculdade\IniciacaoCientifica\grn\.env\Lib\site-packages\numba\core\dispatcher.py
fn=_get_implementation
121 200

fl=c:\Users\Pedro\faculdade\IniciacaoCientifica\grn\.env\Lib\site-packages\numba\core\dispatcher.py
fn=_customize_flags
124 100

fl=c:\Users\Pedro\faculdade\IniciacaoCientifica\grn\.env\Lib\site-packages\numba\core\dispatcher.py
fn=__enter__
178 95200

fl=c:\Users\Pedro\faculdade\IniciacaoCientifica\grn\.env\Lib\site-packages\numba\core\dispatcher.py
fn=__exit__
182 124600

fl=c:\Users\Pedro\faculdade\IniciacaoCientifica\grn\.env\Lib\site-packages\numba\core\dispatcher.py
fn=_compilation_chain_init_hook
235 234500
cfl=c:\Users\Pedro\faculdade\IniciacaoCientifica\grn\.env\Lib\site-packages\numba\core\entrypoints.py
cfn=init_all
calls=591 11
235 88000

fl=c:\Users\Pedro\faculdade\IniciacaoCientifica\grn\.env\Lib\site-packages\numba\core\dispatcher.py
fn=_compile_for_args
342 4611400
cfl=c:\Users\Pedro\faculdade\IniciacaoCientifica\grn\.env\Lib\site-packages\numba\core\dispatcher.py
cfn=_compilation_chain_init_hook
calls=591 235
342 322500
cfl=c:\Users\Pedro\faculdade\IniciacaoCientifica\grn\.env\Lib\site-packages\numba\core\dispatcher.py
cfn=error_rewrite
calls=591 352
342 1866500
cfl=c:\Users\Pedro\faculdade\IniciacaoCientifica\grn\.env\Lib\site-packages\numba\core\dispatcher.py
cfn=typeof_pyval
calls=2955 678
342 35080300
cfl=c:\Users\Pedro\faculdade\IniciacaoCientifica\grn\.env\Lib\site-packages\numba\core\dispatcher.py
cfn=compile:860
calls=591 860
342 69298500
cfl=c:\Users\Pedro\faculdade\IniciacaoCientifica\grn\.env\Lib\site-packages\numba\core\typing\typeof.py
cfn=typeof
calls=2955 27
342 27455700
cfl=~
cfn=<built-in method builtins.isinstance>
calls=5910 0
342 714300
cfl=~
cfn=<method 'append' of 'list' objects>
calls=2955 0
342 371300
cfl=~
cfn=<method 'clear' of 'set' objects>
calls=591 0
342 134400

fl=c:\Users\Pedro\faculdade\IniciacaoCientifica\grn\.env\Lib\site-packages\numba\core\dispatcher.py
fn=error_rewrite
352 339400
cfl=~
cfn=<method 'with_traceback' of 'BaseException' objects>
calls=591 0
352 1527100

fl=c:\Users\Pedro\faculdade\IniciacaoCientifica\grn\.env\Lib\site-packages\numba\core\dispatcher.py
fn=typeof_pyval
678 1581700
cfl=c:\Users\Pedro\faculdade\IniciacaoCientifica\grn\.env\Lib\site-packages\numba\core\typing\typeof.py
cfn=typeof
calls=2956 27
678 29494600
cfl=~
cfn=<method 'add' of 'set' objects>
calls=2956 0
678 4078800

fl=c:\Users\Pedro\faculdade\IniciacaoCientifica\grn\.env\Lib\site-packages\numba\core\dispatcher.py
fn=compile:860
860 4439000
cfl=C:\Users\Pedro\AppData\Local\Python\pythoncore-3.14-64\Lib\collections\__init__.py
cfn=__missing__
calls=1 616
860 200
cfl=C:\Users\Pedro\AppData\Local\Python\pythoncore-3.14-64\Lib\contextlib.py
cfn=__enter__:136
calls=591 136
860 3690600
cfl=C:\Users\Pedro\AppData\Local\Python\pythoncore-3.14-64\Lib\contextlib.py
cfn=__exit__:145
calls=591 145
860 3753200
cfl=C:\Users\Pedro\AppData\Local\Python\pythoncore-3.14-64\Lib\contextlib.py
cfn=helper
calls=1773 303
860 1848300
cfl=C:\Users\Pedro\AppData\Local\Python\pythoncore-3.14-64\Lib\contextlib.py
cfn=__init__:485
calls=591 485
860 209000
cfl=C:\Users\Pedro\AppData\Local\Python\pythoncore-3.14-64\Lib\contextlib.py
cfn=enter_context
calls=1773 515
860 11637300
cfl=C:\Users\Pedro\AppData\Local\Python\pythoncore-3.14-64\Lib\contextlib.py
cfn=__enter__:568
calls=591 568
860 58100
cfl=C:\Users\Pedro\AppData\Local\Python\pythoncore-3.14-64\Lib\contextlib.py
cfn=__exit__:571
calls=591 571
860 9560900
cfl=c:\Users\Pedro\faculdade\IniciacaoCientifica\grn\.env\Lib\site-packages\numba\core\caching.py
cfn=load_overload
calls=591 87
860 57100
cfl=c:\Users\Pedro\faculdade\IniciacaoCientifica\grn\.env\Lib\site-packages\numba\core\dispatcher.py
cfn=compile:79
calls=591 79
860 27045600
cfl=c:\Users\Pedro\faculdade\IniciacaoCientifica\grn\.env\Lib\site-packages\numba\core\dispatcher.py
cfn=__enter__
calls=591 178
860 95200
cfl=c:\Users\Pedro\faculdade\IniciacaoCientifica\grn\.env\Lib\site-packages\numba\core\dispatcher.py
cfn=__exit__
calls=591 182
860 124600
cfl=c:\Users\Pedro\faculdade\IniciacaoCientifica\grn\.env\Lib\site-packages\numba\core\sigutils.py
cfn=normalize_signature
calls=591 22
860 3206800
cfl=~
cfn=<method 'get' of 'dict' objects>
calls=591 0
860 3572600

fl=c:\Users\Pedro\faculdade\IniciacaoCientifica\grn\.env\Lib\site-packages\numba\core\entrypoints.py
fn=init_all
11 88200

fl=c:\Users\Pedro\faculdade\IniciacaoCientifica\grn\.env\Lib\site-packages\numba\core\errors.py
fn=__init__:285
285 25000
cfl=c:\Users\Pedro\faculdade\IniciacaoCientifica\grn\.env\Lib\site-packages\colorama\initialise.py
cfn=init
calls=69 37
285 2312300

fl=c:\Users\Pedro\faculdade\IniciacaoCientifica\grn\.env\Lib\site-packages\numba\core\errors.py
fn=__enter__:289
289 17800
cfl=c:\Users\Pedro\faculdade\IniciacaoCientifica\grn\.env\Lib\site-packages\colorama\initialise.py
cfn=reinit
calls=69 104
289 12300

fl=c:\Users\Pedro\faculdade\IniciacaoCientifica\grn\.env\Lib\site-packages\numba\core\errors.py
fn=__exit__:293
293 17900
cfl=c:\Users\Pedro\faculdade\IniciacaoCientifica\grn\.env\Lib\site-packages\colorama\initialise.py
cfn=deinit
calls=69 65
293 12500

fl=c:\Users\Pedro\faculdade\IniciacaoCientifica\grn\.env\Lib\site-packages\numba\core\errors.py
fn=__init__:298
298 19200

fl=c:\Users\Pedro\faculdade\IniciacaoCientifica\grn\.env\Lib\site-packages\numba\core\errors.py
fn=__enter__:301
301 6900

fl=c:\Users\Pedro\faculdade\IniciacaoCientifica\grn\.env\Lib\site-packages\numba\core\errors.py
fn=__exit__:304
304 39700
cfl=~
cfn=<method 'encode' of 'str' objects>
calls=69 0
304 8100

fl=c:\Users\Pedro\faculdade\IniciacaoCientifica\grn\.env\Lib\site-packages\numba\core\errors.py
fn=_markup
362 173000
cfl=c:\Users\Pedro\faculdade\IniciacaoCientifica\grn\.env\Lib\site-packages\numba\core\errors.py
cfn=__init__:285
calls=69 285
362 2337300
cfl=c:\Users\Pedro\faculdade\IniciacaoCientifica\grn\.env\Lib\site-packages\numba\core\errors.py
cfn=__enter__:289
calls=69 289
362 30100
cfl=c:\Users\Pedro\faculdade\IniciacaoCientifica\grn\.env\Lib\site-packages\numba\core\errors.py
cfn=__exit__:293
calls=69 293
362 30400
cfl=c:\Users\Pedro\faculdade\IniciacaoCientifica\grn\.env\Lib\site-packages\numba\core\errors.py
cfn=__init__:298
calls=69 298
362 19200
cfl=c:\Users\Pedro\faculdade\IniciacaoCientifica\grn\.env\Lib\site-packages\numba\core\errors.py
cfn=__enter__:301
calls=69 301
362 6900
cfl=c:\Users\Pedro\faculdade\IniciacaoCientifica\grn\.env\Lib\site-packages\numba\core\errors.py
cfn=__exit__:304
calls=69 304
362 47800
cfl=~
cfn=<method 'decode' of 'bytearray' objects>
calls=69 0
362 15200
cfl=~
cfn=<method 'encode' of 'str' objects>
calls=138 0
362 22700

fl=c:\Users\Pedro\faculdade\IniciacaoCientifica\grn\.env\Lib\site-packages\numba\core\errors.py
fn=code
374 4100
cfl=c:\Users\Pedro\faculdade\IniciacaoCientifica\grn\.env\Lib\site-packages\numba\core\errors.py
cfn=_markup
calls=11 362
374 398600

fl=c:\Users\Pedro\faculdade\IniciacaoCientifica\grn\.env\Lib\site-packages\numba\core\errors.py
fn=errmsg
377 8400
cfl=c:\Users\Pedro\faculdade\IniciacaoCientifica\grn\.env\Lib\site-packages\numba\core\errors.py
cfn=_markup
calls=24 362
377 955700

fl=c:\Users\Pedro\faculdade\IniciacaoCientifica\grn\.env\Lib\site-packages\numba\core\errors.py
fn=filename
380 3900
cfl=c:\Users\Pedro\faculdade\IniciacaoCientifica\grn\.env\Lib\site-packages\numba\core\errors.py
cfn=_markup
calls=12 362
380 423400

fl=c:\Users\Pedro\faculdade\IniciacaoCientifica\grn\.env\Lib\site-packages\numba\core\errors.py
fn=indicate
383 4500
cfl=c:\Users\Pedro\faculdade\IniciacaoCientifica\grn\.env\Lib\site-packages\numba\core\errors.py
cfn=_markup
calls=11 362
383 407800

fl=c:\Users\Pedro\faculdade\IniciacaoCientifica\grn\.env\Lib\site-packages\numba\core\errors.py
fn=highlight
386 5900
cfl=c:\Users\Pedro\faculdade\IniciacaoCientifica\grn\.env\Lib\site-packages\numba\core\errors.py
cfn=_markup
calls=11 362
386 497100

fl=c:\Users\Pedro\faculdade\IniciacaoCientifica\grn\.env\Lib\site-packages\numba\core\errors.py
fn=termcolor
392 2800

fl=c:\Users\Pedro\faculdade\IniciacaoCientifica\grn\.env\Lib\site-packages\numba\core\errors.py
fn=__init__:526
526 800

fl=c:\Users\Pedro\faculdade\IniciacaoCientifica\grn\.env\Lib\site-packages\numba\core\errors.py
fn=flush
552 2300
cfl=~
cfn=<built-in method builtins.sorted>
calls=1 0
552 800
cfl=~
cfn=<method 'clear' of 'dict' objects>
calls=1 0
552 200
cfl=~
cfn=<method 'items' of 'dict' objects>
calls=1 0
552 300

fl=c:\Users\Pedro\faculdade\IniciacaoCientifica\grn\.env\Lib\site-packages\numba\core\errors.py
fn=__enter__:569
569 100

fl=c:\Users\Pedro\faculdade\IniciacaoCientifica\grn\.env\Lib\site-packages\numba\core\errors.py
fn=__exit__:572
572 2300
cfl=c:\Users\Pedro\faculdade\IniciacaoCientifica\grn\.env\Lib\site-packages\numba\core\errors.py
cfn=flush
calls=1 552
572 3600

fl=c:\Users\Pedro\faculdade\IniciacaoCientifica\grn\.env\Lib\site-packages\numba\core\errors.py
fn=__init__:577
577 42400
cfl=c:\Users\Pedro\faculdade\IniciacaoCientifica\grn\.env\Lib\site-packages\numba\core\errors.py
cfn=errmsg
calls=18 377
577 681900
cfl=c:\Users\Pedro\faculdade\IniciacaoCientifica\grn\.env\Lib\site-packages\numba\core\errors.py
cfn=termcolor
calls=18 392
577 2500
cfl=c:\Users\Pedro\faculdade\IniciacaoCientifica\grn\.env\Lib\site-packages\numba\core\ir.py
cfn=strformat
calls=11 115
577 2754200

fl=c:\Users\Pedro\faculdade\IniciacaoCientifica\grn\.env\Lib\site-packages\numba\core\errors.py
fn=contexts
592 1900

fl=c:\Users\Pedro\faculdade\IniciacaoCientifica\grn\.env\Lib\site-packages\numba\core\errors.py
fn=add_context
600 3700
cfl=c:\Users\Pedro\faculdade\IniciacaoCientifica\grn\.env\Lib\site-packages\numba\core\errors.py
cfn=errmsg
calls=1 377
600 38600
cfl=c:\Users\Pedro\faculdade\IniciacaoCientifica\grn\.env\Lib\site-packages\numba\core\errors.py
cfn=filename
calls=1 380
600 36800
cfl=c:\Users\Pedro\faculdade\IniciacaoCientifica\grn\.env\Lib\site-packages\numba\core\errors.py
cfn=termcolor
calls=2 392
600 300
cfl=c:\Users\Pedro\faculdade\IniciacaoCientifica\grn\.env\Lib\site-packages\numba\core\errors.py
cfn=contexts
calls=2 592
600 1900
cfl=~
cfn=<method 'append' of 'list' objects>
calls=1 0
600 200
cfl=~
cfn=<method 'format' of 'str' objects>
calls=1 0
600 2400

fl=c:\Users\Pedro\faculdade\IniciacaoCientifica\grn\.env\Lib\site-packages\numba\core\errors.py
fn=patch_message
614 1000

fl=c:\Users\Pedro\faculdade\IniciacaoCientifica\grn\.env\Lib\site-packages\numba\core\errors.py
fn=__init__:748
748 11600
cfl=c:\Users\Pedro\faculdade\IniciacaoCientifica\grn\.env\Lib\site-packages\numba\core\errors.py
cfn=__init__:577
calls=14 577
748 3080100

fl=c:\Users\Pedro\faculdade\IniciacaoCientifica\grn\.env\Lib\site-packages\numba\core\errors.py
fn=_format_msg
882 900
cfl=~
cfn=<method 'format' of 'str' objects>
calls=1 0
882 1400

fl=c:\Users\Pedro\faculdade\IniciacaoCientifica\grn\.env\Lib\site-packages\numba\core\errors.py
fn=new_error_context
895 11100
cfl=c:\Users\Pedro\faculdade\IniciacaoCientifica\grn\.env\Lib\site-packages\numba\core\errors.py
cfn=add_context
calls=1 600
895 83900
cfl=c:\Users\Pedro\faculdade\IniciacaoCientifica\grn\.env\Lib\site-packages\numba\core\errors.py
cfn=_format_msg
calls=1 882
895 2300
cfl=~
cfn=<method 'get' of 'dict' objects>
calls=18 0
895 1600

fl=c:\Users\Pedro\faculdade\IniciacaoCientifica\grn\.env\Lib\site-packages\numba\core\event.py
fn=_guard_kind
66 1297700
cfl=~
cfn=<method 'startswith' of 'str' objects>
calls=4802 0
66 585100

fl=c:\Users\Pedro\faculdade\IniciacaoCientifica\grn\.env\Lib\site-packages\numba\core\event.py
fn=__init__:100
100 812800
cfl=c:\Users\Pedro\faculdade\IniciacaoCientifica\grn\.env\Lib\site-packages\numba\core\event.py
cfn=_guard_kind
calls=2438 66
100 944700

fl=c:\Users\Pedro\faculdade\IniciacaoCientifica\grn\.env\Lib\site-packages\numba\core\event.py
fn=kind
108 221000

fl=c:\Users\Pedro\faculdade\IniciacaoCientifica\grn\.env\Lib\site-packages\numba\core\event.py
fn=is_start
138 208500

fl=c:\Users\Pedro\faculdade\IniciacaoCientifica\grn\.env\Lib\site-packages\numba\core\event.py
fn=is_end
148 74500

fl=c:\Users\Pedro\faculdade\IniciacaoCientifica\grn\.env\Lib\site-packages\numba\core\event.py
fn=register
182 727500
cfl=c:\Users\Pedro\faculdade\IniciacaoCientifica\grn\.env\Lib\site-packages\numba\core\event.py
cfn=_guard_kind
calls=1182 66
182 538300
cfl=~
cfn=<built-in method builtins.isinstance>
calls=1182 0
182 730100
cfl=~
cfn=<method 'append' of 'list' objects>
calls=1182 0
182 146900

fl=c:\Users\Pedro\faculdade\IniciacaoCientifica\grn\.env\Lib\site-packages\numba\core\event.py
fn=unregister
195 707300
cfl=c:\Users\Pedro\faculdade\IniciacaoCientifica\grn\.env\Lib\site-packages\numba\core\event.py
cfn=_guard_kind
calls=1182 66
195 399800
cfl=~
cfn=<built-in method builtins.isinstance>
calls=1182 0
195 734700
cfl=~
cfn=<method 'remove' of 'list' objects>
calls=1182 0
195 169600

fl=c:\Users\Pedro\faculdade\IniciacaoCientifica\grn\.env\Lib\site-packages\numba\core\event.py
fn=broadcast
209 998300
cfl=c:\Users\Pedro\faculdade\IniciacaoCientifica\grn\.env\Lib\site-packages\numba\core\event.py
cfn=kind
calls=2438 108
209 221000
cfl=c:\Users\Pedro\faculdade\IniciacaoCientifica\grn\.env\Lib\site-packages\numba\core\event.py
cfn=notify
calls=1220 243
209 1728100

fl=c:\Users\Pedro\faculdade\IniciacaoCientifica\grn\.env\Lib\site-packages\numba\core\event.py
fn=notify
243 635100
cfl=c:\Users\Pedro\faculdade\IniciacaoCientifica\grn\.env\Lib\site-packages\numba\core\event.py
cfn=is_start
calls=1220 138
243 208500
cfl=c:\Users\Pedro\faculdade\IniciacaoCientifica\grn\.env\Lib\site-packages\numba\core\event.py
cfn=is_end
calls=610 148
243 74500
cfl=c:\Users\Pedro\faculdade\IniciacaoCientifica\grn\.env\Lib\site-packages\numba\core\event.py
cfn=on_start
calls=610 265
243 310900
cfl=c:\Users\Pedro\faculdade\IniciacaoCientifica\grn\.env\Lib\site-packages\numba\core\event.py
cfn=on_end
calls=610 270
243 499100

fl=c:\Users\Pedro\faculdade\IniciacaoCientifica\grn\.env\Lib\site-packages\numba\core\event.py
fn=__init__:262
262 133500

fl=c:\Users\Pedro\faculdade\IniciacaoCientifica\grn\.env\Lib\site-packages\numba\core\event.py
fn=on_start
265 230000
cfl=~
cfn=<built-in method time.perf_counter>
calls=591 0
265 80900

fl=c:\Users\Pedro\faculdade\IniciacaoCientifica\grn\.env\Lib\site-packages\numba\core\event.py
fn=on_end
270 338600
cfl=~
cfn=<built-in method builtins.getattr>
calls=591 0
270 85700
cfl=~
cfn=<built-in method time.perf_counter>
calls=591 0
270 74800

fl=c:\Users\Pedro\faculdade\IniciacaoCientifica\grn\.env\Lib\site-packages\numba\core\event.py
fn=install_listener
312 913900
cfl=c:\Users\Pedro\faculdade\IniciacaoCientifica\grn\.env\Lib\site-packages\numba\core\event.py
cfn=register
calls=1182 182
312 2142800
cfl=c:\Users\Pedro\faculdade\IniciacaoCientifica\grn\.env\Lib\site-packages\numba\core\event.py
cfn=unregister
calls=1182 195
312 2011400

fl=c:\Users\Pedro\faculdade\IniciacaoCientifica\grn\.env\Lib\site-packages\numba\core\event.py
fn=install_timer
337 1647100
cfl=C:\Users\Pedro\AppData\Local\Python\pythoncore-3.14-64\Lib\contextlib.py
cfn=__enter__:136
calls=1182 136
337 3134400
cfl=C:\Users\Pedro\AppData\Local\Python\pythoncore-3.14-64\Lib\contextlib.py
cfn=__exit__:145
calls=1182 145
337 3503500
cfl=C:\Users\Pedro\AppData\Local\Python\pythoncore-3.14-64\Lib\contextlib.py
cfn=helper
calls=1182 303
337 987800
cfl=c:\Users\Pedro\faculdade\IniciacaoCientifica\grn\.env\Lib\site-packages\numba\core\event.py
cfn=__init__:262
calls=1182 262
337 133500

fl=c:\Users\Pedro\faculdade\IniciacaoCientifica\grn\.env\Lib\site-packages\numba\core\event.py
fn=start_event
390 1015700
cfl=c:\Users\Pedro\faculdade\IniciacaoCientifica\grn\.env\Lib\site-packages\numba\core\event.py
cfn=__init__:100
calls=1219 100
390 908600
cfl=c:\Users\Pedro\faculdade\IniciacaoCientifica\grn\.env\Lib\site-packages\numba\core\event.py
cfn=broadcast
calls=1219 209
390 1357200

fl=c:\Users\Pedro\faculdade\IniciacaoCientifica\grn\.env\Lib\site-packages\numba\core\event.py
fn=end_event
404 969900
cfl=c:\Users\Pedro\faculdade\IniciacaoCientifica\grn\.env\Lib\site-packages\numba\core\event.py
cfn=__init__:100
calls=1219 100
404 848900
cfl=c:\Users\Pedro\faculdade\IniciacaoCientifica\grn\.env\Lib\site-packages\numba\core\event.py
cfn=broadcast
calls=1219 209
404 1590200

fl=c:\Users\Pedro\faculdade\IniciacaoCientifica\grn\.env\Lib\site-packages\numba\core\event.py
fn=trigger_event
422 1410000
cfl=C:\Users\Pedro\AppData\Local\Python\pythoncore-3.14-64\Lib\contextlib.py
cfn=__init__:485
calls=609 485
422 184200
cfl=C:\Users\Pedro\AppData\Local\Python\pythoncore-3.14-64\Lib\contextlib.py
cfn=push
calls=609 495
422 1057600
cfl=C:\Users\Pedro\AppData\Local\Python\pythoncore-3.14-64\Lib\contextlib.py
cfn=__enter__:568
calls=609 568
422 56800
cfl=C:\Users\Pedro\AppData\Local\Python\pythoncore-3.14-64\Lib\contextlib.py
cfn=__exit__:571
calls=609 571
422 2531300
cfl=c:\Users\Pedro\faculdade\IniciacaoCientifica\grn\.env\Lib\site-packages\numba\core\event.py
cfn=start_event
calls=609 390
422 1201800

fl=c:\Users\Pedro\faculdade\IniciacaoCientifica\grn\.env\Lib\site-packages\numba\core\event.py
fn=on_exit
436 247300
cfl=c:\Users\Pedro\faculdade\IniciacaoCientifica\grn\.env\Lib\site-packages\numba\core\event.py
cfn=end_event
calls=609 404
436 1168200

fl=c:\Users\Pedro\faculdade\IniciacaoCientifica\grn\.env\Lib\site-packages\numba\core\inline_closurecall.py
fn=__init__:81
81 300

fl=c:\Users\Pedro\faculdade\IniciacaoCientifica\grn\.env\Lib\site-packages\numba\core\inline_closurecall.py
fn=run
90 68400
cfl=c:\Users\Pedro\faculdade\IniciacaoCientifica\grn\.env\Lib\site-packages\numba\core\analysis.py
cfn=compute_cfg_from_blocks
calls=1 244
90 23200
cfl=c:\Users\Pedro\faculdade\IniciacaoCientifica\grn\.env\Lib\site-packages\numba\core\controlflow.py
cfn=loops
calls=1 279
90 22700
cfl=c:\Users\Pedro\faculdade\IniciacaoCientifica\grn\.env\Lib\site-packages\numba\core\inline_closurecall.py
cfn=_make_debug_print
calls=1 816
90 600
cfl=c:\Users\Pedro\faculdade\IniciacaoCientifica\grn\.env\Lib\site-packages\numba\core\inline_closurecall.py
cfn=debug_print
calls=3 817
90 400
cfl=c:\Users\Pedro\faculdade\IniciacaoCientifica\grn\.env\Lib\site-packages\numba\core\inline_closurecall.py
cfn=_debug_dump
calls=1 823
90 100
cfl=c:\Users\Pedro\faculdade\IniciacaoCientifica\grn\.env\Lib\site-packages\numba\core\ir.py
cfn=__getattr__
calls=11 387
90 3700
cfl=c:\Users\Pedro\faculdade\IniciacaoCientifica\grn\.env\Lib\site-packages\numba\core\ir_utils.py
cfn=remove_dels
calls=1 439
90 46700
cfl=c:\Users\Pedro\faculdade\IniciacaoCientifica\grn\.env\Lib\site-packages\numba\core\ir_utils.py
cfn=guard
calls=56 1459
90 451600
cfl=c:\Users\Pedro\faculdade\IniciacaoCientifica\grn\.env\Lib\site-packages\numba\core\postproc.py
cfn=__init__:68
calls=1 68
90 200
cfl=c:\Users\Pedro\faculdade\IniciacaoCientifica\grn\.env\Lib\site-packages\numba\core\postproc.py
cfn=run
calls=1 71
90 2081200
cfl=~
cfn=<built-in method builtins.isinstance>
calls=255 0
90 17600
cfl=~
cfn=<built-in method builtins.len>
calls=1 0
90 100
cfl=~
cfn=<built-in method builtins.sorted>
calls=1 0
90 2000
cfl=~
cfn=<method 'append' of 'list' objects>
calls=1 0
90 200
cfl=~
cfn=<method 'items' of 'dict' objects>
calls=1 0
90 200
cfl=~
cfn=<method 'keys' of 'dict' objects>
calls=1 0
90 200
cfl=~
cfn=<method 'pop' of 'list' objects>
calls=4 0
90 1100

fl=c:\Users\Pedro\faculdade\IniciacaoCientifica\grn\.env\Lib\site-packages\numba\core\inline_closurecall.py
fn=<lambda>
137 600

fl=c:\Users\Pedro\faculdade\IniciacaoCientifica\grn\.env\Lib\site-packages\numba\core\inline_closurecall.py
fn=_inline_reduction
165 8700
cfl=c:\Users\Pedro\faculdade\IniciacaoCientifica\grn\.env\Lib\site-packages\numba\core\ir_utils.py
cfn=require
calls=22 1452
165 4200

fl=c:\Users\Pedro\faculdade\IniciacaoCientifica\grn\.env\Lib\site-packages\numba\core\inline_closurecall.py
fn=_inline_stencil
194 11100
cfl=c:\Users\Pedro\faculdade\IniciacaoCientifica\grn\.env\Lib\site-packages\numba\core\ir_utils.py
cfn=require
calls=11 1452
194 1900
cfl=~
cfn=<built-in method builtins.isinstance>
calls=11 0
194 900

fl=c:\Users\Pedro\faculdade\IniciacaoCientifica\grn\.env\Lib\site-packages\numba\core\inline_closurecall.py
fn=_inline_closure
270 6200
cfl=c:\Users\Pedro\faculdade\IniciacaoCientifica\grn\.env\Lib\site-packages\numba\core\ir_utils.py
cfn=require
calls=11 1452
270 1700
cfl=~
cfn=<built-in method builtins.isinstance>
calls=11 0
270 800

fl=c:\Users\Pedro\faculdade\IniciacaoCientifica\grn\.env\Lib\site-packages\numba\core\inline_closurecall.py
fn=__init__:312
312 6800
cfl=c:\Users\Pedro\faculdade\IniciacaoCientifica\grn\.env\Lib\site-packages\numba\core\inline_closurecall.py
cfn=check
calls=1 330
312 100
cfl=c:\Users\Pedro\faculdade\IniciacaoCientifica\grn\.env\Lib\site-packages\numba\core\inline_closurecall.py
cfn=_make_debug_print
calls=1 816
312 300
cfl=~
cfn=<built-in method builtins.all>
calls=4 0
312 600
cfl=~
cfn=<built-in method builtins.any>
calls=2 0
312 500

fl=c:\Users\Pedro\faculdade\IniciacaoCientifica\grn\.env\Lib\site-packages\numba\core\inline_closurecall.py
fn=check
330 100

fl=c:\Users\Pedro\faculdade\IniciacaoCientifica\grn\.env\Lib\site-packages\numba\core\inline_closurecall.py
fn=_make_debug_print
816 1300

fl=c:\Users\Pedro\faculdade\IniciacaoCientifica\grn\.env\Lib\site-packages\numba\core\inline_closurecall.py
fn=debug_print
817 700

fl=c:\Users\Pedro\faculdade\IniciacaoCientifica\grn\.env\Lib\site-packages\numba\core\inline_closurecall.py
fn=_debug_dump
823 100

fl=c:\Users\Pedro\faculdade\IniciacaoCientifica\grn\.env\Lib\site-packages\numba\core\inline_closurecall.py
fn=_find_arraycall
899 42000
cfl=c:\Users\Pedro\faculdade\IniciacaoCientifica\grn\.env\Lib\site-packages\numba\core\inline_closurecall.py
cfn=_make_debug_print
calls=1 816
899 200
cfl=c:\Users\Pedro\faculdade\IniciacaoCientifica\grn\.env\Lib\site-packages\numba\core\inline_closurecall.py
cfn=debug_print
calls=1 817
899 200
cfl=c:\Users\Pedro\faculdade\IniciacaoCientifica\grn\.env\Lib\site-packages\numba\core\ir.py
cfn=__getattr__
calls=3 387
899 1000
cfl=c:\Users\Pedro\faculdade\IniciacaoCientifica\grn\.env\Lib\site-packages\numba\core\ir_utils.py
cfn=require
calls=1 1452
899 100
cfl=c:\Users\Pedro\faculdade\IniciacaoCientifica\grn\.env\Lib\site-packages\numba\core\ir_utils.py
cfn=guard
calls=46 1459
899 99500
cfl=~
cfn=<built-in method builtins.isinstance>
calls=139 0
899 9100
cfl=~
cfn=<built-in method builtins.len>
calls=92 0
899 6200

fl=c:\Users\Pedro\faculdade\IniciacaoCientifica\grn\.env\Lib\site-packages\numba\core\inline_closurecall.py
fn=_inline_arraycall
1042 12500
cfl=c:\Users\Pedro\faculdade\IniciacaoCientifica\grn\.env\Lib\site-packages\numba\core\inline_closurecall.py
cfn=_make_debug_print
calls=1 816
1042 200
cfl=c:\Users\Pedro\faculdade\IniciacaoCientifica\grn\.env\Lib\site-packages\numba\core\inline_closurecall.py
cfn=debug_print
calls=1 817
1042 100
cfl=c:\Users\Pedro\faculdade\IniciacaoCientifica\grn\.env\Lib\site-packages\numba\core\inline_closurecall.py
cfn=_find_arraycall
calls=1 899
1042 158300
cfl=c:\Users\Pedro\faculdade\IniciacaoCientifica\grn\.env\Lib\site-packages\numba\core\ir.py
cfn=__getattr__
calls=2 387
1042 1000
cfl=c:\Users\Pedro\faculdade\IniciacaoCientifica\grn\.env\Lib\site-packages\numba\core\ir_utils.py
cfn=require
calls=5 1452
1042 600
cfl=c:\Users\Pedro\faculdade\IniciacaoCientifica\grn\.env\Lib\site-packages\numba\core\ir_utils.py
cfn=get_definition
calls=3 1470
1042 4200
cfl=~
cfn=<built-in method builtins.isinstance>
calls=4 0
1042 300
cfl=~
cfn=<built-in method builtins.iter>
calls=1 0
1042 400
cfl=~
cfn=<built-in method builtins.len>
calls=2 0
1042 100
cfl=~
cfn=<built-in method builtins.next>
calls=1 0
1042 100

fl=c:\Users\Pedro\faculdade\IniciacaoCientifica\grn\.env\Lib\site-packages\numba\core\interpreter.py
fn=__init__:58
58 3700

fl=c:\Users\Pedro\faculdade\IniciacaoCientifica\grn\.env\Lib\site-packages\numba\core\interpreter.py
fn=assign
66 28000
cfl=c:\Users\Pedro\faculdade\IniciacaoCientifica\grn\.env\Lib\site-packages\numba\core\ir.py
cfn=is_temp
calls=44 1118
66 15200
cfl=~
cfn=<method 'add' of 'set' objects>
calls=36 0
66 6900
cfl=~
cfn=<method 'append' of 'list' objects>
calls=36 0
66 3700

fl=c:\Users\Pedro\faculdade\IniciacaoCientifica\grn\.env\Lib\site-packages\numba\core\interpreter.py
fn=get_assignment_source
86 31100
cfl=~
cfn=<method 'discard' of 'set' objects>
calls=110 0
86 12700

fl=c:\Users\Pedro\faculdade\IniciacaoCientifica\grn\.env\Lib\site-packages\numba\core\interpreter.py
fn=peep_hole_call_function_ex_to_call_function_kw
509 65400
cfl=C:\Users\Pedro\AppData\Local\Python\pythoncore-3.14-64\Lib\textwrap.py
cfn=dedent
calls=1 416
509 15800
cfl=c:\Users\Pedro\faculdade\IniciacaoCientifica\grn\.env\Lib\site-packages\numba\core\ir.py
cfn=__getattr__
calls=22 387
509 7800
cfl=~
cfn=<built-in method builtins.isinstance>
calls=342 0
509 21400
cfl=~
cfn=<method 'append' of 'list' objects>
calls=88 0
509 7000
cfl=~
cfn=<method 'values' of 'dict' objects>
calls=1 0
509 100

fl=c:\Users\Pedro\faculdade\IniciacaoCientifica\grn\.env\Lib\site-packages\numba\core\interpreter.py
fn=peep_hole_list_to_tuple
764 4300
cfl=c:\Users\Pedro\faculdade\IniciacaoCientifica\grn\.env\Lib\site-packages\numba\core\interpreter.py
cfn=find_postive_region
calls=4 804
764 34200
cfl=~
cfn=<method 'items' of 'dict' objects>
calls=1 0
764 100

fl=c:\Users\Pedro\faculdade\IniciacaoCientifica\grn\.env\Lib\site-packages\numba\core\interpreter.py
fn=find_postive_region
804 23700
cfl=~
cfn=<built-in method builtins.isinstance>
calls=171 0
804 10300
cfl=~
cfn=<built-in method builtins.len>
calls=4 0
804 200

fl=c:\Users\Pedro\faculdade\IniciacaoCientifica\grn\.env\Lib\site-packages\numba\core\interpreter.py
fn=peep_hole_delete_with_exit
986 165300
cfl=c:\Users\Pedro\faculdade\IniciacaoCientifica\grn\.env\Lib\site-packages\numba\core\ir.py
cfn=__hash__
calls=376 259
986 83500
cfl=c:\Users\Pedro\faculdade\IniciacaoCientifica\grn\.env\Lib\site-packages\numba\core\ir.py
cfn=list_vars:354
calls=176 354
986 1102400
cfl=~
cfn=<method 'append' of 'list' objects>
calls=88 0
986 8800
cfl=~
cfn=<method 'clear' of 'list' objects>
calls=4 0
986 800
cfl=~
cfn=<method 'extend' of 'list' objects>
calls=4 0
986 800
cfl=~
cfn=<method 'startswith' of 'str' objects>
calls=188 0
986 16400
cfl=~
cfn=<method 'values' of 'dict' objects>
calls=1 0
986 200

fl=c:\Users\Pedro\faculdade\IniciacaoCientifica\grn\.env\Lib\site-packages\numba\core\interpreter.py
fn=peep_hole_fuse_dict_add_updates
1018 99500
cfl=C:\Users\Pedro\AppData\Local\Python\pythoncore-3.14-64\Lib\textwrap.py
cfn=dedent
calls=1 416
1018 9400
cfl=c:\Users\Pedro\faculdade\IniciacaoCientifica\grn\.env\Lib\site-packages\numba\core\ir.py
cfn=list_vars:354
calls=88 354
1018 553500
cfl=c:\Users\Pedro\faculdade\IniciacaoCientifica\grn\.env\Lib\site-packages\numba\core\ir.py
cfn=__getattr__
calls=34 387
1018 10800
cfl=~
cfn=<built-in method builtins.isinstance>
calls=355 0
1018 25200
cfl=~
cfn=<method 'append' of 'list' objects>
calls=88 0
1018 8400
cfl=~
cfn=<method 'values' of 'dict' objects>
calls=1 0
1018 100

fl=c:\Users\Pedro\faculdade\IniciacaoCientifica\grn\.env\Lib\site-packages\numba\core\interpreter.py
fn=peep_hole_split_at_pop_block
1240 11600
cfl=~
cfn=<built-in method builtins.isinstance>
calls=88 0
1240 5700
cfl=~
cfn=<built-in method builtins.sorted>
calls=1 0
1240 1000
cfl=~
cfn=<method 'items' of 'dict' objects>
calls=1 0
1240 100
cfl=~
cfn=<method 'update' of 'dict' objects>
calls=1 0
1240 300

fl=c:\Users\Pedro\faculdade\IniciacaoCientifica\grn\.env\Lib\site-packages\numba\core\interpreter.py
fn=__init__:1348
1348 3300
cfl=c:\Users\Pedro\faculdade\IniciacaoCientifica\grn\.env\Lib\site-packages\numba\core\ir.py
cfn=from_function_id
calls=1 55
1348 2400

fl=c:\Users\Pedro\faculdade\IniciacaoCientifica\grn\.env\Lib\site-packages\numba\core\interpreter.py
fn=interpret
1365 74800
cfl=C:\Users\Pedro\AppData\Local\Python\pythoncore-3.14-64\Lib\logging\__init__.py
cfn=debug
calls=1 1498
1365 5500
cfl=c:\Users\Pedro\faculdade\IniciacaoCientifica\grn\.env\Lib\site-packages\numba\core\byteflow.py
cfn=__init__:80
calls=1 80
1365 9800
cfl=c:\Users\Pedro\faculdade\IniciacaoCientifica\grn\.env\Lib\site-packages\numba\core\byteflow.py
cfn=run
calls=1 86
1365 1864200
cfl=c:\Users\Pedro\faculdade\IniciacaoCientifica\grn\.env\Lib\site-packages\numba\core\byteflow.py
cfn=__init__:2365
calls=1 2365
1365 200
cfl=c:\Users\Pedro\faculdade\IniciacaoCientifica\grn\.env\Lib\site-packages\numba\core\byteflow.py
cfn=__init__:2416
calls=1 2416
1365 159300
cfl=c:\Users\Pedro\faculdade\IniciacaoCientifica\grn\.env\Lib\site-packages\numba\core\byteflow.py
cfn=blocks
calls=1 2443
1365 100
cfl=c:\Users\Pedro\faculdade\IniciacaoCientifica\grn\.env\Lib\site-packages\numba\core\interpreter.py
cfn=post_process
calls=1 1443
1365 2293400
cfl=c:\Users\Pedro\faculdade\IniciacaoCientifica\grn\.env\Lib\site-packages\numba\core\interpreter.py
cfn=_end_try_blocks
calls=1 1448
1365 22900
cfl=c:\Users\Pedro\faculdade\IniciacaoCientifica\grn\.env\Lib\site-packages\numba\core\interpreter.py
cfn=_legalize_exception_vars
calls=1 1495
1365 28600
cfl=c:\Users\Pedro\faculdade\IniciacaoCientifica\grn\.env\Lib\site-packages\numba\core\interpreter.py
cfn=_iter_inst
calls=119 1523
1365 491800
cfl=c:\Users\Pedro\faculdade\IniciacaoCientifica\grn\.env\Lib\site-packages\numba\core\interpreter.py
cfn=current_scope
calls=1 1775
1365 300
cfl=c:\Users\Pedro\faculdade\IniciacaoCientifica\grn\.env\Lib\site-packages\numba\core\interpreter.py
cfn=_dispatch
calls=118 1799
1365 1447700
cfl=c:\Users\Pedro\faculdade\IniciacaoCientifica\grn\.env\Lib\site-packages\numba\core\ir.py
cfn=__init__:1165
calls=2 1165
1365 4500
cfl=c:\Users\Pedro\faculdade\IniciacaoCientifica\grn\.env\Lib\site-packages\numba\core\ir.py
cfn=__init__:1399
calls=1 1399
1365 6600
cfl=c:\Users\Pedro\faculdade\IniciacaoCientifica\grn\.env\Lib\site-packages\numba\core\utils.py
cfn=__init__:767
calls=1 767
1365 700
cfl=~
cfn=<built-in method builtins.max>
calls=8 0
1365 1900
cfl=~
cfn=<method 'append' of 'list' objects>
calls=7 0
1365 600
cfl=~
cfn=<method 'items' of 'dict' objects>
calls=1 0
1365 100

fl=c:\Users\Pedro\faculdade\IniciacaoCientifica\grn\.env\Lib\site-packages\numba\core\interpreter.py
fn=post_process
1443 33500
cfl=c:\Users\Pedro\faculdade\IniciacaoCientifica\grn\.env\Lib\site-packages\numba\core\interpreter.py
cfn=peep_hole_call_function_ex_to_call_function_kw
calls=1 509
1443 117500
cfl=c:\Users\Pedro\faculdade\IniciacaoCientifica\grn\.env\Lib\site-packages\numba\core\interpreter.py
cfn=peep_hole_list_to_tuple
calls=1 764
1443 38600
cfl=c:\Users\Pedro\faculdade\IniciacaoCientifica\grn\.env\Lib\site-packages\numba\core\interpreter.py
cfn=peep_hole_delete_with_exit
calls=1 986
1443 1378200
cfl=c:\Users\Pedro\faculdade\IniciacaoCientifica\grn\.env\Lib\site-packages\numba\core\interpreter.py
cfn=peep_hole_fuse_dict_add_updates
calls=1 1018
1443 706900
cfl=c:\Users\Pedro\faculdade\IniciacaoCientifica\grn\.env\Lib\site-packages\numba\core\interpreter.py
cfn=peep_hole_split_at_pop_block
calls=1 1240
1443 18700

fl=c:\Users\Pedro\faculdade\IniciacaoCientifica\grn\.env\Lib\site-packages\numba\core\interpreter.py
fn=_end_try_blocks
1448 16900
cfl=c:\Users\Pedro\faculdade\IniciacaoCientifica\grn\.env\Lib\site-packages\numba\core\byteflow.py
cfn=infos
calls=8 2368
1448 400
cfl=c:\Users\Pedro\faculdade\IniciacaoCientifica\grn\.env\Lib\site-packages\numba\core\byteflow.py
cfn=graph
calls=1 2435
1448 200
cfl=c:\Users\Pedro\faculdade\IniciacaoCientifica\grn\.env\Lib\site-packages\numba\core\controlflow.py
cfn=predecessors
calls=8 133
1448 3100
cfl=c:\Users\Pedro\faculdade\IniciacaoCientifica\grn\.env\Lib\site-packages\numba\core\interpreter.py
cfn=do_change
calls=4 1480
1448 500
cfl=~
cfn=<built-in method builtins.len>
calls=8 0
1448 900
cfl=~
cfn=<built-in method builtins.min>
calls=4 0
1448 700
cfl=~
cfn=<method 'items' of 'dict' objects>
calls=1 0
1448 200

fl=c:\Users\Pedro\faculdade\IniciacaoCientifica\grn\.env\Lib\site-packages\numba\core\interpreter.py
fn=do_change
1480 500

fl=c:\Users\Pedro\faculdade\IniciacaoCientifica\grn\.env\Lib\site-packages\numba\core\interpreter.py
fn=_legalize_exception_vars
1495 20600
cfl=~
cfn=<built-in method builtins.isinstance>
calls=119 0
1495 7400
cfl=~
cfn=<method 'copy' of 'set' objects>
calls=1 0
1495 300
cfl=~
cfn=<method 'items' of 'dict' objects>
calls=1 0
1495 300

fl=c:\Users\Pedro\faculdade\IniciacaoCientifica\grn\.env\Lib\site-packages\numba\core\interpreter.py
fn=init_first_block
1517 6900
cfl=c:\Users\Pedro\faculdade\IniciacaoCientifica\grn\.env\Lib\site-packages\numba\core\interpreter.py
cfn=store
calls=5 1840
1517 41900
cfl=c:\Users\Pedro\faculdade\IniciacaoCientifica\grn\.env\Lib\site-packages\numba\core\ir.py
cfn=__init__:1004
calls=5 1004
1517 3600

fl=c:\Users\Pedro\faculdade\IniciacaoCientifica\grn\.env\Lib\site-packages\numba\core\interpreter.py
fn=_iter_inst
1523 67700
cfl=c:\Users\Pedro\faculdade\IniciacaoCientifica\grn\.env\Lib\site-packages\numba\core\bytecode.py
cfn=__getitem__
calls=123 330
1523 12300
cfl=c:\Users\Pedro\faculdade\IniciacaoCientifica\grn\.env\Lib\site-packages\numba\core\byteflow.py
cfn=iterliveblocks
calls=5 2447
1523 3700
cfl=c:\Users\Pedro\faculdade\IniciacaoCientifica\grn\.env\Lib\site-packages\numba\core\interpreter.py
cfn=init_first_block
calls=1 1517
1523 52400
cfl=c:\Users\Pedro\faculdade\IniciacaoCientifica\grn\.env\Lib\site-packages\numba\core\interpreter.py
cfn=_start_new_block
calls=4 1543
1523 30500
cfl=c:\Users\Pedro\faculdade\IniciacaoCientifica\grn\.env\Lib\site-packages\numba\core\interpreter.py
cfn=_end_current_block
calls=4 1595
1523 256300
cfl=c:\Users\Pedro\faculdade\IniciacaoCientifica\grn\.env\Lib\site-packages\numba\core\ir.py
cfn=with_lineno
calls=122 198
1523 68900

fl=c:\Users\Pedro\faculdade\IniciacaoCientifica\grn\.env\Lib\site-packages\numba\core\interpreter.py
fn=_start_new_block
1543 13400
cfl=c:\Users\Pedro\faculdade\IniciacaoCientifica\grn\.env\Lib\site-packages\numba\core\byteflow.py
cfn=infos
calls=4 2368
1543 400
cfl=c:\Users\Pedro\faculdade\IniciacaoCientifica\grn\.env\Lib\site-packages\numba\core\interpreter.py
cfn=__init__:58
calls=4 58
1543 3700
cfl=c:\Users\Pedro\faculdade\IniciacaoCientifica\grn\.env\Lib\site-packages\numba\core\interpreter.py
cfn=insert_block
calls=4 1876
1543 10900
cfl=c:\Users\Pedro\faculdade\IniciacaoCientifica\grn\.env\Lib\site-packages\numba\core\ir.py
cfn=__init__:885
calls=1 885
1543 1000
cfl=c:\Users\Pedro\faculdade\IniciacaoCientifica\grn\.env\Lib\site-packages\numba\core\ir.py
cfn=append
calls=1 1315
1543 700
cfl=c:\Users\Pedro\faculdade\IniciacaoCientifica\grn\.env\Lib\site-packages\numba\core\ir.py
cfn=is_terminated
calls=3 1340
1543 400

fl=c:\Users\Pedro\faculdade\IniciacaoCientifica\grn\.env\Lib\site-packages\numba\core\interpreter.py
fn=_end_current_block
1595 12500
cfl=c:\Users\Pedro\faculdade\IniciacaoCientifica\grn\.env\Lib\site-packages\numba\core\interpreter.py
cfn=_remove_unused_temporaries
calls=4 1662
1595 212500
cfl=c:\Users\Pedro\faculdade\IniciacaoCientifica\grn\.env\Lib\site-packages\numba\core\interpreter.py
cfn=_insert_outgoing_phis
calls=4 1731
1595 29200
cfl=c:\Users\Pedro\faculdade\IniciacaoCientifica\grn\.env\Lib\site-packages\numba\core\ir.py
cfn=is_terminated
calls=4 1340
1595 2100

fl=c:\Users\Pedro\faculdade\IniciacaoCientifica\grn\.env\Lib\site-packages\numba\core\interpreter.py
fn=_remove_unused_temporaries
1662 118200
cfl=c:\Users\Pedro\faculdade\IniciacaoCientifica\grn\.env\Lib\site-packages\numba\core\interpreter.py
cfn=_var_used_in_binop
calls=7 1723
1662 3300
cfl=c:\Users\Pedro\faculdade\IniciacaoCientifica\grn\.env\Lib\site-packages\numba\core\ir.py
cfn=is_temp
calls=132 1118
1662 33500
cfl=~
cfn=<built-in method builtins.isinstance>
calls=527 0
1662 42400
cfl=~
cfn=<method 'append' of 'list' objects>
calls=85 0
1662 10800
cfl=~
cfn=<method 'extend' of 'list' objects>
calls=7 0
1662 1300
cfl=~
cfn=<method 'pop' of 'dict' objects>
calls=7 0
1662 1400
cfl=~
cfn=<method 'remove' of 'list' objects>
calls=7 0
1662 1600

fl=c:\Users\Pedro\faculdade\IniciacaoCientifica\grn\.env\Lib\site-packages\numba\core\interpreter.py
fn=_var_used_in_binop
1723 3000
cfl=~
cfn=<built-in method builtins.isinstance>
calls=7 0
1723 300

fl=c:\Users\Pedro\faculdade\IniciacaoCientifica\grn\.env\Lib\site-packages\numba\core\interpreter.py
fn=_insert_outgoing_phis
1731 11900
cfl=c:\Users\Pedro\faculdade\IniciacaoCientifica\grn\.env\Lib\site-packages\numba\core\interpreter.py
cfn=current_scope
calls=2 1775
1731 300
cfl=c:\Users\Pedro\faculdade\IniciacaoCientifica\grn\.env\Lib\site-packages\numba\core\interpreter.py
cfn=get
calls=2 1858
1731 4000
cfl=c:\Users\Pedro\faculdade\IniciacaoCientifica\grn\.env\Lib\site-packages\numba\core\ir.py
cfn=__init__:921
calls=2 921
1731 1300
cfl=c:\Users\Pedro\faculdade\IniciacaoCientifica\grn\.env\Lib\site-packages\numba\core\ir.py
cfn=get_or_define
calls=2 1203
1731 7200
cfl=c:\Users\Pedro\faculdade\IniciacaoCientifica\grn\.env\Lib\site-packages\numba\core\ir.py
cfn=append
calls=1 1315
1731 600
cfl=c:\Users\Pedro\faculdade\IniciacaoCientifica\grn\.env\Lib\site-packages\numba\core\ir.py
cfn=is_terminated
calls=2 1340
1731 500
cfl=c:\Users\Pedro\faculdade\IniciacaoCientifica\grn\.env\Lib\site-packages\numba\core\ir.py
cfn=insert_before_terminator
calls=1 1360
1731 2200
cfl=~
cfn=<method 'append' of 'list' objects>
calls=2 0
1731 200
cfl=~
cfn=<method 'items' of 'dict' objects>
calls=4 0
1731 1000

fl=c:\Users\Pedro\faculdade\IniciacaoCientifica\grn\.env\Lib\site-packages\numba\core\interpreter.py
fn=get_global_value
1754 7300
cfl=~
cfn=<built-in method builtins.getattr>
calls=2 0
1754 400

fl=c:\Users\Pedro\faculdade\IniciacaoCientifica\grn\.env\Lib\site-packages\numba\core\interpreter.py
fn=current_scope
1775 19700

fl=c:\Users\Pedro\faculdade\IniciacaoCientifica\grn\.env\Lib\site-packages\numba\core\interpreter.py
fn=code_consts
1779 1000

fl=c:\Users\Pedro\faculdade\IniciacaoCientifica\grn\.env\Lib\site-packages\numba\core\interpreter.py
fn=code_locals
1783 4400

fl=c:\Users\Pedro\faculdade\IniciacaoCientifica\grn\.env\Lib\site-packages\numba\core\interpreter.py
fn=code_names
1787 2500

fl=c:\Users\Pedro\faculdade\IniciacaoCientifica\grn\.env\Lib\site-packages\numba\core\interpreter.py
fn=code_cellvars
1791 8000

fl=c:\Users\Pedro\faculdade\IniciacaoCientifica\grn\.env\Lib\site-packages\numba\core\interpreter.py
fn=_dispatch
1799 167700
cfl=c:\Users\Pedro\faculdade\IniciacaoCientifica\grn\.env\Lib\site-packages\numba\core\interpreter.py
cfn=op_NOP
calls=1 1887
1799 200
cfl=c:\Users\Pedro\faculdade\IniciacaoCientifica\grn\.env\Lib\site-packages\numba\core\interpreter.py
cfn=op_RESUME
calls=1 1898
1799 100
cfl=c:\Users\Pedro\faculdade\IniciacaoCientifica\grn\.env\Lib\site-packages\numba\core\interpreter.py
cfn=op_PUSH_NULL
calls=9 1907
1799 900
cfl=c:\Users\Pedro\faculdade\IniciacaoCientifica\grn\.env\Lib\site-packages\numba\core\interpreter.py
cfn=op_LOAD_FAST
calls=16 2246
1799 148100
cfl=c:\Users\Pedro\faculdade\IniciacaoCientifica\grn\.env\Lib\site-packages\numba\core\interpreter.py
cfn=op_LOAD_FAST_LOAD_FAST
calls=10 2256
1799 169500
cfl=c:\Users\Pedro\faculdade\IniciacaoCientifica\grn\.env\Lib\site-packages\numba\core\interpreter.py
cfn=op_STORE_FAST
calls=8 2320
1799 71500
cfl=c:\Users\Pedro\faculdade\IniciacaoCientifica\grn\.env\Lib\site-packages\numba\core\interpreter.py
cfn=op_LOAD_ATTR
calls=11 2347
1799 130200
cfl=c:\Users\Pedro\faculdade\IniciacaoCientifica\grn\.env\Lib\site-packages\numba\core\interpreter.py
cfn=op_LOAD_CONST
calls=2 2358
1799 40000
cfl=c:\Users\Pedro\faculdade\IniciacaoCientifica\grn\.env\Lib\site-packages\numba\core\interpreter.py
cfn=op_LOAD_SMALL_INT
calls=13 2409
1799 82200
cfl=c:\Users\Pedro\faculdade\IniciacaoCientifica\grn\.env\Lib\site-packages\numba\core\interpreter.py
cfn=op_LOAD_GLOBAL
calls=13 2419
1799 102200
cfl=c:\Users\Pedro\faculdade\IniciacaoCientifica\grn\.env\Lib\site-packages\numba\core\interpreter.py
cfn=op_CALL
calls=9 2561
1799 130700
cfl=c:\Users\Pedro\faculdade\IniciacaoCientifica\grn\.env\Lib\site-packages\numba\core\interpreter.py
cfn=op_CALL_KW
calls=2 2575
1799 37700
cfl=c:\Users\Pedro\faculdade\IniciacaoCientifica\grn\.env\Lib\site-packages\numba\core\interpreter.py
cfn=op_GET_ITER
calls=1 2745
1799 37300
cfl=c:\Users\Pedro\faculdade\IniciacaoCientifica\grn\.env\Lib\site-packages\numba\core\interpreter.py
cfn=op_FOR_ITER
calls=1 2749
1799 52400
cfl=c:\Users\Pedro\faculdade\IniciacaoCientifica\grn\.env\Lib\site-packages\numba\core\interpreter.py
cfn=op_STORE_SUBSCR
calls=1 2785
1799 8500
cfl=c:\Users\Pedro\faculdade\IniciacaoCientifica\grn\.env\Lib\site-packages\numba\core\interpreter.py
cfn=op_BUILD_LIST
calls=4 2804
1799 44500
cfl=c:\Users\Pedro\faculdade\IniciacaoCientifica\grn\.env\Lib\site-packages\numba\core\interpreter.py
cfn=op_BINARY_OP
calls=14 2932
1799 152000
cfl=c:\Users\Pedro\faculdade\IniciacaoCientifica\grn\.env\Lib\site-packages\numba\core\interpreter.py
cfn=op_JUMP_BACKWARD
calls=1 3036
1799 6500
cfl=c:\Users\Pedro\faculdade\IniciacaoCientifica\grn\.env\Lib\site-packages\numba\core\interpreter.py
cfn=op_RETURN_VALUE
calls=1 3051
1799 15500
cfl=~
cfn=<built-in method builtins.getattr>
calls=118 0
1799 32300
cfl=~
cfn=<method 'replace' of 'str' objects>
calls=118 0
1799 17700

fl=c:\Users\Pedro\faculdade\IniciacaoCientifica\grn\.env\Lib\site-packages\numba\core\interpreter.py
fn=store
1840 235300
cfl=c:\Users\Pedro\faculdade\IniciacaoCientifica\grn\.env\Lib\site-packages\numba\core\byteflow.py
cfn=backbone
calls=122 2439
1840 9500
cfl=c:\Users\Pedro\faculdade\IniciacaoCientifica\grn\.env\Lib\site-packages\numba\core\interpreter.py
cfn=assign
calls=44 66
1840 53800
cfl=c:\Users\Pedro\faculdade\IniciacaoCientifica\grn\.env\Lib\site-packages\numba\core\interpreter.py
cfn=current_scope
calls=124 1775
1840 9700
cfl=c:\Users\Pedro\faculdade\IniciacaoCientifica\grn\.env\Lib\site-packages\numba\core\interpreter.py
cfn=code_cellvars
calls=109 1791
1840 8000
cfl=c:\Users\Pedro\faculdade\IniciacaoCientifica\grn\.env\Lib\site-packages\numba\core\ir.py
cfn=__init__:921
calls=124 921
1840 71500
cfl=c:\Users\Pedro\faculdade\IniciacaoCientifica\grn\.env\Lib\site-packages\numba\core\ir.py
cfn=get_or_define
calls=15 1203
1840 29600
cfl=c:\Users\Pedro\faculdade\IniciacaoCientifica\grn\.env\Lib\site-packages\numba\core\ir.py
cfn=redefine
calls=109 1212
1840 210300
cfl=c:\Users\Pedro\faculdade\IniciacaoCientifica\grn\.env\Lib\site-packages\numba\core\ir.py
cfn=append
calls=124 1315
1840 73100
cfl=~
cfn=<built-in method builtins.isinstance>
calls=124 0
1840 13800
cfl=~
cfn=<method 'append' of 'list' objects>
calls=124 0
1840 13500

fl=c:\Users\Pedro\faculdade\IniciacaoCientifica\grn\.env\Lib\site-packages\numba\core\interpreter.py
fn=get
1858 69100
cfl=c:\Users\Pedro\faculdade\IniciacaoCientifica\grn\.env\Lib\site-packages\numba\core\interpreter.py
cfn=get_assignment_source
calls=146 86
1858 43800
cfl=c:\Users\Pedro\faculdade\IniciacaoCientifica\grn\.env\Lib\site-packages\numba\core\interpreter.py
cfn=current_scope
calls=110 1775
1858 9000
cfl=c:\Users\Pedro\faculdade\IniciacaoCientifica\grn\.env\Lib\site-packages\numba\core\ir.py
cfn=get:1182
calls=110 1182
1858 63600

fl=c:\Users\Pedro\faculdade\IniciacaoCientifica\grn\.env\Lib\site-packages\numba\core\interpreter.py
fn=insert_block
1876 7200
cfl=c:\Users\Pedro\faculdade\IniciacaoCientifica\grn\.env\Lib\site-packages\numba\core\interpreter.py
cfn=current_scope
calls=4 1775
1876 400
cfl=c:\Users\Pedro\faculdade\IniciacaoCientifica\grn\.env\Lib\site-packages\numba\core\ir.py
cfn=__init__:1270
calls=4 1270
1876 3300

fl=c:\Users\Pedro\faculdade\IniciacaoCientifica\grn\.env\Lib\site-packages\numba\core\interpreter.py
fn=op_NOP
1887 200

fl=c:\Users\Pedro\faculdade\IniciacaoCientifica\grn\.env\Lib\site-packages\numba\core\interpreter.py
fn=op_RESUME
1898 100

fl=c:\Users\Pedro\faculdade\IniciacaoCientifica\grn\.env\Lib\site-packages\numba\core\interpreter.py
fn=op_PUSH_NULL
1907 900

fl=c:\Users\Pedro\faculdade\IniciacaoCientifica\grn\.env\Lib\site-packages\numba\core\interpreter.py
fn=_op_LOAD_FAST
2241 10400
cfl=c:\Users\Pedro\faculdade\IniciacaoCientifica\grn\.env\Lib\site-packages\numba\core\interpreter.py
cfn=code_locals
calls=16 1783
2241 1900
cfl=c:\Users\Pedro\faculdade\IniciacaoCientifica\grn\.env\Lib\site-packages\numba\core\interpreter.py
cfn=store
calls=16 1840
2241 107000
cfl=c:\Users\Pedro\faculdade\IniciacaoCientifica\grn\.env\Lib\site-packages\numba\core\interpreter.py
cfn=get
calls=16 1858
2241 23600

fl=c:\Users\Pedro\faculdade\IniciacaoCientifica\grn\.env\Lib\site-packages\numba\core\interpreter.py
fn=op_LOAD_FAST
2246 5200
cfl=c:\Users\Pedro\faculdade\IniciacaoCientifica\grn\.env\Lib\site-packages\numba\core\interpreter.py
cfn=_op_LOAD_FAST
calls=16 2241
2246 142900

fl=c:\Users\Pedro\faculdade\IniciacaoCientifica\grn\.env\Lib\site-packages\numba\core\interpreter.py
fn=op_LOAD_FAST_LOAD_FAST
2256 13200
cfl=c:\Users\Pedro\faculdade\IniciacaoCientifica\grn\.env\Lib\site-packages\numba\core\interpreter.py
cfn=code_locals
calls=20 1783
2256 1800
cfl=c:\Users\Pedro\faculdade\IniciacaoCientifica\grn\.env\Lib\site-packages\numba\core\interpreter.py
cfn=store
calls=20 1840
2256 125900
cfl=c:\Users\Pedro\faculdade\IniciacaoCientifica\grn\.env\Lib\site-packages\numba\core\interpreter.py
cfn=get
calls=20 1858
2256 28600

fl=c:\Users\Pedro\faculdade\IniciacaoCientifica\grn\.env\Lib\site-packages\numba\core\interpreter.py
fn=op_STORE_FAST
2320 6900
cfl=c:\Users\Pedro\faculdade\IniciacaoCientifica\grn\.env\Lib\site-packages\numba\core\interpreter.py
cfn=code_locals
calls=8 1783
2320 700
cfl=c:\Users\Pedro\faculdade\IniciacaoCientifica\grn\.env\Lib\site-packages\numba\core\interpreter.py
cfn=store
calls=8 1840
2320 50700
cfl=c:\Users\Pedro\faculdade\IniciacaoCientifica\grn\.env\Lib\site-packages\numba\core\interpreter.py
cfn=get
calls=8 1858
2320 13200

fl=c:\Users\Pedro\faculdade\IniciacaoCientifica\grn\.env\Lib\site-packages\numba\core\interpreter.py
fn=op_LOAD_ATTR
2347 18000
cfl=c:\Users\Pedro\faculdade\IniciacaoCientifica\grn\.env\Lib\site-packages\numba\core\interpreter.py
cfn=code_names
calls=11 1787
2347 1000
cfl=c:\Users\Pedro\faculdade\IniciacaoCientifica\grn\.env\Lib\site-packages\numba\core\interpreter.py
cfn=store
calls=11 1840
2347 56600
cfl=c:\Users\Pedro\faculdade\IniciacaoCientifica\grn\.env\Lib\site-packages\numba\core\interpreter.py
cfn=get
calls=11 1858
2347 20900
cfl=c:\Users\Pedro\faculdade\IniciacaoCientifica\grn\.env\Lib\site-packages\numba\core\ir.py
cfn=getattr
calls=11 496
2347 33700

fl=c:\Users\Pedro\faculdade\IniciacaoCientifica\grn\.env\Lib\site-packages\numba\core\interpreter.py
fn=op_LOAD_CONST
2358 6800
cfl=c:\Users\Pedro\faculdade\IniciacaoCientifica\grn\.env\Lib\site-packages\numba\core\interpreter.py
cfn=code_consts
calls=2 1779
2358 700
cfl=c:\Users\Pedro\faculdade\IniciacaoCientifica\grn\.env\Lib\site-packages\numba\core\interpreter.py
cfn=store
calls=2 1840
2358 9500
cfl=c:\Users\Pedro\faculdade\IniciacaoCientifica\grn\.env\Lib\site-packages\numba\core\interpreter.py
cfn=process_args
calls=2 2382
2358 17500
cfl=c:\Users\Pedro\faculdade\IniciacaoCientifica\grn\.env\Lib\site-packages\numba\core\ir.py
cfn=build_tuple
calls=2 436
2358 5300
cfl=~
cfn=<built-in method builtins.isinstance>
calls=2 0
2358 200

fl=c:\Users\Pedro\faculdade\IniciacaoCientifica\grn\.env\Lib\site-packages\numba\core\interpreter.py
fn=process_args
2382 3800
cfl=c:\Users\Pedro\faculdade\IniciacaoCientifica\grn\.env\Lib\site-packages\numba\core\interpreter.py
cfn=store
calls=2 1840
2382 12600
cfl=c:\Users\Pedro\faculdade\IniciacaoCientifica\grn\.env\Lib\site-packages\numba\core\ir.py
cfn=__init__:1020
calls=2 1020
2382 600
cfl=~
cfn=<built-in method builtins.isinstance>
calls=2 0
2382 300
cfl=~
cfn=<method 'append' of 'list' objects>
calls=2 0
2382 200

fl=c:\Users\Pedro\faculdade\IniciacaoCientifica\grn\.env\Lib\site-packages\numba\core\interpreter.py
fn=op_LOAD_SMALL_INT
2409 13200
cfl=c:\Users\Pedro\faculdade\IniciacaoCientifica\grn\.env\Lib\site-packages\numba\core\interpreter.py
cfn=store
calls=13 1840
2409 64200
cfl=c:\Users\Pedro\faculdade\IniciacaoCientifica\grn\.env\Lib\site-packages\numba\core\ir.py
cfn=__init__:1020
calls=13 1020
2409 4800

fl=c:\Users\Pedro\faculdade\IniciacaoCientifica\grn\.env\Lib\site-packages\numba\core\interpreter.py
fn=op_LOAD_GLOBAL
2419 21100
cfl=c:\Users\Pedro\faculdade\IniciacaoCientifica\grn\.env\Lib\site-packages\numba\core\interpreter.py
cfn=get_global_value
calls=13 1754
2419 7700
cfl=c:\Users\Pedro\faculdade\IniciacaoCientifica\grn\.env\Lib\site-packages\numba\core\interpreter.py
cfn=code_names
calls=13 1787
2419 1500
cfl=c:\Users\Pedro\faculdade\IniciacaoCientifica\grn\.env\Lib\site-packages\numba\core\interpreter.py
cfn=store
calls=13 1840
2419 67100
cfl=c:\Users\Pedro\faculdade\IniciacaoCientifica\grn\.env\Lib\site-packages\numba\core\ir.py
cfn=__init__:1042
calls=13 1042
2419 4800

fl=c:\Users\Pedro\faculdade\IniciacaoCientifica\grn\.env\Lib\site-packages\numba\core\interpreter.py
fn=op_CALL
2561 16200
cfl=c:\Users\Pedro\faculdade\IniciacaoCientifica\grn\.env\Lib\site-packages\numba\core\interpreter.py
cfn=store
calls=9 1840
2561 48500
cfl=c:\Users\Pedro\faculdade\IniciacaoCientifica\grn\.env\Lib\site-packages\numba\core\interpreter.py
cfn=get
calls=34 1858
2561 35400
cfl=c:\Users\Pedro\faculdade\IniciacaoCientifica\grn\.env\Lib\site-packages\numba\core\ir.py
cfn=call
calls=9 428
2561 30600

fl=c:\Users\Pedro\faculdade\IniciacaoCientifica\grn\.env\Lib\site-packages\numba\core\interpreter.py
fn=op_CALL_KW
2575 12500
cfl=c:\Users\Pedro\faculdade\IniciacaoCientifica\grn\.env\Lib\site-packages\numba\core\interpreter.py
cfn=code_consts
calls=2 1779
2575 300
cfl=c:\Users\Pedro\faculdade\IniciacaoCientifica\grn\.env\Lib\site-packages\numba\core\interpreter.py
cfn=store
calls=2 1840
2575 9300
cfl=c:\Users\Pedro\faculdade\IniciacaoCientifica\grn\.env\Lib\site-packages\numba\core\interpreter.py
cfn=get
calls=6 1858
2575 8200
cfl=c:\Users\Pedro\faculdade\IniciacaoCientifica\grn\.env\Lib\site-packages\numba\core\ir.py
cfn=call
calls=2 428
2575 5700
cfl=~
cfn=<built-in method builtins.len>
calls=4 0
2575 500
cfl=~
cfn=<method 'rsplit' of 'str' objects>
calls=2 0
2575 1200

fl=c:\Users\Pedro\faculdade\IniciacaoCientifica\grn\.env\Lib\site-packages\numba\core\interpreter.py
fn=op_GET_ITER
2745 5000
cfl=c:\Users\Pedro\faculdade\IniciacaoCientifica\grn\.env\Lib\site-packages\numba\core\interpreter.py
cfn=store
calls=1 1840
2745 21300
cfl=c:\Users\Pedro\faculdade\IniciacaoCientifica\grn\.env\Lib\site-packages\numba\core\interpreter.py
cfn=get
calls=1 1858
2745 4400
cfl=c:\Users\Pedro\faculdade\IniciacaoCientifica\grn\.env\Lib\site-packages\numba\core\ir.py
cfn=getiter
calls=1 474
2745 6600

fl=c:\Users\Pedro\faculdade\IniciacaoCientifica\grn\.env\Lib\site-packages\numba\core\interpreter.py
fn=op_FOR_ITER
2749 10600
cfl=c:\Users\Pedro\faculdade\IniciacaoCientifica\grn\.env\Lib\site-packages\numba\core\bytecode.py
cfn=get_jump_target
calls=1 98
2749 4500
cfl=c:\Users\Pedro\faculdade\IniciacaoCientifica\grn\.env\Lib\site-packages\numba\core\interpreter.py
cfn=store
calls=3 1840
2749 19400
cfl=c:\Users\Pedro\faculdade\IniciacaoCientifica\grn\.env\Lib\site-packages\numba\core\interpreter.py
cfn=get
calls=4 1858
2749 7000
cfl=c:\Users\Pedro\faculdade\IniciacaoCientifica\grn\.env\Lib\site-packages\numba\core\ir.py
cfn=pair_first
calls=1 461
2749 2300
cfl=c:\Users\Pedro\faculdade\IniciacaoCientifica\grn\.env\Lib\site-packages\numba\core\ir.py
cfn=pair_second
calls=1 467
2749 2400
cfl=c:\Users\Pedro\faculdade\IniciacaoCientifica\grn\.env\Lib\site-packages\numba\core\ir.py
cfn=iternext
calls=1 481
2749 4100
cfl=c:\Users\Pedro\faculdade\IniciacaoCientifica\grn\.env\Lib\site-packages\numba\core\ir.py
cfn=__init__:902
calls=1 902
2749 1500
cfl=c:\Users\Pedro\faculdade\IniciacaoCientifica\grn\.env\Lib\site-packages\numba\core\ir.py
cfn=append
calls=1 1315
2749 600

fl=c:\Users\Pedro\faculdade\IniciacaoCientifica\grn\.env\Lib\site-packages\numba\core\interpreter.py
fn=op_STORE_SUBSCR
2785 4400
cfl=c:\Users\Pedro\faculdade\IniciacaoCientifica\grn\.env\Lib\site-packages\numba\core\interpreter.py
cfn=get
calls=3 1858
2785 2100
cfl=c:\Users\Pedro\faculdade\IniciacaoCientifica\grn\.env\Lib\site-packages\numba\core\ir.py
cfn=__init__:623
calls=1 623
2785 1500
cfl=c:\Users\Pedro\faculdade\IniciacaoCientifica\grn\.env\Lib\site-packages\numba\core\ir.py
cfn=append
calls=1 1315
2785 500

fl=c:\Users\Pedro\faculdade\IniciacaoCientifica\grn\.env\Lib\site-packages\numba\core\interpreter.py
fn=op_BUILD_LIST
2804 6100
cfl=c:\Users\Pedro\faculdade\IniciacaoCientifica\grn\.env\Lib\site-packages\numba\core\interpreter.py
cfn=store
calls=4 1840
2804 19100
cfl=c:\Users\Pedro\faculdade\IniciacaoCientifica\grn\.env\Lib\site-packages\numba\core\interpreter.py
cfn=get
calls=11 1858
2804 10200
cfl=c:\Users\Pedro\faculdade\IniciacaoCientifica\grn\.env\Lib\site-packages\numba\core\ir.py
cfn=build_list
calls=4 442
2804 9100

fl=c:\Users\Pedro\faculdade\IniciacaoCientifica\grn\.env\Lib\site-packages\numba\core\interpreter.py
fn=op_BINARY_OP
2932 16200
cfl=c:\Users\Pedro\faculdade\IniciacaoCientifica\grn\.env\Lib\site-packages\numba\core\interpreter.py
cfn=store
calls=14 1840
2932 69900
cfl=c:\Users\Pedro\faculdade\IniciacaoCientifica\grn\.env\Lib\site-packages\numba\core\interpreter.py
cfn=get
calls=28 1858
2932 24900
cfl=c:\Users\Pedro\faculdade\IniciacaoCientifica\grn\.env\Lib\site-packages\numba\core\ir.py
cfn=getitem
calls=14 504
2932 41000

fl=c:\Users\Pedro\faculdade\IniciacaoCientifica\grn\.env\Lib\site-packages\numba\core\interpreter.py
fn=op_JUMP_BACKWARD
3036 1700
cfl=c:\Users\Pedro\faculdade\IniciacaoCientifica\grn\.env\Lib\site-packages\numba\core\bytecode.py
cfn=get_jump_target
calls=1 98
3036 3700
cfl=c:\Users\Pedro\faculdade\IniciacaoCientifica\grn\.env\Lib\site-packages\numba\core\ir.py
cfn=__init__:885
calls=1 885
3036 600
cfl=c:\Users\Pedro\faculdade\IniciacaoCientifica\grn\.env\Lib\site-packages\numba\core\ir.py
cfn=append
calls=1 1315
3036 500

fl=c:\Users\Pedro\faculdade\IniciacaoCientifica\grn\.env\Lib\site-packages\numba\core\interpreter.py
fn=op_RETURN_VALUE
3051 4000
cfl=c:\Users\Pedro\faculdade\IniciacaoCientifica\grn\.env\Lib\site-packages\numba\core\interpreter.py
cfn=store
calls=1 1840
3051 5100
cfl=c:\Users\Pedro\faculdade\IniciacaoCientifica\grn\.env\Lib\site-packages\numba\core\interpreter.py
cfn=get
calls=2 1858
3051 3000
cfl=c:\Users\Pedro\faculdade\IniciacaoCientifica\grn\.env\Lib\site-packages\numba\core\ir.py
cfn=cast
calls=1 531
3051 2500
cfl=c:\Users\Pedro\faculdade\IniciacaoCientifica\grn\.env\Lib\site-packages\numba\core\ir.py
cfn=__init__:867
calls=1 867
3051 400
cfl=c:\Users\Pedro\faculdade\IniciacaoCientifica\grn\.env\Lib\site-packages\numba\core\ir.py
cfn=append
calls=1 1315
3051 500

fl=c:\Users\Pedro\faculdade\IniciacaoCientifica\grn\.env\Lib\site-packages\numba\core\ir.py
fn=__init__:31
31 14300

fl=c:\Users\Pedro\faculdade\IniciacaoCientifica\grn\.env\Lib\site-packages\numba\core\ir.py
fn=from_function_id
55 2100
cfl=c:\Users\Pedro\faculdade\IniciacaoCientifica\grn\.env\Lib\site-packages\numba\core\ir.py
cfn=__init__:31
calls=1 31
55 300

fl=c:\Users\Pedro\faculdade\IniciacaoCientifica\grn\.env\Lib\site-packages\numba\core\ir.py
fn=get_lines
91 12500
cfl=C:\Users\Pedro\AppData\Local\Python\pythoncore-3.14-64\Lib\linecache.py
cfn=getlines
calls=11 32
91 292700
cfl=c:\Users\Pedro\faculdade\IniciacaoCientifica\grn\.env\Lib\site-packages\numba\core\ir.py
cfn=_get_path
calls=11 101
91 320600

fl=c:\Users\Pedro\faculdade\IniciacaoCientifica\grn\.env\Lib\site-packages\numba\core\ir.py
fn=_get_path
101 20700
cfl=<frozen ntpath>
cfn=relpath
calls=22 737
101 595700

fl=c:\Users\Pedro\faculdade\IniciacaoCientifica\grn\.env\Lib\site-packages\numba\core\ir.py
fn=strformat
115 91500
cfl=c:\Users\Pedro\faculdade\IniciacaoCientifica\grn\.env\Lib\site-packages\numba\core\errors.py
cfn=code
calls=11 374
115 402700
cfl=c:\Users\Pedro\faculdade\IniciacaoCientifica\grn\.env\Lib\site-packages\numba\core\errors.py
cfn=filename
calls=11 380
115 390500
cfl=c:\Users\Pedro\faculdade\IniciacaoCientifica\grn\.env\Lib\site-packages\numba\core\errors.py
cfn=indicate
calls=11 383
115 412300
cfl=c:\Users\Pedro\faculdade\IniciacaoCientifica\grn\.env\Lib\site-packages\numba\core\errors.py
cfn=highlight
calls=11 386
115 503000
cfl=c:\Users\Pedro\faculdade\IniciacaoCientifica\grn\.env\Lib\site-packages\numba\core\ir.py
cfn=get_lines
calls=11 91
115 625800
cfl=c:\Users\Pedro\faculdade\IniciacaoCientifica\grn\.env\Lib\site-packages\numba\core\ir.py
cfn=_get_path
calls=11 101
115 295800
cfl=c:\Users\Pedro\faculdade\IniciacaoCientifica\grn\.env\Lib\site-packages\numba\core\ir.py
cfn=count_spaces
calls=22 147
115 18500
cfl=~
cfn=<built-in method builtins.max>
calls=11 0
115 2200
cfl=~
cfn=<method 'append' of 'list' objects>
calls=44 0
115 7300
cfl=~
cfn=<method 'extend' of 'list' objects>
calls=11 0
115 1600
cfl=~
cfn=<method 'join' of 'str' objects>
calls=11 0
115 3000

fl=c:\Users\Pedro\faculdade\IniciacaoCientifica\grn\.env\Lib\site-packages\numba\core\ir.py
fn=count_spaces
147 18500

fl=c:\Users\Pedro\faculdade\IniciacaoCientifica\grn\.env\Lib\site-packages\numba\core\ir.py
fn=with_lineno
198 54900
cfl=c:\Users\Pedro\faculdade\IniciacaoCientifica\grn\.env\Lib\site-packages\numba\core\ir.py
cfn=__init__:31
calls=122 31
198 14000

fl=c:\Users\Pedro\faculdade\IniciacaoCientifica\grn\.env\Lib\site-packages\numba\core\ir.py
fn=__eq__
242 9400
cfl=c:\Users\Pedro\faculdade\IniciacaoCientifica\grn\.env\Lib\site-packages\numba\core\ir.py
cfn=__eq__
calls=2 242
242 6200
cfl=c:\Users\Pedro\faculdade\IniciacaoCientifica\grn\.env\Lib\site-packages\numba\core\ir.py
cfn=fixup
calls=12 244
242 11000

fl=c:\Users\Pedro\faculdade\IniciacaoCientifica\grn\.env\Lib\site-packages\numba\core\ir.py
fn=fixup
244 7700
cfl=~
cfn=<method 'pop' of 'dict' objects>
calls=24 0
244 3300

fl=c:\Users\Pedro\faculdade\IniciacaoCientifica\grn\.env\Lib\site-packages\numba\core\ir.py
fn=__hash__
259 97800
cfl=~
cfn=<built-in method builtins.id>
calls=670 0
259 51500

fl=c:\Users\Pedro\faculdade\IniciacaoCientifica\grn\.env\Lib\site-packages\numba\core\ir.py
fn=__init__:264
264 400

fl=c:\Users\Pedro\faculdade\IniciacaoCientifica\grn\.env\Lib\site-packages\numba\core\ir.py
fn=define:267
267 19800

fl=c:\Users\Pedro\faculdade\IniciacaoCientifica\grn\.env\Lib\site-packages\numba\core\ir.py
fn=get:273
273 11600

fl=c:\Users\Pedro\faculdade\IniciacaoCientifica\grn\.env\Lib\site-packages\numba\core\ir.py
fn=__contains__
279 32400

fl=c:\Users\Pedro\faculdade\IniciacaoCientifica\grn\.env\Lib\site-packages\numba\core\ir.py
fn=_rec_list_vars
321 4566500
cfl=c:\Users\Pedro\faculdade\IniciacaoCientifica\grn\.env\Lib\site-packages\numba\core\ir.py
cfn=_rec_list_vars
calls=5985 321
321 4395300
cfl=c:\Users\Pedro\faculdade\IniciacaoCientifica\grn\.env\Lib\site-packages\numba\core\ir.py
cfn=list_vars:611
calls=517 611
321 2345100
cfl=~
cfn=<built-in method builtins.isinstance>
calls=21687 0
321 1557500
cfl=~
cfn=<method 'extend' of 'list' objects>
calls=5985 0
321 566300
cfl=~
cfn=<method 'values' of 'dict' objects>
calls=1736 0
321 185300

fl=c:\Users\Pedro\faculdade\IniciacaoCientifica\grn\.env\Lib\site-packages\numba\core\ir.py
fn=list_vars:354
354 205300
cfl=c:\Users\Pedro\faculdade\IniciacaoCientifica\grn\.env\Lib\site-packages\numba\core\ir.py
cfn=_rec_list_vars
calls=984 321
354 5964800

fl=c:\Users\Pedro\faculdade\IniciacaoCientifica\grn\.env\Lib\site-packages\numba\core\ir.py
fn=__init__:380
380 50800
cfl=c:\Users\Pedro\faculdade\IniciacaoCientifica\grn\.env\Lib\site-packages\numba\core\ir.py
cfn=__setattr__
calls=177 392
380 29900
cfl=~
cfn=<built-in method builtins.isinstance>
calls=118 0
380 7300

fl=c:\Users\Pedro\faculdade\IniciacaoCientifica\grn\.env\Lib\site-packages\numba\core\ir.py
fn=__getattr__
387 77100
cfl=~
cfn=<method 'startswith' of 'str' objects>
calls=282 0
387 28600

fl=c:\Users\Pedro\faculdade\IniciacaoCientifica\grn\.env\Lib\site-packages\numba\core\ir.py
fn=__setattr__
392 29900

fl=c:\Users\Pedro\faculdade\IniciacaoCientifica\grn\.env\Lib\site-packages\numba\core\ir.py
fn=call
428 19100
cfl=c:\Users\Pedro\faculdade\IniciacaoCientifica\grn\.env\Lib\site-packages\numba\core\ir.py
cfn=__init__:380
calls=11 380
428 15700
cfl=~
cfn=<built-in method builtins.isinstance>
calls=22 0
428 1500

fl=c:\Users\Pedro\faculdade\IniciacaoCientifica\grn\.env\Lib\site-packages\numba\core\ir.py
fn=build_tuple
436 1700
cfl=c:\Users\Pedro\faculdade\IniciacaoCientifica\grn\.env\Lib\site-packages\numba\core\ir.py
cfn=__init__:380
calls=2 380
436 3500
cfl=~
cfn=<built-in method builtins.isinstance>
calls=2 0
436 100

fl=c:\Users\Pedro\faculdade\IniciacaoCientifica\grn\.env\Lib\site-packages\numba\core\ir.py
fn=build_list
442 3200
cfl=c:\Users\Pedro\faculdade\IniciacaoCientifica\grn\.env\Lib\site-packages\numba\core\ir.py
cfn=__init__:380
calls=4 380
442 5500
cfl=~
cfn=<built-in method builtins.isinstance>
calls=4 0
442 400

fl=c:\Users\Pedro\faculdade\IniciacaoCientifica\grn\.env\Lib\site-packages\numba\core\ir.py
fn=pair_first
461 700
cfl=c:\Users\Pedro\faculdade\IniciacaoCientifica\grn\.env\Lib\site-packages\numba\core\ir.py
cfn=__init__:380
calls=1 380
461 1500
cfl=~
cfn=<built-in method builtins.isinstance>
calls=1 0
461 100

fl=c:\Users\Pedro\faculdade\IniciacaoCientifica\grn\.env\Lib\site-packages\numba\core\ir.py
fn=pair_second
467 1000
cfl=c:\Users\Pedro\faculdade\IniciacaoCientifica\grn\.env\Lib\site-packages\numba\core\ir.py
cfn=__init__:380
calls=1 380
467 1300
cfl=~
cfn=<built-in method builtins.isinstance>
calls=2 0
467 100

fl=c:\Users\Pedro\faculdade\IniciacaoCientifica\grn\.env\Lib\site-packages\numba\core\ir.py
fn=getiter
474 3200
cfl=c:\Users\Pedro\faculdade\IniciacaoCientifica\grn\.env\Lib\site-packages\numba\core\ir.py
cfn=__init__:380
calls=1 380
474 3000
cfl=~
cfn=<built-in method builtins.isinstance>
calls=2 0
474 400

fl=c:\Users\Pedro\faculdade\IniciacaoCientifica\grn\.env\Lib\site-packages\numba\core\ir.py
fn=iternext
481 1500
cfl=c:\Users\Pedro\faculdade\IniciacaoCientifica\grn\.env\Lib\site-packages\numba\core\ir.py
cfn=__init__:380
calls=1 380
481 2400
cfl=~
cfn=<built-in method builtins.isinstance>
calls=2 0
481 200

fl=c:\Users\Pedro\faculdade\IniciacaoCientifica\grn\.env\Lib\site-packages\numba\core\ir.py
fn=getattr
496 14000
cfl=c:\Users\Pedro\faculdade\IniciacaoCientifica\grn\.env\Lib\site-packages\numba\core\ir.py
cfn=__init__:380
calls=11 380
496 17300
cfl=~
cfn=<built-in method builtins.isinstance>
calls=33 0
496 2400

fl=c:\Users\Pedro\faculdade\IniciacaoCientifica\grn\.env\Lib\site-packages\numba\core\ir.py
fn=getitem
504 18100
cfl=c:\Users\Pedro\faculdade\IniciacaoCientifica\grn\.env\Lib\site-packages\numba\core\ir.py
cfn=__init__:380
calls=14 380
504 19800
cfl=~
cfn=<built-in method builtins.isinstance>
calls=42 0
504 3100

fl=c:\Users\Pedro\faculdade\IniciacaoCientifica\grn\.env\Lib\site-packages\numba\core\ir.py
fn=static_getitem
521 13700
cfl=c:\Users\Pedro\faculdade\IniciacaoCientifica\grn\.env\Lib\site-packages\numba\core\ir.py
cfn=__init__:380
calls=12 380
521 16600
cfl=~
cfn=<built-in method builtins.isinstance>
calls=36 0
521 2100

fl=c:\Users\Pedro\faculdade\IniciacaoCientifica\grn\.env\Lib\site-packages\numba\core\ir.py
fn=cast
531 1100
cfl=c:\Users\Pedro\faculdade\IniciacaoCientifica\grn\.env\Lib\site-packages\numba\core\ir.py
cfn=__init__:380
calls=1 380
531 1400
cfl=~
cfn=<built-in method builtins.isinstance>
calls=2 0
531 0

fl=c:\Users\Pedro\faculdade\IniciacaoCientifica\grn\.env\Lib\site-packages\numba\core\ir.py
fn=__repr__
592 14900
cfl=~
cfn=<method 'items' of 'dict' objects>
calls=11 0
592 2300
cfl=~
cfn=<method 'join' of 'str' objects>
calls=11 0
592 24600

fl=c:\Users\Pedro\faculdade\IniciacaoCientifica\grn\.env\Lib\site-packages\numba\core\ir.py
fn=<genexpr>
608 11400
cfl=c:\Users\Pedro\faculdade\IniciacaoCientifica\grn\.env\Lib\site-packages\numba\core\ir.py
cfn=__str__
calls=11 1115
608 1400

fl=c:\Users\Pedro\faculdade\IniciacaoCientifica\grn\.env\Lib\site-packages\numba\core\ir.py
fn=list_vars:611
611 159000
cfl=c:\Users\Pedro\faculdade\IniciacaoCientifica\grn\.env\Lib\site-packages\numba\core\ir.py
cfn=_rec_list_vars
calls=752 321
611 3255900

fl=c:\Users\Pedro\faculdade\IniciacaoCientifica\grn\.env\Lib\site-packages\numba\core\ir.py
fn=infer_constant:614
614 19200
cfl=c:\Users\Pedro\faculdade\IniciacaoCientifica\grn\.env\Lib\site-packages\numba\core\errors.py
cfn=__init__:748
calls=10 748
614 2931500
cfl=c:\Users\Pedro\faculdade\IniciacaoCientifica\grn\.env\Lib\site-packages\numba\core\ir.py
cfn=__repr__
calls=10 592
614 36300

fl=c:\Users\Pedro\faculdade\IniciacaoCientifica\grn\.env\Lib\site-packages\numba\core\ir.py
fn=__init__:623
623 1300
cfl=~
cfn=<built-in method builtins.isinstance>
calls=4 0
623 200

fl=c:\Users\Pedro\faculdade\IniciacaoCientifica\grn\.env\Lib\site-packages\numba\core\ir.py
fn=__init__:719
719 24800
cfl=~
cfn=<built-in method builtins.isinstance>
calls=168 0
719 10300

fl=c:\Users\Pedro\faculdade\IniciacaoCientifica\grn\.env\Lib\site-packages\numba\core\ir.py
fn=__init__:867
867 300
cfl=~
cfn=<built-in method builtins.isinstance>
calls=2 0
867 100

fl=c:\Users\Pedro\faculdade\IniciacaoCientifica\grn\.env\Lib\site-packages\numba\core\ir.py
fn=get_targets:876
876 1700

fl=c:\Users\Pedro\faculdade\IniciacaoCientifica\grn\.env\Lib\site-packages\numba\core\ir.py
fn=__init__:885
885 1300
cfl=~
cfn=<built-in method builtins.isinstance>
calls=2 0
885 300

fl=c:\Users\Pedro\faculdade\IniciacaoCientifica\grn\.env\Lib\site-packages\numba\core\ir.py
fn=get_targets:893
893 7700

fl=c:\Users\Pedro\faculdade\IniciacaoCientifica\grn\.env\Lib\site-packages\numba\core\ir.py
fn=__init__:902
902 1300
cfl=~
cfn=<built-in method builtins.isinstance>
calls=2 0
902 200

fl=c:\Users\Pedro\faculdade\IniciacaoCientifica\grn\.env\Lib\site-packages\numba\core\ir.py
fn=get_targets:913
913 4600

fl=c:\Users\Pedro\faculdade\IniciacaoCientifica\grn\.env\Lib\site-packages\numba\core\ir.py
fn=__init__:921
921 51400
cfl=~
cfn=<built-in method builtins.isinstance>
calls=414 0
921 28500

fl=c:\Users\Pedro\faculdade\IniciacaoCientifica\grn\.env\Lib\site-packages\numba\core\ir.py
fn=__init__:1004
1004 2900
cfl=~
cfn=<built-in method builtins.isinstance>
calls=15 0
1004 700

fl=c:\Users\Pedro\faculdade\IniciacaoCientifica\grn\.env\Lib\site-packages\numba\core\ir.py
fn=__init__:1020
1020 4400
cfl=~
cfn=<built-in method builtins.isinstance>
calls=15 0
1020 1000

fl=c:\Users\Pedro\faculdade\IniciacaoCientifica\grn\.env\Lib\site-packages\numba\core\ir.py
fn=infer_constant:1030
1030 1200

fl=c:\Users\Pedro\faculdade\IniciacaoCientifica\grn\.env\Lib\site-packages\numba\core\ir.py
fn=__init__:1042
1042 3900
cfl=~
cfn=<built-in method builtins.isinstance>
calls=13 0
1042 900

fl=c:\Users\Pedro\faculdade\IniciacaoCientifica\grn\.env\Lib\site-packages\numba\core\ir.py
fn=infer_constant:1051
1051 2500

fl=c:\Users\Pedro\faculdade\IniciacaoCientifica\grn\.env\Lib\site-packages\numba\core\ir.py
fn=__init__:1103
1103 52400
cfl=~
cfn=<built-in method builtins.isinstance>
calls=378 0
1103 23800

fl=c:\Users\Pedro\faculdade\IniciacaoCientifica\grn\.env\Lib\site-packages\numba\core\ir.py
fn=__str__
1115 1400

fl=c:\Users\Pedro\faculdade\IniciacaoCientifica\grn\.env\Lib\site-packages\numba\core\ir.py
fn=is_temp
1118 30900
cfl=~
cfn=<method 'startswith' of 'str' objects>
calls=176 0
1118 17800

fl=c:\Users\Pedro\faculdade\IniciacaoCientifica\grn\.env\Lib\site-packages\numba\core\ir.py
fn=__init__:1165
1165 3700
cfl=c:\Users\Pedro\faculdade\IniciacaoCientifica\grn\.env\Lib\site-packages\numba\core\ir.py
cfn=__init__:264
calls=2 264
1165 400
cfl=~
cfn=<built-in method builtins.isinstance>
calls=3 0
1165 400

fl=c:\Users\Pedro\faculdade\IniciacaoCientifica\grn\.env\Lib\site-packages\numba\core\ir.py
fn=define:1174
1174 84300
cfl=c:\Users\Pedro\faculdade\IniciacaoCientifica\grn\.env\Lib\site-packages\numba\core\ir.py
cfn=define:267
calls=126 267
1174 19800
cfl=c:\Users\Pedro\faculdade\IniciacaoCientifica\grn\.env\Lib\site-packages\numba\core\ir.py
cfn=__init__:1103
calls=126 1103
1174 76200

fl=c:\Users\Pedro\faculdade\IniciacaoCientifica\grn\.env\Lib\site-packages\numba\core\ir.py
fn=get:1182
1182 26400
cfl=c:\Users\Pedro\faculdade\IniciacaoCientifica\grn\.env\Lib\site-packages\numba\core\ir.py
cfn=get_exact
calls=110 1190
1182 37200

fl=c:\Users\Pedro\faculdade\IniciacaoCientifica\grn\.env\Lib\site-packages\numba\core\ir.py
fn=get_exact
1190 25600
cfl=c:\Users\Pedro\faculdade\IniciacaoCientifica\grn\.env\Lib\site-packages\numba\core\ir.py
cfn=get:273
calls=110 273
1190 11600

fl=c:\Users\Pedro\faculdade\IniciacaoCientifica\grn\.env\Lib\site-packages\numba\core\ir.py
fn=get_or_define
1203 8200
cfl=c:\Users\Pedro\faculdade\IniciacaoCientifica\grn\.env\Lib\site-packages\numba\core\ir.py
cfn=__contains__
calls=17 279
1203 1500
cfl=c:\Users\Pedro\faculdade\IniciacaoCientifica\grn\.env\Lib\site-packages\numba\core\ir.py
cfn=define:1174
calls=17 1174
1203 27100

fl=c:\Users\Pedro\faculdade\IniciacaoCientifica\grn\.env\Lib\site-packages\numba\core\ir.py
fn=redefine
1212 45200
cfl=c:\Users\Pedro\faculdade\IniciacaoCientifica\grn\.env\Lib\site-packages\numba\core\ir.py
cfn=__contains__
calls=109 279
1212 11700
cfl=c:\Users\Pedro\faculdade\IniciacaoCientifica\grn\.env\Lib\site-packages\numba\core\ir.py
cfn=define:1174
calls=109 1174
1212 153200
cfl=~
cfn=<method 'add' of 'set' objects>
calls=1 0
1212 200

fl=c:\Users\Pedro\faculdade\IniciacaoCientifica\grn\.env\Lib\site-packages\numba\core\ir.py
fn=__init__:1270
1270 3100
cfl=~
cfn=<built-in method builtins.isinstance>
calls=10 0
1270 900

fl=c:\Users\Pedro\faculdade\IniciacaoCientifica\grn\.env\Lib\site-packages\numba\core\ir.py
fn=copy
1277 1200
cfl=c:\Users\Pedro\faculdade\IniciacaoCientifica\grn\.env\Lib\site-packages\numba\core\ir.py
cfn=__init__:1270
calls=1 1270
1277 700

fl=c:\Users\Pedro\faculdade\IniciacaoCientifica\grn\.env\Lib\site-packages\numba\core\ir.py
fn=find_exprs
1282 73200
cfl=~
cfn=<built-in method builtins.isinstance>
calls=632 0
1282 39200

fl=c:\Users\Pedro\faculdade\IniciacaoCientifica\grn\.env\Lib\site-packages\numba\core\ir.py
fn=find_insts
1293 196200
cfl=~
cfn=<built-in method builtins.isinstance>
calls=2112 0
1293 138200

fl=c:\Users\Pedro\faculdade\IniciacaoCientifica\grn\.env\Lib\site-packages\numba\core\ir.py
fn=prepend
1311 2900
cfl=~
cfn=<built-in method builtins.isinstance>
calls=6 0
1311 600
cfl=~
cfn=<method 'insert' of 'list' objects>
calls=6 0
1311 900

fl=c:\Users\Pedro\faculdade\IniciacaoCientifica\grn\.env\Lib\site-packages\numba\core\ir.py
fn=append
1315 65700
cfl=~
cfn=<built-in method builtins.isinstance>
calls=190 0
1315 14200
cfl=~
cfn=<method 'append' of 'list' objects>
calls=190 0
1315 22200

fl=c:\Users\Pedro\faculdade\IniciacaoCientifica\grn\.env\Lib\site-packages\numba\core\ir.py
fn=clear
1323 700

fl=c:\Users\Pedro\faculdade\IniciacaoCientifica\grn\.env\Lib\site-packages\numba\core\ir.py
fn=terminator
1336 11200

fl=c:\Users\Pedro\faculdade\IniciacaoCientifica\grn\.env\Lib\site-packages\numba\core\ir.py
fn=is_terminated
1340 3700

fl=c:\Users\Pedro\faculdade\IniciacaoCientifica\grn\.env\Lib\site-packages\numba\core\ir.py
fn=verify
1344 2300
cfl=c:\Users\Pedro\faculdade\IniciacaoCientifica\grn\.env\Lib\site-packages\numba\core\ir.py
cfn=is_terminated
calls=1 1340
1344 500

fl=c:\Users\Pedro\faculdade\IniciacaoCientifica\grn\.env\Lib\site-packages\numba\core\ir.py
fn=insert_before_terminator
1360 1500
cfl=c:\Users\Pedro\faculdade\IniciacaoCientifica\grn\.env\Lib\site-packages\numba\core\ir.py
cfn=is_terminated
calls=1 1340
1360 200
cfl=~
cfn=<built-in method builtins.isinstance>
calls=1 0
1360 100
cfl=~
cfn=<method 'insert' of 'list' objects>
calls=1 0
1360 400

fl=c:\Users\Pedro\faculdade\IniciacaoCientifica\grn\.env\Lib\site-packages\numba\core\ir.py
fn=__init__:1399
1399 2100
cfl=c:\Users\Pedro\faculdade\IniciacaoCientifica\grn\.env\Lib\site-packages\numba\core\ir.py
cfn=_reset_analysis_variables
calls=1 1491
1399 4500

fl=c:\Users\Pedro\faculdade\IniciacaoCientifica\grn\.env\Lib\site-packages\numba\core\ir.py
fn=_reset_analysis_variables
1491 2000
cfl=c:\Users\Pedro\faculdade\IniciacaoCientifica\grn\.env\Lib\site-packages\numba\core\consts.py
cfn=__init__
calls=1 18
1491 2500

fl=c:\Users\Pedro\faculdade\IniciacaoCientifica\grn\.env\Lib\site-packages\numba\core\ir.py
fn=infer_constant:1545
1545 15100
cfl=c:\Users\Pedro\faculdade\IniciacaoCientifica\grn\.env\Lib\site-packages\numba\core\consts.py
cfn=infer_constant
calls=26 24
1545 3315200
cfl=~
cfn=<built-in method builtins.isinstance>
calls=26 0
1545 1800

fl=c:\Users\Pedro\faculdade\IniciacaoCientifica\grn\.env\Lib\site-packages\numba\core\ir.py
fn=get_definition
1553 102800
cfl=~
cfn=<built-in method builtins.isinstance>
calls=434 0
1553 34800
cfl=~
cfn=<built-in method builtins.len>
calls=268 0
1553 20300

fl=c:\Users\Pedro\faculdade\IniciacaoCientifica\grn\.env\Lib\site-packages\numba\core\ir_utils.py
fn=remove_dels
439 27400
cfl=~
cfn=<built-in method builtins.isinstance>
calls=172 0
439 12100
cfl=~
cfn=<method 'append' of 'list' objects>
calls=88 0
439 7000
cfl=~
cfn=<method 'values' of 'dict' objects>
calls=1 0
439 200

fl=c:\Users\Pedro\faculdade\IniciacaoCientifica\grn\.env\Lib\site-packages\numba\core\ir_utils.py
fn=require
1452 15800

fl=c:\Users\Pedro\faculdade\IniciacaoCientifica\grn\.env\Lib\site-packages\numba\core\ir_utils.py
fn=guard
1459 100200
cfl=c:\Users\Pedro\faculdade\IniciacaoCientifica\grn\.env\Lib\site-packages\numba\core\inline_closurecall.py
cfn=_inline_reduction
calls=11 165
1459 12900
cfl=c:\Users\Pedro\faculdade\IniciacaoCientifica\grn\.env\Lib\site-packages\numba\core\inline_closurecall.py
cfn=_inline_stencil
calls=11 194
1459 13900
cfl=c:\Users\Pedro\faculdade\IniciacaoCientifica\grn\.env\Lib\site-packages\numba\core\inline_closurecall.py
cfn=_inline_closure
calls=11 270
1459 8700
cfl=c:\Users\Pedro\faculdade\IniciacaoCientifica\grn\.env\Lib\site-packages\numba\core\inline_closurecall.py
cfn=_inline_arraycall
calls=1 1042
1459 177800
cfl=c:\Users\Pedro\faculdade\IniciacaoCientifica\grn\.env\Lib\site-packages\numba\core\ir_utils.py
cfn=get_definition
calls=37 1470
1459 57200
cfl=c:\Users\Pedro\faculdade\IniciacaoCientifica\grn\.env\Lib\site-packages\numba\core\ir_utils.py
cfn=find_callname
calls=57 1505
1459 244400
cfl=c:\Users\Pedro\faculdade\IniciacaoCientifica\grn\.env\Lib\site-packages\numba\core\ir_utils.py
cfn=resolve_func_from_module
calls=9 2092
1459 39300
cfl=c:\Users\Pedro\faculdade\IniciacaoCientifica\grn\.env\Lib\site-packages\numba\core\untyped_passes.py
cfn=_do_work
calls=11 332
1459 98200

fl=c:\Users\Pedro\faculdade\IniciacaoCientifica\grn\.env\Lib\site-packages\numba\core\ir_utils.py
fn=get_definition
1470 27100
cfl=c:\Users\Pedro\faculdade\IniciacaoCientifica\grn\.env\Lib\site-packages\numba\core\ir.py
cfn=get_definition
calls=70 1553
1470 80500

fl=c:\Users\Pedro\faculdade\IniciacaoCientifica\grn\.env\Lib\site-packages\numba\core\ir_utils.py
fn=build_definitions
1480 47600
cfl=~
cfn=<built-in method builtins.isinstance>
calls=88 0
1480 6000
cfl=~
cfn=<method 'append' of 'list' objects>
calls=83 0
1480 6800
cfl=~
cfn=<method 'get' of 'dict' objects>
calls=83 0
1480 7700
cfl=~
cfn=<method 'values' of 'dict' objects>
calls=1 0
1480 100

fl=c:\Users\Pedro\faculdade\IniciacaoCientifica\grn\.env\Lib\site-packages\numba\core\ir_utils.py
fn=find_callname
1505 88200
cfl=c:\Users\Pedro\faculdade\IniciacaoCientifica\grn\.env\Lib\site-packages\numba\core\ir.py
cfn=__getattr__
calls=44 387
1505 15800
cfl=c:\Users\Pedro\faculdade\IniciacaoCientifica\grn\.env\Lib\site-packages\numba\core\ir_utils.py
cfn=require
calls=57 1452
1505 7300
cfl=c:\Users\Pedro\faculdade\IniciacaoCientifica\grn\.env\Lib\site-packages\numba\core\ir_utils.py
cfn=get_definition
calls=30 1470
1505 46200
cfl=~
cfn=<built-in method builtins.getattr>
calls=16 0
1505 1600
cfl=~
cfn=<built-in method builtins.hasattr>
calls=67 0
1505 44200
cfl=~
cfn=<built-in method builtins.isinstance>
calls=133 0
1505 32600
cfl=~
cfn=<method 'append' of 'list' objects>
calls=33 0
1505 4300
cfl=~
cfn=<method 'join' of 'str' objects>
calls=16 0
1505 3900
cfl=~
cfn=<method 'startswith' of 'str' objects>
calls=3 0
1505 300

fl=c:\Users\Pedro\faculdade\IniciacaoCientifica\grn\.env\Lib\site-packages\numba\core\ir_utils.py
fn=resolve_func_from_module
2092 13400
cfl=c:\Users\Pedro\faculdade\IniciacaoCientifica\grn\.env\Lib\site-packages\numba\core\ir_utils.py
cfn=resolve_mod
calls=18 2102
2092 70800
cfl=~
cfn=<built-in method builtins.getattr>
calls=16 0
2092 1900

fl=c:\Users\Pedro\faculdade\IniciacaoCientifica\grn\.env\Lib\site-packages\numba\core\ir_utils.py
fn=resolve_mod
2102 32600
cfl=c:\Users\Pedro\faculdade\IniciacaoCientifica\grn\.env\Lib\site-packages\numba\core\ir.py
cfn=__getattr__
calls=36 387
2102 11000
cfl=c:\Users\Pedro\faculdade\IniciacaoCientifica\grn\.env\Lib\site-packages\numba\core\ir.py
cfn=get_definition
calls=18 1553
2102 18300
cfl=c:\Users\Pedro\faculdade\IniciacaoCientifica\grn\.env\Lib\site-packages\numba\core\ir_utils.py
cfn=resolve_mod
calls=18 2102
2102 16500
cfl=~
cfn=<built-in method builtins.getattr>
calls=36 0
2102 3400
cfl=~
cfn=<built-in method builtins.isinstance>
calls=36 0
2102 2800
cfl=~
cfn=<method 'insert' of 'list' objects>
calls=18 0
2102 2700

fl=c:\Users\Pedro\faculdade\IniciacaoCientifica\grn\.env\Lib\site-packages\numba\core\ir_utils.py
fn=enforce_no_dels
2128 32300
cfl=c:\Users\Pedro\faculdade\IniciacaoCientifica\grn\.env\Lib\site-packages\numba\core\ir.py
cfn=find_insts
calls=68 1293
2128 222200
cfl=~
cfn=<method 'values' of 'dict' objects>
calls=17 0
2128 2400

fl=c:\Users\Pedro\faculdade\IniciacaoCientifica\grn\.env\Lib\site-packages\numba\core\ir_utils.py
fn=fixup_var_define_in_scope
2233 91800
cfl=c:\Users\Pedro\faculdade\IniciacaoCientifica\grn\.env\Lib\site-packages\numba\core\ir.py
cfn=__hash__
calls=188 259
2233 39800
cfl=c:\Users\Pedro\faculdade\IniciacaoCientifica\grn\.env\Lib\site-packages\numba\core\ir.py
cfn=__contains__
calls=332 279
2233 19200
cfl=c:\Users\Pedro\faculdade\IniciacaoCientifica\grn\.env\Lib\site-packages\numba\core\ir.py
cfn=list_vars:354
calls=88 354
2233 539800
cfl=~
cfn=<method 'items' of 'dict' objects>
calls=4 0
2233 400
cfl=~
cfn=<method 'values' of 'dict' objects>
calls=2 0
2233 200

fl=c:\Users\Pedro\faculdade\IniciacaoCientifica\grn\.env\Lib\site-packages\numba\core\ir_utils.py
fn=is_setup_with
2275 11700
cfl=~
cfn=<built-in method builtins.isinstance>
calls=88 0
2275 6200

fl=c:\Users\Pedro\faculdade\IniciacaoCientifica\grn\.env\Lib\site-packages\numba\core\ir_utils.py
fn=is_pop_block
2291 11400
cfl=~
cfn=<built-in method builtins.isinstance>
calls=88 0
2291 6300

fl=c:\Users\Pedro\faculdade\IniciacaoCientifica\grn\.env\Lib\site-packages\numba\core\options.py
fn=<lambda>
15 100

fl=c:\Users\Pedro\faculdade\IniciacaoCientifica\grn\.env\Lib\site-packages\numba\core\options.py
fn=parse_as_flags
30 4600
cfl=c:\Users\Pedro\faculdade\IniciacaoCientifica\grn\.env\Lib\site-packages\numba\core\cpu.py
cfn=finalize
calls=1 335
30 36800
cfl=c:\Users\Pedro\faculdade\IniciacaoCientifica\grn\.env\Lib\site-packages\numba\core\options.py
cfn=_apply
calls=1 45
30 50800

fl=c:\Users\Pedro\faculdade\IniciacaoCientifica\grn\.env\Lib\site-packages\numba\core\options.py
fn=_apply
45 18000
cfl=c:\Users\Pedro\faculdade\IniciacaoCientifica\grn\.env\Lib\site-packages\numba\core\options.py
cfn=<lambda>
calls=1 15
45 100
cfl=~
cfn=<built-in method _operator.not_>
calls=1 0
45 400
cfl=~
cfn=<built-in method builtins.dir>
calls=1 0
45 13800
cfl=~
cfn=<built-in method builtins.getattr>
calls=50 0
45 9200
cfl=~
cfn=<built-in method builtins.isinstance>
calls=50 0
45 4500
cfl=~
cfn=<built-in method builtins.setattr>
calls=2 0
45 4400
cfl=~
cfn=<method 'add' of 'set' objects>
calls=2 0
45 200
cfl=~
cfn=<method 'items' of 'dict' objects>
calls=1 0
45 200

fl=c:\Users\Pedro\faculdade\IniciacaoCientifica\grn\.env\Lib\site-packages\numba\core\postproc.py
fn=__init__:35
35 700

fl=c:\Users\Pedro\faculdade\IniciacaoCientifica\grn\.env\Lib\site-packages\numba\core\postproc.py
fn=cfg
38 2500
cfl=c:\Users\Pedro\faculdade\IniciacaoCientifica\grn\.env\Lib\site-packages\numba\core\analysis.py
cfn=compute_cfg_from_blocks
calls=5 244
38 90600

fl=c:\Users\Pedro\faculdade\IniciacaoCientifica\grn\.env\Lib\site-packages\numba\core\postproc.py
fn=usedefs
42 5800
cfl=c:\Users\Pedro\faculdade\IniciacaoCientifica\grn\.env\Lib\site-packages\numba\core\analysis.py
cfn=compute_use_defs
calls=5 23
42 4723300

fl=c:\Users\Pedro\faculdade\IniciacaoCientifica\grn\.env\Lib\site-packages\numba\core\postproc.py
fn=livemap
46 14200
cfl=c:\Users\Pedro\faculdade\IniciacaoCientifica\grn\.env\Lib\site-packages\numba\core\analysis.py
cfn=compute_live_map
calls=5 60
46 418600

fl=c:\Users\Pedro\faculdade\IniciacaoCientifica\grn\.env\Lib\site-packages\numba\core\postproc.py
fn=deadmaps
52 17700
cfl=C:\Users\Pedro\AppData\Local\Python\pythoncore-3.14-64\Lib\functools.py
cfn=__get__
calls=5 1110
52 437500
cfl=c:\Users\Pedro\faculdade\IniciacaoCientifica\grn\.env\Lib\site-packages\numba\core\analysis.py
cfn=compute_dead_maps
calls=5 125
52 346400

fl=c:\Users\Pedro\faculdade\IniciacaoCientifica\grn\.env\Lib\site-packages\numba\core\postproc.py
fn=__init__:68
68 1300

fl=c:\Users\Pedro\faculdade\IniciacaoCientifica\grn\.env\Lib\site-packages\numba\core\postproc.py
fn=run
71 54500
cfl=C:\Users\Pedro\AppData\Local\Python\pythoncore-3.14-64\Lib\functools.py
cfn=__get__
calls=15 1110
71 5640700
cfl=c:\Users\Pedro\faculdade\IniciacaoCientifica\grn\.env\Lib\site-packages\numba\core\analysis.py
cfn=compute_live_variables
calls=5 197
71 105400
cfl=c:\Users\Pedro\faculdade\IniciacaoCientifica\grn\.env\Lib\site-packages\numba\core\ir.py
cfn=__hash__
calls=20 259
71 6900
cfl=c:\Users\Pedro\faculdade\IniciacaoCientifica\grn\.env\Lib\site-packages\numba\core\postproc.py
cfn=__init__:35
calls=5 35
71 700
cfl=c:\Users\Pedro\faculdade\IniciacaoCientifica\grn\.env\Lib\site-packages\numba\core\postproc.py
cfn=_insert_var_dels
calls=1 158
71 904300
cfl=c:\Users\Pedro\faculdade\IniciacaoCientifica\grn\.env\Lib\site-packages\numba\core\transforms.py
cfn=canonicalize_cfg
calls=5 362
71 277700
cfl=~
cfn=<method 'items' of 'dict' objects>
calls=5 0
71 500

fl=c:\Users\Pedro\faculdade\IniciacaoCientifica\grn\.env\Lib\site-packages\numba\core\postproc.py
fn=_insert_var_dels
158 7100
cfl=c:\Users\Pedro\faculdade\IniciacaoCientifica\grn\.env\Lib\site-packages\numba\core\postproc.py
cfn=_patch_var_dels
calls=1 179
158 897200

fl=c:\Users\Pedro\faculdade\IniciacaoCientifica\grn\.env\Lib\site-packages\numba\core\postproc.py
fn=_patch_var_dels
179 224400
cfl=c:\Users\Pedro\faculdade\IniciacaoCientifica\grn\.env\Lib\site-packages\numba\core\ir.py
cfn=list_vars:354
calls=84 354
179 544700
cfl=c:\Users\Pedro\faculdade\IniciacaoCientifica\grn\.env\Lib\site-packages\numba\core\ir.py
cfn=__init__:719
calls=84 719
179 35100
cfl=c:\Users\Pedro\faculdade\IniciacaoCientifica\grn\.env\Lib\site-packages\numba\core\ir.py
cfn=prepend
calls=6 1311
179 4400
cfl=c:\Users\Pedro\faculdade\IniciacaoCientifica\grn\.env\Lib\site-packages\numba\core\postproc.py
cfn=<genexpr>
calls=270 191
179 21700
cfl=~
cfn=<built-in method builtins.isinstance>
calls=168 0
179 14200
cfl=~
cfn=<built-in method builtins.sorted>
calls=88 0
179 15900
cfl=~
cfn=<method 'append' of 'list' objects>
calls=250 0
179 24600
cfl=~
cfn=<method 'copy' of 'set' objects>
calls=4 0
179 1600
cfl=~
cfn=<method 'items' of 'dict' objects>
calls=85 0
179 10600

fl=c:\Users\Pedro\faculdade\IniciacaoCientifica\grn\.env\Lib\site-packages\numba\core\postproc.py
fn=<genexpr>
191 21700

fl=c:\Users\Pedro\faculdade\IniciacaoCientifica\grn\.env\Lib\site-packages\numba\core\registry.py
fn=target_context
25 300

fl=c:\Users\Pedro\faculdade\IniciacaoCientifica\grn\.env\Lib\site-packages\numba\core\registry.py
fn=typing_context
32 700

fl=c:\Users\Pedro\faculdade\IniciacaoCientifica\grn\.env\Lib\site-packages\numba\core\rewrites\ir_print.py
fn=match:11
11 33700
cfl=c:\Users\Pedro\faculdade\IniciacaoCientifica\grn\.env\Lib\site-packages\numba\core\ir.py
cfn=__getattr__
calls=11 387
11 5100
cfl=c:\Users\Pedro\faculdade\IniciacaoCientifica\grn\.env\Lib\site-packages\numba\core\ir.py
cfn=find_insts
calls=87 1293
11 22300
cfl=c:\Users\Pedro\faculdade\IniciacaoCientifica\grn\.env\Lib\site-packages\numba\core\ir.py
cfn=infer_constant:1545
calls=11 1545
11 2391800
cfl=~
cfn=<built-in method builtins.isinstance>
calls=83 0
11 5100
cfl=~
cfn=<built-in method builtins.len>
calls=4 0
11 500

fl=c:\Users\Pedro\faculdade\IniciacaoCientifica\grn\.env\Lib\site-packages\numba\core\rewrites\ir_print.py
fn=match:59
59 2100
cfl=c:\Users\Pedro\faculdade\IniciacaoCientifica\grn\.env\Lib\site-packages\numba\core\ir.py
cfn=find_insts
calls=4 1293
59 12900
cfl=~
cfn=<built-in method builtins.len>
calls=4 0
59 400

fl=c:\Users\Pedro\faculdade\IniciacaoCientifica\grn\.env\Lib\site-packages\numba\core\rewrites\registry.py
fn=__init__
10 700

fl=c:\Users\Pedro\faculdade\IniciacaoCientifica\grn\.env\Lib\site-packages\numba\core\rewrites\registry.py
fn=apply
54 70300
cfl=<frozen importlib._bootstrap>
cfn=_handle_fromlist
calls=1 1401
54 1200
cfl=c:\Users\Pedro\faculdade\IniciacaoCientifica\grn\.env\Lib\site-packages\numba\core\compiler.py
cfn=__getattr__
calls=77 355
54 8100
cfl=c:\Users\Pedro\faculdade\IniciacaoCientifica\grn\.env\Lib\site-packages\numba\core\ir.py
cfn=__eq__
calls=4 242
54 20400
cfl=c:\Users\Pedro\faculdade\IniciacaoCientifica\grn\.env\Lib\site-packages\numba\core\ir.py
cfn=verify
calls=1 1344
54 2800
cfl=c:\Users\Pedro\faculdade\IniciacaoCientifica\grn\.env\Lib\site-packages\numba\core\postproc.py
cfn=__init__:68
calls=1 68
54 500
cfl=c:\Users\Pedro\faculdade\IniciacaoCientifica\grn\.env\Lib\site-packages\numba\core\postproc.py
cfn=run
calls=1 71
54 1258000
cfl=c:\Users\Pedro\faculdade\IniciacaoCientifica\grn\.env\Lib\site-packages\numba\core\rewrites\ir_print.py
cfn=match:11
calls=4 11
54 2458500
cfl=c:\Users\Pedro\faculdade\IniciacaoCientifica\grn\.env\Lib\site-packages\numba\core\rewrites\ir_print.py
cfn=match:59
calls=4 59
54 15400
cfl=c:\Users\Pedro\faculdade\IniciacaoCientifica\grn\.env\Lib\site-packages\numba\core\rewrites\registry.py
cfn=__init__
calls=6 10
54 700
cfl=c:\Users\Pedro\faculdade\IniciacaoCientifica\grn\.env\Lib\site-packages\numba\core\rewrites\static_binop.py
cfn=match
calls=4 14
54 31700
cfl=c:\Users\Pedro\faculdade\IniciacaoCientifica\grn\.env\Lib\site-packages\numba\core\rewrites\static_getitem.py
cfn=match:13
calls=5 13
54 982000
cfl=c:\Users\Pedro\faculdade\IniciacaoCientifica\grn\.env\Lib\site-packages\numba\core\rewrites\static_getitem.py
cfn=apply
calls=1 28
54 147400
cfl=c:\Users\Pedro\faculdade\IniciacaoCientifica\grn\.env\Lib\site-packages\numba\core\rewrites\static_getitem.py
cfn=match:147
calls=4 147
54 61400
cfl=c:\Users\Pedro\faculdade\IniciacaoCientifica\grn\.env\Lib\site-packages\numba\core\rewrites\static_raise.py
cfn=match
calls=4 46
54 18500
cfl=~
cfn=<method 'append' of 'list' objects>
calls=1 0
54 200
cfl=~
cfn=<method 'copy' of 'dict' objects>
calls=1 0
54 200
cfl=~
cfn=<method 'items' of 'dict' objects>
calls=7 0
54 1200
cfl=~
cfn=<method 'pop' of 'list' objects>
calls=25 0
54 4100

fl=c:\Users\Pedro\faculdade\IniciacaoCientifica\grn\.env\Lib\site-packages\numba\core\rewrites\static_binop.py
fn=match
14 2700
cfl=c:\Users\Pedro\faculdade\IniciacaoCientifica\grn\.env\Lib\site-packages\numba\core\ir.py
cfn=find_exprs
calls=4 1282
14 28400
cfl=~
cfn=<built-in method builtins.len>
calls=8 0
14 600

fl=c:\Users\Pedro\faculdade\IniciacaoCientifica\grn\.env\Lib\site-packages\numba\core\rewrites\static_getitem.py
fn=match:13
13 19800
cfl=c:\Users\Pedro\faculdade\IniciacaoCientifica\grn\.env\Lib\site-packages\numba\core\ir.py
cfn=__hash__
calls=12 259
13 3400
cfl=c:\Users\Pedro\faculdade\IniciacaoCientifica\grn\.env\Lib\site-packages\numba\core\ir.py
cfn=__getattr__
calls=14 387
13 5400
cfl=c:\Users\Pedro\faculdade\IniciacaoCientifica\grn\.env\Lib\site-packages\numba\core\ir.py
cfn=find_exprs
calls=19 1282
13 54200
cfl=c:\Users\Pedro\faculdade\IniciacaoCientifica\grn\.env\Lib\site-packages\numba\core\ir.py
cfn=infer_constant:1545
calls=14 1545
13 898600
cfl=~
cfn=<built-in method builtins.len>
calls=5 0
13 600

fl=c:\Users\Pedro\faculdade\IniciacaoCientifica\grn\.env\Lib\site-packages\numba\core\rewrites\static_getitem.py
fn=apply
28 54300
cfl=c:\Users\Pedro\faculdade\IniciacaoCientifica\grn\.env\Lib\site-packages\numba\core\ir.py
cfn=__hash__
calls=71 259
28 14700
cfl=c:\Users\Pedro\faculdade\IniciacaoCientifica\grn\.env\Lib\site-packages\numba\core\ir.py
cfn=__getattr__
calls=24 387
28 7200
cfl=c:\Users\Pedro\faculdade\IniciacaoCientifica\grn\.env\Lib\site-packages\numba\core\ir.py
cfn=static_getitem
calls=12 521
28 32400
cfl=c:\Users\Pedro\faculdade\IniciacaoCientifica\grn\.env\Lib\site-packages\numba\core\ir.py
cfn=__init__:921
calls=12 921
28 7100
cfl=c:\Users\Pedro\faculdade\IniciacaoCientifica\grn\.env\Lib\site-packages\numba\core\ir.py
cfn=copy
calls=1 1277
28 1900
cfl=c:\Users\Pedro\faculdade\IniciacaoCientifica\grn\.env\Lib\site-packages\numba\core\ir.py
cfn=append
calls=60 1315
28 25600
cfl=c:\Users\Pedro\faculdade\IniciacaoCientifica\grn\.env\Lib\site-packages\numba\core\ir.py
cfn=clear
calls=1 1323
28 700
cfl=~
cfn=<built-in method builtins.isinstance>
calls=60 0
28 3500

fl=c:\Users\Pedro\faculdade\IniciacaoCientifica\grn\.env\Lib\site-packages\numba\core\rewrites\static_getitem.py
fn=match:147
147 4400
cfl=c:\Users\Pedro\faculdade\IniciacaoCientifica\grn\.env\Lib\site-packages\numba\core\ir.py
cfn=find_insts
calls=5 1293
147 15000
cfl=c:\Users\Pedro\faculdade\IniciacaoCientifica\grn\.env\Lib\site-packages\numba\core\ir.py
cfn=infer_constant:1545
calls=1 1545
147 41700
cfl=~
cfn=<built-in method builtins.len>
calls=4 0
147 300

fl=c:\Users\Pedro\faculdade\IniciacaoCientifica\grn\.env\Lib\site-packages\numba\core\rewrites\static_raise.py
fn=match
46 3100
cfl=c:\Users\Pedro\faculdade\IniciacaoCientifica\grn\.env\Lib\site-packages\numba\core\ir.py
cfn=find_insts
calls=4 1293
46 14500
cfl=~
cfn=<built-in method builtins.len>
calls=8 0
46 900

fl=c:\Users\Pedro\faculdade\IniciacaoCientifica\grn\.env\Lib\site-packages\numba\core\runtime\nrt.py
fn=initialize
19 200

fl=c:\Users\Pedro\faculdade\IniciacaoCientifica\grn\.env\Lib\site-packages\numba\core\sigutils.py
fn=normalize_signature
22 894200
cfl=c:\Users\Pedro\faculdade\IniciacaoCientifica\grn\.env\Lib\site-packages\numba\core\sigutils.py
cfn=check_type
calls=2955 43
22 2200400
cfl=~
cfn=<built-in method builtins.isinstance>
calls=1182 0
22 112200

fl=c:\Users\Pedro\faculdade\IniciacaoCientifica\grn\.env\Lib\site-packages\numba\core\sigutils.py
fn=check_type
43 558100
cfl=~
cfn=<built-in method builtins.isinstance>
calls=2955 0
43 1642300

fl=c:\Users\Pedro\faculdade\IniciacaoCientifica\grn\.env\Lib\site-packages\numba\core\ssa.py
fn=reconstruct_ssa
26 4200
cfl=c:\Users\Pedro\faculdade\IniciacaoCientifica\grn\.env\Lib\site-packages\numba\core\ssa.py
cfn=_run_ssa
calls=1 47
26 1000700

fl=c:\Users\Pedro\faculdade\IniciacaoCientifica\grn\.env\Lib\site-packages\numba\core\ssa.py
fn=__init__
37 200

fl=c:\Users\Pedro\faculdade\IniciacaoCientifica\grn\.env\Lib\site-packages\numba\core\ssa.py
fn=_run_ssa
47 11500
cfl=c:\Users\Pedro\faculdade\IniciacaoCientifica\grn\.env\Lib\site-packages\numba\core\analysis.py
cfn=compute_cfg_from_blocks
calls=2 244
47 41800
cfl=c:\Users\Pedro\faculdade\IniciacaoCientifica\grn\.env\Lib\site-packages\numba\core\controlflow.py
cfn=__ne__:755
calls=1 755
47 18400
cfl=c:\Users\Pedro\faculdade\IniciacaoCientifica\grn\.env\Lib\site-packages\numba\core\ssa.py
cfn=__init__
calls=1 37
47 200
cfl=c:\Users\Pedro\faculdade\IniciacaoCientifica\grn\.env\Lib\site-packages\numba\core\ssa.py
cfn=_iterated_domfronts
calls=1 101
47 53600
cfl=c:\Users\Pedro\faculdade\IniciacaoCientifica\grn\.env\Lib\site-packages\numba\core\ssa.py
cfn=_find_defs_violators
calls=1 145
47 874500
cfl=c:\Users\Pedro\faculdade\IniciacaoCientifica\grn\.env\Lib\site-packages\numba\core\utils.py
cfn=__iter__
calls=1 357
47 700

fl=c:\Users\Pedro\faculdade\IniciacaoCientifica\grn\.env\Lib\site-packages\numba\core\ssa.py
fn=_iterated_domfronts
101 6700
cfl=c:\Users\Pedro\faculdade\IniciacaoCientifica\grn\.env\Lib\site-packages\numba\core\controlflow.py
cfn=dominance_frontier
calls=1 186
101 45200
cfl=~
cfn=<built-in method _functools.reduce>
calls=4 0
101 900
cfl=~
cfn=<method 'difference' of 'set' objects>
calls=4 0
101 600
cfl=~
cfn=<method 'items' of 'dict' objects>
calls=2 0
101 200

fl=c:\Users\Pedro\faculdade\IniciacaoCientifica\grn\.env\Lib\site-packages\numba\core\ssa.py
fn=_find_defs_violators
145 53300
cfl=C:\Users\Pedro\AppData\Local\Python\pythoncore-3.14-64\Lib\logging\__init__.py
cfn=debug
calls=2 1498
145 700
cfl=c:\Users\Pedro\faculdade\IniciacaoCientifica\grn\.env\Lib\site-packages\numba\core\controlflow.py
cfn=dominators
calls=1 158
145 11300
cfl=c:\Users\Pedro\faculdade\IniciacaoCientifica\grn\.env\Lib\site-packages\numba\core\ssa.py
cfn=_run_block_analysis
calls=1 175
145 787000
cfl=c:\Users\Pedro\faculdade\IniciacaoCientifica\grn\.env\Lib\site-packages\numba\core\utils.py
cfn=__init__:350
calls=1 350
145 1700
cfl=c:\Users\Pedro\faculdade\IniciacaoCientifica\grn\.env\Lib\site-packages\numba\core\utils.py
cfn=__contains__
calls=80 354
145 5500
cfl=c:\Users\Pedro\faculdade\IniciacaoCientifica\grn\.env\Lib\site-packages\numba\core\utils.py
cfn=__init__:767
calls=2 767
145 400
cfl=~
cfn=<built-in method builtins.len>
calls=83 0
145 5100
cfl=~
cfn=<method 'intersection' of 'set' objects>
calls=82 0
145 9100
cfl=~
cfn=<method 'items' of 'dict' objects>
calls=2 0
145 400

fl=c:\Users\Pedro\faculdade\IniciacaoCientifica\grn\.env\Lib\site-packages\numba\core\ssa.py
fn=_run_block_analysis
175 16100
cfl=C:\Users\Pedro\AppData\Local\Python\pythoncore-3.14-64\Lib\logging\__init__.py
cfn=debug
calls=4 1498
175 6400
cfl=c:\Users\Pedro\faculdade\IniciacaoCientifica\grn\.env\Lib\site-packages\numba\core\ssa.py
cfn=_run_ssa_block_pass
calls=92 206
175 764400
cfl=~
cfn=<method 'items' of 'dict' objects>
calls=1 0
175 100

fl=c:\Users\Pedro\faculdade\IniciacaoCientifica\grn\.env\Lib\site-packages\numba\core\ssa.py
fn=_run_ssa_block_pass
206 54500
cfl=C:\Users\Pedro\AppData\Local\Python\pythoncore-3.14-64\Lib\logging\__init__.py
cfn=debug
calls=92 1498
206 26300
cfl=c:\Users\Pedro\faculdade\IniciacaoCientifica\grn\.env\Lib\site-packages\numba\core\ssa.py
cfn=on_assign
calls=83 268
206 654100
cfl=c:\Users\Pedro\faculdade\IniciacaoCientifica\grn\.env\Lib\site-packages\numba\core\ssa.py
cfn=on_other
calls=5 277
206 23100
cfl=~
cfn=<built-in method builtins.isinstance>
calls=88 0
206 6400

fl=c:\Users\Pedro\faculdade\IniciacaoCientifica\grn\.env\Lib\site-packages\numba\core\ssa.py
fn=on_assign
268 86600
cfl=c:\Users\Pedro\faculdade\IniciacaoCientifica\grn\.env\Lib\site-packages\numba\core\ir.py
cfn=list_vars:354
calls=83 354
268 547900
cfl=~
cfn=<method 'add' of 'set' objects>
calls=100 0
268 9500
cfl=~
cfn=<method 'append' of 'list' objects>
calls=83 0
268 10100

fl=c:\Users\Pedro\faculdade\IniciacaoCientifica\grn\.env\Lib\site-packages\numba\core\ssa.py
fn=on_other
277 3500
cfl=c:\Users\Pedro\faculdade\IniciacaoCientifica\grn\.env\Lib\site-packages\numba\core\ir.py
cfn=list_vars:354
calls=5 354
277 19100
cfl=~
cfn=<method 'add' of 'set' objects>
calls=5 0
277 500

fl=c:\Users\Pedro\faculdade\IniciacaoCientifica\grn\.env\Lib\site-packages\numba\core\target_extension.py
fn=current_target
47 4400
cfl=~
cfn=<built-in method builtins.getattr>
calls=18 0
47 9800

fl=c:\Users\Pedro\faculdade\IniciacaoCientifica\grn\.env\Lib\site-packages\numba\core\target_extension.py
fn=get_local_target
53 12200
cfl=c:\Users\Pedro\faculdade\IniciacaoCientifica\grn\.env\Lib\site-packages\numba\core\target_extension.py
cfn=current_target
calls=18 47
53 14200
cfl=~
cfn=<built-in method builtins.len>
calls=18 0
53 1300
cfl=~
cfn=<method 'get' of 'dict' objects>
calls=18 0
53 3200

fl=c:\Users\Pedro\faculdade\IniciacaoCientifica\grn\.env\Lib\site-packages\numba\core\targetconfig.py
fn=type
34 600

fl=c:\Users\Pedro\faculdade\IniciacaoCientifica\grn\.env\Lib\site-packages\numba\core\targetconfig.py
fn=default
38 26900

fl=c:\Users\Pedro\faculdade\IniciacaoCientifica\grn\.env\Lib\site-packages\numba\core\targetconfig.py
fn=__init__:69
69 5300
cfl=c:\Users\Pedro\faculdade\IniciacaoCientifica\grn\.env\Lib\site-packages\numba\core\utils.py
cfn=__init__:210
calls=5 210
69 6100

fl=c:\Users\Pedro\faculdade\IniciacaoCientifica\grn\.env\Lib\site-packages\numba\core\targetconfig.py
fn=__len__
75 1000
cfl=~
cfn=<built-in method builtins.len>
calls=4 0
75 3900

fl=c:\Users\Pedro\faculdade\IniciacaoCientifica\grn\.env\Lib\site-packages\numba\core\targetconfig.py
fn=enter
78 700
cfl=C:\Users\Pedro\AppData\Local\Python\pythoncore-3.14-64\Lib\contextlib.py
cfn=helper
calls=1 303
78 3300

fl=c:\Users\Pedro\faculdade\IniciacaoCientifica\grn\.env\Lib\site-packages\numba\core\targetconfig.py
fn=getter
111 121600
cfl=c:\Users\Pedro\faculdade\IniciacaoCientifica\grn\.env\Lib\site-packages\numba\core\targetconfig.py
cfn=default
calls=416 38
111 26900
cfl=~
cfn=<method 'get' of 'dict' objects>
calls=416 0
111 45300

fl=c:\Users\Pedro\faculdade\IniciacaoCientifica\grn\.env\Lib\site-packages\numba\core\targetconfig.py
fn=setter
114 4200
cfl=c:\Users\Pedro\faculdade\IniciacaoCientifica\grn\.env\Lib\site-packages\numba\core\targetconfig.py
cfn=type
calls=8 34
114 600

fl=c:\Users\Pedro\faculdade\IniciacaoCientifica\grn\.env\Lib\site-packages\numba\core\targetconfig.py
fn=__init__:161
161 1300
cfl=~
cfn=<built-in method builtins.isinstance>
calls=1 0
161 700
cfl=~
cfn=<method 'update' of 'dict' objects>
calls=1 0
161 500

fl=c:\Users\Pedro\faculdade\IniciacaoCientifica\grn\.env\Lib\site-packages\numba\core\targetconfig.py
fn=values
197 69200
cfl=~
cfn=<built-in method builtins.getattr>
calls=396 0
197 287000

fl=c:\Users\Pedro\faculdade\IniciacaoCientifica\grn\.env\Lib\site-packages\numba\core\targetconfig.py
fn=is_set
202 2900
cfl=c:\Users\Pedro\faculdade\IniciacaoCientifica\grn\.env\Lib\site-packages\numba\core\targetconfig.py
cfn=_guard_option
calls=9 253
202 1400

fl=c:\Users\Pedro\faculdade\IniciacaoCientifica\grn\.env\Lib\site-packages\numba\core\targetconfig.py
fn=inherit_if_not_set
216 6000
cfl=c:\Users\Pedro\faculdade\IniciacaoCientifica\grn\.env\Lib\site-packages\numba\core\targetconfig.py
cfn=__init__:69
calls=4 69
216 7600
cfl=c:\Users\Pedro\faculdade\IniciacaoCientifica\grn\.env\Lib\site-packages\numba\core\targetconfig.py
cfn=__len__
calls=4 75
216 4900
cfl=c:\Users\Pedro\faculdade\IniciacaoCientifica\grn\.env\Lib\site-packages\numba\core\targetconfig.py
cfn=is_set
calls=4 202
216 1200
cfl=c:\Users\Pedro\faculdade\IniciacaoCientifica\grn\.env\Lib\site-packages\numba\core\targetconfig.py
cfn=_guard_option
calls=4 253
216 300
cfl=~
cfn=<built-in method builtins.setattr>
calls=2 0
216 2100

fl=c:\Users\Pedro\faculdade\IniciacaoCientifica\grn\.env\Lib\site-packages\numba\core\targetconfig.py
fn=copy
238 1100
cfl=c:\Users\Pedro\faculdade\IniciacaoCientifica\grn\.env\Lib\site-packages\numba\core\targetconfig.py
cfn=__init__:161
calls=1 161
238 2300

fl=c:\Users\Pedro\faculdade\IniciacaoCientifica\grn\.env\Lib\site-packages\numba\core\targetconfig.py
fn=_guard_option
253 1700

fl=c:\Users\Pedro\faculdade\IniciacaoCientifica\grn\.env\Lib\site-packages\numba\core\tracing.py
fn=noevent
216 2300

fl=c:\Users\Pedro\faculdade\IniciacaoCientifica\grn\.env\Lib\site-packages\numba\core\transforms.py
fn=canonicalize_cfg_single_backedge
292 13600
cfl=c:\Users\Pedro\faculdade\IniciacaoCientifica\grn\.env\Lib\site-packages\numba\core\analysis.py
cfn=compute_cfg_from_blocks
calls=5 244
292 117800
cfl=c:\Users\Pedro\faculdade\IniciacaoCientifica\grn\.env\Lib\site-packages\numba\core\transforms.py
cfn=yield_loops_with_multiple_backedges
calls=5 315
292 134600
cfl=~
cfn=<method 'copy' of 'dict' objects>
calls=5 0
292 1200

fl=c:\Users\Pedro\faculdade\IniciacaoCientifica\grn\.env\Lib\site-packages\numba\core\transforms.py
fn=has_multiple_backedges
302 9600
cfl=c:\Users\Pedro\faculdade\IniciacaoCientifica\grn\.env\Lib\site-packages\numba\core\ir.py
cfn=get_targets:893
calls=5 893
302 900
cfl=c:\Users\Pedro\faculdade\IniciacaoCientifica\grn\.env\Lib\site-packages\numba\core\ir.py
cfn=get_targets:913
calls=5 913
302 900
cfl=c:\Users\Pedro\faculdade\IniciacaoCientifica\grn\.env\Lib\site-packages\numba\core\ir.py
cfn=terminator
calls=10 1336
302 1100

fl=c:\Users\Pedro\faculdade\IniciacaoCientifica\grn\.env\Lib\site-packages\numba\core\transforms.py
fn=yield_loops_with_multiple_backedges
315 6900
cfl=c:\Users\Pedro\faculdade\IniciacaoCientifica\grn\.env\Lib\site-packages\numba\core\controlflow.py
cfn=loops
calls=5 279
315 114500
cfl=c:\Users\Pedro\faculdade\IniciacaoCientifica\grn\.env\Lib\site-packages\numba\core\transforms.py
cfn=has_multiple_backedges
calls=5 302
315 12500
cfl=~
cfn=<method 'values' of 'dict' objects>
calls=5 0
315 700

fl=c:\Users\Pedro\faculdade\IniciacaoCientifica\grn\.env\Lib\site-packages\numba\core\transforms.py
fn=canonicalize_cfg
362 10500
cfl=c:\Users\Pedro\faculdade\IniciacaoCientifica\grn\.env\Lib\site-packages\numba\core\transforms.py
cfn=canonicalize_cfg_single_backedge
calls=5 292
362 267200

fl=c:\Users\Pedro\faculdade\IniciacaoCientifica\grn\.env\Lib\site-packages\numba\core\transforms.py
fn=with_lifting
370 7300
cfl=<frozen importlib._bootstrap>
cfn=_handle_fromlist
calls=1 1401
370 1600
cfl=c:\Users\Pedro\faculdade\IniciacaoCientifica\grn\.env\Lib\site-packages\numba\core\transforms.py
cfn=find_setupwiths
calls=1 533
370 119000

fl=c:\Users\Pedro\faculdade\IniciacaoCientifica\grn\.env\Lib\site-packages\numba\core\transforms.py
fn=find_setupwiths
533 7800
cfl=c:\Users\Pedro\faculdade\IniciacaoCientifica\grn\.env\Lib\site-packages\numba\core\transforms.py
cfn=find_ranges
calls=1 538
533 109600
cfl=c:\Users\Pedro\faculdade\IniciacaoCientifica\grn\.env\Lib\site-packages\numba\core\transforms.py
cfn=_eliminate_nested_withs
calls=1 734
533 1100
cfl=c:\Users\Pedro\faculdade\IniciacaoCientifica\grn\.env\Lib\site-packages\numba\core\transforms.py
cfn=consolidate_multi_exit_withs
calls=1 751
533 300
cfl=~
cfn=<method 'items' of 'dict' objects>
calls=1 0
533 200

fl=c:\Users\Pedro\faculdade\IniciacaoCientifica\grn\.env\Lib\site-packages\numba\core\transforms.py
fn=find_ranges
538 27100
cfl=c:\Users\Pedro\faculdade\IniciacaoCientifica\grn\.env\Lib\site-packages\numba\core\analysis.py
cfn=compute_cfg_from_blocks
calls=1 244
538 22200
cfl=c:\Users\Pedro\faculdade\IniciacaoCientifica\grn\.env\Lib\site-packages\numba\core\controlflow.py
cfn=topo_sort
calls=1 312
538 24500
cfl=c:\Users\Pedro\faculdade\IniciacaoCientifica\grn\.env\Lib\site-packages\numba\core\ir_utils.py
cfn=is_setup_with
calls=88 2275
538 17900
cfl=c:\Users\Pedro\faculdade\IniciacaoCientifica\grn\.env\Lib\site-packages\numba\core\ir_utils.py
cfn=is_pop_block
calls=88 2291
538 17700
cfl=~
cfn=<method 'items' of 'dict' objects>
calls=1 0
538 200

fl=c:\Users\Pedro\faculdade\IniciacaoCientifica\grn\.env\Lib\site-packages\numba\core\transforms.py
fn=_eliminate_nested_withs
734 700
cfl=~
cfn=<built-in method builtins.sorted>
calls=1 0
734 400

fl=c:\Users\Pedro\faculdade\IniciacaoCientifica\grn\.env\Lib\site-packages\numba\core\transforms.py
fn=consolidate_multi_exit_withs
751 300

fl=c:\Users\Pedro\faculdade\IniciacaoCientifica\grn\.env\Lib\site-packages\numba\core\typed_passes.py
fn=fallback_context
42 2500
cfl=c:\Users\Pedro\faculdade\IniciacaoCientifica\grn\.env\Lib\site-packages\numba\core\compiler.py
cfn=__getattr__
calls=1 355
42 500

fl=c:\Users\Pedro\faculdade\IniciacaoCientifica\grn\.env\Lib\site-packages\numba\core\typed_passes.py
fn=type_inference_stage
68 17200
cfl=C:\Users\Pedro\AppData\Local\Python\pythoncore-3.14-64\Lib\contextlib.py
cfn=__enter__:136
calls=1 136
68 26600
cfl=C:\Users\Pedro\AppData\Local\Python\pythoncore-3.14-64\Lib\contextlib.py
cfn=__exit__:145
calls=1 145
68 14200
cfl=C:\Users\Pedro\AppData\Local\Python\pythoncore-3.14-64\Lib\contextlib.py
cfn=helper
calls=1 303
68 1600
cfl=c:\Users\Pedro\faculdade\IniciacaoCientifica\grn\.env\Lib\site-packages\numba\core\errors.py
cfn=__init__:526
calls=1 526
68 800
cfl=c:\Users\Pedro\faculdade\IniciacaoCientifica\grn\.env\Lib\site-packages\numba\core\errors.py
cfn=__enter__:569
calls=1 569
68 100
cfl=c:\Users\Pedro\faculdade\IniciacaoCientifica\grn\.env\Lib\site-packages\numba\core\errors.py
cfn=__exit__:572
calls=1 572
68 5900
cfl=c:\Users\Pedro\faculdade\IniciacaoCientifica\grn\.env\Lib\site-packages\numba\core\typeinfer.py
cfn=__init__:957
calls=1 957
68 8500
cfl=c:\Users\Pedro\faculdade\IniciacaoCientifica\grn\.env\Lib\site-packages\numba\core\typeinfer.py
cfn=seed_argument
calls=5 1017
68 35000
cfl=c:\Users\Pedro\faculdade\IniciacaoCientifica\grn\.env\Lib\site-packages\numba\core\typeinfer.py
cfn=build_constraint
calls=1 1033
68 1751200
cfl=~
cfn=<built-in method builtins.len>
calls=1 0
68 100
cfl=~
cfn=<method 'items' of 'dict' objects>
calls=1 0
68 100

fl=c:\Users\Pedro\faculdade\IniciacaoCientifica\grn\.env\Lib\site-packages\numba\core\typed_passes.py
fn=run_pass
107 8400
cfl=C:\Users\Pedro\AppData\Local\Python\pythoncore-3.14-64\Lib\contextlib.py
cfn=__enter__:136
calls=1 136
107 2100
cfl=C:\Users\Pedro\AppData\Local\Python\pythoncore-3.14-64\Lib\contextlib.py
cfn=__exit__:145
calls=1 145
107 4900
cfl=C:\Users\Pedro\AppData\Local\Python\pythoncore-3.14-64\Lib\contextlib.py
cfn=helper
calls=1 303
107 1100
cfl=c:\Users\Pedro\faculdade\IniciacaoCientifica\grn\.env\Lib\site-packages\numba\core\compiler.py
cfn=__getattr__
calls=7 355
107 1100
cfl=c:\Users\Pedro\faculdade\IniciacaoCientifica\grn\.env\Lib\site-packages\numba\core\typed_passes.py
cfn=type_inference_stage
calls=1 68
107 1861300

fl=c:\Users\Pedro\faculdade\IniciacaoCientifica\grn\.env\Lib\site-packages\numba\core\typed_passes.py
fn=get_analysis_usage
192 700
cfl=c:\Users\Pedro\faculdade\IniciacaoCientifica\grn\.env\Lib\site-packages\numba\core\compiler_machinery.py
cfn=add_required
calls=2 148
192 600

fl=c:\Users\Pedro\faculdade\IniciacaoCientifica\grn\.env\Lib\site-packages\numba\core\typeinfer.py
fn=__init__:44
44 1400

fl=c:\Users\Pedro\faculdade\IniciacaoCientifica\grn\.env\Lib\site-packages\numba\core\typeinfer.py
fn=lock
87 4300
cfl=~
cfn=<built-in method builtins.isinstance>
calls=8 0
87 7300

fl=c:\Users\Pedro\faculdade\IniciacaoCientifica\grn\.env\Lib\site-packages\numba\core\typeinfer.py
fn=__init__:141
141 200

fl=c:\Users\Pedro\faculdade\IniciacaoCientifica\grn\.env\Lib\site-packages\numba\core\typeinfer.py
fn=append
144 3900
cfl=~
cfn=<method 'append' of 'list' objects>
calls=16 0
144 1900

fl=c:\Users\Pedro\faculdade\IniciacaoCientifica\grn\.env\Lib\site-packages\numba\core\typeinfer.py
fn=__init__:179
179 600

fl=c:\Users\Pedro\faculdade\IniciacaoCientifica\grn\.env\Lib\site-packages\numba\core\typeinfer.py
fn=__init__:200
200 600

fl=c:\Users\Pedro\faculdade\IniciacaoCientifica\grn\.env\Lib\site-packages\numba\core\typeinfer.py
fn=__init__:410
410 500

fl=c:\Users\Pedro\faculdade\IniciacaoCientifica\grn\.env\Lib\site-packages\numba\core\typeinfer.py
fn=__init__:429
429 600

fl=c:\Users\Pedro\faculdade\IniciacaoCientifica\grn\.env\Lib\site-packages\numba\core\typeinfer.py
fn=__init__:556
556 3100

fl=c:\Users\Pedro\faculdade\IniciacaoCientifica\grn\.env\Lib\site-packages\numba\core\typeinfer.py
fn=__init__:703
703 200

fl=c:\Users\Pedro\faculdade\IniciacaoCientifica\grn\.env\Lib\site-packages\numba\core\typeinfer.py
fn=set_context
905 100

fl=c:\Users\Pedro\faculdade\IniciacaoCientifica\grn\.env\Lib\site-packages\numba\core\typeinfer.py
fn=__getitem__
908 15500
cfl=c:\Users\Pedro\faculdade\IniciacaoCientifica\grn\.env\Lib\site-packages\numba\core\typeinfer.py
cfn=__init__:44
calls=8 44
908 1400
cfl=c:\Users\Pedro\faculdade\IniciacaoCientifica\grn\.env\Lib\site-packages\numba\core\typeinfer.py
cfn=__setitem__
calls=8 913
908 7400
cfl=~
cfn=<function TypeVarMap.__getitem__ at 0x0000029988211640>
calls=11 0
908 1300

fl=c:\Users\Pedro\faculdade\IniciacaoCientifica\grn\.env\Lib\site-packages\numba\core\typeinfer.py
fn=__setitem__
913 6800
cfl=~
cfn=<built-in method builtins.isinstance>
calls=8 0
913 600

fl=c:\Users\Pedro\faculdade\IniciacaoCientifica\grn\.env\Lib\site-packages\numba\core\typeinfer.py
fn=__init__:957
957 7000
cfl=c:\Users\Pedro\faculdade\IniciacaoCientifica\grn\.env\Lib\site-packages\numba\core\typeinfer.py
cfn=__init__:141
calls=1 141
957 200
cfl=c:\Users\Pedro\faculdade\IniciacaoCientifica\grn\.env\Lib\site-packages\numba\core\typeinfer.py
cfn=set_context
calls=1 905
957 100
cfl=~
cfn=<built-in method builtins.sorted>
calls=1 0
957 1000
cfl=~
cfn=<method 'keys' of 'dict' objects>
calls=1 0
957 200

fl=c:\Users\Pedro\faculdade\IniciacaoCientifica\grn\.env\Lib\site-packages\numba\core\typeinfer.py
fn=_mangle_arg_name
1002 2000

fl=c:\Users\Pedro\faculdade\IniciacaoCientifica\grn\.env\Lib\site-packages\numba\core\typeinfer.py
fn=seed_argument
1017 3800
cfl=c:\Users\Pedro\faculdade\IniciacaoCientifica\grn\.env\Lib\site-packages\numba\core\typeinfer.py
cfn=_mangle_arg_name
calls=5 1002
1017 1100
cfl=c:\Users\Pedro\faculdade\IniciacaoCientifica\grn\.env\Lib\site-packages\numba\core\typeinfer.py
cfn=seed_type
calls=5 1022
1017 30100

fl=c:\Users\Pedro\faculdade\IniciacaoCientifica\grn\.env\Lib\site-packages\numba\core\typeinfer.py
fn=seed_type
1022 2400
cfl=c:\Users\Pedro\faculdade\IniciacaoCientifica\grn\.env\Lib\site-packages\numba\core\typeinfer.py
cfn=lock_type
calls=5 1106
1022 27700

fl=c:\Users\Pedro\faculdade\IniciacaoCientifica\grn\.env\Lib\site-packages\numba\core\typeinfer.py
fn=build_constraint
1033 9100
cfl=c:\Users\Pedro\faculdade\IniciacaoCientifica\grn\.env\Lib\site-packages\numba\core\typeinfer.py
cfn=constrain_statement
calls=22 1396
1033 1741800
cfl=~
cfn=<method 'values' of 'collections.OrderedDict' objects>
calls=1 0
1033 300

fl=c:\Users\Pedro\faculdade\IniciacaoCientifica\grn\.env\Lib\site-packages\numba\core\typeinfer.py
fn=lock_type
1106 6600
cfl=c:\Users\Pedro\faculdade\IniciacaoCientifica\grn\.env\Lib\site-packages\numba\core\typeinfer.py
cfn=lock
calls=8 87
1106 11600
cfl=c:\Users\Pedro\faculdade\IniciacaoCientifica\grn\.env\Lib\site-packages\numba\core\typeinfer.py
cfn=__getitem__
calls=8 908
1106 17300

fl=c:\Users\Pedro\faculdade\IniciacaoCientifica\grn\.env\Lib\site-packages\numba\core\typeinfer.py
fn=constrain_statement
1396 13300
cfl=c:\Users\Pedro\faculdade\IniciacaoCientifica\grn\.env\Lib\site-packages\numba\core\typeinfer.py
cfn=typeof_assign
calls=20 1465
1396 1725300
cfl=~
cfn=<built-in method builtins.isinstance>
calls=36 0
1396 3200

fl=c:\Users\Pedro\faculdade\IniciacaoCientifica\grn\.env\Lib\site-packages\numba\core\typeinfer.py
fn=typeof_assign
1465 36200
cfl=c:\Users\Pedro\faculdade\IniciacaoCientifica\grn\.env\Lib\site-packages\numba\core\typeinfer.py
cfn=append
calls=3 144
1465 900
cfl=c:\Users\Pedro\faculdade\IniciacaoCientifica\grn\.env\Lib\site-packages\numba\core\typeinfer.py
cfn=__init__:179
calls=3 179
1465 600
cfl=c:\Users\Pedro\faculdade\IniciacaoCientifica\grn\.env\Lib\site-packages\numba\core\typeinfer.py
cfn=typeof_arg
calls=5 1496
1465 9800
cfl=c:\Users\Pedro\faculdade\IniciacaoCientifica\grn\.env\Lib\site-packages\numba\core\typeinfer.py
cfn=typeof_global
calls=4 1571
1465 1623900
cfl=c:\Users\Pedro\faculdade\IniciacaoCientifica\grn\.env\Lib\site-packages\numba\core\typeinfer.py
cfn=typeof_expr
calls=8 1661
1465 44600
cfl=~
cfn=<built-in method builtins.isinstance>
calls=78 0
1465 9300

fl=c:\Users\Pedro\faculdade\IniciacaoCientifica\grn\.env\Lib\site-packages\numba\core\typeinfer.py
fn=resolve_value_type
1485 5900
cfl=c:\Users\Pedro\faculdade\IniciacaoCientifica\grn\.env\Lib\site-packages\numba\core\errors.py
cfn=__init__:577
calls=1 577
1485 270700
cfl=c:\Users\Pedro\faculdade\IniciacaoCientifica\grn\.env\Lib\site-packages\numba\core\typing\context.py
cfn=resolve_value_type
calls=4 441
1485 1086100

fl=c:\Users\Pedro\faculdade\IniciacaoCientifica\grn\.env\Lib\site-packages\numba\core\typeinfer.py
fn=typeof_arg
1496 6300
cfl=c:\Users\Pedro\faculdade\IniciacaoCientifica\grn\.env\Lib\site-packages\numba\core\typeinfer.py
cfn=append
calls=5 144
1496 2000
cfl=c:\Users\Pedro\faculdade\IniciacaoCientifica\grn\.env\Lib\site-packages\numba\core\typeinfer.py
cfn=__init__:200
calls=5 200
1496 600
cfl=c:\Users\Pedro\faculdade\IniciacaoCientifica\grn\.env\Lib\site-packages\numba\core\typeinfer.py
cfn=_mangle_arg_name
calls=5 1002
1496 900

fl=c:\Users\Pedro\faculdade\IniciacaoCientifica\grn\.env\Lib\site-packages\numba\core\typeinfer.py
fn=sentry_modified_builtin
1514 1600

fl=c:\Users\Pedro\faculdade\IniciacaoCientifica\grn\.env\Lib\site-packages\numba\core\typeinfer.py
fn=typeof_global
1571 21800
cfl=<frozen importlib._bootstrap>
cfn=_handle_fromlist
calls=1 1401
1571 1000
cfl=c:\Users\Pedro\faculdade\IniciacaoCientifica\grn\.env\Lib\site-packages\numba\core\errors.py
cfn=errmsg
calls=1 377
1571 37900
cfl=c:\Users\Pedro\faculdade\IniciacaoCientifica\grn\.env\Lib\site-packages\numba\core\errors.py
cfn=patch_message
calls=1 614
1571 1000
cfl=c:\Users\Pedro\faculdade\IniciacaoCientifica\grn\.env\Lib\site-packages\numba\core\typeinfer.py
cfn=__getitem__
calls=3 908
1571 8300
cfl=c:\Users\Pedro\faculdade\IniciacaoCientifica\grn\.env\Lib\site-packages\numba\core\typeinfer.py
cfn=lock_type
calls=3 1106
1571 7800
cfl=c:\Users\Pedro\faculdade\IniciacaoCientifica\grn\.env\Lib\site-packages\numba\core\typeinfer.py
cfn=resolve_value_type
calls=4 1485
1571 1362700
cfl=c:\Users\Pedro\faculdade\IniciacaoCientifica\grn\.env\Lib\site-packages\numba\core\typeinfer.py
cfn=sentry_modified_builtin
calls=3 1514
1571 1600
cfl=c:\Users\Pedro\faculdade\IniciacaoCientifica\grn\.env\Lib\site-packages\numba\core\types\misc.py
cfn=maybe_literal
calls=3 87
1571 152300
cfl=~
cfn=<built-in method builtins.isinstance>
calls=9 0
1571 26300
cfl=~
cfn=<method 'add' of 'set' objects>
calls=3 0
1571 3000
cfl=~
cfn=<method 'keys' of 'dict' objects>
calls=1 0
1571 200

fl=c:\Users\Pedro\faculdade\IniciacaoCientifica\grn\.env\Lib\site-packages\numba\core\typeinfer.py
fn=typeof_expr
1661 14100
cfl=c:\Users\Pedro\faculdade\IniciacaoCientifica\grn\.env\Lib\site-packages\numba\core\ir.py
cfn=__getattr__
calls=6 387
1661 2800
cfl=c:\Users\Pedro\faculdade\IniciacaoCientifica\grn\.env\Lib\site-packages\numba\core\typeinfer.py
cfn=append
calls=3 144
1661 1000
cfl=c:\Users\Pedro\faculdade\IniciacaoCientifica\grn\.env\Lib\site-packages\numba\core\typeinfer.py
cfn=__init__:410
calls=1 410
1661 500
cfl=c:\Users\Pedro\faculdade\IniciacaoCientifica\grn\.env\Lib\site-packages\numba\core\typeinfer.py
cfn=__init__:429
calls=1 429
1661 600
cfl=c:\Users\Pedro\faculdade\IniciacaoCientifica\grn\.env\Lib\site-packages\numba\core\typeinfer.py
cfn=__init__:703
calls=1 703
1661 200
cfl=c:\Users\Pedro\faculdade\IniciacaoCientifica\grn\.env\Lib\site-packages\numba\core\typeinfer.py
cfn=typeof_call
calls=3 1751
1661 18000
cfl=c:\Users\Pedro\faculdade\IniciacaoCientifica\grn\.env\Lib\site-packages\numba\core\typeinfer.py
cfn=typeof_intrinsic_call
calls=2 1757
1661 7400

fl=c:\Users\Pedro\faculdade\IniciacaoCientifica\grn\.env\Lib\site-packages\numba\core\typeinfer.py
fn=typeof_call
1751 10000
cfl=c:\Users\Pedro\faculdade\IniciacaoCientifica\grn\.env\Lib\site-packages\numba\core\ir.py
cfn=__getattr__
calls=12 387
1751 4800
cfl=c:\Users\Pedro\faculdade\IniciacaoCientifica\grn\.env\Lib\site-packages\numba\core\typeinfer.py
cfn=append
calls=3 144
1751 1200
cfl=c:\Users\Pedro\faculdade\IniciacaoCientifica\grn\.env\Lib\site-packages\numba\core\typeinfer.py
cfn=__init__:556
calls=3 556
1751 1400
cfl=~
cfn=<method 'append' of 'list' objects>
calls=3 0
1751 600

fl=c:\Users\Pedro\faculdade\IniciacaoCientifica\grn\.env\Lib\site-packages\numba\core\typeinfer.py
fn=typeof_intrinsic_call
1757 4700
cfl=c:\Users\Pedro\faculdade\IniciacaoCientifica\grn\.env\Lib\site-packages\numba\core\typeinfer.py
cfn=append
calls=2 144
1757 700
cfl=c:\Users\Pedro\faculdade\IniciacaoCientifica\grn\.env\Lib\site-packages\numba\core\typeinfer.py
cfn=__init__:556
calls=2 556
1757 1700
cfl=~
cfn=<method 'append' of 'list' objects>
calls=2 0
1757 300

fl=c:\Users\Pedro\faculdade\IniciacaoCientifica\grn\.env\Lib\site-packages\numba\core\types\abstract.py
fn=_autoincr
20 1300
cfl=~
cfn=<built-in method builtins.next>
calls=2 0
20 900

fl=c:\Users\Pedro\faculdade\IniciacaoCientifica\grn\.env\Lib\site-packages\numba\core\types\abstract.py
fn=_intern
49 1830500
cfl=c:\Users\Pedro\faculdade\IniciacaoCientifica\grn\.env\Lib\site-packages\numba\core\types\abstract.py
cfn=_autoincr
calls=2 20
49 2200
cfl=~
cfn=<method 'get' of 'dict' objects>
calls=3548 0
49 9296200

fl=c:\Users\Pedro\faculdade\IniciacaoCientifica\grn\.env\Lib\site-packages\numba\core\types\abstract.py
fn=__call__
61 3414300
cfl=c:\Users\Pedro\faculdade\IniciacaoCientifica\grn\.env\Lib\site-packages\numba\core\types\abstract.py
cfn=_intern
calls=3548 49
61 11128900
cfl=c:\Users\Pedro\faculdade\IniciacaoCientifica\grn\.env\Lib\site-packages\numba\core\types\misc.py
cfn=__init__
calls=1 134
61 10800
cfl=c:\Users\Pedro\faculdade\IniciacaoCientifica\grn\.env\Lib\site-packages\numba\core\types\npytypes.py
cfn=__init__
calls=3547 444
61 20751000

fl=c:\Users\Pedro\faculdade\IniciacaoCientifica\grn\.env\Lib\site-packages\numba\core\types\abstract.py
fn=__init__
93 330300

fl=c:\Users\Pedro\faculdade\IniciacaoCientifica\grn\.env\Lib\site-packages\numba\core\types\abstract.py
fn=key
96 864100

fl=c:\Users\Pedro\faculdade\IniciacaoCientifica\grn\.env\Lib\site-packages\numba\core\types\abstract.py
fn=__repr__
115 12500

fl=c:\Users\Pedro\faculdade\IniciacaoCientifica\grn\.env\Lib\site-packages\numba\core\types\abstract.py
fn=__str__
118 348000

fl=c:\Users\Pedro\faculdade\IniciacaoCientifica\grn\.env\Lib\site-packages\numba\core\types\abstract.py
fn=__hash__
121 5664400
cfl=c:\Users\Pedro\faculdade\IniciacaoCientifica\grn\.env\Lib\site-packages\numba\core\types\abstract.py
cfn=key
calls=8276 96
121 722600
cfl=c:\Users\Pedro\faculdade\IniciacaoCientifica\grn\.env\Lib\site-packages\numba\core\types\misc.py
cfn=key:138
calls=1 138
121 100
cfl=c:\Users\Pedro\faculdade\IniciacaoCientifica\grn\.env\Lib\site-packages\numba\core\types\misc.py
cfn=key:384
calls=1182 384
121 379400
cfl=c:\Users\Pedro\faculdade\IniciacaoCientifica\grn\.env\Lib\site-packages\numba\core\types\npytypes.py
cfn=key
calls=7094 482
121 1152600
cfl=~
cfn=<built-in method builtins.hash>
calls=16553 0
121 5884700

fl=c:\Users\Pedro\faculdade\IniciacaoCientifica\grn\.env\Lib\site-packages\numba\core\types\abstract.py
fn=__eq__
124 1433000
cfl=c:\Users\Pedro\faculdade\IniciacaoCientifica\grn\.env\Lib\site-packages\numba\core\types\npytypes.py
cfn=key
calls=7092 482
124 1006500

fl=c:\Users\Pedro\faculdade\IniciacaoCientifica\grn\.env\Lib\site-packages\numba\core\types\common.py
fn=__init__
49 5273000
cfl=<frozen importlib._bootstrap>
cfn=parent
calls=3547 648
49 1753200
cfl=c:\Users\Pedro\faculdade\IniciacaoCientifica\grn\.env\Lib\site-packages\numba\core\types\abstract.py
cfn=__init__
calls=3547 93
49 330000
cfl=c:\Users\Pedro\faculdade\IniciacaoCientifica\grn\.env\Lib\site-packages\numba\core\types\misc.py
cfn=unliteral
calls=3547 63
49 1894700
cfl=~
cfn=<built-in method builtins.isinstance>
calls=3547 0
49 2092500

fl=c:\Users\Pedro\faculdade\IniciacaoCientifica\grn\.env\Lib\site-packages\numba\core\types\misc.py
fn=unliteral
63 1165800
cfl=~
cfn=<built-in method builtins.getattr>
calls=3547 0
63 348500
cfl=~
cfn=<built-in method builtins.hasattr>
calls=3547 0
63 380400

fl=c:\Users\Pedro\faculdade\IniciacaoCientifica\grn\.env\Lib\site-packages\numba\core\types\misc.py
fn=literal
72 7100
cfl=c:\Users\Pedro\faculdade\IniciacaoCientifica\grn\.env\Lib\site-packages\numba\core\errors.py
cfn=__init__:577
calls=3 577
72 130200
cfl=~
cfn=<built-in method builtins.isinstance>
calls=3 0
72 8900
cfl=~
cfn=<method 'format' of 'str' objects>
calls=3 0
72 2600

fl=c:\Users\Pedro\faculdade\IniciacaoCientifica\grn\.env\Lib\site-packages\numba\core\types\misc.py
fn=maybe_literal
87 3500
cfl=c:\Users\Pedro\faculdade\IniciacaoCientifica\grn\.env\Lib\site-packages\numba\core\types\misc.py
cfn=literal
calls=3 72
87 148800

fl=c:\Users\Pedro\faculdade\IniciacaoCientifica\grn\.env\Lib\site-packages\numba\core\types\misc.py
fn=__init__
134 4600
cfl=<frozen importlib._bootstrap>
cfn=_module_repr
calls=1 544
134 5900
cfl=c:\Users\Pedro\faculdade\IniciacaoCientifica\grn\.env\Lib\site-packages\numba\core\types\abstract.py
cfn=__init__
calls=1 93
134 300

fl=c:\Users\Pedro\faculdade\IniciacaoCientifica\grn\.env\Lib\site-packages\numba\core\types\misc.py
fn=key:138
138 100

fl=c:\Users\Pedro\faculdade\IniciacaoCientifica\grn\.env\Lib\site-packages\numba\core\types\misc.py
fn=key:384
384 237900
cfl=c:\Users\Pedro\faculdade\IniciacaoCientifica\grn\.env\Lib\site-packages\numba\core\types\abstract.py
cfn=key
calls=1182 96
384 141500

fl=c:\Users\Pedro\faculdade\IniciacaoCientifica\grn\.env\Lib\site-packages\numba\core\types\npytypes.py
fn=__init__
444 4597700
cfl=c:\Users\Pedro\faculdade\IniciacaoCientifica\grn\.env\Lib\site-packages\numba\core\types\abstract.py
cfn=__str__
calls=3547 118
444 348000
cfl=c:\Users\Pedro\faculdade\IniciacaoCientifica\grn\.env\Lib\site-packages\numba\core\types\common.py
cfn=__init__
calls=3547 49
444 11343400
cfl=~
cfn=<built-in method builtins.isinstance>
calls=7094 0
444 4461900

fl=c:\Users\Pedro\faculdade\IniciacaoCientifica\grn\.env\Lib\site-packages\numba\core\types\npytypes.py
fn=key
482 2159100

fl=c:\Users\Pedro\faculdade\IniciacaoCientifica\grn\.env\Lib\site-packages\numba\core\types\npytypes.py
fn=__repr__
523 45600
cfl=~
cfn=<built-in method builtins.repr>
calls=54 0
523 21300

fl=c:\Users\Pedro\faculdade\IniciacaoCientifica\grn\.env\Lib\site-packages\numba\core\typing\cffi_utils.py
fn=is_ffi_instance
29 1900
cfl=~
cfn=<built-in method builtins.isinstance>
calls=2 0
29 200

fl=c:\Users\Pedro\faculdade\IniciacaoCientifica\grn\.env\Lib\site-packages\numba\core\typing\cffi_utils.py
fn=is_cffi_func
39 5600
cfl=c:\Users\Pedro\faculdade\IniciacaoCientifica\grn\.env\Lib\site-packages\cffi\api.py
cfn=typeof
calls=2 194
39 12200

fl=c:\Users\Pedro\faculdade\IniciacaoCientifica\grn\.env\Lib\site-packages\numba\core\typing\context.py
fn=__getitem__
54 1000
cfl=~
cfn=<built-in method builtins.len>
calls=1 0
54 1600

fl=c:\Users\Pedro\faculdade\IniciacaoCientifica\grn\.env\Lib\site-packages\numba\core\typing\context.py
fn=__len__
61 400
cfl=~
cfn=<built-in method builtins.len>
calls=1 0
61 100

fl=c:\Users\Pedro\faculdade\IniciacaoCientifica\grn\.env\Lib\site-packages\numba\core\typing\context.py
fn=register
64 8500
cfl=C:\Users\Pedro\AppData\Local\Python\pythoncore-3.14-64\Lib\contextlib.py
cfn=__init__:485
calls=1 485
64 500
cfl=C:\Users\Pedro\AppData\Local\Python\pythoncore-3.14-64\Lib\contextlib.py
cfn=push
calls=2 495
64 2400
cfl=C:\Users\Pedro\AppData\Local\Python\pythoncore-3.14-64\Lib\contextlib.py
cfn=enter_context
calls=1 515
64 3500
cfl=C:\Users\Pedro\AppData\Local\Python\pythoncore-3.14-64\Lib\contextlib.py
cfn=__enter__:568
calls=1 568
64 100
cfl=C:\Users\Pedro\AppData\Local\Python\pythoncore-3.14-64\Lib\contextlib.py
cfn=__exit__:571
calls=1 571
64 7400
cfl=c:\Users\Pedro\faculdade\IniciacaoCientifica\grn\.env\Lib\site-packages\numba\core\typing\context.py
cfn=clear_fail_cache
calls=1 76
64 700
cfl=c:\Users\Pedro\faculdade\IniciacaoCientifica\grn\.env\Lib\site-packages\numba\core\typing\context.py
cfn=match
calls=1 113
64 9500
cfl=c:\Users\Pedro\faculdade\IniciacaoCientifica\grn\.env\Lib\site-packages\numba\core\typing\context.py
cfn=__init__
calls=1 187
64 400
cfl=~
cfn=<method 'append' of 'list' objects>
calls=1 0
64 200

fl=c:\Users\Pedro\faculdade\IniciacaoCientifica\grn\.env\Lib\site-packages\numba\core\typing\context.py
fn=clear_fail_cache
76 1200
cfl=~
cfn=<method 'clear' of 'dict' objects>
calls=2 0
76 200

fl=c:\Users\Pedro\faculdade\IniciacaoCientifica\grn\.env\Lib\site-packages\numba\core\typing\context.py
fn=undo_stack
89 800
cfl=~
cfn=<method 'pop' of 'list' objects>
calls=1 0
89 200

fl=c:\Users\Pedro\faculdade\IniciacaoCientifica\grn\.env\Lib\site-packages\numba\core\typing\context.py
fn=finditer
95 4300
cfl=<frozen _collections_abc>
cfn=__iter__:1011
calls=1 1011
95 4100

fl=c:\Users\Pedro\faculdade\IniciacaoCientifica\grn\.env\Lib\site-packages\numba\core\typing\context.py
fn=match
113 1100
cfl=c:\Users\Pedro\faculdade\IniciacaoCientifica\grn\.env\Lib\site-packages\numba\core\typing\context.py
cfn=finditer
calls=1 95
113 8400

fl=c:\Users\Pedro\faculdade\IniciacaoCientifica\grn\.env\Lib\site-packages\numba\core\typing\context.py
fn=__init__
187 400

fl=c:\Users\Pedro\faculdade\IniciacaoCientifica\grn\.env\Lib\site-packages\numba\core\typing\context.py
fn=refresh
232 3100
cfl=c:\Users\Pedro\faculdade\IniciacaoCientifica\grn\.env\Lib\site-packages\numba\core\typing\context.py
cfn=_load_builtins
calls=2 482
232 23200
cfl=c:\Users\Pedro\faculdade\IniciacaoCientifica\grn\.env\Lib\site-packages\numba\core\typing\context.py
cfn=load_additional_registries
calls=2 811
232 130200

fl=c:\Users\Pedro\faculdade\IniciacaoCientifica\grn\.env\Lib\site-packages\numba\core\typing\context.py
fn=resolve_value_type
441 9600
cfl=c:\Users\Pedro\faculdade\IniciacaoCientifica\grn\.env\Lib\site-packages\numba\core\typing\context.py
cfn=_get_global_type
calls=4 475
441 29800
cfl=c:\Users\Pedro\faculdade\IniciacaoCientifica\grn\.env\Lib\site-packages\numba\core\typing\typeof.py
cfn=typeof
calls=4 27
441 1025900
cfl=c:\Users\Pedro\faculdade\IniciacaoCientifica\grn\.env\Lib\site-packages\numba\core\utils.py
cfn=erase_traceback
calls=4 35
441 15700
cfl=~
cfn=<built-in method builtins.isinstance>
calls=4 0
441 5100

fl=c:\Users\Pedro\faculdade\IniciacaoCientifica\grn\.env\Lib\site-packages\numba\core\typing\context.py
fn=_get_global_type
475 5300
cfl=c:\Users\Pedro\faculdade\IniciacaoCientifica\grn\.env\Lib\site-packages\numba\core\types\abstract.py
cfn=__call__
calls=1 61
475 19300
cfl=c:\Users\Pedro\faculdade\IniciacaoCientifica\grn\.env\Lib\site-packages\numba\core\typing\context.py
cfn=_lookup_global
calls=4 566
475 4900
cfl=~
cfn=<built-in method builtins.isinstance>
calls=2 0
475 300

fl=c:\Users\Pedro\faculdade\IniciacaoCientifica\grn\.env\Lib\site-packages\numba\core\typing\context.py
fn=_load_builtins
482 4400
cfl=<frozen importlib._bootstrap>
cfn=_handle_fromlist
calls=6 1401
482 6000
cfl=c:\Users\Pedro\faculdade\IniciacaoCientifica\grn\.env\Lib\site-packages\numba\core\typing\context.py
cfn=install_registry
calls=2 495
482 12800

fl=c:\Users\Pedro\faculdade\IniciacaoCientifica\grn\.env\Lib\site-packages\numba\core\typing\context.py
fn=install_registry
495 23800
cfl=c:\Users\Pedro\faculdade\IniciacaoCientifica\grn\.env\Lib\site-packages\numba\core\target_extension.py
cfn=get_local_target
calls=18 53
495 30900
cfl=c:\Users\Pedro\faculdade\IniciacaoCientifica\grn\.env\Lib\site-packages\numba\core\typing\templates.py
cfn=new_registrations
calls=54 1322
495 64500

fl=c:\Users\Pedro\faculdade\IniciacaoCientifica\grn\.env\Lib\site-packages\numba\core\typing\context.py
fn=_lookup_global
566 3100
cfl=~
cfn=<method 'get' of 'dict' objects>
calls=4 0
566 1800

fl=c:\Users\Pedro\faculdade\IniciacaoCientifica\grn\.env\Lib\site-packages\numba\core\typing\context.py
fn=load_additional_registries
811 14000
cfl=<frozen importlib._bootstrap>
cfn=parent
calls=2 648
811 1800
cfl=<frozen importlib._bootstrap>
cfn=_handle_fromlist
calls=2 1401
811 8000
cfl=c:\Users\Pedro\faculdade\IniciacaoCientifica\grn\.env\Lib\site-packages\numba\core\typing\context.py
cfn=install_registry
calls=16 495
811 106400

fl=c:\Users\Pedro\faculdade\IniciacaoCientifica\grn\.env\Lib\site-packages\numba\core\typing\templates.py
fn=new_registrations
1322 23000
cfl=~
cfn=<built-in method builtins.next>
calls=94 0
1322 88400

fl=c:\Users\Pedro\faculdade\IniciacaoCientifica\grn\.env\Lib\site-packages\numba\core\typing\typeof.py
fn=typeof
27 3241900
cfl=<string>
cfn=<lambda>:1
calls=5915 1
27 2194200
cfl=C:\Users\Pedro\AppData\Local\Python\pythoncore-3.14-64\Lib\functools.py
cfn=wrapper
calls=5915 978
27 52334400
cfl=c:\Users\Pedro\faculdade\IniciacaoCientifica\grn\.env\Lib\site-packages\numba\core\errors.py
cfn=errmsg
calls=4 377
27 205700

fl=c:\Users\Pedro\faculdade\IniciacaoCientifica\grn\.env\Lib\site-packages\numba\core\typing\typeof.py
fn=typeof_impl
41 9300
cfl=<frozen importlib._bootstrap>
cfn=_handle_fromlist
calls=2 1401
41 1400
cfl=c:\Users\Pedro\faculdade\IniciacaoCientifica\grn\.env\Lib\site-packages\numba\core\typing\cffi_utils.py
cfn=is_ffi_instance
calls=2 29
41 2100
cfl=c:\Users\Pedro\faculdade\IniciacaoCientifica\grn\.env\Lib\site-packages\numba\core\typing\cffi_utils.py
cfn=is_cffi_func
calls=2 39
41 17800
cfl=c:\Users\Pedro\faculdade\IniciacaoCientifica\grn\.env\Lib\site-packages\numba\core\typing\typeof.py
cfn=_typeof_buffer
calls=2 66
41 8200
cfl=~
cfn=<built-in method builtins.getattr>
calls=2 0
41 5400

fl=c:\Users\Pedro\faculdade\IniciacaoCientifica\grn\.env\Lib\site-packages\numba\core\typing\typeof.py
fn=_typeof_buffer
66 6100
cfl=<frozen importlib._bootstrap>
cfn=_handle_fromlist
calls=2 1401
66 2100

fl=c:\Users\Pedro\faculdade\IniciacaoCientifica\grn\.env\Lib\site-packages\numba\core\typing\typeof.py
fn=_typeof_type
90 9100
cfl=<frozen importlib._bootstrap>
cfn=_handle_fromlist
calls=6 1401
90 46300
cfl=c:\Users\Pedro\faculdade\IniciacaoCientifica\grn\.env\Lib\site-packages\numba\typed\__init__.py
cfn=__getattr__
calls=6 11
90 24000
cfl=~
cfn=<built-in method builtins.issubclass>
calls=14 0
90 265000

fl=c:\Users\Pedro\faculdade\IniciacaoCientifica\grn\.env\Lib\site-packages\numba\core\typing\typeof.py
fn=_typeof_float
124 147000

fl=c:\Users\Pedro\faculdade\IniciacaoCientifica\grn\.env\Lib\site-packages\numba\core\typing\typeof.py
fn=_typeof_ndarray
246 4966800
cfl=c:\Users\Pedro\faculdade\IniciacaoCientifica\grn\.env\Lib\site-packages\numba\core\types\abstract.py
cfn=__call__
calls=3547 61
246 35285700
cfl=c:\Users\Pedro\faculdade\IniciacaoCientifica\grn\.env\Lib\site-packages\numba\np\numpy_support.py
cfn=from_dtype
calls=3547 85
246 1592800
cfl=c:\Users\Pedro\faculdade\IniciacaoCientifica\grn\.env\Lib\site-packages\numba\np\numpy_support.py
cfn=map_layout
calls=3547 221
246 866500
cfl=~
cfn=<built-in method builtins.isinstance>
calls=3547 0
246 321300

fl=c:\Users\Pedro\faculdade\IniciacaoCientifica\grn\.env\Lib\site-packages\numba\core\untyped_passes.py
fn=fallback_context
26 1500

fl=c:\Users\Pedro\faculdade\IniciacaoCientifica\grn\.env\Lib\site-packages\numba\core\untyped_passes.py
fn=__init__
56 1500
cfl=c:\Users\Pedro\faculdade\IniciacaoCientifica\grn\.env\Lib\site-packages\numba\core\compiler_machinery.py
cfn=__init__:35
calls=1 35
56 600

fl=c:\Users\Pedro\faculdade\IniciacaoCientifica\grn\.env\Lib\site-packages\numba\core\untyped_passes.py
fn=run_pass:59
59 5100
cfl=c:\Users\Pedro\faculdade\IniciacaoCientifica\grn\.env\Lib\site-packages\numba\core\bytecode.py
cfn=__init__:427
calls=1 427
59 761000

fl=c:\Users\Pedro\faculdade\IniciacaoCientifica\grn\.env\Lib\site-packages\numba\core\untyped_passes.py
fn=run_pass:79
79 9000
cfl=c:\Users\Pedro\faculdade\IniciacaoCientifica\grn\.env\Lib\site-packages\numba\core\interpreter.py
cfn=__init__:1348
calls=1 1348
79 5700
cfl=c:\Users\Pedro\faculdade\IniciacaoCientifica\grn\.env\Lib\site-packages\numba\core\interpreter.py
cfn=interpret
calls=1 1365
79 6413000

fl=c:\Users\Pedro\faculdade\IniciacaoCientifica\grn\.env\Lib\site-packages\numba\core\untyped_passes.py
fn=run_pass:98
98 1100
cfl=~
cfn=<built-in method builtins.len>
calls=1 0
98 100

fl=c:\Users\Pedro\faculdade\IniciacaoCientifica\grn\.env\Lib\site-packages\numba\core\untyped_passes.py
fn=run_pass:118
118 6300
cfl=c:\Users\Pedro\faculdade\IniciacaoCientifica\grn\.env\Lib\site-packages\numba\core\postproc.py
cfn=__init__:68
calls=1 68
118 200
cfl=c:\Users\Pedro\faculdade\IniciacaoCientifica\grn\.env\Lib\site-packages\numba\core\postproc.py
cfn=run
calls=1 71
118 1263500

fl=c:\Users\Pedro\faculdade\IniciacaoCientifica\grn\.env\Lib\site-packages\numba\core\untyped_passes.py
fn=run_pass:140
140 5800
cfl=C:\Users\Pedro\AppData\Local\Python\pythoncore-3.14-64\Lib\contextlib.py
cfn=__enter__:136
calls=1 136
140 2200
cfl=C:\Users\Pedro\AppData\Local\Python\pythoncore-3.14-64\Lib\contextlib.py
cfn=__exit__:145
calls=1 145
140 1200
cfl=C:\Users\Pedro\AppData\Local\Python\pythoncore-3.14-64\Lib\contextlib.py
cfn=helper
calls=1 303
140 1200
cfl=c:\Users\Pedro\faculdade\IniciacaoCientifica\grn\.env\Lib\site-packages\numba\core\analysis.py
cfn=rewrite_semantic_constants
calls=1 593
140 127000
cfl=c:\Users\Pedro\faculdade\IniciacaoCientifica\grn\.env\Lib\site-packages\numba\core\compiler.py
cfn=__getattr__
calls=4 355
140 400

fl=c:\Users\Pedro\faculdade\IniciacaoCientifica\grn\.env\Lib\site-packages\numba\core\untyped_passes.py
fn=run_pass:162
162 24300
cfl=C:\Users\Pedro\AppData\Local\Python\pythoncore-3.14-64\Lib\contextlib.py
cfn=__enter__:136
calls=3 136
162 2300
cfl=C:\Users\Pedro\AppData\Local\Python\pythoncore-3.14-64\Lib\contextlib.py
cfn=__exit__:145
calls=3 145
162 3700
cfl=C:\Users\Pedro\AppData\Local\Python\pythoncore-3.14-64\Lib\contextlib.py
cfn=helper
calls=3 303
162 3100
cfl=c:\Users\Pedro\faculdade\IniciacaoCientifica\grn\.env\Lib\site-packages\numba\core\analysis.py
cfn=dead_branch_prune
calls=3 300
162 229900
cfl=c:\Users\Pedro\faculdade\IniciacaoCientifica\grn\.env\Lib\site-packages\numba\core\compiler.py
cfn=__getattr__
calls=12 355
162 900
cfl=c:\Users\Pedro\faculdade\IniciacaoCientifica\grn\.env\Lib\site-packages\numba\core\compiler_machinery.py
cfn=get_analysis
calls=3 102
162 1100

fl=c:\Users\Pedro\faculdade\IniciacaoCientifica\grn\.env\Lib\site-packages\numba\core\untyped_passes.py
fn=get_analysis_usage:181
181 1900
cfl=c:\Users\Pedro\faculdade\IniciacaoCientifica\grn\.env\Lib\site-packages\numba\core\compiler_machinery.py
cfn=add_required
calls=6 148
181 2000

fl=c:\Users\Pedro\faculdade\IniciacaoCientifica\grn\.env\Lib\site-packages\numba\core\untyped_passes.py
fn=run_pass:192
192 17600
cfl=c:\Users\Pedro\faculdade\IniciacaoCientifica\grn\.env\Lib\site-packages\numba\core\compiler.py
cfn=__getattr__
calls=7 355
192 900
cfl=c:\Users\Pedro\faculdade\IniciacaoCientifica\grn\.env\Lib\site-packages\numba\core\inline_closurecall.py
cfn=__init__:81
calls=1 81
192 300
cfl=c:\Users\Pedro\faculdade\IniciacaoCientifica\grn\.env\Lib\site-packages\numba\core\inline_closurecall.py
cfn=run
calls=1 90
192 2720200
cfl=c:\Users\Pedro\faculdade\IniciacaoCientifica\grn\.env\Lib\site-packages\numba\core\ir_utils.py
cfn=fixup_var_define_in_scope
calls=1 2233
192 691200
cfl=c:\Users\Pedro\faculdade\IniciacaoCientifica\grn\.env\Lib\site-packages\numba\core\postproc.py
cfn=__init__:68
calls=1 68
192 200
cfl=c:\Users\Pedro\faculdade\IniciacaoCientifica\grn\.env\Lib\site-packages\numba\core\postproc.py
cfn=run
calls=1 71
192 1172500
cfl=c:\Users\Pedro\faculdade\IniciacaoCientifica\grn\.env\Lib\site-packages\numba\core\targetconfig.py
cfn=getter
calls=1 111
192 500
cfl=~
cfn=<built-in method builtins.isinstance>
calls=1 0
192 1900

fl=c:\Users\Pedro\faculdade\IniciacaoCientifica\grn\.env\Lib\site-packages\numba\core\untyped_passes.py
fn=run_pass:224
224 7000
cfl=C:\Users\Pedro\AppData\Local\Python\pythoncore-3.14-64\Lib\contextlib.py
cfn=__enter__:136
calls=1 136
224 700
cfl=C:\Users\Pedro\AppData\Local\Python\pythoncore-3.14-64\Lib\contextlib.py
cfn=__exit__:145
calls=1 145
224 2700
cfl=C:\Users\Pedro\AppData\Local\Python\pythoncore-3.14-64\Lib\contextlib.py
cfn=helper
calls=1 303
224 1000
cfl=c:\Users\Pedro\faculdade\IniciacaoCientifica\grn\.env\Lib\site-packages\numba\core\compiler.py
cfn=__getattr__
calls=2 355
224 300
cfl=c:\Users\Pedro\faculdade\IniciacaoCientifica\grn\.env\Lib\site-packages\numba\core\rewrites\registry.py
cfn=apply
calls=1 54
224 5082600

fl=c:\Users\Pedro\faculdade\IniciacaoCientifica\grn\.env\Lib\site-packages\numba\core\untyped_passes.py
fn=run_pass:245
245 4900
cfl=c:\Users\Pedro\faculdade\IniciacaoCientifica\grn\.env\Lib\site-packages\numba\core\compiler.py
cfn=__getattr__
calls=5 355
245 600
cfl=c:\Users\Pedro\faculdade\IniciacaoCientifica\grn\.env\Lib\site-packages\numba\core\transforms.py
cfn=with_lifting
calls=1 370
245 127900

fl=c:\Users\Pedro\faculdade\IniciacaoCientifica\grn\.env\Lib\site-packages\numba\core\untyped_passes.py
fn=run_pass:284
284 39000
cfl=c:\Users\Pedro\faculdade\IniciacaoCientifica\grn\.env\Lib\site-packages\numba\core\compiler.py
cfn=__getattr__
calls=6 355
284 800
cfl=c:\Users\Pedro\faculdade\IniciacaoCientifica\grn\.env\Lib\site-packages\numba\core\inline_closurecall.py
cfn=__init__:312
calls=1 312
284 8300
cfl=c:\Users\Pedro\faculdade\IniciacaoCientifica\grn\.env\Lib\site-packages\numba\core\ir_utils.py
cfn=guard
calls=11 1459
284 107200
cfl=~
cfn=<built-in method builtins.isinstance>
calls=171 0
284 11600
cfl=~
cfn=<method 'items' of 'dict' objects>
calls=1 0
284 200
cfl=~
cfn=<method 'pop' of 'list' objects>
calls=4 0
284 1000

fl=c:\Users\Pedro\faculdade\IniciacaoCientifica\grn\.env\Lib\site-packages\numba\core\untyped_passes.py
fn=_do_work
332 28300
cfl=c:\Users\Pedro\faculdade\IniciacaoCientifica\grn\.env\Lib\site-packages\numba\core\compiler.py
cfn=__getattr__
calls=20 355
332 1800
cfl=c:\Users\Pedro\faculdade\IniciacaoCientifica\grn\.env\Lib\site-packages\numba\core\ir.py
cfn=__getattr__
calls=11 387
332 3900
cfl=c:\Users\Pedro\faculdade\IniciacaoCientifica\grn\.env\Lib\site-packages\numba\core\ir.py
cfn=get_definition
calls=11 1553
332 11900
cfl=c:\Users\Pedro\faculdade\IniciacaoCientifica\grn\.env\Lib\site-packages\numba\core\ir_utils.py
cfn=resolve_func_from_module
calls=9 2092
332 46800
cfl=~
cfn=<built-in method builtins.getattr>
calls=34 0
332 4700
cfl=~
cfn=<method 'get' of 'dict' objects>
calls=5 0
332 800

fl=c:\Users\Pedro\faculdade\IniciacaoCientifica\grn\.env\Lib\site-packages\numba\core\untyped_passes.py
fn=run_pass:425
425 3900
cfl=c:\Users\Pedro\faculdade\IniciacaoCientifica\grn\.env\Lib\site-packages\numba\core\analysis.py
cfn=find_literally_calls
calls=1 664
425 120600
cfl=c:\Users\Pedro\faculdade\IniciacaoCientifica\grn\.env\Lib\site-packages\numba\core\compiler.py
cfn=__getattr__
calls=2 355
425 300

fl=c:\Users\Pedro\faculdade\IniciacaoCientifica\grn\.env\Lib\site-packages\numba\core\untyped_passes.py
fn=run_pass:571
571 23700
cfl=<frozen importlib._bootstrap>
cfn=_handle_fromlist
calls=1 1401
571 1400
cfl=c:\Users\Pedro\faculdade\IniciacaoCientifica\grn\.env\Lib\site-packages\numba\core\compiler.py
cfn=__getattr__
calls=1 355
571 100
cfl=~
cfn=<built-in method builtins.isinstance>
calls=171 0
571 10800
cfl=~
cfn=<method 'items' of 'dict' objects>
calls=1 0
571 100

fl=c:\Users\Pedro\faculdade\IniciacaoCientifica\grn\.env\Lib\site-packages\numba\core\untyped_passes.py
fn=run_pass:1639
1639 20800
cfl=c:\Users\Pedro\faculdade\IniciacaoCientifica\grn\.env\Lib\site-packages\numba\core\compiler.py
cfn=__getattr__
calls=1 355
1639 100
cfl=c:\Users\Pedro\faculdade\IniciacaoCientifica\grn\.env\Lib\site-packages\numba\core\ir.py
cfn=find_insts
calls=87 1293
1639 17200
cfl=~
cfn=<built-in method builtins.isinstance>
calls=83 0
1639 8700
cfl=~
cfn=<method 'values' of 'dict' objects>
calls=1 0
1639 200

fl=c:\Users\Pedro\faculdade\IniciacaoCientifica\grn\.env\Lib\site-packages\numba\core\untyped_passes.py
fn=get_analysis_usage:1673
1673 600
cfl=c:\Users\Pedro\faculdade\IniciacaoCientifica\grn\.env\Lib\site-packages\numba\core\compiler_machinery.py
cfn=add_required
calls=2 148
1673 700

fl=c:\Users\Pedro\faculdade\IniciacaoCientifica\grn\.env\Lib\site-packages\numba\core\untyped_passes.py
fn=run_pass:1685
1685 21800
cfl=c:\Users\Pedro\faculdade\IniciacaoCientifica\grn\.env\Lib\site-packages\numba\core\compiler.py
cfn=__getattr__
calls=1 355
1685 100
cfl=c:\Users\Pedro\faculdade\IniciacaoCientifica\grn\.env\Lib\site-packages\numba\core\ir.py
cfn=find_insts
calls=87 1293
1685 16200
cfl=~
cfn=<built-in method builtins.isinstance>
calls=83 0
1685 7700
cfl=~
cfn=<method 'values' of 'dict' objects>
calls=1 0
1685 100

fl=c:\Users\Pedro\faculdade\IniciacaoCientifica\grn\.env\Lib\site-packages\numba\core\untyped_passes.py
fn=run_pass:1755
1755 11800
cfl=c:\Users\Pedro\faculdade\IniciacaoCientifica\grn\.env\Lib\site-packages\numba\core\compiler.py
cfn=__getattr__
calls=4 355
1755 400
cfl=c:\Users\Pedro\faculdade\IniciacaoCientifica\grn\.env\Lib\site-packages\numba\core\compiler.py
cfn=__setattr__
calls=1 361
1755 200
cfl=c:\Users\Pedro\faculdade\IniciacaoCientifica\grn\.env\Lib\site-packages\numba\core\ir_utils.py
cfn=build_definitions
calls=1 1480
1755 68200
cfl=c:\Users\Pedro\faculdade\IniciacaoCientifica\grn\.env\Lib\site-packages\numba\core\postproc.py
cfn=__init__:68
calls=1 68
1755 200
cfl=c:\Users\Pedro\faculdade\IniciacaoCientifica\grn\.env\Lib\site-packages\numba\core\postproc.py
cfn=run
calls=1 71
1755 1215500
cfl=c:\Users\Pedro\faculdade\IniciacaoCientifica\grn\.env\Lib\site-packages\numba\core\ssa.py
cfn=reconstruct_ssa
calls=1 26
1755 1004900
cfl=c:\Users\Pedro\faculdade\IniciacaoCientifica\grn\.env\Lib\site-packages\numba\core\untyped_passes.py
cfn=_patch_locals
calls=1 1774
1755 3500

fl=c:\Users\Pedro\faculdade\IniciacaoCientifica\grn\.env\Lib\site-packages\numba\core\untyped_passes.py
fn=_patch_locals
1774 2900
cfl=c:\Users\Pedro\faculdade\IniciacaoCientifica\grn\.env\Lib\site-packages\numba\core\compiler.py
cfn=__getattr__
calls=1 355
1774 100
cfl=~
cfn=<method 'get' of 'dict' objects>
calls=1 0
1774 300
cfl=~
cfn=<method 'items' of 'dict' objects>
calls=1 0
1774 100
cfl=~
cfn=<method 'values' of 'dict' objects>
calls=1 0
1774 100

fl=c:\Users\Pedro\faculdade\IniciacaoCientifica\grn\.env\Lib\site-packages\numba\core\untyped_passes.py
fn=run_pass:1798
1798 2800
cfl=c:\Users\Pedro\faculdade\IniciacaoCientifica\grn\.env\Lib\site-packages\numba\core\compiler.py
cfn=__getattr__
calls=1 355
1798 100
cfl=c:\Users\Pedro\faculdade\IniciacaoCientifica\grn\.env\Lib\site-packages\numba\core\ir.py
cfn=find_insts
calls=4 1293
1798 14100
cfl=~
cfn=<method 'values' of 'dict' objects>
calls=1 0
1798 200

fl=c:\Users\Pedro\faculdade\IniciacaoCientifica\grn\.env\Lib\site-packages\numba\core\utils.py
fn=erase_traceback
35 6500
cfl=C:\Users\Pedro\AppData\Local\Python\pythoncore-3.14-64\Lib\traceback.py
cfn=clear_frames
calls=4 267
35 8200
cfl=~
cfn=<method 'with_traceback' of 'BaseException' objects>
calls=4 0
35 1000

fl=c:\Users\Pedro\faculdade\IniciacaoCientifica\grn\.env\Lib\site-packages\numba\core\utils.py
fn=__init__:210
210 3700
cfl=~
cfn=<built-in method builtins.getattr>
calls=5 0
210 2400

fl=c:\Users\Pedro\faculdade\IniciacaoCientifica\grn\.env\Lib\site-packages\numba\core\utils.py
fn=push
223 300
cfl=~
cfn=<method 'append' of 'list' objects>
calls=1 0
223 300

fl=c:\Users\Pedro\faculdade\IniciacaoCientifica\grn\.env\Lib\site-packages\numba\core\utils.py
fn=pop
228 500
cfl=~
cfn=<method 'pop' of 'list' objects>
calls=1 0
228 200

fl=c:\Users\Pedro\faculdade\IniciacaoCientifica\grn\.env\Lib\site-packages\numba\core\utils.py
fn=__len__
241 1100
cfl=~
cfn=<built-in method builtins.len>
calls=4 0
241 500

fl=c:\Users\Pedro\faculdade\IniciacaoCientifica\grn\.env\Lib\site-packages\numba\core\utils.py
fn=enter
244 2600
cfl=c:\Users\Pedro\faculdade\IniciacaoCientifica\grn\.env\Lib\site-packages\numba\core\utils.py
cfn=push
calls=1 223
244 600
cfl=c:\Users\Pedro\faculdade\IniciacaoCientifica\grn\.env\Lib\site-packages\numba\core\utils.py
cfn=pop
calls=1 228
244 700

fl=c:\Users\Pedro\faculdade\IniciacaoCientifica\grn\.env\Lib\site-packages\numba\core\utils.py
fn=__init__:350
350 1100
cfl=~
cfn=<built-in method fromkeys>
calls=1 0
350 600

fl=c:\Users\Pedro\faculdade\IniciacaoCientifica\grn\.env\Lib\site-packages\numba\core\utils.py
fn=__contains__
354 5500

fl=c:\Users\Pedro\faculdade\IniciacaoCientifica\grn\.env\Lib\site-packages\numba\core\utils.py
fn=__iter__
357 500
cfl=~
cfn=<built-in method builtins.iter>
calls=1 0
357 200

fl=c:\Users\Pedro\faculdade\IniciacaoCientifica\grn\.env\Lib\site-packages\numba\core\utils.py
fn=__setitem__
445 9800

fl=c:\Users\Pedro\faculdade\IniciacaoCientifica\grn\.env\Lib\site-packages\numba\core\utils.py
fn=stream_list
475 38700
cfl=c:\Users\Pedro\faculdade\IniciacaoCientifica\grn\.env\Lib\site-packages\numba\core\utils.py
cfn=sublist_iterator
calls=94 484
475 26500
cfl=~
cfn=<built-in method builtins.len>
calls=94 0
475 6600

fl=c:\Users\Pedro\faculdade\IniciacaoCientifica\grn\.env\Lib\site-packages\numba\core\utils.py
fn=sublist_iterator
484 19500
cfl=~
cfn=<built-in method builtins.iter>
calls=94 0
484 7000

fl=c:\Users\Pedro\faculdade\IniciacaoCientifica\grn\.env\Lib\site-packages\numba\core\utils.py
fn=__init__:767
767 7600

fl=c:\Users\Pedro\faculdade\IniciacaoCientifica\grn\.env\Lib\site-packages\numba\experimental\jitclass\boxing.py
fn=_typeof_jitclass_box
273 347600
cfl=~
cfn=<built-in method builtins.getattr>
calls=1182 0
273 128900

fl=c:\Users\Pedro\faculdade\IniciacaoCientifica\grn\.env\Lib\site-packages\numba\np\numpy_support.py
fn=from_dtype
85 1185000
cfl=~
cfn=<built-in method builtins.getattr>
calls=3547 0
85 407800

fl=c:\Users\Pedro\faculdade\IniciacaoCientifica\grn\.env\Lib\site-packages\numba\np\numpy_support.py
fn=map_layout
221 866500

fl=c:\Users\Pedro\faculdade\IniciacaoCientifica\grn\.env\Lib\site-packages\numba\parfors\parfor.py
fn=__init__
797 2700
cfl=c:\Users\Pedro\faculdade\IniciacaoCientifica\grn\.env\Lib\site-packages\numba\parfors\parfor.py
cfn=has_setup
calls=1 829
797 100

fl=c:\Users\Pedro\faculdade\IniciacaoCientifica\grn\.env\Lib\site-packages\numba\parfors\parfor.py
fn=has_setup
829 100

fl=c:\Users\Pedro\faculdade\IniciacaoCientifica\grn\.env\Lib\site-packages\numba\typed\__init__.py
fn=__getattr__
11 7700
cfl=C:\Users\Pedro\AppData\Local\Python\pythoncore-3.14-64\Lib\importlib\__init__.py
cfn=import_module
calls=12 71
11 53000
cfl=~
cfn=<built-in method builtins.getattr>
calls=12 0
11 1700

fl=c:\Users\Pedro\faculdade\IniciacaoCientifica\grn\.env\Lib\site-packages\numpy\__init__.py
fn=__getattr__
717 20900

fl=c:\Users\Pedro\faculdade\IniciacaoCientifica\grn\.env\Lib\site-packages\numpy\_core\_asarray.py
fn=require
22 13600
cfl=~
cfn=<built-in method numpy.array>
calls=6 0
22 6000
cfl=~
cfn=<method 'upper' of 'str' objects>
calls=6 0
22 1100

fl=c:\Users\Pedro\faculdade\IniciacaoCientifica\grn\.env\Lib\site-packages\numpy\_core\_internal.py
fn=npy_ctypes_check
946 8400

fl=c:\Users\Pedro\faculdade\IniciacaoCientifica\grn\.env\Lib\site-packages\numpy\_core\_methods.py
fn=_any
55 1300
cfl=~
cfn=<method 'reduce' of 'numpy.ufunc' objects>
calls=4 0
55 5000

fl=c:\Users\Pedro\faculdade\IniciacaoCientifica\grn\.env\Lib\site-packages\numpy\_core\_methods.py
fn=_all
64 229000
cfl=~
cfn=<method 'reduce' of 'numpy.ufunc' objects>
calls=593 0
64 1002000

fl=c:\Users\Pedro\faculdade\IniciacaoCientifica\grn\.env\Lib\site-packages\numpy\_core\_methods.py
fn=_count_reduce_items
73 6400
cfl=~
cfn=<built-in method numpy.lib.array_utils.normalize_axis_index>
calls=2 0
73 300

fl=c:\Users\Pedro\faculdade\IniciacaoCientifica\grn\.env\Lib\site-packages\numpy\_core\_methods.py
fn=_clip
96 7000

fl=c:\Users\Pedro\faculdade\IniciacaoCientifica\grn\.env\Lib\site-packages\numpy\_core\_methods.py
fn=_mean
115 3300
cfl=c:\Users\Pedro\faculdade\IniciacaoCientifica\grn\.env\Lib\site-packages\numpy\_core\_methods.py
cfn=_count_reduce_items
calls=1 73
115 2400
cfl=~
cfn=<built-in method builtins.hasattr>
calls=1 0
115 100
cfl=~
cfn=<built-in method builtins.isinstance>
calls=1 0
115 100
cfl=~
cfn=<built-in method builtins.issubclass>
calls=2 0
115 200
cfl=~
cfn=<built-in method numpy.asanyarray>
calls=1 0
115 100
cfl=~
cfn=<method 'reduce' of 'numpy.ufunc' objects>
calls=1 0
115 1200

fl=c:\Users\Pedro\faculdade\IniciacaoCientifica\grn\.env\Lib\site-packages\numpy\_core\_methods.py
fn=_var
148 23900
cfl=c:\Users\Pedro\faculdade\IniciacaoCientifica\grn\.env\Lib\site-packages\numpy\_core\_methods.py
cfn=_count_reduce_items
calls=1 73
148 4300
cfl=~
cfn=<built-in method builtins.hasattr>
calls=1 0
148 600
cfl=~
cfn=<built-in method builtins.isinstance>
calls=2 0
148 500
cfl=~
cfn=<built-in method builtins.issubclass>
calls=2 0
148 500
cfl=~
cfn=<built-in method numpy.asanyarray>
calls=1 0
148 100
cfl=~
cfn=<method 'reduce' of 'numpy.ufunc' objects>
calls=2 0
148 3400

fl=c:\Users\Pedro\faculdade\IniciacaoCientifica\grn\.env\Lib\site-packages\numpy\_core\_methods.py
fn=_std
217 7100
cfl=c:\Users\Pedro\faculdade\IniciacaoCientifica\grn\.env\Lib\site-packages\numpy\_core\_methods.py
cfn=_var
calls=1 148
217 33300
cfl=~
cfn=<built-in method builtins.hasattr>
calls=1 0
217 200
cfl=~
cfn=<built-in method builtins.isinstance>
calls=1 0
217 200

fl=c:\Users\Pedro\faculdade\IniciacaoCientifica\grn\.env\Lib\site-packages\numpy\_core\_ufunc_config.py
fn=__init__
462 400

fl=c:\Users\Pedro\faculdade\IniciacaoCientifica\grn\.env\Lib\site-packages\numpy\_core\_ufunc_config.py
fn=__enter__
472 3100
cfl=~
cfn=<built-in method numpy._core._multiarray_umath._make_extobj>
calls=1 0
472 800
cfl=~
cfn=<method 'set' of '_contextvars.ContextVar' objects>
calls=1 0
472 2000

fl=c:\Users\Pedro\faculdade\IniciacaoCientifica\grn\.env\Lib\site-packages\numpy\_core\_ufunc_config.py
fn=__exit__
488 1200
cfl=~
cfn=<method 'reset' of '_contextvars.ContextVar' objects>
calls=1 0
488 1500

fl=c:\Users\Pedro\faculdade\IniciacaoCientifica\grn\.env\Lib\site-packages\numpy\_core\_ufunc_config.py
fn=inner
496 51800
cfl=~
cfn=<built-in method numpy._core._multiarray_umath._make_extobj>
calls=1 0
496 500
cfl=~
cfn=<method 'reset' of '_contextvars.ContextVar' objects>
calls=1 0
496 500
cfl=~
cfn=<method 'set' of '_contextvars.ContextVar' objects>
calls=1 0
496 400

fl=c:\Users\Pedro\faculdade\IniciacaoCientifica\grn\.env\Lib\site-packages\numpy\_core\einsumfunc.py
fn=_einsum_dispatcher
1236 1300

fl=c:\Users\Pedro\faculdade\IniciacaoCientifica\grn\.env\Lib\site-packages\numpy\_core\einsumfunc.py
fn=einsum
1244 1800
cfl=~
cfn=<built-in method numpy._core._multiarray_umath.c_einsum>
calls=1 0
1244 7000

fl=c:\Users\Pedro\faculdade\IniciacaoCientifica\grn\.env\Lib\site-packages\numpy\_core\fromnumeric.py
fn=_wrapit
38 20300
cfl=~
cfn=<built-in method builtins.getattr>
calls=2 0
38 800
cfl=~
cfn=<method 'as_arrays' of 'numpy._core._multiarray_umath._array_converter' objects>
calls=2 0
38 1100
cfl=~
cfn=<method 'squeeze' of 'numpy.ndarray' objects>
calls=2 0
38 1200
cfl=~
cfn=<method 'wrap' of 'numpy._core._multiarray_umath._array_converter' objects>
calls=2 0
38 700

fl=c:\Users\Pedro\faculdade\IniciacaoCientifica\grn\.env\Lib\site-packages\numpy\_core\fromnumeric.py
fn=_wrapfunc
48 3500
cfl=~
cfn=<built-in method builtins.getattr>
calls=3 0
48 1000
cfl=~
cfn=<method 'argmin' of 'numpy.ndarray' objects>
calls=2 0
48 9700
cfl=~
cfn=<method 'clip' of 'numpy.ndarray' objects>
calls=1 0
48 13000

fl=c:\Users\Pedro\faculdade\IniciacaoCientifica\grn\.env\Lib\site-packages\numpy\_core\fromnumeric.py
fn=_wrapreduction
66 6100
cfl=~
cfn=<built-in method builtins.getattr>
calls=2 0
66 2700
cfl=~
cfn=<method 'items' of 'dict' objects>
calls=2 0
66 400
cfl=~
cfn=<method 'reduce' of 'numpy.ufunc' objects>
calls=2 0
66 6000

fl=c:\Users\Pedro\faculdade\IniciacaoCientifica\grn\.env\Lib\site-packages\numpy\_core\fromnumeric.py
fn=_wrapreduction_any_all
86 29200
cfl=~
cfn=<built-in method builtins.getattr>
calls=7 0
86 5800
cfl=~
cfn=<method 'all' of 'numpy.generic' objects>
calls=1 0
86 19700
cfl=~
cfn=<method 'any' of 'numpy.generic' objects>
calls=2 0
86 6200
cfl=~
cfn=<method 'items' of 'dict' objects>
calls=15 0
86 2300
cfl=~
cfn=<method 'reduce' of 'numpy.ufunc' objects>
calls=12 0
86 28200

fl=c:\Users\Pedro\faculdade\IniciacaoCientifica\grn\.env\Lib\site-packages\numpy\_core\fromnumeric.py
fn=_argmin_dispatcher
1317 200

fl=c:\Users\Pedro\faculdade\IniciacaoCientifica\grn\.env\Lib\site-packages\numpy\_core\fromnumeric.py
fn=argmin
1321 4200
cfl=c:\Users\Pedro\faculdade\IniciacaoCientifica\grn\.env\Lib\site-packages\numpy\_core\fromnumeric.py
cfn=_wrapfunc
calls=2 48
1321 12400

fl=c:\Users\Pedro\faculdade\IniciacaoCientifica\grn\.env\Lib\site-packages\numpy\_core\fromnumeric.py
fn=_squeeze_dispatcher
1592 200

fl=c:\Users\Pedro\faculdade\IniciacaoCientifica\grn\.env\Lib\site-packages\numpy\_core\fromnumeric.py
fn=squeeze
1596 6100
cfl=c:\Users\Pedro\faculdade\IniciacaoCientifica\grn\.env\Lib\site-packages\numpy\_core\fromnumeric.py
cfn=_wrapit
calls=2 38
1596 24100

fl=c:\Users\Pedro\faculdade\IniciacaoCientifica\grn\.env\Lib\site-packages\numpy\_core\fromnumeric.py
fn=_ravel_dispatcher
1875 200

fl=c:\Users\Pedro\faculdade\IniciacaoCientifica\grn\.env\Lib\site-packages\numpy\_core\fromnumeric.py
fn=ravel
1879 1600
cfl=~
cfn=<built-in method builtins.isinstance>
calls=1 0
1879 100
cfl=~
cfn=<built-in method numpy.asanyarray>
calls=1 0
1879 100
cfl=~
cfn=<method 'ravel' of 'numpy.ndarray' objects>
calls=1 0
1879 600

fl=c:\Users\Pedro\faculdade\IniciacaoCientifica\grn\.env\Lib\site-packages\numpy\_core\fromnumeric.py
fn=_shape_dispatcher
2080 1000

fl=c:\Users\Pedro\faculdade\IniciacaoCientifica\grn\.env\Lib\site-packages\numpy\_core\fromnumeric.py
fn=shape
2084 2500

fl=c:\Users\Pedro\faculdade\IniciacaoCientifica\grn\.env\Lib\site-packages\numpy\_core\fromnumeric.py
fn=_clip_dispatcher
2202 400

fl=c:\Users\Pedro\faculdade\IniciacaoCientifica\grn\.env\Lib\site-packages\numpy\_core\fromnumeric.py
fn=clip
2207 1400
cfl=c:\Users\Pedro\faculdade\IniciacaoCientifica\grn\.env\Lib\site-packages\numpy\_core\fromnumeric.py
cfn=_wrapfunc
calls=1 48
2207 14800

fl=c:\Users\Pedro\faculdade\IniciacaoCientifica\grn\.env\Lib\site-packages\numpy\_core\fromnumeric.py
fn=_sum_dispatcher
2299 100

fl=c:\Users\Pedro\faculdade\IniciacaoCientifica\grn\.env\Lib\site-packages\numpy\_core\fromnumeric.py
fn=sum
2304 3200
cfl=c:\Users\Pedro\faculdade\IniciacaoCientifica\grn\.env\Lib\site-packages\numpy\_core\fromnumeric.py
cfn=_wrapreduction
calls=1 66
2304 8200
cfl=~
cfn=<built-in method builtins.isinstance>
calls=1 0
2304 300

fl=c:\Users\Pedro\faculdade\IniciacaoCientifica\grn\.env\Lib\site-packages\numpy\_core\fromnumeric.py
fn=_any_dispatcher
2431 1300

fl=c:\Users\Pedro\faculdade\IniciacaoCientifica\grn\.env\Lib\site-packages\numpy\_core\fromnumeric.py
fn=any
2436 6900
cfl=c:\Users\Pedro\faculdade\IniciacaoCientifica\grn\.env\Lib\site-packages\numpy\_core\fromnumeric.py
cfn=_wrapreduction_any_all
calls=8 86
2436 42100

fl=c:\Users\Pedro\faculdade\IniciacaoCientifica\grn\.env\Lib\site-packages\numpy\_core\fromnumeric.py
fn=_all_dispatcher
2543 1200

fl=c:\Users\Pedro\faculdade\IniciacaoCientifica\grn\.env\Lib\site-packages\numpy\_core\fromnumeric.py
fn=all
2548 8900
cfl=c:\Users\Pedro\faculdade\IniciacaoCientifica\grn\.env\Lib\site-packages\numpy\_core\fromnumeric.py
cfn=_wrapreduction_any_all
calls=7 86
2548 49300

fl=c:\Users\Pedro\faculdade\IniciacaoCientifica\grn\.env\Lib\site-packages\numpy\_core\fromnumeric.py
fn=_prod_dispatcher
3282 200

fl=c:\Users\Pedro\faculdade\IniciacaoCientifica\grn\.env\Lib\site-packages\numpy\_core\fromnumeric.py
fn=prod
3287 2100
cfl=c:\Users\Pedro\faculdade\IniciacaoCientifica\grn\.env\Lib\site-packages\numpy\_core\fromnumeric.py
cfn=_wrapreduction
calls=1 66
3287 7000

fl=c:\Users\Pedro\faculdade\IniciacaoCientifica\grn\.env\Lib\site-packages\numpy\_core\fromnumeric.py
fn=_ndim_dispatcher
3478 400

fl=c:\Users\Pedro\faculdade\IniciacaoCientifica\grn\.env\Lib\site-packages\numpy\_core\fromnumeric.py
fn=ndim
3482 3200
cfl=~
cfn=<built-in method numpy.asarray>
calls=2 0
3482 800

fl=c:\Users\Pedro\faculdade\IniciacaoCientifica\grn\.env\Lib\site-packages\numpy\_core\fromnumeric.py
fn=_size_dispatcher
3521 600

fl=c:\Users\Pedro\faculdade\IniciacaoCientifica\grn\.env\Lib\site-packages\numpy\_core\fromnumeric.py
fn=size
3525 31300
cfl=<frozen importlib._bootstrap>
cfn=parent
calls=6 648
3525 6900
cfl=c:\Users\Pedro\faculdade\IniciacaoCientifica\grn\.env\Lib\site-packages\numpy\_core\fromnumeric.py
cfn=_shape_dispatcher
calls=6 2080
3525 1000
cfl=c:\Users\Pedro\faculdade\IniciacaoCientifica\grn\.env\Lib\site-packages\numpy\_core\fromnumeric.py
cfn=shape
calls=6 2084
3525 2500
cfl=c:\Users\Pedro\faculdade\IniciacaoCientifica\grn\.env\Lib\site-packages\numpy\_core\numeric.py
cfn=normalize_axis_tuple
calls=6 1431
3525 29700
cfl=~
cfn=<built-in method builtins.len>
calls=6 0
3525 800
cfl=~
cfn=<built-in method math.prod>
calls=6 0
3525 8000

fl=c:\Users\Pedro\faculdade\IniciacaoCientifica\grn\.env\Lib\site-packages\numpy\_core\fromnumeric.py
fn=<genexpr>
3575 2100

fl=c:\Users\Pedro\faculdade\IniciacaoCientifica\grn\.env\Lib\site-packages\numpy\_core\fromnumeric.py
fn=_mean_dispatcher
3694 100

fl=c:\Users\Pedro\faculdade\IniciacaoCientifica\grn\.env\Lib\site-packages\numpy\_core\fromnumeric.py
fn=mean
3699 4300
cfl=c:\Users\Pedro\faculdade\IniciacaoCientifica\grn\.env\Lib\site-packages\numpy\_core\_methods.py
cfn=_mean
calls=1 115
3699 7400

fl=c:\Users\Pedro\faculdade\IniciacaoCientifica\grn\.env\Lib\site-packages\numpy\_core\fromnumeric.py
fn=_std_dispatcher
3828 300

fl=c:\Users\Pedro\faculdade\IniciacaoCientifica\grn\.env\Lib\site-packages\numpy\_core\fromnumeric.py
fn=std
3833 3700
cfl=c:\Users\Pedro\faculdade\IniciacaoCientifica\grn\.env\Lib\site-packages\numpy\_core\_methods.py
cfn=_std
calls=1 217
3833 40800

fl=c:\Users\Pedro\faculdade\IniciacaoCientifica\grn\.env\Lib\site-packages\numpy\_core\function_base.py
fn=_linspace_dispatcher
22 300

fl=c:\Users\Pedro\faculdade\IniciacaoCientifica\grn\.env\Lib\site-packages\numpy\_core\function_base.py
fn=linspace
27 24000
cfl=c:\Users\Pedro\faculdade\IniciacaoCientifica\grn\.env\Lib\site-packages\numpy\_core\fromnumeric.py
cfn=_ndim_dispatcher
calls=1 3478
27 200
cfl=c:\Users\Pedro\faculdade\IniciacaoCientifica\grn\.env\Lib\site-packages\numpy\_core\fromnumeric.py
cfn=ndim
calls=1 3482
27 700
cfl=c:\Users\Pedro\faculdade\IniciacaoCientifica\grn\.env\Lib\site-packages\numpy\_core\numeric.py
cfn=isscalar
calls=1 1975
27 1000
cfl=~
cfn=<built-in method _operator.index>
calls=1 0
27 500
cfl=~
cfn=<built-in method numpy.arange>
calls=1 0
27 3600
cfl=~
cfn=<method 'as_arrays' of 'numpy._core._multiarray_umath._array_converter' objects>
calls=1 0
27 600
cfl=~
cfn=<method 'astype' of 'numpy.ndarray' objects>
calls=1 0
27 1100
cfl=~
cfn=<method 'reshape' of 'numpy.ndarray' objects>
calls=1 0
27 1700
cfl=~
cfn=<method 'result_type' of 'numpy._core._multiarray_umath._array_converter' objects>
calls=1 0
27 900
cfl=~
cfn=<method 'wrap' of 'numpy._core._multiarray_umath._array_converter' objects>
calls=1 0
27 500

fl=c:\Users\Pedro\faculdade\IniciacaoCientifica\grn\.env\Lib\site-packages\numpy\_core\getlimits.py
fn=__new__
178 2400
cfl=~
cfn=<method 'get' of 'dict' objects>
calls=4 0
178 1100

fl=c:\Users\Pedro\faculdade\IniciacaoCientifica\grn\.env\Lib\site-packages\numpy\_core\multiarray.py
fn=empty_like
115 100

fl=c:\Users\Pedro\faculdade\IniciacaoCientifica\grn\.env\Lib\site-packages\numpy\_core\multiarray.py
fn=concatenate
197 900

fl=c:\Users\Pedro\faculdade\IniciacaoCientifica\grn\.env\Lib\site-packages\numpy\_core\multiarray.py
fn=where
403 800

fl=c:\Users\Pedro\faculdade\IniciacaoCientifica\grn\.env\Lib\site-packages\numpy\_core\multiarray.py
fn=copyto
1085 8000

fl=c:\Users\Pedro\faculdade\IniciacaoCientifica\grn\.env\Lib\site-packages\numpy\_core\multiarray.py
fn=putmask
1135 1000

fl=c:\Users\Pedro\faculdade\IniciacaoCientifica\grn\.env\Lib\site-packages\numpy\_core\multiarray.py
fn=may_share_memory
1397 2200

fl=c:\Users\Pedro\faculdade\IniciacaoCientifica\grn\.env\Lib\site-packages\numpy\_core\numeric.py
fn=_zeros_like_dispatcher
91 200

fl=c:\Users\Pedro\faculdade\IniciacaoCientifica\grn\.env\Lib\site-packages\numpy\_core\numeric.py
fn=zeros_like
97 9300
cfl=c:\Users\Pedro\faculdade\IniciacaoCientifica\grn\.env\Lib\site-packages\numpy\_core\multiarray.py
cfn=empty_like
calls=1 115
97 100
cfl=c:\Users\Pedro\faculdade\IniciacaoCientifica\grn\.env\Lib\site-packages\numpy\_core\multiarray.py
cfn=copyto
calls=1 1085
97 300
cfl=~
cfn=<built-in method numpy.zeros>
calls=1 0
97 800

fl=c:\Users\Pedro\faculdade\IniciacaoCientifica\grn\.env\Lib\site-packages\numpy\_core\numeric.py
fn=ones
170 7400
cfl=c:\Users\Pedro\faculdade\IniciacaoCientifica\grn\.env\Lib\site-packages\numpy\_core\multiarray.py
cfn=copyto
calls=3 1085
170 300
cfl=~
cfn=<built-in method numpy.empty>
calls=3 0
170 2100

fl=c:\Users\Pedro\faculdade\IniciacaoCientifica\grn\.env\Lib\site-packages\numpy\_core\numeric.py
fn=_ones_like_dispatcher
240 0

fl=c:\Users\Pedro\faculdade\IniciacaoCientifica\grn\.env\Lib\site-packages\numpy\_core\numeric.py
fn=ones_like
246 4800
cfl=c:\Users\Pedro\faculdade\IniciacaoCientifica\grn\.env\Lib\site-packages\numpy\_core\multiarray.py
cfn=empty_like
calls=1 115
246 0
cfl=c:\Users\Pedro\faculdade\IniciacaoCientifica\grn\.env\Lib\site-packages\numpy\_core\multiarray.py
cfn=copyto
calls=1 1085
246 100

fl=c:\Users\Pedro\faculdade\IniciacaoCientifica\grn\.env\Lib\site-packages\numpy\_core\numeric.py
fn=full
323 75800
cfl=c:\Users\Pedro\faculdade\IniciacaoCientifica\grn\.env\Lib\site-packages\numpy\_core\multiarray.py
cfn=copyto
calls=71 1085
323 7300
cfl=~
cfn=<built-in method numpy.asarray>
calls=71 0
323 20800
cfl=~
cfn=<built-in method numpy.empty>
calls=71 0
323 20600

fl=c:\Users\Pedro\faculdade\IniciacaoCientifica\grn\.env\Lib\site-packages\numpy\_core\numeric.py
fn=_count_nonzero_dispatcher
479 1000

fl=c:\Users\Pedro\faculdade\IniciacaoCientifica\grn\.env\Lib\site-packages\numpy\_core\numeric.py
fn=count_nonzero
483 4700
cfl=~
cfn=<built-in method numpy._core._multiarray_umath.count_nonzero>
calls=7 0
483 5200

fl=c:\Users\Pedro\faculdade\IniciacaoCientifica\grn\.env\Lib\site-packages\numpy\_core\numeric.py
fn=normalize_axis_tuple
1431 21100
cfl=c:\Users\Pedro\faculdade\IniciacaoCientifica\grn\.env\Lib\site-packages\numpy\_core\numeric.py
cfn=<genexpr>
calls=12 1480
1431 4900
cfl=~
cfn=<built-in method _operator.index>
calls=6 0
1431 1500
cfl=~
cfn=<built-in method builtins.isinstance>
calls=6 0
1431 1100
cfl=~
cfn=<built-in method builtins.len>
calls=12 0
1431 1100

fl=c:\Users\Pedro\faculdade\IniciacaoCientifica\grn\.env\Lib\site-packages\numpy\_core\numeric.py
fn=<genexpr>
1480 3400
cfl=~
cfn=<built-in method numpy.lib.array_utils.normalize_axis_index>
calls=6 0
1480 1500

fl=c:\Users\Pedro\faculdade\IniciacaoCientifica\grn\.env\Lib\site-packages\numpy\_core\numeric.py
fn=isscalar
1975 7800
cfl=~
cfn=<built-in method builtins.isinstance>
calls=21 0
1975 2700

fl=c:\Users\Pedro\faculdade\IniciacaoCientifica\grn\.env\Lib\site-packages\numpy\_core\numeric.py
fn=_array_equal_dispatcher
2516 200

fl=c:\Users\Pedro\faculdade\IniciacaoCientifica\grn\.env\Lib\site-packages\numpy\_core\numeric.py
fn=array_equal
2535 2800
cfl=~
cfn=<built-in method numpy.asanyarray>
calls=1 0
2535 100
cfl=~
cfn=<built-in method numpy.asarray>
calls=2 0
2535 300
cfl=~
cfn=<method 'all' of 'numpy.ndarray' objects>
calls=1 0
2535 3200

fl=c:\Users\Pedro\faculdade\IniciacaoCientifica\grn\.env\Lib\site-packages\numpy\_core\numerictypes.py
fn=issubclass_
293 10500
cfl=~
cfn=<built-in method builtins.issubclass>
calls=28 0
293 6700

fl=c:\Users\Pedro\faculdade\IniciacaoCientifica\grn\.env\Lib\site-packages\numpy\_core\numerictypes.py
fn=_preprocess_dtype
372 25300
cfl=~
cfn=<built-in method builtins.isinstance>
calls=42 0
372 6700
cfl=~
cfn=<method 'values' of 'dict' objects>
calls=21 0
372 2600

fl=c:\Users\Pedro\faculdade\IniciacaoCientifica\grn\.env\Lib\site-packages\numpy\_core\numerictypes.py
fn=isdtype
385 32200
cfl=c:\Users\Pedro\faculdade\IniciacaoCientifica\grn\.env\Lib\site-packages\numpy\_core\numerictypes.py
cfn=_preprocess_dtype
calls=21 372
385 34600
cfl=~
cfn=<built-in method builtins.isinstance>
calls=21 0
385 2200
cfl=~
cfn=<method 'update' of 'set' objects>
calls=21 0
385 6900

fl=c:\Users\Pedro\faculdade\IniciacaoCientifica\grn\.env\Lib\site-packages\numpy\_core\numerictypes.py
fn=issubdtype
475 16500
cfl=c:\Users\Pedro\faculdade\IniciacaoCientifica\grn\.env\Lib\site-packages\numpy\_core\numerictypes.py
cfn=issubclass_
calls=28 293
475 17200
cfl=~
cfn=<built-in method builtins.issubclass>
calls=14 0
475 1600

fl=c:\Users\Pedro\faculdade\IniciacaoCientifica\grn\.env\Lib\site-packages\numpy\_core\shape_base.py
fn=_atleast_1d_dispatcher
15 5700

fl=c:\Users\Pedro\faculdade\IniciacaoCientifica\grn\.env\Lib\site-packages\numpy\_core\shape_base.py
fn=atleast_1d
19 31300
cfl=~
cfn=<built-in method builtins.len>
calls=48 0
19 4800
cfl=~
cfn=<built-in method numpy.asanyarray>
calls=48 0
19 12100
cfl=~
cfn=<method 'reshape' of 'numpy.ndarray' objects>
calls=21 0
19 10900

fl=c:\Users\Pedro\faculdade\IniciacaoCientifica\grn\.env\Lib\site-packages\numpy\_core\shape_base.py
fn=_atleast_2d_dispatcher
74 2500

fl=c:\Users\Pedro\faculdade\IniciacaoCientifica\grn\.env\Lib\site-packages\numpy\_core\shape_base.py
fn=atleast_2d
78 27600
cfl=~
cfn=<built-in method builtins.len>
calls=21 0
78 2400
cfl=~
cfn=<built-in method numpy.asanyarray>
calls=21 0
78 2000
cfl=~
cfn=<method 'append' of 'list' objects>
calls=21 0
78 2700
cfl=~
cfn=<method 'reshape' of 'numpy.ndarray' objects>
calls=1 0
78 600

fl=c:\Users\Pedro\faculdade\IniciacaoCientifica\grn\.env\Lib\site-packages\numpy\lib\_function_base_impl.py
fn=iterable
363 2000
cfl=~
cfn=<built-in method builtins.iter>
calls=5 0
363 1400

fl=c:\Users\Pedro\faculdade\IniciacaoCientifica\grn\.env\Lib\site-packages\numpy\lib\_function_base_impl.py
fn=_copy_dispatcher
920 5000

fl=c:\Users\Pedro\faculdade\IniciacaoCientifica\grn\.env\Lib\site-packages\numpy\lib\_function_base_impl.py
fn=copy
924 11400
cfl=~
cfn=<built-in method numpy.array>
calls=42 0
924 22400

fl=c:\Users\Pedro\faculdade\IniciacaoCientifica\grn\.env\Lib\site-packages\numpy\lib\_function_base_impl.py
fn=_diff_dispatcher
1398 84400

fl=c:\Users\Pedro\faculdade\IniciacaoCientifica\grn\.env\Lib\site-packages\numpy\lib\_function_base_impl.py
fn=diff
1402 2509600
cfl=~
cfn=<built-in method builtins.len>
calls=591 0
1402 75700
cfl=~
cfn=<built-in method numpy.asanyarray>
calls=591 0
1402 94200
cfl=~
cfn=<built-in method numpy.lib.array_utils.normalize_axis_index>
calls=591 0
1402 120800
cfl=~
cfn=<method 'append' of 'list' objects>
calls=591 0
1402 86200

fl=c:\Users\Pedro\faculdade\IniciacaoCientifica\grn\.env\Lib\site-packages\numpy\lib\_stride_tricks_impl.py
fn=_maybe_view_as_subclass
24 1300

fl=c:\Users\Pedro\faculdade\IniciacaoCientifica\grn\.env\Lib\site-packages\numpy\lib\_stride_tricks_impl.py
fn=_broadcast_to
373 29300
cfl=c:\Users\Pedro\faculdade\IniciacaoCientifica\grn\.env\Lib\site-packages\numpy\lib\_function_base_impl.py
cfn=iterable
calls=5 363
373 3400
cfl=c:\Users\Pedro\faculdade\IniciacaoCientifica\grn\.env\Lib\site-packages\numpy\lib\_stride_tricks_impl.py
cfn=_maybe_view_as_subclass
calls=5 24
373 1300
cfl=c:\Users\Pedro\faculdade\IniciacaoCientifica\grn\.env\Lib\site-packages\numpy\lib\_stride_tricks_impl.py
cfn=<genexpr>
calls=10 378
373 1400
cfl=~
cfn=<built-in method numpy.array>
calls=5 0
373 700
cfl=~
cfn=<method '__enter__' of 'numpy.nditer' objects>
calls=5 0
373 1000
cfl=~
cfn=<method '__exit__' of 'numpy.nditer' objects>
calls=5 0
373 1000

fl=c:\Users\Pedro\faculdade\IniciacaoCientifica\grn\.env\Lib\site-packages\numpy\lib\_stride_tricks_impl.py
fn=<genexpr>
378 1400

fl=c:\Users\Pedro\faculdade\IniciacaoCientifica\grn\.env\Lib\site-packages\numpy\lib\_stride_tricks_impl.py
fn=_broadcast_to_dispatcher
396 400

fl=c:\Users\Pedro\faculdade\IniciacaoCientifica\grn\.env\Lib\site-packages\numpy\lib\_stride_tricks_impl.py
fn=broadcast_to
400 1500
cfl=c:\Users\Pedro\faculdade\IniciacaoCientifica\grn\.env\Lib\site-packages\numpy\lib\_stride_tricks_impl.py
cfn=_broadcast_to
calls=4 373
400 19900

fl=c:\Users\Pedro\faculdade\IniciacaoCientifica\grn\.env\Lib\site-packages\numpy\lib\_stride_tricks_impl.py
fn=_broadcast_shape
446 4000
cfl=~
cfn=<built-in method builtins.len>
calls=1 0
446 0

fl=c:\Users\Pedro\faculdade\IniciacaoCientifica\grn\.env\Lib\site-packages\numpy\lib\_stride_tricks_impl.py
fn=_broadcast_arrays_dispatcher
510 100

fl=c:\Users\Pedro\faculdade\IniciacaoCientifica\grn\.env\Lib\site-packages\numpy\lib\_stride_tricks_impl.py
fn=broadcast_arrays
514 7400
cfl=c:\Users\Pedro\faculdade\IniciacaoCientifica\grn\.env\Lib\site-packages\numpy\lib\_stride_tricks_impl.py
cfn=_broadcast_to
calls=1 373
514 18200
cfl=c:\Users\Pedro\faculdade\IniciacaoCientifica\grn\.env\Lib\site-packages\numpy\lib\_stride_tricks_impl.py
cfn=_broadcast_shape
calls=1 446
514 4000
cfl=~
cfn=<built-in method numpy.array>
calls=3 0
514 500

fl=c:\Users\Pedro\faculdade\IniciacaoCientifica\grn\.env\Lib\site-packages\pandas\_config\__init__.py
fn=using_string_dtype
33 5900

fl=c:\Users\Pedro\faculdade\IniciacaoCientifica\grn\.env\Lib\site-packages\pandas\_config\config.py
fn=_get_single_key
127 33300
cfl=c:\Users\Pedro\faculdade\IniciacaoCientifica\grn\.env\Lib\site-packages\pandas\_config\config.py
cfn=_select_options
calls=27 650
127 6200
cfl=c:\Users\Pedro\faculdade\IniciacaoCientifica\grn\.env\Lib\site-packages\pandas\_config\config.py
cfn=_translate_key
calls=27 703
127 12300
cfl=c:\Users\Pedro\faculdade\IniciacaoCientifica\grn\.env\Lib\site-packages\pandas\_config\config.py
cfn=_warn_if_deprecated
calls=27 715
127 21800
cfl=~
cfn=<built-in method builtins.len>
calls=54 0
127 3900

fl=c:\Users\Pedro\faculdade\IniciacaoCientifica\grn\.env\Lib\site-packages\pandas\_config\config.py
fn=get_option
143 20300
cfl=c:\Users\Pedro\faculdade\IniciacaoCientifica\grn\.env\Lib\site-packages\pandas\_config\config.py
cfn=_get_single_key
calls=27 127
143 77500
cfl=c:\Users\Pedro\faculdade\IniciacaoCientifica\grn\.env\Lib\site-packages\pandas\_config\config.py
cfn=_get_root
calls=27 668
143 23500

fl=c:\Users\Pedro\faculdade\IniciacaoCientifica\grn\.env\Lib\site-packages\pandas\_config\config.py
fn=_select_options
650 6200

fl=c:\Users\Pedro\faculdade\IniciacaoCientifica\grn\.env\Lib\site-packages\pandas\_config\config.py
fn=_get_root
668 16900
cfl=~
cfn=<method 'split' of 'str' objects>
calls=27 0
668 6600

fl=c:\Users\Pedro\faculdade\IniciacaoCientifica\grn\.env\Lib\site-packages\pandas\_config\config.py
fn=_get_deprecated_option
676 17700

fl=c:\Users\Pedro\faculdade\IniciacaoCientifica\grn\.env\Lib\site-packages\pandas\_config\config.py
fn=_translate_key
703 6400
cfl=c:\Users\Pedro\faculdade\IniciacaoCientifica\grn\.env\Lib\site-packages\pandas\_config\config.py
cfn=_get_deprecated_option
calls=27 676
703 5900

fl=c:\Users\Pedro\faculdade\IniciacaoCientifica\grn\.env\Lib\site-packages\pandas\_config\config.py
fn=_warn_if_deprecated
715 10000
cfl=c:\Users\Pedro\faculdade\IniciacaoCientifica\grn\.env\Lib\site-packages\pandas\_config\config.py
cfn=_get_deprecated_option
calls=27 676
715 11800

fl=c:\Users\Pedro\faculdade\IniciacaoCientifica\grn\.env\Lib\site-packages\pandas\core\arrays\_mixins.py
fn=_box_func
107 1400

fl=c:\Users\Pedro\faculdade\IniciacaoCientifica\grn\.env\Lib\site-packages\pandas\core\arrays\_mixins.py
fn=__getitem__
287 36300
cfl=c:\Users\Pedro\faculdade\IniciacaoCientifica\grn\.env\Lib\site-packages\pandas\core\arrays\_mixins.py
cfn=_box_func
calls=12 107
287 1400
cfl=c:\Users\Pedro\faculdade\IniciacaoCientifica\grn\.env\Lib\site-packages\pandas\core\construction.py
cfn=extract_array
calls=10 430
287 4600
cfl=c:\Users\Pedro\faculdade\IniciacaoCientifica\grn\.env\Lib\site-packages\pandas\core\indexers\utils.py
cfn=getitem_returns_view
calls=10 416
287 27700
cfl=c:\Users\Pedro\faculdade\IniciacaoCientifica\grn\.env\Lib\site-packages\pandas\core\indexers\utils.py
cfn=check_array_indexer
calls=10 441
287 7500

fl=c:\Users\Pedro\faculdade\IniciacaoCientifica\grn\.env\Lib\site-packages\pandas\core\arrays\base.py
fn=__iter__
559 3900
cfl=c:\Users\Pedro\faculdade\IniciacaoCientifica\grn\.env\Lib\site-packages\pandas\core\arrays\_mixins.py
cfn=__getitem__
calls=12 287
559 9300
cfl=~
cfn=<built-in method builtins.len>
calls=1 0
559 100

fl=c:\Users\Pedro\faculdade\IniciacaoCientifica\grn\.env\Lib\site-packages\pandas\core\arrays\numpy_.py
fn=dtype
179 12900

fl=c:\Users\Pedro\faculdade\IniciacaoCientifica\grn\.env\Lib\site-packages\pandas\core\arrays\numpy_.py
fn=astype
272 24500
cfl=c:\Users\Pedro\faculdade\IniciacaoCientifica\grn\.env\Lib\site-packages\numpy\_core\_internal.py
cfn=npy_ctypes_check
calls=12 946
272 2600
cfl=c:\Users\Pedro\faculdade\IniciacaoCientifica\grn\.env\Lib\site-packages\pandas\core\arrays\numpy_.py
cfn=dtype
calls=12 179
272 1100
cfl=c:\Users\Pedro\faculdade\IniciacaoCientifica\grn\.env\Lib\site-packages\pandas\core\arrays\string_.py
cfn=__repr__
calls=12 232
272 7000
cfl=c:\Users\Pedro\faculdade\IniciacaoCientifica\grn\.env\Lib\site-packages\pandas\core\arrays\string_.py
cfn=__eq__
calls=12 236
272 6800
cfl=c:\Users\Pedro\faculdade\IniciacaoCientifica\grn\.env\Lib\site-packages\pandas\core\dtypes\astype.py
cfn=astype_array
calls=12 160
272 17300
cfl=c:\Users\Pedro\faculdade\IniciacaoCientifica\grn\.env\Lib\site-packages\pandas\core\dtypes\common.py
cfn=pandas_dtype
calls=12 1821
272 8500

fl=c:\Users\Pedro\faculdade\IniciacaoCientifica\grn\.env\Lib\site-packages\pandas\core\arrays\numpy_.py
fn=isna
283 5000
cfl=c:\Users\Pedro\faculdade\IniciacaoCientifica\grn\.env\Lib\site-packages\pandas\core\dtypes\missing.py
cfn=isna
calls=12 97
283 95200

fl=c:\Users\Pedro\faculdade\IniciacaoCientifica\grn\.env\Lib\site-packages\pandas\core\arrays\string_.py
fn=name
141 700

fl=c:\Users\Pedro\faculdade\IniciacaoCientifica\grn\.env\Lib\site-packages\pandas\core\arrays\string_.py
fn=na_value
150 1800

fl=c:\Users\Pedro\faculdade\IniciacaoCientifica\grn\.env\Lib\site-packages\pandas\core\arrays\string_.py
fn=storage
174 9700

fl=c:\Users\Pedro\faculdade\IniciacaoCientifica\grn\.env\Lib\site-packages\pandas\core\arrays\string_.py
fn=__init__
197 48700
cfl=C:\Users\Pedro\AppData\Local\Python\pythoncore-3.14-64\Lib\typing.py
cfn=cast
calls=19 2300
197 1800
cfl=c:\Users\Pedro\faculdade\IniciacaoCientifica\grn\.env\Lib\site-packages\pandas\_config\config.py
cfn=get_option
calls=19 143
197 90000
cfl=~
cfn=<built-in method builtins.isinstance>
calls=19 0
197 1600

fl=c:\Users\Pedro\faculdade\IniciacaoCientifica\grn\.env\Lib\site-packages\pandas\core\arrays\string_.py
fn=__repr__
232 18300
cfl=c:\Users\Pedro\faculdade\IniciacaoCientifica\grn\.env\Lib\site-packages\pandas\core\arrays\string_.py
cfn=storage
calls=24 174
232 2500

fl=c:\Users\Pedro\faculdade\IniciacaoCientifica\grn\.env\Lib\site-packages\pandas\core\arrays\string_.py
fn=__eq__
236 16600
cfl=c:\Users\Pedro\faculdade\IniciacaoCientifica\grn\.env\Lib\site-packages\pandas\core\arrays\string_.py
cfn=name
calls=5 141
236 700
cfl=~
cfn=<built-in method builtins.isinstance>
calls=64 0
236 6700

fl=c:\Users\Pedro\faculdade\IniciacaoCientifica\grn\.env\Lib\site-packages\pandas\core\arrays\string_.py
fn=type
265 100

fl=c:\Users\Pedro\faculdade\IniciacaoCientifica\grn\.env\Lib\site-packages\pandas\core\arrays\string_.py
fn=construct_array_type
312 18400
cfl=c:\Users\Pedro\faculdade\IniciacaoCientifica\grn\.env\Lib\site-packages\pandas\core\arrays\string_.py
cfn=storage
calls=57 174
312 5200

fl=c:\Users\Pedro\faculdade\IniciacaoCientifica\grn\.env\Lib\site-packages\pandas\core\arrays\string_.py
fn=_from_sequence
756 66200
cfl=c:\Users\Pedro\faculdade\IniciacaoCientifica\grn\.env\Lib\site-packages\pandas\core\arrays\string_.py
cfn=na_value
calls=19 150
756 1800
cfl=c:\Users\Pedro\faculdade\IniciacaoCientifica\grn\.env\Lib\site-packages\pandas\core\arrays\string_.py
cfn=storage
calls=19 174
756 1600
cfl=c:\Users\Pedro\faculdade\IniciacaoCientifica\grn\.env\Lib\site-packages\pandas\core\dtypes\common.py
cfn=pandas_dtype
calls=19 1821
756 15200
cfl=~
cfn=<built-in method __new__ of type object at 0x00007FFE69354D90>
calls=19 0
756 5800
cfl=~
cfn=<built-in method builtins.isinstance>
calls=57 0
756 6100

fl=c:\Users\Pedro\faculdade\IniciacaoCientifica\grn\.env\Lib\site-packages\pandas\core\arrays\string_.py
fn=astype
915 50600
cfl=c:\Users\Pedro\faculdade\IniciacaoCientifica\grn\.env\Lib\site-packages\numpy\_core\_internal.py
cfn=npy_ctypes_check
calls=12 946
915 5800
cfl=c:\Users\Pedro\faculdade\IniciacaoCientifica\grn\.env\Lib\site-packages\numpy\_core\numerictypes.py
cfn=issubdtype
calls=12 475
915 29400
cfl=c:\Users\Pedro\faculdade\IniciacaoCientifica\grn\.env\Lib\site-packages\pandas\core\arrays\numpy_.py
cfn=dtype
calls=12 179
915 900
cfl=c:\Users\Pedro\faculdade\IniciacaoCientifica\grn\.env\Lib\site-packages\pandas\core\arrays\numpy_.py
cfn=astype
calls=12 272
915 67800
cfl=c:\Users\Pedro\faculdade\IniciacaoCientifica\grn\.env\Lib\site-packages\pandas\core\arrays\string_.py
cfn=__repr__
calls=12 232
915 13800
cfl=c:\Users\Pedro\faculdade\IniciacaoCientifica\grn\.env\Lib\site-packages\pandas\core\arrays\string_.py
cfn=__eq__
calls=12 236
915 8800
cfl=c:\Users\Pedro\faculdade\IniciacaoCientifica\grn\.env\Lib\site-packages\pandas\core\dtypes\common.py
cfn=pandas_dtype
calls=12 1821
915 203700
cfl=~
cfn=<built-in method builtins.isinstance>
calls=36 0
915 3200

fl=c:\Users\Pedro\faculdade\IniciacaoCientifica\grn\.env\Lib\site-packages\pandas\core\base.py
fn=__iter__
931 1600
cfl=c:\Users\Pedro\faculdade\IniciacaoCientifica\grn\.env\Lib\site-packages\pandas\core\indexes\base.py
cfn=_values
calls=2 5101
931 200
cfl=~
cfn=<built-in method builtins.isinstance>
calls=1 0
931 100
cfl=~
cfn=<built-in method builtins.iter>
calls=1 0
931 600

fl=c:\Users\Pedro\faculdade\IniciacaoCientifica\grn\.env\Lib\site-packages\pandas\core\common.py
fn=all_none
197 1800
cfl=c:\Users\Pedro\faculdade\IniciacaoCientifica\grn\.env\Lib\site-packages\pandas\core\common.py
cfn=<genexpr>
calls=2 201
197 500

fl=c:\Users\Pedro\faculdade\IniciacaoCientifica\grn\.env\Lib\site-packages\pandas\core\common.py
fn=<genexpr>
201 500

fl=c:\Users\Pedro\faculdade\IniciacaoCientifica\grn\.env\Lib\site-packages\pandas\core\common.py
fn=apply_if_callable
377 3200
cfl=~
cfn=<built-in method builtins.callable>
calls=2 0
377 300
cfl=~
cfn=<built-in method builtins.isinstance>
calls=2 0
377 200

fl=c:\Users\Pedro\faculdade\IniciacaoCientifica\grn\.env\Lib\site-packages\pandas\core\common.py
fn=require_length_match
596 11800
cfl=~
cfn=<built-in method builtins.len>
calls=72 0
596 20100

fl=c:\Users\Pedro\faculdade\IniciacaoCientifica\grn\.env\Lib\site-packages\pandas\core\construction.py
fn=extract_array
430 15300
cfl=~
cfn=<built-in method builtins.getattr>
calls=50 0
430 3100

fl=c:\Users\Pedro\faculdade\IniciacaoCientifica\grn\.env\Lib\site-packages\pandas\core\construction.py
fn=ensure_wrapped_if_datetimelike
495 12500
cfl=~
cfn=<built-in method builtins.isinstance>
calls=29 0
495 1900

fl=c:\Users\Pedro\faculdade\IniciacaoCientifica\grn\.env\Lib\site-packages\pandas\core\construction.py
fn=sanitize_array
531 213400
cfl=C:\Users\Pedro\AppData\Local\Python\pythoncore-3.14-64\Lib\typing.py
cfn=cast
calls=25 2300
531 1500
cfl=c:\Users\Pedro\faculdade\IniciacaoCientifica\grn\.env\Lib\site-packages\numpy\_core\numeric.py
cfn=full
calls=19 323
531 29600
cfl=c:\Users\Pedro\faculdade\IniciacaoCientifica\grn\.env\Lib\site-packages\pandas\_config\__init__.py
cfn=using_string_dtype
calls=9 33
531 3900
cfl=c:\Users\Pedro\faculdade\IniciacaoCientifica\grn\.env\Lib\site-packages\pandas\core\arrays\numpy_.py
cfn=dtype
calls=10 179
531 1100
cfl=c:\Users\Pedro\faculdade\IniciacaoCientifica\grn\.env\Lib\site-packages\pandas\core\arrays\string_.py
cfn=storage
calls=5 174
531 400
cfl=c:\Users\Pedro\faculdade\IniciacaoCientifica\grn\.env\Lib\site-packages\pandas\core\arrays\string_.py
cfn=__init__
calls=9 197
531 86000
cfl=c:\Users\Pedro\faculdade\IniciacaoCientifica\grn\.env\Lib\site-packages\pandas\core\arrays\string_.py
cfn=__eq__
calls=5 236
531 3900
cfl=c:\Users\Pedro\faculdade\IniciacaoCientifica\grn\.env\Lib\site-packages\pandas\core\arrays\string_.py
cfn=construct_array_type
calls=9 312
531 14400
cfl=c:\Users\Pedro\faculdade\IniciacaoCientifica\grn\.env\Lib\site-packages\pandas\core\arrays\string_.py
cfn=_from_sequence
calls=9 756
531 57300
cfl=c:\Users\Pedro\faculdade\IniciacaoCientifica\grn\.env\Lib\site-packages\pandas\core\construction.py
cfn=extract_array
calls=40 430
531 13800
cfl=c:\Users\Pedro\faculdade\IniciacaoCientifica\grn\.env\Lib\site-packages\pandas\core\construction.py
cfn=_sanitize_non_ordered
calls=4 710
531 2000
cfl=c:\Users\Pedro\faculdade\IniciacaoCientifica\grn\.env\Lib\site-packages\pandas\core\construction.py
cfn=_sanitize_ndim
calls=40 718
531 59800
cfl=c:\Users\Pedro\faculdade\IniciacaoCientifica\grn\.env\Lib\site-packages\pandas\core\construction.py
cfn=_sanitize_str_dtypes
calls=21 757
531 9300
cfl=c:\Users\Pedro\faculdade\IniciacaoCientifica\grn\.env\Lib\site-packages\pandas\core\dtypes\cast.py
cfn=maybe_convert_platform
calls=4 127
531 82400
cfl=~
cfn=<built-in method builtins.hasattr>
calls=4 0
531 500
cfl=~
cfn=<built-in method builtins.isinstance>
calls=366 0
531 110200
cfl=~
cfn=<built-in method builtins.len>
calls=4 0
531 400

fl=c:\Users\Pedro\faculdade\IniciacaoCientifica\grn\.env\Lib\site-packages\pandas\core\construction.py
fn=_sanitize_non_ordered
710 1500
cfl=~
cfn=<built-in method builtins.isinstance>
calls=4 0
710 500

fl=c:\Users\Pedro\faculdade\IniciacaoCientifica\grn\.env\Lib\site-packages\pandas\core\construction.py
fn=_sanitize_ndim
718 18300
cfl=c:\Users\Pedro\faculdade\IniciacaoCientifica\grn\.env\Lib\site-packages\pandas\core\construction.py
cfn=_maybe_repeat
calls=40 780
718 35900
cfl=~
cfn=<built-in method builtins.getattr>
calls=40 0
718 5600

fl=c:\Users\Pedro\faculdade\IniciacaoCientifica\grn\.env\Lib\site-packages\pandas\core\construction.py
fn=_sanitize_str_dtypes
757 6800
cfl=~
cfn=<built-in method builtins.issubclass>
calls=21 0
757 2500

fl=c:\Users\Pedro\faculdade\IniciacaoCientifica\grn\.env\Lib\site-packages\pandas\core\construction.py
fn=_maybe_repeat
780 12200
cfl=~
cfn=<built-in method builtins.len>
calls=72 0
780 23700

fl=c:\Users\Pedro\faculdade\IniciacaoCientifica\grn\.env\Lib\site-packages\pandas\core\dtypes\astype.py
fn=astype_array
160 6800
cfl=~
cfn=<method 'copy' of 'numpy.ndarray' objects>
calls=12 0
160 10500

fl=c:\Users\Pedro\faculdade\IniciacaoCientifica\grn\.env\Lib\site-packages\pandas\core\dtypes\base.py
fn=kind
181 1300

fl=c:\Users\Pedro\faculdade\IniciacaoCientifica\grn\.env\Lib\site-packages\pandas\core\dtypes\base.py
fn=index_class
416 5000
cfl=<frozen importlib._bootstrap>
cfn=_handle_fromlist
calls=4 1401
416 3900

fl=c:\Users\Pedro\faculdade\IniciacaoCientifica\grn\.env\Lib\site-packages\pandas\core\dtypes\base.py
fn=_supports_2d
426 2500

fl=c:\Users\Pedro\faculdade\IniciacaoCientifica\grn\.env\Lib\site-packages\pandas\core\dtypes\base.py
fn=find
563 6600
cfl=~
cfn=<built-in method builtins.isinstance>
calls=24 0
563 1900
cfl=~
cfn=<built-in method builtins.issubclass>
calls=12 0
563 1400

fl=c:\Users\Pedro\faculdade\IniciacaoCientifica\grn\.env\Lib\site-packages\pandas\core\dtypes\cast.py
fn=maybe_convert_platform
127 39300
cfl=C:\Users\Pedro\AppData\Local\Python\pythoncore-3.14-64\Lib\typing.py
cfn=cast
calls=4 2300
127 400
cfl=c:\Users\Pedro\faculdade\IniciacaoCientifica\grn\.env\Lib\site-packages\numpy\_core\numeric.py
cfn=full
calls=4 323
127 24200
cfl=c:\Users\Pedro\faculdade\IniciacaoCientifica\grn\.env\Lib\site-packages\pandas\core\dtypes\cast.py
cfn=construct_1d_object_array_from_listlike
calls=4 1468
127 18100
cfl=~
cfn=<built-in method builtins.isinstance>
calls=4 0
127 400

fl=c:\Users\Pedro\faculdade\IniciacaoCientifica\grn\.env\Lib\site-packages\pandas\core\dtypes\cast.py
fn=construct_1d_object_array_from_listlike
1468 4500
cfl=~
cfn=<built-in method builtins.len>
calls=4 0
1468 200
cfl=~
cfn=<built-in method numpy.fromiter>
calls=4 0
1468 13400

fl=c:\Users\Pedro\faculdade\IniciacaoCientifica\grn\.env\Lib\site-packages\pandas\core\dtypes\common.py
fn=ensure_python_int
96 1400

fl=c:\Users\Pedro\faculdade\IniciacaoCientifica\grn\.env\Lib\site-packages\pandas\core\dtypes\common.py
fn=classes
126 300

fl=c:\Users\Pedro\faculdade\IniciacaoCientifica\grn\.env\Lib\site-packages\pandas\core\dtypes\common.py
fn=<lambda>
128 300
cfl=~
cfn=<built-in method builtins.issubclass>
calls=1 0
128 100

fl=c:\Users\Pedro\faculdade\IniciacaoCientifica\grn\.env\Lib\site-packages\pandas\core\dtypes\common.py
fn=is_object_dtype
142 3600
cfl=c:\Users\Pedro\faculdade\IniciacaoCientifica\grn\.env\Lib\site-packages\pandas\core\dtypes\common.py
cfn=classes
calls=1 126
142 300
cfl=c:\Users\Pedro\faculdade\IniciacaoCientifica\grn\.env\Lib\site-packages\pandas\core\dtypes\common.py
cfn=_is_dtype_type
calls=1 1659
142 3900

fl=c:\Users\Pedro\faculdade\IniciacaoCientifica\grn\.env\Lib\site-packages\pandas\core\dtypes\common.py
fn=is_string_or_object_np_dtype
603 8200
cfl=c:\Users\Pedro\faculdade\IniciacaoCientifica\grn\.env\Lib\site-packages\pandas\core\arrays\string_.py
cfn=__eq__
calls=1 236
603 600
cfl=c:\Users\Pedro\faculdade\IniciacaoCientifica\grn\.env\Lib\site-packages\pandas\core\dtypes\base.py
cfn=kind
calls=1 181
603 100

fl=c:\Users\Pedro\faculdade\IniciacaoCientifica\grn\.env\Lib\site-packages\pandas\core\dtypes\common.py
fn=is_string_dtype
610 1600
cfl=c:\Users\Pedro\faculdade\IniciacaoCientifica\grn\.env\Lib\site-packages\pandas\core\dtypes\common.py
cfn=_is_dtype
calls=1 1600
610 7200
cfl=~
cfn=<built-in method builtins.hasattr>
calls=1 0
610 300

fl=c:\Users\Pedro\faculdade\IniciacaoCientifica\grn\.env\Lib\site-packages\pandas\core\dtypes\common.py
fn=condition
652 1000
cfl=c:\Users\Pedro\faculdade\IniciacaoCientifica\grn\.env\Lib\site-packages\pandas\core\arrays\string_.py
cfn=__eq__
calls=1 236
652 300
cfl=c:\Users\Pedro\faculdade\IniciacaoCientifica\grn\.env\Lib\site-packages\pandas\core\dtypes\common.py
cfn=is_string_or_object_np_dtype
calls=1 603
652 1800

fl=c:\Users\Pedro\faculdade\IniciacaoCientifica\grn\.env\Lib\site-packages\pandas\core\dtypes\common.py
fn=needs_i8_conversion
1204 600
cfl=~
cfn=<built-in method builtins.isinstance>
calls=2 0
1204 400

fl=c:\Users\Pedro\faculdade\IniciacaoCientifica\grn\.env\Lib\site-packages\pandas\core\dtypes\common.py
fn=is_1d_only_ea_dtype
1473 15900
cfl=c:\Users\Pedro\faculdade\IniciacaoCientifica\grn\.env\Lib\site-packages\pandas\core\dtypes\base.py
cfn=_supports_2d
calls=25 426
1473 2500
cfl=~
cfn=<built-in method builtins.isinstance>
calls=56 0
1473 4700

fl=c:\Users\Pedro\faculdade\IniciacaoCientifica\grn\.env\Lib\site-packages\pandas\core\dtypes\common.py
fn=is_ea_or_datetimelike_dtype
1547 4800
cfl=~
cfn=<built-in method builtins.isinstance>
calls=8 0
1547 600

fl=c:\Users\Pedro\faculdade\IniciacaoCientifica\grn\.env\Lib\site-packages\pandas\core\dtypes\common.py
fn=_is_dtype
1600 2000
cfl=c:\Users\Pedro\faculdade\IniciacaoCientifica\grn\.env\Lib\site-packages\pandas\core\dtypes\common.py
cfn=condition
calls=1 652
1600 3100
cfl=c:\Users\Pedro\faculdade\IniciacaoCientifica\grn\.env\Lib\site-packages\pandas\core\dtypes\common.py
cfn=_get_dtype
calls=1 1624
1600 2100

fl=c:\Users\Pedro\faculdade\IniciacaoCientifica\grn\.env\Lib\site-packages\pandas\core\dtypes\common.py
fn=_get_dtype
1624 1100
cfl=c:\Users\Pedro\faculdade\IniciacaoCientifica\grn\.env\Lib\site-packages\pandas\core\dtypes\common.py
cfn=pandas_dtype
calls=1 1821
1624 700
cfl=~
cfn=<built-in method builtins.hasattr>
calls=1 0
1624 100
cfl=~
cfn=<built-in method builtins.isinstance>
calls=2 0
1624 200

fl=c:\Users\Pedro\faculdade\IniciacaoCientifica\grn\.env\Lib\site-packages\pandas\core\dtypes\common.py
fn=_is_dtype_type
1659 2500
cfl=c:\Users\Pedro\faculdade\IniciacaoCientifica\grn\.env\Lib\site-packages\pandas\core\arrays\string_.py
cfn=type
calls=1 265
1659 100
cfl=c:\Users\Pedro\faculdade\IniciacaoCientifica\grn\.env\Lib\site-packages\pandas\core\dtypes\common.py
cfn=<lambda>
calls=1 128
1659 400
cfl=c:\Users\Pedro\faculdade\IniciacaoCientifica\grn\.env\Lib\site-packages\pandas\core\dtypes\common.py
cfn=pandas_dtype
calls=1 1821
1659 600
cfl=~
cfn=<built-in method builtins.hasattr>
calls=1 0
1659 200
cfl=~
cfn=<built-in method builtins.isinstance>
calls=2 0
1659 100

fl=c:\Users\Pedro\faculdade\IniciacaoCientifica\grn\.env\Lib\site-packages\pandas\core\dtypes\common.py
fn=pandas_dtype
1821 70500
cfl=C:\Users\Pedro\AppData\Local\Python\pythoncore-3.14-64\Lib\_py_warnings.py
cfn=simplefilter
calls=12 294
1821 72000
cfl=C:\Users\Pedro\AppData\Local\Python\pythoncore-3.14-64\Lib\_py_warnings.py
cfn=__init__:616
calls=12 616
1821 3800
cfl=C:\Users\Pedro\AppData\Local\Python\pythoncore-3.14-64\Lib\_py_warnings.py
cfn=__enter__
calls=12 639
1821 31800
cfl=C:\Users\Pedro\AppData\Local\Python\pythoncore-3.14-64\Lib\_py_warnings.py
cfn=__exit__
calls=12 668
1821 21200
cfl=c:\Users\Pedro\faculdade\IniciacaoCientifica\grn\.env\Lib\site-packages\pandas\core\dtypes\base.py
cfn=find
calls=12 563
1821 9900
cfl=c:\Users\Pedro\faculdade\IniciacaoCientifica\grn\.env\Lib\site-packages\pandas\core\dtypes\inference.py
cfn=is_hashable
calls=12 387
1821 6300
cfl=~
cfn=<built-in method builtins.isinstance>
calls=90 0
1821 13200

fl=c:\Users\Pedro\faculdade\IniciacaoCientifica\grn\.env\Lib\site-packages\pandas\core\dtypes\concat.py
fn=concat_compat
52 23200
cfl=C:\Users\Pedro\AppData\Local\Python\pythoncore-3.14-64\Lib\typing.py
cfn=cast
calls=12 2300
52 700
cfl=c:\Users\Pedro\faculdade\IniciacaoCientifica\grn\.env\Lib\site-packages\numpy\_core\multiarray.py
cfn=concatenate
calls=12 197
52 800
cfl=~
cfn=<built-in method builtins.isinstance>
calls=12 0
52 800
cfl=~
cfn=<built-in method builtins.len>
calls=12 0
52 1100

fl=c:\Users\Pedro\faculdade\IniciacaoCientifica\grn\.env\Lib\site-packages\pandas\core\dtypes\generic.py
fn=_check
38 53800
cfl=~
cfn=<built-in method builtins.getattr>
calls=251 0
38 26200

fl=c:\Users\Pedro\faculdade\IniciacaoCientifica\grn\.env\Lib\site-packages\pandas\core\dtypes\generic.py
fn=_instancecheck
43 60500
cfl=c:\Users\Pedro\faculdade\IniciacaoCientifica\grn\.env\Lib\site-packages\pandas\core\dtypes\generic.py
cfn=_check
calls=251 38
43 80000
cfl=~
cfn=<built-in method builtins.isinstance>
calls=24 0
43 2400

fl=c:\Users\Pedro\faculdade\IniciacaoCientifica\grn\.env\Lib\site-packages\pandas\core\dtypes\inference.py
fn=is_file_like
106 1900
cfl=~
cfn=<built-in method builtins.hasattr>
calls=8 0
106 1200

fl=c:\Users\Pedro\faculdade\IniciacaoCientifica\grn\.env\Lib\site-packages\pandas\core\dtypes\inference.py
fn=is_named_tuple
349 1700
cfl=~
cfn=<built-in method builtins.isinstance>
calls=2 0
349 1800

fl=c:\Users\Pedro\faculdade\IniciacaoCientifica\grn\.env\Lib\site-packages\pandas\core\dtypes\inference.py
fn=is_hashable
387 6300
cfl=~
cfn=<built-in method builtins.hash>
calls=17 0
387 2900

fl=c:\Users\Pedro\faculdade\IniciacaoCientifica\grn\.env\Lib\site-packages\pandas\core\dtypes\inference.py
fn=is_dataclass
485 3700
cfl=C:\Users\Pedro\AppData\Local\Python\pythoncore-3.14-64\Lib\dataclasses.py
cfn=is_dataclass
calls=2 1468
485 6500

fl=c:\Users\Pedro\faculdade\IniciacaoCientifica\grn\.env\Lib\site-packages\pandas\core\dtypes\missing.py
fn=isna
97 11800
cfl=c:\Users\Pedro\faculdade\IniciacaoCientifica\grn\.env\Lib\site-packages\pandas\core\dtypes\missing.py
cfn=_isna
calls=30 180
97 189200

fl=c:\Users\Pedro\faculdade\IniciacaoCientifica\grn\.env\Lib\site-packages\pandas\core\dtypes\missing.py
fn=_isna
180 29200
cfl=c:\Users\Pedro\faculdade\IniciacaoCientifica\grn\.env\Lib\site-packages\pandas\core\dtypes\missing.py
cfn=_isna_array
calls=30 223
180 138000
cfl=~
cfn=<built-in method builtins.isinstance>
calls=90 0
180 44000

fl=c:\Users\Pedro\faculdade\IniciacaoCientifica\grn\.env\Lib\site-packages\pandas\core\dtypes\missing.py
fn=_isna_array
223 46100
cfl=c:\Users\Pedro\faculdade\IniciacaoCientifica\grn\.env\Lib\site-packages\pandas\core\arrays\numpy_.py
cfn=dtype
calls=12 179
223 900
cfl=c:\Users\Pedro\faculdade\IniciacaoCientifica\grn\.env\Lib\site-packages\pandas\core\arrays\numpy_.py
cfn=isna
calls=12 283
223 100200
cfl=c:\Users\Pedro\faculdade\IniciacaoCientifica\grn\.env\Lib\site-packages\pandas\core\dtypes\common.py
cfn=is_string_or_object_np_dtype
calls=18 603
223 7100
cfl=c:\Users\Pedro\faculdade\IniciacaoCientifica\grn\.env\Lib\site-packages\pandas\core\dtypes\missing.py
cfn=_isna_string_dtype
calls=14 260
223 50400
cfl=~
cfn=<built-in method builtins.isinstance>
calls=48 0
223 3500

fl=c:\Users\Pedro\faculdade\IniciacaoCientifica\grn\.env\Lib\site-packages\pandas\core\dtypes\missing.py
fn=_isna_string_dtype
260 50400

fl=c:\Users\Pedro\faculdade\IniciacaoCientifica\grn\.env\Lib\site-packages\pandas\core\flags.py
fn=__init__
63 4900

fl=c:\Users\Pedro\faculdade\IniciacaoCientifica\grn\.env\Lib\site-packages\pandas\core\flags.py
fn=allows_duplicate_labels:67
67 300

fl=c:\Users\Pedro\faculdade\IniciacaoCientifica\grn\.env\Lib\site-packages\pandas\core\flags.py
fn=allows_duplicate_labels:99
99 1400

fl=c:\Users\Pedro\faculdade\IniciacaoCientifica\grn\.env\Lib\site-packages\pandas\core\frame.py
fn=_constructor_from_mgr
667 4400
cfl=c:\Users\Pedro\faculdade\IniciacaoCientifica\grn\.env\Lib\site-packages\pandas\core\generic.py
cfn=_from_mgr
calls=4 294
667 14900

fl=c:\Users\Pedro\faculdade\IniciacaoCientifica\grn\.env\Lib\site-packages\pandas\core\frame.py
fn=__init__
702 40700
cfl=c:\Users\Pedro\faculdade\IniciacaoCientifica\grn\.env\Lib\site-packages\pandas\core\dtypes\inference.py
cfn=is_dataclass
calls=2 485
702 10200
cfl=c:\Users\Pedro\faculdade\IniciacaoCientifica\grn\.env\Lib\site-packages\pandas\core\generic.py
cfn=__init__
calls=3 258
702 11400
cfl=c:\Users\Pedro\faculdade\IniciacaoCientifica\grn\.env\Lib\site-packages\pandas\core\internals\construction.py
cfn=arrays_to_mgr
calls=2 96
702 500100
cfl=c:\Users\Pedro\faculdade\IniciacaoCientifica\grn\.env\Lib\site-packages\pandas\core\internals\construction.py
cfn=dict_to_mgr
calls=1 375
702 559100
cfl=c:\Users\Pedro\faculdade\IniciacaoCientifica\grn\.env\Lib\site-packages\pandas\core\internals\construction.py
cfn=nested_data_to_arrays
calls=2 463
702 739800
cfl=c:\Users\Pedro\faculdade\IniciacaoCientifica\grn\.env\Lib\site-packages\pandas\core\internals\construction.py
cfn=treat_as_nested
calls=2 489
702 7000
cfl=~
cfn=<built-in method builtins.isinstance>
calls=30 0
702 7800
cfl=~
cfn=<built-in method builtins.len>
calls=2 0
702 200

fl=c:\Users\Pedro\faculdade\IniciacaoCientifica\grn\.env\Lib\site-packages\pandas\core\frame.py
fn=_get_values_for_csv
1386 3500
cfl=c:\Users\Pedro\faculdade\IniciacaoCientifica\grn\.env\Lib\site-packages\pandas\core\frame.py
cfn=_constructor_from_mgr
calls=2 667
1386 6900
cfl=c:\Users\Pedro\faculdade\IniciacaoCientifica\grn\.env\Lib\site-packages\pandas\core\internals\managers.py
cfn=get_values_for_csv
calls=2 622
1386 686000

fl=c:\Users\Pedro\faculdade\IniciacaoCientifica\grn\.env\Lib\site-packages\pandas\core\frame.py
fn=_get_column_array
4316 6900
cfl=c:\Users\Pedro\faculdade\IniciacaoCientifica\grn\.env\Lib\site-packages\pandas\core\internals\managers.py
cfn=iget_values
calls=24 1227
4316 56500

fl=c:\Users\Pedro\faculdade\IniciacaoCientifica\grn\.env\Lib\site-packages\pandas\core\frame.py
fn=_iter_column_arrays
4326 9200
cfl=c:\Users\Pedro\faculdade\IniciacaoCientifica\grn\.env\Lib\site-packages\pandas\core\frame.py
cfn=_get_column_array
calls=24 4316
4326 63400
cfl=~
cfn=<built-in method builtins.len>
calls=2 0
4326 2300

fl=c:\Users\Pedro\faculdade\IniciacaoCientifica\grn\.env\Lib\site-packages\pandas\core\generic.py
fn=__init__
258 17000
cfl=c:\Users\Pedro\faculdade\IniciacaoCientifica\grn\.env\Lib\site-packages\pandas\core\flags.py
cfn=__init__
calls=7 63
258 4900

fl=c:\Users\Pedro\faculdade\IniciacaoCientifica\grn\.env\Lib\site-packages\pandas\core\generic.py
fn=_from_mgr
294 3600
cfl=c:\Users\Pedro\faculdade\IniciacaoCientifica\grn\.env\Lib\site-packages\pandas\core\generic.py
cfn=__init__
calls=4 258
294 10500
cfl=~
cfn=<built-in method __new__ of type object at 0x00007FFE69354D90>
calls=4 0
294 800

fl=c:\Users\Pedro\faculdade\IniciacaoCientifica\grn\.env\Lib\site-packages\pandas\core\generic.py
fn=attrs
318 600

fl=c:\Users\Pedro\faculdade\IniciacaoCientifica\grn\.env\Lib\site-packages\pandas\core\generic.py
fn=flags
360 1100

fl=c:\Users\Pedro\faculdade\IniciacaoCientifica\grn\.env\Lib\site-packages\pandas\core\generic.py
fn=_get_axis_number
519 1300

fl=c:\Users\Pedro\faculdade\IniciacaoCientifica\grn\.env\Lib\site-packages\pandas\core\generic.py
fn=_get_axis
535 3200
cfl=c:\Users\Pedro\faculdade\IniciacaoCientifica\grn\.env\Lib\site-packages\pandas\core\generic.py
cfn=_get_axis_number
calls=2 519
535 1100

fl=c:\Users\Pedro\faculdade\IniciacaoCientifica\grn\.env\Lib\site-packages\pandas\core\generic.py
fn=_get_block_manager_axis
541 2200
cfl=c:\Users\Pedro\faculdade\IniciacaoCientifica\grn\.env\Lib\site-packages\pandas\core\generic.py
cfn=_get_axis_number
calls=2 519
541 200

fl=c:\Users\Pedro\faculdade\IniciacaoCientifica\grn\.env\Lib\site-packages\pandas\core\generic.py
fn=to_csv
3795 15000
cfl=c:\Users\Pedro\faculdade\IniciacaoCientifica\grn\.env\Lib\site-packages\pandas\io\formats\format.py
cfn=__init__:425
calls=2 425
3795 75400
cfl=c:\Users\Pedro\faculdade\IniciacaoCientifica\grn\.env\Lib\site-packages\pandas\io\formats\format.py
cfn=__init__:892
calls=2 892
3795 500
cfl=c:\Users\Pedro\faculdade\IniciacaoCientifica\grn\.env\Lib\site-packages\pandas\io\formats\format.py
cfn=to_csv
calls=1 976
3795 0
cfl=~
cfn=<built-in method builtins.isinstance>
calls=2 0
3795 4000

fl=c:\Users\Pedro\faculdade\IniciacaoCientifica\grn\.env\Lib\site-packages\pandas\core\generic.py
fn=_slice
4308 40500
cfl=c:\Users\Pedro\faculdade\IniciacaoCientifica\grn\.env\Lib\site-packages\pandas\core\frame.py
cfn=_constructor_from_mgr
calls=2 667
4308 12400
cfl=c:\Users\Pedro\faculdade\IniciacaoCientifica\grn\.env\Lib\site-packages\pandas\core\generic.py
cfn=_get_block_manager_axis
calls=2 541
4308 2400
cfl=c:\Users\Pedro\faculdade\IniciacaoCientifica\grn\.env\Lib\site-packages\pandas\core\generic.py
cfn=__finalize__
calls=2 6131
4308 14100
cfl=c:\Users\Pedro\faculdade\IniciacaoCientifica\grn\.env\Lib\site-packages\pandas\core\indexes\base.py
cfn=view
calls=2 1033
4308 13800
cfl=c:\Users\Pedro\faculdade\IniciacaoCientifica\grn\.env\Lib\site-packages\pandas\core\indexes\range.py
cfn=_getitem_slice
calls=2 1311
4308 7400
cfl=c:\Users\Pedro\faculdade\IniciacaoCientifica\grn\.env\Lib\site-packages\pandas\core\internals\blocks.py
cfn=slice_block_rows
calls=10 2081
4308 88100
cfl=c:\Users\Pedro\faculdade\IniciacaoCientifica\grn\.env\Lib\site-packages\pandas\core\internals\managers.py
cfn=__init__
calls=2 1095
4308 300
cfl=~
cfn=<built-in method builtins.isinstance>
calls=2 0
4308 200

fl=c:\Users\Pedro\faculdade\IniciacaoCientifica\grn\.env\Lib\site-packages\pandas\core\generic.py
fn=__finalize__
6131 10500
cfl=c:\Users\Pedro\faculdade\IniciacaoCientifica\grn\.env\Lib\site-packages\pandas\core\flags.py
cfn=allows_duplicate_labels:67
calls=4 67
6131 300
cfl=c:\Users\Pedro\faculdade\IniciacaoCientifica\grn\.env\Lib\site-packages\pandas\core\flags.py
cfn=allows_duplicate_labels:99
calls=2 99
6131 1400
cfl=c:\Users\Pedro\faculdade\IniciacaoCientifica\grn\.env\Lib\site-packages\pandas\core\generic.py
cfn=attrs
calls=2 318
6131 600
cfl=c:\Users\Pedro\faculdade\IniciacaoCientifica\grn\.env\Lib\site-packages\pandas\core\generic.py
cfn=flags
calls=6 360
6131 1100
cfl=~
cfn=<built-in method builtins.isinstance>
calls=2 0
6131 200

fl=c:\Users\Pedro\faculdade\IniciacaoCientifica\grn\.env\Lib\site-packages\pandas\core\indexers\utils.py
fn=getitem_returns_view
416 19300
cfl=c:\Users\Pedro\faculdade\IniciacaoCientifica\grn\.env\Lib\site-packages\pandas\core\indexers\utils.py
cfn=<genexpr>:425
calls=20 425
416 3400
cfl=c:\Users\Pedro\faculdade\IniciacaoCientifica\grn\.env\Lib\site-packages\pandas\core\indexers\utils.py
cfn=<genexpr>:432
calls=20 432
416 4000
cfl=~
cfn=<built-in method builtins.isinstance>
calls=10 0
416 1000

fl=c:\Users\Pedro\faculdade\IniciacaoCientifica\grn\.env\Lib\site-packages\pandas\core\indexers\utils.py
fn=<genexpr>:425
425 3400

fl=c:\Users\Pedro\faculdade\IniciacaoCientifica\grn\.env\Lib\site-packages\pandas\core\indexers\utils.py
fn=<genexpr>:432
432 3200
cfl=~
cfn=<built-in method builtins.isinstance>
calls=10 0
432 800

fl=c:\Users\Pedro\faculdade\IniciacaoCientifica\grn\.env\Lib\site-packages\pandas\core\indexers\utils.py
fn=check_array_indexer
441 7500

fl=c:\Users\Pedro\faculdade\IniciacaoCientifica\grn\.env\Lib\site-packages\pandas\core\indexes\api.py
fn=default_index
340 3700
cfl=c:\Users\Pedro\faculdade\IniciacaoCientifica\grn\.env\Lib\site-packages\pandas\core\indexes\range.py
cfn=_simple_new
calls=2 236
340 4300

fl=c:\Users\Pedro\faculdade\IniciacaoCientifica\grn\.env\Lib\site-packages\pandas\core\indexes\base.py
fn=__new__
486 84600
cfl=c:\Users\Pedro\faculdade\IniciacaoCientifica\grn\.env\Lib\site-packages\pandas\core\arrays\numpy_.py
cfn=dtype
calls=8 179
486 1500
cfl=c:\Users\Pedro\faculdade\IniciacaoCientifica\grn\.env\Lib\site-packages\pandas\core\construction.py
cfn=ensure_wrapped_if_datetimelike
calls=4 495
486 2200
cfl=c:\Users\Pedro\faculdade\IniciacaoCientifica\grn\.env\Lib\site-packages\pandas\core\construction.py
cfn=sanitize_array
calls=4 531
486 302900
cfl=c:\Users\Pedro\faculdade\IniciacaoCientifica\grn\.env\Lib\site-packages\pandas\core\dtypes\common.py
cfn=is_ea_or_datetimelike_dtype
calls=8 1547
486 5400
cfl=c:\Users\Pedro\faculdade\IniciacaoCientifica\grn\.env\Lib\site-packages\pandas\core\indexes\base.py
cfn=<genexpr>
calls=2 555
486 900
cfl=c:\Users\Pedro\faculdade\IniciacaoCientifica\grn\.env\Lib\site-packages\pandas\core\indexes\base.py
cfn=_ensure_array
calls=4 594
486 7700
cfl=c:\Users\Pedro\faculdade\IniciacaoCientifica\grn\.env\Lib\site-packages\pandas\core\indexes\base.py
cfn=_dtype_to_subclass
calls=4 612
486 19200
cfl=c:\Users\Pedro\faculdade\IniciacaoCientifica\grn\.env\Lib\site-packages\pandas\core\indexes\base.py
cfn=_simple_new
calls=4 652
486 15300
cfl=c:\Users\Pedro\faculdade\IniciacaoCientifica\grn\.env\Lib\site-packages\pandas\core\indexes\base.py
cfn=_maybe_copy_array_input
calls=4 5286
486 3600
cfl=c:\Users\Pedro\faculdade\IniciacaoCientifica\grn\.env\Lib\site-packages\pandas\core\indexes\base.py
cfn=maybe_extract_name
calls=4 8003
486 10400
cfl=~
cfn=<built-in method builtins.getattr>
calls=4 0
486 600
cfl=~
cfn=<built-in method builtins.hasattr>
calls=4 0
486 1000
cfl=~
cfn=<built-in method builtins.isinstance>
calls=24 0
486 12800
cfl=~
cfn=<built-in method builtins.len>
calls=8 0
486 600

fl=c:\Users\Pedro\faculdade\IniciacaoCientifica\grn\.env\Lib\site-packages\pandas\core\indexes\base.py
fn=<genexpr>
555 900
cfl=~
cfn=<built-in method builtins.isinstance>
calls=1 0
555 0

fl=c:\Users\Pedro\faculdade\IniciacaoCientifica\grn\.env\Lib\site-packages\pandas\core\indexes\base.py
fn=_ensure_array
594 4100
cfl=c:\Users\Pedro\faculdade\IniciacaoCientifica\grn\.env\Lib\site-packages\pandas\core\arrays\string_.py
cfn=__eq__
calls=4 236
594 3600

fl=c:\Users\Pedro\faculdade\IniciacaoCientifica\grn\.env\Lib\site-packages\pandas\core\indexes\base.py
fn=_dtype_to_subclass
612 9900
cfl=c:\Users\Pedro\faculdade\IniciacaoCientifica\grn\.env\Lib\site-packages\pandas\core\dtypes\base.py
cfn=index_class
calls=4 416
612 8900
cfl=~
cfn=<built-in method builtins.isinstance>
calls=4 0
612 400

fl=c:\Users\Pedro\faculdade\IniciacaoCientifica\grn\.env\Lib\site-packages\pandas\core\indexes\base.py
fn=_simple_new
652 18600
cfl=c:\Users\Pedro\faculdade\IniciacaoCientifica\grn\.env\Lib\site-packages\pandas\core\indexes\base.py
cfn=_reset_identity
calls=8 837
652 3700
cfl=~
cfn=<built-in method __new__ of type object at 0x00007FFE69354D90>
calls=8 0
652 2400
cfl=~
cfn=<built-in method builtins.isinstance>
calls=8 0
652 1400

fl=c:\Users\Pedro\faculdade\IniciacaoCientifica\grn\.env\Lib\site-packages\pandas\core\indexes\base.py
fn=_view
779 6800
cfl=c:\Users\Pedro\faculdade\IniciacaoCientifica\grn\.env\Lib\site-packages\pandas\core\indexes\base.py
cfn=_simple_new
calls=4 652
779 10800
cfl=c:\Users\Pedro\faculdade\IniciacaoCientifica\grn\.env\Lib\site-packages\pandas\core\indexes\base.py
cfn=_values
calls=4 5101
779 500

fl=c:\Users\Pedro\faculdade\IniciacaoCientifica\grn\.env\Lib\site-packages\pandas\core\indexes\base.py
fn=_reset_identity
837 6200

fl=c:\Users\Pedro\faculdade\IniciacaoCientifica\grn\.env\Lib\site-packages\pandas\core\indexes\base.py
fn=_engine
849 15300
cfl=C:\Users\Pedro\AppData\Local\Python\pythoncore-3.14-64\Lib\typing.py
cfn=cast
calls=1 2300
849 0
cfl=c:\Users\Pedro\faculdade\IniciacaoCientifica\grn\.env\Lib\site-packages\pandas\core\arrays\string_.py
cfn=na_value
calls=1 150
849 0
cfl=c:\Users\Pedro\faculdade\IniciacaoCientifica\grn\.env\Lib\site-packages\pandas\core\dtypes\common.py
cfn=is_object_dtype
calls=1 142
849 7800
cfl=c:\Users\Pedro\faculdade\IniciacaoCientifica\grn\.env\Lib\site-packages\pandas\core\dtypes\common.py
cfn=is_string_dtype
calls=1 610
849 9100
cfl=c:\Users\Pedro\faculdade\IniciacaoCientifica\grn\.env\Lib\site-packages\pandas\core\dtypes\common.py
cfn=needs_i8_conversion
calls=1 1204
849 1000
cfl=c:\Users\Pedro\faculdade\IniciacaoCientifica\grn\.env\Lib\site-packages\pandas\core\indexes\base.py
cfn=dtype
calls=1 986
849 300
cfl=c:\Users\Pedro\faculdade\IniciacaoCientifica\grn\.env\Lib\site-packages\pandas\core\indexes\base.py
cfn=_values
calls=1 5101
849 100
cfl=c:\Users\Pedro\faculdade\IniciacaoCientifica\grn\.env\Lib\site-packages\pandas\core\indexes\base.py
cfn=_get_engine_target
calls=1 5127
849 600
cfl=~
cfn=<built-in method builtins.isinstance>
calls=2 0
849 200

fl=c:\Users\Pedro\faculdade\IniciacaoCientifica\grn\.env\Lib\site-packages\pandas\core\indexes\base.py
fn=__len__
918 2600
cfl=~
cfn=<built-in method builtins.len>
calls=10 0
918 1600

fl=c:\Users\Pedro\faculdade\IniciacaoCientifica\grn\.env\Lib\site-packages\pandas\core\indexes\base.py
fn=dtype
986 200
cfl=c:\Users\Pedro\faculdade\IniciacaoCientifica\grn\.env\Lib\site-packages\pandas\core\arrays\numpy_.py
cfn=dtype
calls=1 179
986 100

fl=c:\Users\Pedro\faculdade\IniciacaoCientifica\grn\.env\Lib\site-packages\pandas\core\indexes\base.py
fn=view
1033 6400
cfl=c:\Users\Pedro\faculdade\IniciacaoCientifica\grn\.env\Lib\site-packages\pandas\core\indexes\base.py
cfn=_view
calls=4 779
1033 18100
cfl=c:\Users\Pedro\faculdade\IniciacaoCientifica\grn\.env\Lib\site-packages\pandas\core\indexes\range.py
cfn=_view
calls=2 620
1033 4500
cfl=~
cfn=<built-in method builtins.isinstance>
calls=6 0
1033 500

fl=c:\Users\Pedro\faculdade\IniciacaoCientifica\grn\.env\Lib\site-packages\pandas\core\indexes\base.py
fn=_get_values_for_csv
1574 9300
cfl=c:\Users\Pedro\faculdade\IniciacaoCientifica\grn\.env\Lib\site-packages\pandas\core\indexes\base.py
cfn=_values
calls=2 5101
1574 200
cfl=c:\Users\Pedro\faculdade\IniciacaoCientifica\grn\.env\Lib\site-packages\pandas\core\indexes\base.py
cfn=get_values_for_csv
calls=2 8085
1574 181000

fl=c:\Users\Pedro\faculdade\IniciacaoCientifica\grn\.env\Lib\site-packages\pandas\core\indexes\base.py
fn=name
1779 400

fl=c:\Users\Pedro\faculdade\IniciacaoCientifica\grn\.env\Lib\site-packages\pandas\core\indexes\base.py
fn=get_loc
3601 18700
cfl=c:\Users\Pedro\faculdade\IniciacaoCientifica\grn\.env\Lib\site-packages\pandas\core\indexes\base.py
cfn=_engine
calls=1 849
3601 34400
cfl=c:\Users\Pedro\faculdade\IniciacaoCientifica\grn\.env\Lib\site-packages\pandas\core\indexes\base.py
cfn=_maybe_cast_indexer
calls=12 6814
3601 2000

fl=c:\Users\Pedro\faculdade\IniciacaoCientifica\grn\.env\Lib\site-packages\pandas\core\indexes\base.py
fn=_validate_positional_slice
4034 6100
cfl=c:\Users\Pedro\faculdade\IniciacaoCientifica\grn\.env\Lib\site-packages\pandas\core\indexes\base.py
cfn=_validate_indexer
calls=6 6852
4034 3500

fl=c:\Users\Pedro\faculdade\IniciacaoCientifica\grn\.env\Lib\site-packages\pandas\core\indexes\base.py
fn=_values
5101 1100

fl=c:\Users\Pedro\faculdade\IniciacaoCientifica\grn\.env\Lib\site-packages\pandas\core\indexes\base.py
fn=_get_engine_target
5127 400
cfl=c:\Users\Pedro\faculdade\IniciacaoCientifica\grn\.env\Lib\site-packages\pandas\core\indexes\base.py
cfn=_values
calls=1 5101
5127 100
cfl=~
cfn=<built-in method builtins.isinstance>
calls=1 0
5127 100

fl=c:\Users\Pedro\faculdade\IniciacaoCientifica\grn\.env\Lib\site-packages\pandas\core\indexes\base.py
fn=_maybe_copy_array_input
5286 3100
cfl=~
cfn=<built-in method builtins.isinstance>
calls=4 0
5286 500

fl=c:\Users\Pedro\faculdade\IniciacaoCientifica\grn\.env\Lib\site-packages\pandas\core\indexes\base.py
fn=_maybe_cast_indexer
6814 2000

fl=c:\Users\Pedro\faculdade\IniciacaoCientifica\grn\.env\Lib\site-packages\pandas\core\indexes\base.py
fn=_validate_indexer
6852 3500

fl=c:\Users\Pedro\faculdade\IniciacaoCientifica\grn\.env\Lib\site-packages\pandas\core\indexes\base.py
fn=ensure_index
7919 30400
cfl=c:\Users\Pedro\faculdade\IniciacaoCientifica\grn\.env\Lib\site-packages\pandas\core\dtypes\generic.py
cfn=_instancecheck
calls=6 43
7919 4200
cfl=c:\Users\Pedro\faculdade\IniciacaoCientifica\grn\.env\Lib\site-packages\pandas\core\indexes\base.py
cfn=__new__
calls=4 486
7919 468700
cfl=~
cfn=<built-in method builtins.isinstance>
calls=21 0
7919 13200

fl=c:\Users\Pedro\faculdade\IniciacaoCientifica\grn\.env\Lib\site-packages\pandas\core\indexes\base.py
fn=maybe_extract_name
8003 5700
cfl=c:\Users\Pedro\faculdade\IniciacaoCientifica\grn\.env\Lib\site-packages\pandas\core\dtypes\inference.py
cfn=is_hashable
calls=5 387
8003 2900
cfl=~
cfn=<built-in method builtins.isinstance>
calls=5 0
8003 5700

fl=c:\Users\Pedro\faculdade\IniciacaoCientifica\grn\.env\Lib\site-packages\pandas\core\indexes\base.py
fn=get_values_for_csv
8085 74900
cfl=c:\Users\Pedro\faculdade\IniciacaoCientifica\grn\.env\Lib\site-packages\pandas\core\arrays\numpy_.py
cfn=dtype
calls=36 179
8085 3700
cfl=c:\Users\Pedro\faculdade\IniciacaoCientifica\grn\.env\Lib\site-packages\pandas\core\arrays\string_.py
cfn=astype
calls=12 915
8085 384000
cfl=c:\Users\Pedro\faculdade\IniciacaoCientifica\grn\.env\Lib\site-packages\pandas\core\construction.py
cfn=ensure_wrapped_if_datetimelike
calls=18 495
8085 9400
cfl=c:\Users\Pedro\faculdade\IniciacaoCientifica\grn\.env\Lib\site-packages\pandas\core\dtypes\base.py
cfn=kind
calls=12 181
8085 1200
cfl=c:\Users\Pedro\faculdade\IniciacaoCientifica\grn\.env\Lib\site-packages\pandas\core\dtypes\missing.py
cfn=isna
calls=18 97
8085 198000
cfl=~
cfn=<built-in method builtins.isinstance>
calls=90 0
8085 10000
cfl=~
cfn=<built-in method numpy.array>
calls=6 0
8085 11800
cfl=~
cfn=<built-in method numpy.asarray>
calls=12 0
8085 2700
cfl=~
cfn=<method 'astype' of 'numpy.ndarray' objects>
calls=6 0
8085 2600

fl=c:\Users\Pedro\faculdade\IniciacaoCientifica\grn\.env\Lib\site-packages\pandas\core\indexes\range.py
fn=__new__
151 8700
cfl=c:\Users\Pedro\faculdade\IniciacaoCientifica\grn\.env\Lib\site-packages\pandas\core\common.py
cfn=all_none
calls=1 197
151 2300
cfl=c:\Users\Pedro\faculdade\IniciacaoCientifica\grn\.env\Lib\site-packages\pandas\core\dtypes\common.py
cfn=ensure_python_int
calls=2 96
151 1400
cfl=c:\Users\Pedro\faculdade\IniciacaoCientifica\grn\.env\Lib\site-packages\pandas\core\indexes\base.py
cfn=maybe_extract_name
calls=1 8003
151 3900
cfl=c:\Users\Pedro\faculdade\IniciacaoCientifica\grn\.env\Lib\site-packages\pandas\core\indexes\range.py
cfn=_simple_new
calls=1 236
151 2600
cfl=c:\Users\Pedro\faculdade\IniciacaoCientifica\grn\.env\Lib\site-packages\pandas\core\indexes\range.py
cfn=_validate_dtype
calls=1 251
151 100
cfl=~
cfn=<built-in method builtins.isinstance>
calls=2 0
151 200

fl=c:\Users\Pedro\faculdade\IniciacaoCientifica\grn\.env\Lib\site-packages\pandas\core\indexes\range.py
fn=_simple_new
236 7500
cfl=c:\Users\Pedro\faculdade\IniciacaoCientifica\grn\.env\Lib\site-packages\pandas\core\indexes\base.py
cfn=_reset_identity
calls=7 837
236 2500
cfl=~
cfn=<built-in method __new__ of type object at 0x00007FFE69354D90>
calls=7 0
236 2100
cfl=~
cfn=<built-in method builtins.isinstance>
calls=7 0
236 700

fl=c:\Users\Pedro\faculdade\IniciacaoCientifica\grn\.env\Lib\site-packages\pandas\core\indexes\range.py
fn=_validate_dtype
251 100

fl=c:\Users\Pedro\faculdade\IniciacaoCientifica\grn\.env\Lib\site-packages\pandas\core\indexes\range.py
fn=_view
620 1800
cfl=c:\Users\Pedro\faculdade\IniciacaoCientifica\grn\.env\Lib\site-packages\pandas\core\indexes\range.py
cfn=_simple_new
calls=2 236
620 2700

fl=c:\Users\Pedro\faculdade\IniciacaoCientifica\grn\.env\Lib\site-packages\pandas\core\indexes\range.py
fn=__len__
1265 14900
cfl=~
cfn=<built-in method builtins.len>
calls=76 0
1265 5700

fl=c:\Users\Pedro\faculdade\IniciacaoCientifica\grn\.env\Lib\site-packages\pandas\core\indexes\range.py
fn=_getitem_slice
1311 4200
cfl=c:\Users\Pedro\faculdade\IniciacaoCientifica\grn\.env\Lib\site-packages\pandas\core\indexes\range.py
cfn=_simple_new
calls=2 236
1311 3200

fl=c:\Users\Pedro\faculdade\IniciacaoCientifica\grn\.env\Lib\site-packages\pandas\core\indexing.py
fn=iloc
159 2500

fl=c:\Users\Pedro\faculdade\IniciacaoCientifica\grn\.env\Lib\site-packages\pandas\core\indexing.py
fn=_raise_callable_usage
1184 1600
cfl=~
cfn=<built-in method builtins.callable>
calls=2 0
1184 100

fl=c:\Users\Pedro\faculdade\IniciacaoCientifica\grn\.env\Lib\site-packages\pandas\core\indexing.py
fn=__getitem__
1192 14000
cfl=c:\Users\Pedro\faculdade\IniciacaoCientifica\grn\.env\Lib\site-packages\pandas\core\common.py
cfn=apply_if_callable
calls=2 377
1192 3700
cfl=c:\Users\Pedro\faculdade\IniciacaoCientifica\grn\.env\Lib\site-packages\pandas\core\indexing.py
cfn=_raise_callable_usage
calls=2 1184
1192 1700
cfl=c:\Users\Pedro\faculdade\IniciacaoCientifica\grn\.env\Lib\site-packages\pandas\core\indexing.py
cfn=_getitem_axis
calls=2 1740
1192 210700
cfl=c:\Users\Pedro\faculdade\IniciacaoCientifica\grn\.env\Lib\site-packages\pandas\core\indexing.py
cfn=check_dict_or_set_indexers
calls=2 2780
1192 4300

fl=c:\Users\Pedro\faculdade\IniciacaoCientifica\grn\.env\Lib\site-packages\pandas\core\indexing.py
fn=_getitem_axis
1740 4100
cfl=c:\Users\Pedro\faculdade\IniciacaoCientifica\grn\.env\Lib\site-packages\pandas\core\indexing.py
cfn=_get_slice_axis
calls=2 1777
1740 204100
cfl=~
cfn=<built-in method builtins.isinstance>
calls=4 0
1740 2500

fl=c:\Users\Pedro\faculdade\IniciacaoCientifica\grn\.env\Lib\site-packages\pandas\core\indexing.py
fn=_get_slice_axis
1777 10100
cfl=c:\Users\Pedro\faculdade\IniciacaoCientifica\grn\.env\Lib\site-packages\pandas\core\generic.py
cfn=_get_axis
calls=2 535
1777 4300
cfl=c:\Users\Pedro\faculdade\IniciacaoCientifica\grn\.env\Lib\site-packages\pandas\core\generic.py
cfn=_slice
calls=2 4308
1777 179200
cfl=c:\Users\Pedro\faculdade\IniciacaoCientifica\grn\.env\Lib\site-packages\pandas\core\indexes\base.py
cfn=_validate_positional_slice
calls=2 4034
1777 9600
cfl=c:\Users\Pedro\faculdade\IniciacaoCientifica\grn\.env\Lib\site-packages\pandas\core\indexing.py
cfn=need_slice
calls=2 2767
1777 900

fl=c:\Users\Pedro\faculdade\IniciacaoCientifica\grn\.env\Lib\site-packages\pandas\core\indexing.py
fn=need_slice
2767 900

fl=c:\Users\Pedro\faculdade\IniciacaoCientifica\grn\.env\Lib\site-packages\pandas\core\indexing.py
fn=check_dict_or_set_indexers
2780 3000
cfl=~
cfn=<built-in method builtins.isinstance>
calls=8 0
2780 1300

fl=c:\Users\Pedro\faculdade\IniciacaoCientifica\grn\.env\Lib\site-packages\pandas\core\internals\blocks.py
fn=is_extension
168 14100
cfl=c:\Users\Pedro\faculdade\IniciacaoCientifica\grn\.env\Lib\site-packages\pandas\core\arrays\numpy_.py
cfn=dtype
calls=20 179
168 1800

fl=c:\Users\Pedro\faculdade\IniciacaoCientifica\grn\.env\Lib\site-packages\pandas\core\internals\blocks.py
fn=_can_consolidate
173 7200
cfl=c:\Users\Pedro\faculdade\IniciacaoCientifica\grn\.env\Lib\site-packages\pandas\core\internals\blocks.py
cfn=is_extension
calls=16 168
173 7500

fl=c:\Users\Pedro\faculdade\IniciacaoCientifica\grn\.env\Lib\site-packages\pandas\core\internals\blocks.py
fn=make_block
228 21600
cfl=c:\Users\Pedro\faculdade\IniciacaoCientifica\grn\.env\Lib\site-packages\pandas\core\internals\blocks.py
cfn=is_extension
calls=16 168
228 8400
cfl=c:\Users\Pedro\faculdade\IniciacaoCientifica\grn\.env\Lib\site-packages\pandas\core\internals\blocks.py
cfn=new_block
calls=16 2258
228 28500
cfl=c:\Users\Pedro\faculdade\IniciacaoCientifica\grn\.env\Lib\site-packages\pandas\core\internals\blocks.py
cfn=ensure_block_shape
calls=10 2352
228 18600

fl=c:\Users\Pedro\faculdade\IniciacaoCientifica\grn\.env\Lib\site-packages\pandas\core\internals\blocks.py
fn=dtype
573 1000

fl=c:\Users\Pedro\faculdade\IniciacaoCientifica\grn\.env\Lib\site-packages\pandas\core\internals\blocks.py
fn=get_values_for_csv
624 15500
cfl=c:\Users\Pedro\faculdade\IniciacaoCientifica\grn\.env\Lib\site-packages\pandas\core\indexes\base.py
cfn=get_values_for_csv
calls=16 8085
624 517300
cfl=c:\Users\Pedro\faculdade\IniciacaoCientifica\grn\.env\Lib\site-packages\pandas\core\internals\blocks.py
cfn=make_block
calls=16 228
624 77100

fl=c:\Users\Pedro\faculdade\IniciacaoCientifica\grn\.env\Lib\site-packages\pandas\core\internals\blocks.py
fn=iget
961 5700

fl=c:\Users\Pedro\faculdade\IniciacaoCientifica\grn\.env\Lib\site-packages\pandas\core\internals\blocks.py
fn=slice_block_rows
2081 19900
cfl=c:\Users\Pedro\faculdade\IniciacaoCientifica\grn\.env\Lib\site-packages\pandas\core\arrays\_mixins.py
cfn=__getitem__
calls=10 287
2081 68200

fl=c:\Users\Pedro\faculdade\IniciacaoCientifica\grn\.env\Lib\site-packages\pandas\core\internals\blocks.py
fn=maybe_coerce_values
2187 7800
cfl=c:\Users\Pedro\faculdade\IniciacaoCientifica\grn\.env\Lib\site-packages\pandas\core\construction.py
cfn=ensure_wrapped_if_datetimelike
calls=7 495
2187 2800
cfl=~
cfn=<built-in method builtins.isinstance>
calls=24 0
2187 2000
cfl=~
cfn=<built-in method builtins.issubclass>
calls=7 0
2187 700

fl=c:\Users\Pedro\faculdade\IniciacaoCientifica\grn\.env\Lib\site-packages\pandas\core\internals\blocks.py
fn=get_block_type
2216 23100
cfl=~
cfn=<built-in method builtins.isinstance>
calls=132 0
2216 9900

fl=c:\Users\Pedro\faculdade\IniciacaoCientifica\grn\.env\Lib\site-packages\pandas\core\internals\blocks.py
fn=new_block_2d
2245 15100
cfl=c:\Users\Pedro\faculdade\IniciacaoCientifica\grn\.env\Lib\site-packages\pandas\core\arrays\numpy_.py
cfn=dtype
calls=5 179
2245 300
cfl=c:\Users\Pedro\faculdade\IniciacaoCientifica\grn\.env\Lib\site-packages\pandas\core\internals\blocks.py
cfn=maybe_coerce_values
calls=12 2187
2245 13300
cfl=c:\Users\Pedro\faculdade\IniciacaoCientifica\grn\.env\Lib\site-packages\pandas\core\internals\blocks.py
cfn=get_block_type
calls=12 2216
2245 7900

fl=c:\Users\Pedro\faculdade\IniciacaoCientifica\grn\.env\Lib\site-packages\pandas\core\internals\blocks.py
fn=new_block
2258 15600
cfl=c:\Users\Pedro\faculdade\IniciacaoCientifica\grn\.env\Lib\site-packages\pandas\core\internals\blocks.py
cfn=get_block_type
calls=16 2216
2258 12900

fl=c:\Users\Pedro\faculdade\IniciacaoCientifica\grn\.env\Lib\site-packages\pandas\core\internals\blocks.py
fn=extend_blocks
2336 9300
cfl=~
cfn=<built-in method builtins.isinstance>
calls=32 0
2336 2800
cfl=~
cfn=<method 'append' of 'list' objects>
calls=16 0
2336 2700

fl=c:\Users\Pedro\faculdade\IniciacaoCientifica\grn\.env\Lib\site-packages\pandas\core\internals\blocks.py
fn=ensure_block_shape
2352 17200
cfl=C:\Users\Pedro\AppData\Local\Python\pythoncore-3.14-64\Lib\typing.py
cfn=cast
calls=17 2300
2352 1100
cfl=c:\Users\Pedro\faculdade\IniciacaoCientifica\grn\.env\Lib\site-packages\pandas\core\arrays\numpy_.py
cfn=dtype
calls=5 179
2352 500
cfl=c:\Users\Pedro\faculdade\IniciacaoCientifica\grn\.env\Lib\site-packages\pandas\core\dtypes\common.py
cfn=is_1d_only_ea_dtype
calls=22 1473
2352 8500
cfl=~
cfn=<method 'reshape' of 'numpy.ndarray' objects>
calls=17 0
2352 8100

fl=c:\Users\Pedro\faculdade\IniciacaoCientifica\grn\.env\Lib\site-packages\pandas\core\internals\construction.py
fn=arrays_to_mgr
96 11000
cfl=c:\Users\Pedro\faculdade\IniciacaoCientifica\grn\.env\Lib\site-packages\pandas\core\indexes\base.py
cfn=ensure_index
calls=6 7919
96 2100
cfl=c:\Users\Pedro\faculdade\IniciacaoCientifica\grn\.env\Lib\site-packages\pandas\core\internals\construction.py
cfn=_homogenize
calls=3 553
96 505800
cfl=c:\Users\Pedro\faculdade\IniciacaoCientifica\grn\.env\Lib\site-packages\pandas\core\internals\managers.py
cfn=create_block_manager_from_column_arrays
calls=3 2319
96 273200
cfl=~
cfn=<built-in method builtins.len>
calls=6 0
96 2000

fl=c:\Users\Pedro\faculdade\IniciacaoCientifica\grn\.env\Lib\site-packages\pandas\core\internals\construction.py
fn=dict_to_mgr
375 16300
cfl=c:\Users\Pedro\faculdade\IniciacaoCientifica\grn\.env\Lib\site-packages\pandas\core\arrays\base.py
cfn=__iter__
calls=13 559
375 13300
cfl=c:\Users\Pedro\faculdade\IniciacaoCientifica\grn\.env\Lib\site-packages\pandas\core\base.py
cfn=__iter__
calls=1 931
375 2500
cfl=c:\Users\Pedro\faculdade\IniciacaoCientifica\grn\.env\Lib\site-packages\pandas\core\indexes\base.py
cfn=get_loc
calls=12 3601
375 55100
cfl=c:\Users\Pedro\faculdade\IniciacaoCientifica\grn\.env\Lib\site-packages\pandas\core\indexes\base.py
cfn=ensure_index
calls=3 7919
375 176200
cfl=c:\Users\Pedro\faculdade\IniciacaoCientifica\grn\.env\Lib\site-packages\pandas\core\internals\construction.py
cfn=arrays_to_mgr
calls=1 96
375 294000
cfl=~
cfn=<built-in method builtins.len>
calls=1 0
375 1300
cfl=~
cfn=<method 'keys' of 'dict' objects>
calls=1 0
375 300
cfl=~
cfn=<method 'values' of 'dict' objects>
calls=1 0
375 100

fl=c:\Users\Pedro\faculdade\IniciacaoCientifica\grn\.env\Lib\site-packages\pandas\core\internals\construction.py
fn=nested_data_to_arrays
463 10700
cfl=c:\Users\Pedro\faculdade\IniciacaoCientifica\grn\.env\Lib\site-packages\pandas\core\dtypes\inference.py
cfn=is_named_tuple
calls=2 349
463 3500
cfl=c:\Users\Pedro\faculdade\IniciacaoCientifica\grn\.env\Lib\site-packages\pandas\core\indexes\api.py
cfn=default_index
calls=2 340
463 8000
cfl=c:\Users\Pedro\faculdade\IniciacaoCientifica\grn\.env\Lib\site-packages\pandas\core\indexes\base.py
cfn=ensure_index
calls=2 7919
463 600
cfl=c:\Users\Pedro\faculdade\IniciacaoCientifica\grn\.env\Lib\site-packages\pandas\core\internals\construction.py
cfn=to_arrays
calls=2 759
463 714000
cfl=~
cfn=<built-in method builtins.isinstance>
calls=2 0
463 2800
cfl=~
cfn=<built-in method builtins.len>
calls=2 0
463 200

fl=c:\Users\Pedro\faculdade\IniciacaoCientifica\grn\.env\Lib\site-packages\pandas\core\internals\construction.py
fn=treat_as_nested
489 6200
cfl=~
cfn=<built-in method builtins.getattr>
calls=2 0
489 400
cfl=~
cfn=<built-in method builtins.isinstance>
calls=2 0
489 200
cfl=~
cfn=<built-in method builtins.len>
calls=2 0
489 200

fl=c:\Users\Pedro\faculdade\IniciacaoCientifica\grn\.env\Lib\site-packages\pandas\core\internals\construction.py
fn=_homogenize
553 43500
cfl=c:\Users\Pedro\faculdade\IniciacaoCientifica\grn\.env\Lib\site-packages\pandas\core\common.py
cfn=require_length_match
calls=36 596
553 31900
cfl=c:\Users\Pedro\faculdade\IniciacaoCientifica\grn\.env\Lib\site-packages\pandas\core\construction.py
cfn=sanitize_array
calls=36 531
553 387000
cfl=~
cfn=<built-in method builtins.isinstance>
calls=72 0
553 33800
cfl=~
cfn=<method 'append' of 'list' objects>
calls=72 0
553 9600

fl=c:\Users\Pedro\faculdade\IniciacaoCientifica\grn\.env\Lib\site-packages\pandas\core\internals\construction.py
fn=to_arrays
759 10300
cfl=c:\Users\Pedro\faculdade\IniciacaoCientifica\grn\.env\Lib\site-packages\pandas\core\internals\construction.py
cfn=_list_of_dict_to_arrays
calls=2 858
759 372200
cfl=c:\Users\Pedro\faculdade\IniciacaoCientifica\grn\.env\Lib\site-packages\pandas\core\internals\construction.py
cfn=_finalize_columns_and_data
calls=2 900
759 328400
cfl=~
cfn=<built-in method builtins.isinstance>
calls=6 0
759 3000
cfl=~
cfn=<built-in method builtins.len>
calls=2 0
759 100

fl=c:\Users\Pedro\faculdade\IniciacaoCientifica\grn\.env\Lib\site-packages\pandas\core\internals\construction.py
fn=_list_of_dict_to_arrays
858 28600
cfl=c:\Users\Pedro\faculdade\IniciacaoCientifica\grn\.env\Lib\site-packages\pandas\core\indexes\base.py
cfn=ensure_index
calls=2 7919
858 337600
cfl=c:\Users\Pedro\faculdade\IniciacaoCientifica\grn\.env\Lib\site-packages\pandas\core\internals\construction.py
cfn=<genexpr>:886
calls=4 886
858 3200
cfl=c:\Users\Pedro\faculdade\IniciacaoCientifica\grn\.env\Lib\site-packages\pandas\core\internals\construction.py
cfn=<genexpr>:887
calls=4 887
858 2800

fl=c:\Users\Pedro\faculdade\IniciacaoCientifica\grn\.env\Lib\site-packages\pandas\core\internals\construction.py
fn=<genexpr>:886
886 2500
cfl=~
cfn=<method 'keys' of 'dict' objects>
calls=2 0
886 700

fl=c:\Users\Pedro\faculdade\IniciacaoCientifica\grn\.env\Lib\site-packages\pandas\core\internals\construction.py
fn=<genexpr>:887
887 2600
cfl=~
cfn=<built-in method builtins.isinstance>
calls=2 0
887 200

fl=c:\Users\Pedro\faculdade\IniciacaoCientifica\grn\.env\Lib\site-packages\pandas\core\internals\construction.py
fn=_finalize_columns_and_data
900 17600
cfl=c:\Users\Pedro\faculdade\IniciacaoCientifica\grn\.env\Lib\site-packages\pandas\core\internals\construction.py
cfn=_validate_or_indexify_columns
calls=2 922
900 5900
cfl=c:\Users\Pedro\faculdade\IniciacaoCientifica\grn\.env\Lib\site-packages\pandas\core\internals\construction.py
cfn=convert_object_array
calls=2 977
900 304900

fl=c:\Users\Pedro\faculdade\IniciacaoCientifica\grn\.env\Lib\site-packages\pandas\core\internals\construction.py
fn=_validate_or_indexify_columns
922 2100
cfl=~
cfn=<built-in method builtins.isinstance>
calls=2 0
922 500
cfl=~
cfn=<built-in method builtins.len>
calls=4 0
922 3300

fl=c:\Users\Pedro\faculdade\IniciacaoCientifica\grn\.env\Lib\site-packages\pandas\core\internals\construction.py
fn=convert_object_array
977 9800
cfl=c:\Users\Pedro\faculdade\IniciacaoCientifica\grn\.env\Lib\site-packages\pandas\core\internals\construction.py
cfn=convert
calls=24 999
977 295100

fl=c:\Users\Pedro\faculdade\IniciacaoCientifica\grn\.env\Lib\site-packages\pandas\core\internals\construction.py
fn=convert
999 126700
cfl=c:\Users\Pedro\faculdade\IniciacaoCientifica\grn\.env\Lib\site-packages\numpy\_core\numeric.py
cfn=full
calls=44 323
999 59600
cfl=c:\Users\Pedro\faculdade\IniciacaoCientifica\grn\.env\Lib\site-packages\pandas\_config\__init__.py
cfn=using_string_dtype
calls=10 33
999 2000
cfl=c:\Users\Pedro\faculdade\IniciacaoCientifica\grn\.env\Lib\site-packages\pandas\core\arrays\string_.py
cfn=__init__
calls=10 197
999 56100
cfl=c:\Users\Pedro\faculdade\IniciacaoCientifica\grn\.env\Lib\site-packages\pandas\core\arrays\string_.py
cfn=construct_array_type
calls=10 312
999 9200
cfl=c:\Users\Pedro\faculdade\IniciacaoCientifica\grn\.env\Lib\site-packages\pandas\core\arrays\string_.py
cfn=_from_sequence
calls=10 756
999 39400
cfl=~
cfn=<built-in method builtins.isinstance>
calls=24 0
999 2100

fl=c:\Users\Pedro\faculdade\IniciacaoCientifica\grn\.env\Lib\site-packages\pandas\core\internals\managers.py
fn=shape
215 3500
cfl=c:\Users\Pedro\faculdade\IniciacaoCientifica\grn\.env\Lib\site-packages\pandas\core\internals\managers.py
cfn=<genexpr>
calls=6 217
215 4200

fl=c:\Users\Pedro\faculdade\IniciacaoCientifica\grn\.env\Lib\site-packages\pandas\core\internals\managers.py
fn=<genexpr>
217 1700
cfl=~
cfn=<built-in method builtins.len>
calls=4 0
217 2500

fl=c:\Users\Pedro\faculdade\IniciacaoCientifica\grn\.env\Lib\site-packages\pandas\core\internals\managers.py
fn=blknos
223 19800
cfl=c:\Users\Pedro\faculdade\IniciacaoCientifica\grn\.env\Lib\site-packages\pandas\core\internals\managers.py
cfn=shape
calls=2 215
223 7700

fl=c:\Users\Pedro\faculdade\IniciacaoCientifica\grn\.env\Lib\site-packages\pandas\core\internals\managers.py
fn=blklocs
239 3000

fl=c:\Users\Pedro\faculdade\IniciacaoCientifica\grn\.env\Lib\site-packages\pandas\core\internals\managers.py
fn=apply
399 31500
cfl=c:\Users\Pedro\faculdade\IniciacaoCientifica\grn\.env\Lib\site-packages\pandas\core\indexes\base.py
cfn=view
calls=4 1033
399 15700
cfl=c:\Users\Pedro\faculdade\IniciacaoCientifica\grn\.env\Lib\site-packages\pandas\core\internals\blocks.py
cfn=get_values_for_csv
calls=16 624
399 609900
cfl=c:\Users\Pedro\faculdade\IniciacaoCientifica\grn\.env\Lib\site-packages\pandas\core\internals\blocks.py
cfn=extend_blocks
calls=16 2336
399 14800
cfl=c:\Users\Pedro\faculdade\IniciacaoCientifica\grn\.env\Lib\site-packages\pandas\core\internals\managers.py
cfn=from_blocks
calls=2 1130
399 3400
cfl=~
cfn=<built-in method builtins.callable>
calls=16 0
399 1800
cfl=~
cfn=<built-in method builtins.getattr>
calls=16 0
399 2900

fl=c:\Users\Pedro\faculdade\IniciacaoCientifica\grn\.env\Lib\site-packages\pandas\core\internals\managers.py
fn=get_values_for_csv
622 6000
cfl=c:\Users\Pedro\faculdade\IniciacaoCientifica\grn\.env\Lib\site-packages\pandas\core\internals\managers.py
cfn=apply
calls=2 399
622 680000

fl=c:\Users\Pedro\faculdade\IniciacaoCientifica\grn\.env\Lib\site-packages\pandas\core\internals\managers.py
fn=__init__
1095 1300

fl=c:\Users\Pedro\faculdade\IniciacaoCientifica\grn\.env\Lib\site-packages\pandas\core\internals\managers.py
fn=from_blocks
1130 3200
cfl=c:\Users\Pedro\faculdade\IniciacaoCientifica\grn\.env\Lib\site-packages\pandas\core\internals\managers.py
cfn=__init__
calls=2 1095
1130 200

fl=c:\Users\Pedro\faculdade\IniciacaoCientifica\grn\.env\Lib\site-packages\pandas\core\internals\managers.py
fn=iget_values
1227 20300
cfl=c:\Users\Pedro\faculdade\IniciacaoCientifica\grn\.env\Lib\site-packages\pandas\core\internals\blocks.py
cfn=iget
calls=24 961
1227 5700
cfl=c:\Users\Pedro\faculdade\IniciacaoCientifica\grn\.env\Lib\site-packages\pandas\core\internals\managers.py
cfn=blknos
calls=24 223
1227 27500
cfl=c:\Users\Pedro\faculdade\IniciacaoCientifica\grn\.env\Lib\site-packages\pandas\core\internals\managers.py
cfn=blklocs
calls=24 239
1227 3000

fl=c:\Users\Pedro\faculdade\IniciacaoCientifica\grn\.env\Lib\site-packages\pandas\core\internals\managers.py
fn=is_consolidated
1944 3200
cfl=c:\Users\Pedro\faculdade\IniciacaoCientifica\grn\.env\Lib\site-packages\pandas\core\internals\managers.py
cfn=_consolidate_check
calls=2 1952
1944 31400

fl=c:\Users\Pedro\faculdade\IniciacaoCientifica\grn\.env\Lib\site-packages\pandas\core\internals\managers.py
fn=_consolidate_check
1952 15100
cfl=c:\Users\Pedro\faculdade\IniciacaoCientifica\grn\.env\Lib\site-packages\pandas\core\internals\blocks.py
cfn=_can_consolidate
calls=16 173
1952 14700
cfl=c:\Users\Pedro\faculdade\IniciacaoCientifica\grn\.env\Lib\site-packages\pandas\core\internals\blocks.py
cfn=dtype
calls=6 573
1952 1000
cfl=~
cfn=<built-in method builtins.len>
calls=6 0
1952 600

fl=c:\Users\Pedro\faculdade\IniciacaoCientifica\grn\.env\Lib\site-packages\pandas\core\internals\managers.py
fn=_consolidate_inplace
1962 1600
cfl=c:\Users\Pedro\faculdade\IniciacaoCientifica\grn\.env\Lib\site-packages\pandas\core\internals\managers.py
cfn=is_consolidated
calls=2 1944
1962 34600

fl=c:\Users\Pedro\faculdade\IniciacaoCientifica\grn\.env\Lib\site-packages\pandas\core\internals\managers.py
fn=create_block_manager_from_column_arrays
2319 15700
cfl=c:\Users\Pedro\faculdade\IniciacaoCientifica\grn\.env\Lib\site-packages\pandas\core\internals\managers.py
cfn=__init__
calls=3 1095
2319 800
cfl=c:\Users\Pedro\faculdade\IniciacaoCientifica\grn\.env\Lib\site-packages\pandas\core\internals\managers.py
cfn=_consolidate_inplace
calls=2 1962
2319 36200
cfl=c:\Users\Pedro\faculdade\IniciacaoCientifica\grn\.env\Lib\site-packages\pandas\core\internals\managers.py
cfn=_form_blocks
calls=3 2388
2319 220500

fl=c:\Users\Pedro\faculdade\IniciacaoCientifica\grn\.env\Lib\site-packages\pandas\core\internals\managers.py
fn=_grouping_func
2375 14100
cfl=c:\Users\Pedro\faculdade\IniciacaoCientifica\grn\.env\Lib\site-packages\pandas\core\arrays\numpy_.py
cfn=dtype
calls=10 179
2375 1000
cfl=c:\Users\Pedro\faculdade\IniciacaoCientifica\grn\.env\Lib\site-packages\pandas\core\dtypes\common.py
cfn=is_1d_only_ea_dtype
calls=24 1473
2375 10200
cfl=~
cfn=<built-in method builtins.id>
calls=10 0
2375 1200

fl=c:\Users\Pedro\faculdade\IniciacaoCientifica\grn\.env\Lib\site-packages\pandas\core\internals\managers.py
fn=_form_blocks
2388 59400
cfl=c:\Users\Pedro\faculdade\IniciacaoCientifica\grn\.env\Lib\site-packages\numpy\_core\_asarray.py
cfn=require
calls=6 22
2388 20700
cfl=c:\Users\Pedro\faculdade\IniciacaoCientifica\grn\.env\Lib\site-packages\pandas\core\dtypes\common.py
cfn=is_1d_only_ea_dtype
calls=10 1473
2388 4400
cfl=c:\Users\Pedro\faculdade\IniciacaoCientifica\grn\.env\Lib\site-packages\pandas\core\internals\blocks.py
cfn=get_block_type
calls=16 2216
2388 12200
cfl=c:\Users\Pedro\faculdade\IniciacaoCientifica\grn\.env\Lib\site-packages\pandas\core\internals\managers.py
cfn=_grouping_func
calls=12 2375
2388 17400
cfl=c:\Users\Pedro\faculdade\IniciacaoCientifica\grn\.env\Lib\site-packages\pandas\core\internals\managers.py
cfn=_tuples_to_blocks_no_consolidate
calls=1 2434
2388 63900
cfl=c:\Users\Pedro\faculdade\IniciacaoCientifica\grn\.env\Lib\site-packages\pandas\core\internals\managers.py
cfn=_stack_arrays
calls=6 2444
2388 36900
cfl=~
cfn=<built-in method builtins.isinstance>
calls=16 0
2388 2100
cfl=~
cfn=<built-in method builtins.issubclass>
calls=6 0
2388 800
cfl=~
cfn=<method 'append' of 'list' objects>
calls=6 0
2388 800
cfl=~
cfn=<method 'extend' of 'list' objects>
calls=10 0
2388 1900

fl=c:\Users\Pedro\faculdade\IniciacaoCientifica\grn\.env\Lib\site-packages\pandas\core\internals\managers.py
fn=_tuples_to_blocks_no_consolidate
2434 10500
cfl=c:\Users\Pedro\faculdade\IniciacaoCientifica\grn\.env\Lib\site-packages\pandas\core\internals\blocks.py
cfn=new_block_2d
calls=12 2245
2434 36600
cfl=c:\Users\Pedro\faculdade\IniciacaoCientifica\grn\.env\Lib\site-packages\pandas\core\internals\blocks.py
cfn=ensure_block_shape
calls=12 2352
2434 16800

fl=c:\Users\Pedro\faculdade\IniciacaoCientifica\grn\.env\Lib\site-packages\pandas\core\internals\managers.py
fn=_stack_arrays
2444 24500
cfl=c:\Users\Pedro\faculdade\IniciacaoCientifica\grn\.env\Lib\site-packages\pandas\core\internals\managers.py
cfn=_grouping_func
calls=12 2375
2444 9100
cfl=~
cfn=<built-in method builtins.len>
calls=6 0
2444 500
cfl=~
cfn=<built-in method numpy.empty>
calls=6 0
2444 2800

fl=c:\Users\Pedro\faculdade\IniciacaoCientifica\grn\.env\Lib\site-packages\pandas\io\common.py
fn=close
126 6300
cfl=~
cfn=<method 'close' of '_io.TextIOWrapper' objects>
calls=3 0
126 199400

fl=c:\Users\Pedro\faculdade\IniciacaoCientifica\grn\.env\Lib\site-packages\pandas\io\common.py
fn=__enter__
143 300

fl=c:\Users\Pedro\faculdade\IniciacaoCientifica\grn\.env\Lib\site-packages\pandas\io\common.py
fn=__exit__
146 2800
cfl=c:\Users\Pedro\faculdade\IniciacaoCientifica\grn\.env\Lib\site-packages\pandas\io\common.py
cfn=close
calls=2 126
146 177400

fl=c:\Users\Pedro\faculdade\IniciacaoCientifica\grn\.env\Lib\site-packages\pandas\io\common.py
fn=is_url
155 6200
cfl=C:\Users\Pedro\AppData\Local\Python\pythoncore-3.14-64\Lib\urllib\parse.py
cfn=urlparse
calls=3 374
155 44100
cfl=~
cfn=<built-in method builtins.isinstance>
calls=3 0
155 200

fl=c:\Users\Pedro\faculdade\IniciacaoCientifica\grn\.env\Lib\site-packages\pandas\io\common.py
fn=_expand_user
181 7800
cfl=<frozen ntpath>
cfn=expanduser
calls=9 343
181 9500
cfl=~
cfn=<built-in method builtins.isinstance>
calls=9 0
181 700

fl=c:\Users\Pedro\faculdade\IniciacaoCientifica\grn\.env\Lib\site-packages\pandas\io\common.py
fn=validate_header_arg
200 1100
cfl=C:\Users\Pedro\AppData\Local\Python\pythoncore-3.14-64\Lib\typing.py
cfn=cast
calls=1 2300
200 100

fl=c:\Users\Pedro\faculdade\IniciacaoCientifica\grn\.env\Lib\site-packages\pandas\io\common.py
fn=stringify_path
241 5400
cfl=c:\Users\Pedro\faculdade\IniciacaoCientifica\grn\.env\Lib\site-packages\pandas\core\dtypes\inference.py
cfn=is_file_like
calls=3 106
241 2200
cfl=c:\Users\Pedro\faculdade\IniciacaoCientifica\grn\.env\Lib\site-packages\pandas\io\common.py
cfn=_expand_user
calls=6 181
241 13600
cfl=~
cfn=<built-in method builtins.isinstance>
calls=6 0
241 5600

fl=c:\Users\Pedro\faculdade\IniciacaoCientifica\grn\.env\Lib\site-packages\pandas\io\common.py
fn=is_fsspec_url
285 5600
cfl=~
cfn=<built-in method builtins.isinstance>
calls=3 0
285 400
cfl=~
cfn=<method 'match' of 're.Pattern' objects>
calls=3 0
285 2500

fl=c:\Users\Pedro\faculdade\IniciacaoCientifica\grn\.env\Lib\site-packages\pandas\io\common.py
fn=_get_filepath_or_buffer
297 23400
cfl=<string>
cfn=__init__:2
calls=3 2
297 2700
cfl=c:\Users\Pedro\faculdade\IniciacaoCientifica\grn\.env\Lib\site-packages\pandas\io\common.py
cfn=is_url
calls=3 155
297 50500
cfl=c:\Users\Pedro\faculdade\IniciacaoCientifica\grn\.env\Lib\site-packages\pandas\io\common.py
cfn=_expand_user
calls=3 181
297 4400
cfl=c:\Users\Pedro\faculdade\IniciacaoCientifica\grn\.env\Lib\site-packages\pandas\io\common.py
cfn=stringify_path
calls=3 241
297 19800
cfl=c:\Users\Pedro\faculdade\IniciacaoCientifica\grn\.env\Lib\site-packages\pandas\io\common.py
cfn=is_fsspec_url
calls=3 285
297 8500
cfl=c:\Users\Pedro\faculdade\IniciacaoCientifica\grn\.env\Lib\site-packages\pandas\io\common.py
cfn=get_compression_method
calls=3 539
297 4200
cfl=c:\Users\Pedro\faculdade\IniciacaoCientifica\grn\.env\Lib\site-packages\pandas\io\common.py
cfn=infer_compression
calls=3 574
297 29200
cfl=~
cfn=<built-in method builtins.isinstance>
calls=6 0
297 900

fl=c:\Users\Pedro\faculdade\IniciacaoCientifica\grn\.env\Lib\site-packages\pandas\io\common.py
fn=get_compression_method
539 1900
cfl=~
cfn=<built-in method builtins.isinstance>
calls=3 0
539 2300

fl=c:\Users\Pedro\faculdade\IniciacaoCientifica\grn\.env\Lib\site-packages\pandas\io\common.py
fn=infer_compression
574 13800
cfl=c:\Users\Pedro\faculdade\IniciacaoCientifica\grn\.env\Lib\site-packages\pandas\io\common.py
cfn=stringify_path
calls=3 241
574 7000
cfl=~
cfn=<built-in method builtins.isinstance>
calls=6 0
574 600
cfl=~
cfn=<method 'endswith' of 'str' objects>
calls=27 0
574 3300
cfl=~
cfn=<method 'items' of 'dict' objects>
calls=3 0
574 700
cfl=~
cfn=<method 'lower' of 'str' objects>
calls=27 0
574 3800

fl=c:\Users\Pedro\faculdade\IniciacaoCientifica\grn\.env\Lib\site-packages\pandas\io\common.py
fn=check_parent_directory
645 10300
cfl=C:\Users\Pedro\AppData\Local\Python\pythoncore-3.14-64\Lib\pathlib\__init__.py
cfn=__init__
calls=2 135
645 4100
cfl=C:\Users\Pedro\AppData\Local\Python\pythoncore-3.14-64\Lib\pathlib\__init__.py
cfn=parent
calls=2 381
645 41600
cfl=C:\Users\Pedro\AppData\Local\Python\pythoncore-3.14-64\Lib\pathlib\__init__.py
cfn=__new__
calls=2 632
645 2400
cfl=C:\Users\Pedro\AppData\Local\Python\pythoncore-3.14-64\Lib\pathlib\__init__.py
cfn=is_dir
calls=2 674
645 105800

fl=c:\Users\Pedro\faculdade\IniciacaoCientifica\grn\.env\Lib\site-packages\pandas\io\common.py
fn=get_handle
701 49600
cfl=<string>
cfn=__init__:2
calls=3 2
701 2400
cfl=c:\Users\Pedro\faculdade\IniciacaoCientifica\grn\.env\Lib\site-packages\pandas\io\common.py
cfn=_get_filepath_or_buffer
calls=3 297
701 143600
cfl=c:\Users\Pedro\faculdade\IniciacaoCientifica\grn\.env\Lib\site-packages\pandas\io\common.py
cfn=check_parent_directory
calls=2 645
701 164200
cfl=c:\Users\Pedro\faculdade\IniciacaoCientifica\grn\.env\Lib\site-packages\pandas\io\common.py
cfn=_maybe_memory_map
calls=3 1178
701 3100
cfl=c:\Users\Pedro\faculdade\IniciacaoCientifica\grn\.env\Lib\site-packages\pandas\io\common.py
cfn=_is_binary_mode
calls=6 1228
701 33800
cfl=~
cfn=<built-in method _codecs.lookup>
calls=3 0
701 2700
cfl=~
cfn=<built-in method _codecs.lookup_error>
calls=3 0
701 1600
cfl=~
cfn=<built-in method _io.open>
calls=3 0
701 8465400
cfl=~
cfn=<built-in method builtins.hasattr>
calls=1 0
701 700
cfl=~
cfn=<built-in method builtins.isinstance>
calls=9 0
701 700
cfl=~
cfn=<method 'append' of 'list' objects>
calls=3 0
701 1000
cfl=~
cfn=<method 'pop' of 'dict' objects>
calls=3 0
701 700
cfl=~
cfn=<method 'reverse' of 'list' objects>
calls=3 0
701 700

fl=c:\Users\Pedro\faculdade\IniciacaoCientifica\grn\.env\Lib\site-packages\pandas\io\common.py
fn=_maybe_memory_map
1178 2500
cfl=~
cfn=<built-in method builtins.hasattr>
calls=3 0
1178 500
cfl=~
cfn=<built-in method builtins.isinstance>
calls=3 0
1178 100

fl=c:\Users\Pedro\faculdade\IniciacaoCientifica\grn\.env\Lib\site-packages\pandas\io\common.py
fn=_is_binary_mode
1228 13400
cfl=~
cfn=<built-in method builtins.getattr>
calls=6 0
1228 1400
cfl=~
cfn=<built-in method builtins.isinstance>
calls=6 0
1228 17200
cfl=~
cfn=<built-in method builtins.issubclass>
calls=6 0
1228 1800

fl=c:\Users\Pedro\faculdade\IniciacaoCientifica\grn\.env\Lib\site-packages\pandas\io\common.py
fn=is_potential_multi_index
1267 5900
cfl=c:\Users\Pedro\faculdade\IniciacaoCientifica\grn\.env\Lib\site-packages\pandas\io\common.py
cfn=<genexpr>
calls=4 1294
1267 2200
cfl=~
cfn=<built-in method builtins.isinstance>
calls=2 0
1267 3600
cfl=~
cfn=<built-in method builtins.len>
calls=2 0
1267 200

fl=c:\Users\Pedro\faculdade\IniciacaoCientifica\grn\.env\Lib\site-packages\pandas\io\common.py
fn=<genexpr>
1294 1900
cfl=~
cfn=<built-in method builtins.isinstance>
calls=2 0
1294 300

fl=c:\Users\Pedro\faculdade\IniciacaoCientifica\grn\.env\Lib\site-packages\pandas\io\common.py
fn=dedup_names
1298 5400

fl=c:\Users\Pedro\faculdade\IniciacaoCientifica\grn\.env\Lib\site-packages\pandas\io\formats\csvs.py
fn=<module>
1 20000
cfl=<frozen importlib._bootstrap>
cfn=_handle_fromlist
calls=1 1401
1 1300
cfl=C:\Users\Pedro\AppData\Local\Python\pythoncore-3.14-64\Lib\typing.py
cfn=__getattr__
calls=1 3827
1 3100
cfl=~
cfn=<built-in method builtins.__build_class__>
calls=1 0
1 30800

fl=c:\Users\Pedro\faculdade\IniciacaoCientifica\grn\.env\Lib\site-packages\pandas\io\formats\csvs.py
fn=CSVFormatter
56 14100

fl=c:\Users\Pedro\faculdade\IniciacaoCientifica\grn\.env\Lib\site-packages\pandas\io\formats\csvs.py
fn=__init__
59 12300
cfl=c:\Users\Pedro\faculdade\IniciacaoCientifica\grn\.env\Lib\site-packages\pandas\io\formats\csvs.py
cfn=_initialize_index_label
calls=2 121
59 13800
cfl=c:\Users\Pedro\faculdade\IniciacaoCientifica\grn\.env\Lib\site-packages\pandas\io\formats\csvs.py
cfn=_initialize_quotechar
calls=2 143
59 900
cfl=c:\Users\Pedro\faculdade\IniciacaoCientifica\grn\.env\Lib\site-packages\pandas\io\formats\csvs.py
cfn=_initialize_columns
calls=2 153
59 206800
cfl=c:\Users\Pedro\faculdade\IniciacaoCientifica\grn\.env\Lib\site-packages\pandas\io\formats\csvs.py
cfn=_initialize_chunksize
calls=2 174
59 1400

fl=c:\Users\Pedro\faculdade\IniciacaoCientifica\grn\.env\Lib\site-packages\pandas\io\formats\csvs.py
fn=na_rep
101 800

fl=c:\Users\Pedro\faculdade\IniciacaoCientifica\grn\.env\Lib\site-packages\pandas\io\formats\csvs.py
fn=float_format
105 600

fl=c:\Users\Pedro\faculdade\IniciacaoCientifica\grn\.env\Lib\site-packages\pandas\io\formats\csvs.py
fn=decimal
109 500

fl=c:\Users\Pedro\faculdade\IniciacaoCientifica\grn\.env\Lib\site-packages\pandas\io\formats\csvs.py
fn=header
113 1300

fl=c:\Users\Pedro\faculdade\IniciacaoCientifica\grn\.env\Lib\site-packages\pandas\io\formats\csvs.py
fn=index
117 1400

fl=c:\Users\Pedro\faculdade\IniciacaoCientifica\grn\.env\Lib\site-packages\pandas\io\formats\csvs.py
fn=_initialize_index_label
121 1600
cfl=c:\Users\Pedro\faculdade\IniciacaoCientifica\grn\.env\Lib\site-packages\pandas\io\formats\csvs.py
cfn=_get_index_label_from_obj
calls=2 130
121 12200

fl=c:\Users\Pedro\faculdade\IniciacaoCientifica\grn\.env\Lib\site-packages\pandas\io\formats\csvs.py
fn=_get_index_label_from_obj
130 4900
cfl=c:\Users\Pedro\faculdade\IniciacaoCientifica\grn\.env\Lib\site-packages\pandas\io\formats\csvs.py
cfn=_get_index_label_flat
calls=2 139
130 2700
cfl=~
cfn=<built-in method builtins.isinstance>
calls=2 0
130 4600

fl=c:\Users\Pedro\faculdade\IniciacaoCientifica\grn\.env\Lib\site-packages\pandas\io\formats\csvs.py
fn=_get_index_label_flat
139 2300
cfl=c:\Users\Pedro\faculdade\IniciacaoCientifica\grn\.env\Lib\site-packages\pandas\core\indexes\base.py
cfn=name
calls=2 1779
139 400

fl=c:\Users\Pedro\faculdade\IniciacaoCientifica\grn\.env\Lib\site-packages\pandas\io\formats\csvs.py
fn=_initialize_quotechar
143 900

fl=c:\Users\Pedro\faculdade\IniciacaoCientifica\grn\.env\Lib\site-packages\pandas\io\formats\csvs.py
fn=has_mi_columns
149 5800
cfl=~
cfn=<built-in method builtins.isinstance>
calls=6 0
149 7500

fl=c:\Users\Pedro\faculdade\IniciacaoCientifica\grn\.env\Lib\site-packages\pandas\io\formats\csvs.py
fn=_initialize_columns
153 7400
cfl=c:\Users\Pedro\faculdade\IniciacaoCientifica\grn\.env\Lib\site-packages\pandas\core\indexes\base.py
cfn=_get_values_for_csv
calls=2 1574
153 190500
cfl=c:\Users\Pedro\faculdade\IniciacaoCientifica\grn\.env\Lib\site-packages\pandas\io\formats\csvs.py
cfn=has_mi_columns
calls=2 149
153 4100
cfl=c:\Users\Pedro\faculdade\IniciacaoCientifica\grn\.env\Lib\site-packages\pandas\io\formats\csvs.py
cfn=_number_format
calls=2 179
153 4800

fl=c:\Users\Pedro\faculdade\IniciacaoCientifica\grn\.env\Lib\site-packages\pandas\io\formats\csvs.py
fn=_initialize_chunksize
174 1200
cfl=~
cfn=<built-in method builtins.len>
calls=2 0
174 200

fl=c:\Users\Pedro\faculdade\IniciacaoCientifica\grn\.env\Lib\site-packages\pandas\io\formats\csvs.py
fn=_number_format
179 7100
cfl=c:\Users\Pedro\faculdade\IniciacaoCientifica\grn\.env\Lib\site-packages\pandas\io\formats\csvs.py
cfn=na_rep
calls=4 101
179 800
cfl=c:\Users\Pedro\faculdade\IniciacaoCientifica\grn\.env\Lib\site-packages\pandas\io\formats\csvs.py
cfn=float_format
calls=4 105
179 600
cfl=c:\Users\Pedro\faculdade\IniciacaoCientifica\grn\.env\Lib\site-packages\pandas\io\formats\csvs.py
cfn=decimal
calls=4 109
179 500

fl=c:\Users\Pedro\faculdade\IniciacaoCientifica\grn\.env\Lib\site-packages\pandas\io\formats\csvs.py
fn=data_index
190 2500
cfl=~
cfn=<built-in method builtins.isinstance>
calls=4 0
190 7700

fl=c:\Users\Pedro\faculdade\IniciacaoCientifica\grn\.env\Lib\site-packages\pandas\io\formats\csvs.py
fn=nlevels
204 1100
cfl=c:\Users\Pedro\faculdade\IniciacaoCientifica\grn\.env\Lib\site-packages\pandas\io\formats\csvs.py
cfn=index
calls=4 117
204 700

fl=c:\Users\Pedro\faculdade\IniciacaoCientifica\grn\.env\Lib\site-packages\pandas\io\formats\csvs.py
fn=_has_aliases
211 4600
cfl=c:\Users\Pedro\faculdade\IniciacaoCientifica\grn\.env\Lib\site-packages\pandas\io\formats\csvs.py
cfn=header
calls=4 113
211 800
cfl=~
cfn=<built-in method builtins.isinstance>
calls=4 0
211 7400

fl=c:\Users\Pedro\faculdade\IniciacaoCientifica\grn\.env\Lib\site-packages\pandas\io\formats\csvs.py
fn=_need_to_save_header
215 2600
cfl=c:\Users\Pedro\faculdade\IniciacaoCientifica\grn\.env\Lib\site-packages\pandas\io\formats\csvs.py
cfn=header
calls=2 113
215 500
cfl=c:\Users\Pedro\faculdade\IniciacaoCientifica\grn\.env\Lib\site-packages\pandas\io\formats\csvs.py
cfn=_has_aliases
calls=2 211
215 8700

fl=c:\Users\Pedro\faculdade\IniciacaoCientifica\grn\.env\Lib\site-packages\pandas\io\formats\csvs.py
fn=write_cols
219 10500
cfl=C:\Users\Pedro\AppData\Local\Python\pythoncore-3.14-64\Lib\typing.py
cfn=inner
calls=2 396
219 2500
cfl=C:\Users\Pedro\AppData\Local\Python\pythoncore-3.14-64\Lib\typing.py
cfn=cast
calls=2 2300
219 200
cfl=c:\Users\Pedro\faculdade\IniciacaoCientifica\grn\.env\Lib\site-packages\pandas\io\formats\csvs.py
cfn=_has_aliases
calls=2 211
219 4100

fl=c:\Users\Pedro\faculdade\IniciacaoCientifica\grn\.env\Lib\site-packages\pandas\io\formats\csvs.py
fn=encoded_labels
233 11600
cfl=c:\Users\Pedro\faculdade\IniciacaoCientifica\grn\.env\Lib\site-packages\pandas\io\formats\csvs.py
cfn=index
calls=2 117
233 700
cfl=c:\Users\Pedro\faculdade\IniciacaoCientifica\grn\.env\Lib\site-packages\pandas\io\formats\csvs.py
cfn=has_mi_columns
calls=2 149
233 2400
cfl=c:\Users\Pedro\faculdade\IniciacaoCientifica\grn\.env\Lib\site-packages\pandas\io\formats\csvs.py
cfn=write_cols
calls=2 219
233 17300

fl=c:\Users\Pedro\faculdade\IniciacaoCientifica\grn\.env\Lib\site-packages\pandas\io\formats\csvs.py
fn=save
246 24900
cfl=c:\Users\Pedro\faculdade\IniciacaoCientifica\grn\.env\Lib\site-packages\pandas\io\common.py
cfn=__enter__
calls=2 143
246 300
cfl=c:\Users\Pedro\faculdade\IniciacaoCientifica\grn\.env\Lib\site-packages\pandas\io\common.py
cfn=__exit__
calls=2 146
246 180200
cfl=c:\Users\Pedro\faculdade\IniciacaoCientifica\grn\.env\Lib\site-packages\pandas\io\common.py
cfn=get_handle
calls=2 701
246 734800
cfl=c:\Users\Pedro\faculdade\IniciacaoCientifica\grn\.env\Lib\site-packages\pandas\io\formats\csvs.py
cfn=_save
calls=2 274
246 1167700
cfl=~
cfn=<built-in method _csv.writer>
calls=2 0
246 6600

fl=c:\Users\Pedro\faculdade\IniciacaoCientifica\grn\.env\Lib\site-packages\pandas\io\formats\csvs.py
fn=_save
274 6400
cfl=c:\Users\Pedro\faculdade\IniciacaoCientifica\grn\.env\Lib\site-packages\pandas\io\formats\csvs.py
cfn=_need_to_save_header
calls=2 215
274 11800
cfl=c:\Users\Pedro\faculdade\IniciacaoCientifica\grn\.env\Lib\site-packages\pandas\io\formats\csvs.py
cfn=_save_header
calls=2 279
274 50200
cfl=c:\Users\Pedro\faculdade\IniciacaoCientifica\grn\.env\Lib\site-packages\pandas\io\formats\csvs.py
cfn=_save_body
calls=2 307
274 1099300

fl=c:\Users\Pedro\faculdade\IniciacaoCientifica\grn\.env\Lib\site-packages\pandas\io\formats\csvs.py
fn=_save_header
279 6200
cfl=c:\Users\Pedro\faculdade\IniciacaoCientifica\grn\.env\Lib\site-packages\pandas\io\formats\csvs.py
cfn=has_mi_columns
calls=2 149
279 6800
cfl=c:\Users\Pedro\faculdade\IniciacaoCientifica\grn\.env\Lib\site-packages\pandas\io\formats\csvs.py
cfn=encoded_labels
calls=2 233
279 32000
cfl=~
cfn=<method 'writerow' of '_csv.writer' objects>
calls=2 0
279 5200

fl=c:\Users\Pedro\faculdade\IniciacaoCientifica\grn\.env\Lib\site-packages\pandas\io\formats\csvs.py
fn=_save_body
307 20500
cfl=c:\Users\Pedro\faculdade\IniciacaoCientifica\grn\.env\Lib\site-packages\pandas\io\formats\csvs.py
cfn=data_index
calls=2 190
307 10200
cfl=c:\Users\Pedro\faculdade\IniciacaoCientifica\grn\.env\Lib\site-packages\pandas\io\formats\csvs.py
cfn=_save_chunk
calls=2 317
307 1064800
cfl=~
cfn=<built-in method builtins.len>
calls=2 0
307 3200
cfl=~
cfn=<built-in method builtins.min>
calls=2 0
307 600

fl=c:\Users\Pedro\faculdade\IniciacaoCientifica\grn\.env\Lib\site-packages\pandas\io\formats\csvs.py
fn=_save_chunk
317 49400
cfl=c:\Users\Pedro\faculdade\IniciacaoCientifica\grn\.env\Lib\site-packages\pandas\core\frame.py
cfn=_get_values_for_csv
calls=2 1386
317 696400
cfl=c:\Users\Pedro\faculdade\IniciacaoCientifica\grn\.env\Lib\site-packages\pandas\core\frame.py
cfn=_iter_column_arrays
calls=26 4326
317 74900
cfl=c:\Users\Pedro\faculdade\IniciacaoCientifica\grn\.env\Lib\site-packages\pandas\core\indexing.py
cfn=iloc
calls=2 159
317 2500
cfl=c:\Users\Pedro\faculdade\IniciacaoCientifica\grn\.env\Lib\site-packages\pandas\core\indexing.py
cfn=__getitem__
calls=2 1192
317 234400
cfl=c:\Users\Pedro\faculdade\IniciacaoCientifica\grn\.env\Lib\site-packages\pandas\io\formats\csvs.py
cfn=_number_format
calls=2 179
317 4200
cfl=c:\Users\Pedro\faculdade\IniciacaoCientifica\grn\.env\Lib\site-packages\pandas\io\formats\csvs.py
cfn=nlevels
calls=4 204
317 1800
cfl=~
cfn=<built-in method numpy.empty>
calls=2 0
317 1200

fl=c:\Users\Pedro\faculdade\IniciacaoCientifica\grn\.env\Lib\site-packages\pandas\io\formats\format.py
fn=__init__:425
425 22800
cfl=c:\Users\Pedro\faculdade\IniciacaoCientifica\grn\.env\Lib\site-packages\pandas\io\formats\format.py
cfn=_initialize_sparsify
calls=2 526
425 7700
cfl=c:\Users\Pedro\faculdade\IniciacaoCientifica\grn\.env\Lib\site-packages\pandas\io\formats\format.py
cfn=_initialize_formatters
calls=2 531
425 200
cfl=c:\Users\Pedro\faculdade\IniciacaoCientifica\grn\.env\Lib\site-packages\pandas\io\formats\format.py
cfn=_initialize_justify
calls=2 544
425 11900
cfl=c:\Users\Pedro\faculdade\IniciacaoCientifica\grn\.env\Lib\site-packages\pandas\io\formats\format.py
cfn=_initialize_columns
calls=2 550
425 1900
cfl=c:\Users\Pedro\faculdade\IniciacaoCientifica\grn\.env\Lib\site-packages\pandas\io\formats\format.py
cfn=_initialize_colspace
calls=2 558
425 400
cfl=c:\Users\Pedro\faculdade\IniciacaoCientifica\grn\.env\Lib\site-packages\pandas\io\formats\format.py
cfn=_calc_max_cols_fitted
calls=2 582
425 2800
cfl=c:\Users\Pedro\faculdade\IniciacaoCientifica\grn\.env\Lib\site-packages\pandas\io\formats\format.py
cfn=_calc_max_rows_fitted
calls=2 593
425 3400
cfl=c:\Users\Pedro\faculdade\IniciacaoCientifica\grn\.env\Lib\site-packages\pandas\io\formats\format.py
cfn=truncate
calls=2 650
425 4600
cfl=c:\Users\Pedro\faculdade\IniciacaoCientifica\grn\.env\Lib\site-packages\pandas\io\formats\format.py
cfn=_validate_float_format
calls=2 851
425 100
cfl=c:\Users\Pedro\faculdade\IniciacaoCientifica\grn\.env\Lib\site-packages\pandas\io\formats\printing.py
cfn=get_adjustment
calls=2 582
425 19600

fl=c:\Users\Pedro\faculdade\IniciacaoCientifica\grn\.env\Lib\site-packages\pandas\io\formats\format.py
fn=is_truncated_horizontally
494 800

fl=c:\Users\Pedro\faculdade\IniciacaoCientifica\grn\.env\Lib\site-packages\pandas\io\formats\format.py
fn=is_truncated_vertically
498 700

fl=c:\Users\Pedro\faculdade\IniciacaoCientifica\grn\.env\Lib\site-packages\pandas\io\formats\format.py
fn=_initialize_sparsify
526 700
cfl=c:\Users\Pedro\faculdade\IniciacaoCientifica\grn\.env\Lib\site-packages\pandas\_config\config.py
cfn=get_option
calls=2 143
526 7000

fl=c:\Users\Pedro\faculdade\IniciacaoCientifica\grn\.env\Lib\site-packages\pandas\io\formats\format.py
fn=_initialize_formatters
531 200

fl=c:\Users\Pedro\faculdade\IniciacaoCientifica\grn\.env\Lib\site-packages\pandas\io\formats\format.py
fn=_initialize_justify
544 1600
cfl=c:\Users\Pedro\faculdade\IniciacaoCientifica\grn\.env\Lib\site-packages\pandas\_config\config.py
cfn=get_option
calls=2 143
544 10300

fl=c:\Users\Pedro\faculdade\IniciacaoCientifica\grn\.env\Lib\site-packages\pandas\io\formats\format.py
fn=_initialize_columns
550 1900

fl=c:\Users\Pedro\faculdade\IniciacaoCientifica\grn\.env\Lib\site-packages\pandas\io\formats\format.py
fn=_initialize_colspace
558 400

fl=c:\Users\Pedro\faculdade\IniciacaoCientifica\grn\.env\Lib\site-packages\pandas\io\formats\format.py
fn=_calc_max_cols_fitted
582 1700
cfl=c:\Users\Pedro\faculdade\IniciacaoCientifica\grn\.env\Lib\site-packages\pandas\io\formats\format.py
cfn=_is_in_terminal
calls=2 626
582 1100

fl=c:\Users\Pedro\faculdade\IniciacaoCientifica\grn\.env\Lib\site-packages\pandas\io\formats\format.py
fn=_calc_max_rows_fitted
593 2200
cfl=c:\Users\Pedro\faculdade\IniciacaoCientifica\grn\.env\Lib\site-packages\pandas\io\formats\format.py
cfn=_adjust_max_rows
calls=2 612
593 400
cfl=c:\Users\Pedro\faculdade\IniciacaoCientifica\grn\.env\Lib\site-packages\pandas\io\formats\format.py
cfn=_is_in_terminal
calls=2 626
593 800

fl=c:\Users\Pedro\faculdade\IniciacaoCientifica\grn\.env\Lib\site-packages\pandas\io\formats\format.py
fn=_adjust_max_rows
612 400

fl=c:\Users\Pedro\faculdade\IniciacaoCientifica\grn\.env\Lib\site-packages\pandas\io\formats\format.py
fn=_is_in_terminal
626 1900

fl=c:\Users\Pedro\faculdade\IniciacaoCientifica\grn\.env\Lib\site-packages\pandas\io\formats\format.py
fn=truncate
650 3100
cfl=c:\Users\Pedro\faculdade\IniciacaoCientifica\grn\.env\Lib\site-packages\pandas\io\formats\format.py
cfn=is_truncated_horizontally
calls=2 494
650 800
cfl=c:\Users\Pedro\faculdade\IniciacaoCientifica\grn\.env\Lib\site-packages\pandas\io\formats\format.py
cfn=is_truncated_vertically
calls=2 498
650 700

fl=c:\Users\Pedro\faculdade\IniciacaoCientifica\grn\.env\Lib\site-packages\pandas\io\formats\format.py
fn=_validate_float_format
851 100

fl=c:\Users\Pedro\faculdade\IniciacaoCientifica\grn\.env\Lib\site-packages\pandas\io\formats\format.py
fn=__init__:892
892 500

fl=c:\Users\Pedro\faculdade\IniciacaoCientifica\grn\.env\Lib\site-packages\pandas\io\formats\format.py
fn=to_csv
976 16400
cfl=<frozen importlib._bootstrap>
cfn=_load_unlocked
calls=0 914
976 0
cfl=<frozen importlib._bootstrap>
cfn=_find_and_load
calls=0 1360
976 0
cfl=c:\Users\Pedro\faculdade\IniciacaoCientifica\grn\.env\Lib\site-packages\pandas\io\formats\csvs.py
cfn=__init__
calls=1 59
976 71900
cfl=c:\Users\Pedro\faculdade\IniciacaoCientifica\grn\.env\Lib\site-packages\pandas\io\formats\csvs.py
cfn=save
calls=1 246
976 901000
cfl=~
cfn=<built-in method builtins.isinstance>
calls=1 0
976 7500
cfl=~
cfn=<method 'append' of 'list' objects>
calls=1 0
976 200

fl=c:\Users\Pedro\faculdade\IniciacaoCientifica\grn\.env\Lib\site-packages\pandas\io\formats\printing.py
fn=__init__
522 900
cfl=c:\Users\Pedro\faculdade\IniciacaoCientifica\grn\.env\Lib\site-packages\pandas\_config\config.py
cfn=get_option
calls=2 143
522 6400

fl=c:\Users\Pedro\faculdade\IniciacaoCientifica\grn\.env\Lib\site-packages\pandas\io\formats\printing.py
fn=get_adjustment
582 4700
cfl=c:\Users\Pedro\faculdade\IniciacaoCientifica\grn\.env\Lib\site-packages\pandas\_config\config.py
cfn=get_option
calls=2 143
582 7600
cfl=c:\Users\Pedro\faculdade\IniciacaoCientifica\grn\.env\Lib\site-packages\pandas\io\formats\printing.py
cfn=__init__
calls=2 522
582 7300

fl=c:\Users\Pedro\faculdade\IniciacaoCientifica\grn\.env\Lib\site-packages\pandas\io\parsers\base_parser.py
fn=__init__
99 17500
cfl=C:\Users\Pedro\AppData\Local\Python\pythoncore-3.14-64\Lib\copy.py
cfn=copy
calls=1 62
99 1100
cfl=c:\Users\Pedro\faculdade\IniciacaoCientifica\grn\.env\Lib\site-packages\pandas\io\parsers\base_parser.py
cfn=_validate_usecols_arg
calls=1 921
99 300
cfl=~
cfn=<method 'get' of 'dict' objects>
calls=13 0
99 2100
cfl=~
cfn=<method 'pop' of 'dict' objects>
calls=5 0
99 900

fl=c:\Users\Pedro\faculdade\IniciacaoCientifica\grn\.env\Lib\site-packages\pandas\io\parsers\base_parser.py
fn=_extract_multi_indexer_columns
189 800
cfl=~
cfn=<built-in method builtins.len>
calls=1 0
189 400

fl=c:\Users\Pedro\faculdade\IniciacaoCientifica\grn\.env\Lib\site-packages\pandas\io\parsers\base_parser.py
fn=_maybe_make_multi_index_columns
260 700
cfl=c:\Users\Pedro\faculdade\IniciacaoCientifica\grn\.env\Lib\site-packages\pandas\io\common.py
cfn=is_potential_multi_index
calls=1 1267
260 3200

fl=c:\Users\Pedro\faculdade\IniciacaoCientifica\grn\.env\Lib\site-packages\pandas\io\parsers\base_parser.py
fn=_make_index
272 1800
cfl=c:\Users\Pedro\faculdade\IniciacaoCientifica\grn\.env\Lib\site-packages\pandas\io\parsers\base_parser.py
cfn=_maybe_make_multi_index_columns
calls=1 260
272 3900
cfl=~
cfn=<built-in method builtins.isinstance>
calls=1 0
272 100

fl=c:\Users\Pedro\faculdade\IniciacaoCientifica\grn\.env\Lib\site-packages\pandas\io\parsers\base_parser.py
fn=_set_noconvert_dtype_columns
390 3000
cfl=~
cfn=<built-in method builtins.callable>
calls=1 0
390 100
cfl=~
cfn=<built-in method builtins.isinstance>
calls=1 0
390 100

fl=c:\Users\Pedro\faculdade\IniciacaoCientifica\grn\.env\Lib\site-packages\pandas\io\parsers\base_parser.py
fn=_do_date_conversions
579 400
cfl=~
cfn=<built-in method builtins.isinstance>
calls=1 0
579 100

fl=c:\Users\Pedro\faculdade\IniciacaoCientifica\grn\.env\Lib\site-packages\pandas\io\parsers\base_parser.py
fn=_check_data_length
607 500
cfl=~
cfn=<built-in method builtins.len>
calls=2 0
607 200

fl=c:\Users\Pedro\faculdade\IniciacaoCientifica\grn\.env\Lib\site-packages\pandas\io\parsers\base_parser.py
fn=is_index_col
871 600

fl=c:\Users\Pedro\faculdade\IniciacaoCientifica\grn\.env\Lib\site-packages\pandas\io\parsers\base_parser.py
fn=validate_parse_dates_presence
875 800
cfl=~
cfn=<built-in method builtins.isinstance>
calls=1 0
875 200

fl=c:\Users\Pedro\faculdade\IniciacaoCientifica\grn\.env\Lib\site-packages\pandas\io\parsers\base_parser.py
fn=_validate_usecols_arg
921 300

fl=c:\Users\Pedro\faculdade\IniciacaoCientifica\grn\.env\Lib\site-packages\pandas\io\parsers\base_parser.py
fn=evaluate_callable_usecols
984 400
cfl=~
cfn=<built-in method builtins.callable>
calls=1 0
984 100

fl=c:\Users\Pedro\faculdade\IniciacaoCientifica\grn\.env\Lib\site-packages\pandas\io\parsers\c_parser_wrapper.py
fn=__init__
65 120700
cfl=<frozen codecs>
cfn=decode
calls=2 322
65 3000
cfl=<frozen codecs>
cfn=getstate
calls=2 334
65 300
cfl=C:\Users\Pedro\AppData\Local\Python\pythoncore-3.14-64\Lib\enum.py
cfn=__get__
calls=1 187
65 1100
cfl=c:\Users\Pedro\faculdade\IniciacaoCientifica\grn\.env\Lib\site-packages\pandas\io\parsers\base_parser.py
cfn=__init__
calls=1 99
65 21900
cfl=c:\Users\Pedro\faculdade\IniciacaoCientifica\grn\.env\Lib\site-packages\pandas\io\parsers\base_parser.py
cfn=_extract_multi_indexer_columns
calls=1 189
65 1200
cfl=c:\Users\Pedro\faculdade\IniciacaoCientifica\grn\.env\Lib\site-packages\pandas\io\parsers\base_parser.py
cfn=is_index_col
calls=1 871
65 400
cfl=c:\Users\Pedro\faculdade\IniciacaoCientifica\grn\.env\Lib\site-packages\pandas\io\parsers\base_parser.py
cfn=validate_parse_dates_presence
calls=1 875
65 1000
cfl=c:\Users\Pedro\faculdade\IniciacaoCientifica\grn\.env\Lib\site-packages\pandas\io\parsers\c_parser_wrapper.py
cfn=_set_noconvert_columns
calls=1 183
65 10100
cfl=c:\Users\Pedro\faculdade\IniciacaoCientifica\grn\.env\Lib\site-packages\pandas\io\parsers\c_parser_wrapper.py
cfn=ensure_dtype_objs
calls=1 377
65 1400
cfl=~
cfn=<method 'copy' of 'dict' objects>
calls=1 0
65 600
cfl=~
cfn=<method 'get' of 'dict' objects>
calls=1 0
65 200
cfl=~
cfn=<method 'pop' of 'dict' objects>
calls=5 0
65 300

fl=c:\Users\Pedro\faculdade\IniciacaoCientifica\grn\.env\Lib\site-packages\pandas\io\parsers\c_parser_wrapper.py
fn=close
176 2100

fl=c:\Users\Pedro\faculdade\IniciacaoCientifica\grn\.env\Lib\site-packages\pandas\io\parsers\c_parser_wrapper.py
fn=_set_noconvert_columns
183 6900
cfl=c:\Users\Pedro\faculdade\IniciacaoCientifica\grn\.env\Lib\site-packages\pandas\io\parsers\base_parser.py
cfn=_set_noconvert_dtype_columns
calls=1 390
183 3200

fl=c:\Users\Pedro\faculdade\IniciacaoCientifica\grn\.env\Lib\site-packages\pandas\io\parsers\c_parser_wrapper.py
fn=read
203 135400
cfl=<frozen codecs>
cfn=decode
calls=1 322
203 600
cfl=<frozen codecs>
cfn=getstate
calls=1 334
203 200
cfl=c:\Users\Pedro\faculdade\IniciacaoCientifica\grn\.env\Lib\site-packages\numpy\_core\multiarray.py
cfn=putmask
calls=5 1135
203 1000
cfl=c:\Users\Pedro\faculdade\IniciacaoCientifica\grn\.env\Lib\site-packages\pandas\io\common.py
cfn=is_potential_multi_index
calls=1 1267
203 8700
cfl=c:\Users\Pedro\faculdade\IniciacaoCientifica\grn\.env\Lib\site-packages\pandas\io\common.py
cfn=dedup_names
calls=1 1298
203 5400
cfl=c:\Users\Pedro\faculdade\IniciacaoCientifica\grn\.env\Lib\site-packages\pandas\io\parsers\base_parser.py
cfn=_make_index
calls=1 272
203 5800
cfl=c:\Users\Pedro\faculdade\IniciacaoCientifica\grn\.env\Lib\site-packages\pandas\io\parsers\base_parser.py
cfn=_do_date_conversions
calls=1 579
203 500
cfl=c:\Users\Pedro\faculdade\IniciacaoCientifica\grn\.env\Lib\site-packages\pandas\io\parsers\base_parser.py
cfn=_check_data_length
calls=1 607
203 700
cfl=c:\Users\Pedro\faculdade\IniciacaoCientifica\grn\.env\Lib\site-packages\pandas\io\parsers\c_parser_wrapper.py
cfn=_filter_usecols
calls=1 328
203 2000
cfl=c:\Users\Pedro\faculdade\IniciacaoCientifica\grn\.env\Lib\site-packages\pandas\io\parsers\c_parser_wrapper.py
cfn=_concatenate_chunks
calls=1 336
203 58300
cfl=~
cfn=<built-in method builtins.sorted>
calls=1 0
203 1500
cfl=~
cfn=<method 'items' of 'dict' objects>
calls=1 0
203 200

fl=c:\Users\Pedro\faculdade\IniciacaoCientifica\grn\.env\Lib\site-packages\pandas\io\parsers\c_parser_wrapper.py
fn=_filter_usecols
328 1500
cfl=c:\Users\Pedro\faculdade\IniciacaoCientifica\grn\.env\Lib\site-packages\pandas\io\parsers\base_parser.py
cfn=evaluate_callable_usecols
calls=1 984
328 500

fl=c:\Users\Pedro\faculdade\IniciacaoCientifica\grn\.env\Lib\site-packages\pandas\io\parsers\c_parser_wrapper.py
fn=_concatenate_chunks
336 25300
cfl=c:\Users\Pedro\faculdade\IniciacaoCientifica\grn\.env\Lib\site-packages\pandas\core\dtypes\concat.py
cfn=concat_compat
calls=12 52
336 26600
cfl=~
cfn=<built-in method builtins.isinstance>
calls=24 0
336 2100
cfl=~
cfn=<built-in method builtins.len>
calls=12 0
336 800
cfl=~
cfn=<method 'keys' of 'dict' objects>
calls=1 0
336 300
cfl=~
cfn=<method 'pop' of 'dict' objects>
calls=12 0
336 1300
cfl=~
cfn=<method 'pop' of 'set' objects>
calls=12 0
336 1900

fl=c:\Users\Pedro\faculdade\IniciacaoCientifica\grn\.env\Lib\site-packages\pandas\io\parsers\c_parser_wrapper.py
fn=ensure_dtype_objs
377 1000
cfl=~
cfn=<built-in method builtins.isinstance>
calls=2 0
377 400

fl=c:\Users\Pedro\faculdade\IniciacaoCientifica\grn\.env\Lib\site-packages\pandas\io\parsers\readers.py
fn=validate_integer
202 200

fl=c:\Users\Pedro\faculdade\IniciacaoCientifica\grn\.env\Lib\site-packages\pandas\io\parsers\readers.py
fn=_validate_names
234 200

fl=c:\Users\Pedro\faculdade\IniciacaoCientifica\grn\.env\Lib\site-packages\pandas\io\parsers\readers.py
fn=_read
258 20500
cfl=c:\Users\Pedro\faculdade\IniciacaoCientifica\grn\.env\Lib\site-packages\pandas\io\parsers\readers.py
cfn=validate_integer
calls=1 202
258 100
cfl=c:\Users\Pedro\faculdade\IniciacaoCientifica\grn\.env\Lib\site-packages\pandas\io\parsers\readers.py
cfn=_validate_names
calls=1 234
258 200
cfl=c:\Users\Pedro\faculdade\IniciacaoCientifica\grn\.env\Lib\site-packages\pandas\io\parsers\readers.py
cfn=__init__
calls=1 1600
258 8375900
cfl=c:\Users\Pedro\faculdade\IniciacaoCientifica\grn\.env\Lib\site-packages\pandas\io\parsers\readers.py
cfn=read
calls=1 1931
258 834500
cfl=c:\Users\Pedro\faculdade\IniciacaoCientifica\grn\.env\Lib\site-packages\pandas\io\parsers\readers.py
cfn=__enter__
calls=1 2014
258 100
cfl=c:\Users\Pedro\faculdade\IniciacaoCientifica\grn\.env\Lib\site-packages\pandas\io\parsers\readers.py
cfn=__exit__
calls=1 2017
258 34400
cfl=~
cfn=<built-in method builtins.isinstance>
calls=1 0
258 200
cfl=~
cfn=<method 'get' of 'dict' objects>
calls=8 0
258 800

fl=c:\Users\Pedro\faculdade\IniciacaoCientifica\grn\.env\Lib\site-packages\pandas\io\parsers\readers.py
fn=read_csv
349 14000
cfl=c:\Users\Pedro\faculdade\IniciacaoCientifica\grn\.env\Lib\site-packages\pandas\io\parsers\readers.py
cfn=_read
calls=1 258
349 9266700
cfl=c:\Users\Pedro\faculdade\IniciacaoCientifica\grn\.env\Lib\site-packages\pandas\io\parsers\readers.py
cfn=_refine_defaults_read
calls=1 2156
349 5700
cfl=~
cfn=<built-in method builtins.locals>
calls=1 0
349 5100
cfl=~
cfn=<method 'copy' of 'dict' objects>
calls=1 0
349 400
cfl=~
cfn=<method 'update' of 'dict' objects>
calls=1 0
349 600

fl=c:\Users\Pedro\faculdade\IniciacaoCientifica\grn\.env\Lib\site-packages\pandas\io\parsers\readers.py
fn=__init__
1600 24900
cfl=c:\Users\Pedro\faculdade\IniciacaoCientifica\grn\.env\Lib\site-packages\pandas\io\parsers\readers.py
cfn=_get_options_with_defaults
calls=1 1652
1600 10900
cfl=c:\Users\Pedro\faculdade\IniciacaoCientifica\grn\.env\Lib\site-packages\pandas\io\parsers\readers.py
cfn=_check_file_or_buffer
calls=1 1698
1600 2200
cfl=c:\Users\Pedro\faculdade\IniciacaoCientifica\grn\.env\Lib\site-packages\pandas\io\parsers\readers.py
cfn=_clean_options
calls=1 1719
1600 17500
cfl=c:\Users\Pedro\faculdade\IniciacaoCientifica\grn\.env\Lib\site-packages\pandas\io\parsers\readers.py
cfn=_make_engine
calls=1 1871
1600 8318700
cfl=c:\Users\Pedro\faculdade\IniciacaoCientifica\grn\.env\Lib\site-packages\pandas\io\parsers\readers.py
cfn=_extract_dialect
calls=1 2269
1600 400
cfl=c:\Users\Pedro\faculdade\IniciacaoCientifica\grn\.env\Lib\site-packages\pandas\io\parsers\readers.py
cfn=_validate_skipfooter
calls=1 2371
1600 500
cfl=~
cfn=<method 'get' of 'dict' objects>
calls=4 0
1600 500
cfl=~
cfn=<method 'pop' of 'dict' objects>
calls=2 0
1600 300

fl=c:\Users\Pedro\faculdade\IniciacaoCientifica\grn\.env\Lib\site-packages\pandas\io\parsers\readers.py
fn=close
1647 2400
cfl=c:\Users\Pedro\faculdade\IniciacaoCientifica\grn\.env\Lib\site-packages\pandas\io\common.py
cfn=close
calls=1 126
1647 28300
cfl=c:\Users\Pedro\faculdade\IniciacaoCientifica\grn\.env\Lib\site-packages\pandas\io\parsers\c_parser_wrapper.py
cfn=close
calls=1 176
1647 2100

fl=c:\Users\Pedro\faculdade\IniciacaoCientifica\grn\.env\Lib\site-packages\pandas\io\parsers\readers.py
fn=_get_options_with_defaults
1652 8200
cfl=~
cfn=<method 'get' of 'dict' objects>
calls=34 0
1652 2400
cfl=~
cfn=<method 'items' of 'dict' objects>
calls=2 0
1652 300

fl=c:\Users\Pedro\faculdade\IniciacaoCientifica\grn\.env\Lib\site-packages\pandas\io\parsers\readers.py
fn=_check_file_or_buffer
1698 1100
cfl=c:\Users\Pedro\faculdade\IniciacaoCientifica\grn\.env\Lib\site-packages\pandas\core\dtypes\inference.py
cfn=is_file_like
calls=1 106
1698 900
cfl=~
cfn=<built-in method builtins.hasattr>
calls=1 0
1698 200

fl=c:\Users\Pedro\faculdade\IniciacaoCientifica\grn\.env\Lib\site-packages\pandas\io\parsers\readers.py
fn=_clean_options
1719 13600
cfl=c:\Users\Pedro\faculdade\IniciacaoCientifica\grn\.env\Lib\site-packages\pandas\io\common.py
cfn=validate_header_arg
calls=1 200
1719 1200
cfl=c:\Users\Pedro\faculdade\IniciacaoCientifica\grn\.env\Lib\site-packages\pandas\io\parsers\base_parser.py
cfn=is_index_col
calls=1 871
1719 200
cfl=c:\Users\Pedro\faculdade\IniciacaoCientifica\grn\.env\Lib\site-packages\pandas\io\parsers\readers.py
cfn=_clean_na_values
calls=1 2079
1719 700
cfl=~
cfn=<built-in method builtins.isinstance>
calls=1 0
1719 100
cfl=~
cfn=<built-in method builtins.len>
calls=3 0
1719 300
cfl=~
cfn=<built-in method builtins.ord>
calls=1 0
1719 200
cfl=~
cfn=<built-in method sys.getfilesystemencoding>
calls=1 0
1719 500
cfl=~
cfn=<method 'copy' of 'dict' objects>
calls=1 0
1719 300
cfl=~
cfn=<method 'encode' of 'str' objects>
calls=1 0
1719 400

fl=c:\Users\Pedro\faculdade\IniciacaoCientifica\grn\.env\Lib\site-packages\pandas\io\parsers\readers.py
fn=_make_engine
1871 20300
cfl=c:\Users\Pedro\faculdade\IniciacaoCientifica\grn\.env\Lib\site-packages\pandas\io\common.py
cfn=get_handle
calls=1 701
1871 8135400
cfl=c:\Users\Pedro\faculdade\IniciacaoCientifica\grn\.env\Lib\site-packages\pandas\io\parsers\c_parser_wrapper.py
cfn=__init__
calls=1 65
1871 162200
cfl=~
cfn=<built-in method builtins.isinstance>
calls=1 0
1871 100
cfl=~
cfn=<method 'get' of 'dict' objects>
calls=6 0
1871 700

fl=c:\Users\Pedro\faculdade\IniciacaoCientifica\grn\.env\Lib\site-packages\pandas\io\parsers\readers.py
fn=read
1931 18700
cfl=c:\Users\Pedro\faculdade\IniciacaoCientifica\grn\.env\Lib\site-packages\pandas\core\frame.py
cfn=__init__
calls=1 702
1931 574700
cfl=c:\Users\Pedro\faculdade\IniciacaoCientifica\grn\.env\Lib\site-packages\pandas\core\indexes\range.py
cfn=__new__
calls=1 151
1931 19200
cfl=c:\Users\Pedro\faculdade\IniciacaoCientifica\grn\.env\Lib\site-packages\pandas\io\parsers\c_parser_wrapper.py
cfn=read
calls=1 203
1931 220300
cfl=c:\Users\Pedro\faculdade\IniciacaoCientifica\grn\.env\Lib\site-packages\pandas\io\parsers\readers.py
cfn=validate_integer
calls=1 202
1931 100
cfl=~
cfn=<built-in method builtins.hasattr>
calls=1 0
1931 300
cfl=~
cfn=<built-in method builtins.isinstance>
calls=1 0
1931 100
cfl=~
cfn=<built-in method builtins.iter>
calls=1 0
1931 300
cfl=~
cfn=<built-in method builtins.len>
calls=1 0
1931 100
cfl=~
cfn=<built-in method builtins.next>
calls=1 0
1931 200
cfl=~
cfn=<method 'get' of 'dict' objects>
calls=1 0
1931 300
cfl=~
cfn=<method 'values' of 'dict' objects>
calls=1 0
1931 200

fl=c:\Users\Pedro\faculdade\IniciacaoCientifica\grn\.env\Lib\site-packages\pandas\io\parsers\readers.py
fn=__enter__
2014 100

fl=c:\Users\Pedro\faculdade\IniciacaoCientifica\grn\.env\Lib\site-packages\pandas\io\parsers\readers.py
fn=__exit__
2017 1600
cfl=c:\Users\Pedro\faculdade\IniciacaoCientifica\grn\.env\Lib\site-packages\pandas\io\parsers\readers.py
cfn=close
calls=1 1647
2017 32800

fl=c:\Users\Pedro\faculdade\IniciacaoCientifica\grn\.env\Lib\site-packages\pandas\io\parsers\readers.py
fn=_clean_na_values
2079 700

fl=c:\Users\Pedro\faculdade\IniciacaoCientifica\grn\.env\Lib\site-packages\pandas\io\parsers\readers.py
fn=_refine_defaults_read
2156 5200
cfl=c:\Users\Pedro\faculdade\IniciacaoCientifica\grn\.env\Lib\site-packages\pandas\util\_validators.py
cfn=check_dtype_backend
calls=1 476
2156 500

fl=c:\Users\Pedro\faculdade\IniciacaoCientifica\grn\.env\Lib\site-packages\pandas\io\parsers\readers.py
fn=_extract_dialect
2269 300
cfl=~
cfn=<method 'get' of 'dict' objects>
calls=1 0
2269 100

fl=c:\Users\Pedro\faculdade\IniciacaoCientifica\grn\.env\Lib\site-packages\pandas\io\parsers\readers.py
fn=_validate_skipfooter
2371 400
cfl=~
cfn=<method 'get' of 'dict' objects>
calls=1 0
2371 100

fl=c:\Users\Pedro\faculdade\IniciacaoCientifica\grn\.env\Lib\site-packages\pandas\util\_validators.py
fn=check_dtype_backend
476 500

fl=c:\Users\Pedro\faculdade\IniciacaoCientifica\grn\.env\Lib\site-packages\scipy\_lib\_array_api_override.py
fn=array_namespace
69 3900

fl=c:\Users\Pedro\faculdade\IniciacaoCientifica\grn\.env\Lib\site-packages\scipy\_lib\_sparse.py
fn=issparse
10 1900
cfl=~
cfn=<built-in method builtins.isinstance>
calls=4 0
10 114400

fl=c:\Users\Pedro\faculdade\IniciacaoCientifica\grn\.env\Lib\site-packages\scipy\_lib\_util.py
fn=wrapper
291 1144300
cfl=c:\Users\Pedro\faculdade\IniciacaoCientifica\grn\.env\Lib\site-packages\scipy\optimize\_differentialevolution.py
cfn=differential_evolution
calls=0 25
291 0
cfl=~
cfn=<built-in method builtins.len>
calls=1 0
291 100
cfl=~
cfn=<method 'pop' of 'dict' objects>
calls=1 0
291 400

fl=c:\Users\Pedro\faculdade\IniciacaoCientifica\grn\.env\Lib\site-packages\scipy\_lib\_util.py
fn=check_random_state
393 73300
cfl=<frozen abc>
cfn=__instancecheck__
calls=1 117
393 8100
cfl=C:\Users\Pedro\AppData\Local\Python\pythoncore-3.14-64\Lib\random.py
cfn=getrandbits
calls=1 901
393 5800
cfl=C:\Users\Pedro\AppData\Local\Python\pythoncore-3.14-64\Lib\threading.py
cfn=RLock
calls=1 126
393 900
cfl=c:\Users\Pedro\faculdade\IniciacaoCientifica\grn\.env\Lib\site-packages\numpy\_core\_ufunc_config.py
cfn=inner
calls=1 496
393 53200
cfl=c:\Users\Pedro\faculdade\IniciacaoCientifica\grn\.env\Lib\site-packages\numpy\_core\multiarray.py
cfn=concatenate
calls=1 197
393 100
cfl=~
cfn=<built-in method builtins.isinstance>
calls=1 0
393 8200

fl=c:\Users\Pedro\faculdade\IniciacaoCientifica\grn\.env\Lib\site-packages\scipy\_lib\_util.py
fn=__init__:583
583 600

fl=c:\Users\Pedro\faculdade\IniciacaoCientifica\grn\.env\Lib\site-packages\scipy\_lib\_util.py
fn=__call__:587
587 19300
cfl=c:\Users\Pedro\faculdade\IniciacaoCientifica\grn\PythonCode\Modules\Methods.py
cfn=objective_function
calls=22 199
587 210645800

fl=c:\Users\Pedro\faculdade\IniciacaoCientifica\grn\.env\Lib\site-packages\scipy\_lib\_util.py
fn=__init__:595
595 900

fl=c:\Users\Pedro\faculdade\IniciacaoCientifica\grn\.env\Lib\site-packages\scipy\_lib\_util.py
fn=__call__:600
600 35300
cfl=c:\Users\Pedro\faculdade\IniciacaoCientifica\grn\.env\Lib\site-packages\numpy\_core\numeric.py
cfn=isscalar
calls=20 1975
600 9500
cfl=c:\Users\Pedro\faculdade\IniciacaoCientifica\grn\.env\Lib\site-packages\numpy\lib\_function_base_impl.py
cfn=_copy_dispatcher
calls=20 920
600 2300
cfl=c:\Users\Pedro\faculdade\IniciacaoCientifica\grn\.env\Lib\site-packages\numpy\lib\_function_base_impl.py
cfn=copy
calls=20 924
600 12000
cfl=c:\Users\Pedro\faculdade\IniciacaoCientifica\grn\.env\Lib\site-packages\scipy\optimize\_differentialevolution.py
cfn=_f
calls=20 1293
600 6427200

fl=c:\Users\Pedro\faculdade\IniciacaoCientifica\grn\.env\Lib\site-packages\scipy\_lib\_util.py
fn=__init__:633
633 2700
cfl=~
cfn=<built-in method builtins.callable>
calls=2 0
633 300

fl=c:\Users\Pedro\faculdade\IniciacaoCientifica\grn\.env\Lib\site-packages\scipy\_lib\_util.py
fn=__enter__
669 200

fl=c:\Users\Pedro\faculdade\IniciacaoCientifica\grn\.env\Lib\site-packages\scipy\_lib\_util.py
fn=__exit__
684 500

fl=c:\Users\Pedro\faculdade\IniciacaoCientifica\grn\.env\Lib\site-packages\scipy\_lib\_util.py
fn=__call__:689
689 9900
cfl=c:\Users\Pedro\faculdade\IniciacaoCientifica\grn\.env\Lib\site-packages\scipy\optimize\_differentialevolution.py
cfn=maplike_for_vectorized_func
calls=22 849
689 210727100

fl=c:\Users\Pedro\faculdade\IniciacaoCientifica\grn\.env\Lib\site-packages\scipy\_lib\_util.py
fn=rng_integers
722 20500
cfl=c:\Users\Pedro\faculdade\IniciacaoCientifica\grn\.env\Lib\site-packages\numpy\_core\fromnumeric.py
cfn=_prod_dispatcher
calls=1 3282
722 200
cfl=c:\Users\Pedro\faculdade\IniciacaoCientifica\grn\.env\Lib\site-packages\numpy\_core\fromnumeric.py
cfn=prod
calls=1 3287
722 9100
cfl=~
cfn=<built-in method builtins.isinstance>
calls=1 0
722 700

fl=c:\Users\Pedro\faculdade\IniciacaoCientifica\grn\.env\Lib\site-packages\scipy\_lib\_util.py
fn=__getattr__
1016 1000

fl=c:\Users\Pedro\faculdade\IniciacaoCientifica\grn\.env\Lib\site-packages\scipy\_lib\array_api_compat\common\_helpers.py
fn=_check_device
683 9300
cfl=~
cfn=<method 'get' of 'dict' objects>
calls=23 0
683 4000

fl=c:\Users\Pedro\faculdade\IniciacaoCientifica\grn\.env\Lib\site-packages\scipy\_lib\array_api_compat\numpy\_aliases.py
fn=asarray
70 5200
cfl=c:\Users\Pedro\faculdade\IniciacaoCientifica\grn\.env\Lib\site-packages\scipy\_lib\array_api_compat\common\_helpers.py
cfn=_check_device
calls=2 683
70 1600
cfl=~
cfn=<built-in method numpy.array>
calls=2 0
70 6800

fl=c:\Users\Pedro\faculdade\IniciacaoCientifica\grn\.env\Lib\site-packages\scipy\_lib\array_api_compat\numpy\_aliases.py
fn=astype
97 12500
cfl=c:\Users\Pedro\faculdade\IniciacaoCientifica\grn\.env\Lib\site-packages\scipy\_lib\array_api_compat\common\_helpers.py
cfn=_check_device
calls=21 683
97 11700
cfl=~
cfn=<method 'astype' of 'numpy.ndarray' objects>
calls=21 0
97 11100

fl=c:\Users\Pedro\faculdade\IniciacaoCientifica\grn\.env\Lib\site-packages\scipy\_lib\array_api_extra\_delegation.py
fn=atleast_nd
34 5400
cfl=c:\Users\Pedro\faculdade\IniciacaoCientifica\grn\.env\Lib\site-packages\numpy\_core\shape_base.py
cfn=_atleast_1d_dispatcher
calls=2 15
34 200
cfl=c:\Users\Pedro\faculdade\IniciacaoCientifica\grn\.env\Lib\site-packages\numpy\_core\shape_base.py
cfn=atleast_1d
calls=2 19
34 1500
cfl=~
cfn=<built-in method builtins.getattr>
calls=2 0
34 900

fl=c:\Users\Pedro\faculdade\IniciacaoCientifica\grn\.env\Lib\site-packages\scipy\integrate\_odepack_py.py
fn=odeint
31 2196400
cfl=C:\Users\Pedro\AppData\Local\Python\pythoncore-3.14-64\Lib\copy.py
cfn=copy
calls=1182 62
31 1578500
cfl=c:\Users\Pedro\faculdade\IniciacaoCientifica\grn\.env\Lib\site-packages\numpy\lib\_function_base_impl.py
cfn=_diff_dispatcher
calls=591 1398
31 84400
cfl=c:\Users\Pedro\faculdade\IniciacaoCientifica\grn\.env\Lib\site-packages\numpy\lib\_function_base_impl.py
cfn=diff
calls=591 1402
31 2886500
cfl=~
cfn=<built-in method scipy.integrate._odepack.odeint>
calls=591 0
31 142300800
cfl=~
cfn=<method 'all' of 'numpy.ndarray' objects>
calls=591 0
31 1526900

fl=c:\Users\Pedro\faculdade\IniciacaoCientifica\grn\.env\Lib\site-packages\scipy\optimize\_constraints.py
fn=_arr_to_scalar
16 7200
cfl=~
cfn=<built-in method builtins.isinstance>
calls=38 0
16 2900

fl=c:\Users\Pedro\faculdade\IniciacaoCientifica\grn\.env\Lib\site-packages\scipy\optimize\_constraints.py
fn=_input_validation
258 4000
cfl=c:\Users\Pedro\faculdade\IniciacaoCientifica\grn\.env\Lib\site-packages\numpy\lib\_stride_tricks_impl.py
cfn=_broadcast_arrays_dispatcher
calls=1 510
258 100
cfl=c:\Users\Pedro\faculdade\IniciacaoCientifica\grn\.env\Lib\site-packages\numpy\lib\_stride_tricks_impl.py
cfn=broadcast_arrays
calls=1 514
258 30100

fl=c:\Users\Pedro\faculdade\IniciacaoCientifica\grn\.env\Lib\site-packages\scipy\optimize\_constraints.py
fn=__init__
266 7100
cfl=c:\Users\Pedro\faculdade\IniciacaoCientifica\grn\.env\Lib\site-packages\numpy\_core\shape_base.py
cfn=_atleast_1d_dispatcher
calls=3 15
266 400
cfl=c:\Users\Pedro\faculdade\IniciacaoCientifica\grn\.env\Lib\site-packages\numpy\_core\shape_base.py
cfn=atleast_1d
calls=3 19
266 5300
cfl=c:\Users\Pedro\faculdade\IniciacaoCientifica\grn\.env\Lib\site-packages\scipy\_lib\_sparse.py
cfn=issparse
calls=3 10
266 79800
cfl=c:\Users\Pedro\faculdade\IniciacaoCientifica\grn\.env\Lib\site-packages\scipy\optimize\_constraints.py
cfn=_input_validation
calls=1 258
266 34200
cfl=~
cfn=<method 'astype' of 'numpy.ndarray' objects>
calls=1 0
266 900

fl=c:\Users\Pedro\faculdade\IniciacaoCientifica\grn\.env\Lib\site-packages\scipy\optimize\_constraints.py
fn=new_bounds_to_old
419 12700
cfl=c:\Users\Pedro\faculdade\IniciacaoCientifica\grn\.env\Lib\site-packages\numpy\lib\_stride_tricks_impl.py
cfn=_broadcast_to_dispatcher
calls=2 396
419 200
cfl=c:\Users\Pedro\faculdade\IniciacaoCientifica\grn\.env\Lib\site-packages\numpy\lib\_stride_tricks_impl.py
cfn=broadcast_to
calls=2 400
419 9700

fl=c:\Users\Pedro\faculdade\IniciacaoCientifica\grn\.env\Lib\site-packages\scipy\optimize\_constraints.py
fn=old_bound_to_new
437 11000
cfl=c:\Users\Pedro\faculdade\IniciacaoCientifica\grn\.env\Lib\site-packages\scipy\optimize\_constraints.py
cfn=_arr_to_scalar
calls=38 16
437 10100
cfl=~
cfn=<built-in method numpy.array>
calls=2 0
437 2300

fl=c:\Users\Pedro\faculdade\IniciacaoCientifica\grn\.env\Lib\site-packages\scipy\optimize\_differentiable_functions.py
fn=__init__:20
20 800

fl=c:\Users\Pedro\faculdade\IniciacaoCientifica\grn\.env\Lib\site-packages\scipy\optimize\_differentiable_functions.py
fn=__call__
35 13000
cfl=c:\Users\Pedro\faculdade\IniciacaoCientifica\grn\.env\Lib\site-packages\scipy\optimize\_numdiff.py
cfn=approx_derivative
calls=1 278
35 6510400
cfl=~
cfn=<built-in method builtins.callable>
calls=1 0
35 100

fl=c:\Users\Pedro\faculdade\IniciacaoCientifica\grn\.env\Lib\site-packages\scipy\optimize\_differentiable_functions.py
fn=__init__:57
57 6300
cfl=c:\Users\Pedro\faculdade\IniciacaoCientifica\grn\.env\Lib\site-packages\numpy\_core\shape_base.py
cfn=_atleast_2d_dispatcher
calls=1 74
57 200
cfl=c:\Users\Pedro\faculdade\IniciacaoCientifica\grn\.env\Lib\site-packages\numpy\_core\shape_base.py
cfn=atleast_2d
calls=1 78
57 2300
cfl=c:\Users\Pedro\faculdade\IniciacaoCientifica\grn\.env\Lib\site-packages\numpy\lib\_function_base_impl.py
cfn=_copy_dispatcher
calls=1 920
57 100
cfl=c:\Users\Pedro\faculdade\IniciacaoCientifica\grn\.env\Lib\site-packages\numpy\lib\_function_base_impl.py
cfn=copy
calls=1 924
57 900
cfl=c:\Users\Pedro\faculdade\IniciacaoCientifica\grn\.env\Lib\site-packages\scipy\_lib\_sparse.py
cfn=issparse
calls=1 10
57 36500
cfl=c:\Users\Pedro\faculdade\IniciacaoCientifica\grn\.env\Lib\site-packages\scipy\optimize\_optimize.py
cfn=hess
calls=1 299
57 200
cfl=~
cfn=<built-in method builtins.callable>
calls=1 0
57 100
cfl=~
cfn=<built-in method builtins.isinstance>
calls=1 0
57 200
cfl=~
cfn=<built-in method numpy.asarray>
calls=1 0
57 1400

fl=c:\Users\Pedro\faculdade\IniciacaoCientifica\grn\.env\Lib\site-packages\scipy\optimize\_differentiable_functions.py
fn=__init__:218
218 31800
cfl=c:\Users\Pedro\faculdade\IniciacaoCientifica\grn\.env\Lib\site-packages\numpy\_core\numerictypes.py
cfn=isdtype
calls=1 385
218 6900
cfl=c:\Users\Pedro\faculdade\IniciacaoCientifica\grn\.env\Lib\site-packages\scipy\_lib\_array_api_override.py
cfn=array_namespace
calls=1 69
218 700
cfl=c:\Users\Pedro\faculdade\IniciacaoCientifica\grn\.env\Lib\site-packages\scipy\_lib\_util.py
cfn=__init__:595
calls=1 595
218 900
cfl=c:\Users\Pedro\faculdade\IniciacaoCientifica\grn\.env\Lib\site-packages\scipy\_lib\array_api_compat\numpy\_aliases.py
cfn=asarray
calls=1 70
218 10100
cfl=c:\Users\Pedro\faculdade\IniciacaoCientifica\grn\.env\Lib\site-packages\scipy\_lib\array_api_compat\numpy\_aliases.py
cfn=astype
calls=1 97
218 2300
cfl=c:\Users\Pedro\faculdade\IniciacaoCientifica\grn\.env\Lib\site-packages\scipy\_lib\array_api_extra\_delegation.py
cfn=atleast_nd
calls=1 34
218 4400
cfl=c:\Users\Pedro\faculdade\IniciacaoCientifica\grn\.env\Lib\site-packages\scipy\optimize\_differentiable_functions.py
cfn=__init__:20
calls=1 20
218 800
cfl=c:\Users\Pedro\faculdade\IniciacaoCientifica\grn\.env\Lib\site-packages\scipy\optimize\_differentiable_functions.py
cfn=__init__:57
calls=1 57
218 48200
cfl=c:\Users\Pedro\faculdade\IniciacaoCientifica\grn\.env\Lib\site-packages\scipy\optimize\_differentiable_functions.py
cfn=_update_fun
calls=1 360
218 393500
cfl=c:\Users\Pedro\faculdade\IniciacaoCientifica\grn\.env\Lib\site-packages\scipy\optimize\_differentiable_functions.py
cfn=_update_grad
calls=1 371
218 6528000
cfl=~
cfn=<built-in method builtins.callable>
calls=3 0
218 300
cfl=~
cfn=<built-in method builtins.isinstance>
calls=1 0
218 200

fl=c:\Users\Pedro\faculdade\IniciacaoCientifica\grn\.env\Lib\site-packages\scipy\optimize\_differentiable_functions.py
fn=nfev
325 300

fl=c:\Users\Pedro\faculdade\IniciacaoCientifica\grn\.env\Lib\site-packages\scipy\optimize\_differentiable_functions.py
fn=ngev
329 200

fl=c:\Users\Pedro\faculdade\IniciacaoCientifica\grn\.env\Lib\site-packages\scipy\optimize\_differentiable_functions.py
fn=_update_fun
360 3700
cfl=c:\Users\Pedro\faculdade\IniciacaoCientifica\grn\.env\Lib\site-packages\scipy\_lib\_util.py
cfn=__call__:600
calls=1 600
360 390400

fl=c:\Users\Pedro\faculdade\IniciacaoCientifica\grn\.env\Lib\site-packages\scipy\optimize\_differentiable_functions.py
fn=_update_grad
371 4500
cfl=c:\Users\Pedro\faculdade\IniciacaoCientifica\grn\.env\Lib\site-packages\scipy\optimize\_differentiable_functions.py
cfn=__call__
calls=1 35
371 6523500
cfl=c:\Users\Pedro\faculdade\IniciacaoCientifica\grn\.env\Lib\site-packages\scipy\optimize\_differentiable_functions.py
cfn=_update_fun
calls=1 360
371 400

fl=c:\Users\Pedro\faculdade\IniciacaoCientifica\grn\.env\Lib\site-packages\scipy\optimize\_differentiable_functions.py
fn=fun_and_grad
409 4600
cfl=c:\Users\Pedro\faculdade\IniciacaoCientifica\grn\.env\Lib\site-packages\numpy\_core\numeric.py
cfn=_array_equal_dispatcher
calls=1 2516
409 200
cfl=c:\Users\Pedro\faculdade\IniciacaoCientifica\grn\.env\Lib\site-packages\numpy\_core\numeric.py
cfn=array_equal
calls=1 2535
409 6400
cfl=c:\Users\Pedro\faculdade\IniciacaoCientifica\grn\.env\Lib\site-packages\scipy\optimize\_differentiable_functions.py
cfn=_update_fun
calls=1 360
409 200
cfl=c:\Users\Pedro\faculdade\IniciacaoCientifica\grn\.env\Lib\site-packages\scipy\optimize\_differentiable_functions.py
cfn=_update_grad
calls=1 371
409 400

fl=c:\Users\Pedro\faculdade\IniciacaoCientifica\grn\.env\Lib\site-packages\scipy\optimize\_differentialevolution.py
fn=differential_evolution
25 19000
cfl=c:\Users\Pedro\faculdade\IniciacaoCientifica\grn\.env\Lib\site-packages\IPython\core\history.py
cfn=_writeout_output_cache
calls=1 1047
25 5100
cfl=c:\Users\Pedro\faculdade\IniciacaoCientifica\grn\.env\Lib\site-packages\scipy\optimize\_differentialevolution.py
cfn=__init__
calls=0 805
25 0
cfl=c:\Users\Pedro\faculdade\IniciacaoCientifica\grn\.env\Lib\site-packages\traitlets\traitlets.py
cfn=__set__
calls=2 727
25 43000
cfl=~
cfn=<method '__enter__' of '_thread.lock' objects>
calls=1 0
25 400
cfl=~
cfn=<method '__exit__' of '_thread.lock' objects>
calls=2 0
25 400

fl=c:\Users\Pedro\faculdade\IniciacaoCientifica\grn\.env\Lib\site-packages\scipy\optimize\_differentialevolution.py
fn=__init__
805 12700
cfl=c:\Users\Pedro\faculdade\IniciacaoCientifica\grn\.env\Lib\site-packages\numpy\_core\_ufunc_config.py
cfn=__init__
calls=1 462
805 400
cfl=c:\Users\Pedro\faculdade\IniciacaoCientifica\grn\.env\Lib\site-packages\numpy\_core\_ufunc_config.py
cfn=__enter__
calls=1 472
805 5900
cfl=c:\Users\Pedro\faculdade\IniciacaoCientifica\grn\.env\Lib\site-packages\numpy\_core\_ufunc_config.py
cfn=__exit__
calls=1 488
805 2700
cfl=c:\Users\Pedro\faculdade\IniciacaoCientifica\grn\.env\Lib\site-packages\numpy\_core\fromnumeric.py
cfn=_any_dispatcher
calls=3 2431
805 500
cfl=c:\Users\Pedro\faculdade\IniciacaoCientifica\grn\.env\Lib\site-packages\numpy\_core\fromnumeric.py
cfn=any
calls=3 2436
805 23400
cfl=c:\Users\Pedro\faculdade\IniciacaoCientifica\grn\.env\Lib\site-packages\numpy\_core\fromnumeric.py
cfn=_all_dispatcher
calls=2 2543
805 400
cfl=c:\Users\Pedro\faculdade\IniciacaoCientifica\grn\.env\Lib\site-packages\numpy\_core\fromnumeric.py
cfn=all
calls=2 2548
805 35000
cfl=c:\Users\Pedro\faculdade\IniciacaoCientifica\grn\.env\Lib\site-packages\numpy\_core\fromnumeric.py
cfn=_size_dispatcher
calls=2 3521
805 200
cfl=c:\Users\Pedro\faculdade\IniciacaoCientifica\grn\.env\Lib\site-packages\numpy\_core\fromnumeric.py
cfn=size
calls=2 3525
805 36600
cfl=c:\Users\Pedro\faculdade\IniciacaoCientifica\grn\.env\Lib\site-packages\numpy\_core\numeric.py
cfn=_count_nonzero_dispatcher
calls=1 479
805 100
cfl=c:\Users\Pedro\faculdade\IniciacaoCientifica\grn\.env\Lib\site-packages\numpy\_core\numeric.py
cfn=count_nonzero
calls=1 483
805 2000
cfl=c:\Users\Pedro\faculdade\IniciacaoCientifica\grn\.env\Lib\site-packages\scipy\_lib\_util.py
cfn=check_random_state
calls=1 393
805 149600
cfl=c:\Users\Pedro\faculdade\IniciacaoCientifica\grn\.env\Lib\site-packages\scipy\_lib\_util.py
cfn=__init__:583
calls=1 583
805 600
cfl=c:\Users\Pedro\faculdade\IniciacaoCientifica\grn\.env\Lib\site-packages\scipy\_lib\_util.py
cfn=__init__:633
calls=1 633
805 1500
cfl=c:\Users\Pedro\faculdade\IniciacaoCientifica\grn\.env\Lib\site-packages\scipy\optimize\_differentialevolution.py
cfn=init_population_lhs
calls=0 1032
805 0
cfl=c:\Users\Pedro\faculdade\IniciacaoCientifica\grn\.env\Lib\site-packages\scipy\optimize\_optimize.py
cfn=_wrap_callback
calls=1 88
805 300
cfl=~
cfn=<built-in method _warnings.warn>
calls=1 0
805 627100
cfl=~
cfn=<built-in method builtins.callable>
calls=1 0
805 100
cfl=~
cfn=<built-in method builtins.hasattr>
calls=1 0
805 400
cfl=~
cfn=<built-in method builtins.isinstance>
calls=2 0
805 600
cfl=~
cfn=<built-in method builtins.max>
calls=2 0
805 1100
cfl=~
cfn=<built-in method numpy.array>
calls=3 0
805 9700

fl=c:\Users\Pedro\faculdade\IniciacaoCientifica\grn\.env\Lib\site-packages\scipy\optimize\_differentialevolution.py
fn=maplike_for_vectorized_func
849 40900
cfl=c:\Users\Pedro\faculdade\IniciacaoCientifica\grn\.env\Lib\site-packages\numpy\_core\shape_base.py
cfn=_atleast_1d_dispatcher
calls=22 15
849 2800
cfl=c:\Users\Pedro\faculdade\IniciacaoCientifica\grn\.env\Lib\site-packages\numpy\_core\shape_base.py
cfn=atleast_1d
calls=22 19
849 18300
cfl=c:\Users\Pedro\faculdade\IniciacaoCientifica\grn\.env\Lib\site-packages\scipy\_lib\_util.py
cfn=__call__:587
calls=22 587
849 210665100

fl=c:\Users\Pedro\faculdade\IniciacaoCientifica\grn\.env\Lib\site-packages\scipy\optimize\_differentialevolution.py
fn=mutation_func
1028 1100
cfl=~
cfn=<built-in method builtins.getattr>
calls=1 0
1028 400

fl=c:\Users\Pedro\faculdade\IniciacaoCientifica\grn\.env\Lib\site-packages\scipy\optimize\_differentialevolution.py
fn=init_population_lhs
1032 515800

fl=c:\Users\Pedro\faculdade\IniciacaoCientifica\grn\.env\Lib\site-packages\scipy\optimize\_differentialevolution.py
fn=x
1156 2200
cfl=c:\Users\Pedro\faculdade\IniciacaoCientifica\grn\.env\Lib\site-packages\scipy\optimize\_differentialevolution.py
cfn=_scale_parameters
calls=2 1726
1156 13500

fl=c:\Users\Pedro\faculdade\IniciacaoCientifica\grn\.env\Lib\site-packages\scipy\optimize\_differentialevolution.py
fn=converged
1174 13700
cfl=c:\Users\Pedro\faculdade\IniciacaoCientifica\grn\.env\Lib\site-packages\numpy\_core\fromnumeric.py
cfn=_any_dispatcher
calls=1 2431
1174 300
cfl=c:\Users\Pedro\faculdade\IniciacaoCientifica\grn\.env\Lib\site-packages\numpy\_core\fromnumeric.py
cfn=any
calls=1 2436
1174 6400
cfl=c:\Users\Pedro\faculdade\IniciacaoCientifica\grn\.env\Lib\site-packages\numpy\_core\fromnumeric.py
cfn=_mean_dispatcher
calls=1 3694
1174 100
cfl=c:\Users\Pedro\faculdade\IniciacaoCientifica\grn\.env\Lib\site-packages\numpy\_core\fromnumeric.py
cfn=mean
calls=1 3699
1174 11700
cfl=c:\Users\Pedro\faculdade\IniciacaoCientifica\grn\.env\Lib\site-packages\numpy\_core\fromnumeric.py
cfn=_std_dispatcher
calls=1 3828
1174 300
cfl=c:\Users\Pedro\faculdade\IniciacaoCientifica\grn\.env\Lib\site-packages\numpy\_core\fromnumeric.py
cfn=std
calls=1 3833
1174 44500

fl=c:\Users\Pedro\faculdade\IniciacaoCientifica\grn\.env\Lib\site-packages\scipy\optimize\_differentialevolution.py
fn=solve
1185 75100
cfl=c:\Users\Pedro\faculdade\IniciacaoCientifica\grn\.env\Lib\site-packages\numpy\_core\fromnumeric.py
cfn=_any_dispatcher
calls=1 2431
1185 100
cfl=c:\Users\Pedro\faculdade\IniciacaoCientifica\grn\.env\Lib\site-packages\numpy\_core\fromnumeric.py
cfn=any
calls=1 2436
1185 3300
cfl=c:\Users\Pedro\faculdade\IniciacaoCientifica\grn\.env\Lib\site-packages\numpy\_core\fromnumeric.py
cfn=_all_dispatcher
calls=2 2543
1185 400
cfl=c:\Users\Pedro\faculdade\IniciacaoCientifica\grn\.env\Lib\site-packages\numpy\_core\fromnumeric.py
cfn=all
calls=2 2548
1185 11600
cfl=c:\Users\Pedro\faculdade\IniciacaoCientifica\grn\.env\Lib\site-packages\numpy\lib\_function_base_impl.py
cfn=_copy_dispatcher
calls=1 920
1185 300
cfl=c:\Users\Pedro\faculdade\IniciacaoCientifica\grn\.env\Lib\site-packages\numpy\lib\_function_base_impl.py
cfn=copy
calls=1 924
1185 1500
cfl=c:\Users\Pedro\faculdade\IniciacaoCientifica\grn\.env\Lib\site-packages\scipy\_lib\_util.py
cfn=__getattr__
calls=3 1016
1185 600
cfl=c:\Users\Pedro\faculdade\IniciacaoCientifica\grn\.env\Lib\site-packages\scipy\optimize\_constraints.py
cfn=__init__
calls=1 266
1185 127700
cfl=c:\Users\Pedro\faculdade\IniciacaoCientifica\grn\.env\Lib\site-packages\scipy\optimize\_differentialevolution.py
cfn=converged
calls=1 1174
1185 77000
cfl=c:\Users\Pedro\faculdade\IniciacaoCientifica\grn\.env\Lib\site-packages\scipy\optimize\_differentialevolution.py
cfn=_result
calls=1 1343
1185 45700
cfl=c:\Users\Pedro\faculdade\IniciacaoCientifica\grn\.env\Lib\site-packages\scipy\optimize\_differentialevolution.py
cfn=_calculate_population_energies
calls=1 1368
1185 117487200
cfl=c:\Users\Pedro\faculdade\IniciacaoCientifica\grn\.env\Lib\site-packages\scipy\optimize\_differentialevolution.py
cfn=_promote_lowest_energy
calls=1 1423
1185 39500
cfl=c:\Users\Pedro\faculdade\IniciacaoCientifica\grn\.env\Lib\site-packages\scipy\optimize\_differentialevolution.py
cfn=_calculate_population_feasibilities
calls=1 1502
1185 16500
cfl=c:\Users\Pedro\faculdade\IniciacaoCientifica\grn\.env\Lib\site-packages\scipy\optimize\_minimize.py
cfn=minimize
calls=1 54
1185 7333700
cfl=~
cfn=<built-in method builtins.callable>
calls=1 0
1185 200
cfl=~
cfn=<built-in method builtins.isinstance>
calls=1 0
1185 200
cfl=~
cfn=<built-in method builtins.next>
calls=1 0
1185 89230700
cfl=~
cfn=<built-in method builtins.print>
calls=2 0
1185 30600
cfl=~
cfn=<method 'get' of 'dict' objects>
calls=1 0
1185 200

fl=c:\Users\Pedro\faculdade\IniciacaoCientifica\grn\.env\Lib\site-packages\scipy\optimize\_differentialevolution.py
fn=_f
1293 50500
cfl=c:\Users\Pedro\faculdade\IniciacaoCientifica\grn\.env\Lib\site-packages\numpy\_core\shape_base.py
cfn=_atleast_2d_dispatcher
calls=20 74
1293 2300
cfl=c:\Users\Pedro\faculdade\IniciacaoCientifica\grn\.env\Lib\site-packages\numpy\_core\shape_base.py
cfn=atleast_2d
calls=20 78
1293 33000
cfl=c:\Users\Pedro\faculdade\IniciacaoCientifica\grn\.env\Lib\site-packages\scipy\_lib\_util.py
cfn=__call__:689
calls=20 689
1293 6341400

fl=c:\Users\Pedro\faculdade\IniciacaoCientifica\grn\.env\Lib\site-packages\scipy\optimize\_differentialevolution.py
fn=_result
1343 5000
cfl=c:\Users\Pedro\faculdade\IniciacaoCientifica\grn\.env\Lib\site-packages\scipy\optimize\_differentialevolution.py
cfn=x
calls=1 1156
1343 5900
cfl=c:\Users\Pedro\faculdade\IniciacaoCientifica\grn\.env\Lib\site-packages\scipy\optimize\_differentialevolution.py
cfn=_scale_parameters
calls=1 1726
1343 34200
cfl=~
cfn=<method 'get' of 'dict' objects>
calls=3 0
1343 600

fl=c:\Users\Pedro\faculdade\IniciacaoCientifica\grn\.env\Lib\site-packages\scipy\optimize\_differentialevolution.py
fn=_calculate_population_energies
1368 51400
cfl=c:\Users\Pedro\faculdade\IniciacaoCientifica\grn\.env\Lib\site-packages\numpy\_core\fromnumeric.py
cfn=_squeeze_dispatcher
calls=2 1592
1368 200
cfl=c:\Users\Pedro\faculdade\IniciacaoCientifica\grn\.env\Lib\site-packages\numpy\_core\fromnumeric.py
cfn=squeeze
calls=2 1596
1368 30200
cfl=c:\Users\Pedro\faculdade\IniciacaoCientifica\grn\.env\Lib\site-packages\numpy\_core\fromnumeric.py
cfn=_size_dispatcher
calls=2 3521
1368 200
cfl=c:\Users\Pedro\faculdade\IniciacaoCientifica\grn\.env\Lib\site-packages\numpy\_core\fromnumeric.py
cfn=size
calls=2 3525
1368 14700
cfl=c:\Users\Pedro\faculdade\IniciacaoCientifica\grn\.env\Lib\site-packages\numpy\_core\numeric.py
cfn=full
calls=2 323
1368 4200
cfl=c:\Users\Pedro\faculdade\IniciacaoCientifica\grn\.env\Lib\site-packages\scipy\_lib\_util.py
cfn=__call__:689
calls=2 689
1368 204395200
cfl=c:\Users\Pedro\faculdade\IniciacaoCientifica\grn\.env\Lib\site-packages\scipy\optimize\_differentialevolution.py
cfn=_scale_parameters
calls=2 1726
1368 47800
cfl=~
cfn=<built-in method builtins.min>
calls=2 0
1368 400

fl=c:\Users\Pedro\faculdade\IniciacaoCientifica\grn\.env\Lib\site-packages\scipy\optimize\_differentialevolution.py
fn=_promote_lowest_energy
1423 43400
cfl=c:\Users\Pedro\faculdade\IniciacaoCientifica\grn\.env\Lib\site-packages\numpy\_core\fromnumeric.py
cfn=_argmin_dispatcher
calls=2 1317
1423 200
cfl=c:\Users\Pedro\faculdade\IniciacaoCientifica\grn\.env\Lib\site-packages\numpy\_core\fromnumeric.py
cfn=argmin
calls=2 1321
1423 16600
cfl=~
cfn=<built-in method numpy.arange>
calls=2 0
1423 9200

fl=c:\Users\Pedro\faculdade\IniciacaoCientifica\grn\.env\Lib\site-packages\scipy\optimize\_differentialevolution.py
fn=_calculate_population_feasibilities
1502 6200
cfl=c:\Users\Pedro\faculdade\IniciacaoCientifica\grn\.env\Lib\site-packages\numpy\_core\fromnumeric.py
cfn=_size_dispatcher
calls=2 3521
1502 200
cfl=c:\Users\Pedro\faculdade\IniciacaoCientifica\grn\.env\Lib\site-packages\numpy\_core\fromnumeric.py
cfn=size
calls=2 3525
1502 28900
cfl=c:\Users\Pedro\faculdade\IniciacaoCientifica\grn\.env\Lib\site-packages\numpy\_core\numeric.py
cfn=ones
calls=2 170
1502 6000
cfl=~
cfn=<built-in method numpy.zeros>
calls=2 0
1502 1400

fl=c:\Users\Pedro\faculdade\IniciacaoCientifica\grn\.env\Lib\site-packages\scipy\optimize\_differentialevolution.py
fn=__enter__
1550 100

fl=c:\Users\Pedro\faculdade\IniciacaoCientifica\grn\.env\Lib\site-packages\scipy\optimize\_differentialevolution.py
fn=__exit__
1553 900
cfl=c:\Users\Pedro\faculdade\IniciacaoCientifica\grn\.env\Lib\site-packages\scipy\_lib\_util.py
cfn=__exit__
calls=1 684
1553 200

fl=c:\Users\Pedro\faculdade\IniciacaoCientifica\grn\.env\Lib\site-packages\scipy\optimize\_differentialevolution.py
fn=_accept_trial
1556 22800

fl=c:\Users\Pedro\faculdade\IniciacaoCientifica\grn\.env\Lib\site-packages\scipy\optimize\_differentialevolution.py
fn=__next__
1601 157500
cfl=c:\Users\Pedro\faculdade\IniciacaoCientifica\grn\.env\Lib\site-packages\numpy\_core\fromnumeric.py
cfn=_all_dispatcher
calls=1 2543
1601 100
cfl=c:\Users\Pedro\faculdade\IniciacaoCientifica\grn\.env\Lib\site-packages\numpy\_core\fromnumeric.py
cfn=all
calls=1 2548
1601 5800
cfl=c:\Users\Pedro\faculdade\IniciacaoCientifica\grn\.env\Lib\site-packages\numpy\_core\multiarray.py
cfn=where
calls=4 403
1601 400
cfl=c:\Users\Pedro\faculdade\IniciacaoCientifica\grn\.env\Lib\site-packages\numpy\_core\numeric.py
cfn=full
calls=1 323
1601 2800
cfl=c:\Users\Pedro\faculdade\IniciacaoCientifica\grn\.env\Lib\site-packages\scipy\optimize\_differentialevolution.py
cfn=x
calls=1 1156
1601 9800
cfl=c:\Users\Pedro\faculdade\IniciacaoCientifica\grn\.env\Lib\site-packages\scipy\optimize\_differentialevolution.py
cfn=_calculate_population_energies
calls=1 1368
1601 87057100
cfl=c:\Users\Pedro\faculdade\IniciacaoCientifica\grn\.env\Lib\site-packages\scipy\optimize\_differentialevolution.py
cfn=_promote_lowest_energy
calls=1 1423
1601 29900
cfl=c:\Users\Pedro\faculdade\IniciacaoCientifica\grn\.env\Lib\site-packages\scipy\optimize\_differentialevolution.py
cfn=_calculate_population_feasibilities
calls=1 1502
1601 26200
cfl=c:\Users\Pedro\faculdade\IniciacaoCientifica\grn\.env\Lib\site-packages\scipy\optimize\_differentialevolution.py
cfn=_accept_trial
calls=285 1556
1601 22800
cfl=c:\Users\Pedro\faculdade\IniciacaoCientifica\grn\.env\Lib\site-packages\scipy\optimize\_differentialevolution.py
cfn=_ensure_constraint
calls=1 1740
1601 34900
cfl=c:\Users\Pedro\faculdade\IniciacaoCientifica\grn\.env\Lib\site-packages\scipy\optimize\_differentialevolution.py
cfn=_mutate_many
calls=1 1769
1601 1867500
cfl=~
cfn=<built-in method numpy.arange>
calls=1 0
1601 1200
cfl=~
cfn=<built-in method numpy.array>
calls=1 0
1601 7500

fl=c:\Users\Pedro\faculdade\IniciacaoCientifica\grn\.env\Lib\site-packages\scipy\optimize\_differentialevolution.py
fn=_scale_parameters
1726 88400
cfl=c:\Users\Pedro\faculdade\IniciacaoCientifica\grn\.env\Lib\site-packages\numpy\_core\numeric.py
cfn=_count_nonzero_dispatcher
calls=5 479
1726 800
cfl=c:\Users\Pedro\faculdade\IniciacaoCientifica\grn\.env\Lib\site-packages\numpy\_core\numeric.py
cfn=count_nonzero
calls=5 483
1726 6300

fl=c:\Users\Pedro\faculdade\IniciacaoCientifica\grn\.env\Lib\site-packages\scipy\optimize\_differentialevolution.py
fn=_ensure_constraint
1740 33200
cfl=c:\Users\Pedro\faculdade\IniciacaoCientifica\grn\.env\Lib\site-packages\numpy\_core\numeric.py
cfn=_count_nonzero_dispatcher
calls=1 479
1740 100
cfl=c:\Users\Pedro\faculdade\IniciacaoCientifica\grn\.env\Lib\site-packages\numpy\_core\numeric.py
cfn=count_nonzero
calls=1 483
1740 1600

fl=c:\Users\Pedro\faculdade\IniciacaoCientifica\grn\.env\Lib\site-packages\scipy\optimize\_differentialevolution.py
fn=_mutate_many
1769 134900
cfl=c:\Users\Pedro\faculdade\IniciacaoCientifica\grn\.env\Lib\site-packages\numpy\_core\multiarray.py
cfn=where
calls=1 403
1769 200
cfl=c:\Users\Pedro\faculdade\IniciacaoCientifica\grn\.env\Lib\site-packages\numpy\lib\_function_base_impl.py
cfn=_copy_dispatcher
calls=1 920
1769 100
cfl=c:\Users\Pedro\faculdade\IniciacaoCientifica\grn\.env\Lib\site-packages\numpy\lib\_function_base_impl.py
cfn=copy
calls=1 924
1769 4200
cfl=c:\Users\Pedro\faculdade\IniciacaoCientifica\grn\.env\Lib\site-packages\scipy\_lib\_util.py
cfn=rng_integers
calls=1 722
1769 30500
cfl=c:\Users\Pedro\faculdade\IniciacaoCientifica\grn\.env\Lib\site-packages\scipy\optimize\_differentialevolution.py
cfn=mutation_func
calls=1 1028
1769 1500
cfl=c:\Users\Pedro\faculdade\IniciacaoCientifica\grn\.env\Lib\site-packages\scipy\optimize\_differentialevolution.py
cfn=_best1
calls=1 1858
1769 31100
cfl=c:\Users\Pedro\faculdade\IniciacaoCientifica\grn\.env\Lib\site-packages\scipy\optimize\_differentialevolution.py
cfn=_select_samples
calls=285 1908
1769 1632800
cfl=~
cfn=<built-in method builtins.callable>
calls=1 0
1769 200
cfl=~
cfn=<built-in method builtins.len>
calls=1 0
1769 200
cfl=~
cfn=<built-in method numpy.arange>
calls=1 0
1769 1300
cfl=~
cfn=<built-in method numpy.array>
calls=1 0
1769 30500

fl=c:\Users\Pedro\faculdade\IniciacaoCientifica\grn\.env\Lib\site-packages\scipy\optimize\_differentialevolution.py
fn=_best1
1858 31100

fl=c:\Users\Pedro\faculdade\IniciacaoCientifica\grn\.env\Lib\site-packages\scipy\optimize\_differentialevolution.py
fn=_select_samples
1908 1632800

fl=c:\Users\Pedro\faculdade\IniciacaoCientifica\grn\.env\Lib\site-packages\scipy\optimize\_lbfgsb_py.py
fn=_minimize_lbfgsb
294 72300
cfl=c:\Users\Pedro\faculdade\IniciacaoCientifica\grn\.env\Lib\site-packages\numpy\_core\fromnumeric.py
cfn=_clip_dispatcher
calls=1 2202
294 400
cfl=c:\Users\Pedro\faculdade\IniciacaoCientifica\grn\.env\Lib\site-packages\numpy\_core\fromnumeric.py
cfn=clip
calls=1 2207
294 16200
cfl=c:\Users\Pedro\faculdade\IniciacaoCientifica\grn\.env\Lib\site-packages\numpy\_core\getlimits.py
cfn=__new__
calls=1 178
294 2400
cfl=c:\Users\Pedro\faculdade\IniciacaoCientifica\grn\.env\Lib\site-packages\scipy\optimize\_constraints.py
cfn=old_bound_to_new
calls=1 437
294 23400
cfl=c:\Users\Pedro\faculdade\IniciacaoCientifica\grn\.env\Lib\site-packages\scipy\optimize\_differentiable_functions.py
cfn=nfev
calls=1 325
294 300
cfl=c:\Users\Pedro\faculdade\IniciacaoCientifica\grn\.env\Lib\site-packages\scipy\optimize\_differentiable_functions.py
cfn=ngev
calls=1 329
294 200
cfl=c:\Users\Pedro\faculdade\IniciacaoCientifica\grn\.env\Lib\site-packages\scipy\optimize\_differentiable_functions.py
cfn=fun_and_grad
calls=1 409
294 11800
cfl=c:\Users\Pedro\faculdade\IniciacaoCientifica\grn\.env\Lib\site-packages\scipy\optimize\_lbfgsb_py.py
cfn=__init__
calls=1 539
294 40600
cfl=c:\Users\Pedro\faculdade\IniciacaoCientifica\grn\.env\Lib\site-packages\scipy\optimize\_optimize.py
cfn=_check_unknown_options
calls=1 176
294 200
cfl=c:\Users\Pedro\faculdade\IniciacaoCientifica\grn\.env\Lib\site-packages\scipy\optimize\_optimize.py
cfn=_prepare_scalar_function
calls=1 204
294 7036400
cfl=c:\Users\Pedro\faculdade\IniciacaoCientifica\grn\.env\Lib\site-packages\scipy\sparse\linalg\_interface.py
cfn=__new__
calls=1 158
294 2700
cfl=~
cfn=<built-in method builtins.len>
calls=1 0
294 100
cfl=~
cfn=<built-in method builtins.min>
calls=1 0
294 400
cfl=~
cfn=<built-in method numpy.array>
calls=3 0
294 2200
cfl=~
cfn=<built-in method numpy.asarray>
calls=1 0
294 100
cfl=~
cfn=<built-in method numpy.zeros>
calls=11 0
294 12800
cfl=~
cfn=<built-in method scipy.optimize._lbfgsb.setulb>
calls=2 0
294 10100
cfl=~
cfn=<method 'any' of 'numpy.ndarray' objects>
calls=1 0
294 1900
cfl=~
cfn=<method 'astype' of 'numpy.ndarray' objects>
calls=2 0
294 1100
cfl=~
cfn=<method 'ravel' of 'numpy.ndarray' objects>
calls=1 0
294 500
cfl=~
cfn=<method 'reshape' of 'numpy.ndarray' objects>
calls=2 0
294 800

fl=c:\Users\Pedro\faculdade\IniciacaoCientifica\grn\.env\Lib\site-packages\scipy\optimize\_lbfgsb_py.py
fn=__init__
539 15700
cfl=c:\Users\Pedro\faculdade\IniciacaoCientifica\grn\.env\Lib\site-packages\numpy\_core\einsumfunc.py
cfn=_einsum_dispatcher
calls=5 1236
539 1300
cfl=c:\Users\Pedro\faculdade\IniciacaoCientifica\grn\.env\Lib\site-packages\numpy\_core\einsumfunc.py
cfn=einsum
calls=1 1244
539 8800
cfl=c:\Users\Pedro\faculdade\IniciacaoCientifica\grn\.env\Lib\site-packages\scipy\sparse\linalg\_interface.py
cfn=__init__
calls=1 173
539 14800

fl=c:\Users\Pedro\faculdade\IniciacaoCientifica\grn\.env\Lib\site-packages\scipy\optimize\_minimize.py
fn=minimize
54 30700
cfl=c:\Users\Pedro\faculdade\IniciacaoCientifica\grn\.env\Lib\site-packages\numpy\_core\fromnumeric.py
cfn=_any_dispatcher
calls=1 2431
54 200
cfl=c:\Users\Pedro\faculdade\IniciacaoCientifica\grn\.env\Lib\site-packages\numpy\_core\fromnumeric.py
cfn=any
calls=1 2436
54 8600
cfl=c:\Users\Pedro\faculdade\IniciacaoCientifica\grn\.env\Lib\site-packages\numpy\_core\fromnumeric.py
cfn=_all_dispatcher
calls=1 2543
54 200
cfl=c:\Users\Pedro\faculdade\IniciacaoCientifica\grn\.env\Lib\site-packages\numpy\_core\fromnumeric.py
cfn=all
calls=1 2548
54 2600
cfl=c:\Users\Pedro\faculdade\IniciacaoCientifica\grn\.env\Lib\site-packages\numpy\_core\shape_base.py
cfn=_atleast_1d_dispatcher
calls=1 15
54 0
cfl=c:\Users\Pedro\faculdade\IniciacaoCientifica\grn\.env\Lib\site-packages\numpy\_core\shape_base.py
cfn=atleast_1d
calls=1 19
54 600
cfl=c:\Users\Pedro\faculdade\IniciacaoCientifica\grn\.env\Lib\site-packages\scipy\optimize\_lbfgsb_py.py
cfn=_minimize_lbfgsb
calls=1 294
54 7236900
cfl=c:\Users\Pedro\faculdade\IniciacaoCientifica\grn\.env\Lib\site-packages\scipy\optimize\_minimize.py
cfn=_validate_bounds
calls=1 1105
54 21000
cfl=c:\Users\Pedro\faculdade\IniciacaoCientifica\grn\.env\Lib\site-packages\scipy\optimize\_minimize.py
cfn=standardize_bounds
calls=2 1121
54 26600
cfl=c:\Users\Pedro\faculdade\IniciacaoCientifica\grn\.env\Lib\site-packages\scipy\optimize\_minimize.py
cfn=standardize_constraints
calls=1 1134
54 2500
cfl=c:\Users\Pedro\faculdade\IniciacaoCientifica\grn\.env\Lib\site-packages\scipy\optimize\_optimize.py
cfn=_wrap_callback
calls=1 88
54 100
cfl=~
cfn=<built-in method builtins.callable>
calls=3 0
54 300
cfl=~
cfn=<built-in method builtins.getattr>
calls=1 0
54 300
cfl=~
cfn=<built-in method builtins.isinstance>
calls=1 0
54 200
cfl=~
cfn=<built-in method numpy.asarray>
calls=1 0
54 100
cfl=~
cfn=<method 'any' of 'numpy.ndarray' objects>
calls=1 0
54 2300
cfl=~
cfn=<method 'get' of 'dict' objects>
calls=1 0
54 200
cfl=~
cfn=<method 'lower' of 'str' objects>
calls=1 0
54 300

fl=c:\Users\Pedro\faculdade\IniciacaoCientifica\grn\.env\Lib\site-packages\scipy\optimize\_minimize.py
fn=_validate_bounds
1105 6200
cfl=c:\Users\Pedro\faculdade\IniciacaoCientifica\grn\.env\Lib\site-packages\numpy\_core\fromnumeric.py
cfn=_any_dispatcher
calls=1 2431
1105 100
cfl=c:\Users\Pedro\faculdade\IniciacaoCientifica\grn\.env\Lib\site-packages\numpy\_core\fromnumeric.py
cfn=any
calls=1 2436
1105 2800
cfl=c:\Users\Pedro\faculdade\IniciacaoCientifica\grn\.env\Lib\site-packages\numpy\lib\_stride_tricks_impl.py
cfn=_broadcast_to_dispatcher
calls=2 396
1105 200
cfl=c:\Users\Pedro\faculdade\IniciacaoCientifica\grn\.env\Lib\site-packages\numpy\lib\_stride_tricks_impl.py
cfn=broadcast_to
calls=2 400
1105 11700

fl=c:\Users\Pedro\faculdade\IniciacaoCientifica\grn\.env\Lib\site-packages\scipy\optimize\_minimize.py
fn=standardize_bounds
1121 3800
cfl=c:\Users\Pedro\faculdade\IniciacaoCientifica\grn\.env\Lib\site-packages\scipy\optimize\_constraints.py
cfn=new_bounds_to_old
calls=1 419
1121 22600
cfl=~
cfn=<built-in method builtins.isinstance>
calls=2 0
1121 200

fl=c:\Users\Pedro\faculdade\IniciacaoCientifica\grn\.env\Lib\site-packages\scipy\optimize\_minimize.py
fn=standardize_constraints
1134 2100
cfl=~
cfn=<built-in method builtins.isinstance>
calls=1 0
1134 400

fl=c:\Users\Pedro\faculdade\IniciacaoCientifica\grn\.env\Lib\site-packages\scipy\optimize\_numdiff.py
fn=_adjust_scheme_to_bounds
14 23600
cfl=c:\Users\Pedro\faculdade\IniciacaoCientifica\grn\.env\Lib\site-packages\numpy\_core\fromnumeric.py
cfn=_all_dispatcher
calls=1 2543
14 100
cfl=c:\Users\Pedro\faculdade\IniciacaoCientifica\grn\.env\Lib\site-packages\numpy\_core\fromnumeric.py
cfn=all
calls=1 2548
14 3200
cfl=c:\Users\Pedro\faculdade\IniciacaoCientifica\grn\.env\Lib\site-packages\numpy\_core\numeric.py
cfn=_ones_like_dispatcher
calls=1 240
14 0
cfl=c:\Users\Pedro\faculdade\IniciacaoCientifica\grn\.env\Lib\site-packages\numpy\_core\numeric.py
cfn=ones_like
calls=1 246
14 4900
cfl=~
cfn=<method 'copy' of 'numpy.ndarray' objects>
calls=1 0
14 500

fl=c:\Users\Pedro\faculdade\IniciacaoCientifica\grn\.env\Lib\site-packages\scipy\optimize\_numdiff.py
fn=_eps_for_method
93 5400
cfl=c:\Users\Pedro\faculdade\IniciacaoCientifica\grn\.env\Lib\site-packages\numpy\_core\getlimits.py
cfn=__new__
calls=2 178
93 1100
cfl=c:\Users\Pedro\faculdade\IniciacaoCientifica\grn\.env\Lib\site-packages\numpy\_core\numerictypes.py
cfn=issubdtype
calls=2 475
93 5900

fl=c:\Users\Pedro\faculdade\IniciacaoCientifica\grn\.env\Lib\site-packages\scipy\optimize\_numdiff.py
fn=_prepare_bounds
196 2000
cfl=c:\Users\Pedro\faculdade\IniciacaoCientifica\grn\.env\Lib\site-packages\scipy\optimize\_numdiff.py
cfn=<genexpr>
calls=3 207
196 3200

fl=c:\Users\Pedro\faculdade\IniciacaoCientifica\grn\.env\Lib\site-packages\scipy\optimize\_numdiff.py
fn=<genexpr>
207 2400
cfl=~
cfn=<built-in method numpy.asarray>
calls=2 0
207 800

fl=c:\Users\Pedro\faculdade\IniciacaoCientifica\grn\.env\Lib\site-packages\scipy\optimize\_numdiff.py
fn=approx_derivative
278 51800
cfl=c:\Users\Pedro\faculdade\IniciacaoCientifica\grn\.env\Lib\site-packages\numpy\_core\fromnumeric.py
cfn=_any_dispatcher
calls=1 2431
278 100
cfl=c:\Users\Pedro\faculdade\IniciacaoCientifica\grn\.env\Lib\site-packages\numpy\_core\fromnumeric.py
cfn=any
calls=1 2436
278 4500
cfl=c:\Users\Pedro\faculdade\IniciacaoCientifica\grn\.env\Lib\site-packages\numpy\_core\multiarray.py
cfn=where
calls=1 403
278 200
cfl=c:\Users\Pedro\faculdade\IniciacaoCientifica\grn\.env\Lib\site-packages\numpy\_core\numerictypes.py
cfn=isdtype
calls=1 385
278 4000
cfl=c:\Users\Pedro\faculdade\IniciacaoCientifica\grn\.env\Lib\site-packages\numpy\_core\shape_base.py
cfn=_atleast_1d_dispatcher
calls=1 15
278 100
cfl=c:\Users\Pedro\faculdade\IniciacaoCientifica\grn\.env\Lib\site-packages\numpy\_core\shape_base.py
cfn=atleast_1d
calls=1 19
278 2200
cfl=c:\Users\Pedro\faculdade\IniciacaoCientifica\grn\.env\Lib\site-packages\scipy\_lib\_array_api_override.py
cfn=array_namespace
calls=1 69
278 100
cfl=c:\Users\Pedro\faculdade\IniciacaoCientifica\grn\.env\Lib\site-packages\scipy\_lib\_util.py
cfn=__init__:633
calls=1 633
278 1500
cfl=c:\Users\Pedro\faculdade\IniciacaoCientifica\grn\.env\Lib\site-packages\scipy\_lib\_util.py
cfn=__enter__
calls=1 669
278 200
cfl=c:\Users\Pedro\faculdade\IniciacaoCientifica\grn\.env\Lib\site-packages\scipy\_lib\_util.py
cfn=__exit__
calls=1 684
278 300
cfl=c:\Users\Pedro\faculdade\IniciacaoCientifica\grn\.env\Lib\site-packages\scipy\_lib\array_api_compat\numpy\_aliases.py
cfn=asarray
calls=1 70
278 3500
cfl=c:\Users\Pedro\faculdade\IniciacaoCientifica\grn\.env\Lib\site-packages\scipy\_lib\array_api_compat\numpy\_aliases.py
cfn=astype
calls=1 97
278 2300
cfl=c:\Users\Pedro\faculdade\IniciacaoCientifica\grn\.env\Lib\site-packages\scipy\_lib\array_api_extra\_delegation.py
cfn=atleast_nd
calls=1 34
278 3600
cfl=c:\Users\Pedro\faculdade\IniciacaoCientifica\grn\.env\Lib\site-packages\scipy\optimize\_numdiff.py
cfn=_adjust_scheme_to_bounds
calls=1 14
278 32300
cfl=c:\Users\Pedro\faculdade\IniciacaoCientifica\grn\.env\Lib\site-packages\scipy\optimize\_numdiff.py
cfn=_eps_for_method
calls=1 93
278 12400
cfl=c:\Users\Pedro\faculdade\IniciacaoCientifica\grn\.env\Lib\site-packages\scipy\optimize\_numdiff.py
cfn=_prepare_bounds
calls=1 196
278 5200
cfl=c:\Users\Pedro\faculdade\IniciacaoCientifica\grn\.env\Lib\site-packages\scipy\optimize\_numdiff.py
cfn=_dense_difference
calls=1 663
278 6384400
cfl=c:\Users\Pedro\faculdade\IniciacaoCientifica\grn\.env\Lib\site-packages\scipy\optimize\_numdiff.py
cfn=__init__
calls=1 865
278 700
cfl=~
cfn=<method 'astype' of 'numpy.ndarray' objects>
calls=1 0
278 1000

fl=c:\Users\Pedro\faculdade\IniciacaoCientifica\grn\.env\Lib\site-packages\scipy\optimize\_numdiff.py
fn=_dense_difference
663 57200
cfl=c:\Users\Pedro\faculdade\IniciacaoCientifica\grn\.env\Lib\site-packages\numpy\_core\fromnumeric.py
cfn=_ravel_dispatcher
calls=1 1875
663 200
cfl=c:\Users\Pedro\faculdade\IniciacaoCientifica\grn\.env\Lib\site-packages\numpy\_core\fromnumeric.py
cfn=ravel
calls=1 1879
663 2400
cfl=c:\Users\Pedro\faculdade\IniciacaoCientifica\grn\.env\Lib\site-packages\scipy\_lib\_util.py
cfn=__call__:689
calls=1 689
663 400
cfl=c:\Users\Pedro\faculdade\IniciacaoCientifica\grn\.env\Lib\site-packages\scipy\optimize\_numdiff.py
cfn=x_generator2
calls=20 670
663 40700
cfl=c:\Users\Pedro\faculdade\IniciacaoCientifica\grn\.env\Lib\site-packages\scipy\optimize\_numdiff.py
cfn=__call__
calls=19 871
663 6282900
cfl=~
cfn=<built-in method builtins.len>
calls=1 0
663 200
cfl=~
cfn=<built-in method numpy.empty>
calls=1 0
663 400

fl=c:\Users\Pedro\faculdade\IniciacaoCientifica\grn\.env\Lib\site-packages\scipy\optimize\_numdiff.py
fn=x_generator2
670 23300
cfl=c:\Users\Pedro\faculdade\IniciacaoCientifica\grn\.env\Lib\site-packages\numpy\lib\_function_base_impl.py
cfn=_copy_dispatcher
calls=19 920
670 2200
cfl=c:\Users\Pedro\faculdade\IniciacaoCientifica\grn\.env\Lib\site-packages\numpy\lib\_function_base_impl.py
cfn=copy
calls=19 924
670 15200

fl=c:\Users\Pedro\faculdade\IniciacaoCientifica\grn\.env\Lib\site-packages\scipy\optimize\_numdiff.py
fn=__init__
865 700

fl=c:\Users\Pedro\faculdade\IniciacaoCientifica\grn\.env\Lib\site-packages\scipy\optimize\_numdiff.py
fn=__call__
871 54800
cfl=c:\Users\Pedro\faculdade\IniciacaoCientifica\grn\.env\Lib\site-packages\numpy\_core\numerictypes.py
cfn=isdtype
calls=19 385
871 65000
cfl=c:\Users\Pedro\faculdade\IniciacaoCientifica\grn\.env\Lib\site-packages\numpy\_core\shape_base.py
cfn=_atleast_1d_dispatcher
calls=19 15
871 2200
cfl=c:\Users\Pedro\faculdade\IniciacaoCientifica\grn\.env\Lib\site-packages\numpy\_core\shape_base.py
cfn=atleast_1d
calls=19 19
871 31200
cfl=c:\Users\Pedro\faculdade\IniciacaoCientifica\grn\.env\Lib\site-packages\scipy\_lib\_array_api_override.py
cfn=array_namespace
calls=19 69
871 3100
cfl=c:\Users\Pedro\faculdade\IniciacaoCientifica\grn\.env\Lib\site-packages\scipy\_lib\_util.py
cfn=__call__:600
calls=19 600
871 6095900
cfl=c:\Users\Pedro\faculdade\IniciacaoCientifica\grn\.env\Lib\site-packages\scipy\_lib\array_api_compat\numpy\_aliases.py
cfn=astype
calls=19 97
871 30700

fl=c:\Users\Pedro\faculdade\IniciacaoCientifica\grn\.env\Lib\site-packages\scipy\optimize\_optimize.py
fn=_wrap_callback
88 400

fl=c:\Users\Pedro\faculdade\IniciacaoCientifica\grn\.env\Lib\site-packages\scipy\optimize\_optimize.py
fn=_check_unknown_options
176 200

fl=c:\Users\Pedro\faculdade\IniciacaoCientifica\grn\.env\Lib\site-packages\scipy\optimize\_optimize.py
fn=_prepare_scalar_function
204 8200
cfl=c:\Users\Pedro\faculdade\IniciacaoCientifica\grn\.env\Lib\site-packages\scipy\optimize\_differentiable_functions.py
cfn=__init__:218
calls=1 218
204 7028100
cfl=~
cfn=<built-in method builtins.callable>
calls=1 0
204 100

fl=c:\Users\Pedro\faculdade\IniciacaoCientifica\grn\.env\Lib\site-packages\scipy\optimize\_optimize.py
fn=hess
299 200

fl=c:\Users\Pedro\faculdade\IniciacaoCientifica\grn\.env\Lib\site-packages\scipy\sparse\_sputils.py
fn=isintlike
350 4200
cfl=c:\Users\Pedro\faculdade\IniciacaoCientifica\grn\.env\Lib\site-packages\numpy\_core\fromnumeric.py
cfn=_ndim_dispatcher
calls=2 3478
350 200
cfl=c:\Users\Pedro\faculdade\IniciacaoCientifica\grn\.env\Lib\site-packages\numpy\_core\fromnumeric.py
cfn=ndim
calls=2 3482
350 3300
cfl=~
cfn=<built-in method _operator.index>
calls=2 0
350 300

fl=c:\Users\Pedro\faculdade\IniciacaoCientifica\grn\.env\Lib\site-packages\scipy\sparse\_sputils.py
fn=isshape
372 3200
cfl=c:\Users\Pedro\faculdade\IniciacaoCientifica\grn\.env\Lib\site-packages\scipy\sparse\_sputils.py
cfn=isintlike
calls=2 350
372 8000
cfl=~
cfn=<built-in method builtins.len>
calls=1 0
372 200

fl=c:\Users\Pedro\faculdade\IniciacaoCientifica\grn\.env\Lib\site-packages\scipy\sparse\linalg\_interface.py
fn=__new__
158 2100
cfl=~
cfn=<built-in method __new__ of type object at 0x00007FFE69354D90>
calls=1 0
158 600

fl=c:\Users\Pedro\faculdade\IniciacaoCientifica\grn\.env\Lib\site-packages\scipy\sparse\linalg\_interface.py
fn=__init__
173 3400
cfl=c:\Users\Pedro\faculdade\IniciacaoCientifica\grn\.env\Lib\site-packages\scipy\sparse\_sputils.py
cfn=isshape
calls=1 372
173 11400

fl=c:\Users\Pedro\faculdade\IniciacaoCientifica\grn\.env\Lib\site-packages\tornado\ioloop.py
fn=time
549 1600
cfl=~
cfn=<built-in method time.time>
calls=4 0
549 1100

fl=c:\Users\Pedro\faculdade\IniciacaoCientifica\grn\.env\Lib\site-packages\tornado\ioloop.py
fn=call_later
604 4800
cfl=c:\Users\Pedro\faculdade\IniciacaoCientifica\grn\.env\Lib\site-packages\tornado\ioloop.py
cfn=time
calls=2 549
604 1800
cfl=c:\Users\Pedro\faculdade\IniciacaoCientifica\grn\.env\Lib\site-packages\tornado\platform\asyncio.py
cfn=call_at
calls=2 216
604 37100

fl=c:\Users\Pedro\faculdade\IniciacaoCientifica\grn\.env\Lib\site-packages\tornado\ioloop.py
fn=_run_callback
750 6300
cfl=c:\Users\Pedro\faculdade\IniciacaoCientifica\grn\.env\Lib\site-packages\ipykernel\iostream.py
cfn=_flush
calls=1 682
750 0
cfl=c:\Users\Pedro\faculdade\IniciacaoCientifica\grn\.env\Lib\site-packages\zmq\eventloop\zmqstream.py
cfn=<lambda>
calls=2 684
750 175700
cfl=~
cfn=<method 'partition' of 'str' objects>
calls=1 0
750 600
cfl=~
cfn=<method 'strip' of 'str' objects>
calls=1 0
750 200

fl=c:\Users\Pedro\faculdade\IniciacaoCientifica\grn\.env\Lib\site-packages\tornado\platform\asyncio.py
fn=_handle_events
206 6000
cfl=c:\Users\Pedro\faculdade\IniciacaoCientifica\grn\.env\Lib\site-packages\zmq\eventloop\zmqstream.py
cfn=_handle_events
calls=2 573
206 232700

fl=c:\Users\Pedro\faculdade\IniciacaoCientifica\grn\.env\Lib\site-packages\tornado\platform\asyncio.py
fn=call_at
216 6100
cfl=C:\Users\Pedro\AppData\Local\Python\pythoncore-3.14-64\Lib\asyncio\base_events.py
cfn=call_later
calls=2 775
216 29200
cfl=c:\Users\Pedro\faculdade\IniciacaoCientifica\grn\.env\Lib\site-packages\tornado\ioloop.py
cfn=time
calls=2 549
216 900
cfl=~
cfn=<built-in method builtins.max>
calls=2 0
216 900

fl=c:\Users\Pedro\faculdade\IniciacaoCientifica\grn\.env\Lib\site-packages\tornado\platform\asyncio.py
fn=add_callback
231 8600
cfl=C:\Users\Pedro\AppData\Local\Python\pythoncore-3.14-64\Lib\asyncio\base_events.py
cfn=call_soon
calls=1 817
231 7200
cfl=~
cfn=<built-in method _asyncio.get_running_loop>
calls=1 0
231 500

fl=c:\Users\Pedro\faculdade\IniciacaoCientifica\grn\.env\Lib\site-packages\traitlets\traitlets.py
fn=get
648 218600

fl=c:\Users\Pedro\faculdade\IniciacaoCientifica\grn\.env\Lib\site-packages\traitlets\traitlets.py
fn=__get__
695 370100
cfl=c:\Users\Pedro\faculdade\IniciacaoCientifica\grn\.env\Lib\site-packages\traitlets\traitlets.py
cfn=get
calls=1222 648
695 218600

fl=c:\Users\Pedro\faculdade\IniciacaoCientifica\grn\.env\Lib\site-packages\traitlets\traitlets.py
fn=set:708
708 7500
cfl=c:\Users\Pedro\faculdade\IniciacaoCientifica\grn\.env\Lib\site-packages\traitlets\traitlets.py
cfn=_validate
calls=4 737
708 32800
cfl=c:\Users\Pedro\faculdade\IniciacaoCientifica\grn\.env\Lib\site-packages\traitlets\traitlets.py
cfn=_notify_trait
calls=1 1520
708 12500

fl=c:\Users\Pedro\faculdade\IniciacaoCientifica\grn\.env\Lib\site-packages\traitlets\traitlets.py
fn=__set__
727 4200
cfl=c:\Users\Pedro\faculdade\IniciacaoCientifica\grn\.env\Lib\site-packages\traitlets\traitlets.py
cfn=set:708
calls=2 708
727 17500
cfl=c:\Users\Pedro\faculdade\IniciacaoCientifica\grn\.env\Lib\site-packages\traitlets\traitlets.py
cfn=set:3646
calls=2 3646
727 40800

fl=c:\Users\Pedro\faculdade\IniciacaoCientifica\grn\.env\Lib\site-packages\traitlets\traitlets.py
fn=_validate
737 9600
cfl=c:\Users\Pedro\faculdade\IniciacaoCientifica\grn\.env\Lib\site-packages\traitlets\traitlets.py
cfn=_cross_validate
calls=4 746
737 7300
cfl=c:\Users\Pedro\faculdade\IniciacaoCientifica\grn\.env\Lib\site-packages\traitlets\traitlets.py
cfn=validate:2643
calls=2 2643
737 4800
cfl=c:\Users\Pedro\faculdade\IniciacaoCientifica\grn\.env\Lib\site-packages\traitlets\traitlets.py
cfn=validate:3491
calls=2 3491
737 9600
cfl=~
cfn=<built-in method builtins.hasattr>
calls=4 0
737 1500

fl=c:\Users\Pedro\faculdade\IniciacaoCientifica\grn\.env\Lib\site-packages\traitlets\traitlets.py
fn=_cross_validate
746 4700
cfl=~
cfn=<built-in method builtins.hasattr>
calls=4 0
746 2600

fl=c:\Users\Pedro\faculdade\IniciacaoCientifica\grn\.env\Lib\site-packages\traitlets\traitlets.py
fn=_notify_trait
1520 2600
cfl=c:\Users\Pedro\faculdade\IniciacaoCientifica\grn\.env\Lib\site-packages\traitlets\traitlets.py
cfn=notify_change
calls=1 1531
1520 9900

fl=c:\Users\Pedro\faculdade\IniciacaoCientifica\grn\.env\Lib\site-packages\traitlets\traitlets.py
fn=notify_change
1531 3600
cfl=c:\Users\Pedro\faculdade\IniciacaoCientifica\grn\.env\Lib\site-packages\traitlets\traitlets.py
cfn=_notify_observers
calls=1 1535
1531 6300

fl=c:\Users\Pedro\faculdade\IniciacaoCientifica\grn\.env\Lib\site-packages\traitlets\traitlets.py
fn=_notify_observers
1535 4300
cfl=~
cfn=<built-in method builtins.hasattr>
calls=1 0
1535 400
cfl=~
cfn=<built-in method builtins.isinstance>
calls=1 0
1535 100
cfl=~
cfn=<method 'extend' of 'list' objects>
calls=2 0
1535 600
cfl=~
cfn=<method 'get' of 'dict' objects>
calls=4 0
1535 900

fl=c:\Users\Pedro\faculdade\IniciacaoCientifica\grn\.env\Lib\site-packages\traitlets\traitlets.py
fn=validate:2312
2312 900
cfl=~
cfn=<built-in method builtins.isinstance>
calls=2 0
2312 100

fl=c:\Users\Pedro\faculdade\IniciacaoCientifica\grn\.env\Lib\site-packages\traitlets\traitlets.py
fn=_validate_bounds
2566 1000

fl=c:\Users\Pedro\faculdade\IniciacaoCientifica\grn\.env\Lib\site-packages\traitlets\traitlets.py
fn=validate:2643
2643 3500
cfl=c:\Users\Pedro\faculdade\IniciacaoCientifica\grn\.env\Lib\site-packages\traitlets\traitlets.py
cfn=_validate_bounds
calls=2 2566
2643 1000
cfl=~
cfn=<built-in method builtins.isinstance>
calls=4 0
2643 300

fl=c:\Users\Pedro\faculdade\IniciacaoCientifica\grn\.env\Lib\site-packages\traitlets\traitlets.py
fn=validate:3491
3491 3900
cfl=c:\Users\Pedro\faculdade\IniciacaoCientifica\grn\.env\Lib\site-packages\traitlets\traitlets.py
cfn=validate:2312
calls=2 2312
3491 1000
cfl=c:\Users\Pedro\faculdade\IniciacaoCientifica\grn\.env\Lib\site-packages\traitlets\traitlets.py
cfn=validate_elements:3639
calls=2 3639
3491 4400
cfl=~
cfn=<built-in method builtins.isinstance>
calls=2 0
3491 300

fl=c:\Users\Pedro\faculdade\IniciacaoCientifica\grn\.env\Lib\site-packages\traitlets\traitlets.py
fn=validate_elements:3501
3501 500

fl=c:\Users\Pedro\faculdade\IniciacaoCientifica\grn\.env\Lib\site-packages\traitlets\traitlets.py
fn=validate_elements:3639
3639 3600
cfl=c:\Users\Pedro\faculdade\IniciacaoCientifica\grn\.env\Lib\site-packages\traitlets\traitlets.py
cfn=validate_elements:3501
calls=2 3501
3639 500
cfl=~
cfn=<built-in method builtins.len>
calls=2 0
3639 300

fl=c:\Users\Pedro\faculdade\IniciacaoCientifica\grn\.env\Lib\site-packages\traitlets\traitlets.py
fn=set:3646
3646 5100
cfl=c:\Users\Pedro\faculdade\IniciacaoCientifica\grn\.env\Lib\site-packages\traitlets\traitlets.py
cfn=set:708
calls=2 708
3646 35300
cfl=~
cfn=<built-in method builtins.isinstance>
calls=2 0
3646 400

fl=c:\Users\Pedro\faculdade\IniciacaoCientifica\grn\.env\Lib\site-packages\zmq\eventloop\zmqstream.py
fn=receiving
528 1300

fl=c:\Users\Pedro\faculdade\IniciacaoCientifica\grn\.env\Lib\site-packages\zmq\eventloop\zmqstream.py
fn=sending
532 3200
cfl=C:\Users\Pedro\AppData\Local\Python\pythoncore-3.14-64\Lib\queue.py
cfn=empty
calls=5 112
532 13500

fl=c:\Users\Pedro\faculdade\IniciacaoCientifica\grn\.env\Lib\site-packages\zmq\eventloop\zmqstream.py
fn=_run_callback
546 9200
cfl=c:\Users\Pedro\faculdade\IniciacaoCientifica\grn\.env\Lib\site-packages\ipykernel\iostream.py
cfn=_handle_event
calls=4 229
546 52100
cfl=c:\Users\Pedro\faculdade\IniciacaoCientifica\grn\PythonCode\Modules\Handlers.py
cfn=save_results
calls=0 132
546 0
cfl=~
cfn=<built-in method builtins.isinstance>
calls=4 0
546 16700
cfl=~
cfn=<method 'append' of 'list' objects>
calls=1 0
546 300

fl=c:\Users\Pedro\faculdade\IniciacaoCientifica\grn\.env\Lib\site-packages\zmq\eventloop\zmqstream.py
fn=_handle_events
573 38900
cfl=C:\Users\Pedro\AppData\Local\Python\pythoncore-3.14-64\Lib\enum.py
cfn=__and__
calls=9 1594
573 38200
cfl=c:\Users\Pedro\faculdade\IniciacaoCientifica\grn\.env\Lib\site-packages\zmq\eventloop\zmqstream.py
cfn=receiving
calls=5 528
573 600
cfl=c:\Users\Pedro\faculdade\IniciacaoCientifica\grn\.env\Lib\site-packages\zmq\eventloop\zmqstream.py
cfn=_handle_recv
calls=4 614
573 173100
cfl=c:\Users\Pedro\faculdade\IniciacaoCientifica\grn\.env\Lib\site-packages\zmq\eventloop\zmqstream.py
cfn=_rebuild_io_state
calls=4 653
573 72100
cfl=c:\Users\Pedro\faculdade\IniciacaoCientifica\grn\.env\Lib\site-packages\zmq\sugar\attrsettr.py
cfn=__getattr__
calls=5 43
573 96000

fl=c:\Users\Pedro\faculdade\IniciacaoCientifica\grn\.env\Lib\site-packages\zmq\eventloop\zmqstream.py
fn=_handle_recv
614 16300
cfl=c:\Users\Pedro\faculdade\IniciacaoCientifica\grn\.env\Lib\site-packages\zmq\eventloop\zmqstream.py
cfn=_run_callback
calls=4 546
614 70100
cfl=c:\Users\Pedro\faculdade\IniciacaoCientifica\grn\.env\Lib\site-packages\zmq\sugar\socket.py
cfn=recv_multipart
calls=5 771
614 158900

fl=c:\Users\Pedro\faculdade\IniciacaoCientifica\grn\.env\Lib\site-packages\zmq\eventloop\zmqstream.py
fn=_rebuild_io_state
653 12600
cfl=C:\Users\Pedro\AppData\Local\Python\pythoncore-3.14-64\Lib\enum.py
cfn=__or__
calls=5 1583
653 14400
cfl=c:\Users\Pedro\faculdade\IniciacaoCientifica\grn\.env\Lib\site-packages\zmq\eventloop\zmqstream.py
cfn=receiving
calls=5 528
653 700
cfl=c:\Users\Pedro\faculdade\IniciacaoCientifica\grn\.env\Lib\site-packages\zmq\eventloop\zmqstream.py
cfn=sending
calls=5 532
653 16700
cfl=c:\Users\Pedro\faculdade\IniciacaoCientifica\grn\.env\Lib\site-packages\zmq\eventloop\zmqstream.py
cfn=_update_handler
calls=5 676
653 76100

fl=c:\Users\Pedro\faculdade\IniciacaoCientifica\grn\.env\Lib\site-packages\zmq\eventloop\zmqstream.py
fn=_update_handler
676 8700
cfl=C:\Users\Pedro\AppData\Local\Python\pythoncore-3.14-64\Lib\enum.py
cfn=__and__
calls=5 1594
676 13200
cfl=c:\Users\Pedro\faculdade\IniciacaoCientifica\grn\.env\Lib\site-packages\tornado\platform\asyncio.py
cfn=add_callback
calls=1 231
676 16300
cfl=c:\Users\Pedro\faculdade\IniciacaoCientifica\grn\.env\Lib\site-packages\zmq\sugar\attrsettr.py
cfn=__getattr__
calls=5 43
676 37900

fl=c:\Users\Pedro\faculdade\IniciacaoCientifica\grn\.env\Lib\site-packages\zmq\eventloop\zmqstream.py
fn=<lambda>
684 3800
cfl=c:\Users\Pedro\faculdade\IniciacaoCientifica\grn\.env\Lib\site-packages\zmq\eventloop\zmqstream.py
cfn=_handle_events
calls=2 573
684 171900

fl=c:\Users\Pedro\faculdade\IniciacaoCientifica\grn\.env\Lib\site-packages\zmq\sugar\attrsettr.py
fn=__setattr__
17 23800
cfl=c:\Users\Pedro\faculdade\IniciacaoCientifica\grn\.env\Lib\site-packages\zmq\sugar\attrsettr.py
cfn=_set_attr_opt
calls=1 39
17 3500
cfl=~
cfn=<built-in method builtins.getattr>
calls=8 0
17 3900
cfl=~
cfn=<method 'mro' of 'type' objects>
calls=8 0
17 5900
cfl=~
cfn=<method 'upper' of 'str' objects>
calls=1 0
17 200

fl=c:\Users\Pedro\faculdade\IniciacaoCientifica\grn\.env\Lib\site-packages\zmq\sugar\attrsettr.py
fn=_set_attr_opt
39 2800
cfl=C:\Users\Pedro\AppData\Local\Python\pythoncore-3.14-64\Lib\enum.py
cfn=__call__
calls=1 677
39 700

fl=c:\Users\Pedro\faculdade\IniciacaoCientifica\grn\.env\Lib\site-packages\zmq\sugar\attrsettr.py
fn=__getattr__
43 28500
cfl=<frozen importlib._bootstrap>
cfn=_handle_fromlist
calls=10 1401
43 13500
cfl=c:\Users\Pedro\faculdade\IniciacaoCientifica\grn\.env\Lib\site-packages\zmq\sugar\attrsettr.py
cfn=_get_attr_opt
calls=10 66
43 84500
cfl=~
cfn=<built-in method builtins.getattr>
calls=10 0
43 5000
cfl=~
cfn=<method 'upper' of 'str' objects>
calls=10 0
43 2400

fl=c:\Users\Pedro\faculdade\IniciacaoCientifica\grn\.env\Lib\site-packages\zmq\sugar\attrsettr.py
fn=_get_attr_opt
66 70900
cfl=C:\Users\Pedro\AppData\Local\Python\pythoncore-3.14-64\Lib\enum.py
cfn=__call__
calls=10 677
66 13600

fl=c:\Users\Pedro\faculdade\IniciacaoCientifica\grn\.env\Lib\site-packages\zmq\sugar\context.py
fn=__init__
90 802400
cfl=C:\Users\Pedro\AppData\Local\Python\pythoncore-3.14-64\Lib\_weakrefset.py
cfn=__init__
calls=1 12
90 1600
cfl=c:\Users\Pedro\faculdade\IniciacaoCientifica\grn\.env\Lib\site-packages\zmq\sugar\attrsettr.py
cfn=__setattr__
calls=3 17
90 15500
cfl=~
cfn=<built-in method builtins.isinstance>
calls=1 0
90 300

fl=c:\Users\Pedro\faculdade\IniciacaoCientifica\grn\.env\Lib\site-packages\zmq\sugar\context.py
fn=_add_socket
279 1600
cfl=C:\Users\Pedro\AppData\Local\Python\pythoncore-3.14-64\Lib\_weakrefset.py
cfn=add
calls=2 45
279 3300

fl=c:\Users\Pedro\faculdade\IniciacaoCientifica\grn\.env\Lib\site-packages\zmq\sugar\context.py
fn=socket
324 11200
cfl=c:\Users\Pedro\faculdade\IniciacaoCientifica\grn\.env\Lib\site-packages\zmq\sugar\context.py
cfn=_add_socket
calls=2 279
324 4900
cfl=c:\Users\Pedro\faculdade\IniciacaoCientifica\grn\.env\Lib\site-packages\zmq\sugar\socket.py
cfn=__init__:131
calls=2 131
324 2662100
cfl=~
cfn=<method 'items' of 'dict' objects>
calls=2 0
324 600

fl=c:\Users\Pedro\faculdade\IniciacaoCientifica\grn\.env\Lib\site-packages\zmq\sugar\socket.py
fn=__init__:57
57 900

fl=c:\Users\Pedro\faculdade\IniciacaoCientifica\grn\.env\Lib\site-packages\zmq\sugar\socket.py
fn=__init__:131
131 2627600
cfl=C:\Users\Pedro\AppData\Local\Python\pythoncore-3.14-64\Lib\enum.py
cfn=__get__
calls=2 187
131 3200
cfl=C:\Users\Pedro\AppData\Local\Python\pythoncore-3.14-64\Lib\enum.py
cfn=__call__
calls=4 677
131 7000
cfl=C:\Users\Pedro\AppData\Local\Python\pythoncore-3.14-64\Lib\typing.py
cfn=cast
calls=2 2300
131 200
cfl=c:\Users\Pedro\faculdade\IniciacaoCientifica\grn\.env\Lib\site-packages\zmq\sugar\socket.py
cfn=__setattr__
calls=4 376
131 23500
cfl=~
cfn=<built-in method builtins.isinstance>
calls=2 0
131 600

fl=c:\Users\Pedro\faculdade\IniciacaoCientifica\grn\.env\Lib\site-packages\zmq\sugar\socket.py
fn=_connect_cm
270 1000
cfl=c:\Users\Pedro\faculdade\IniciacaoCientifica\grn\.env\Lib\site-packages\zmq\sugar\socket.py
cfn=__init__:57
calls=1 57
270 400

fl=c:\Users\Pedro\faculdade\IniciacaoCientifica\grn\.env\Lib\site-packages\zmq\sugar\socket.py
fn=_bind_cm
277 3800
cfl=C:\Users\Pedro\AppData\Local\Python\pythoncore-3.14-64\Lib\enum.py
cfn=__call__
calls=1 677
277 400
cfl=C:\Users\Pedro\AppData\Local\Python\pythoncore-3.14-64\Lib\typing.py
cfn=cast
calls=1 2300
277 200
cfl=c:\Users\Pedro\faculdade\IniciacaoCientifica\grn\.env\Lib\site-packages\zmq\sugar\socket.py
cfn=__init__:57
calls=1 57
277 500
cfl=~
cfn=<method 'decode' of 'bytes' objects>
calls=1 0
277 500

fl=c:\Users\Pedro\faculdade\IniciacaoCientifica\grn\.env\Lib\site-packages\zmq\sugar\socket.py
fn=bind
291 10300
cfl=c:\Users\Pedro\faculdade\IniciacaoCientifica\grn\.env\Lib\site-packages\zmq\sugar\socket.py
cfn=_bind_cm
calls=1 277
291 5400

fl=c:\Users\Pedro\faculdade\IniciacaoCientifica\grn\.env\Lib\site-packages\zmq\sugar\socket.py
fn=connect
326 21800
cfl=c:\Users\Pedro\faculdade\IniciacaoCientifica\grn\.env\Lib\site-packages\zmq\sugar\socket.py
cfn=_connect_cm
calls=1 270
326 1400

fl=c:\Users\Pedro\faculdade\IniciacaoCientifica\grn\.env\Lib\site-packages\zmq\sugar\socket.py
fn=__setattr__
376 12500
cfl=c:\Users\Pedro\faculdade\IniciacaoCientifica\grn\.env\Lib\site-packages\zmq\sugar\attrsettr.py
cfn=__setattr__
calls=5 17
376 21800
cfl=~
cfn=<method 'lower' of 'str' objects>
calls=5 0
376 1300

fl=c:\Users\Pedro\faculdade\IniciacaoCientifica\grn\.env\Lib\site-packages\zmq\sugar\socket.py
fn=send
623 172900
cfl=<frozen importlib._bootstrap>
cfn=_find_and_load
calls=0 1360
623 0
cfl=C:\Users\Pedro\AppData\Local\Python\pythoncore-3.14-64\Lib\traceback.py
cfn=line
calls=1 373
623 4200
cfl=~
cfn=<built-in method _struct.unpack>
calls=1 0
623 1400
cfl=~
cfn=<built-in method builtins.len>
calls=1 0
623 300
cfl=~
cfn=<built-in method nt.getpid>
calls=1 0
623 200
cfl=~
cfn=<method 'pop' of 'dict' objects>
calls=1 0
623 800

fl=c:\Users\Pedro\faculdade\IniciacaoCientifica\grn\.env\Lib\site-packages\zmq\sugar\socket.py
fn=send_multipart
700 6100
cfl=C:\Users\Pedro\AppData\Local\Python\pythoncore-3.14-64\Lib\enum.py
cfn=__or__
calls=5 1583
700 20300
cfl=C:\Users\Pedro\AppData\Local\Python\pythoncore-3.14-64\Lib\tokenize.py
cfn=open
calls=0 457
700 0
cfl=C:\Users\Pedro\AppData\Local\Python\pythoncore-3.14-64\Lib\traceback.py
cfn=format:1468
calls=10 1468
700 849800
cfl=c:\Users\Pedro\faculdade\IniciacaoCientifica\grn\.env\Lib\site-packages\zmq\sugar\socket.py
cfn=send
calls=3 623
700 7300
cfl=~
cfn=<built-in method builtins.isinstance>
calls=14 0
700 1500

fl=c:\Users\Pedro\faculdade\IniciacaoCientifica\grn\.env\Lib\site-packages\zmq\sugar\socket.py
fn=recv_multipart
771 66200
cfl=C:\Users\Pedro\AppData\Local\Python\pythoncore-3.14-64\Lib\enum.py
cfn=__call__
calls=5 677
771 3000
cfl=C:\Users\Pedro\AppData\Local\Python\pythoncore-3.14-64\Lib\typing.py
cfn=_type_check
calls=10 184
771 67500
cfl=C:\Users\Pedro\AppData\Local\Python\pythoncore-3.14-64\Lib\typing.py
cfn=inner
calls=10 396
771 9200
cfl=C:\Users\Pedro\AppData\Local\Python\pythoncore-3.14-64\Lib\typing.py
cfn=__hash__
calls=30 1361
771 12600
cfl=C:\Users\Pedro\AppData\Local\Python\pythoncore-3.14-64\Lib\typing.py
cfn=cast
calls=5 2300
771 400

fl=c:\Users\Pedro\faculdade\IniciacaoCientifica\grn\.env\Lib\site-packages\zmq\utils\garbage.py
fn=<module>
1 18200
cfl=<frozen importlib._bootstrap>
cfn=_handle_fromlist
calls=1 1401
1 1300
cfl=C:\Users\Pedro\AppData\Local\Python\pythoncore-3.14-64\Lib\collections\__init__.py
cfn=namedtuple
calls=1 361
1 80000
cfl=c:\Users\Pedro\faculdade\IniciacaoCientifica\grn\.env\Lib\site-packages\zmq\utils\garbage.py
cfn=__init__:78
calls=1 78
1 4400
cfl=~
cfn=<built-in method builtins.__build_class__>
calls=2 0
1 26000

fl=c:\Users\Pedro\faculdade\IniciacaoCientifica\grn\.env\Lib\site-packages\zmq\utils\garbage.py
fn=GarbageCollectorThread
20 1000

fl=c:\Users\Pedro\faculdade\IniciacaoCientifica\grn\.env\Lib\site-packages\zmq\utils\garbage.py
fn=__init__:23
23 5800
cfl=C:\Users\Pedro\AppData\Local\Python\pythoncore-3.14-64\Lib\threading.py
cfn=__init__:602
calls=1 602
23 2100
cfl=C:\Users\Pedro\AppData\Local\Python\pythoncore-3.14-64\Lib\threading.py
cfn=__init__:880
calls=1 880
23 17600
cfl=C:\Users\Pedro\AppData\Local\Python\pythoncore-3.14-64\Lib\threading.py
cfn=daemon:1203
calls=1 1203
23 2000
cfl=~
cfn=<built-in method nt.getpid>
calls=1 0
23 100

fl=c:\Users\Pedro\faculdade\IniciacaoCientifica\grn\.env\Lib\site-packages\zmq\utils\garbage.py
fn=GarbageCollector
58 4400
cfl=~
cfn=<method 'setter' of 'property' objects>
calls=1 0
58 500

fl=c:\Users\Pedro\faculdade\IniciacaoCientifica\grn\.env\Lib\site-packages\zmq\utils\garbage.py
fn=__init__:78
78 3600
cfl=~
cfn=<built-in method atexit.register>
calls=1 0
78 800

fl=c:\Users\Pedro\faculdade\IniciacaoCientifica\grn\.env\Lib\site-packages\zmq\utils\garbage.py
fn=context
90 8400
cfl=c:\Users\Pedro\faculdade\IniciacaoCientifica\grn\.env\Lib\site-packages\zmq\sugar\context.py
cfn=__init__
calls=1 90
90 819800
cfl=~
cfn=<method 'startswith' of 'str' objects>
calls=1 0
90 300

fl=c:\Users\Pedro\faculdade\IniciacaoCientifica\grn\.env\Lib\site-packages\zmq\utils\garbage.py
fn=_push_socket
148 6900
cfl=c:\Users\Pedro\faculdade\IniciacaoCientifica\grn\.env\Lib\site-packages\zmq\sugar\context.py
cfn=socket
calls=1 324
148 699700
cfl=c:\Users\Pedro\faculdade\IniciacaoCientifica\grn\.env\Lib\site-packages\zmq\sugar\socket.py
cfn=connect
calls=1 326
148 23200
cfl=c:\Users\Pedro\faculdade\IniciacaoCientifica\grn\.env\Lib\site-packages\zmq\utils\garbage.py
cfn=context
calls=1 90
148 600
cfl=c:\Users\Pedro\faculdade\IniciacaoCientifica\grn\.env\Lib\site-packages\zmq\utils\garbage.py
cfn=is_alive
calls=1 174
148 3300
cfl=~
cfn=<built-in method builtins.getattr>
calls=1 0
148 500

fl=c:\Users\Pedro\faculdade\IniciacaoCientifica\grn\.env\Lib\site-packages\zmq\utils\garbage.py
fn=start
158 2900
cfl=C:\Users\Pedro\AppData\Local\Python\pythoncore-3.14-64\Lib\threading.py
cfn=start
calls=0 975
158 0
cfl=c:\Users\Pedro\faculdade\IniciacaoCientifica\grn\.env\Lib\site-packages\zmq\utils\garbage.py
cfn=__init__:23
calls=1 23
158 27600
cfl=~
cfn=<built-in method nt.getpid>
calls=1 0
158 100
cfl=~
cfn=<method '__exit__' of '_thread.RLock' objects>
calls=1 0
158 300

fl=c:\Users\Pedro\faculdade\IniciacaoCientifica\grn\.env\Lib\site-packages\zmq\utils\garbage.py
fn=is_alive
174 2800
cfl=C:\Users\Pedro\AppData\Local\Python\pythoncore-3.14-64\Lib\threading.py
cfn=is_alive
calls=1 1177
174 1500
cfl=~
cfn=<built-in method nt.getpid>
calls=3 0
174 800

fl=c:\Users\Pedro\faculdade\IniciacaoCientifica\grn\.env\Lib\site-packages\zmq\utils\garbage.py
fn=store
188 4700
cfl=c:\Users\Pedro\faculdade\IniciacaoCientifica\grn\.env\Lib\site-packages\zmq\utils\garbage.py
cfn=start
calls=0 158
188 0
cfl=c:\Users\Pedro\faculdade\IniciacaoCientifica\grn\.env\Lib\site-packages\zmq\utils\garbage.py
cfn=is_alive
calls=2 174
188 1800
cfl=~
cfn=<method '__enter__' of '_thread.lock' objects>
calls=1 0
188 300

fl=c:\Users\Pedro\faculdade\IniciacaoCientifica\grn\PythonCode\Modules\EvolutionModules.py
fn=__init__:26
26 2411700
cfl=c:\Users\Pedro\faculdade\IniciacaoCientifica\grn\PythonCode\Modules\EvolutionModules.py
cfn=limit_val
calls=11229 31
26 5145100

fl=c:\Users\Pedro\faculdade\IniciacaoCientifica\grn\PythonCode\Modules\EvolutionModules.py
fn=limit_val
31 3120700
cfl=~
cfn=<built-in method builtins.max>
calls=11229 0
31 947500
cfl=~
cfn=<built-in method builtins.min>
calls=11229 0
31 1076900

fl=c:\Users\Pedro\faculdade\IniciacaoCientifica\grn\PythonCode\Modules\EvolutionModules.py
fn=__init__:41
41 446000
cfl=C:\Users\Pedro\AppData\Local\Python\pythoncore-3.14-64\Lib\copy.py
cfn=deepcopy
calls=591 110
41 28347400

fl=c:\Users\Pedro\faculdade\IniciacaoCientifica\grn\PythonCode\Modules\EvolutionModules.py
fn=solve_ivp
50 644100
cfl=c:\Users\Pedro\faculdade\IniciacaoCientifica\grn\.env\Lib\site-packages\scipy\integrate\_odepack_py.py
cfn=odeint
calls=591 31
50 150573500
cfl=~
cfn=<method 'upper' of 'str' objects>
calls=591 0
50 122300

fl=c:\Users\Pedro\faculdade\IniciacaoCientifica\grn\PythonCode\Modules\EvolutionModules.py
fn=calculate_fitness
107 757000
cfl=c:\Users\Pedro\faculdade\IniciacaoCientifica\grn\PythonCode\Modules\EvolutionModules.py
cfn=solve_ivp
calls=590 50
107 151011400
cfl=~
cfn=<built-in method builtins.print>
calls=590 0
107 10385800

fl=c:\Users\Pedro\faculdade\IniciacaoCientifica\grn\PythonCode\Modules\EvolutionModules.py
fn=calc_all_fitness
121 1100
cfl=c:\Users\Pedro\faculdade\IniciacaoCientifica\grn\PythonCode\Modules\EvolutionModules.py
cfn=solve_ivp
calls=1 50
121 328500

fl=c:\Users\Pedro\faculdade\IniciacaoCientifica\grn\PythonCode\Modules\EvolutionModules.py
fn=list_to_ind
221 7704800
cfl=c:\Users\Pedro\faculdade\IniciacaoCientifica\grn\PythonCode\Modules\EvolutionModules.py
cfn=__init__:26
calls=11229 26
221 7556800
cfl=c:\Users\Pedro\faculdade\IniciacaoCientifica\grn\PythonCode\Modules\EvolutionModules.py
cfn=__init__:41
calls=591 41
221 28793400
cfl=c:\Users\Pedro\faculdade\IniciacaoCientifica\grn\PythonCode\Modules\Models.py
cfn=is_excluded
calls=11229 54
221 3227000
cfl=~
cfn=<method 'items' of 'dict' objects>
calls=3546 0
221 493400

fl=c:\Users\Pedro\faculdade\IniciacaoCientifica\grn\PythonCode\Modules\Handlers.py
fn=run_path
29 10200
cfl=<frozen ntpath>
cfn=join
calls=6 99
29 23300

fl=c:\Users\Pedro\faculdade\IniciacaoCientifica\grn\PythonCode\Modules\Handlers.py
fn=setup_logger
33 25400
cfl=<frozen os>
cfn=makedirs
calls=0 211
33 0
cfl=C:\Users\Pedro\AppData\Local\Python\pythoncore-3.14-64\Lib\asyncio\base_events.py
cfn=time
calls=1 766
33 2500
cfl=C:\Users\Pedro\AppData\Local\Python\pythoncore-3.14-64\Lib\asyncio\events.py
cfn=_run
calls=1 92
33 121000
cfl=C:\Users\Pedro\AppData\Local\Python\pythoncore-3.14-64\Lib\asyncio\selector_events.py
cfn=_process_events
calls=1 744
33 200
cfl=c:\Users\Pedro\faculdade\IniciacaoCientifica\grn\PythonCode\Modules\Handlers.py
cfn=run_path
calls=1 29
33 9900
cfl=~
cfn=<built-in method builtins.len>
calls=1 0
33 400
cfl=~
cfn=<method 'popleft' of 'collections.deque' objects>
calls=1 0
33 200

fl=c:\Users\Pedro\faculdade\IniciacaoCientifica\grn\PythonCode\Modules\Handlers.py
fn=run_serial
48 23100
cfl=C:\Users\Pedro\AppData\Local\Python\pythoncore-3.14-64\Lib\logging\__init__.py
cfn=info
calls=1 1510
48 75800
cfl=c:\Users\Pedro\faculdade\IniciacaoCientifica\grn\PythonCode\Modules\EvolutionModules.py
cfn=calc_all_fitness
calls=1 121
48 329600
cfl=c:\Users\Pedro\faculdade\IniciacaoCientifica\grn\PythonCode\Modules\Handlers.py
cfn=run_single
calls=0 93
48 0
cfl=~
cfn=<built-in method builtins.print>
calls=2 0
48 36200
cfl=~
cfn=<built-in method time.time>
calls=1 0
48 2000

fl=c:\Users\Pedro\faculdade\IniciacaoCientifica\grn\PythonCode\Modules\Handlers.py
fn=run_single
93 5200
cfl=c:\Users\Pedro\faculdade\IniciacaoCientifica\grn\.env\Lib\site-packages\scipy\_lib\_util.py
cfn=__getattr__
calls=1 1016
93 400
cfl=c:\Users\Pedro\faculdade\IniciacaoCientifica\grn\PythonCode\Modules\EvolutionModules.py
cfn=list_to_ind
calls=1 221
93 115000
cfl=c:\Users\Pedro\faculdade\IniciacaoCientifica\grn\PythonCode\Modules\Handlers.py
cfn=run_path
calls=1 29
93 3400
cfl=c:\Users\Pedro\faculdade\IniciacaoCientifica\grn\PythonCode\Modules\Methods.py
cfn=run
calls=0 34
93 0
cfl=c:\Users\Pedro\faculdade\IniciacaoCientifica\grn\PythonCode\Modules\Methods.py
cfn=__init__:178
calls=1 178
93 3600

fl=c:\Users\Pedro\faculdade\IniciacaoCientifica\grn\PythonCode\Modules\Handlers.py
fn=save_results
132 37200
cfl=<frozen ntpath>
cfn=join
calls=2 99
132 4000
cfl=C:\Users\Pedro\AppData\Local\Python\pythoncore-3.14-64\Lib\enum.py
cfn=__and__
calls=1 1594
132 5800
cfl=C:\Users\Pedro\AppData\Local\Python\pythoncore-3.14-64\Lib\logging\__init__.py
cfn=info
calls=1 1510
132 71600
cfl=c:\Users\Pedro\faculdade\IniciacaoCientifica\grn\.env\Lib\site-packages\pandas\core\frame.py
cfn=__init__
calls=2 702
132 1301600
cfl=c:\Users\Pedro\faculdade\IniciacaoCientifica\grn\.env\Lib\site-packages\pandas\core\generic.py
cfn=to_csv
calls=1 3795
132 0
cfl=c:\Users\Pedro\faculdade\IniciacaoCientifica\grn\.env\Lib\site-packages\zmq\eventloop\zmqstream.py
cfn=_rebuild_io_state
calls=1 653
132 48400
cfl=c:\Users\Pedro\faculdade\IniciacaoCientifica\grn\PythonCode\Modules\Handlers.py
cfn=run_path
calls=2 29
132 8000

fl=c:\Users\Pedro\faculdade\IniciacaoCientifica\grn\PythonCode\Modules\Handlers.py
fn=execute
138 213100
cfl=C:\Users\Pedro\AppData\Local\Python\pythoncore-3.14-64\Lib\asyncio\base_events.py
cfn=_run_once
calls=1 1966
138 240716100
cfl=c:\Users\Pedro\faculdade\IniciacaoCientifica\grn\PythonCode\Modules\Handlers.py
cfn=setup_logger
calls=0 33
138 0
cfl=~
cfn=<built-in method now>
calls=1 0
138 1400
cfl=~
cfn=<method 'strftime' of 'datetime.date' objects>
calls=1 0
138 7700

fl=c:\Users\Pedro\faculdade\IniciacaoCientifica\grn\PythonCode\Modules\Methods.py
fn=__init__:31
31 100

fl=c:\Users\Pedro\faculdade\IniciacaoCientifica\grn\PythonCode\Modules\Methods.py
fn=run
34 41800
cfl=C:\Users\Pedro\AppData\Local\Python\pythoncore-3.14-64\Lib\contextlib.py
cfn=__exit__:145
calls=1 145
34 4400
cfl=C:\Users\Pedro\AppData\Local\Python\pythoncore-3.14-64\Lib\logging\__init__.py
cfn=info
calls=1 1510
34 63100
cfl=C:\Users\Pedro\AppData\Local\Python\pythoncore-3.14-64\Lib\threading.py
cfn=wait:651
calls=0 651
34 0
cfl=c:\Users\Pedro\faculdade\IniciacaoCientifica\grn\PythonCode\Modules\Methods.py
cfn=execute
calls=0 197
34 0
cfl=~
cfn=<built-in method time.time>
calls=1 0
34 300

fl=c:\Users\Pedro\faculdade\IniciacaoCientifica\grn\PythonCode\Modules\Methods.py
fn=__init__:178
178 3500
cfl=c:\Users\Pedro\faculdade\IniciacaoCientifica\grn\PythonCode\Modules\Methods.py
cfn=__init__:31
calls=1 31
178 100

fl=c:\Users\Pedro\faculdade\IniciacaoCientifica\grn\PythonCode\Modules\Methods.py
fn=execute
197 13200
cfl=c:\Users\Pedro\faculdade\IniciacaoCientifica\grn\.env\Lib\site-packages\scipy\_lib\_util.py
cfn=wrapper
calls=0 291
197 0
cfl=c:\Users\Pedro\faculdade\IniciacaoCientifica\grn\PythonCode\Modules\Models.py
cfn=bounds_list
calls=1 125
197 13200

fl=c:\Users\Pedro\faculdade\IniciacaoCientifica\grn\PythonCode\Modules\Methods.py
fn=objective_function
199 822800
cfl=c:\Users\Pedro\faculdade\IniciacaoCientifica\grn\PythonCode\Modules\EvolutionModules.py
cfn=calculate_fitness
calls=590 107
199 162154200
cfl=c:\Users\Pedro\faculdade\IniciacaoCientifica\grn\PythonCode\Modules\EvolutionModules.py
cfn=list_to_ind
calls=590 221
199 47660400
cfl=~
cfn=<built-in method numpy.zeros>
calls=22 0
199 8400

fl=c:\Users\Pedro\faculdade\IniciacaoCientifica\grn\PythonCode\Modules\Models.py
fn=is_excluded
54 2441100
cfl=~
cfn=<built-in method builtins.isinstance>
calls=11229 0
54 785900

fl=c:\Users\Pedro\faculdade\IniciacaoCientifica\grn\PythonCode\Modules\Models.py
fn=bounds_list
125 9900
cfl=~
cfn=<method 'append' of 'list' objects>
calls=19 0
125 2400
cfl=~
cfn=<method 'items' of 'dict' objects>
calls=6 0
125 900

fl=~
fn=<built-in method __new__ of type object at 0x00007FFE69354D90>
0 881900

fl=~
fn=<built-in method _abc._abc_instancecheck>
0 2510300
cfl=<frozen abc>
cfn=__subclasscheck__
calls=17 121
0 179000

fl=~
fn=<built-in method _abc._abc_subclasscheck>
0 807400
cfl=<frozen _collections_abc>
cfn=__subclasshook__:345
calls=15 345
0 2100
cfl=<frozen _collections_abc>
cfn=__subclasshook__:439
calls=4 439
0 900
cfl=<frozen abc>
cfn=__subclasscheck__
calls=962 121
0 815900

fl=~
fn=<built-in method _abc.get_cache_token>
0 559600

fl=~
fn=<built-in method _asyncio.current_task>
0 3000

fl=~
fn=<built-in method _asyncio.get_running_loop>
0 500

fl=~
fn=<built-in method _codecs.charmap_encode>
0 11000

fl=~
fn=<built-in method _codecs.lookup>
0 3300

fl=~
fn=<built-in method _codecs.lookup_error>
0 1600

fl=~
fn=<built-in method _codecs.utf_8_decode>
0 36100

fl=~
fn=<built-in method _contextvars.copy_context>
0 1100

fl=~
fn=<built-in method _csv.writer>
0 6600

fl=~
fn=<built-in method _ctypes.byref>
0 54900

fl=~
fn=<built-in method _functools.reduce>
0 42800
cfl=c:\Users\Pedro\faculdade\IniciacaoCientifica\grn\.env\Lib\site-packages\numba\core\controlflow.py
cfn=intersect
calls=2 477
0 1700
cfl=c:\Users\Pedro\faculdade\IniciacaoCientifica\grn\.env\Lib\site-packages\numba\core\controlflow.py
cfn=<genexpr>:509
calls=30 509
0 4100

fl=~
fn=<built-in method _heapq.heappop>
0 2800
cfl=C:\Users\Pedro\AppData\Local\Python\pythoncore-3.14-64\Lib\asyncio\events.py
cfn=__lt__
calls=1 162
0 1100

fl=~
fn=<built-in method _heapq.heappush>
0 1800
cfl=C:\Users\Pedro\AppData\Local\Python\pythoncore-3.14-64\Lib\asyncio\events.py
cfn=__lt__
calls=2 162
0 1000

fl=~
fn=<built-in method _imp._fix_co_filename>
0 2100

fl=~
fn=<built-in method _imp.acquire_lock>
0 1300

fl=~
fn=<built-in method _imp.find_frozen>
0 1000

fl=~
fn=<built-in method _imp.is_builtin>
0 2800

fl=~
fn=<built-in method _imp.release_lock>
0 1500

fl=~
fn=<built-in method _io.open>
0 8960800
cfl=<frozen codecs>
cfn=__init__:189
calls=3 189
0 1300
cfl=<frozen codecs>
cfn=__init__:312
calls=1 312
0 2600

fl=~
fn=<built-in method _io.open_code>
0 109600

fl=~
fn=<built-in method _io.text_encoding>
0 300

fl=~
fn=<built-in method _operator.index>
0 2300

fl=~
fn=<built-in method _operator.not_>
0 400

fl=~
fn=<built-in method _struct.unpack>
0 1400

fl=~
fn=<built-in method _thread.allocate_lock>
0 1100

fl=~
fn=<built-in method _thread.daemon_threads_allowed>
0 200

fl=~
fn=<built-in method _thread.get_ident>
0 4300

fl=~
fn=<built-in method _thread.get_native_id>
0 200

fl=~
fn=<built-in method _thread.set_name>
0 1500

fl=~
fn=<built-in method _thread.start_joinable_thread>
0 34800

fl=~
fn=<built-in method _warnings._acquire_lock>
0 3800

fl=~
fn=<built-in method _warnings._filters_mutated_lock_held>
0 3700

fl=~
fn=<built-in method _warnings._release_lock>
0 3100

fl=~
fn=<built-in method _warnings.warn>
0 16300
cfl=C:\Users\Pedro\AppData\Local\Python\pythoncore-3.14-64\Lib\_py_warnings.py
cfn=_showwarnmsg
calls=1 217
0 608800
cfl=C:\Users\Pedro\AppData\Local\Python\pythoncore-3.14-64\Lib\_py_warnings.py
cfn=__init__:576
calls=1 576
0 2000

fl=~
fn=<built-in method _weakref._remove_dead_weakref>
0 900

fl=~
fn=<built-in method _weakref.proxy>
0 600

fl=~
fn=<built-in method _winapi.LCMapStringEx>
0 102300

fl=~
fn=<built-in method atexit.register>
0 800

fl=~
fn=<built-in method builtins.__build_class__>
0 68600
cfl=c:\Users\Pedro\faculdade\IniciacaoCientifica\grn\.env\Lib\site-packages\numba\core\analysis.py
cfn=Unknown
calls=3 388
0 1400
cfl=c:\Users\Pedro\faculdade\IniciacaoCientifica\grn\.env\Lib\site-packages\pandas\io\formats\csvs.py
cfn=CSVFormatter
calls=1 56
0 14100
cfl=c:\Users\Pedro\faculdade\IniciacaoCientifica\grn\.env\Lib\site-packages\zmq\utils\garbage.py
cfn=GarbageCollectorThread
calls=1 20
0 1000
cfl=c:\Users\Pedro\faculdade\IniciacaoCientifica\grn\.env\Lib\site-packages\zmq\utils\garbage.py
cfn=GarbageCollector
calls=1 58
0 4900

fl=~
fn=<built-in method builtins.all>
0 600

fl=~
fn=<built-in method builtins.any>
0 200300

fl=~
fn=<built-in method builtins.callable>
0 4200

fl=~
fn=<built-in method builtins.compile>
0 272600

fl=~
fn=<built-in method builtins.dir>
0 13800

fl=~
fn=<built-in method builtins.eval>
0 40200
cfl=<string>
cfn=<module>
calls=1 1
0 200

fl=~
fn=<built-in method builtins.exec>
0 6200
cfl=c:\Users\Pedro\faculdade\IniciacaoCientifica\grn\.env\Lib\site-packages\pandas\io\formats\csvs.py
cfn=<module>
calls=1 1
0 55200
cfl=c:\Users\Pedro\faculdade\IniciacaoCientifica\grn\.env\Lib\site-packages\zmq\utils\garbage.py
cfn=<module>
calls=1 1
0 129900

fl=~
fn=<built-in method builtins.getattr>
0 1769400
cfl=c:\Users\Pedro\faculdade\IniciacaoCientifica\grn\.env\Lib\site-packages\numba\core\targetconfig.py
cfn=getter
calls=396 111
0 181000
cfl=c:\Users\Pedro\faculdade\IniciacaoCientifica\grn\.env\Lib\site-packages\numpy\__init__.py
cfn=__getattr__
calls=1 717
0 3200

fl=~
fn=<built-in method builtins.hasattr>
0 477000
cfl=c:\Users\Pedro\faculdade\IniciacaoCientifica\grn\.env\Lib\site-packages\numba\typed\__init__.py
cfn=__getattr__
calls=6 11
0 38400
cfl=c:\Users\Pedro\faculdade\IniciacaoCientifica\grn\.env\Lib\site-packages\numpy\__init__.py
cfn=__getattr__
calls=12 717
0 17700

fl=~
fn=<built-in method builtins.hash>
0 2971500
cfl=c:\Users\Pedro\faculdade\IniciacaoCientifica\grn\.env\Lib\site-packages\numba\core\types\abstract.py
cfn=__hash__
calls=7094 121
0 3615300

fl=~
fn=<built-in method builtins.id>
0 1798600

fl=~
fn=<built-in method builtins.isinstance>
0 9190400
cfl=<frozen abc>
cfn=__instancecheck__
calls=16070 117
0 5519400
cfl=C:\Users\Pedro\AppData\Local\Python\pythoncore-3.14-64\Lib\typing.py
cfn=__instancecheck__
calls=5 1292
0 19500
cfl=c:\Users\Pedro\faculdade\IniciacaoCientifica\grn\.env\Lib\site-packages\pandas\core\dtypes\generic.py
cfn=_instancecheck
calls=245 43
0 138700

fl=~
fn=<built-in method builtins.issubclass>
0 157500
cfl=<frozen abc>
cfn=__subclasscheck__
calls=58 121
0 773300

fl=~
fn=<built-in method builtins.iter>
0 10500

fl=~
fn=<built-in method builtins.len>
0 401500
cfl=c:\Users\Pedro\faculdade\IniciacaoCientifica\grn\.env\Lib\site-packages\numba\core\typing\context.py
cfn=__len__
calls=1 61
0 500
cfl=c:\Users\Pedro\faculdade\IniciacaoCientifica\grn\.env\Lib\site-packages\numba\core\utils.py
cfn=__len__
calls=4 241
0 1600
cfl=c:\Users\Pedro\faculdade\IniciacaoCientifica\grn\.env\Lib\site-packages\pandas\core\indexes\base.py
cfn=__len__
calls=10 918
0 4200
cfl=c:\Users\Pedro\faculdade\IniciacaoCientifica\grn\.env\Lib\site-packages\pandas\core\indexes\range.py
cfn=__len__
calls=76 1265
0 20600

fl=~
fn=<built-in method builtins.locals>
0 9100

fl=~
fn=<built-in method builtins.max>
0 966900
cfl=<frozen importlib._bootstrap_external>
cfn=<genexpr>
calls=12 139
0 4900

fl=~
fn=<built-in method builtins.min>
0 1089800

fl=~
fn=<built-in method builtins.next>
0 1004400
cfl=c:\Users\Pedro\faculdade\IniciacaoCientifica\grn\.env\Lib\site-packages\IPython\core\history.py
cfn=hold
calls=1 1100
0 200
cfl=c:\Users\Pedro\faculdade\IniciacaoCientifica\grn\.env\Lib\site-packages\numba\core\bytecode.py
cfn=_patched_opargs
calls=121 239
0 231000
cfl=c:\Users\Pedro\faculdade\IniciacaoCientifica\grn\.env\Lib\site-packages\numba\core\errors.py
cfn=new_error_context
calls=35 895
0 9400
cfl=c:\Users\Pedro\faculdade\IniciacaoCientifica\grn\.env\Lib\site-packages\numba\core\event.py
cfn=install_listener
calls=1182 312
0 2496200
cfl=c:\Users\Pedro\faculdade\IniciacaoCientifica\grn\.env\Lib\site-packages\numba\core\event.py
cfn=install_timer
calls=1182 337
0 5237000
cfl=c:\Users\Pedro\faculdade\IniciacaoCientifica\grn\.env\Lib\site-packages\numba\core\event.py
cfn=trigger_event
calls=626 422
0 3539000
cfl=c:\Users\Pedro\faculdade\IniciacaoCientifica\grn\.env\Lib\site-packages\numba\core\typed_passes.py
cfn=fallback_context
calls=1 42
0 200
cfl=c:\Users\Pedro\faculdade\IniciacaoCientifica\grn\.env\Lib\site-packages\numba\core\typing\context.py
cfn=register
calls=1 64
0 24100
cfl=c:\Users\Pedro\faculdade\IniciacaoCientifica\grn\.env\Lib\site-packages\numba\core\untyped_passes.py
cfn=fallback_context
calls=10 26
0 1500
cfl=c:\Users\Pedro\faculdade\IniciacaoCientifica\grn\.env\Lib\site-packages\numba\core\utils.py
cfn=enter
calls=1 244
0 1500
cfl=c:\Users\Pedro\faculdade\IniciacaoCientifica\grn\.env\Lib\site-packages\numba\core\utils.py
cfn=stream_list
calls=94 475
0 71800
cfl=c:\Users\Pedro\faculdade\IniciacaoCientifica\grn\.env\Lib\site-packages\scipy\optimize\_differentialevolution.py
cfn=__next__
calls=1 1601
0 89223500

fl=~
fn=<built-in method builtins.ord>
0 200

fl=~
fn=<built-in method builtins.print>
0 680000
cfl=c:\Users\Pedro\faculdade\IniciacaoCientifica\grn\.env\Lib\site-packages\IPython\core\interactiveshell.py
cfn=write
calls=1190 3098
0 9893700

fl=~
fn=<built-in method builtins.repr>
0 15400
cfl=c:\Users\Pedro\faculdade\IniciacaoCientifica\grn\.env\Lib\site-packages\numba\core\types\abstract.py
cfn=__repr__
calls=54 115
0 5900

fl=~
fn=<built-in method builtins.setattr>
0 5500
cfl=c:\Users\Pedro\faculdade\IniciacaoCientifica\grn\.env\Lib\site-packages\numba\core\targetconfig.py
cfn=setter
calls=4 114
0 3100

fl=~
fn=<built-in method builtins.sorted>
0 35500
cfl=c:\Users\Pedro\faculdade\IniciacaoCientifica\grn\.env\Lib\site-packages\numba\core\byteflow.py
cfn=<lambda>
calls=4 140
0 1000
cfl=c:\Users\Pedro\faculdade\IniciacaoCientifica\grn\.env\Lib\site-packages\numba\core\controlflow.py
cfn=<lambda>
calls=1 733
0 700
cfl=c:\Users\Pedro\faculdade\IniciacaoCientifica\grn\.env\Lib\site-packages\numba\core\inline_closurecall.py
cfn=<lambda>
calls=1 137
0 600

fl=~
fn=<built-in method from_bytes>
0 2100

fl=~
fn=<built-in method fromkeys>
0 600

fl=~
fn=<built-in method marshal.loads>
0 154600

fl=~
fn=<built-in method math.prod>
0 5900
cfl=c:\Users\Pedro\faculdade\IniciacaoCientifica\grn\.env\Lib\site-packages\numpy\_core\fromnumeric.py
cfn=<genexpr>
calls=12 3575
0 2100

fl=~
fn=<built-in method now>
0 5200

fl=~
fn=<built-in method nt._getfullpathname>
0 37200

fl=~
fn=<built-in method nt._path_exists>
0 52700

fl=~
fn=<built-in method nt._path_isdir>
0 101500
cfl=C:\Users\Pedro\AppData\Local\Python\pythoncore-3.14-64\Lib\pathlib\__init__.py
cfn=__fspath__
calls=2 190
0 2700

fl=~
fn=<built-in method nt._path_normpath>
0 14200

fl=~
fn=<built-in method nt._path_splitroot>
0 8400

fl=~
fn=<built-in method nt._path_splitroot_ex>
0 24500

fl=~
fn=<built-in method nt.fspath>
0 31100

fl=~
fn=<built-in method nt.getpid>
0 166500

fl=~
fn=<built-in method nt.mkdir>
0 169800
cfl=~
cfn=<method '__exit__' of 'sqlite3.Connection' objects>
calls=0 0
0 0

fl=~
fn=<built-in method nt.stat>
0 321300
cfl=C:\Users\Pedro\AppData\Local\Python\pythoncore-3.14-64\Lib\threading.py
cfn=_bootstrap
calls=0 1030
0 0

fl=~
fn=<built-in method nt.urandom>
0 2200

fl=~
fn=<built-in method numpy._core._multiarray_umath._make_extobj>
0 1300

fl=~
fn=<built-in method numpy._core._multiarray_umath.c_einsum>
0 7000

fl=~
fn=<built-in method numpy._core._multiarray_umath.count_nonzero>
0 5200

fl=~
fn=<built-in method numpy.arange>
0 17800

fl=~
fn=<built-in method numpy.array>
0 98400
cfl=C:\Users\Pedro\AppData\Local\Python\pythoncore-3.14-64\Lib\enum.py
cfn=__get__
calls=2 187
0 2000

fl=~
fn=<built-in method numpy.asanyarray>
0 108700

fl=~
fn=<built-in method numpy.asarray>
0 27000

fl=~
fn=<built-in method numpy.empty>
0 27100

fl=~
fn=<built-in method numpy.fromiter>
0 13400

fl=~
fn=<built-in method numpy.lib.array_utils.normalize_axis_index>
0 122600

fl=~
fn=<built-in method numpy.zeros>
0 24300

fl=~
fn=<built-in method scipy.integrate._odepack.odeint>
0 2371100
cfl=c:\Users\Pedro\faculdade\IniciacaoCientifica\grn\.env\Lib\site-packages\numba\core\dispatcher.py
cfn=_compile_for_args
calls=591 342
0 139854900
cfl=c:\Users\Pedro\faculdade\IniciacaoCientifica\grn\.env\Lib\site-packages\numba\core\dispatcher.py
cfn=typeof_pyval
calls=1 678
0 74800

fl=~
fn=<built-in method scipy.optimize._lbfgsb.setulb>
0 10100

fl=~
fn=<built-in method select.select>
0 116200

fl=~
fn=<built-in method sys._getframe>
0 2900

fl=~
fn=<built-in method sys._getframemodulename>
0 200

fl=~
fn=<built-in method sys.exception>
0 128500

fl=~
fn=<built-in method sys.getfilesystemencoding>
0 500

fl=~
fn=<built-in method sys.getrecursionlimit>
0 300

fl=~
fn=<built-in method sys.intern>
0 1100

fl=~
fn=<built-in method time.localtime>
0 28000

fl=~
fn=<built-in method time.monotonic>
0 3200

fl=~
fn=<built-in method time.perf_counter>
0 168900

fl=~
fn=<built-in method time.strftime>
0 10100

fl=~
fn=<built-in method time.time>
0 4400

fl=~
fn=<built-in method time.time_ns>
0 3000

fl=~
fn=<function TypeVarMap.__getitem__ at 0x0000029988211640>
0 1300

fl=~
fn=<method '__contains__' of 'frozenset' objects>
0 1800

fl=~
fn=<method '__copy__' of 'numpy.ndarray' objects>
0 449400

fl=~
fn=<method '__enter__' of '_io._IOBase' objects>
0 5500

fl=~
fn=<method '__enter__' of '_thread.RLock' objects>
0 228400

fl=~
fn=<method '__enter__' of '_thread.lock' objects>
0 4100

fl=~
fn=<method '__enter__' of 'numpy.nditer' objects>
0 1000

fl=~
fn=<method '__enter__' of 'sqlite3.Connection' objects>
0 200

fl=~
fn=<method '__exit__' of '_io._IOBase' objects>
0 86700

fl=~
fn=<method '__exit__' of '_thread.RLock' objects>
0 196100

fl=~
fn=<method '__exit__' of '_thread.lock' objects>
0 2800

fl=~
fn=<method '__exit__' of 'numpy.nditer' objects>
0 1000

fl=~
fn=<method '__exit__' of 'sqlite3.Connection' objects>
0 22800

fl=~
fn=<method '__reduce_ex__' of 'object' objects>
0 2800

fl=~
fn=<method 'acquire' of '_thread.RLock' objects>
0 124900

fl=~
fn=<method 'acquire' of '_thread.lock' objects>
0 11600
cfl=c:\Users\Pedro\faculdade\IniciacaoCientifica\grn\.env\Lib\site-packages\numpy\_core\function_base.py
cfn=_linspace_dispatcher
calls=1 22
0 300
cfl=c:\Users\Pedro\faculdade\IniciacaoCientifica\grn\.env\Lib\site-packages\numpy\_core\function_base.py
cfn=linspace
calls=1 27
0 34800
cfl=c:\Users\Pedro\faculdade\IniciacaoCientifica\grn\.env\Lib\site-packages\numpy\_core\multiarray.py
cfn=may_share_memory
calls=19 1397
0 2200
cfl=c:\Users\Pedro\faculdade\IniciacaoCientifica\grn\.env\Lib\site-packages\numpy\_core\numeric.py
cfn=_zeros_like_dispatcher
calls=1 91
0 200
cfl=c:\Users\Pedro\faculdade\IniciacaoCientifica\grn\.env\Lib\site-packages\numpy\_core\numeric.py
cfn=zeros_like
calls=1 97
0 10500
cfl=c:\Users\Pedro\faculdade\IniciacaoCientifica\grn\.env\Lib\site-packages\numpy\_core\numeric.py
cfn=full
calls=1 323
0 4100

fl=~
fn=<method 'add' of 'set' objects>
0 1124400
cfl=c:\Users\Pedro\faculdade\IniciacaoCientifica\grn\.env\Lib\site-packages\numba\core\byteflow.py
cfn=__hash__
calls=15 2036
0 8700
cfl=c:\Users\Pedro\faculdade\IniciacaoCientifica\grn\.env\Lib\site-packages\numba\core\ir.py
cfn=__hash__
calls=3 259
0 1000
cfl=c:\Users\Pedro\faculdade\IniciacaoCientifica\grn\.env\Lib\site-packages\numba\core\types\abstract.py
cfn=__hash__
calls=2956 121
0 3108300

fl=~
fn=<method 'all' of 'numpy.generic' objects>
0 3800
cfl=c:\Users\Pedro\faculdade\IniciacaoCientifica\grn\.env\Lib\site-packages\numpy\_core\_methods.py
cfn=_all
calls=1 64
0 15900

fl=~
fn=<method 'all' of 'numpy.ndarray' objects>
0 315000
cfl=c:\Users\Pedro\faculdade\IniciacaoCientifica\grn\.env\Lib\site-packages\numpy\_core\_methods.py
cfn=_all
calls=592 64
0 1215100

fl=~
fn=<method 'any' of 'numpy.generic' objects>
0 2700
cfl=c:\Users\Pedro\faculdade\IniciacaoCientifica\grn\.env\Lib\site-packages\numpy\_core\_methods.py
cfn=_any
calls=2 55
0 3500

fl=~
fn=<method 'any' of 'numpy.ndarray' objects>
0 1400
cfl=c:\Users\Pedro\faculdade\IniciacaoCientifica\grn\.env\Lib\site-packages\numpy\_core\_methods.py
cfn=_any
calls=2 55
0 2800

fl=~
fn=<method 'append' of 'collections.deque' objects>
0 289800

fl=~
fn=<method 'append' of 'list' objects>
0 1768300

fl=~
fn=<method 'argmin' of 'numpy.ndarray' objects>
0 9700

fl=~
fn=<method 'as_arrays' of 'numpy._core._multiarray_umath._array_converter' objects>
0 1700

fl=~
fn=<method 'astype' of 'numpy.ndarray' objects>
0 17800

fl=~
fn=<method 'center' of 'str' objects>
0 600

fl=~
fn=<method 'clear' of 'dict' objects>
0 7000

fl=~
fn=<method 'clear' of 'frame' objects>
0 2400

fl=~
fn=<method 'clear' of 'list' objects>
0 800

fl=~
fn=<method 'clear' of 'set' objects>
0 134400

fl=~
fn=<method 'clip' of 'numpy.ndarray' objects>
0 6000
cfl=c:\Users\Pedro\faculdade\IniciacaoCientifica\grn\.env\Lib\site-packages\numpy\_core\_methods.py
cfn=_clip
calls=1 96
0 7000

fl=~
fn=<method 'close' of '_io.StringIO' objects>
0 1500

fl=~
fn=<method 'close' of '_io.TextIOWrapper' objects>
0 199400

fl=~
fn=<method 'co_lines' of 'code' objects>
0 800

fl=~
fn=<method 'co_positions' of 'code' objects>
0 1600

fl=~
fn=<method 'copy' of '_hashlib.HMAC' objects>
0 8900

fl=~
fn=<method 'copy' of 'dict' objects>
0 3100

fl=~
fn=<method 'copy' of 'list' objects>
0 400

fl=~
fn=<method 'copy' of 'numpy.ndarray' objects>
0 11000

fl=~
fn=<method 'copy' of 'set' objects>
0 1900

fl=~
fn=<method 'decode' of 'bytearray' objects>
0 15200

fl=~
fn=<method 'decode' of 'bytes' objects>
0 8100

fl=~
fn=<method 'difference' of 'set' objects>
0 600

fl=~
fn=<method 'disable' of '_lsprof.Profiler' objects>
0 88000

fl=~
fn=<method 'discard' of 'set' objects>
0 15200

fl=~
fn=<method 'encode' of 'str' objects>
0 105500

fl=~
fn=<method 'endswith' of 'str' objects>
0 10400

fl=~
fn=<method 'extend' of 'collections.deque' objects>
0 1100

fl=~
fn=<method 'extend' of 'list' objects>
0 575800

fl=~
fn=<method 'find' of 'str' objects>
0 2100

fl=~
fn=<method 'flush' of '_io.TextIOWrapper' objects>
0 79700

fl=~
fn=<method 'format' of 'str' objects>
0 116100

fl=~
fn=<method 'get' of '_contextvars.ContextVar' objects>
0 167000

fl=~
fn=<method 'get' of 'dict' objects>
0 4266300
cfl=c:\Users\Pedro\faculdade\IniciacaoCientifica\grn\.env\Lib\site-packages\numba\core\types\abstract.py
cfn=__hash__
calls=6503 121
0 7771200
cfl=c:\Users\Pedro\faculdade\IniciacaoCientifica\grn\.env\Lib\site-packages\numba\core\types\abstract.py
cfn=__eq__
calls=3546 124
0 2439500

fl=~
fn=<method 'get_name' of '_asyncio.Task' objects>
0 1800

fl=~
fn=<method 'getvalue' of '_io.StringIO' objects>
0 97600

fl=~
fn=<method 'group' of 're.Match' objects>
0 400

fl=~
fn=<method 'hexdigest' of '_hashlib.HMAC' objects>
0 5100

fl=~
fn=<method 'insert' of 'list' objects>
0 7600

fl=~
fn=<method 'intersection' of 'set' objects>
0 9100

fl=~
fn=<method 'is_done' of '_thread._ThreadHandle' objects>
0 1400

fl=~
fn=<method 'isascii' of 'str' objects>
0 2900

fl=~
fn=<method 'isidentifier' of 'str' objects>
0 2300

fl=~
fn=<method 'isoformat' of 'datetime.datetime' objects>
0 11900
cfl=c:\Users\Pedro\faculdade\IniciacaoCientifica\grn\.env\Lib\site-packages\dateutil\tz\tz.py
cfn=utcoffset
calls=2 74
0 600

fl=~
fn=<method 'isspace' of 'str' objects>
0 15500

fl=~
fn=<method 'items' of 'dict' objects>
0 1583300

fl=~
fn=<method 'join' of 'str' objects>
0 46600
cfl=C:\Users\Pedro\AppData\Local\Python\pythoncore-3.14-64\Lib\collections\__init__.py
cfn=<genexpr>
calls=3 435
0 800
cfl=c:\Users\Pedro\faculdade\IniciacaoCientifica\grn\.env\Lib\site-packages\numba\core\ir.py
cfn=<genexpr>
calls=31 608
0 12800

fl=~
fn=<method 'keys' of 'dict' objects>
0 15900

fl=~
fn=<method 'lower' of 'str' objects>
0 15500

fl=~
fn=<method 'lstrip' of 'str' objects>
0 1300

fl=~
fn=<method 'match' of 're.Pattern' objects>
0 16300

fl=~
fn=<method 'mro' of 'type' objects>
0 5900

fl=~
fn=<method 'partition' of 'str' objects>
0 4100

fl=~
fn=<method 'pop' of 'collections.deque' objects>
0 311100

fl=~
fn=<method 'pop' of 'dict' objects>
0 12700

fl=~
fn=<method 'pop' of 'list' objects>
0 56200

fl=~
fn=<method 'pop' of 'set' objects>
0 1900

fl=~
fn=<method 'popleft' of 'collections.deque' objects>
0 3400

fl=~
fn=<method 'ravel' of 'numpy.ndarray' objects>
0 1100

fl=~
fn=<method 'read' of '_io.BufferedReader' objects>
0 62600

fl=~
fn=<method 'readline' of '_io.BufferedReader' objects>
0 144000

fl=~
fn=<method 'readlines' of '_io._IOBase' objects>
0 528700
cfl=<frozen codecs>
cfn=decode
calls=39 322
0 55700

fl=~
fn=<method 'reduce' of 'numpy.ufunc' objects>
0 1045800

fl=~
fn=<method 'release' of '_thread.RLock' objects>
0 97100

fl=~
fn=<method 'release' of '_thread.lock' objects>
0 2600

fl=~
fn=<method 'remove' of 'collections.deque' objects>
0 300

fl=~
fn=<method 'remove' of 'list' objects>
0 182800

fl=~
fn=<method 'remove' of 'set' objects>
0 8100

fl=~
fn=<method 'replace' of 'str' objects>
0 75000

fl=~
fn=<method 'reset' of '_contextvars.ContextVar' objects>
0 2000

fl=~
fn=<method 'reshape' of 'numpy.ndarray' objects>
0 22100

fl=~
fn=<method 'result_type' of 'numpy._core._multiarray_umath._array_converter' objects>
0 900

fl=~
fn=<method 'reverse' of 'list' objects>
0 1300

fl=~
fn=<method 'rfind' of 'str' objects>
0 5500

fl=~
fn=<method 'rpartition' of 'str' objects>
0 624400

fl=~
fn=<method 'rsplit' of 'str' objects>
0 3500

fl=~
fn=<method 'rstrip' of 'str' objects>
0 12700

fl=~
fn=<method 'run' of '_contextvars.Context' objects>
0 12400
cfl=<frozen importlib._bootstrap>
cfn=_verbose_message
calls=1 494
0 200
cfl=C:\Users\Pedro\AppData\Local\Python\pythoncore-3.14-64\Lib\asyncio\base_events.py
cfn=_run_once
calls=1 1966
0 82900
cfl=C:\Users\Pedro\AppData\Local\Python\pythoncore-3.14-64\Lib\traceback.py
cfn=line
calls=0 373
0 0
cfl=c:\Users\Pedro\faculdade\IniciacaoCientifica\grn\.env\Lib\site-packages\tornado\ioloop.py
cfn=_run_callback
calls=4 750
0 355900
cfl=c:\Users\Pedro\faculdade\IniciacaoCientifica\grn\.env\Lib\site-packages\tornado\platform\asyncio.py
cfn=_handle_events
calls=2 206
0 234700
cfl=c:\Users\Pedro\faculdade\IniciacaoCientifica\grn\.env\Lib\site-packages\zmq\utils\garbage.py
cfn=run
calls=0 30
0 0
cfl=~
cfn=<method 'pop' of 'dict' objects>
calls=1 0
0 700

fl=~
fn=<method 'search' of 're.Pattern' objects>
0 3200

fl=~
fn=<method 'seek' of '_io.BufferedReader' objects>
0 2800

fl=~
fn=<method 'set' of '_contextvars.ContextVar' objects>
0 2400

fl=~
fn=<method 'setter' of 'property' objects>
0 500

fl=~
fn=<method 'split' of 'str' objects>
0 29800

fl=~
fn=<method 'splitlines' of 'str' objects>
0 12100

fl=~
fn=<method 'squeeze' of 'numpy.ndarray' objects>
0 1200

fl=~
fn=<method 'startswith' of 'bytes' objects>
0 2400

fl=~
fn=<method 'startswith' of 'str' objects>
0 671600

fl=~
fn=<method 'strftime' of 'datetime.date' objects>
0 7700

fl=~
fn=<method 'strip' of 'str' objects>
0 5500

fl=~
fn=<method 'throw' of 'generator' objects>
0 1037500
cfl=c:\Users\Pedro\faculdade\IniciacaoCientifica\grn\.env\Lib\site-packages\numba\core\errors.py
cfn=new_error_context
calls=1 895
0 89500
cfl=c:\Users\Pedro\faculdade\IniciacaoCientifica\grn\.env\Lib\site-packages\numba\core\event.py
cfn=install_listener
calls=1182 312
0 2571900
cfl=c:\Users\Pedro\faculdade\IniciacaoCientifica\grn\.env\Lib\site-packages\numba\core\event.py
cfn=install_timer
calls=1182 337
0 4169300
cfl=c:\Users\Pedro\faculdade\IniciacaoCientifica\grn\.env\Lib\site-packages\numba\core\event.py
cfn=trigger_event
calls=592 422
0 2902700
cfl=c:\Users\Pedro\faculdade\IniciacaoCientifica\grn\.env\Lib\site-packages\numba\core\typed_passes.py
cfn=fallback_context
calls=1 42
0 2800
cfl=c:\Users\Pedro\faculdade\IniciacaoCientifica\grn\.env\Lib\site-packages\numba\core\typing\context.py
cfn=register
calls=1 64
0 9100
cfl=c:\Users\Pedro\faculdade\IniciacaoCientifica\grn\.env\Lib\site-packages\numba\core\utils.py
cfn=enter
calls=1 244
0 2400

fl=~
fn=<method 'update' of '_hashlib.HMAC' objects>
0 30200

fl=~
fn=<method 'update' of 'dict' objects>
0 4000

fl=~
fn=<method 'update' of 'set' objects>
0 15300

fl=~
fn=<method 'upper' of 'str' objects>
0 156500

fl=~
fn=<method 'values' of 'collections.OrderedDict' objects>
0 900

fl=~
fn=<method 'values' of 'dict' objects>
0 218100

fl=~
fn=<method 'with_traceback' of 'BaseException' objects>
0 1528100

fl=~
fn=<method 'wrap' of 'numpy._core._multiarray_umath._array_converter' objects>
0 1200

fl=~
fn=<method 'write' of '_io.StringIO' objects>
0 394500

fl=~
fn=<method 'write' of '_io.TextIOWrapper' objects>
0 13900
cfl=C:\Users\Pedro\AppData\Local\Python\pythoncore-3.14-64\Lib\encodings\cp1252.py
cfn=encode
calls=7 18
0 18500

fl=~
fn=<method 'writerow' of '_csv.writer' objects>
0 5200

