event: ns : Nanoseconds
events: ns
summary: 10612700
fl=<frozen abc>
fn=__instancecheck__
117 7800
cfl=~
cfn=<built-in method _abc._abc_instancecheck>
calls=27 0
117 24300

fl=<frozen abc>
fn=__subclasscheck__
121 2200
cfl=~
cfn=<built-in method _abc._abc_subclasscheck>
calls=3 0
121 5200

fl=<frozen codecs>
fn=__init__
189 1900

fl=<frozen genericpath>
fn=_splitext
157 11700
cfl=~
cfn=<built-in method builtins.max>
calls=8 0
157 2200
cfl=~
cfn=<method 'rfind' of 'str' objects>
calls=24 0
157 3800

fl=<frozen importlib._bootstrap>
fn=parent
648 2800
cfl=~
cfn=<method 'rpartition' of 'str' objects>
calls=4 0
648 1700

fl=<frozen importlib._bootstrap>
fn=_handle_fromlist
1401 4700
cfl=~
cfn=<built-in method builtins.hasattr>
calls=6 0
1401 1600
cfl=~
cfn=<built-in method builtins.isinstance>
calls=6 0
1401 700

fl=<frozen ntpath>
fn=_get_bothseps
34 3100
cfl=~
cfn=<built-in method builtins.isinstance>
calls=9 0
34 800

fl=<frozen ntpath>
fn=normcase
50 24400
cfl=~
cfn=<built-in method _winapi.LCMapStringEx>
calls=24 0
50 21800
cfl=~
cfn=<built-in method builtins.isinstance>
calls=24 0
50 3100
cfl=~
cfn=<built-in method nt.fspath>
calls=24 0
50 3300
cfl=~
cfn=<method 'replace' of 'str' objects>
calls=24 0
50 5300

fl=<frozen ntpath>
fn=join
99 17600
cfl=~
cfn=<built-in method builtins.isinstance>
calls=8 0
99 1100
cfl=~
cfn=<built-in method nt._path_splitroot_ex>
calls=16 0
99 5100
cfl=~
cfn=<built-in method nt.fspath>
calls=8 0
99 1300

fl=<frozen ntpath>
fn=splitdrive
146 1100
cfl=~
cfn=<built-in method nt._path_splitroot_ex>
calls=2 0
146 400

fl=<frozen ntpath>
fn=split
222 27000
cfl=<frozen ntpath>
cfn=_get_bothseps
calls=9 34
222 3900
cfl=~
cfn=<built-in method builtins.len>
calls=9 0
222 1000
cfl=~
cfn=<built-in method nt._path_splitroot_ex>
calls=9 0
222 4500
cfl=~
cfn=<built-in method nt.fspath>
calls=9 0
222 600
cfl=~
cfn=<method 'rstrip' of 'str' objects>
calls=9 0
222 3200

fl=<frozen ntpath>
fn=splitext
243 8000
cfl=<frozen genericpath>
cfn=_splitext
calls=8 157
243 17700
cfl=~
cfn=<built-in method builtins.isinstance>
calls=8 0
243 700
cfl=~
cfn=<built-in method nt.fspath>
calls=8 0
243 800

fl=<frozen ntpath>
fn=basename
254 5100
cfl=<frozen ntpath>
cfn=split
calls=8 222
254 34100

fl=<frozen ntpath>
fn=expanduser
343 4400
cfl=~
cfn=<built-in method builtins.isinstance>
calls=6 0
343 500
cfl=~
cfn=<built-in method nt.fspath>
calls=6 0
343 700
cfl=~
cfn=<method 'startswith' of 'str' objects>
calls=6 0
343 1100

fl=<frozen ntpath>
fn=abspath
529 1600
cfl=~
cfn=<built-in method nt._getfullpathname>
calls=1 0
529 2300
cfl=~
cfn=<built-in method nt._path_normpath>
calls=1 0
529 700

fl=<frozen os>
fn=makedirs
211 15300
cfl=<frozen ntpath>
cfn=join
calls=1 99
211 1700
cfl=<frozen ntpath>
cfn=split
calls=1 222
211 6100
cfl=C:\Users\Pedro\AppData\Local\Python\pythoncore-3.14-64\Lib\logging\__init__.py
cfn=__init__:601
calls=1 601
211 8400
cfl=C:\Users\Pedro\AppData\Local\Python\pythoncore-3.14-64\Lib\logging\__init__.py
cfn=setFormatter
calls=1 1030
211 100
cfl=C:\Users\Pedro\AppData\Local\Python\pythoncore-3.14-64\Lib\logging\__init__.py
cfn=__init__:1194
calls=1 1194
211 196000
cfl=C:\Users\Pedro\AppData\Local\Python\pythoncore-3.14-64\Lib\logging\__init__.py
cfn=setLevel
calls=1 1491
211 34300
cfl=C:\Users\Pedro\AppData\Local\Python\pythoncore-3.14-64\Lib\logging\__init__.py
cfn=addHandler
calls=1 1683
211 1200
cfl=C:\Users\Pedro\AppData\Local\Python\pythoncore-3.14-64\Lib\logging\__init__.py
cfn=getLogger:2130
calls=1 2130
211 18100
cfl=c:\Users\Pedro\faculdade\IniciacaoCientifica\grn\PythonCode\Modules\Handlers.py
cfn=run_path
calls=1 29
211 4300
cfl=~
cfn=<built-in method nt._path_exists>
calls=0 0
211 0

fl=<string>
fn=<lambda>:1
1 11200
cfl=~
cfn=<built-in method __new__ of type object at 0x00007FFF34404D90>
calls=27 0
1 7000

fl=<string>
fn=<lambda>:1
1 1000
cfl=~
cfn=<built-in method __new__ of type object at 0x00007FFF34404D90>
calls=2 0
1 700

fl=<string>
fn=__init__:2
2 1300

fl=<string>
fn=__init__:2
2 2000

fl=<string>
fn=__init__:2
2 300

fl=C:\Users\Pedro\AppData\Local\Python\pythoncore-3.14-64\Lib\_colorize.py
fn=get_theme
322 4800

fl=C:\Users\Pedro\AppData\Local\Python\pythoncore-3.14-64\Lib\_py_warnings.py
fn=_filters
71 1800

fl=C:\Users\Pedro\AppData\Local\Python\pythoncore-3.14-64\Lib\_py_warnings.py
fn=_get_context
89 2200

fl=C:\Users\Pedro\AppData\Local\Python\pythoncore-3.14-64\Lib\_py_warnings.py
fn=_get_filters
111 7500
cfl=C:\Users\Pedro\AppData\Local\Python\pythoncore-3.14-64\Lib\_py_warnings.py
cfn=_filters
calls=12 71
111 1800
cfl=C:\Users\Pedro\AppData\Local\Python\pythoncore-3.14-64\Lib\_py_warnings.py
cfn=_get_context
calls=12 89
111 1900

fl=C:\Users\Pedro\AppData\Local\Python\pythoncore-3.14-64\Lib\_py_warnings.py
fn=_showwarnmsg_impl
133 3700
cfl=C:\Users\Pedro\AppData\Local\Python\pythoncore-3.14-64\Lib\_py_warnings.py
cfn=_get_context
calls=1 89
133 300
cfl=C:\Users\Pedro\AppData\Local\Python\pythoncore-3.14-64\Lib\_py_warnings.py
cfn=_formatwarnmsg
calls=1 240
133 9800
cfl=c:\Users\Pedro\faculdade\IniciacaoCientifica\grn\.env\Lib\site-packages\IPython\core\interactiveshell.py
cfn=write
calls=1 3098
133 163400

fl=C:\Users\Pedro\AppData\Local\Python\pythoncore-3.14-64\Lib\_py_warnings.py
fn=_formatwarnmsg_impl
153 5500
cfl=C:\Users\Pedro\AppData\Local\Python\pythoncore-3.14-64\Lib\linecache.py
cfn=getline
calls=1 22
153 3100
cfl=~
cfn=<method 'strip' of 'str' objects>
calls=1 0
153 300

fl=C:\Users\Pedro\AppData\Local\Python\pythoncore-3.14-64\Lib\_py_warnings.py
fn=_showwarnmsg
217 1800
cfl=C:\Users\Pedro\AppData\Local\Python\pythoncore-3.14-64\Lib\_py_warnings.py
cfn=_showwarnmsg_impl
calls=1 133
217 177200

fl=C:\Users\Pedro\AppData\Local\Python\pythoncore-3.14-64\Lib\_py_warnings.py
fn=_formatwarnmsg
240 900
cfl=C:\Users\Pedro\AppData\Local\Python\pythoncore-3.14-64\Lib\_py_warnings.py
cfn=_formatwarnmsg_impl
calls=1 153
240 8900

fl=C:\Users\Pedro\AppData\Local\Python\pythoncore-3.14-64\Lib\_py_warnings.py
fn=simplefilter
294 10700
cfl=C:\Users\Pedro\AppData\Local\Python\pythoncore-3.14-64\Lib\_py_warnings.py
cfn=_add_filter
calls=12 320
294 52900
cfl=~
cfn=<built-in method builtins.isinstance>
calls=12 0
294 700

fl=C:\Users\Pedro\AppData\Local\Python\pythoncore-3.14-64\Lib\_py_warnings.py
fn=_add_filter
320 23800
cfl=C:\Users\Pedro\AppData\Local\Python\pythoncore-3.14-64\Lib\_py_warnings.py
cfn=_get_filters
calls=12 111
320 11200
cfl=C:\Users\Pedro\AppData\Local\Python\pythoncore-3.14-64\Lib\warnings.py
cfn=__enter__
calls=12 80
320 3000
cfl=C:\Users\Pedro\AppData\Local\Python\pythoncore-3.14-64\Lib\warnings.py
cfn=__exit__
calls=12 84
320 3600
cfl=~
cfn=<built-in method _warnings._filters_mutated_lock_held>
calls=12 0
320 1100
cfl=~
cfn=<method 'insert' of 'list' objects>
calls=12 0
320 3000
cfl=~
cfn=<method 'remove' of 'list' objects>
calls=12 0
320 7200

fl=C:\Users\Pedro\AppData\Local\Python\pythoncore-3.14-64\Lib\_py_warnings.py
fn=__init__:576
576 1800

fl=C:\Users\Pedro\AppData\Local\Python\pythoncore-3.14-64\Lib\_py_warnings.py
fn=__init__:616
616 4200

fl=C:\Users\Pedro\AppData\Local\Python\pythoncore-3.14-64\Lib\_py_warnings.py
fn=__enter__
639 20500
cfl=C:\Users\Pedro\AppData\Local\Python\pythoncore-3.14-64\Lib\warnings.py
cfn=__enter__
calls=12 80
639 6100
cfl=C:\Users\Pedro\AppData\Local\Python\pythoncore-3.14-64\Lib\warnings.py
cfn=__exit__
calls=12 84
639 4100
cfl=~
cfn=<built-in method _warnings._filters_mutated_lock_held>
calls=12 0
639 1400

fl=C:\Users\Pedro\AppData\Local\Python\pythoncore-3.14-64\Lib\_py_warnings.py
fn=__exit__
668 12000
cfl=C:\Users\Pedro\AppData\Local\Python\pythoncore-3.14-64\Lib\warnings.py
cfn=__enter__
calls=12 80
668 3400
cfl=C:\Users\Pedro\AppData\Local\Python\pythoncore-3.14-64\Lib\warnings.py
cfn=__exit__
calls=12 84
668 2900
cfl=~
cfn=<built-in method _warnings._filters_mutated_lock_held>
calls=12 0
668 1400

fl=C:\Users\Pedro\AppData\Local\Python\pythoncore-3.14-64\Lib\ast.py
fn=parse
26 23100
cfl=~
cfn=<built-in method builtins.compile>
calls=62 0
26 825500

fl=C:\Users\Pedro\AppData\Local\Python\pythoncore-3.14-64\Lib\asyncio\base_events.py
fn=_check_closed
548 400

fl=C:\Users\Pedro\AppData\Local\Python\pythoncore-3.14-64\Lib\asyncio\base_events.py
fn=time
766 3900
cfl=~
cfn=<built-in method time.monotonic>
calls=6 0
766 1300

fl=C:\Users\Pedro\AppData\Local\Python\pythoncore-3.14-64\Lib\asyncio\base_events.py
fn=call_later
775 4700
cfl=C:\Users\Pedro\AppData\Local\Python\pythoncore-3.14-64\Lib\asyncio\base_events.py
cfn=time
calls=2 766
775 900
cfl=C:\Users\Pedro\AppData\Local\Python\pythoncore-3.14-64\Lib\asyncio\base_events.py
cfn=call_at
calls=2 799
775 20200

fl=C:\Users\Pedro\AppData\Local\Python\pythoncore-3.14-64\Lib\asyncio\base_events.py
fn=call_at
799 6200
cfl=C:\Users\Pedro\AppData\Local\Python\pythoncore-3.14-64\Lib\asyncio\base_events.py
cfn=_check_closed
calls=2 548
799 400
cfl=C:\Users\Pedro\AppData\Local\Python\pythoncore-3.14-64\Lib\asyncio\events.py
cfn=__init__:146
calls=2 146
799 10400
cfl=~
cfn=<built-in method _heapq.heappush>
calls=2 0
799 3200

fl=C:\Users\Pedro\AppData\Local\Python\pythoncore-3.14-64\Lib\asyncio\base_events.py
fn=_add_callback
1951 900
cfl=~
cfn=<method 'append' of 'collections.deque' objects>
calls=2 0
1951 400

fl=C:\Users\Pedro\AppData\Local\Python\pythoncore-3.14-64\Lib\asyncio\base_events.py
fn=_run_once
1966 8200
cfl=C:\Users\Pedro\AppData\Local\Python\pythoncore-3.14-64\Lib\asyncio\base_events.py
cfn=time
calls=2 766
1966 700
cfl=C:\Users\Pedro\AppData\Local\Python\pythoncore-3.14-64\Lib\selectors.py
cfn=select
calls=0 310
1966 0
cfl=~
cfn=<built-in method builtins.len>
calls=3 0
1966 600

fl=C:\Users\Pedro\AppData\Local\Python\pythoncore-3.14-64\Lib\asyncio\base_events.py
fn=get_debug
2064 200

fl=C:\Users\Pedro\AppData\Local\Python\pythoncore-3.14-64\Lib\asyncio\events.py
fn=__init__:41
41 5700
cfl=C:\Users\Pedro\AppData\Local\Python\pythoncore-3.14-64\Lib\asyncio\base_events.py
cfn=get_debug
calls=2 2064
41 200
cfl=~
cfn=<built-in method _contextvars.copy_context>
calls=2 0
41 500

fl=C:\Users\Pedro\AppData\Local\Python\pythoncore-3.14-64\Lib\asyncio\events.py
fn=_run
92 3000
cfl=~
cfn=<method 'run' of '_contextvars.Context' objects>
calls=2 0
92 240800

fl=C:\Users\Pedro\AppData\Local\Python\pythoncore-3.14-64\Lib\asyncio\events.py
fn=__init__:146
146 4000
cfl=C:\Users\Pedro\AppData\Local\Python\pythoncore-3.14-64\Lib\asyncio\events.py
cfn=__init__:41
calls=2 41
146 6400

fl=C:\Users\Pedro\AppData\Local\Python\pythoncore-3.14-64\Lib\asyncio\events.py
fn=__lt__
162 1000
cfl=~
cfn=<built-in method builtins.isinstance>
calls=2 0
162 100

fl=C:\Users\Pedro\AppData\Local\Python\pythoncore-3.14-64\Lib\asyncio\selector_events.py
fn=_process_events
744 4100
cfl=C:\Users\Pedro\AppData\Local\Python\pythoncore-3.14-64\Lib\asyncio\base_events.py
cfn=_add_callback
calls=2 1951
744 1300

fl=C:\Users\Pedro\AppData\Local\Python\pythoncore-3.14-64\Lib\cProfile.py
fn=__exit__
120 2400
cfl=~
cfn=<method 'disable' of '_lsprof.Profiler' objects>
calls=1 0
120 86800

fl=C:\Users\Pedro\AppData\Local\Python\pythoncore-3.14-64\Lib\contextlib.py
fn=__exit__:145
145 1900
cfl=~
cfn=<built-in method builtins.next>
calls=1 0
145 1600

fl=C:\Users\Pedro\AppData\Local\Python\pythoncore-3.14-64\Lib\contextlib.py
fn=__init__
444 7800

fl=C:\Users\Pedro\AppData\Local\Python\pythoncore-3.14-64\Lib\contextlib.py
fn=__enter__
447 5700

fl=C:\Users\Pedro\AppData\Local\Python\pythoncore-3.14-64\Lib\contextlib.py
fn=__exit__:450
450 7500
cfl=~
cfn=<built-in method builtins.issubclass>
calls=3 0
450 500

fl=C:\Users\Pedro\AppData\Local\Python\pythoncore-3.14-64\Lib\copy.py
fn=deepcopy
110 27800
cfl=C:\Users\Pedro\AppData\Local\Python\pythoncore-3.14-64\Lib\copy.py
cfn=_deepcopy_dict
calls=13 198
110 69500
cfl=C:\Users\Pedro\AppData\Local\Python\pythoncore-3.14-64\Lib\copy.py
cfn=_keep_alive
calls=13 212
110 10200
cfl=~
cfn=<built-in method builtins.id>
calls=13 0
110 1400
cfl=~
cfn=<method 'get' of 'dict' objects>
calls=25 0
110 3200

fl=C:\Users\Pedro\AppData\Local\Python\pythoncore-3.14-64\Lib\copy.py
fn=_deepcopy_dict
198 28000
cfl=C:\Users\Pedro\AppData\Local\Python\pythoncore-3.14-64\Lib\copy.py
cfn=deepcopy
calls=76 110
198 65500
cfl=~
cfn=<built-in method builtins.id>
calls=13 0
198 1300
cfl=~
cfn=<method 'items' of 'dict' objects>
calls=13 0
198 2100

fl=C:\Users\Pedro\AppData\Local\Python\pythoncore-3.14-64\Lib\copy.py
fn=_keep_alive
212 7700
cfl=~
cfn=<built-in method builtins.id>
calls=14 0
212 1000
cfl=~
cfn=<method 'append' of 'list' objects>
calls=12 0
212 1500

fl=C:\Users\Pedro\AppData\Local\Python\pythoncore-3.14-64\Lib\dataclasses.py
fn=is_dataclass
1468 1800
cfl=~
cfn=<built-in method builtins.hasattr>
calls=2 0
1468 700
cfl=~
cfn=<built-in method builtins.isinstance>
calls=2 0
1468 400

fl=C:\Users\Pedro\AppData\Local\Python\pythoncore-3.14-64\Lib\encodings\cp1252.py
fn=encode
18 6800
cfl=~
cfn=<built-in method _codecs.charmap_encode>
calls=8 0
18 23800

fl=C:\Users\Pedro\AppData\Local\Python\pythoncore-3.14-64\Lib\enum.py
fn=__call__
677 9100
cfl=C:\Users\Pedro\AppData\Local\Python\pythoncore-3.14-64\Lib\enum.py
cfn=__new__
calls=14 1146
677 3400

fl=C:\Users\Pedro\AppData\Local\Python\pythoncore-3.14-64\Lib\enum.py
fn=__new__
1146 3400

fl=C:\Users\Pedro\AppData\Local\Python\pythoncore-3.14-64\Lib\enum.py
fn=_get_value
1576 9400
cfl=~
cfn=<built-in method builtins.isinstance>
calls=40 0
1576 4000

fl=C:\Users\Pedro\AppData\Local\Python\pythoncore-3.14-64\Lib\enum.py
fn=__or__
1583 2400
cfl=C:\Users\Pedro\AppData\Local\Python\pythoncore-3.14-64\Lib\enum.py
cfn=__call__
calls=2 677
1583 700
cfl=C:\Users\Pedro\AppData\Local\Python\pythoncore-3.14-64\Lib\enum.py
cfn=_get_value
calls=6 1576
1583 2900

fl=C:\Users\Pedro\AppData\Local\Python\pythoncore-3.14-64\Lib\enum.py
fn=__and__
1594 8500
cfl=C:\Users\Pedro\AppData\Local\Python\pythoncore-3.14-64\Lib\enum.py
cfn=__call__
calls=6 677
1594 3400
cfl=C:\Users\Pedro\AppData\Local\Python\pythoncore-3.14-64\Lib\enum.py
cfn=_get_value
calls=18 1576
1594 10500

fl=C:\Users\Pedro\AppData\Local\Python\pythoncore-3.14-64\Lib\linecache.py
fn=getline
22 31700
cfl=C:\Users\Pedro\AppData\Local\Python\pythoncore-3.14-64\Lib\linecache.py
cfn=getlines
calls=74 32
22 35200
cfl=~
cfn=<built-in method builtins.len>
calls=74 0
22 5000

fl=C:\Users\Pedro\AppData\Local\Python\pythoncore-3.14-64\Lib\linecache.py
fn=getlines
32 22800
cfl=~
cfn=<built-in method builtins.len>
calls=74 0
32 5400
cfl=~
cfn=<method 'get' of 'dict' objects>
calls=74 0
32 7000

fl=C:\Users\Pedro\AppData\Local\Python\pythoncore-3.14-64\Lib\linecache.py
fn=checkcache
74 21100
cfl=~
cfn=<built-in method builtins.len>
calls=16 0
74 1500
cfl=~
cfn=<built-in method nt.stat>
calls=16 0
74 298600
cfl=~
cfn=<method 'get' of 'dict' objects>
calls=16 0
74 1700

fl=C:\Users\Pedro\AppData\Local\Python\pythoncore-3.14-64\Lib\linecache.py
fn=lazycache
200 10900
cfl=~
cfn=<built-in method builtins.len>
calls=31 0
200 2600
cfl=~
cfn=<method 'get' of 'dict' objects>
calls=31 0
200 4200

fl=C:\Users\Pedro\AppData\Local\Python\pythoncore-3.14-64\Lib\logging\__init__.py
fn=getLevelName
129 4000
cfl=~
cfn=<method 'get' of 'dict' objects>
calls=8 0
129 2800

fl=C:\Users\Pedro\AppData\Local\Python\pythoncore-3.14-64\Lib\logging\__init__.py
fn=<lambda>
167 3700
cfl=~
cfn=<built-in method sys._getframe>
calls=8 0
167 3000

fl=C:\Users\Pedro\AppData\Local\Python\pythoncore-3.14-64\Lib\logging\__init__.py
fn=_is_internal_frame
197 16700
cfl=<frozen ntpath>
cfn=normcase
calls=24 50
197 57900

fl=C:\Users\Pedro\AppData\Local\Python\pythoncore-3.14-64\Lib\logging\__init__.py
fn=_checkLevel
205 1200
cfl=~
cfn=<built-in method builtins.isinstance>
calls=3 0
205 200

fl=C:\Users\Pedro\AppData\Local\Python\pythoncore-3.14-64\Lib\logging\__init__.py
fn=_register_at_fork_reinit_lock
257 100

fl=C:\Users\Pedro\AppData\Local\Python\pythoncore-3.14-64\Lib\logging\__init__.py
fn=__init__:298
298 65700
cfl=<frozen ntpath>
cfn=splitext
calls=8 243
298 27200
cfl=<frozen ntpath>
cfn=basename
calls=8 254
298 39200
cfl=C:\Users\Pedro\AppData\Local\Python\pythoncore-3.14-64\Lib\logging\__init__.py
cfn=getLevelName
calls=8 129
298 6800
cfl=C:\Users\Pedro\AppData\Local\Python\pythoncore-3.14-64\Lib\multiprocessing\process.py
cfn=current_process
calls=8 37
298 2200
cfl=C:\Users\Pedro\AppData\Local\Python\pythoncore-3.14-64\Lib\multiprocessing\process.py
cfn=name
calls=8 196
298 800
cfl=C:\Users\Pedro\AppData\Local\Python\pythoncore-3.14-64\Lib\threading.py
cfn=name
calls=8 1135
298 1500
cfl=C:\Users\Pedro\AppData\Local\Python\pythoncore-3.14-64\Lib\threading.py
cfn=current_thread
calls=8 1470
298 5700
cfl=~
cfn=<built-in method _asyncio.current_task>
calls=8 0
298 3600
cfl=~
cfn=<built-in method _thread.get_ident>
calls=8 0
298 2400
cfl=~
cfn=<built-in method builtins.hasattr>
calls=8 0
298 2100
cfl=~
cfn=<built-in method nt.getpid>
calls=8 0
298 1900
cfl=~
cfn=<built-in method time.time_ns>
calls=8 0
298 4000
cfl=~
cfn=<method 'get' of 'dict' objects>
calls=16 0
298 5500
cfl=~
cfn=<method 'get_name' of '_asyncio.Task' objects>
calls=8 0
298 1800

fl=C:\Users\Pedro\AppData\Local\Python\pythoncore-3.14-64\Lib\logging\__init__.py
fn=getMessage
391 4000

fl=C:\Users\Pedro\AppData\Local\Python\pythoncore-3.14-64\Lib\logging\__init__.py
fn=__init__:451
451 200

fl=C:\Users\Pedro\AppData\Local\Python\pythoncore-3.14-64\Lib\logging\__init__.py
fn=usesTime:455
455 3400
cfl=~
cfn=<method 'find' of 'str' objects>
calls=8 0
455 1900

fl=C:\Users\Pedro\AppData\Local\Python\pythoncore-3.14-64\Lib\logging\__init__.py
fn=validate
458 2100
cfl=~
cfn=<method 'search' of 're.Pattern' objects>
calls=1 0
458 2400

fl=C:\Users\Pedro\AppData\Local\Python\pythoncore-3.14-64\Lib\logging\__init__.py
fn=_format
463 11900

fl=C:\Users\Pedro\AppData\Local\Python\pythoncore-3.14-64\Lib\logging\__init__.py
fn=format:470
470 3600
cfl=C:\Users\Pedro\AppData\Local\Python\pythoncore-3.14-64\Lib\logging\__init__.py
cfn=_format
calls=8 463
470 11900

fl=C:\Users\Pedro\AppData\Local\Python\pythoncore-3.14-64\Lib\logging\__init__.py
fn=__init__:601
601 3700
cfl=C:\Users\Pedro\AppData\Local\Python\pythoncore-3.14-64\Lib\logging\__init__.py
cfn=__init__:451
calls=1 451
601 200
cfl=C:\Users\Pedro\AppData\Local\Python\pythoncore-3.14-64\Lib\logging\__init__.py
cfn=validate
calls=1 458
601 4500

fl=C:\Users\Pedro\AppData\Local\Python\pythoncore-3.14-64\Lib\logging\__init__.py
fn=formatTime
631 18000
cfl=~
cfn=<built-in method time.localtime>
calls=8 0
631 32300
cfl=~
cfn=<built-in method time.strftime>
calls=8 0
631 13900

fl=C:\Users\Pedro\AppData\Local\Python\pythoncore-3.14-64\Lib\logging\__init__.py
fn=formatException
658 10100
cfl=C:\Users\Pedro\AppData\Local\Python\pythoncore-3.14-64\Lib\traceback.py
cfn=print_exception
calls=1 119
658 1752600
cfl=~
cfn=<method 'close' of '_io.StringIO' objects>
calls=1 0
658 500
cfl=~
cfn=<method 'getvalue' of '_io.StringIO' objects>
calls=1 0
658 1600

fl=C:\Users\Pedro\AppData\Local\Python\pythoncore-3.14-64\Lib\logging\__init__.py
fn=usesTime:677
677 3300
cfl=C:\Users\Pedro\AppData\Local\Python\pythoncore-3.14-64\Lib\logging\__init__.py
cfn=usesTime:455
calls=8 455
677 5300

fl=C:\Users\Pedro\AppData\Local\Python\pythoncore-3.14-64\Lib\logging\__init__.py
fn=formatMessage
683 4000
cfl=C:\Users\Pedro\AppData\Local\Python\pythoncore-3.14-64\Lib\logging\__init__.py
cfn=format:470
calls=8 470
683 15500

fl=C:\Users\Pedro\AppData\Local\Python\pythoncore-3.14-64\Lib\logging\__init__.py
fn=format:699
699 27800
cfl=C:\Users\Pedro\AppData\Local\Python\pythoncore-3.14-64\Lib\logging\__init__.py
cfn=getMessage
calls=8 391
699 4000
cfl=C:\Users\Pedro\AppData\Local\Python\pythoncore-3.14-64\Lib\logging\__init__.py
cfn=formatTime
calls=8 631
699 64200
cfl=C:\Users\Pedro\AppData\Local\Python\pythoncore-3.14-64\Lib\logging\__init__.py
cfn=formatException
calls=1 658
699 1764800
cfl=C:\Users\Pedro\AppData\Local\Python\pythoncore-3.14-64\Lib\logging\__init__.py
cfn=usesTime:677
calls=8 677
699 8600
cfl=C:\Users\Pedro\AppData\Local\Python\pythoncore-3.14-64\Lib\logging\__init__.py
cfn=formatMessage
calls=8 683
699 19500

fl=C:\Users\Pedro\AppData\Local\Python\pythoncore-3.14-64\Lib\logging\__init__.py
fn=__init__:820
820 700

fl=C:\Users\Pedro\AppData\Local\Python\pythoncore-3.14-64\Lib\logging\__init__.py
fn=filter
840 4100

fl=C:\Users\Pedro\AppData\Local\Python\pythoncore-3.14-64\Lib\logging\__init__.py
fn=_addHandlerRef
899 3100
cfl=~
cfn=<method '__enter__' of '_thread.RLock' objects>
calls=1 0
899 400
cfl=~
cfn=<method '__exit__' of '_thread.RLock' objects>
calls=1 0
899 200
cfl=~
cfn=<method 'append' of 'list' objects>
calls=1 0
899 500

fl=C:\Users\Pedro\AppData\Local\Python\pythoncore-3.14-64\Lib\logging\__init__.py
fn=__init__:931
931 3300
cfl=C:\Users\Pedro\AppData\Local\Python\pythoncore-3.14-64\Lib\logging\__init__.py
cfn=_checkLevel
calls=1 205
931 500
cfl=C:\Users\Pedro\AppData\Local\Python\pythoncore-3.14-64\Lib\logging\__init__.py
cfn=__init__:820
calls=1 820
931 500
cfl=C:\Users\Pedro\AppData\Local\Python\pythoncore-3.14-64\Lib\logging\__init__.py
cfn=_addHandlerRef
calls=1 899
931 4200
cfl=C:\Users\Pedro\AppData\Local\Python\pythoncore-3.14-64\Lib\logging\__init__.py
cfn=createLock
calls=1 958
931 2600

fl=C:\Users\Pedro\AppData\Local\Python\pythoncore-3.14-64\Lib\logging\__init__.py
fn=createLock
958 1700
cfl=C:\Users\Pedro\AppData\Local\Python\pythoncore-3.14-64\Lib\logging\__init__.py
cfn=_register_at_fork_reinit_lock
calls=1 257
958 100
cfl=C:\Users\Pedro\AppData\Local\Python\pythoncore-3.14-64\Lib\threading.py
cfn=RLock
calls=1 126
958 800

fl=C:\Users\Pedro\AppData\Local\Python\pythoncore-3.14-64\Lib\logging\__init__.py
fn=format:988
988 4000
cfl=C:\Users\Pedro\AppData\Local\Python\pythoncore-3.14-64\Lib\logging\__init__.py
cfn=format:699
calls=8 699
988 1888900

fl=C:\Users\Pedro\AppData\Local\Python\pythoncore-3.14-64\Lib\logging\__init__.py
fn=handle:1011
1011 222300
cfl=C:\Users\Pedro\AppData\Local\Python\pythoncore-3.14-64\Lib\logging\__init__.py
cfn=filter
calls=8 840
1011 2100
cfl=C:\Users\Pedro\AppData\Local\Python\pythoncore-3.14-64\Lib\logging\__init__.py
cfn=emit:1251
calls=7 1251
1011 0
cfl=~
cfn=<built-in method builtins.isinstance>
calls=8 0
1011 600
cfl=~
cfn=<method '__enter__' of '_thread.RLock' objects>
calls=8 0
1011 2100
cfl=~
cfn=<method '__exit__' of '_thread.RLock' objects>
calls=7 0
1011 1400

fl=C:\Users\Pedro\AppData\Local\Python\pythoncore-3.14-64\Lib\logging\__init__.py
fn=setFormatter
1030 100

fl=C:\Users\Pedro\AppData\Local\Python\pythoncore-3.14-64\Lib\logging\__init__.py
fn=__init__:1120
1120 1100
cfl=C:\Users\Pedro\AppData\Local\Python\pythoncore-3.14-64\Lib\logging\__init__.py
cfn=__init__:931
calls=1 931
1120 11100

fl=C:\Users\Pedro\AppData\Local\Python\pythoncore-3.14-64\Lib\logging\__init__.py
fn=flush
1131 11600
cfl=~
cfn=<built-in method builtins.hasattr>
calls=8 0
1131 2400
cfl=~
cfn=<method '__enter__' of '_thread.RLock' objects>
calls=8 0
1131 1900
cfl=~
cfn=<method '__exit__' of '_thread.RLock' objects>
calls=7 0
1131 1800
cfl=~
cfn=<method 'append' of 'list' objects>
calls=1 0
1131 400
cfl=~
cfn=<method 'flush' of '_io.TextIOWrapper' objects>
calls=7 0
1131 0
cfl=~
cfn=<method 'get' of 'dict' objects>
calls=1 0
1131 300

fl=C:\Users\Pedro\AppData\Local\Python\pythoncore-3.14-64\Lib\logging\__init__.py
fn=emit:1139
1139 11100
cfl=C:\Users\Pedro\AppData\Local\Python\pythoncore-3.14-64\Lib\asyncio\base_events.py
cfn=time
calls=1 766
1139 2800
cfl=C:\Users\Pedro\AppData\Local\Python\pythoncore-3.14-64\Lib\asyncio\events.py
cfn=_run
calls=1 92
1139 150100
cfl=C:\Users\Pedro\AppData\Local\Python\pythoncore-3.14-64\Lib\asyncio\selector_events.py
cfn=_process_events
calls=1 744
1139 3100
cfl=C:\Users\Pedro\AppData\Local\Python\pythoncore-3.14-64\Lib\logging\__init__.py
cfn=format:988
calls=8 988
1139 1892900
cfl=C:\Users\Pedro\AppData\Local\Python\pythoncore-3.14-64\Lib\logging\__init__.py
cfn=flush
calls=7 1131
1139 0
cfl=~
cfn=<built-in method builtins.len>
calls=1 0
1139 300
cfl=~
cfn=<method 'popleft' of 'collections.deque' objects>
calls=1 0
1139 200
cfl=~
cfn=<method 'write' of '_io.TextIOWrapper' objects>
calls=8 0
1139 51000

fl=C:\Users\Pedro\AppData\Local\Python\pythoncore-3.14-64\Lib\logging\__init__.py
fn=__init__:1194
1194 11100
cfl=<frozen ntpath>
cfn=abspath
calls=1 529
1194 4600
cfl=C:\Users\Pedro\AppData\Local\Python\pythoncore-3.14-64\Lib\logging\__init__.py
cfn=__init__:1120
calls=1 1120
1194 12200
cfl=C:\Users\Pedro\AppData\Local\Python\pythoncore-3.14-64\Lib\logging\__init__.py
cfn=_open
calls=1 1242
1194 167700
cfl=~
cfn=<built-in method _io.text_encoding>
calls=1 0
1194 200
cfl=~
cfn=<built-in method nt.fspath>
calls=1 0
1194 200

fl=C:\Users\Pedro\AppData\Local\Python\pythoncore-3.14-64\Lib\logging\__init__.py
fn=_open
1242 1400
cfl=~
cfn=<built-in method _io.open>
calls=1 0
1242 166300

fl=C:\Users\Pedro\AppData\Local\Python\pythoncore-3.14-64\Lib\logging\__init__.py
fn=emit:1251
1251 7600
cfl=C:\Users\Pedro\AppData\Local\Python\pythoncore-3.14-64\Lib\asyncio\base_events.py
cfn=_run_once
calls=0 1966
1251 0
cfl=C:\Users\Pedro\AppData\Local\Python\pythoncore-3.14-64\Lib\logging\__init__.py
cfn=emit:1139
calls=7 1139
1251 0
cfl=~
cfn=<method '__exit__' of '_thread.RLock' objects>
calls=1 0
1251 100

fl=C:\Users\Pedro\AppData\Local\Python\pythoncore-3.14-64\Lib\logging\__init__.py
fn=disable
1354 300

fl=C:\Users\Pedro\AppData\Local\Python\pythoncore-3.14-64\Lib\logging\__init__.py
fn=getLogger:1362
1362 8100
cfl=C:\Users\Pedro\AppData\Local\Python\pythoncore-3.14-64\Lib\logging\__init__.py
cfn=_fixupParents
calls=1 1410
1362 2300
cfl=C:\Users\Pedro\AppData\Local\Python\pythoncore-3.14-64\Lib\logging\__init__.py
cfn=__init__:1478
calls=1 1478
1362 3400
cfl=~
cfn=<built-in method builtins.isinstance>
calls=1 0
1362 100
cfl=~
cfn=<method '__enter__' of '_thread.RLock' objects>
calls=1 0
1362 500
cfl=~
cfn=<method '__exit__' of '_thread.RLock' objects>
calls=1 0
1362 300

fl=C:\Users\Pedro\AppData\Local\Python\pythoncore-3.14-64\Lib\logging\__init__.py
fn=_fixupParents
1410 2000
cfl=~
cfn=<method 'rfind' of 'str' objects>
calls=1 0
1410 300

fl=C:\Users\Pedro\AppData\Local\Python\pythoncore-3.14-64\Lib\logging\__init__.py
fn=_clear_cache
1447 24800
cfl=~
cfn=<built-in method builtins.isinstance>
calls=53 0
1447 3900
cfl=~
cfn=<method '__enter__' of '_thread.RLock' objects>
calls=1 0
1447 100
cfl=~
cfn=<method '__exit__' of '_thread.RLock' objects>
calls=1 0
1447 200
cfl=~
cfn=<method 'clear' of 'dict' objects>
calls=46 0
1447 3500
cfl=~
cfn=<method 'values' of 'dict' objects>
calls=1 0
1447 400

fl=C:\Users\Pedro\AppData\Local\Python\pythoncore-3.14-64\Lib\logging\__init__.py
fn=__init__:1478
1478 2600
cfl=C:\Users\Pedro\AppData\Local\Python\pythoncore-3.14-64\Lib\logging\__init__.py
cfn=_checkLevel
calls=1 205
1478 600
cfl=C:\Users\Pedro\AppData\Local\Python\pythoncore-3.14-64\Lib\logging\__init__.py
cfn=__init__:820
calls=1 820
1478 200

fl=C:\Users\Pedro\AppData\Local\Python\pythoncore-3.14-64\Lib\logging\__init__.py
fn=setLevel
1491 1100
cfl=C:\Users\Pedro\AppData\Local\Python\pythoncore-3.14-64\Lib\logging\__init__.py
cfn=_checkLevel
calls=1 205
1491 300
cfl=C:\Users\Pedro\AppData\Local\Python\pythoncore-3.14-64\Lib\logging\__init__.py
cfn=_clear_cache
calls=1 1447
1491 32900

fl=C:\Users\Pedro\AppData\Local\Python\pythoncore-3.14-64\Lib\logging\__init__.py
fn=info
1510 16900
cfl=C:\Users\Pedro\AppData\Local\Python\pythoncore-3.14-64\Lib\logging\__init__.py
cfn=error
calls=1 1539
1510 99100
cfl=C:\Users\Pedro\AppData\Local\Python\pythoncore-3.14-64\Lib\logging\__init__.py
cfn=_log
calls=5 1641
1510 0
cfl=C:\Users\Pedro\AppData\Local\Python\pythoncore-3.14-64\Lib\logging\__init__.py
cfn=isEnabledFor
calls=6 1765
1510 6500
cfl=C:\Users\Pedro\AppData\Local\Python\pythoncore-3.14-64\Lib\traceback.py
cfn=format_exc
calls=1 212
1510 2101100
cfl=c:\Users\Pedro\faculdade\IniciacaoCientifica\grn\PythonCode\Modules\Handlers.py
cfn=run_serial
calls=0 48
1510 0

fl=C:\Users\Pedro\AppData\Local\Python\pythoncore-3.14-64\Lib\logging\__init__.py
fn=error
1539 6400
cfl=C:\Users\Pedro\AppData\Local\Python\pythoncore-3.14-64\Lib\logging\__init__.py
cfn=_log
calls=2 1641
1539 2064100
cfl=C:\Users\Pedro\AppData\Local\Python\pythoncore-3.14-64\Lib\logging\__init__.py
cfn=isEnabledFor
calls=2 1765
1539 4600

fl=C:\Users\Pedro\AppData\Local\Python\pythoncore-3.14-64\Lib\logging\__init__.py
fn=findCaller
1592 24800
cfl=C:\Users\Pedro\AppData\Local\Python\pythoncore-3.14-64\Lib\logging\__init__.py
cfn=<lambda>
calls=8 167
1592 6700
cfl=C:\Users\Pedro\AppData\Local\Python\pythoncore-3.14-64\Lib\logging\__init__.py
cfn=_is_internal_frame
calls=24 197
1592 74600

fl=C:\Users\Pedro\AppData\Local\Python\pythoncore-3.14-64\Lib\logging\__init__.py
fn=makeRecord
1626 15400
cfl=C:\Users\Pedro\AppData\Local\Python\pythoncore-3.14-64\Lib\logging\__init__.py
cfn=__init__:298
calls=8 298
1626 170400

fl=C:\Users\Pedro\AppData\Local\Python\pythoncore-3.14-64\Lib\logging\__init__.py
fn=_log
1641 17600
cfl=C:\Users\Pedro\AppData\Local\Python\pythoncore-3.14-64\Lib\logging\__init__.py
cfn=findCaller
calls=8 1592
1641 106100
cfl=C:\Users\Pedro\AppData\Local\Python\pythoncore-3.14-64\Lib\logging\__init__.py
cfn=makeRecord
calls=8 1626
1641 185800
cfl=C:\Users\Pedro\AppData\Local\Python\pythoncore-3.14-64\Lib\logging\__init__.py
cfn=handle:1667
calls=7 1667
1641 0
cfl=~
cfn=<built-in method builtins.isinstance>
calls=2 0
1641 500
cfl=~
cfn=<built-in method sys.exc_info>
calls=1 0
1641 300

fl=C:\Users\Pedro\AppData\Local\Python\pythoncore-3.14-64\Lib\logging\__init__.py
fn=handle:1667
1667 8300
cfl=C:\Users\Pedro\AppData\Local\Python\pythoncore-3.14-64\Lib\logging\__init__.py
cfn=filter
calls=8 840
1667 2000
cfl=C:\Users\Pedro\AppData\Local\Python\pythoncore-3.14-64\Lib\logging\__init__.py
cfn=callHandlers
calls=7 1721
1667 0
cfl=~
cfn=<built-in method builtins.isinstance>
calls=8 0
1667 900

fl=C:\Users\Pedro\AppData\Local\Python\pythoncore-3.14-64\Lib\logging\__init__.py
fn=addHandler
1683 700
cfl=~
cfn=<method '__enter__' of '_thread.RLock' objects>
calls=1 0
1683 200
cfl=~
cfn=<method '__exit__' of '_thread.RLock' objects>
calls=1 0
1683 100
cfl=~
cfn=<method 'append' of 'list' objects>
calls=1 0
1683 200

fl=C:\Users\Pedro\AppData\Local\Python\pythoncore-3.14-64\Lib\logging\__init__.py
fn=callHandlers
1721 15300
cfl=C:\Users\Pedro\AppData\Local\Python\pythoncore-3.14-64\Lib\logging\__init__.py
cfn=handle:1011
calls=7 1011
1721 0

fl=C:\Users\Pedro\AppData\Local\Python\pythoncore-3.14-64\Lib\logging\__init__.py
fn=getEffectiveLevel
1751 400

fl=C:\Users\Pedro\AppData\Local\Python\pythoncore-3.14-64\Lib\logging\__init__.py
fn=isEnabledFor
1765 9500
cfl=C:\Users\Pedro\AppData\Local\Python\pythoncore-3.14-64\Lib\logging\__init__.py
cfn=disable
calls=2 1354
1765 300
cfl=C:\Users\Pedro\AppData\Local\Python\pythoncore-3.14-64\Lib\logging\__init__.py
cfn=getEffectiveLevel
calls=2 1751
1765 400
cfl=~
cfn=<method '__enter__' of '_thread.RLock' objects>
calls=2 0
1765 500
cfl=~
cfn=<method '__exit__' of '_thread.RLock' objects>
calls=2 0
1765 400

fl=C:\Users\Pedro\AppData\Local\Python\pythoncore-3.14-64\Lib\logging\__init__.py
fn=getLogger:2130
2130 3300
cfl=C:\Users\Pedro\AppData\Local\Python\pythoncore-3.14-64\Lib\logging\__init__.py
cfn=getLogger:1362
calls=1 1362
2130 14700
cfl=~
cfn=<built-in method builtins.isinstance>
calls=1 0
2130 100

fl=C:\Users\Pedro\AppData\Local\Python\pythoncore-3.14-64\Lib\multiprocessing\process.py
fn=current_process
37 2200

fl=C:\Users\Pedro\AppData\Local\Python\pythoncore-3.14-64\Lib\multiprocessing\process.py
fn=name
196 800

fl=C:\Users\Pedro\AppData\Local\Python\pythoncore-3.14-64\Lib\pathlib\__init__.py
fn=__init__
135 4300
cfl=~
cfn=<built-in method builtins.isinstance>
calls=8 0
135 800
cfl=~
cfn=<built-in method nt.fspath>
calls=4 0
135 400
cfl=~
cfn=<method 'append' of 'list' objects>
calls=4 0
135 800

fl=C:\Users\Pedro\AppData\Local\Python\pythoncore-3.14-64\Lib\pathlib\__init__.py
fn=with_segments
157 2200
cfl=C:\Users\Pedro\AppData\Local\Python\pythoncore-3.14-64\Lib\pathlib\__init__.py
cfn=__init__
calls=2 135
157 2400
cfl=C:\Users\Pedro\AppData\Local\Python\pythoncore-3.14-64\Lib\pathlib\__init__.py
cfn=__new__
calls=2 632
157 900

fl=C:\Users\Pedro\AppData\Local\Python\pythoncore-3.14-64\Lib\pathlib\__init__.py
fn=__fspath__
190 1500
cfl=C:\Users\Pedro\AppData\Local\Python\pythoncore-3.14-64\Lib\pathlib\__init__.py
cfn=__str__
calls=2 251
190 200

fl=C:\Users\Pedro\AppData\Local\Python\pythoncore-3.14-64\Lib\pathlib\__init__.py
fn=__str__
251 200

fl=C:\Users\Pedro\AppData\Local\Python\pythoncore-3.14-64\Lib\pathlib\__init__.py
fn=_format_parsed_parts
261 2800
cfl=<frozen ntpath>
cfn=splitdrive
calls=2 146
261 1500
cfl=~
cfn=<method 'join' of 'str' objects>
calls=2 0
261 900

fl=C:\Users\Pedro\AppData\Local\Python\pythoncore-3.14-64\Lib\pathlib\__init__.py
fn=_from_parsed_parts
269 2900
cfl=C:\Users\Pedro\AppData\Local\Python\pythoncore-3.14-64\Lib\pathlib\__init__.py
cfn=_format_parsed_parts
calls=2 261
269 5200
cfl=C:\Users\Pedro\AppData\Local\Python\pythoncore-3.14-64\Lib\pathlib\__init__.py
cfn=_from_parsed_string
calls=2 276
269 6700

fl=C:\Users\Pedro\AppData\Local\Python\pythoncore-3.14-64\Lib\pathlib\__init__.py
fn=_from_parsed_string
276 1200
cfl=C:\Users\Pedro\AppData\Local\Python\pythoncore-3.14-64\Lib\pathlib\__init__.py
cfn=with_segments
calls=2 157
276 5500

fl=C:\Users\Pedro\AppData\Local\Python\pythoncore-3.14-64\Lib\pathlib\__init__.py
fn=_parse_path
281 3900
cfl=~
cfn=<built-in method nt._path_splitroot_ex>
calls=2 0
281 800
cfl=~
cfn=<method 'replace' of 'str' objects>
calls=2 0
281 800
cfl=~
cfn=<method 'split' of 'str' objects>
calls=2 0
281 700
cfl=~
cfn=<method 'startswith' of 'str' objects>
calls=2 0
281 400

fl=C:\Users\Pedro\AppData\Local\Python\pythoncore-3.14-64\Lib\pathlib\__init__.py
fn=_raw_path
330 1300
cfl=~
cfn=<built-in method builtins.len>
calls=2 0
330 0

fl=C:\Users\Pedro\AppData\Local\Python\pythoncore-3.14-64\Lib\pathlib\__init__.py
fn=drive
341 8800
cfl=C:\Users\Pedro\AppData\Local\Python\pythoncore-3.14-64\Lib\pathlib\__init__.py
cfn=_parse_path
calls=2 281
341 6600
cfl=C:\Users\Pedro\AppData\Local\Python\pythoncore-3.14-64\Lib\pathlib\__init__.py
cfn=_raw_path
calls=2 330
341 1300

fl=C:\Users\Pedro\AppData\Local\Python\pythoncore-3.14-64\Lib\pathlib\__init__.py
fn=root
350 400

fl=C:\Users\Pedro\AppData\Local\Python\pythoncore-3.14-64\Lib\pathlib\__init__.py
fn=_tail
359 200

fl=C:\Users\Pedro\AppData\Local\Python\pythoncore-3.14-64\Lib\pathlib\__init__.py
fn=parent
381 3400
cfl=C:\Users\Pedro\AppData\Local\Python\pythoncore-3.14-64\Lib\pathlib\__init__.py
cfn=_from_parsed_parts
calls=2 269
381 14800
cfl=C:\Users\Pedro\AppData\Local\Python\pythoncore-3.14-64\Lib\pathlib\__init__.py
cfn=drive
calls=2 341
381 16700
cfl=C:\Users\Pedro\AppData\Local\Python\pythoncore-3.14-64\Lib\pathlib\__init__.py
cfn=root
calls=2 350
381 400
cfl=C:\Users\Pedro\AppData\Local\Python\pythoncore-3.14-64\Lib\pathlib\__init__.py
cfn=_tail
calls=2 359
381 200

fl=C:\Users\Pedro\AppData\Local\Python\pythoncore-3.14-64\Lib\pathlib\__init__.py
fn=__new__
632 3000
cfl=~
cfn=<built-in method __new__ of type object at 0x00007FFF34404D90>
calls=4 0
632 1300

fl=C:\Users\Pedro\AppData\Local\Python\pythoncore-3.14-64\Lib\pathlib\__init__.py
fn=is_dir
674 2200
cfl=~
cfn=<built-in method nt._path_isdir>
calls=2 0
674 142300

fl=C:\Users\Pedro\AppData\Local\Python\pythoncore-3.14-64\Lib\queue.py
fn=empty
112 4200
cfl=C:\Users\Pedro\AppData\Local\Python\pythoncore-3.14-64\Lib\queue.py
cfn=_qsize
calls=2 266
112 900
cfl=~
cfn=<method '__enter__' of '_thread.lock' objects>
calls=2 0
112 700
cfl=~
cfn=<method '__exit__' of '_thread.lock' objects>
calls=2 0
112 800

fl=C:\Users\Pedro\AppData\Local\Python\pythoncore-3.14-64\Lib\queue.py
fn=_qsize
266 700
cfl=~
cfn=<built-in method builtins.len>
calls=2 0
266 200

fl=C:\Users\Pedro\AppData\Local\Python\pythoncore-3.14-64\Lib\random.py
fn=getrandbits
901 3700
cfl=~
cfn=<built-in method from_bytes>
calls=1 0
901 500
cfl=~
cfn=<built-in method nt.urandom>
calls=1 0
901 2500

fl=C:\Users\Pedro\AppData\Local\Python\pythoncore-3.14-64\Lib\selectors.py
fn=_select
304 2300
cfl=~
cfn=<built-in method select.select>
calls=0 0
304 0
cfl=~
cfn=<method '__exit__' of '_thread.RLock' objects>
calls=1 0
304 400

fl=C:\Users\Pedro\AppData\Local\Python\pythoncore-3.14-64\Lib\selectors.py
fn=select
310 5100
cfl=C:\Users\Pedro\AppData\Local\Python\pythoncore-3.14-64\Lib\selectors.py
cfn=_select
calls=0 304
310 0
cfl=~
cfn=<built-in method builtins.max>
calls=2 0
310 400

fl=C:\Users\Pedro\AppData\Local\Python\pythoncore-3.14-64\Lib\textwrap.py
fn=dedent
416 164300
cfl=~
cfn=<built-in method builtins.max>
calls=62 0
416 10300
cfl=~
cfn=<built-in method builtins.min>
calls=62 0
416 13900
cfl=~
cfn=<method 'isspace' of 'str' objects>
calls=340 0
416 37200
cfl=~
cfn=<method 'join' of 'str' objects>
calls=62 0
416 10600
cfl=~
cfn=<method 'split' of 'str' objects>
calls=62 0
416 15500

fl=C:\Users\Pedro\AppData\Local\Python\pythoncore-3.14-64\Lib\textwrap.py
fn=indent
447 140500
cfl=C:\Users\Pedro\AppData\Local\Python\pythoncore-3.14-64\Lib\traceback.py
cfn=<lambda>:704
calls=68 704
447 4900
cfl=C:\Users\Pedro\AppData\Local\Python\pythoncore-3.14-64\Lib\traceback.py
cfn=<lambda>:998
calls=14 998
447 700
cfl=C:\Users\Pedro\AppData\Local\Python\pythoncore-3.14-64\Lib\traceback.py
cfn=<lambda>:1001
calls=104 1001
447 5500
cfl=~
cfn=<method 'append' of 'list' objects>
calls=372 0
447 32000
cfl=~
cfn=<method 'join' of 'str' objects>
calls=75 0
447 13500
cfl=~
cfn=<method 'splitlines' of 'str' objects>
calls=75 0
447 18600

fl=C:\Users\Pedro\AppData\Local\Python\pythoncore-3.14-64\Lib\threading.py
fn=RLock
126 1700

fl=C:\Users\Pedro\AppData\Local\Python\pythoncore-3.14-64\Lib\threading.py
fn=__enter__
313 300
cfl=~
cfn=<method '__enter__' of '_thread.lock' objects>
calls=1 0
313 200

fl=C:\Users\Pedro\AppData\Local\Python\pythoncore-3.14-64\Lib\threading.py
fn=_release_save
322 600
cfl=~
cfn=<method 'release' of '_thread.lock' objects>
calls=1 0
322 200

fl=C:\Users\Pedro\AppData\Local\Python\pythoncore-3.14-64\Lib\threading.py
fn=_is_owned
328 1500
cfl=~
cfn=<method 'acquire' of '_thread.lock' objects>
calls=1 0
328 300

fl=C:\Users\Pedro\AppData\Local\Python\pythoncore-3.14-64\Lib\threading.py
fn=is_set
615 200

fl=C:\Users\Pedro\AppData\Local\Python\pythoncore-3.14-64\Lib\threading.py
fn=name
1135 1500

fl=C:\Users\Pedro\AppData\Local\Python\pythoncore-3.14-64\Lib\threading.py
fn=is_alive
1177 3200
cfl=C:\Users\Pedro\AppData\Local\Python\pythoncore-3.14-64\Lib\threading.py
cfn=is_set
calls=2 615
1177 200
cfl=~
cfn=<method 'is_done' of '_thread._ThreadHandle' objects>
calls=2 0
1177 500

fl=C:\Users\Pedro\AppData\Local\Python\pythoncore-3.14-64\Lib\threading.py
fn=current_thread
1470 4600
cfl=~
cfn=<built-in method _thread.get_ident>
calls=8 0
1470 1100

fl=C:\Users\Pedro\AppData\Local\Python\pythoncore-3.14-64\Lib\traceback.py
fn=_parse_value_tb
104 2900
cfl=~
cfn=<built-in method builtins.isinstance>
calls=1 0
104 200

fl=C:\Users\Pedro\AppData\Local\Python\pythoncore-3.14-64\Lib\traceback.py
fn=print_exception
119 7300
cfl=C:\Users\Pedro\AppData\Local\Python\pythoncore-3.14-64\Lib\traceback.py
cfn=_parse_value_tb
calls=1 104
119 400
cfl=C:\Users\Pedro\AppData\Local\Python\pythoncore-3.14-64\Lib\traceback.py
cfn=__init__:1044
calls=1 1044
119 432600
cfl=C:\Users\Pedro\AppData\Local\Python\pythoncore-3.14-64\Lib\traceback.py
cfn=print
calls=1 1569
119 1312100
cfl=~
cfn=<method 'get' of 'dict' objects>
calls=1 0
119 200

fl=C:\Users\Pedro\AppData\Local\Python\pythoncore-3.14-64\Lib\traceback.py
fn=format_exception
146 10000
cfl=C:\Users\Pedro\AppData\Local\Python\pythoncore-3.14-64\Lib\traceback.py
cfn=_parse_value_tb
calls=1 104
146 2700
cfl=C:\Users\Pedro\AppData\Local\Python\pythoncore-3.14-64\Lib\traceback.py
cfn=__init__:1044
calls=1 1044
146 525100
cfl=C:\Users\Pedro\AppData\Local\Python\pythoncore-3.14-64\Lib\traceback.py
cfn=format:1468
calls=26 1468
146 1554700
cfl=~
cfn=<method 'get' of 'dict' objects>
calls=1 0
146 200

fl=C:\Users\Pedro\AppData\Local\Python\pythoncore-3.14-64\Lib\traceback.py
fn=_format_final_exc_line
186 5900
cfl=C:\Users\Pedro\AppData\Local\Python\pythoncore-3.14-64\Lib\_colorize.py
cfn=get_theme
calls=5 322
186 600
cfl=C:\Users\Pedro\AppData\Local\Python\pythoncore-3.14-64\Lib\traceback.py
cfn=_safe_string
calls=5 200
186 1400

fl=C:\Users\Pedro\AppData\Local\Python\pythoncore-3.14-64\Lib\traceback.py
fn=_safe_string
200 3300

fl=C:\Users\Pedro\AppData\Local\Python\pythoncore-3.14-64\Lib\traceback.py
fn=format_exc
212 7000
cfl=C:\Users\Pedro\AppData\Local\Python\pythoncore-3.14-64\Lib\traceback.py
cfn=format_exception
calls=1 146
212 2092700
cfl=~
cfn=<built-in method sys.exception>
calls=1 0
212 300
cfl=~
cfn=<method 'join' of 'str' objects>
calls=1 0
212 1100

fl=C:\Users\Pedro\AppData\Local\Python\pythoncore-3.14-64\Lib\traceback.py
fn=__init__:295
295 9800
cfl=~
cfn=<method 'get' of 'dict' objects>
calls=31 0
295 3000

fl=C:\Users\Pedro\AppData\Local\Python\pythoncore-3.14-64\Lib\traceback.py
fn=_set_lines
344 62500
cfl=C:\Users\Pedro\AppData\Local\Python\pythoncore-3.14-64\Lib\linecache.py
cfn=getline
calls=73 22
344 68800
cfl=~
cfn=<method 'append' of 'list' objects>
calls=73 0
344 7100
cfl=~
cfn=<method 'join' of 'str' objects>
calls=31 0
344 4700
cfl=~
cfn=<method 'rstrip' of 'str' objects>
calls=73 0
344 9000
cfl=~
cfn=<method 'startswith' of 'str' objects>
calls=2 0
344 200

fl=C:\Users\Pedro\AppData\Local\Python\pythoncore-3.14-64\Lib\traceback.py
fn=_original_lines
359 7400
cfl=C:\Users\Pedro\AppData\Local\Python\pythoncore-3.14-64\Lib\traceback.py
cfn=_set_lines
calls=31 344
359 1600

fl=C:\Users\Pedro\AppData\Local\Python\pythoncore-3.14-64\Lib\traceback.py
fn=_dedented_lines
365 36100
cfl=C:\Users\Pedro\AppData\Local\Python\pythoncore-3.14-64\Lib\textwrap.py
cfn=dedent
calls=31 416
365 140000
cfl=C:\Users\Pedro\AppData\Local\Python\pythoncore-3.14-64\Lib\traceback.py
cfn=_set_lines
calls=93 344
365 7300

fl=C:\Users\Pedro\AppData\Local\Python\pythoncore-3.14-64\Lib\traceback.py
fn=line
373 34800
cfl=C:\Users\Pedro\AppData\Local\Python\pythoncore-3.14-64\Lib\traceback.py
cfn=_set_lines
calls=62 344
373 143400
cfl=~
cfn=<method 'partition' of 'str' objects>
calls=62 0
373 10300
cfl=~
cfn=<method 'strip' of 'str' objects>
calls=62 0
373 7700

fl=C:\Users\Pedro\AppData\Local\Python\pythoncore-3.14-64\Lib\traceback.py
fn=_walk_tb_with_full_positions
410 19200
cfl=C:\Users\Pedro\AppData\Local\Python\pythoncore-3.14-64\Lib\traceback.py
cfn=_get_code_position
calls=31 424
410 241300

fl=C:\Users\Pedro\AppData\Local\Python\pythoncore-3.14-64\Lib\traceback.py
fn=_get_code_position
424 19900
cfl=~
cfn=<built-in method builtins.next>
calls=31 0
424 215800
cfl=~
cfn=<method 'co_positions' of 'code' objects>
calls=31 0
424 5600

fl=C:\Users\Pedro\AppData\Local\Python\pythoncore-3.14-64\Lib\traceback.py
fn=_extract_from_extended_frame_gen
459 78600
cfl=C:\Users\Pedro\AppData\Local\Python\pythoncore-3.14-64\Lib\linecache.py
cfn=checkcache
calls=16 74
459 322900
cfl=C:\Users\Pedro\AppData\Local\Python\pythoncore-3.14-64\Lib\linecache.py
cfn=lazycache
calls=31 200
459 17700
cfl=C:\Users\Pedro\AppData\Local\Python\pythoncore-3.14-64\Lib\traceback.py
cfn=__init__:295
calls=31 295
459 12800
cfl=C:\Users\Pedro\AppData\Local\Python\pythoncore-3.14-64\Lib\traceback.py
cfn=line
calls=31 373
459 171700
cfl=C:\Users\Pedro\AppData\Local\Python\pythoncore-3.14-64\Lib\traceback.py
cfn=_walk_tb_with_full_positions
calls=36 410
459 260500
cfl=~
cfn=<built-in method builtins.getattr>
calls=5 0
459 1400
cfl=~
cfn=<method 'add' of 'set' objects>
calls=31 0
459 4800
cfl=~
cfn=<method 'append' of 'list' objects>
calls=31 0
459 3400

fl=C:\Users\Pedro\AppData\Local\Python\pythoncore-3.14-64\Lib\traceback.py
fn=format_frame_summary
528 435800
cfl=C:\Users\Pedro\AppData\Local\Python\pythoncore-3.14-64\Lib\_colorize.py
cfn=get_theme
calls=31 322
528 4200
cfl=C:\Users\Pedro\AppData\Local\Python\pythoncore-3.14-64\Lib\contextlib.py
cfn=__init__
calls=31 444
528 4200
cfl=C:\Users\Pedro\AppData\Local\Python\pythoncore-3.14-64\Lib\contextlib.py
cfn=__enter__
calls=31 447
528 3000
cfl=C:\Users\Pedro\AppData\Local\Python\pythoncore-3.14-64\Lib\contextlib.py
cfn=__exit__:450
calls=31 450
528 3400
cfl=C:\Users\Pedro\AppData\Local\Python\pythoncore-3.14-64\Lib\textwrap.py
cfn=dedent
calls=31 416
528 111800
cfl=C:\Users\Pedro\AppData\Local\Python\pythoncore-3.14-64\Lib\textwrap.py
cfn=indent
calls=31 447
528 74100
cfl=C:\Users\Pedro\AppData\Local\Python\pythoncore-3.14-64\Lib\traceback.py
cfn=_original_lines
calls=31 359
528 9000
cfl=C:\Users\Pedro\AppData\Local\Python\pythoncore-3.14-64\Lib\traceback.py
cfn=_dedented_lines
calls=93 365
528 183400
cfl=C:\Users\Pedro\AppData\Local\Python\pythoncore-3.14-64\Lib\traceback.py
cfn=output_line
calls=44 640
528 252900
cfl=C:\Users\Pedro\AppData\Local\Python\pythoncore-3.14-64\Lib\traceback.py
cfn=_should_show_carets
calls=31 712
528 465700
cfl=C:\Users\Pedro\AppData\Local\Python\pythoncore-3.14-64\Lib\traceback.py
cfn=_byte_offset_to_character_offset
calls=62 794
528 59700
cfl=C:\Users\Pedro\AppData\Local\Python\pythoncore-3.14-64\Lib\traceback.py
cfn=_extract_caret_anchors_from_line_segment
calls=31 812
528 776100
cfl=C:\Users\Pedro\AppData\Local\Python\pythoncore-3.14-64\Lib\traceback.py
cfn=_display_width
calls=116 960
528 37100
cfl=~
cfn=<built-in method builtins.len>
calls=186 0
528 15000
cfl=~
cfn=<built-in method builtins.max>
calls=62 0
528 7400
cfl=~
cfn=<built-in method builtins.sorted>
calls=31 0
528 9300
cfl=~
cfn=<method 'append' of 'list' objects>
calls=67 0
528 13200
cfl=~
cfn=<method 'discard' of 'set' objects>
calls=62 0
528 8900
cfl=~
cfn=<method 'format' of 'str' objects>
calls=31 0
528 22400
cfl=~
cfn=<method 'get' of 'dict' objects>
calls=31 0
528 4200
cfl=~
cfn=<method 'join' of 'str' objects>
calls=93 0
528 16900
cfl=~
cfn=<method 'splitlines' of 'str' objects>
calls=62 0
528 14700
cfl=~
cfn=<method 'startswith' of 'str' objects>
calls=31 0
528 3900
cfl=~
cfn=<method 'strip' of 'str' objects>
calls=31 0
528 5300
cfl=~
cfn=<method 'update' of 'set' objects>
calls=54 0
528 11800

fl=C:\Users\Pedro\AppData\Local\Python\pythoncore-3.14-64\Lib\traceback.py
fn=output_line
640 175900
cfl=C:\Users\Pedro\AppData\Local\Python\pythoncore-3.14-64\Lib\traceback.py
cfn=_display_width
calls=2 960
640 1200
cfl=~
cfn=<built-in method builtins.len>
calls=57 0
640 3900
cfl=~
cfn=<method 'append' of 'list' objects>
calls=798 0
640 63100
cfl=~
cfn=<method 'join' of 'str' objects>
calls=19 0
640 5300
cfl=~
cfn=<method 'lstrip' of 'str' objects>
calls=19 0
640 3500

fl=C:\Users\Pedro\AppData\Local\Python\pythoncore-3.14-64\Lib\traceback.py
fn=<lambda>:704
704 4900

fl=C:\Users\Pedro\AppData\Local\Python\pythoncore-3.14-64\Lib\traceback.py
fn=_should_show_carets
712 92000
cfl=C:\Users\Pedro\AppData\Local\Python\pythoncore-3.14-64\Lib\ast.py
cfn=parse
calls=31 26
712 343000
cfl=C:\Users\Pedro\AppData\Local\Python\pythoncore-3.14-64\Lib\contextlib.py
cfn=__init__
calls=31 444
712 3600
cfl=C:\Users\Pedro\AppData\Local\Python\pythoncore-3.14-64\Lib\contextlib.py
cfn=__enter__
calls=31 447
712 2700
cfl=C:\Users\Pedro\AppData\Local\Python\pythoncore-3.14-64\Lib\contextlib.py
cfn=__exit__:450
calls=31 450
712 4600
cfl=C:\Users\Pedro\AppData\Local\Python\pythoncore-3.14-64\Lib\traceback.py
cfn=_spawns_full_line
calls=13 720
712 7700
cfl=~
cfn=<built-in method builtins.isinstance>
calls=23 0
712 3700
cfl=~
cfn=<built-in method builtins.len>
calls=13 0
712 1300
cfl=~
cfn=<method 'join' of 'str' objects>
calls=31 0
712 5700
cfl=~
cfn=<method 'lstrip' of 'str' objects>
calls=4 0
712 800
cfl=~
cfn=<method 'rstrip' of 'str' objects>
calls=3 0
712 600

fl=C:\Users\Pedro\AppData\Local\Python\pythoncore-3.14-64\Lib\traceback.py
fn=_spawns_full_line
720 6900
cfl=~
cfn=<built-in method builtins.len>
calls=13 0
720 800

fl=C:\Users\Pedro\AppData\Local\Python\pythoncore-3.14-64\Lib\traceback.py
fn=format:745
745 44300
cfl=C:\Users\Pedro\AppData\Local\Python\pythoncore-3.14-64\Lib\traceback.py
cfn=format_frame_summary
calls=31 528
745 2553400
cfl=~
cfn=<method 'append' of 'list' objects>
calls=31 0
745 2600
cfl=~
cfn=<method 'get' of 'dict' objects>
calls=5 0
745 600

fl=C:\Users\Pedro\AppData\Local\Python\pythoncore-3.14-64\Lib\traceback.py
fn=_byte_offset_to_character_offset
794 62900
cfl=~
cfn=<built-in method builtins.len>
calls=116 0
794 9200
cfl=~
cfn=<method 'decode' of 'bytes' objects>
calls=116 0
794 20800
cfl=~
cfn=<method 'encode' of 'str' objects>
calls=116 0
794 16200

fl=C:\Users\Pedro\AppData\Local\Python\pythoncore-3.14-64\Lib\traceback.py
fn=_extract_caret_anchors_from_line_segment
812 110700
cfl=<string>
cfn=<lambda>:1
calls=27 1
812 18200
cfl=C:\Users\Pedro\AppData\Local\Python\pythoncore-3.14-64\Lib\ast.py
cfn=parse
calls=31 26
812 505600
cfl=C:\Users\Pedro\AppData\Local\Python\pythoncore-3.14-64\Lib\traceback.py
cfn=increment_until
calls=27 878
812 13700
cfl=C:\Users\Pedro\AppData\Local\Python\pythoncore-3.14-64\Lib\traceback.py
cfn=setup_positions
calls=54 890
812 118600
cfl=~
cfn=<built-in method builtins.len>
calls=28 0
812 2900
cfl=~
cfn=<method 'splitlines' of 'str' objects>
calls=28 0
812 6400

fl=C:\Users\Pedro\AppData\Local\Python\pythoncore-3.14-64\Lib\traceback.py
fn=normalize
851 15700
cfl=C:\Users\Pedro\AppData\Local\Python\pythoncore-3.14-64\Lib\traceback.py
cfn=_byte_offset_to_character_offset
calls=54 794
851 49400

fl=C:\Users\Pedro\AppData\Local\Python\pythoncore-3.14-64\Lib\traceback.py
fn=next_valid_char
855 16900
cfl=~
cfn=<built-in method builtins.len>
calls=108 0
855 8200

fl=C:\Users\Pedro\AppData\Local\Python\pythoncore-3.14-64\Lib\traceback.py
fn=increment_until
878 10500
cfl=C:\Users\Pedro\AppData\Local\Python\pythoncore-3.14-64\Lib\traceback.py
cfn=<lambda>:951
calls=27 951
878 3200

fl=C:\Users\Pedro\AppData\Local\Python\pythoncore-3.14-64\Lib\traceback.py
fn=setup_positions
890 28400
cfl=C:\Users\Pedro\AppData\Local\Python\pythoncore-3.14-64\Lib\traceback.py
cfn=normalize
calls=54 851
890 65100
cfl=C:\Users\Pedro\AppData\Local\Python\pythoncore-3.14-64\Lib\traceback.py
cfn=next_valid_char
calls=27 855
890 25100

fl=C:\Users\Pedro\AppData\Local\Python\pythoncore-3.14-64\Lib\traceback.py
fn=<lambda>:951
951 3200

fl=C:\Users\Pedro\AppData\Local\Python\pythoncore-3.14-64\Lib\traceback.py
fn=_display_width
960 26100
cfl=~
cfn=<built-in method builtins.len>
calls=2 0
960 100
cfl=~
cfn=<method 'isascii' of 'str' objects>
calls=118 0
960 12100

fl=C:\Users\Pedro\AppData\Local\Python\pythoncore-3.14-64\Lib\traceback.py
fn=__init__:982
982 1000

fl=C:\Users\Pedro\AppData\Local\Python\pythoncore-3.14-64\Lib\traceback.py
fn=indent
987 3800

fl=C:\Users\Pedro\AppData\Local\Python\pythoncore-3.14-64\Lib\traceback.py
fn=emit
990 33000
cfl=C:\Users\Pedro\AppData\Local\Python\pythoncore-3.14-64\Lib\textwrap.py
cfn=indent
calls=44 447
990 141600
cfl=C:\Users\Pedro\AppData\Local\Python\pythoncore-3.14-64\Lib\traceback.py
cfn=indent
calls=18 987
990 3800
cfl=C:\Users\Pedro\AppData\Local\Python\pythoncore-3.14-64\Lib\traceback.py
cfn=format_exception_only
calls=10 1226
990 32700
cfl=~
cfn=<built-in method builtins.isinstance>
calls=18 0
990 2800

fl=C:\Users\Pedro\AppData\Local\Python\pythoncore-3.14-64\Lib\traceback.py
fn=<lambda>:998
998 700

fl=C:\Users\Pedro\AppData\Local\Python\pythoncore-3.14-64\Lib\traceback.py
fn=<lambda>:1001
1001 5500

fl=C:\Users\Pedro\AppData\Local\Python\pythoncore-3.14-64\Lib\traceback.py
fn=__init__:1044
1044 43000
cfl=C:\Users\Pedro\AppData\Local\Python\pythoncore-3.14-64\Lib\traceback.py
cfn=_safe_string
calls=5 200
1044 1900
cfl=C:\Users\Pedro\AppData\Local\Python\pythoncore-3.14-64\Lib\traceback.py
cfn=_extract_from_extended_frame_gen
calls=5 459
1044 873800
cfl=C:\Users\Pedro\AppData\Local\Python\pythoncore-3.14-64\Lib\traceback.py
cfn=__init__:1044
calls=3 1044
1044 532200
cfl=C:\Users\Pedro\AppData\Local\Python\pythoncore-3.14-64\Lib\traceback.py
cfn=_load_lines
calls=5 1213
1044 29900
cfl=~
cfn=<built-in method builtins.getattr>
calls=6 0
1044 2300
cfl=~
cfn=<built-in method builtins.id>
calls=8 0
1044 1000
cfl=~
cfn=<built-in method builtins.isinstance>
calls=5 0
1044 1200
cfl=~
cfn=<built-in method builtins.issubclass>
calls=15 0
1044 2000
cfl=~
cfn=<method 'add' of 'set' objects>
calls=5 0
1044 1200
cfl=~
cfn=<method 'append' of 'list' objects>
calls=3 0
1044 300
cfl=~
cfn=<method 'pop' of 'list' objects>
calls=5 0
1044 1100

fl=C:\Users\Pedro\AppData\Local\Python\pythoncore-3.14-64\Lib\traceback.py
fn=exc_type_str
1201 1800

fl=C:\Users\Pedro\AppData\Local\Python\pythoncore-3.14-64\Lib\traceback.py
fn=_load_lines
1213 5400
cfl=C:\Users\Pedro\AppData\Local\Python\pythoncore-3.14-64\Lib\traceback.py
cfn=line
calls=31 373
1213 24500

fl=C:\Users\Pedro\AppData\Local\Python\pythoncore-3.14-64\Lib\traceback.py
fn=format_exception_only
1226 11700
cfl=C:\Users\Pedro\AppData\Local\Python\pythoncore-3.14-64\Lib\traceback.py
cfn=_format_final_exc_line
calls=5 186
1226 7900
cfl=C:\Users\Pedro\AppData\Local\Python\pythoncore-3.14-64\Lib\traceback.py
cfn=exc_type_str
calls=5 1201
1226 1800
cfl=~
cfn=<built-in method builtins.isinstance>
calls=5 0
1226 10600
cfl=~
cfn=<method 'get' of 'dict' objects>
calls=5 0
1226 700

fl=C:\Users\Pedro\AppData\Local\Python\pythoncore-3.14-64\Lib\traceback.py
fn=format:1468
1468 32300
cfl=C:\Users\Pedro\AppData\Local\Python\pythoncore-3.14-64\Lib\traceback.py
cfn=format:745
calls=5 745
1468 2600900
cfl=C:\Users\Pedro\AppData\Local\Python\pythoncore-3.14-64\Lib\traceback.py
cfn=__init__:982
calls=2 982
1468 1000
cfl=C:\Users\Pedro\AppData\Local\Python\pythoncore-3.14-64\Lib\traceback.py
cfn=emit
calls=62 990
1468 213900
cfl=~
cfn=<method 'append' of 'list' objects>
calls=5 0
1468 600
cfl=~
cfn=<method 'get' of 'dict' objects>
calls=2 0
1468 200

fl=C:\Users\Pedro\AppData\Local\Python\pythoncore-3.14-64\Lib\traceback.py
fn=print
1569 8800
cfl=C:\Users\Pedro\AppData\Local\Python\pythoncore-3.14-64\Lib\traceback.py
cfn=format:1468
calls=20 1468
1569 1294200
cfl=~
cfn=<built-in method builtins.print>
calls=19 0
1569 9000
cfl=~
cfn=<method 'get' of 'dict' objects>
calls=1 0
1569 100

fl=C:\Users\Pedro\AppData\Local\Python\pythoncore-3.14-64\Lib\typing.py
fn=_type_convert
175 1600
cfl=~
cfn=<built-in method builtins.isinstance>
calls=4 0
175 600

fl=C:\Users\Pedro\AppData\Local\Python\pythoncore-3.14-64\Lib\typing.py
fn=_type_check
184 13300
cfl=C:\Users\Pedro\AppData\Local\Python\pythoncore-3.14-64\Lib\typing.py
cfn=_type_convert
calls=4 175
184 2200
cfl=C:\Users\Pedro\AppData\Local\Python\pythoncore-3.14-64\Lib\typing.py
cfn=__eq__
calls=32 1355
184 8900
cfl=~
cfn=<built-in method builtins.isinstance>
calls=8 0
184 800

fl=C:\Users\Pedro\AppData\Local\Python\pythoncore-3.14-64\Lib\typing.py
fn=inner
396 6100

fl=C:\Users\Pedro\AppData\Local\Python\pythoncore-3.14-64\Lib\typing.py
fn=__instancecheck__
1292 1900
cfl=C:\Users\Pedro\AppData\Local\Python\pythoncore-3.14-64\Lib\typing.py
cfn=__subclasscheck__
calls=2 1583
1292 8100

fl=C:\Users\Pedro\AppData\Local\Python\pythoncore-3.14-64\Lib\typing.py
fn=__eq__
1355 5700
cfl=~
cfn=<built-in method builtins.isinstance>
calls=32 0
1355 3200

fl=C:\Users\Pedro\AppData\Local\Python\pythoncore-3.14-64\Lib\typing.py
fn=__hash__
1361 3700
cfl=~
cfn=<built-in method builtins.hash>
calls=12 0
1361 1400

fl=C:\Users\Pedro\AppData\Local\Python\pythoncore-3.14-64\Lib\typing.py
fn=__subclasscheck__
1583 3200
cfl=~
cfn=<built-in method builtins.isinstance>
calls=4 0
1583 500
cfl=~
cfn=<built-in method builtins.issubclass>
calls=2 0
1583 4400

fl=C:\Users\Pedro\AppData\Local\Python\pythoncore-3.14-64\Lib\typing.py
fn=cast
2300 3400

fl=C:\Users\Pedro\AppData\Local\Python\pythoncore-3.14-64\Lib\urllib\parse.py
fn=_noop
108 200

fl=C:\Users\Pedro\AppData\Local\Python\pythoncore-3.14-64\Lib\urllib\parse.py
fn=_coerce_args
119 3700
cfl=~
cfn=<built-in method builtins.isinstance>
calls=2 0
119 200

fl=C:\Users\Pedro\AppData\Local\Python\pythoncore-3.14-64\Lib\urllib\parse.py
fn=urlparse
374 9100
cfl=<string>
cfn=<lambda>:1
calls=2 1
374 1700
cfl=C:\Users\Pedro\AppData\Local\Python\pythoncore-3.14-64\Lib\urllib\parse.py
cfn=_noop
calls=2 108
374 200
cfl=C:\Users\Pedro\AppData\Local\Python\pythoncore-3.14-64\Lib\urllib\parse.py
cfn=_coerce_args
calls=2 119
374 3900
cfl=C:\Users\Pedro\AppData\Local\Python\pythoncore-3.14-64\Lib\urllib\parse.py
cfn=_urlparse
calls=2 399
374 18000

fl=C:\Users\Pedro\AppData\Local\Python\pythoncore-3.14-64\Lib\urllib\parse.py
fn=_urlparse
399 5500
cfl=C:\Users\Pedro\AppData\Local\Python\pythoncore-3.14-64\Lib\urllib\parse.py
cfn=_urlsplit
calls=2 499
399 12500

fl=C:\Users\Pedro\AppData\Local\Python\pythoncore-3.14-64\Lib\urllib\parse.py
fn=_checknetloc
424 400

fl=C:\Users\Pedro\AppData\Local\Python\pythoncore-3.14-64\Lib\urllib\parse.py
fn=_urlsplit
499 8500
cfl=C:\Users\Pedro\AppData\Local\Python\pythoncore-3.14-64\Lib\urllib\parse.py
cfn=_checknetloc
calls=2 424
499 400
cfl=~
cfn=<method 'find' of 'str' objects>
calls=2 0
499 800
cfl=~
cfn=<method 'lstrip' of 'str' objects>
calls=2 0
499 600
cfl=~
cfn=<method 'replace' of 'str' objects>
calls=12 0
499 1600
cfl=~
cfn=<method 'strip' of 'str' objects>
calls=2 0
499 600

fl=C:\Users\Pedro\AppData\Local\Python\pythoncore-3.14-64\Lib\warnings.py
fn=__enter__
80 8100
cfl=~
cfn=<built-in method _warnings._acquire_lock>
calls=36 0
80 4400

fl=C:\Users\Pedro\AppData\Local\Python\pythoncore-3.14-64\Lib\warnings.py
fn=__exit__
84 6900
cfl=~
cfn=<built-in method _warnings._release_lock>
calls=36 0
84 3700

fl=c:\Users\Pedro\faculdade\IniciacaoCientifica\grn\.env\Lib\site-packages\IPython\core\displayhook.py
fn=is_active
118 800

fl=c:\Users\Pedro\faculdade\IniciacaoCientifica\grn\.env\Lib\site-packages\IPython\core\displaypub.py
fn=is_publishing
172 600

fl=c:\Users\Pedro\faculdade\IniciacaoCientifica\grn\.env\Lib\site-packages\IPython\core\history.py
fn=_writeout_output_cache
1047 2600
cfl=c:\Users\Pedro\faculdade\IniciacaoCientifica\grn\.env\Lib\site-packages\traitlets\traitlets.py
cfn=__get__
calls=1 695
1047 1000
cfl=~
cfn=<method '__enter__' of 'sqlite3.Connection' objects>
calls=1 0
1047 200
cfl=~
cfn=<method '__exit__' of 'sqlite3.Connection' objects>
calls=1 0
1047 400

fl=c:\Users\Pedro\faculdade\IniciacaoCientifica\grn\.env\Lib\site-packages\IPython\core\history.py
fn=hold
1100 200

fl=c:\Users\Pedro\faculdade\IniciacaoCientifica\grn\.env\Lib\site-packages\IPython\core\interactiveshell.py
fn=write
3098 32500
cfl=<string>
cfn=__init__:2
calls=2 2
3098 300
cfl=C:\Users\Pedro\AppData\Local\Python\pythoncore-3.14-64\Lib\asyncio\base_events.py
cfn=_run_once
calls=0 1966
3098 0
cfl=c:\Users\Pedro\faculdade\IniciacaoCientifica\grn\.env\Lib\site-packages\IPython\core\displayhook.py
cfn=is_active
calls=7 118
3098 800
cfl=c:\Users\Pedro\faculdade\IniciacaoCientifica\grn\.env\Lib\site-packages\IPython\core\displaypub.py
cfn=is_publishing
calls=7 172
3098 600
cfl=c:\Users\Pedro\faculdade\IniciacaoCientifica\grn\.env\Lib\site-packages\ipykernel\iostream.py
cfn=write
calls=7 721
3098 102000
cfl=c:\Users\Pedro\faculdade\IniciacaoCientifica\grn\.env\Lib\site-packages\traitlets\traitlets.py
cfn=__get__
calls=7 695
3098 6800
cfl=~
cfn=<built-in method builtins.any>
calls=7 0
3098 1800
cfl=~
cfn=<method 'append' of 'list' objects>
calls=9 0
3098 1400

fl=c:\Users\Pedro\faculdade\IniciacaoCientifica\grn\.env\Lib\site-packages\dateutil\tz\tz.py
fn=utcoffset
74 200

fl=c:\Users\Pedro\faculdade\IniciacaoCientifica\grn\.env\Lib\site-packages\ipykernel\iostream.py
fn=_event_pipe
210 1200

fl=c:\Users\Pedro\faculdade\IniciacaoCientifica\grn\.env\Lib\site-packages\ipykernel\iostream.py
fn=_handle_event
229 2900
cfl=c:\Users\Pedro\faculdade\IniciacaoCientifica\grn\.env\Lib\site-packages\ipykernel\iostream.py
cfn=_schedule_in_thread
calls=2 653
229 41600
cfl=~
cfn=<built-in method builtins.len>
calls=2 0
229 300
cfl=~
cfn=<method 'popleft' of 'collections.deque' objects>
calls=2 0
229 400

fl=c:\Users\Pedro\faculdade\IniciacaoCientifica\grn\.env\Lib\site-packages\ipykernel\iostream.py
fn=schedule
331 7100
cfl=C:\Users\Pedro\AppData\Local\Python\pythoncore-3.14-64\Lib\threading.py
cfn=is_alive
calls=2 1177
331 3900
cfl=c:\Users\Pedro\faculdade\IniciacaoCientifica\grn\.env\Lib\site-packages\ipykernel\iostream.py
cfn=_event_pipe
calls=2 210
331 1200
cfl=c:\Users\Pedro\faculdade\IniciacaoCientifica\grn\.env\Lib\site-packages\zmq\sugar\socket.py
cfn=send
calls=1 623
331 28000
cfl=~
cfn=<method 'append' of 'collections.deque' objects>
calls=2 0
331 500

fl=c:\Users\Pedro\faculdade\IniciacaoCientifica\grn\.env\Lib\site-packages\ipykernel\iostream.py
fn=parent_header
581 3000
cfl=~
cfn=<method 'get' of '_contextvars.ContextVar' objects>
calls=7 0
581 1300

fl=c:\Users\Pedro\faculdade\IniciacaoCientifica\grn\.env\Lib\site-packages\ipykernel\iostream.py
fn=_is_master_process
616 3100
cfl=~
cfn=<built-in method nt.getpid>
calls=7 0
616 1200

fl=c:\Users\Pedro\faculdade\IniciacaoCientifica\grn\.env\Lib\site-packages\ipykernel\iostream.py
fn=_schedule_flush
643 3000
cfl=c:\Users\Pedro\faculdade\IniciacaoCientifica\grn\.env\Lib\site-packages\ipykernel\iostream.py
cfn=schedule
calls=1 331
643 38200
cfl=~
cfn=<method 'append' of 'list' objects>
calls=1 0
643 400
cfl=~
cfn=<method 'get' of 'dict' objects>
calls=1 0
643 400

fl=c:\Users\Pedro\faculdade\IniciacaoCientifica\grn\.env\Lib\site-packages\ipykernel\iostream.py
fn=_schedule_in_thread
653 3000
cfl=c:\Users\Pedro\faculdade\IniciacaoCientifica\grn\.env\Lib\site-packages\tornado\ioloop.py
cfn=call_later
calls=2 604
653 38600

fl=c:\Users\Pedro\faculdade\IniciacaoCientifica\grn\.env\Lib\site-packages\ipykernel\iostream.py
fn=write
721 35500
cfl=C:\Users\Pedro\AppData\Local\Python\pythoncore-3.14-64\Lib\asyncio\base_events.py
cfn=time
calls=1 766
721 800
cfl=C:\Users\Pedro\AppData\Local\Python\pythoncore-3.14-64\Lib\asyncio\events.py
cfn=_run
calls=1 92
721 93700
cfl=C:\Users\Pedro\AppData\Local\Python\pythoncore-3.14-64\Lib\asyncio\selector_events.py
cfn=_process_events
calls=1 744
721 2300
cfl=c:\Users\Pedro\faculdade\IniciacaoCientifica\grn\.env\Lib\site-packages\dateutil\tz\tz.py
cfn=utcoffset
calls=1 74
721 200
cfl=c:\Users\Pedro\faculdade\IniciacaoCientifica\grn\.env\Lib\site-packages\ipykernel\iostream.py
cfn=parent_header
calls=7 581
721 4300
cfl=c:\Users\Pedro\faculdade\IniciacaoCientifica\grn\.env\Lib\site-packages\ipykernel\iostream.py
cfn=_is_master_process
calls=7 616
721 4300
cfl=c:\Users\Pedro\faculdade\IniciacaoCientifica\grn\.env\Lib\site-packages\ipykernel\iostream.py
cfn=_schedule_flush
calls=6 643
721 40400
cfl=~
cfn=<built-in method builtins.isinstance>
calls=7 0
721 800
cfl=~
cfn=<built-in method builtins.len>
calls=7 0
721 1200
cfl=~
cfn=<method '__enter__' of '_thread.RLock' objects>
calls=7 0
721 1500
cfl=~
cfn=<method '__exit__' of '_thread.RLock' objects>
calls=7 0
721 1000
cfl=~
cfn=<method 'items' of 'dict' objects>
calls=7 0
721 1200
cfl=~
cfn=<method 'popleft' of 'collections.deque' objects>
calls=1 0
721 200
cfl=~
cfn=<method 'write' of '_io.StringIO' objects>
calls=7 0
721 1800

fl=c:\Users\Pedro\faculdade\IniciacaoCientifica\grn\.env\Lib\site-packages\numpy\_core\_asarray.py
fn=require
22 12500
cfl=~
cfn=<built-in method numpy.array>
calls=6 0
22 5700
cfl=~
cfn=<method 'upper' of 'str' objects>
calls=6 0
22 1300

fl=c:\Users\Pedro\faculdade\IniciacaoCientifica\grn\.env\Lib\site-packages\numpy\_core\_internal.py
fn=npy_ctypes_check
946 8900

fl=c:\Users\Pedro\faculdade\IniciacaoCientifica\grn\.env\Lib\site-packages\numpy\_core\_methods.py
fn=_any
55 600
cfl=~
cfn=<method 'reduce' of 'numpy.ufunc' objects>
calls=2 0
55 3800

fl=c:\Users\Pedro\faculdade\IniciacaoCientifica\grn\.env\Lib\site-packages\numpy\_core\_methods.py
fn=_all
64 1800
cfl=~
cfn=<method 'reduce' of 'numpy.ufunc' objects>
calls=1 0
64 10700

fl=c:\Users\Pedro\faculdade\IniciacaoCientifica\grn\.env\Lib\site-packages\numpy\_core\_ufunc_config.py
fn=__init__
462 500

fl=c:\Users\Pedro\faculdade\IniciacaoCientifica\grn\.env\Lib\site-packages\numpy\_core\_ufunc_config.py
fn=__enter__
472 3000
cfl=~
cfn=<built-in method numpy._core._multiarray_umath._make_extobj>
calls=1 0
472 700
cfl=~
cfn=<method 'set' of '_contextvars.ContextVar' objects>
calls=1 0
472 900

fl=c:\Users\Pedro\faculdade\IniciacaoCientifica\grn\.env\Lib\site-packages\numpy\_core\_ufunc_config.py
fn=__exit__
488 900
cfl=~
cfn=<method 'reset' of '_contextvars.ContextVar' objects>
calls=1 0
488 1200

fl=c:\Users\Pedro\faculdade\IniciacaoCientifica\grn\.env\Lib\site-packages\numpy\_core\_ufunc_config.py
fn=inner
496 43700
cfl=~
cfn=<built-in method numpy._core._multiarray_umath._make_extobj>
calls=1 0
496 400
cfl=~
cfn=<method 'reset' of '_contextvars.ContextVar' objects>
calls=1 0
496 400
cfl=~
cfn=<method 'set' of '_contextvars.ContextVar' objects>
calls=1 0
496 400

fl=c:\Users\Pedro\faculdade\IniciacaoCientifica\grn\.env\Lib\site-packages\numpy\_core\fromnumeric.py
fn=_wrapreduction
66 3200
cfl=~
cfn=<built-in method builtins.getattr>
calls=1 0
66 1200
cfl=~
cfn=<method 'items' of 'dict' objects>
calls=1 0
66 300
cfl=~
cfn=<method 'reduce' of 'numpy.ufunc' objects>
calls=1 0
66 5200

fl=c:\Users\Pedro\faculdade\IniciacaoCientifica\grn\.env\Lib\site-packages\numpy\_core\fromnumeric.py
fn=_wrapreduction_any_all
86 13100
cfl=~
cfn=<built-in method builtins.getattr>
calls=4 0
86 3000
cfl=~
cfn=<method 'all' of 'numpy.generic' objects>
calls=1 0
86 16600
cfl=~
cfn=<method 'any' of 'numpy.generic' objects>
calls=2 0
86 7200
cfl=~
cfn=<method 'items' of 'dict' objects>
calls=6 0
86 1000
cfl=~
cfn=<method 'reduce' of 'numpy.ufunc' objects>
calls=3 0
86 10700

fl=c:\Users\Pedro\faculdade\IniciacaoCientifica\grn\.env\Lib\site-packages\numpy\_core\fromnumeric.py
fn=_shape_dispatcher
2080 600

fl=c:\Users\Pedro\faculdade\IniciacaoCientifica\grn\.env\Lib\site-packages\numpy\_core\fromnumeric.py
fn=shape
2084 1500

fl=c:\Users\Pedro\faculdade\IniciacaoCientifica\grn\.env\Lib\site-packages\numpy\_core\fromnumeric.py
fn=_sum_dispatcher
2299 100

fl=c:\Users\Pedro\faculdade\IniciacaoCientifica\grn\.env\Lib\site-packages\numpy\_core\fromnumeric.py
fn=sum
2304 3600
cfl=c:\Users\Pedro\faculdade\IniciacaoCientifica\grn\.env\Lib\site-packages\numpy\_core\fromnumeric.py
cfn=_wrapreduction
calls=1 66
2304 9900
cfl=~
cfn=<built-in method builtins.isinstance>
calls=1 0
2304 100

fl=c:\Users\Pedro\faculdade\IniciacaoCientifica\grn\.env\Lib\site-packages\numpy\_core\fromnumeric.py
fn=_any_dispatcher
2431 400

fl=c:\Users\Pedro\faculdade\IniciacaoCientifica\grn\.env\Lib\site-packages\numpy\_core\fromnumeric.py
fn=any
2436 1900
cfl=c:\Users\Pedro\faculdade\IniciacaoCientifica\grn\.env\Lib\site-packages\numpy\_core\fromnumeric.py
cfn=_wrapreduction_any_all
calls=3 86
2436 19700

fl=c:\Users\Pedro\faculdade\IniciacaoCientifica\grn\.env\Lib\site-packages\numpy\_core\fromnumeric.py
fn=_all_dispatcher
2543 500

fl=c:\Users\Pedro\faculdade\IniciacaoCientifica\grn\.env\Lib\site-packages\numpy\_core\fromnumeric.py
fn=all
2548 3500
cfl=c:\Users\Pedro\faculdade\IniciacaoCientifica\grn\.env\Lib\site-packages\numpy\_core\fromnumeric.py
cfn=_wrapreduction_any_all
calls=3 86
2548 31900

fl=c:\Users\Pedro\faculdade\IniciacaoCientifica\grn\.env\Lib\site-packages\numpy\_core\fromnumeric.py
fn=_ndim_dispatcher
3478 100

fl=c:\Users\Pedro\faculdade\IniciacaoCientifica\grn\.env\Lib\site-packages\numpy\_core\fromnumeric.py
fn=ndim
3482 500

fl=c:\Users\Pedro\faculdade\IniciacaoCientifica\grn\.env\Lib\site-packages\numpy\_core\fromnumeric.py
fn=_size_dispatcher
3521 600

fl=c:\Users\Pedro\faculdade\IniciacaoCientifica\grn\.env\Lib\site-packages\numpy\_core\fromnumeric.py
fn=size
3525 18200
cfl=<frozen importlib._bootstrap>
cfn=parent
calls=4 648
3525 4500
cfl=c:\Users\Pedro\faculdade\IniciacaoCientifica\grn\.env\Lib\site-packages\numpy\_core\fromnumeric.py
cfn=_shape_dispatcher
calls=4 2080
3525 600
cfl=c:\Users\Pedro\faculdade\IniciacaoCientifica\grn\.env\Lib\site-packages\numpy\_core\fromnumeric.py
cfn=shape
calls=4 2084
3525 1500
cfl=c:\Users\Pedro\faculdade\IniciacaoCientifica\grn\.env\Lib\site-packages\numpy\_core\numeric.py
cfn=normalize_axis_tuple
calls=4 1431
3525 20700
cfl=~
cfn=<built-in method builtins.len>
calls=4 0
3525 900
cfl=~
cfn=<built-in method math.prod>
calls=4 0
3525 4500

fl=c:\Users\Pedro\faculdade\IniciacaoCientifica\grn\.env\Lib\site-packages\numpy\_core\fromnumeric.py
fn=<genexpr>
3575 1200

fl=c:\Users\Pedro\faculdade\IniciacaoCientifica\grn\.env\Lib\site-packages\numpy\_core\function_base.py
fn=_linspace_dispatcher
22 100

fl=c:\Users\Pedro\faculdade\IniciacaoCientifica\grn\.env\Lib\site-packages\numpy\_core\function_base.py
fn=linspace
27 14000
cfl=c:\Users\Pedro\faculdade\IniciacaoCientifica\grn\.env\Lib\site-packages\numpy\_core\fromnumeric.py
cfn=_ndim_dispatcher
calls=1 3478
27 100
cfl=c:\Users\Pedro\faculdade\IniciacaoCientifica\grn\.env\Lib\site-packages\numpy\_core\fromnumeric.py
cfn=ndim
calls=1 3482
27 500
cfl=c:\Users\Pedro\faculdade\IniciacaoCientifica\grn\.env\Lib\site-packages\numpy\_core\numeric.py
cfn=isscalar
calls=1 1975
27 700
cfl=~
cfn=<built-in method _operator.index>
calls=1 0
27 200
cfl=~
cfn=<built-in method numpy.arange>
calls=1 0
27 2200
cfl=~
cfn=<method 'as_arrays' of 'numpy._core._multiarray_umath._array_converter' objects>
calls=1 0
27 400
cfl=~
cfn=<method 'astype' of 'numpy.ndarray' objects>
calls=1 0
27 600
cfl=~
cfn=<method 'reshape' of 'numpy.ndarray' objects>
calls=1 0
27 1200
cfl=~
cfn=<method 'result_type' of 'numpy._core._multiarray_umath._array_converter' objects>
calls=1 0
27 600
cfl=~
cfn=<method 'wrap' of 'numpy._core._multiarray_umath._array_converter' objects>
calls=1 0
27 400

fl=c:\Users\Pedro\faculdade\IniciacaoCientifica\grn\.env\Lib\site-packages\numpy\_core\multiarray.py
fn=empty_like
115 100

fl=c:\Users\Pedro\faculdade\IniciacaoCientifica\grn\.env\Lib\site-packages\numpy\_core\multiarray.py
fn=concatenate
197 200

fl=c:\Users\Pedro\faculdade\IniciacaoCientifica\grn\.env\Lib\site-packages\numpy\_core\multiarray.py
fn=copyto
1085 6600

fl=c:\Users\Pedro\faculdade\IniciacaoCientifica\grn\.env\Lib\site-packages\numpy\_core\multiarray.py
fn=may_share_memory
1397 2600

fl=c:\Users\Pedro\faculdade\IniciacaoCientifica\grn\.env\Lib\site-packages\numpy\_core\numeric.py
fn=_zeros_like_dispatcher
91 100

fl=c:\Users\Pedro\faculdade\IniciacaoCientifica\grn\.env\Lib\site-packages\numpy\_core\numeric.py
fn=zeros_like
97 5800
cfl=c:\Users\Pedro\faculdade\IniciacaoCientifica\grn\.env\Lib\site-packages\numpy\_core\multiarray.py
cfn=empty_like
calls=1 115
97 100
cfl=c:\Users\Pedro\faculdade\IniciacaoCientifica\grn\.env\Lib\site-packages\numpy\_core\multiarray.py
cfn=copyto
calls=1 1085
97 200
cfl=~
cfn=<built-in method numpy.zeros>
calls=1 0
97 500

fl=c:\Users\Pedro\faculdade\IniciacaoCientifica\grn\.env\Lib\site-packages\numpy\_core\numeric.py
fn=ones
170 4600
cfl=c:\Users\Pedro\faculdade\IniciacaoCientifica\grn\.env\Lib\site-packages\numpy\_core\multiarray.py
cfn=copyto
calls=2 1085
170 200
cfl=~
cfn=<built-in method numpy.empty>
calls=2 0
170 700

fl=c:\Users\Pedro\faculdade\IniciacaoCientifica\grn\.env\Lib\site-packages\numpy\_core\numeric.py
fn=full
323 62400
cfl=c:\Users\Pedro\faculdade\IniciacaoCientifica\grn\.env\Lib\site-packages\numpy\_core\multiarray.py
cfn=copyto
calls=60 1085
323 6200
cfl=~
cfn=<built-in method numpy.asarray>
calls=60 0
323 16800
cfl=~
cfn=<built-in method numpy.empty>
calls=60 0
323 16000

fl=c:\Users\Pedro\faculdade\IniciacaoCientifica\grn\.env\Lib\site-packages\numpy\_core\numeric.py
fn=_count_nonzero_dispatcher
479 400

fl=c:\Users\Pedro\faculdade\IniciacaoCientifica\grn\.env\Lib\site-packages\numpy\_core\numeric.py
fn=count_nonzero
483 1400
cfl=~
cfn=<built-in method numpy._core._multiarray_umath.count_nonzero>
calls=2 0
483 1700

fl=c:\Users\Pedro\faculdade\IniciacaoCientifica\grn\.env\Lib\site-packages\numpy\_core\numeric.py
fn=normalize_axis_tuple
1431 14400
cfl=c:\Users\Pedro\faculdade\IniciacaoCientifica\grn\.env\Lib\site-packages\numpy\_core\numeric.py
cfn=<genexpr>
calls=8 1480
1431 3700
cfl=~
cfn=<built-in method _operator.index>
calls=4 0
1431 600
cfl=~
cfn=<built-in method builtins.isinstance>
calls=4 0
1431 900
cfl=~
cfn=<built-in method builtins.len>
calls=8 0
1431 1100

fl=c:\Users\Pedro\faculdade\IniciacaoCientifica\grn\.env\Lib\site-packages\numpy\_core\numeric.py
fn=<genexpr>
1480 2500
cfl=~
cfn=<built-in method numpy.lib.array_utils.normalize_axis_index>
calls=4 0
1480 1200

fl=c:\Users\Pedro\faculdade\IniciacaoCientifica\grn\.env\Lib\site-packages\numpy\_core\numeric.py
fn=isscalar
1975 500
cfl=~
cfn=<built-in method builtins.isinstance>
calls=1 0
1975 200

fl=c:\Users\Pedro\faculdade\IniciacaoCientifica\grn\.env\Lib\site-packages\numpy\_core\numerictypes.py
fn=issubclass_
293 9100
cfl=~
cfn=<built-in method builtins.issubclass>
calls=24 0
293 5800

fl=c:\Users\Pedro\faculdade\IniciacaoCientifica\grn\.env\Lib\site-packages\numpy\_core\numerictypes.py
fn=issubdtype
475 12400
cfl=c:\Users\Pedro\faculdade\IniciacaoCientifica\grn\.env\Lib\site-packages\numpy\_core\numerictypes.py
cfn=issubclass_
calls=24 293
475 14900
cfl=~
cfn=<built-in method builtins.issubclass>
calls=12 0
475 1200

fl=c:\Users\Pedro\faculdade\IniciacaoCientifica\grn\.env\Lib\site-packages\pandas\_config\__init__.py
fn=using_string_dtype
33 3700

fl=c:\Users\Pedro\faculdade\IniciacaoCientifica\grn\.env\Lib\site-packages\pandas\_config\config.py
fn=_get_single_key
127 24500
cfl=c:\Users\Pedro\faculdade\IniciacaoCientifica\grn\.env\Lib\site-packages\pandas\_config\config.py
cfn=_select_options
calls=20 650
127 5400
cfl=c:\Users\Pedro\faculdade\IniciacaoCientifica\grn\.env\Lib\site-packages\pandas\_config\config.py
cfn=_translate_key
calls=20 703
127 9000
cfl=c:\Users\Pedro\faculdade\IniciacaoCientifica\grn\.env\Lib\site-packages\pandas\_config\config.py
cfn=_warn_if_deprecated
calls=20 715
127 16900
cfl=~
cfn=<built-in method builtins.len>
calls=40 0
127 2700

fl=c:\Users\Pedro\faculdade\IniciacaoCientifica\grn\.env\Lib\site-packages\pandas\_config\config.py
fn=get_option
143 15500
cfl=c:\Users\Pedro\faculdade\IniciacaoCientifica\grn\.env\Lib\site-packages\pandas\_config\config.py
cfn=_get_single_key
calls=20 127
143 58500
cfl=c:\Users\Pedro\faculdade\IniciacaoCientifica\grn\.env\Lib\site-packages\pandas\_config\config.py
cfn=_get_root
calls=20 668
143 17900

fl=c:\Users\Pedro\faculdade\IniciacaoCientifica\grn\.env\Lib\site-packages\pandas\_config\config.py
fn=_select_options
650 5400

fl=c:\Users\Pedro\faculdade\IniciacaoCientifica\grn\.env\Lib\site-packages\pandas\_config\config.py
fn=_get_root
668 12700
cfl=~
cfn=<method 'split' of 'str' objects>
calls=20 0
668 5200

fl=c:\Users\Pedro\faculdade\IniciacaoCientifica\grn\.env\Lib\site-packages\pandas\_config\config.py
fn=_get_deprecated_option
676 13100

fl=c:\Users\Pedro\faculdade\IniciacaoCientifica\grn\.env\Lib\site-packages\pandas\_config\config.py
fn=_translate_key
703 4700
cfl=c:\Users\Pedro\faculdade\IniciacaoCientifica\grn\.env\Lib\site-packages\pandas\_config\config.py
cfn=_get_deprecated_option
calls=20 676
703 4300

fl=c:\Users\Pedro\faculdade\IniciacaoCientifica\grn\.env\Lib\site-packages\pandas\_config\config.py
fn=_warn_if_deprecated
715 8100
cfl=c:\Users\Pedro\faculdade\IniciacaoCientifica\grn\.env\Lib\site-packages\pandas\_config\config.py
cfn=_get_deprecated_option
calls=20 676
715 8800

fl=c:\Users\Pedro\faculdade\IniciacaoCientifica\grn\.env\Lib\site-packages\pandas\core\arrays\_mixins.py
fn=__getitem__
287 23800
cfl=c:\Users\Pedro\faculdade\IniciacaoCientifica\grn\.env\Lib\site-packages\pandas\core\construction.py
cfn=extract_array
calls=10 430
287 4000
cfl=c:\Users\Pedro\faculdade\IniciacaoCientifica\grn\.env\Lib\site-packages\pandas\core\indexers\utils.py
cfn=getitem_returns_view
calls=10 416
287 27700
cfl=c:\Users\Pedro\faculdade\IniciacaoCientifica\grn\.env\Lib\site-packages\pandas\core\indexers\utils.py
cfn=check_array_indexer
calls=10 441
287 6700

fl=c:\Users\Pedro\faculdade\IniciacaoCientifica\grn\.env\Lib\site-packages\pandas\core\arrays\numpy_.py
fn=dtype
179 10500

fl=c:\Users\Pedro\faculdade\IniciacaoCientifica\grn\.env\Lib\site-packages\pandas\core\arrays\numpy_.py
fn=astype
272 22400
cfl=c:\Users\Pedro\faculdade\IniciacaoCientifica\grn\.env\Lib\site-packages\numpy\_core\_internal.py
cfn=npy_ctypes_check
calls=12 946
272 2300
cfl=c:\Users\Pedro\faculdade\IniciacaoCientifica\grn\.env\Lib\site-packages\pandas\core\arrays\numpy_.py
cfn=dtype
calls=12 179
272 1200
cfl=c:\Users\Pedro\faculdade\IniciacaoCientifica\grn\.env\Lib\site-packages\pandas\core\arrays\string_.py
cfn=__repr__
calls=12 232
272 6300
cfl=c:\Users\Pedro\faculdade\IniciacaoCientifica\grn\.env\Lib\site-packages\pandas\core\arrays\string_.py
cfn=__eq__
calls=12 236
272 6500
cfl=c:\Users\Pedro\faculdade\IniciacaoCientifica\grn\.env\Lib\site-packages\pandas\core\dtypes\astype.py
cfn=astype_array
calls=12 160
272 14500
cfl=c:\Users\Pedro\faculdade\IniciacaoCientifica\grn\.env\Lib\site-packages\pandas\core\dtypes\common.py
cfn=pandas_dtype
calls=12 1821
272 8400

fl=c:\Users\Pedro\faculdade\IniciacaoCientifica\grn\.env\Lib\site-packages\pandas\core\arrays\numpy_.py
fn=isna
283 4200
cfl=c:\Users\Pedro\faculdade\IniciacaoCientifica\grn\.env\Lib\site-packages\pandas\core\dtypes\missing.py
cfn=isna
calls=12 97
283 79700

fl=c:\Users\Pedro\faculdade\IniciacaoCientifica\grn\.env\Lib\site-packages\pandas\core\arrays\string_.py
fn=na_value
150 1100

fl=c:\Users\Pedro\faculdade\IniciacaoCientifica\grn\.env\Lib\site-packages\pandas\core\arrays\string_.py
fn=storage
174 6400

fl=c:\Users\Pedro\faculdade\IniciacaoCientifica\grn\.env\Lib\site-packages\pandas\core\arrays\string_.py
fn=__init__
197 31900
cfl=C:\Users\Pedro\AppData\Local\Python\pythoncore-3.14-64\Lib\typing.py
cfn=cast
calls=12 2300
197 1000
cfl=c:\Users\Pedro\faculdade\IniciacaoCientifica\grn\.env\Lib\site-packages\pandas\_config\config.py
cfn=get_option
calls=12 143
197 61100
cfl=~
cfn=<built-in method builtins.isinstance>
calls=12 0
197 600

fl=c:\Users\Pedro\faculdade\IniciacaoCientifica\grn\.env\Lib\site-packages\pandas\core\arrays\string_.py
fn=__repr__
232 16300
cfl=c:\Users\Pedro\faculdade\IniciacaoCientifica\grn\.env\Lib\site-packages\pandas\core\arrays\string_.py
cfn=storage
calls=24 174
232 2600

fl=c:\Users\Pedro\faculdade\IniciacaoCientifica\grn\.env\Lib\site-packages\pandas\core\arrays\string_.py
fn=__eq__
236 12000
cfl=~
cfn=<built-in method builtins.isinstance>
calls=52 0
236 4400

fl=c:\Users\Pedro\faculdade\IniciacaoCientifica\grn\.env\Lib\site-packages\pandas\core\arrays\string_.py
fn=construct_array_type
312 14000
cfl=c:\Users\Pedro\faculdade\IniciacaoCientifica\grn\.env\Lib\site-packages\pandas\core\arrays\string_.py
cfn=storage
calls=36 174
312 2700

fl=c:\Users\Pedro\faculdade\IniciacaoCientifica\grn\.env\Lib\site-packages\pandas\core\arrays\string_.py
fn=_from_sequence
756 42700
cfl=c:\Users\Pedro\faculdade\IniciacaoCientifica\grn\.env\Lib\site-packages\pandas\core\arrays\string_.py
cfn=na_value
calls=12 150
756 1100
cfl=c:\Users\Pedro\faculdade\IniciacaoCientifica\grn\.env\Lib\site-packages\pandas\core\arrays\string_.py
cfn=storage
calls=12 174
756 1100
cfl=c:\Users\Pedro\faculdade\IniciacaoCientifica\grn\.env\Lib\site-packages\pandas\core\dtypes\common.py
cfn=pandas_dtype
calls=12 1821
756 9600
cfl=~
cfn=<built-in method __new__ of type object at 0x00007FFF34404D90>
calls=12 0
756 3500
cfl=~
cfn=<built-in method builtins.isinstance>
calls=36 0
756 4500

fl=c:\Users\Pedro\faculdade\IniciacaoCientifica\grn\.env\Lib\site-packages\pandas\core\arrays\string_.py
fn=astype
915 47500
cfl=c:\Users\Pedro\faculdade\IniciacaoCientifica\grn\.env\Lib\site-packages\numpy\_core\_internal.py
cfn=npy_ctypes_check
calls=12 946
915 6600
cfl=c:\Users\Pedro\faculdade\IniciacaoCientifica\grn\.env\Lib\site-packages\numpy\_core\numerictypes.py
cfn=issubdtype
calls=12 475
915 28500
cfl=c:\Users\Pedro\faculdade\IniciacaoCientifica\grn\.env\Lib\site-packages\pandas\core\arrays\numpy_.py
cfn=dtype
calls=12 179
915 1100
cfl=c:\Users\Pedro\faculdade\IniciacaoCientifica\grn\.env\Lib\site-packages\pandas\core\arrays\numpy_.py
cfn=astype
calls=12 272
915 61600
cfl=c:\Users\Pedro\faculdade\IniciacaoCientifica\grn\.env\Lib\site-packages\pandas\core\arrays\string_.py
cfn=__repr__
calls=12 232
915 12600
cfl=c:\Users\Pedro\faculdade\IniciacaoCientifica\grn\.env\Lib\site-packages\pandas\core\arrays\string_.py
cfn=__eq__
calls=12 236
915 7800
cfl=c:\Users\Pedro\faculdade\IniciacaoCientifica\grn\.env\Lib\site-packages\pandas\core\dtypes\common.py
cfn=pandas_dtype
calls=12 1821
915 187500
cfl=~
cfn=<built-in method builtins.isinstance>
calls=36 0
915 3100

fl=c:\Users\Pedro\faculdade\IniciacaoCientifica\grn\.env\Lib\site-packages\pandas\core\common.py
fn=apply_if_callable
377 1700
cfl=~
cfn=<built-in method builtins.callable>
calls=2 0
377 200
cfl=~
cfn=<built-in method builtins.isinstance>
calls=2 0
377 100

fl=c:\Users\Pedro\faculdade\IniciacaoCientifica\grn\.env\Lib\site-packages\pandas\core\common.py
fn=require_length_match
596 7100
cfl=~
cfn=<built-in method builtins.len>
calls=48 0
596 14000

fl=c:\Users\Pedro\faculdade\IniciacaoCientifica\grn\.env\Lib\site-packages\pandas\core\construction.py
fn=extract_array
430 11200
cfl=~
cfn=<built-in method builtins.getattr>
calls=36 0
430 3200

fl=c:\Users\Pedro\faculdade\IniciacaoCientifica\grn\.env\Lib\site-packages\pandas\core\construction.py
fn=ensure_wrapped_if_datetimelike
495 7900
cfl=~
cfn=<built-in method builtins.isinstance>
calls=20 0
495 1200

fl=c:\Users\Pedro\faculdade\IniciacaoCientifica\grn\.env\Lib\site-packages\pandas\core\construction.py
fn=sanitize_array
531 130300
cfl=C:\Users\Pedro\AppData\Local\Python\pythoncore-3.14-64\Lib\typing.py
cfn=cast
calls=16 2300
531 1200
cfl=c:\Users\Pedro\faculdade\IniciacaoCientifica\grn\.env\Lib\site-packages\numpy\_core\numeric.py
cfn=full
calls=12 323
531 18000
cfl=c:\Users\Pedro\faculdade\IniciacaoCientifica\grn\.env\Lib\site-packages\pandas\_config\__init__.py
cfn=using_string_dtype
calls=2 33
531 2200
cfl=c:\Users\Pedro\faculdade\IniciacaoCientifica\grn\.env\Lib\site-packages\pandas\core\arrays\string_.py
cfn=__init__
calls=2 197
531 39100
cfl=c:\Users\Pedro\faculdade\IniciacaoCientifica\grn\.env\Lib\site-packages\pandas\core\arrays\string_.py
cfn=construct_array_type
calls=2 312
531 5800
cfl=c:\Users\Pedro\faculdade\IniciacaoCientifica\grn\.env\Lib\site-packages\pandas\core\arrays\string_.py
cfn=_from_sequence
calls=2 756
531 23600
cfl=c:\Users\Pedro\faculdade\IniciacaoCientifica\grn\.env\Lib\site-packages\pandas\core\construction.py
cfn=extract_array
calls=26 430
531 10400
cfl=c:\Users\Pedro\faculdade\IniciacaoCientifica\grn\.env\Lib\site-packages\pandas\core\construction.py
cfn=_sanitize_non_ordered
calls=2 710
531 1300
cfl=c:\Users\Pedro\faculdade\IniciacaoCientifica\grn\.env\Lib\site-packages\pandas\core\construction.py
cfn=_sanitize_ndim
calls=26 718
531 40100
cfl=c:\Users\Pedro\faculdade\IniciacaoCientifica\grn\.env\Lib\site-packages\pandas\core\construction.py
cfn=_sanitize_str_dtypes
calls=14 757
531 6200
cfl=c:\Users\Pedro\faculdade\IniciacaoCientifica\grn\.env\Lib\site-packages\pandas\core\dtypes\cast.py
cfn=maybe_convert_platform
calls=2 127
531 59900
cfl=~
cfn=<built-in method builtins.hasattr>
calls=2 0
531 100
cfl=~
cfn=<built-in method builtins.isinstance>
calls=228 0
531 72200
cfl=~
cfn=<built-in method builtins.len>
calls=2 0
531 100

fl=c:\Users\Pedro\faculdade\IniciacaoCientifica\grn\.env\Lib\site-packages\pandas\core\construction.py
fn=_sanitize_non_ordered
710 1100
cfl=~
cfn=<built-in method builtins.isinstance>
calls=2 0
710 200

fl=c:\Users\Pedro\faculdade\IniciacaoCientifica\grn\.env\Lib\site-packages\pandas\core\construction.py
fn=_sanitize_ndim
718 12700
cfl=c:\Users\Pedro\faculdade\IniciacaoCientifica\grn\.env\Lib\site-packages\pandas\core\construction.py
cfn=_maybe_repeat
calls=26 780
718 24400
cfl=~
cfn=<built-in method builtins.getattr>
calls=26 0
718 3000

fl=c:\Users\Pedro\faculdade\IniciacaoCientifica\grn\.env\Lib\site-packages\pandas\core\construction.py
fn=_sanitize_str_dtypes
757 4500
cfl=~
cfn=<built-in method builtins.issubclass>
calls=14 0
757 1700

fl=c:\Users\Pedro\faculdade\IniciacaoCientifica\grn\.env\Lib\site-packages\pandas\core\construction.py
fn=_maybe_repeat
780 8300
cfl=~
cfn=<built-in method builtins.len>
calls=48 0
780 16100

fl=c:\Users\Pedro\faculdade\IniciacaoCientifica\grn\.env\Lib\site-packages\pandas\core\dtypes\astype.py
fn=astype_array
160 5900
cfl=~
cfn=<method 'copy' of 'numpy.ndarray' objects>
calls=12 0
160 8600

fl=c:\Users\Pedro\faculdade\IniciacaoCientifica\grn\.env\Lib\site-packages\pandas\core\dtypes\base.py
fn=kind
181 1400

fl=c:\Users\Pedro\faculdade\IniciacaoCientifica\grn\.env\Lib\site-packages\pandas\core\dtypes\base.py
fn=index_class
416 3300
cfl=<frozen importlib._bootstrap>
cfn=_handle_fromlist
calls=2 1401
416 2600

fl=c:\Users\Pedro\faculdade\IniciacaoCientifica\grn\.env\Lib\site-packages\pandas\core\dtypes\base.py
fn=_supports_2d
426 1500

fl=c:\Users\Pedro\faculdade\IniciacaoCientifica\grn\.env\Lib\site-packages\pandas\core\dtypes\base.py
fn=find
563 7500
cfl=~
cfn=<built-in method builtins.isinstance>
calls=24 0
563 1900
cfl=~
cfn=<built-in method builtins.issubclass>
calls=12 0
563 1200

fl=c:\Users\Pedro\faculdade\IniciacaoCientifica\grn\.env\Lib\site-packages\pandas\core\dtypes\cast.py
fn=maybe_convert_platform
127 28300
cfl=C:\Users\Pedro\AppData\Local\Python\pythoncore-3.14-64\Lib\typing.py
cfn=cast
calls=2 2300
127 100
cfl=c:\Users\Pedro\faculdade\IniciacaoCientifica\grn\.env\Lib\site-packages\numpy\_core\numeric.py
cfn=full
calls=2 323
127 17500
cfl=c:\Users\Pedro\faculdade\IniciacaoCientifica\grn\.env\Lib\site-packages\pandas\core\dtypes\cast.py
cfn=construct_1d_object_array_from_listlike
calls=2 1468
127 13800
cfl=~
cfn=<built-in method builtins.isinstance>
calls=2 0
127 200

fl=c:\Users\Pedro\faculdade\IniciacaoCientifica\grn\.env\Lib\site-packages\pandas\core\dtypes\cast.py
fn=construct_1d_object_array_from_listlike
1468 3200
cfl=~
cfn=<built-in method builtins.len>
calls=2 0
1468 200
cfl=~
cfn=<built-in method numpy.fromiter>
calls=2 0
1468 10400

fl=c:\Users\Pedro\faculdade\IniciacaoCientifica\grn\.env\Lib\site-packages\pandas\core\dtypes\common.py
fn=is_string_or_object_np_dtype
603 6300

fl=c:\Users\Pedro\faculdade\IniciacaoCientifica\grn\.env\Lib\site-packages\pandas\core\dtypes\common.py
fn=is_1d_only_ea_dtype
1473 11800
cfl=c:\Users\Pedro\faculdade\IniciacaoCientifica\grn\.env\Lib\site-packages\pandas\core\dtypes\base.py
cfn=_supports_2d
calls=20 426
1473 1500
cfl=~
cfn=<built-in method builtins.isinstance>
calls=44 0
1473 4300

fl=c:\Users\Pedro\faculdade\IniciacaoCientifica\grn\.env\Lib\site-packages\pandas\core\dtypes\common.py
fn=is_ea_or_datetimelike_dtype
1547 3000
cfl=~
cfn=<built-in method builtins.isinstance>
calls=4 0
1547 300

fl=c:\Users\Pedro\faculdade\IniciacaoCientifica\grn\.env\Lib\site-packages\pandas\core\dtypes\common.py
fn=pandas_dtype
1821 58100
cfl=C:\Users\Pedro\AppData\Local\Python\pythoncore-3.14-64\Lib\_py_warnings.py
cfn=simplefilter
calls=12 294
1821 64300
cfl=C:\Users\Pedro\AppData\Local\Python\pythoncore-3.14-64\Lib\_py_warnings.py
cfn=__init__:616
calls=12 616
1821 4200
cfl=C:\Users\Pedro\AppData\Local\Python\pythoncore-3.14-64\Lib\_py_warnings.py
cfn=__enter__
calls=12 639
1821 32100
cfl=C:\Users\Pedro\AppData\Local\Python\pythoncore-3.14-64\Lib\_py_warnings.py
cfn=__exit__
calls=12 668
1821 19700
cfl=c:\Users\Pedro\faculdade\IniciacaoCientifica\grn\.env\Lib\site-packages\pandas\core\dtypes\base.py
cfn=find
calls=12 563
1821 10600
cfl=c:\Users\Pedro\faculdade\IniciacaoCientifica\grn\.env\Lib\site-packages\pandas\core\dtypes\inference.py
cfn=is_hashable
calls=12 387
1821 6700
cfl=~
cfn=<built-in method builtins.isinstance>
calls=72 0
1821 9800

fl=c:\Users\Pedro\faculdade\IniciacaoCientifica\grn\.env\Lib\site-packages\pandas\core\dtypes\generic.py
fn=_check
38 40200
cfl=~
cfn=<built-in method builtins.getattr>
calls=182 0
38 18800

fl=c:\Users\Pedro\faculdade\IniciacaoCientifica\grn\.env\Lib\site-packages\pandas\core\dtypes\generic.py
fn=_instancecheck
43 46000
cfl=c:\Users\Pedro\faculdade\IniciacaoCientifica\grn\.env\Lib\site-packages\pandas\core\dtypes\generic.py
cfn=_check
calls=182 38
43 59000
cfl=~
cfn=<built-in method builtins.isinstance>
calls=24 0
43 2000

fl=c:\Users\Pedro\faculdade\IniciacaoCientifica\grn\.env\Lib\site-packages\pandas\core\dtypes\inference.py
fn=is_file_like
106 1200
cfl=~
cfn=<built-in method builtins.hasattr>
calls=4 0
106 700

fl=c:\Users\Pedro\faculdade\IniciacaoCientifica\grn\.env\Lib\site-packages\pandas\core\dtypes\inference.py
fn=is_named_tuple
349 1100
cfl=~
cfn=<built-in method builtins.isinstance>
calls=2 0
349 1900

fl=c:\Users\Pedro\faculdade\IniciacaoCientifica\grn\.env\Lib\site-packages\pandas\core\dtypes\inference.py
fn=is_hashable
387 5700
cfl=~
cfn=<built-in method builtins.hash>
calls=14 0
387 2500

fl=c:\Users\Pedro\faculdade\IniciacaoCientifica\grn\.env\Lib\site-packages\pandas\core\dtypes\inference.py
fn=is_dataclass
485 3200
cfl=C:\Users\Pedro\AppData\Local\Python\pythoncore-3.14-64\Lib\dataclasses.py
cfn=is_dataclass
calls=2 1468
485 2900

fl=c:\Users\Pedro\faculdade\IniciacaoCientifica\grn\.env\Lib\site-packages\pandas\core\dtypes\missing.py
fn=isna
97 8100
cfl=c:\Users\Pedro\faculdade\IniciacaoCientifica\grn\.env\Lib\site-packages\pandas\core\dtypes\missing.py
cfn=_isna
calls=30 180
97 164800

fl=c:\Users\Pedro\faculdade\IniciacaoCientifica\grn\.env\Lib\site-packages\pandas\core\dtypes\missing.py
fn=_isna
180 27600
cfl=c:\Users\Pedro\faculdade\IniciacaoCientifica\grn\.env\Lib\site-packages\pandas\core\dtypes\missing.py
cfn=_isna_array
calls=30 223
180 114600
cfl=~
cfn=<built-in method builtins.isinstance>
calls=90 0
180 43200

fl=c:\Users\Pedro\faculdade\IniciacaoCientifica\grn\.env\Lib\site-packages\pandas\core\dtypes\missing.py
fn=_isna_array
223 37900
cfl=c:\Users\Pedro\faculdade\IniciacaoCientifica\grn\.env\Lib\site-packages\pandas\core\arrays\numpy_.py
cfn=dtype
calls=12 179
223 1100
cfl=c:\Users\Pedro\faculdade\IniciacaoCientifica\grn\.env\Lib\site-packages\pandas\core\arrays\numpy_.py
cfn=isna
calls=12 283
223 83900
cfl=c:\Users\Pedro\faculdade\IniciacaoCientifica\grn\.env\Lib\site-packages\pandas\core\dtypes\common.py
cfn=is_string_or_object_np_dtype
calls=18 603
223 6300
cfl=c:\Users\Pedro\faculdade\IniciacaoCientifica\grn\.env\Lib\site-packages\pandas\core\dtypes\missing.py
cfn=_isna_string_dtype
calls=14 260
223 38500
cfl=~
cfn=<built-in method builtins.isinstance>
calls=48 0
223 3400

fl=c:\Users\Pedro\faculdade\IniciacaoCientifica\grn\.env\Lib\site-packages\pandas\core\dtypes\missing.py
fn=_isna_string_dtype
260 38500

fl=c:\Users\Pedro\faculdade\IniciacaoCientifica\grn\.env\Lib\site-packages\pandas\core\flags.py
fn=__init__
63 4500

fl=c:\Users\Pedro\faculdade\IniciacaoCientifica\grn\.env\Lib\site-packages\pandas\core\flags.py
fn=allows_duplicate_labels:67
67 200

fl=c:\Users\Pedro\faculdade\IniciacaoCientifica\grn\.env\Lib\site-packages\pandas\core\flags.py
fn=allows_duplicate_labels:99
99 1300

fl=c:\Users\Pedro\faculdade\IniciacaoCientifica\grn\.env\Lib\site-packages\pandas\core\frame.py
fn=_constructor_from_mgr
667 4100
cfl=c:\Users\Pedro\faculdade\IniciacaoCientifica\grn\.env\Lib\site-packages\pandas\core\generic.py
cfn=_from_mgr
calls=4 294
667 13500

fl=c:\Users\Pedro\faculdade\IniciacaoCientifica\grn\.env\Lib\site-packages\pandas\core\frame.py
fn=__init__
702 22800
cfl=c:\Users\Pedro\faculdade\IniciacaoCientifica\grn\.env\Lib\site-packages\pandas\core\dtypes\inference.py
cfn=is_dataclass
calls=2 485
702 6100
cfl=c:\Users\Pedro\faculdade\IniciacaoCientifica\grn\.env\Lib\site-packages\pandas\core\generic.py
cfn=__init__
calls=2 258
702 7500
cfl=c:\Users\Pedro\faculdade\IniciacaoCientifica\grn\.env\Lib\site-packages\pandas\core\internals\construction.py
cfn=arrays_to_mgr
calls=2 96
702 491600
cfl=c:\Users\Pedro\faculdade\IniciacaoCientifica\grn\.env\Lib\site-packages\pandas\core\internals\construction.py
cfn=nested_data_to_arrays
calls=2 463
702 686600
cfl=c:\Users\Pedro\faculdade\IniciacaoCientifica\grn\.env\Lib\site-packages\pandas\core\internals\construction.py
cfn=treat_as_nested
calls=2 489
702 7800
cfl=~
cfn=<built-in method builtins.isinstance>
calls=24 0
702 6200
cfl=~
cfn=<built-in method builtins.len>
calls=2 0
702 300

fl=c:\Users\Pedro\faculdade\IniciacaoCientifica\grn\.env\Lib\site-packages\pandas\core\frame.py
fn=_get_values_for_csv
1386 2200
cfl=c:\Users\Pedro\faculdade\IniciacaoCientifica\grn\.env\Lib\site-packages\pandas\core\frame.py
cfn=_constructor_from_mgr
calls=2 667
1386 6300
cfl=c:\Users\Pedro\faculdade\IniciacaoCientifica\grn\.env\Lib\site-packages\pandas\core\internals\managers.py
cfn=get_values_for_csv
calls=2 622
1386 641500

fl=c:\Users\Pedro\faculdade\IniciacaoCientifica\grn\.env\Lib\site-packages\pandas\core\frame.py
fn=_get_column_array
4316 5800
cfl=c:\Users\Pedro\faculdade\IniciacaoCientifica\grn\.env\Lib\site-packages\pandas\core\internals\managers.py
cfn=iget_values
calls=24 1227
4316 55200

fl=c:\Users\Pedro\faculdade\IniciacaoCientifica\grn\.env\Lib\site-packages\pandas\core\frame.py
fn=_iter_column_arrays
4326 8700
cfl=c:\Users\Pedro\faculdade\IniciacaoCientifica\grn\.env\Lib\site-packages\pandas\core\frame.py
cfn=_get_column_array
calls=24 4316
4326 61000
cfl=~
cfn=<built-in method builtins.len>
calls=2 0
4326 2400

fl=c:\Users\Pedro\faculdade\IniciacaoCientifica\grn\.env\Lib\site-packages\pandas\core\generic.py
fn=__init__
258 13000
cfl=c:\Users\Pedro\faculdade\IniciacaoCientifica\grn\.env\Lib\site-packages\pandas\core\flags.py
cfn=__init__
calls=6 63
258 4500

fl=c:\Users\Pedro\faculdade\IniciacaoCientifica\grn\.env\Lib\site-packages\pandas\core\generic.py
fn=_from_mgr
294 2800
cfl=c:\Users\Pedro\faculdade\IniciacaoCientifica\grn\.env\Lib\site-packages\pandas\core\generic.py
cfn=__init__
calls=4 258
294 10000
cfl=~
cfn=<built-in method __new__ of type object at 0x00007FFF34404D90>
calls=4 0
294 700

fl=c:\Users\Pedro\faculdade\IniciacaoCientifica\grn\.env\Lib\site-packages\pandas\core\generic.py
fn=attrs
318 200

fl=c:\Users\Pedro\faculdade\IniciacaoCientifica\grn\.env\Lib\site-packages\pandas\core\generic.py
fn=flags
360 900

fl=c:\Users\Pedro\faculdade\IniciacaoCientifica\grn\.env\Lib\site-packages\pandas\core\generic.py
fn=_get_axis_number
519 900

fl=c:\Users\Pedro\faculdade\IniciacaoCientifica\grn\.env\Lib\site-packages\pandas\core\generic.py
fn=_get_axis
535 2900
cfl=c:\Users\Pedro\faculdade\IniciacaoCientifica\grn\.env\Lib\site-packages\pandas\core\generic.py
cfn=_get_axis_number
calls=2 519
535 700

fl=c:\Users\Pedro\faculdade\IniciacaoCientifica\grn\.env\Lib\site-packages\pandas\core\generic.py
fn=_get_block_manager_axis
541 1800
cfl=c:\Users\Pedro\faculdade\IniciacaoCientifica\grn\.env\Lib\site-packages\pandas\core\generic.py
cfn=_get_axis_number
calls=2 519
541 200

fl=c:\Users\Pedro\faculdade\IniciacaoCientifica\grn\.env\Lib\site-packages\pandas\core\generic.py
fn=to_csv
3795 17500
cfl=c:\Users\Pedro\faculdade\IniciacaoCientifica\grn\.env\Lib\site-packages\pandas\io\formats\format.py
cfn=__init__:425
calls=2 425
3795 57100
cfl=c:\Users\Pedro\faculdade\IniciacaoCientifica\grn\.env\Lib\site-packages\pandas\io\formats\format.py
cfn=__init__:892
calls=2 892
3795 200
cfl=c:\Users\Pedro\faculdade\IniciacaoCientifica\grn\.env\Lib\site-packages\pandas\io\formats\format.py
cfn=to_csv
calls=2 976
3795 2236700
cfl=~
cfn=<built-in method builtins.isinstance>
calls=2 0
3795 4800

fl=c:\Users\Pedro\faculdade\IniciacaoCientifica\grn\.env\Lib\site-packages\pandas\core\generic.py
fn=_slice
4308 32700
cfl=c:\Users\Pedro\faculdade\IniciacaoCientifica\grn\.env\Lib\site-packages\pandas\core\frame.py
cfn=_constructor_from_mgr
calls=2 667
4308 11300
cfl=c:\Users\Pedro\faculdade\IniciacaoCientifica\grn\.env\Lib\site-packages\pandas\core\generic.py
cfn=_get_block_manager_axis
calls=2 541
4308 2000
cfl=c:\Users\Pedro\faculdade\IniciacaoCientifica\grn\.env\Lib\site-packages\pandas\core\generic.py
cfn=__finalize__
calls=2 6131
4308 13800
cfl=c:\Users\Pedro\faculdade\IniciacaoCientifica\grn\.env\Lib\site-packages\pandas\core\indexes\base.py
cfn=view
calls=2 1033
4308 12500
cfl=c:\Users\Pedro\faculdade\IniciacaoCientifica\grn\.env\Lib\site-packages\pandas\core\indexes\range.py
cfn=_getitem_slice
calls=2 1311
4308 6900
cfl=c:\Users\Pedro\faculdade\IniciacaoCientifica\grn\.env\Lib\site-packages\pandas\core\internals\blocks.py
cfn=slice_block_rows
calls=10 2081
4308 78700
cfl=c:\Users\Pedro\faculdade\IniciacaoCientifica\grn\.env\Lib\site-packages\pandas\core\internals\managers.py
cfn=__init__
calls=2 1095
4308 300
cfl=~
cfn=<built-in method builtins.isinstance>
calls=2 0
4308 100

fl=c:\Users\Pedro\faculdade\IniciacaoCientifica\grn\.env\Lib\site-packages\pandas\core\generic.py
fn=__finalize__
6131 10900
cfl=c:\Users\Pedro\faculdade\IniciacaoCientifica\grn\.env\Lib\site-packages\pandas\core\flags.py
cfn=allows_duplicate_labels:67
calls=4 67
6131 200
cfl=c:\Users\Pedro\faculdade\IniciacaoCientifica\grn\.env\Lib\site-packages\pandas\core\flags.py
cfn=allows_duplicate_labels:99
calls=2 99
6131 1300
cfl=c:\Users\Pedro\faculdade\IniciacaoCientifica\grn\.env\Lib\site-packages\pandas\core\generic.py
cfn=attrs
calls=2 318
6131 200
cfl=c:\Users\Pedro\faculdade\IniciacaoCientifica\grn\.env\Lib\site-packages\pandas\core\generic.py
cfn=flags
calls=6 360
6131 900
cfl=~
cfn=<built-in method builtins.isinstance>
calls=2 0
6131 300

fl=c:\Users\Pedro\faculdade\IniciacaoCientifica\grn\.env\Lib\site-packages\pandas\core\indexers\utils.py
fn=getitem_returns_view
416 18700
cfl=c:\Users\Pedro\faculdade\IniciacaoCientifica\grn\.env\Lib\site-packages\pandas\core\indexers\utils.py
cfn=<genexpr>:425
calls=20 425
416 3800
cfl=c:\Users\Pedro\faculdade\IniciacaoCientifica\grn\.env\Lib\site-packages\pandas\core\indexers\utils.py
cfn=<genexpr>:432
calls=20 432
416 4200
cfl=~
cfn=<built-in method builtins.isinstance>
calls=10 0
416 1000

fl=c:\Users\Pedro\faculdade\IniciacaoCientifica\grn\.env\Lib\site-packages\pandas\core\indexers\utils.py
fn=<genexpr>:425
425 3800

fl=c:\Users\Pedro\faculdade\IniciacaoCientifica\grn\.env\Lib\site-packages\pandas\core\indexers\utils.py
fn=<genexpr>:432
432 3700
cfl=~
cfn=<built-in method builtins.isinstance>
calls=10 0
432 500

fl=c:\Users\Pedro\faculdade\IniciacaoCientifica\grn\.env\Lib\site-packages\pandas\core\indexers\utils.py
fn=check_array_indexer
441 6700

fl=c:\Users\Pedro\faculdade\IniciacaoCientifica\grn\.env\Lib\site-packages\pandas\core\indexes\api.py
fn=default_index
340 3400
cfl=c:\Users\Pedro\faculdade\IniciacaoCientifica\grn\.env\Lib\site-packages\pandas\core\indexes\range.py
cfn=_simple_new
calls=2 236
340 4100

fl=c:\Users\Pedro\faculdade\IniciacaoCientifica\grn\.env\Lib\site-packages\pandas\core\indexes\base.py
fn=__new__
486 35900
cfl=c:\Users\Pedro\faculdade\IniciacaoCientifica\grn\.env\Lib\site-packages\pandas\core\arrays\numpy_.py
cfn=dtype
calls=4 179
486 800
cfl=c:\Users\Pedro\faculdade\IniciacaoCientifica\grn\.env\Lib\site-packages\pandas\core\construction.py
cfn=ensure_wrapped_if_datetimelike
calls=2 495
486 900
cfl=c:\Users\Pedro\faculdade\IniciacaoCientifica\grn\.env\Lib\site-packages\pandas\core\construction.py
cfn=sanitize_array
calls=2 531
486 197300
cfl=c:\Users\Pedro\faculdade\IniciacaoCientifica\grn\.env\Lib\site-packages\pandas\core\dtypes\common.py
cfn=is_ea_or_datetimelike_dtype
calls=4 1547
486 3300
cfl=c:\Users\Pedro\faculdade\IniciacaoCientifica\grn\.env\Lib\site-packages\pandas\core\indexes\base.py
cfn=_ensure_array
calls=2 594
486 5400
cfl=c:\Users\Pedro\faculdade\IniciacaoCientifica\grn\.env\Lib\site-packages\pandas\core\indexes\base.py
cfn=_dtype_to_subclass
calls=2 612
486 10700
cfl=c:\Users\Pedro\faculdade\IniciacaoCientifica\grn\.env\Lib\site-packages\pandas\core\indexes\base.py
cfn=_simple_new
calls=2 652
486 9200
cfl=c:\Users\Pedro\faculdade\IniciacaoCientifica\grn\.env\Lib\site-packages\pandas\core\indexes\base.py
cfn=_maybe_copy_array_input
calls=2 5286
486 2300
cfl=c:\Users\Pedro\faculdade\IniciacaoCientifica\grn\.env\Lib\site-packages\pandas\core\indexes\base.py
cfn=maybe_extract_name
calls=2 8003
486 6700
cfl=~
cfn=<built-in method builtins.getattr>
calls=2 0
486 500
cfl=~
cfn=<built-in method builtins.hasattr>
calls=2 0
486 400
cfl=~
cfn=<built-in method builtins.isinstance>
calls=12 0
486 6700
cfl=~
cfn=<built-in method builtins.len>
calls=4 0
486 400

fl=c:\Users\Pedro\faculdade\IniciacaoCientifica\grn\.env\Lib\site-packages\pandas\core\indexes\base.py
fn=_ensure_array
594 3300
cfl=c:\Users\Pedro\faculdade\IniciacaoCientifica\grn\.env\Lib\site-packages\pandas\core\arrays\string_.py
cfn=__eq__
calls=2 236
594 2100

fl=c:\Users\Pedro\faculdade\IniciacaoCientifica\grn\.env\Lib\site-packages\pandas\core\indexes\base.py
fn=_dtype_to_subclass
612 4600
cfl=c:\Users\Pedro\faculdade\IniciacaoCientifica\grn\.env\Lib\site-packages\pandas\core\dtypes\base.py
cfn=index_class
calls=2 416
612 5900
cfl=~
cfn=<built-in method builtins.isinstance>
calls=2 0
612 200

fl=c:\Users\Pedro\faculdade\IniciacaoCientifica\grn\.env\Lib\site-packages\pandas\core\indexes\base.py
fn=_simple_new
652 14100
cfl=c:\Users\Pedro\faculdade\IniciacaoCientifica\grn\.env\Lib\site-packages\pandas\core\indexes\base.py
cfn=_reset_identity
calls=6 837
652 3000
cfl=~
cfn=<built-in method __new__ of type object at 0x00007FFF34404D90>
calls=6 0
652 1900
cfl=~
cfn=<built-in method builtins.isinstance>
calls=6 0
652 1200

fl=c:\Users\Pedro\faculdade\IniciacaoCientifica\grn\.env\Lib\site-packages\pandas\core\indexes\base.py
fn=_view
779 4600
cfl=c:\Users\Pedro\faculdade\IniciacaoCientifica\grn\.env\Lib\site-packages\pandas\core\indexes\base.py
cfn=_simple_new
calls=4 652
779 11000
cfl=c:\Users\Pedro\faculdade\IniciacaoCientifica\grn\.env\Lib\site-packages\pandas\core\indexes\base.py
cfn=_values
calls=4 5101
779 400

fl=c:\Users\Pedro\faculdade\IniciacaoCientifica\grn\.env\Lib\site-packages\pandas\core\indexes\base.py
fn=_reset_identity
837 4600

fl=c:\Users\Pedro\faculdade\IniciacaoCientifica\grn\.env\Lib\site-packages\pandas\core\indexes\base.py
fn=__len__
918 2300
cfl=~
cfn=<built-in method builtins.len>
calls=8 0
918 1300

fl=c:\Users\Pedro\faculdade\IniciacaoCientifica\grn\.env\Lib\site-packages\pandas\core\indexes\base.py
fn=view
1033 6200
cfl=c:\Users\Pedro\faculdade\IniciacaoCientifica\grn\.env\Lib\site-packages\pandas\core\indexes\base.py
cfn=_view
calls=4 779
1033 16000
cfl=c:\Users\Pedro\faculdade\IniciacaoCientifica\grn\.env\Lib\site-packages\pandas\core\indexes\range.py
cfn=_view
calls=2 620
1033 4100
cfl=~
cfn=<built-in method builtins.isinstance>
calls=6 0
1033 300

fl=c:\Users\Pedro\faculdade\IniciacaoCientifica\grn\.env\Lib\site-packages\pandas\core\indexes\base.py
fn=_get_values_for_csv
1574 2600
cfl=c:\Users\Pedro\faculdade\IniciacaoCientifica\grn\.env\Lib\site-packages\pandas\core\indexes\base.py
cfn=_values
calls=2 5101
1574 100
cfl=c:\Users\Pedro\faculdade\IniciacaoCientifica\grn\.env\Lib\site-packages\pandas\core\indexes\base.py
cfn=get_values_for_csv
calls=2 8085
1574 138400

fl=c:\Users\Pedro\faculdade\IniciacaoCientifica\grn\.env\Lib\site-packages\pandas\core\indexes\base.py
fn=name
1779 400

fl=c:\Users\Pedro\faculdade\IniciacaoCientifica\grn\.env\Lib\site-packages\pandas\core\indexes\base.py
fn=_validate_positional_slice
4034 2000
cfl=c:\Users\Pedro\faculdade\IniciacaoCientifica\grn\.env\Lib\site-packages\pandas\core\indexes\base.py
cfn=_validate_indexer
calls=6 6852
4034 3200

fl=c:\Users\Pedro\faculdade\IniciacaoCientifica\grn\.env\Lib\site-packages\pandas\core\indexes\base.py
fn=_values
5101 500

fl=c:\Users\Pedro\faculdade\IniciacaoCientifica\grn\.env\Lib\site-packages\pandas\core\indexes\base.py
fn=_maybe_copy_array_input
5286 2100
cfl=~
cfn=<built-in method builtins.isinstance>
calls=2 0
5286 200

fl=c:\Users\Pedro\faculdade\IniciacaoCientifica\grn\.env\Lib\site-packages\pandas\core\indexes\base.py
fn=_validate_indexer
6852 3200

fl=c:\Users\Pedro\faculdade\IniciacaoCientifica\grn\.env\Lib\site-packages\pandas\core\indexes\base.py
fn=ensure_index
7919 24400
cfl=c:\Users\Pedro\faculdade\IniciacaoCientifica\grn\.env\Lib\site-packages\pandas\core\dtypes\generic.py
cfn=_instancecheck
calls=4 43
7919 2900
cfl=c:\Users\Pedro\faculdade\IniciacaoCientifica\grn\.env\Lib\site-packages\pandas\core\indexes\base.py
cfn=__new__
calls=2 486
7919 280500
cfl=~
cfn=<built-in method builtins.isinstance>
calls=12 0
7919 7400

fl=c:\Users\Pedro\faculdade\IniciacaoCientifica\grn\.env\Lib\site-packages\pandas\core\indexes\base.py
fn=maybe_extract_name
8003 3000
cfl=c:\Users\Pedro\faculdade\IniciacaoCientifica\grn\.env\Lib\site-packages\pandas\core\dtypes\inference.py
cfn=is_hashable
calls=2 387
8003 1500
cfl=~
cfn=<built-in method builtins.isinstance>
calls=2 0
8003 2200

fl=c:\Users\Pedro\faculdade\IniciacaoCientifica\grn\.env\Lib\site-packages\pandas\core\indexes\base.py
fn=get_values_for_csv
8085 64100
cfl=c:\Users\Pedro\faculdade\IniciacaoCientifica\grn\.env\Lib\site-packages\pandas\core\arrays\numpy_.py
cfn=dtype
calls=36 179
8085 3300
cfl=c:\Users\Pedro\faculdade\IniciacaoCientifica\grn\.env\Lib\site-packages\pandas\core\arrays\string_.py
cfn=astype
calls=12 915
8085 356300
cfl=c:\Users\Pedro\faculdade\IniciacaoCientifica\grn\.env\Lib\site-packages\pandas\core\construction.py
cfn=ensure_wrapped_if_datetimelike
calls=18 495
8085 8200
cfl=c:\Users\Pedro\faculdade\IniciacaoCientifica\grn\.env\Lib\site-packages\pandas\core\dtypes\base.py
cfn=kind
calls=12 181
8085 1400
cfl=c:\Users\Pedro\faculdade\IniciacaoCientifica\grn\.env\Lib\site-packages\pandas\core\dtypes\missing.py
cfn=isna
calls=18 97
8085 170300
cfl=~
cfn=<built-in method builtins.isinstance>
calls=90 0
8085 10100
cfl=~
cfn=<built-in method numpy.array>
calls=6 0
8085 11800
cfl=~
cfn=<built-in method numpy.asarray>
calls=12 0
8085 1900
cfl=~
cfn=<method 'astype' of 'numpy.ndarray' objects>
calls=6 0
8085 2500

fl=c:\Users\Pedro\faculdade\IniciacaoCientifica\grn\.env\Lib\site-packages\pandas\core\indexes\range.py
fn=_simple_new
236 6300
cfl=c:\Users\Pedro\faculdade\IniciacaoCientifica\grn\.env\Lib\site-packages\pandas\core\indexes\base.py
cfn=_reset_identity
calls=6 837
236 1600
cfl=~
cfn=<built-in method __new__ of type object at 0x00007FFF34404D90>
calls=6 0
236 1600
cfl=~
cfn=<built-in method builtins.isinstance>
calls=6 0
236 600

fl=c:\Users\Pedro\faculdade\IniciacaoCientifica\grn\.env\Lib\site-packages\pandas\core\indexes\range.py
fn=_view
620 1500
cfl=c:\Users\Pedro\faculdade\IniciacaoCientifica\grn\.env\Lib\site-packages\pandas\core\indexes\range.py
cfn=_simple_new
calls=2 236
620 2600

fl=c:\Users\Pedro\faculdade\IniciacaoCientifica\grn\.env\Lib\site-packages\pandas\core\indexes\range.py
fn=__len__
1265 10300
cfl=~
cfn=<built-in method builtins.len>
calls=52 0
1265 4500

fl=c:\Users\Pedro\faculdade\IniciacaoCientifica\grn\.env\Lib\site-packages\pandas\core\indexes\range.py
fn=_getitem_slice
1311 3500
cfl=c:\Users\Pedro\faculdade\IniciacaoCientifica\grn\.env\Lib\site-packages\pandas\core\indexes\range.py
cfn=_simple_new
calls=2 236
1311 3400

fl=c:\Users\Pedro\faculdade\IniciacaoCientifica\grn\.env\Lib\site-packages\pandas\core\indexing.py
fn=iloc
159 2200

fl=c:\Users\Pedro\faculdade\IniciacaoCientifica\grn\.env\Lib\site-packages\pandas\core\indexing.py
fn=_raise_callable_usage
1184 1500
cfl=~
cfn=<built-in method builtins.callable>
calls=2 0
1184 200

fl=c:\Users\Pedro\faculdade\IniciacaoCientifica\grn\.env\Lib\site-packages\pandas\core\indexing.py
fn=__getitem__
1192 9300
cfl=c:\Users\Pedro\faculdade\IniciacaoCientifica\grn\.env\Lib\site-packages\pandas\core\common.py
cfn=apply_if_callable
calls=2 377
1192 2000
cfl=c:\Users\Pedro\faculdade\IniciacaoCientifica\grn\.env\Lib\site-packages\pandas\core\indexing.py
cfn=_raise_callable_usage
calls=2 1184
1192 1700
cfl=c:\Users\Pedro\faculdade\IniciacaoCientifica\grn\.env\Lib\site-packages\pandas\core\indexing.py
cfn=_getitem_axis
calls=2 1740
1192 180300
cfl=c:\Users\Pedro\faculdade\IniciacaoCientifica\grn\.env\Lib\site-packages\pandas\core\indexing.py
cfn=check_dict_or_set_indexers
calls=2 2780
1192 3700

fl=c:\Users\Pedro\faculdade\IniciacaoCientifica\grn\.env\Lib\site-packages\pandas\core\indexing.py
fn=_getitem_axis
1740 5700
cfl=c:\Users\Pedro\faculdade\IniciacaoCientifica\grn\.env\Lib\site-packages\pandas\core\indexing.py
cfn=_get_slice_axis
calls=2 1777
1740 172100
cfl=~
cfn=<built-in method builtins.isinstance>
calls=4 0
1740 2500

fl=c:\Users\Pedro\faculdade\IniciacaoCientifica\grn\.env\Lib\site-packages\pandas\core\indexing.py
fn=_get_slice_axis
1777 4700
cfl=c:\Users\Pedro\faculdade\IniciacaoCientifica\grn\.env\Lib\site-packages\pandas\core\generic.py
cfn=_get_axis
calls=2 535
1777 3600
cfl=c:\Users\Pedro\faculdade\IniciacaoCientifica\grn\.env\Lib\site-packages\pandas\core\generic.py
cfn=_slice
calls=2 4308
1777 158300
cfl=c:\Users\Pedro\faculdade\IniciacaoCientifica\grn\.env\Lib\site-packages\pandas\core\indexes\base.py
cfn=_validate_positional_slice
calls=2 4034
1777 5200
cfl=c:\Users\Pedro\faculdade\IniciacaoCientifica\grn\.env\Lib\site-packages\pandas\core\indexing.py
cfn=need_slice
calls=2 2767
1777 300

fl=c:\Users\Pedro\faculdade\IniciacaoCientifica\grn\.env\Lib\site-packages\pandas\core\indexing.py
fn=need_slice
2767 300

fl=c:\Users\Pedro\faculdade\IniciacaoCientifica\grn\.env\Lib\site-packages\pandas\core\indexing.py
fn=check_dict_or_set_indexers
2780 2800
cfl=~
cfn=<built-in method builtins.isinstance>
calls=8 0
2780 900

fl=c:\Users\Pedro\faculdade\IniciacaoCientifica\grn\.env\Lib\site-packages\pandas\core\internals\blocks.py
fn=is_extension
168 12900
cfl=c:\Users\Pedro\faculdade\IniciacaoCientifica\grn\.env\Lib\site-packages\pandas\core\arrays\numpy_.py
cfn=dtype
calls=20 179
168 1900

fl=c:\Users\Pedro\faculdade\IniciacaoCientifica\grn\.env\Lib\site-packages\pandas\core\internals\blocks.py
fn=_can_consolidate
173 6500
cfl=c:\Users\Pedro\faculdade\IniciacaoCientifica\grn\.env\Lib\site-packages\pandas\core\internals\blocks.py
cfn=is_extension
calls=16 168
173 6800

fl=c:\Users\Pedro\faculdade\IniciacaoCientifica\grn\.env\Lib\site-packages\pandas\core\internals\blocks.py
fn=make_block
228 19600
cfl=c:\Users\Pedro\faculdade\IniciacaoCientifica\grn\.env\Lib\site-packages\pandas\core\internals\blocks.py
cfn=is_extension
calls=16 168
228 8000
cfl=c:\Users\Pedro\faculdade\IniciacaoCientifica\grn\.env\Lib\site-packages\pandas\core\internals\blocks.py
cfn=new_block
calls=16 2258
228 24100
cfl=c:\Users\Pedro\faculdade\IniciacaoCientifica\grn\.env\Lib\site-packages\pandas\core\internals\blocks.py
cfn=ensure_block_shape
calls=10 2352
228 18700

fl=c:\Users\Pedro\faculdade\IniciacaoCientifica\grn\.env\Lib\site-packages\pandas\core\internals\blocks.py
fn=dtype
573 800

fl=c:\Users\Pedro\faculdade\IniciacaoCientifica\grn\.env\Lib\site-packages\pandas\core\internals\blocks.py
fn=get_values_for_csv
624 14800
cfl=c:\Users\Pedro\faculdade\IniciacaoCientifica\grn\.env\Lib\site-packages\pandas\core\indexes\base.py
cfn=get_values_for_csv
calls=16 8085
624 491500
cfl=c:\Users\Pedro\faculdade\IniciacaoCientifica\grn\.env\Lib\site-packages\pandas\core\internals\blocks.py
cfn=make_block
calls=16 228
624 70400

fl=c:\Users\Pedro\faculdade\IniciacaoCientifica\grn\.env\Lib\site-packages\pandas\core\internals\blocks.py
fn=iget
961 6400

fl=c:\Users\Pedro\faculdade\IniciacaoCientifica\grn\.env\Lib\site-packages\pandas\core\internals\blocks.py
fn=slice_block_rows
2081 16500
cfl=c:\Users\Pedro\faculdade\IniciacaoCientifica\grn\.env\Lib\site-packages\pandas\core\arrays\_mixins.py
cfn=__getitem__
calls=10 287
2081 62200

fl=c:\Users\Pedro\faculdade\IniciacaoCientifica\grn\.env\Lib\site-packages\pandas\core\internals\blocks.py
fn=get_block_type
2216 16700
cfl=~
cfn=<built-in method builtins.isinstance>
calls=96 0
2216 6900

fl=c:\Users\Pedro\faculdade\IniciacaoCientifica\grn\.env\Lib\site-packages\pandas\core\internals\blocks.py
fn=new_block
2258 12600
cfl=c:\Users\Pedro\faculdade\IniciacaoCientifica\grn\.env\Lib\site-packages\pandas\core\internals\blocks.py
cfn=get_block_type
calls=16 2216
2258 11500

fl=c:\Users\Pedro\faculdade\IniciacaoCientifica\grn\.env\Lib\site-packages\pandas\core\internals\blocks.py
fn=extend_blocks
2336 9300
cfl=~
cfn=<built-in method builtins.isinstance>
calls=32 0
2336 2600
cfl=~
cfn=<method 'append' of 'list' objects>
calls=16 0
2336 2700

fl=c:\Users\Pedro\faculdade\IniciacaoCientifica\grn\.env\Lib\site-packages\pandas\core\internals\blocks.py
fn=ensure_block_shape
2352 9400
cfl=C:\Users\Pedro\AppData\Local\Python\pythoncore-3.14-64\Lib\typing.py
cfn=cast
calls=10 2300
2352 800
cfl=c:\Users\Pedro\faculdade\IniciacaoCientifica\grn\.env\Lib\site-packages\pandas\core\dtypes\common.py
cfn=is_1d_only_ea_dtype
calls=10 1473
2352 3200
cfl=~
cfn=<method 'reshape' of 'numpy.ndarray' objects>
calls=10 0
2352 5300

fl=c:\Users\Pedro\faculdade\IniciacaoCientifica\grn\.env\Lib\site-packages\pandas\core\internals\construction.py
fn=arrays_to_mgr
96 8800
cfl=c:\Users\Pedro\faculdade\IniciacaoCientifica\grn\.env\Lib\site-packages\pandas\core\indexes\base.py
cfn=ensure_index
calls=4 7919
96 1300
cfl=c:\Users\Pedro\faculdade\IniciacaoCientifica\grn\.env\Lib\site-packages\pandas\core\internals\construction.py
cfn=_homogenize
calls=2 553
96 291100
cfl=c:\Users\Pedro\faculdade\IniciacaoCientifica\grn\.env\Lib\site-packages\pandas\core\internals\managers.py
cfn=create_block_manager_from_column_arrays
calls=2 2319
96 188700
cfl=~
cfn=<built-in method builtins.len>
calls=4 0
96 1700

fl=c:\Users\Pedro\faculdade\IniciacaoCientifica\grn\.env\Lib\site-packages\pandas\core\internals\construction.py
fn=nested_data_to_arrays
463 6100
cfl=c:\Users\Pedro\faculdade\IniciacaoCientifica\grn\.env\Lib\site-packages\pandas\core\dtypes\inference.py
cfn=is_named_tuple
calls=2 349
463 3000
cfl=c:\Users\Pedro\faculdade\IniciacaoCientifica\grn\.env\Lib\site-packages\pandas\core\indexes\api.py
cfn=default_index
calls=2 340
463 7500
cfl=c:\Users\Pedro\faculdade\IniciacaoCientifica\grn\.env\Lib\site-packages\pandas\core\indexes\base.py
cfn=ensure_index
calls=2 7919
463 800
cfl=c:\Users\Pedro\faculdade\IniciacaoCientifica\grn\.env\Lib\site-packages\pandas\core\internals\construction.py
cfn=to_arrays
calls=2 759
463 666100
cfl=~
cfn=<built-in method builtins.isinstance>
calls=2 0
463 2800
cfl=~
cfn=<built-in method builtins.len>
calls=2 0
463 300

fl=c:\Users\Pedro\faculdade\IniciacaoCientifica\grn\.env\Lib\site-packages\pandas\core\internals\construction.py
fn=treat_as_nested
489 7200
cfl=~
cfn=<built-in method builtins.getattr>
calls=2 0
489 200
cfl=~
cfn=<built-in method builtins.isinstance>
calls=2 0
489 200
cfl=~
cfn=<built-in method builtins.len>
calls=2 0
489 200

fl=c:\Users\Pedro\faculdade\IniciacaoCientifica\grn\.env\Lib\site-packages\pandas\core\internals\construction.py
fn=_homogenize
553 27900
cfl=c:\Users\Pedro\faculdade\IniciacaoCientifica\grn\.env\Lib\site-packages\pandas\core\common.py
cfn=require_length_match
calls=24 596
553 21100
cfl=c:\Users\Pedro\faculdade\IniciacaoCientifica\grn\.env\Lib\site-packages\pandas\core\construction.py
cfn=sanitize_array
calls=24 531
553 213200
cfl=~
cfn=<built-in method builtins.isinstance>
calls=48 0
553 22000
cfl=~
cfn=<method 'append' of 'list' objects>
calls=48 0
553 6900

fl=c:\Users\Pedro\faculdade\IniciacaoCientifica\grn\.env\Lib\site-packages\pandas\core\internals\construction.py
fn=to_arrays
759 6300
cfl=c:\Users\Pedro\faculdade\IniciacaoCientifica\grn\.env\Lib\site-packages\pandas\core\internals\construction.py
cfn=_list_of_dict_to_arrays
calls=2 858
759 341600
cfl=c:\Users\Pedro\faculdade\IniciacaoCientifica\grn\.env\Lib\site-packages\pandas\core\internals\construction.py
cfn=_finalize_columns_and_data
calls=2 900
759 315000
cfl=~
cfn=<built-in method builtins.isinstance>
calls=6 0
759 3000
cfl=~
cfn=<built-in method builtins.len>
calls=2 0
759 200

fl=c:\Users\Pedro\faculdade\IniciacaoCientifica\grn\.env\Lib\site-packages\pandas\core\internals\construction.py
fn=_list_of_dict_to_arrays
858 21300
cfl=c:\Users\Pedro\faculdade\IniciacaoCientifica\grn\.env\Lib\site-packages\pandas\core\indexes\base.py
cfn=ensure_index
calls=2 7919
858 313100
cfl=c:\Users\Pedro\faculdade\IniciacaoCientifica\grn\.env\Lib\site-packages\pandas\core\internals\construction.py
cfn=<genexpr>:886
calls=4 886
858 4300
cfl=c:\Users\Pedro\faculdade\IniciacaoCientifica\grn\.env\Lib\site-packages\pandas\core\internals\construction.py
cfn=<genexpr>:887
calls=4 887
858 2900

fl=c:\Users\Pedro\faculdade\IniciacaoCientifica\grn\.env\Lib\site-packages\pandas\core\internals\construction.py
fn=<genexpr>:886
886 3800
cfl=~
cfn=<method 'keys' of 'dict' objects>
calls=2 0
886 500

fl=c:\Users\Pedro\faculdade\IniciacaoCientifica\grn\.env\Lib\site-packages\pandas\core\internals\construction.py
fn=<genexpr>:887
887 2700
cfl=~
cfn=<built-in method builtins.isinstance>
calls=2 0
887 200

fl=c:\Users\Pedro\faculdade\IniciacaoCientifica\grn\.env\Lib\site-packages\pandas\core\internals\construction.py
fn=_finalize_columns_and_data
900 13000
cfl=c:\Users\Pedro\faculdade\IniciacaoCientifica\grn\.env\Lib\site-packages\pandas\core\internals\construction.py
cfn=_validate_or_indexify_columns
calls=2 922
900 5300
cfl=c:\Users\Pedro\faculdade\IniciacaoCientifica\grn\.env\Lib\site-packages\pandas\core\internals\construction.py
cfn=convert_object_array
calls=2 977
900 296700

fl=c:\Users\Pedro\faculdade\IniciacaoCientifica\grn\.env\Lib\site-packages\pandas\core\internals\construction.py
fn=_validate_or_indexify_columns
922 1600
cfl=~
cfn=<built-in method builtins.isinstance>
calls=2 0
922 1000
cfl=~
cfn=<built-in method builtins.len>
calls=4 0
922 2700

fl=c:\Users\Pedro\faculdade\IniciacaoCientifica\grn\.env\Lib\site-packages\pandas\core\internals\construction.py
fn=convert_object_array
977 7700
cfl=c:\Users\Pedro\faculdade\IniciacaoCientifica\grn\.env\Lib\site-packages\pandas\core\internals\construction.py
cfn=convert
calls=24 999
977 289000

fl=c:\Users\Pedro\faculdade\IniciacaoCientifica\grn\.env\Lib\site-packages\pandas\core\internals\construction.py
fn=convert
999 122200
cfl=c:\Users\Pedro\faculdade\IniciacaoCientifica\grn\.env\Lib\site-packages\numpy\_core\numeric.py
cfn=full
calls=44 323
999 57700
cfl=c:\Users\Pedro\faculdade\IniciacaoCientifica\grn\.env\Lib\site-packages\pandas\_config\__init__.py
cfn=using_string_dtype
calls=10 33
999 1500
cfl=c:\Users\Pedro\faculdade\IniciacaoCientifica\grn\.env\Lib\site-packages\pandas\core\arrays\string_.py
cfn=__init__
calls=10 197
999 55500
cfl=c:\Users\Pedro\faculdade\IniciacaoCientifica\grn\.env\Lib\site-packages\pandas\core\arrays\string_.py
cfn=construct_array_type
calls=10 312
999 10900
cfl=c:\Users\Pedro\faculdade\IniciacaoCientifica\grn\.env\Lib\site-packages\pandas\core\arrays\string_.py
cfn=_from_sequence
calls=10 756
999 38900
cfl=~
cfn=<built-in method builtins.isinstance>
calls=24 0
999 2300

fl=c:\Users\Pedro\faculdade\IniciacaoCientifica\grn\.env\Lib\site-packages\pandas\core\internals\managers.py
fn=shape
215 3600
cfl=c:\Users\Pedro\faculdade\IniciacaoCientifica\grn\.env\Lib\site-packages\pandas\core\internals\managers.py
cfn=<genexpr>
calls=6 217
215 4000

fl=c:\Users\Pedro\faculdade\IniciacaoCientifica\grn\.env\Lib\site-packages\pandas\core\internals\managers.py
fn=<genexpr>
217 1600
cfl=~
cfn=<built-in method builtins.len>
calls=4 0
217 2400

fl=c:\Users\Pedro\faculdade\IniciacaoCientifica\grn\.env\Lib\site-packages\pandas\core\internals\managers.py
fn=blknos
223 21100
cfl=c:\Users\Pedro\faculdade\IniciacaoCientifica\grn\.env\Lib\site-packages\pandas\core\internals\managers.py
cfn=shape
calls=2 215
223 7600

fl=c:\Users\Pedro\faculdade\IniciacaoCientifica\grn\.env\Lib\site-packages\pandas\core\internals\managers.py
fn=blklocs
239 2800

fl=c:\Users\Pedro\faculdade\IniciacaoCientifica\grn\.env\Lib\site-packages\pandas\core\internals\managers.py
fn=apply
399 25600
cfl=c:\Users\Pedro\faculdade\IniciacaoCientifica\grn\.env\Lib\site-packages\pandas\core\indexes\base.py
cfn=view
calls=4 1033
399 14100
cfl=c:\Users\Pedro\faculdade\IniciacaoCientifica\grn\.env\Lib\site-packages\pandas\core\internals\blocks.py
cfn=get_values_for_csv
calls=16 624
399 576700
cfl=c:\Users\Pedro\faculdade\IniciacaoCientifica\grn\.env\Lib\site-packages\pandas\core\internals\blocks.py
cfn=extend_blocks
calls=16 2336
399 14600
cfl=c:\Users\Pedro\faculdade\IniciacaoCientifica\grn\.env\Lib\site-packages\pandas\core\internals\managers.py
cfn=from_blocks
calls=2 1130
399 3300
cfl=~
cfn=<built-in method builtins.callable>
calls=16 0
399 1900
cfl=~
cfn=<built-in method builtins.getattr>
calls=16 0
399 2600

fl=c:\Users\Pedro\faculdade\IniciacaoCientifica\grn\.env\Lib\site-packages\pandas\core\internals\managers.py
fn=get_values_for_csv
622 2700
cfl=c:\Users\Pedro\faculdade\IniciacaoCientifica\grn\.env\Lib\site-packages\pandas\core\internals\managers.py
cfn=apply
calls=2 399
622 638800

fl=c:\Users\Pedro\faculdade\IniciacaoCientifica\grn\.env\Lib\site-packages\pandas\core\internals\managers.py
fn=__init__
1095 1000

fl=c:\Users\Pedro\faculdade\IniciacaoCientifica\grn\.env\Lib\site-packages\pandas\core\internals\managers.py
fn=from_blocks
1130 3000
cfl=c:\Users\Pedro\faculdade\IniciacaoCientifica\grn\.env\Lib\site-packages\pandas\core\internals\managers.py
cfn=__init__
calls=2 1095
1130 300

fl=c:\Users\Pedro\faculdade\IniciacaoCientifica\grn\.env\Lib\site-packages\pandas\core\internals\managers.py
fn=iget_values
1227 17300
cfl=c:\Users\Pedro\faculdade\IniciacaoCientifica\grn\.env\Lib\site-packages\pandas\core\internals\blocks.py
cfn=iget
calls=24 961
1227 6400
cfl=c:\Users\Pedro\faculdade\IniciacaoCientifica\grn\.env\Lib\site-packages\pandas\core\internals\managers.py
cfn=blknos
calls=24 223
1227 28700
cfl=c:\Users\Pedro\faculdade\IniciacaoCientifica\grn\.env\Lib\site-packages\pandas\core\internals\managers.py
cfn=blklocs
calls=24 239
1227 2800

fl=c:\Users\Pedro\faculdade\IniciacaoCientifica\grn\.env\Lib\site-packages\pandas\core\internals\managers.py
fn=is_consolidated
1944 1800
cfl=c:\Users\Pedro\faculdade\IniciacaoCientifica\grn\.env\Lib\site-packages\pandas\core\internals\managers.py
cfn=_consolidate_check
calls=2 1952
1944 27800

fl=c:\Users\Pedro\faculdade\IniciacaoCientifica\grn\.env\Lib\site-packages\pandas\core\internals\managers.py
fn=_consolidate_check
1952 13000
cfl=c:\Users\Pedro\faculdade\IniciacaoCientifica\grn\.env\Lib\site-packages\pandas\core\internals\blocks.py
cfn=_can_consolidate
calls=16 173
1952 13300
cfl=c:\Users\Pedro\faculdade\IniciacaoCientifica\grn\.env\Lib\site-packages\pandas\core\internals\blocks.py
cfn=dtype
calls=6 573
1952 800
cfl=~
cfn=<built-in method builtins.len>
calls=6 0
1952 700

fl=c:\Users\Pedro\faculdade\IniciacaoCientifica\grn\.env\Lib\site-packages\pandas\core\internals\managers.py
fn=_consolidate_inplace
1962 1200
cfl=c:\Users\Pedro\faculdade\IniciacaoCientifica\grn\.env\Lib\site-packages\pandas\core\internals\managers.py
cfn=is_consolidated
calls=2 1944
1962 29600

fl=c:\Users\Pedro\faculdade\IniciacaoCientifica\grn\.env\Lib\site-packages\pandas\core\internals\managers.py
fn=create_block_manager_from_column_arrays
2319 12200
cfl=c:\Users\Pedro\faculdade\IniciacaoCientifica\grn\.env\Lib\site-packages\pandas\core\internals\managers.py
cfn=__init__
calls=2 1095
2319 400
cfl=c:\Users\Pedro\faculdade\IniciacaoCientifica\grn\.env\Lib\site-packages\pandas\core\internals\managers.py
cfn=_consolidate_inplace
calls=2 1962
2319 30800
cfl=c:\Users\Pedro\faculdade\IniciacaoCientifica\grn\.env\Lib\site-packages\pandas\core\internals\managers.py
cfn=_form_blocks
calls=2 2388
2319 145300

fl=c:\Users\Pedro\faculdade\IniciacaoCientifica\grn\.env\Lib\site-packages\pandas\core\internals\managers.py
fn=_grouping_func
2375 11600
cfl=c:\Users\Pedro\faculdade\IniciacaoCientifica\grn\.env\Lib\site-packages\pandas\core\arrays\numpy_.py
cfn=dtype
calls=10 179
2375 1100
cfl=c:\Users\Pedro\faculdade\IniciacaoCientifica\grn\.env\Lib\site-packages\pandas\core\dtypes\common.py
cfn=is_1d_only_ea_dtype
calls=24 1473
2375 10100
cfl=~
cfn=<built-in method builtins.id>
calls=10 0
2375 1300

fl=c:\Users\Pedro\faculdade\IniciacaoCientifica\grn\.env\Lib\site-packages\pandas\core\internals\managers.py
fn=_form_blocks
2388 53600
cfl=c:\Users\Pedro\faculdade\IniciacaoCientifica\grn\.env\Lib\site-packages\numpy\_core\_asarray.py
cfn=require
calls=6 22
2388 19500
cfl=c:\Users\Pedro\faculdade\IniciacaoCientifica\grn\.env\Lib\site-packages\pandas\core\dtypes\common.py
cfn=is_1d_only_ea_dtype
calls=10 1473
2388 4300
cfl=c:\Users\Pedro\faculdade\IniciacaoCientifica\grn\.env\Lib\site-packages\pandas\core\internals\blocks.py
cfn=get_block_type
calls=16 2216
2388 12100
cfl=c:\Users\Pedro\faculdade\IniciacaoCientifica\grn\.env\Lib\site-packages\pandas\core\internals\managers.py
cfn=_grouping_func
calls=12 2375
2388 15400
cfl=c:\Users\Pedro\faculdade\IniciacaoCientifica\grn\.env\Lib\site-packages\pandas\core\internals\managers.py
cfn=_stack_arrays
calls=6 2444
2388 34600
cfl=~
cfn=<built-in method builtins.isinstance>
calls=16 0
2388 2300
cfl=~
cfn=<built-in method builtins.issubclass>
calls=6 0
2388 1000
cfl=~
cfn=<method 'append' of 'list' objects>
calls=6 0
2388 800
cfl=~
cfn=<method 'extend' of 'list' objects>
calls=10 0
2388 1700

fl=c:\Users\Pedro\faculdade\IniciacaoCientifica\grn\.env\Lib\site-packages\pandas\core\internals\managers.py
fn=_stack_arrays
2444 23200
cfl=c:\Users\Pedro\faculdade\IniciacaoCientifica\grn\.env\Lib\site-packages\pandas\core\internals\managers.py
cfn=_grouping_func
calls=12 2375
2444 8700
cfl=~
cfn=<built-in method builtins.len>
calls=6 0
2444 500
cfl=~
cfn=<built-in method numpy.empty>
calls=6 0
2444 2200

fl=c:\Users\Pedro\faculdade\IniciacaoCientifica\grn\.env\Lib\site-packages\pandas\io\common.py
fn=close
126 4700
cfl=~
cfn=<method 'close' of '_io.TextIOWrapper' objects>
calls=2 0
126 189200

fl=c:\Users\Pedro\faculdade\IniciacaoCientifica\grn\.env\Lib\site-packages\pandas\io\common.py
fn=__enter__
143 400

fl=c:\Users\Pedro\faculdade\IniciacaoCientifica\grn\.env\Lib\site-packages\pandas\io\common.py
fn=__exit__
146 2500
cfl=c:\Users\Pedro\faculdade\IniciacaoCientifica\grn\.env\Lib\site-packages\pandas\io\common.py
cfn=close
calls=2 126
146 193900

fl=c:\Users\Pedro\faculdade\IniciacaoCientifica\grn\.env\Lib\site-packages\pandas\io\common.py
fn=is_url
155 4900
cfl=C:\Users\Pedro\AppData\Local\Python\pythoncore-3.14-64\Lib\urllib\parse.py
cfn=urlparse
calls=2 374
155 32900
cfl=~
cfn=<built-in method builtins.isinstance>
calls=2 0
155 300

fl=c:\Users\Pedro\faculdade\IniciacaoCientifica\grn\.env\Lib\site-packages\pandas\io\common.py
fn=_expand_user
181 5800
cfl=<frozen ntpath>
cfn=expanduser
calls=6 343
181 6700
cfl=~
cfn=<built-in method builtins.isinstance>
calls=6 0
181 500

fl=c:\Users\Pedro\faculdade\IniciacaoCientifica\grn\.env\Lib\site-packages\pandas\io\common.py
fn=stringify_path
241 3900
cfl=c:\Users\Pedro\faculdade\IniciacaoCientifica\grn\.env\Lib\site-packages\pandas\core\dtypes\inference.py
cfn=is_file_like
calls=2 106
241 1900
cfl=c:\Users\Pedro\faculdade\IniciacaoCientifica\grn\.env\Lib\site-packages\pandas\io\common.py
cfn=_expand_user
calls=4 181
241 9900
cfl=~
cfn=<built-in method builtins.isinstance>
calls=4 0
241 3800

fl=c:\Users\Pedro\faculdade\IniciacaoCientifica\grn\.env\Lib\site-packages\pandas\io\common.py
fn=is_fsspec_url
285 3300
cfl=~
cfn=<built-in method builtins.isinstance>
calls=2 0
285 100
cfl=~
cfn=<method 'match' of 're.Pattern' objects>
calls=2 0
285 1700

fl=c:\Users\Pedro\faculdade\IniciacaoCientifica\grn\.env\Lib\site-packages\pandas\io\common.py
fn=_get_filepath_or_buffer
297 17900
cfl=<string>
cfn=__init__:2
calls=2 2
297 2000
cfl=c:\Users\Pedro\faculdade\IniciacaoCientifica\grn\.env\Lib\site-packages\pandas\io\common.py
cfn=is_url
calls=2 155
297 38100
cfl=c:\Users\Pedro\faculdade\IniciacaoCientifica\grn\.env\Lib\site-packages\pandas\io\common.py
cfn=_expand_user
calls=2 181
297 3100
cfl=c:\Users\Pedro\faculdade\IniciacaoCientifica\grn\.env\Lib\site-packages\pandas\io\common.py
cfn=stringify_path
calls=2 241
297 14000
cfl=c:\Users\Pedro\faculdade\IniciacaoCientifica\grn\.env\Lib\site-packages\pandas\io\common.py
cfn=is_fsspec_url
calls=2 285
297 5100
cfl=c:\Users\Pedro\faculdade\IniciacaoCientifica\grn\.env\Lib\site-packages\pandas\io\common.py
cfn=get_compression_method
calls=2 539
297 4000
cfl=c:\Users\Pedro\faculdade\IniciacaoCientifica\grn\.env\Lib\site-packages\pandas\io\common.py
cfn=infer_compression
calls=2 574
297 22400
cfl=~
cfn=<built-in method builtins.isinstance>
calls=4 0
297 600

fl=c:\Users\Pedro\faculdade\IniciacaoCientifica\grn\.env\Lib\site-packages\pandas\io\common.py
fn=get_compression_method
539 1100
cfl=~
cfn=<built-in method builtins.isinstance>
calls=2 0
539 2900

fl=c:\Users\Pedro\faculdade\IniciacaoCientifica\grn\.env\Lib\site-packages\pandas\io\common.py
fn=infer_compression
574 11200
cfl=c:\Users\Pedro\faculdade\IniciacaoCientifica\grn\.env\Lib\site-packages\pandas\io\common.py
cfn=stringify_path
calls=2 241
574 5500
cfl=~
cfn=<built-in method builtins.isinstance>
calls=4 0
574 300
cfl=~
cfn=<method 'endswith' of 'str' objects>
calls=18 0
574 2300
cfl=~
cfn=<method 'items' of 'dict' objects>
calls=2 0
574 500
cfl=~
cfn=<method 'lower' of 'str' objects>
calls=18 0
574 2600

fl=c:\Users\Pedro\faculdade\IniciacaoCientifica\grn\.env\Lib\site-packages\pandas\io\common.py
fn=check_parent_directory
645 8800
cfl=C:\Users\Pedro\AppData\Local\Python\pythoncore-3.14-64\Lib\pathlib\__init__.py
cfn=__init__
calls=2 135
645 3900
cfl=C:\Users\Pedro\AppData\Local\Python\pythoncore-3.14-64\Lib\pathlib\__init__.py
cfn=parent
calls=2 381
645 35500
cfl=C:\Users\Pedro\AppData\Local\Python\pythoncore-3.14-64\Lib\pathlib\__init__.py
cfn=__new__
calls=2 632
645 3400
cfl=C:\Users\Pedro\AppData\Local\Python\pythoncore-3.14-64\Lib\pathlib\__init__.py
cfn=is_dir
calls=2 674
645 144500

fl=c:\Users\Pedro\faculdade\IniciacaoCientifica\grn\.env\Lib\site-packages\pandas\io\common.py
fn=get_handle
701 36500
cfl=<string>
cfn=__init__:2
calls=2 2
701 1300
cfl=c:\Users\Pedro\faculdade\IniciacaoCientifica\grn\.env\Lib\site-packages\pandas\io\common.py
cfn=_get_filepath_or_buffer
calls=2 297
701 107200
cfl=c:\Users\Pedro\faculdade\IniciacaoCientifica\grn\.env\Lib\site-packages\pandas\io\common.py
cfn=check_parent_directory
calls=2 645
701 196100
cfl=c:\Users\Pedro\faculdade\IniciacaoCientifica\grn\.env\Lib\site-packages\pandas\io\common.py
cfn=_maybe_memory_map
calls=2 1178
701 2400
cfl=c:\Users\Pedro\faculdade\IniciacaoCientifica\grn\.env\Lib\site-packages\pandas\io\common.py
cfn=_is_binary_mode
calls=4 1228
701 22000
cfl=~
cfn=<built-in method _codecs.lookup>
calls=2 0
701 1400
cfl=~
cfn=<built-in method _codecs.lookup_error>
calls=2 0
701 1500
cfl=~
cfn=<built-in method _io.open>
calls=2 0
701 402000
cfl=~
cfn=<built-in method builtins.isinstance>
calls=6 0
701 300
cfl=~
cfn=<method 'append' of 'list' objects>
calls=2 0
701 500
cfl=~
cfn=<method 'pop' of 'dict' objects>
calls=2 0
701 800
cfl=~
cfn=<method 'reverse' of 'list' objects>
calls=2 0
701 600

fl=c:\Users\Pedro\faculdade\IniciacaoCientifica\grn\.env\Lib\site-packages\pandas\io\common.py
fn=_maybe_memory_map
1178 1800
cfl=~
cfn=<built-in method builtins.hasattr>
calls=2 0
1178 400
cfl=~
cfn=<built-in method builtins.isinstance>
calls=2 0
1178 200

fl=c:\Users\Pedro\faculdade\IniciacaoCientifica\grn\.env\Lib\site-packages\pandas\io\common.py
fn=_is_binary_mode
1228 9300
cfl=~
cfn=<built-in method builtins.getattr>
calls=4 0
1228 800
cfl=~
cfn=<built-in method builtins.isinstance>
calls=4 0
1228 11100
cfl=~
cfn=<built-in method builtins.issubclass>
calls=4 0
1228 800

fl=c:\Users\Pedro\faculdade\IniciacaoCientifica\grn\.env\Lib\site-packages\pandas\io\formats\csvs.py
fn=__init__
59 5100
cfl=c:\Users\Pedro\faculdade\IniciacaoCientifica\grn\.env\Lib\site-packages\pandas\io\formats\csvs.py
cfn=_initialize_index_label
calls=2 121
59 8200
cfl=c:\Users\Pedro\faculdade\IniciacaoCientifica\grn\.env\Lib\site-packages\pandas\io\formats\csvs.py
cfn=_initialize_quotechar
calls=2 143
59 200
cfl=c:\Users\Pedro\faculdade\IniciacaoCientifica\grn\.env\Lib\site-packages\pandas\io\formats\csvs.py
cfn=_initialize_columns
calls=2 153
59 152400
cfl=c:\Users\Pedro\faculdade\IniciacaoCientifica\grn\.env\Lib\site-packages\pandas\io\formats\csvs.py
cfn=_initialize_chunksize
calls=2 174
59 1700

fl=c:\Users\Pedro\faculdade\IniciacaoCientifica\grn\.env\Lib\site-packages\pandas\io\formats\csvs.py
fn=na_rep
101 400

fl=c:\Users\Pedro\faculdade\IniciacaoCientifica\grn\.env\Lib\site-packages\pandas\io\formats\csvs.py
fn=float_format
105 400

fl=c:\Users\Pedro\faculdade\IniciacaoCientifica\grn\.env\Lib\site-packages\pandas\io\formats\csvs.py
fn=decimal
109 300

fl=c:\Users\Pedro\faculdade\IniciacaoCientifica\grn\.env\Lib\site-packages\pandas\io\formats\csvs.py
fn=header
113 1000

fl=c:\Users\Pedro\faculdade\IniciacaoCientifica\grn\.env\Lib\site-packages\pandas\io\formats\csvs.py
fn=index
117 500

fl=c:\Users\Pedro\faculdade\IniciacaoCientifica\grn\.env\Lib\site-packages\pandas\io\formats\csvs.py
fn=_initialize_index_label
121 1000
cfl=c:\Users\Pedro\faculdade\IniciacaoCientifica\grn\.env\Lib\site-packages\pandas\io\formats\csvs.py
cfn=_get_index_label_from_obj
calls=2 130
121 7200

fl=c:\Users\Pedro\faculdade\IniciacaoCientifica\grn\.env\Lib\site-packages\pandas\io\formats\csvs.py
fn=_get_index_label_from_obj
130 2400
cfl=c:\Users\Pedro\faculdade\IniciacaoCientifica\grn\.env\Lib\site-packages\pandas\io\formats\csvs.py
cfn=_get_index_label_flat
calls=2 139
130 2300
cfl=~
cfn=<built-in method builtins.isinstance>
calls=2 0
130 2500

fl=c:\Users\Pedro\faculdade\IniciacaoCientifica\grn\.env\Lib\site-packages\pandas\io\formats\csvs.py
fn=_get_index_label_flat
139 1900
cfl=c:\Users\Pedro\faculdade\IniciacaoCientifica\grn\.env\Lib\site-packages\pandas\core\indexes\base.py
cfn=name
calls=2 1779
139 400

fl=c:\Users\Pedro\faculdade\IniciacaoCientifica\grn\.env\Lib\site-packages\pandas\io\formats\csvs.py
fn=_initialize_quotechar
143 200

fl=c:\Users\Pedro\faculdade\IniciacaoCientifica\grn\.env\Lib\site-packages\pandas\io\formats\csvs.py
fn=has_mi_columns
149 5900
cfl=~
cfn=<built-in method builtins.isinstance>
calls=6 0
149 6700

fl=c:\Users\Pedro\faculdade\IniciacaoCientifica\grn\.env\Lib\site-packages\pandas\io\formats\csvs.py
fn=_initialize_columns
153 4900
cfl=c:\Users\Pedro\faculdade\IniciacaoCientifica\grn\.env\Lib\site-packages\pandas\core\indexes\base.py
cfn=_get_values_for_csv
calls=2 1574
153 141100
cfl=c:\Users\Pedro\faculdade\IniciacaoCientifica\grn\.env\Lib\site-packages\pandas\io\formats\csvs.py
cfn=has_mi_columns
calls=2 149
153 3000
cfl=c:\Users\Pedro\faculdade\IniciacaoCientifica\grn\.env\Lib\site-packages\pandas\io\formats\csvs.py
cfn=_number_format
calls=2 179
153 3400

fl=c:\Users\Pedro\faculdade\IniciacaoCientifica\grn\.env\Lib\site-packages\pandas\io\formats\csvs.py
fn=_initialize_chunksize
174 1500
cfl=~
cfn=<built-in method builtins.len>
calls=2 0
174 200

fl=c:\Users\Pedro\faculdade\IniciacaoCientifica\grn\.env\Lib\site-packages\pandas\io\formats\csvs.py
fn=_number_format
179 5100
cfl=c:\Users\Pedro\faculdade\IniciacaoCientifica\grn\.env\Lib\site-packages\pandas\io\formats\csvs.py
cfn=na_rep
calls=4 101
179 400
cfl=c:\Users\Pedro\faculdade\IniciacaoCientifica\grn\.env\Lib\site-packages\pandas\io\formats\csvs.py
cfn=float_format
calls=4 105
179 400
cfl=c:\Users\Pedro\faculdade\IniciacaoCientifica\grn\.env\Lib\site-packages\pandas\io\formats\csvs.py
cfn=decimal
calls=4 109
179 300

fl=c:\Users\Pedro\faculdade\IniciacaoCientifica\grn\.env\Lib\site-packages\pandas\io\formats\csvs.py
fn=data_index
190 1800
cfl=~
cfn=<built-in method builtins.isinstance>
calls=4 0
190 5900

fl=c:\Users\Pedro\faculdade\IniciacaoCientifica\grn\.env\Lib\site-packages\pandas\io\formats\csvs.py
fn=nlevels
204 1400
cfl=c:\Users\Pedro\faculdade\IniciacaoCientifica\grn\.env\Lib\site-packages\pandas\io\formats\csvs.py
cfn=index
calls=4 117
204 300

fl=c:\Users\Pedro\faculdade\IniciacaoCientifica\grn\.env\Lib\site-packages\pandas\io\formats\csvs.py
fn=_has_aliases
211 4000
cfl=c:\Users\Pedro\faculdade\IniciacaoCientifica\grn\.env\Lib\site-packages\pandas\io\formats\csvs.py
cfn=header
calls=4 113
211 700
cfl=~
cfn=<built-in method builtins.isinstance>
calls=4 0
211 6900

fl=c:\Users\Pedro\faculdade\IniciacaoCientifica\grn\.env\Lib\site-packages\pandas\io\formats\csvs.py
fn=_need_to_save_header
215 2000
cfl=c:\Users\Pedro\faculdade\IniciacaoCientifica\grn\.env\Lib\site-packages\pandas\io\formats\csvs.py
cfn=header
calls=2 113
215 300
cfl=c:\Users\Pedro\faculdade\IniciacaoCientifica\grn\.env\Lib\site-packages\pandas\io\formats\csvs.py
cfn=_has_aliases
calls=2 211
215 8800

fl=c:\Users\Pedro\faculdade\IniciacaoCientifica\grn\.env\Lib\site-packages\pandas\io\formats\csvs.py
fn=write_cols
219 11400
cfl=C:\Users\Pedro\AppData\Local\Python\pythoncore-3.14-64\Lib\typing.py
cfn=inner
calls=2 396
219 3000
cfl=C:\Users\Pedro\AppData\Local\Python\pythoncore-3.14-64\Lib\typing.py
cfn=cast
calls=2 2300
219 200
cfl=c:\Users\Pedro\faculdade\IniciacaoCientifica\grn\.env\Lib\site-packages\pandas\io\formats\csvs.py
cfn=_has_aliases
calls=2 211
219 2800

fl=c:\Users\Pedro\faculdade\IniciacaoCientifica\grn\.env\Lib\site-packages\pandas\io\formats\csvs.py
fn=encoded_labels
233 10500
cfl=c:\Users\Pedro\faculdade\IniciacaoCientifica\grn\.env\Lib\site-packages\pandas\io\formats\csvs.py
cfn=index
calls=2 117
233 200
cfl=c:\Users\Pedro\faculdade\IniciacaoCientifica\grn\.env\Lib\site-packages\pandas\io\formats\csvs.py
cfn=has_mi_columns
calls=2 149
233 2500
cfl=c:\Users\Pedro\faculdade\IniciacaoCientifica\grn\.env\Lib\site-packages\pandas\io\formats\csvs.py
cfn=write_cols
calls=2 219
233 17400

fl=c:\Users\Pedro\faculdade\IniciacaoCientifica\grn\.env\Lib\site-packages\pandas\io\formats\csvs.py
fn=save
246 20400
cfl=c:\Users\Pedro\faculdade\IniciacaoCientifica\grn\.env\Lib\site-packages\pandas\io\common.py
cfn=__enter__
calls=2 143
246 400
cfl=c:\Users\Pedro\faculdade\IniciacaoCientifica\grn\.env\Lib\site-packages\pandas\io\common.py
cfn=__exit__
calls=2 146
246 196400
cfl=c:\Users\Pedro\faculdade\IniciacaoCientifica\grn\.env\Lib\site-packages\pandas\io\common.py
cfn=get_handle
calls=2 701
246 772600
cfl=c:\Users\Pedro\faculdade\IniciacaoCientifica\grn\.env\Lib\site-packages\pandas\io\formats\csvs.py
cfn=_save
calls=2 274
246 1060300
cfl=~
cfn=<built-in method _csv.writer>
calls=2 0
246 7800

fl=c:\Users\Pedro\faculdade\IniciacaoCientifica\grn\.env\Lib\site-packages\pandas\io\formats\csvs.py
fn=_save
274 3000
cfl=c:\Users\Pedro\faculdade\IniciacaoCientifica\grn\.env\Lib\site-packages\pandas\io\formats\csvs.py
cfn=_need_to_save_header
calls=2 215
274 11100
cfl=c:\Users\Pedro\faculdade\IniciacaoCientifica\grn\.env\Lib\site-packages\pandas\io\formats\csvs.py
cfn=_save_header
calls=2 279
274 46900
cfl=c:\Users\Pedro\faculdade\IniciacaoCientifica\grn\.env\Lib\site-packages\pandas\io\formats\csvs.py
cfn=_save_body
calls=2 307
274 999300

fl=c:\Users\Pedro\faculdade\IniciacaoCientifica\grn\.env\Lib\site-packages\pandas\io\formats\csvs.py
fn=_save_header
279 3900
cfl=c:\Users\Pedro\faculdade\IniciacaoCientifica\grn\.env\Lib\site-packages\pandas\io\formats\csvs.py
cfn=has_mi_columns
calls=2 149
279 7100
cfl=c:\Users\Pedro\faculdade\IniciacaoCientifica\grn\.env\Lib\site-packages\pandas\io\formats\csvs.py
cfn=encoded_labels
calls=2 233
279 30600
cfl=~
cfn=<method 'writerow' of '_csv.writer' objects>
calls=2 0
279 5300

fl=c:\Users\Pedro\faculdade\IniciacaoCientifica\grn\.env\Lib\site-packages\pandas\io\formats\csvs.py
fn=_save_body
307 18200
cfl=c:\Users\Pedro\faculdade\IniciacaoCientifica\grn\.env\Lib\site-packages\pandas\io\formats\csvs.py
cfn=data_index
calls=2 190
307 7700
cfl=c:\Users\Pedro\faculdade\IniciacaoCientifica\grn\.env\Lib\site-packages\pandas\io\formats\csvs.py
cfn=_save_chunk
calls=2 317
307 970000
cfl=~
cfn=<built-in method builtins.len>
calls=2 0
307 2700
cfl=~
cfn=<built-in method builtins.min>
calls=2 0
307 700

fl=c:\Users\Pedro\faculdade\IniciacaoCientifica\grn\.env\Lib\site-packages\pandas\io\formats\csvs.py
fn=_save_chunk
317 43200
cfl=c:\Users\Pedro\faculdade\IniciacaoCientifica\grn\.env\Lib\site-packages\pandas\core\frame.py
cfn=_get_values_for_csv
calls=2 1386
317 650000
cfl=c:\Users\Pedro\faculdade\IniciacaoCientifica\grn\.env\Lib\site-packages\pandas\core\frame.py
cfn=_iter_column_arrays
calls=26 4326
317 72100
cfl=c:\Users\Pedro\faculdade\IniciacaoCientifica\grn\.env\Lib\site-packages\pandas\core\indexing.py
cfn=iloc
calls=2 159
317 2200
cfl=c:\Users\Pedro\faculdade\IniciacaoCientifica\grn\.env\Lib\site-packages\pandas\core\indexing.py
cfn=__getitem__
calls=2 1192
317 197000
cfl=c:\Users\Pedro\faculdade\IniciacaoCientifica\grn\.env\Lib\site-packages\pandas\io\formats\csvs.py
cfn=_number_format
calls=2 179
317 2800
cfl=c:\Users\Pedro\faculdade\IniciacaoCientifica\grn\.env\Lib\site-packages\pandas\io\formats\csvs.py
cfn=nlevels
calls=4 204
317 1700
cfl=~
cfn=<built-in method numpy.empty>
calls=2 0
317 1000

fl=c:\Users\Pedro\faculdade\IniciacaoCientifica\grn\.env\Lib\site-packages\pandas\io\formats\format.py
fn=__init__:425
425 10500
cfl=c:\Users\Pedro\faculdade\IniciacaoCientifica\grn\.env\Lib\site-packages\pandas\io\formats\format.py
cfn=_initialize_sparsify
calls=2 526
425 7400
cfl=c:\Users\Pedro\faculdade\IniciacaoCientifica\grn\.env\Lib\site-packages\pandas\io\formats\format.py
cfn=_initialize_formatters
calls=2 531
425 200
cfl=c:\Users\Pedro\faculdade\IniciacaoCientifica\grn\.env\Lib\site-packages\pandas\io\formats\format.py
cfn=_initialize_justify
calls=2 544
425 11700
cfl=c:\Users\Pedro\faculdade\IniciacaoCientifica\grn\.env\Lib\site-packages\pandas\io\formats\format.py
cfn=_initialize_columns
calls=2 550
425 1900
cfl=c:\Users\Pedro\faculdade\IniciacaoCientifica\grn\.env\Lib\site-packages\pandas\io\formats\format.py
cfn=_initialize_colspace
calls=2 558
425 400
cfl=c:\Users\Pedro\faculdade\IniciacaoCientifica\grn\.env\Lib\site-packages\pandas\io\formats\format.py
cfn=_calc_max_cols_fitted
calls=2 582
425 2400
cfl=c:\Users\Pedro\faculdade\IniciacaoCientifica\grn\.env\Lib\site-packages\pandas\io\formats\format.py
cfn=_calc_max_rows_fitted
calls=2 593
425 1900
cfl=c:\Users\Pedro\faculdade\IniciacaoCientifica\grn\.env\Lib\site-packages\pandas\io\formats\format.py
cfn=truncate
calls=2 650
425 3100
cfl=c:\Users\Pedro\faculdade\IniciacaoCientifica\grn\.env\Lib\site-packages\pandas\io\formats\format.py
cfn=_validate_float_format
calls=2 851
425 200
cfl=c:\Users\Pedro\faculdade\IniciacaoCientifica\grn\.env\Lib\site-packages\pandas\io\formats\printing.py
cfn=get_adjustment
calls=2 582
425 17400

fl=c:\Users\Pedro\faculdade\IniciacaoCientifica\grn\.env\Lib\site-packages\pandas\io\formats\format.py
fn=is_truncated_horizontally
494 600

fl=c:\Users\Pedro\faculdade\IniciacaoCientifica\grn\.env\Lib\site-packages\pandas\io\formats\format.py
fn=is_truncated_vertically
498 600

fl=c:\Users\Pedro\faculdade\IniciacaoCientifica\grn\.env\Lib\site-packages\pandas\io\formats\format.py
fn=_initialize_sparsify
526 700
cfl=c:\Users\Pedro\faculdade\IniciacaoCientifica\grn\.env\Lib\site-packages\pandas\_config\config.py
cfn=get_option
calls=2 143
526 6700

fl=c:\Users\Pedro\faculdade\IniciacaoCientifica\grn\.env\Lib\site-packages\pandas\io\formats\format.py
fn=_initialize_formatters
531 200

fl=c:\Users\Pedro\faculdade\IniciacaoCientifica\grn\.env\Lib\site-packages\pandas\io\formats\format.py
fn=_initialize_justify
544 1100
cfl=c:\Users\Pedro\faculdade\IniciacaoCientifica\grn\.env\Lib\site-packages\pandas\_config\config.py
cfn=get_option
calls=2 143
544 10600

fl=c:\Users\Pedro\faculdade\IniciacaoCientifica\grn\.env\Lib\site-packages\pandas\io\formats\format.py
fn=_initialize_columns
550 1900

fl=c:\Users\Pedro\faculdade\IniciacaoCientifica\grn\.env\Lib\site-packages\pandas\io\formats\format.py
fn=_initialize_colspace
558 400

fl=c:\Users\Pedro\faculdade\IniciacaoCientifica\grn\.env\Lib\site-packages\pandas\io\formats\format.py
fn=_calc_max_cols_fitted
582 900
cfl=c:\Users\Pedro\faculdade\IniciacaoCientifica\grn\.env\Lib\site-packages\pandas\io\formats\format.py
cfn=_is_in_terminal
calls=2 626
582 1500

fl=c:\Users\Pedro\faculdade\IniciacaoCientifica\grn\.env\Lib\site-packages\pandas\io\formats\format.py
fn=_calc_max_rows_fitted
593 1200
cfl=c:\Users\Pedro\faculdade\IniciacaoCientifica\grn\.env\Lib\site-packages\pandas\io\formats\format.py
cfn=_adjust_max_rows
calls=2 612
593 200
cfl=c:\Users\Pedro\faculdade\IniciacaoCientifica\grn\.env\Lib\site-packages\pandas\io\formats\format.py
cfn=_is_in_terminal
calls=2 626
593 500

fl=c:\Users\Pedro\faculdade\IniciacaoCientifica\grn\.env\Lib\site-packages\pandas\io\formats\format.py
fn=_adjust_max_rows
612 200

fl=c:\Users\Pedro\faculdade\IniciacaoCientifica\grn\.env\Lib\site-packages\pandas\io\formats\format.py
fn=_is_in_terminal
626 2000

fl=c:\Users\Pedro\faculdade\IniciacaoCientifica\grn\.env\Lib\site-packages\pandas\io\formats\format.py
fn=truncate
650 1900
cfl=c:\Users\Pedro\faculdade\IniciacaoCientifica\grn\.env\Lib\site-packages\pandas\io\formats\format.py
cfn=is_truncated_horizontally
calls=2 494
650 600
cfl=c:\Users\Pedro\faculdade\IniciacaoCientifica\grn\.env\Lib\site-packages\pandas\io\formats\format.py
cfn=is_truncated_vertically
calls=2 498
650 600

fl=c:\Users\Pedro\faculdade\IniciacaoCientifica\grn\.env\Lib\site-packages\pandas\io\formats\format.py
fn=_validate_float_format
851 200

fl=c:\Users\Pedro\faculdade\IniciacaoCientifica\grn\.env\Lib\site-packages\pandas\io\formats\format.py
fn=__init__:892
892 200

fl=c:\Users\Pedro\faculdade\IniciacaoCientifica\grn\.env\Lib\site-packages\pandas\io\formats\format.py
fn=to_csv
976 11200
cfl=c:\Users\Pedro\faculdade\IniciacaoCientifica\grn\.env\Lib\site-packages\pandas\io\formats\csvs.py
cfn=__init__
calls=2 59
976 167600
cfl=c:\Users\Pedro\faculdade\IniciacaoCientifica\grn\.env\Lib\site-packages\pandas\io\formats\csvs.py
cfn=save
calls=2 246
976 2057900

fl=c:\Users\Pedro\faculdade\IniciacaoCientifica\grn\.env\Lib\site-packages\pandas\io\formats\printing.py
fn=__init__
522 700
cfl=c:\Users\Pedro\faculdade\IniciacaoCientifica\grn\.env\Lib\site-packages\pandas\_config\config.py
cfn=get_option
calls=2 143
522 6700

fl=c:\Users\Pedro\faculdade\IniciacaoCientifica\grn\.env\Lib\site-packages\pandas\io\formats\printing.py
fn=get_adjustment
582 3200
cfl=c:\Users\Pedro\faculdade\IniciacaoCientifica\grn\.env\Lib\site-packages\pandas\_config\config.py
cfn=get_option
calls=2 143
582 6800
cfl=c:\Users\Pedro\faculdade\IniciacaoCientifica\grn\.env\Lib\site-packages\pandas\io\formats\printing.py
cfn=__init__
calls=2 522
582 7400

fl=c:\Users\Pedro\faculdade\IniciacaoCientifica\grn\.env\Lib\site-packages\scipy\_lib\_util.py
fn=wrapper
291 1004100
cfl=c:\Users\Pedro\faculdade\IniciacaoCientifica\grn\.env\Lib\site-packages\scipy\optimize\_differentialevolution.py
cfn=differential_evolution
calls=0 25
291 0
cfl=~
cfn=<built-in method builtins.len>
calls=1 0
291 200
cfl=~
cfn=<method 'pop' of 'dict' objects>
calls=1 0
291 500

fl=c:\Users\Pedro\faculdade\IniciacaoCientifica\grn\.env\Lib\site-packages\scipy\_lib\_util.py
fn=check_random_state
393 71900
cfl=<frozen abc>
cfn=__instancecheck__
calls=1 117
393 1000
cfl=C:\Users\Pedro\AppData\Local\Python\pythoncore-3.14-64\Lib\random.py
cfn=getrandbits
calls=1 901
393 6700
cfl=C:\Users\Pedro\AppData\Local\Python\pythoncore-3.14-64\Lib\threading.py
cfn=RLock
calls=1 126
393 900
cfl=c:\Users\Pedro\faculdade\IniciacaoCientifica\grn\.env\Lib\site-packages\numpy\_core\_ufunc_config.py
cfn=inner
calls=1 496
393 44900
cfl=c:\Users\Pedro\faculdade\IniciacaoCientifica\grn\.env\Lib\site-packages\numpy\_core\multiarray.py
cfn=concatenate
calls=1 197
393 200
cfl=~
cfn=<built-in method builtins.isinstance>
calls=1 0
393 9200

fl=c:\Users\Pedro\faculdade\IniciacaoCientifica\grn\.env\Lib\site-packages\scipy\_lib\_util.py
fn=__init__:583
583 600

fl=c:\Users\Pedro\faculdade\IniciacaoCientifica\grn\.env\Lib\site-packages\scipy\_lib\_util.py
fn=__call__:587
587 1600
cfl=c:\Users\Pedro\faculdade\IniciacaoCientifica\grn\PythonCode\Modules\Methods.py
cfn=objective_function
calls=1 197
587 94900

fl=c:\Users\Pedro\faculdade\IniciacaoCientifica\grn\.env\Lib\site-packages\scipy\_lib\_util.py
fn=__init__:633
633 1600
cfl=~
cfn=<built-in method builtins.callable>
calls=1 0
633 400

fl=c:\Users\Pedro\faculdade\IniciacaoCientifica\grn\.env\Lib\site-packages\scipy\_lib\_util.py
fn=__exit__
684 300

fl=c:\Users\Pedro\faculdade\IniciacaoCientifica\grn\.env\Lib\site-packages\scipy\_lib\_util.py
fn=__call__:689
689 1700
cfl=c:\Users\Pedro\faculdade\IniciacaoCientifica\grn\.env\Lib\site-packages\scipy\optimize\_differentialevolution.py
cfn=maplike_for_vectorized_func
calls=1 849
689 99500

fl=c:\Users\Pedro\faculdade\IniciacaoCientifica\grn\.env\Lib\site-packages\scipy\optimize\_differentialevolution.py
fn=differential_evolution
25 7800
cfl=c:\Users\Pedro\faculdade\IniciacaoCientifica\grn\.env\Lib\site-packages\IPython\core\history.py
cfn=_writeout_output_cache
calls=1 1047
25 4200
cfl=c:\Users\Pedro\faculdade\IniciacaoCientifica\grn\.env\Lib\site-packages\scipy\optimize\_differentialevolution.py
cfn=__init__
calls=0 805
25 0
cfl=c:\Users\Pedro\faculdade\IniciacaoCientifica\grn\.env\Lib\site-packages\traitlets\traitlets.py
cfn=__set__
calls=2 727
25 44200
cfl=~
cfn=<method '__enter__' of '_thread.lock' objects>
calls=1 0
25 300
cfl=~
cfn=<method '__exit__' of '_thread.lock' objects>
calls=2 0
25 400

fl=c:\Users\Pedro\faculdade\IniciacaoCientifica\grn\.env\Lib\site-packages\scipy\optimize\_differentialevolution.py
fn=__init__
805 12100
cfl=c:\Users\Pedro\faculdade\IniciacaoCientifica\grn\.env\Lib\site-packages\numpy\_core\_ufunc_config.py
cfn=__init__
calls=1 462
805 500
cfl=c:\Users\Pedro\faculdade\IniciacaoCientifica\grn\.env\Lib\site-packages\numpy\_core\_ufunc_config.py
cfn=__enter__
calls=1 472
805 4600
cfl=c:\Users\Pedro\faculdade\IniciacaoCientifica\grn\.env\Lib\site-packages\numpy\_core\_ufunc_config.py
cfn=__exit__
calls=1 488
805 2100
cfl=c:\Users\Pedro\faculdade\IniciacaoCientifica\grn\.env\Lib\site-packages\numpy\_core\fromnumeric.py
cfn=_any_dispatcher
calls=3 2431
805 400
cfl=c:\Users\Pedro\faculdade\IniciacaoCientifica\grn\.env\Lib\site-packages\numpy\_core\fromnumeric.py
cfn=any
calls=3 2436
805 21600
cfl=c:\Users\Pedro\faculdade\IniciacaoCientifica\grn\.env\Lib\site-packages\numpy\_core\fromnumeric.py
cfn=_all_dispatcher
calls=2 2543
805 300
cfl=c:\Users\Pedro\faculdade\IniciacaoCientifica\grn\.env\Lib\site-packages\numpy\_core\fromnumeric.py
cfn=all
calls=2 2548
805 30500
cfl=c:\Users\Pedro\faculdade\IniciacaoCientifica\grn\.env\Lib\site-packages\numpy\_core\fromnumeric.py
cfn=_size_dispatcher
calls=2 3521
805 300
cfl=c:\Users\Pedro\faculdade\IniciacaoCientifica\grn\.env\Lib\site-packages\numpy\_core\fromnumeric.py
cfn=size
calls=2 3525
805 30800
cfl=c:\Users\Pedro\faculdade\IniciacaoCientifica\grn\.env\Lib\site-packages\numpy\_core\numeric.py
cfn=_count_nonzero_dispatcher
calls=1 479
805 200
cfl=c:\Users\Pedro\faculdade\IniciacaoCientifica\grn\.env\Lib\site-packages\numpy\_core\numeric.py
cfn=count_nonzero
calls=1 483
805 1700
cfl=c:\Users\Pedro\faculdade\IniciacaoCientifica\grn\.env\Lib\site-packages\scipy\_lib\_util.py
cfn=check_random_state
calls=1 393
805 134800
cfl=c:\Users\Pedro\faculdade\IniciacaoCientifica\grn\.env\Lib\site-packages\scipy\_lib\_util.py
cfn=__init__:583
calls=1 583
805 600
cfl=c:\Users\Pedro\faculdade\IniciacaoCientifica\grn\.env\Lib\site-packages\scipy\_lib\_util.py
cfn=__init__:633
calls=1 633
805 2000
cfl=c:\Users\Pedro\faculdade\IniciacaoCientifica\grn\.env\Lib\site-packages\scipy\optimize\_differentialevolution.py
cfn=init_population_lhs
calls=0 1032
805 0
cfl=c:\Users\Pedro\faculdade\IniciacaoCientifica\grn\.env\Lib\site-packages\scipy\optimize\_optimize.py
cfn=_wrap_callback
calls=1 88
805 200
cfl=~
cfn=<built-in method _warnings.warn>
calls=1 0
805 194600
cfl=~
cfn=<built-in method builtins.callable>
calls=1 0
805 100
cfl=~
cfn=<built-in method builtins.hasattr>
calls=1 0
805 400
cfl=~
cfn=<built-in method builtins.isinstance>
calls=2 0
805 600
cfl=~
cfn=<built-in method builtins.max>
calls=2 0
805 900
cfl=~
cfn=<built-in method numpy.array>
calls=3 0
805 8500

fl=c:\Users\Pedro\faculdade\IniciacaoCientifica\grn\.env\Lib\site-packages\scipy\optimize\_differentialevolution.py
fn=maplike_for_vectorized_func
849 3000
cfl=c:\Users\Pedro\faculdade\IniciacaoCientifica\grn\.env\Lib\site-packages\scipy\_lib\_util.py
cfn=__call__:587
calls=1 587
849 96500

fl=c:\Users\Pedro\faculdade\IniciacaoCientifica\grn\.env\Lib\site-packages\scipy\optimize\_differentialevolution.py
fn=init_population_lhs
1032 170400
cfl=c:\Users\Pedro\faculdade\IniciacaoCientifica\grn\.env\Lib\site-packages\numpy\_core\function_base.py
cfn=_linspace_dispatcher
calls=1 22
1032 100
cfl=c:\Users\Pedro\faculdade\IniciacaoCientifica\grn\.env\Lib\site-packages\numpy\_core\function_base.py
cfn=linspace
calls=1 27
1032 20900
cfl=c:\Users\Pedro\faculdade\IniciacaoCientifica\grn\.env\Lib\site-packages\numpy\_core\multiarray.py
cfn=may_share_memory
calls=13 1397
1032 2000
cfl=c:\Users\Pedro\faculdade\IniciacaoCientifica\grn\.env\Lib\site-packages\numpy\_core\numeric.py
cfn=_zeros_like_dispatcher
calls=1 91
1032 100
cfl=c:\Users\Pedro\faculdade\IniciacaoCientifica\grn\.env\Lib\site-packages\numpy\_core\numeric.py
cfn=zeros_like
calls=1 97
1032 6600

fl=c:\Users\Pedro\faculdade\IniciacaoCientifica\grn\.env\Lib\site-packages\scipy\optimize\_differentialevolution.py
fn=solve
1185 15100
cfl=c:\Users\Pedro\faculdade\IniciacaoCientifica\grn\.env\Lib\site-packages\numpy\_core\fromnumeric.py
cfn=_all_dispatcher
calls=1 2543
1185 200
cfl=c:\Users\Pedro\faculdade\IniciacaoCientifica\grn\.env\Lib\site-packages\numpy\_core\fromnumeric.py
cfn=all
calls=1 2548
1185 4900
cfl=c:\Users\Pedro\faculdade\IniciacaoCientifica\grn\.env\Lib\site-packages\scipy\optimize\_differentialevolution.py
cfn=_calculate_population_energies
calls=1 1368
1185 143200
cfl=c:\Users\Pedro\faculdade\IniciacaoCientifica\grn\.env\Lib\site-packages\scipy\optimize\_differentialevolution.py
cfn=_calculate_population_feasibilities
calls=1 1502
1185 18300

fl=c:\Users\Pedro\faculdade\IniciacaoCientifica\grn\.env\Lib\site-packages\scipy\optimize\_differentialevolution.py
fn=_calculate_population_energies
1368 8600
cfl=c:\Users\Pedro\faculdade\IniciacaoCientifica\grn\.env\Lib\site-packages\numpy\_core\fromnumeric.py
cfn=_size_dispatcher
calls=1 3521
1368 100
cfl=c:\Users\Pedro\faculdade\IniciacaoCientifica\grn\.env\Lib\site-packages\numpy\_core\fromnumeric.py
cfn=size
calls=1 3525
1368 7100
cfl=c:\Users\Pedro\faculdade\IniciacaoCientifica\grn\.env\Lib\site-packages\numpy\_core\numeric.py
cfn=full
calls=1 323
1368 2100
cfl=c:\Users\Pedro\faculdade\IniciacaoCientifica\grn\.env\Lib\site-packages\scipy\_lib\_util.py
cfn=__call__:689
calls=1 689
1368 101200
cfl=c:\Users\Pedro\faculdade\IniciacaoCientifica\grn\.env\Lib\site-packages\scipy\optimize\_differentialevolution.py
cfn=_scale_parameters
calls=1 1726
1368 23800
cfl=~
cfn=<built-in method builtins.min>
calls=1 0
1368 300

fl=c:\Users\Pedro\faculdade\IniciacaoCientifica\grn\.env\Lib\site-packages\scipy\optimize\_differentialevolution.py
fn=_calculate_population_feasibilities
1502 2700
cfl=c:\Users\Pedro\faculdade\IniciacaoCientifica\grn\.env\Lib\site-packages\numpy\_core\fromnumeric.py
cfn=_size_dispatcher
calls=1 3521
1502 200
cfl=c:\Users\Pedro\faculdade\IniciacaoCientifica\grn\.env\Lib\site-packages\numpy\_core\fromnumeric.py
cfn=size
calls=1 3525
1502 13000
cfl=c:\Users\Pedro\faculdade\IniciacaoCientifica\grn\.env\Lib\site-packages\numpy\_core\numeric.py
cfn=ones
calls=1 170
1502 1900
cfl=~
cfn=<built-in method numpy.zeros>
calls=1 0
1502 500

fl=c:\Users\Pedro\faculdade\IniciacaoCientifica\grn\.env\Lib\site-packages\scipy\optimize\_differentialevolution.py
fn=__enter__
1550 100

fl=c:\Users\Pedro\faculdade\IniciacaoCientifica\grn\.env\Lib\site-packages\scipy\optimize\_differentialevolution.py
fn=__exit__
1553 1400
cfl=c:\Users\Pedro\faculdade\IniciacaoCientifica\grn\.env\Lib\site-packages\scipy\_lib\_util.py
cfn=__exit__
calls=1 684
1553 300

fl=c:\Users\Pedro\faculdade\IniciacaoCientifica\grn\.env\Lib\site-packages\scipy\optimize\_differentialevolution.py
fn=_scale_parameters
1726 22200
cfl=c:\Users\Pedro\faculdade\IniciacaoCientifica\grn\.env\Lib\site-packages\numpy\_core\numeric.py
cfn=_count_nonzero_dispatcher
calls=1 479
1726 200
cfl=c:\Users\Pedro\faculdade\IniciacaoCientifica\grn\.env\Lib\site-packages\numpy\_core\numeric.py
cfn=count_nonzero
calls=1 483
1726 1400

fl=c:\Users\Pedro\faculdade\IniciacaoCientifica\grn\.env\Lib\site-packages\scipy\optimize\_optimize.py
fn=_wrap_callback
88 200

fl=c:\Users\Pedro\faculdade\IniciacaoCientifica\grn\.env\Lib\site-packages\tornado\ioloop.py
fn=time
549 2100
cfl=~
cfn=<built-in method time.time>
calls=4 0
549 1000

fl=c:\Users\Pedro\faculdade\IniciacaoCientifica\grn\.env\Lib\site-packages\tornado\ioloop.py
fn=call_later
604 4100
cfl=c:\Users\Pedro\faculdade\IniciacaoCientifica\grn\.env\Lib\site-packages\tornado\ioloop.py
cfn=time
calls=2 549
604 2400
cfl=c:\Users\Pedro\faculdade\IniciacaoCientifica\grn\.env\Lib\site-packages\tornado\platform\asyncio.py
cfn=call_at
calls=2 216
604 32100

fl=c:\Users\Pedro\faculdade\IniciacaoCientifica\grn\.env\Lib\site-packages\tornado\platform\asyncio.py
fn=_handle_events
206 4000
cfl=c:\Users\Pedro\faculdade\IniciacaoCientifica\grn\.env\Lib\site-packages\zmq\eventloop\zmqstream.py
cfn=_handle_events
calls=2 573
206 234900

fl=c:\Users\Pedro\faculdade\IniciacaoCientifica\grn\.env\Lib\site-packages\tornado\platform\asyncio.py
fn=call_at
216 4900
cfl=C:\Users\Pedro\AppData\Local\Python\pythoncore-3.14-64\Lib\asyncio\base_events.py
cfn=call_later
calls=2 775
216 25800
cfl=c:\Users\Pedro\faculdade\IniciacaoCientifica\grn\.env\Lib\site-packages\tornado\ioloop.py
cfn=time
calls=2 549
216 700
cfl=~
cfn=<built-in method builtins.max>
calls=2 0
216 700

fl=c:\Users\Pedro\faculdade\IniciacaoCientifica\grn\.env\Lib\site-packages\traitlets\traitlets.py
fn=get
648 2800

fl=c:\Users\Pedro\faculdade\IniciacaoCientifica\grn\.env\Lib\site-packages\traitlets\traitlets.py
fn=__get__
695 5000
cfl=c:\Users\Pedro\faculdade\IniciacaoCientifica\grn\.env\Lib\site-packages\traitlets\traitlets.py
cfn=get
calls=8 648
695 2800

fl=c:\Users\Pedro\faculdade\IniciacaoCientifica\grn\.env\Lib\site-packages\traitlets\traitlets.py
fn=set:708
708 3900
cfl=c:\Users\Pedro\faculdade\IniciacaoCientifica\grn\.env\Lib\site-packages\traitlets\traitlets.py
cfn=_validate
calls=2 737
708 19000
cfl=c:\Users\Pedro\faculdade\IniciacaoCientifica\grn\.env\Lib\site-packages\traitlets\traitlets.py
cfn=_notify_trait
calls=1 1520
708 13400

fl=c:\Users\Pedro\faculdade\IniciacaoCientifica\grn\.env\Lib\site-packages\traitlets\traitlets.py
fn=__set__
727 2000
cfl=c:\Users\Pedro\faculdade\IniciacaoCientifica\grn\.env\Lib\site-packages\traitlets\traitlets.py
cfn=set:3646
calls=2 3646
727 42200

fl=c:\Users\Pedro\faculdade\IniciacaoCientifica\grn\.env\Lib\site-packages\traitlets\traitlets.py
fn=_validate
737 4200
cfl=c:\Users\Pedro\faculdade\IniciacaoCientifica\grn\.env\Lib\site-packages\traitlets\traitlets.py
cfn=_cross_validate
calls=2 746
737 3100
cfl=c:\Users\Pedro\faculdade\IniciacaoCientifica\grn\.env\Lib\site-packages\traitlets\traitlets.py
cfn=validate:3491
calls=2 3491
737 10800
cfl=~
cfn=<built-in method builtins.hasattr>
calls=2 0
737 900

fl=c:\Users\Pedro\faculdade\IniciacaoCientifica\grn\.env\Lib\site-packages\traitlets\traitlets.py
fn=_cross_validate
746 2100
cfl=~
cfn=<built-in method builtins.hasattr>
calls=2 0
746 1000

fl=c:\Users\Pedro\faculdade\IniciacaoCientifica\grn\.env\Lib\site-packages\traitlets\traitlets.py
fn=_notify_trait
1520 2600
cfl=c:\Users\Pedro\faculdade\IniciacaoCientifica\grn\.env\Lib\site-packages\traitlets\traitlets.py
cfn=notify_change
calls=1 1531
1520 10800

fl=c:\Users\Pedro\faculdade\IniciacaoCientifica\grn\.env\Lib\site-packages\traitlets\traitlets.py
fn=notify_change
1531 3300
cfl=c:\Users\Pedro\faculdade\IniciacaoCientifica\grn\.env\Lib\site-packages\traitlets\traitlets.py
cfn=_notify_observers
calls=1 1535
1531 7500

fl=c:\Users\Pedro\faculdade\IniciacaoCientifica\grn\.env\Lib\site-packages\traitlets\traitlets.py
fn=_notify_observers
1535 5500
cfl=~
cfn=<built-in method builtins.hasattr>
calls=1 0
1535 600
cfl=~
cfn=<built-in method builtins.isinstance>
calls=1 0
1535 100
cfl=~
cfn=<method 'extend' of 'list' objects>
calls=2 0
1535 600
cfl=~
cfn=<method 'get' of 'dict' objects>
calls=4 0
1535 700

fl=c:\Users\Pedro\faculdade\IniciacaoCientifica\grn\.env\Lib\site-packages\traitlets\traitlets.py
fn=validate:2312
2312 900
cfl=~
cfn=<built-in method builtins.isinstance>
calls=2 0
2312 200

fl=c:\Users\Pedro\faculdade\IniciacaoCientifica\grn\.env\Lib\site-packages\traitlets\traitlets.py
fn=validate:3491
3491 4500
cfl=c:\Users\Pedro\faculdade\IniciacaoCientifica\grn\.env\Lib\site-packages\traitlets\traitlets.py
cfn=validate:2312
calls=2 2312
3491 1100
cfl=c:\Users\Pedro\faculdade\IniciacaoCientifica\grn\.env\Lib\site-packages\traitlets\traitlets.py
cfn=validate_elements:3639
calls=2 3639
3491 4900
cfl=~
cfn=<built-in method builtins.isinstance>
calls=2 0
3491 300

fl=c:\Users\Pedro\faculdade\IniciacaoCientifica\grn\.env\Lib\site-packages\traitlets\traitlets.py
fn=validate_elements:3501
3501 500

fl=c:\Users\Pedro\faculdade\IniciacaoCientifica\grn\.env\Lib\site-packages\traitlets\traitlets.py
fn=validate_elements:3639
3639 4000
cfl=c:\Users\Pedro\faculdade\IniciacaoCientifica\grn\.env\Lib\site-packages\traitlets\traitlets.py
cfn=validate_elements:3501
calls=2 3501
3639 500
cfl=~
cfn=<built-in method builtins.len>
calls=2 0
3639 400

fl=c:\Users\Pedro\faculdade\IniciacaoCientifica\grn\.env\Lib\site-packages\traitlets\traitlets.py
fn=set:3646
3646 5300
cfl=c:\Users\Pedro\faculdade\IniciacaoCientifica\grn\.env\Lib\site-packages\traitlets\traitlets.py
cfn=set:708
calls=2 708
3646 36300
cfl=~
cfn=<built-in method builtins.isinstance>
calls=2 0
3646 600

fl=c:\Users\Pedro\faculdade\IniciacaoCientifica\grn\.env\Lib\site-packages\zmq\eventloop\zmqstream.py
fn=receiving
528 600

fl=c:\Users\Pedro\faculdade\IniciacaoCientifica\grn\.env\Lib\site-packages\zmq\eventloop\zmqstream.py
fn=sending
532 1700
cfl=C:\Users\Pedro\AppData\Local\Python\pythoncore-3.14-64\Lib\queue.py
cfn=empty
calls=2 112
532 6600

fl=c:\Users\Pedro\faculdade\IniciacaoCientifica\grn\.env\Lib\site-packages\zmq\eventloop\zmqstream.py
fn=_run_callback
546 3000
cfl=c:\Users\Pedro\faculdade\IniciacaoCientifica\grn\.env\Lib\site-packages\ipykernel\iostream.py
cfn=_handle_event
calls=2 229
546 45200
cfl=~
cfn=<built-in method builtins.isinstance>
calls=2 0
546 11200

fl=c:\Users\Pedro\faculdade\IniciacaoCientifica\grn\.env\Lib\site-packages\zmq\eventloop\zmqstream.py
fn=_handle_events
573 11300
cfl=C:\Users\Pedro\AppData\Local\Python\pythoncore-3.14-64\Lib\enum.py
cfn=__and__
calls=4 1594
573 16700
cfl=c:\Users\Pedro\faculdade\IniciacaoCientifica\grn\.env\Lib\site-packages\zmq\eventloop\zmqstream.py
cfn=receiving
calls=2 528
573 400
cfl=c:\Users\Pedro\faculdade\IniciacaoCientifica\grn\.env\Lib\site-packages\zmq\eventloop\zmqstream.py
cfn=_handle_recv
calls=2 614
573 127100
cfl=c:\Users\Pedro\faculdade\IniciacaoCientifica\grn\.env\Lib\site-packages\zmq\eventloop\zmqstream.py
cfn=_rebuild_io_state
calls=2 653
573 40100
cfl=c:\Users\Pedro\faculdade\IniciacaoCientifica\grn\.env\Lib\site-packages\zmq\sugar\attrsettr.py
cfn=__getattr__
calls=2 43
573 39300

fl=c:\Users\Pedro\faculdade\IniciacaoCientifica\grn\.env\Lib\site-packages\zmq\eventloop\zmqstream.py
fn=_handle_recv
614 4800
cfl=c:\Users\Pedro\faculdade\IniciacaoCientifica\grn\.env\Lib\site-packages\zmq\eventloop\zmqstream.py
cfn=_run_callback
calls=2 546
614 59400
cfl=c:\Users\Pedro\faculdade\IniciacaoCientifica\grn\.env\Lib\site-packages\zmq\sugar\socket.py
cfn=recv_multipart
calls=2 771
614 62900

fl=c:\Users\Pedro\faculdade\IniciacaoCientifica\grn\.env\Lib\site-packages\zmq\eventloop\zmqstream.py
fn=_rebuild_io_state
653 5400
cfl=C:\Users\Pedro\AppData\Local\Python\pythoncore-3.14-64\Lib\enum.py
cfn=__or__
calls=2 1583
653 6000
cfl=c:\Users\Pedro\faculdade\IniciacaoCientifica\grn\.env\Lib\site-packages\zmq\eventloop\zmqstream.py
cfn=receiving
calls=2 528
653 200
cfl=c:\Users\Pedro\faculdade\IniciacaoCientifica\grn\.env\Lib\site-packages\zmq\eventloop\zmqstream.py
cfn=sending
calls=2 532
653 8300
cfl=c:\Users\Pedro\faculdade\IniciacaoCientifica\grn\.env\Lib\site-packages\zmq\eventloop\zmqstream.py
cfn=_update_handler
calls=2 676
653 20200

fl=c:\Users\Pedro\faculdade\IniciacaoCientifica\grn\.env\Lib\site-packages\zmq\eventloop\zmqstream.py
fn=_update_handler
676 2600
cfl=C:\Users\Pedro\AppData\Local\Python\pythoncore-3.14-64\Lib\enum.py
cfn=__and__
calls=2 1594
676 5700
cfl=c:\Users\Pedro\faculdade\IniciacaoCientifica\grn\.env\Lib\site-packages\zmq\sugar\attrsettr.py
cfn=__getattr__
calls=2 43
676 11900

fl=c:\Users\Pedro\faculdade\IniciacaoCientifica\grn\.env\Lib\site-packages\zmq\sugar\attrsettr.py
fn=__getattr__
43 12100
cfl=<frozen importlib._bootstrap>
cfn=_handle_fromlist
calls=4 1401
43 4400
cfl=c:\Users\Pedro\faculdade\IniciacaoCientifica\grn\.env\Lib\site-packages\zmq\sugar\attrsettr.py
cfn=_get_attr_opt
calls=4 66
43 32400
cfl=~
cfn=<built-in method builtins.getattr>
calls=4 0
43 1500
cfl=~
cfn=<method 'upper' of 'str' objects>
calls=4 0
43 800

fl=c:\Users\Pedro\faculdade\IniciacaoCientifica\grn\.env\Lib\site-packages\zmq\sugar\attrsettr.py
fn=_get_attr_opt
66 25100
cfl=C:\Users\Pedro\AppData\Local\Python\pythoncore-3.14-64\Lib\enum.py
cfn=__call__
calls=4 677
66 7300

fl=c:\Users\Pedro\faculdade\IniciacaoCientifica\grn\.env\Lib\site-packages\zmq\sugar\socket.py
fn=send
623 37200

fl=c:\Users\Pedro\faculdade\IniciacaoCientifica\grn\.env\Lib\site-packages\zmq\sugar\socket.py
fn=recv_multipart
771 28300
cfl=C:\Users\Pedro\AppData\Local\Python\pythoncore-3.14-64\Lib\enum.py
cfn=__call__
calls=2 677
771 1100
cfl=C:\Users\Pedro\AppData\Local\Python\pythoncore-3.14-64\Lib\typing.py
cfn=_type_check
calls=4 184
771 25200
cfl=C:\Users\Pedro\AppData\Local\Python\pythoncore-3.14-64\Lib\typing.py
cfn=inner
calls=4 396
771 3100
cfl=C:\Users\Pedro\AppData\Local\Python\pythoncore-3.14-64\Lib\typing.py
cfn=__hash__
calls=12 1361
771 5100
cfl=C:\Users\Pedro\AppData\Local\Python\pythoncore-3.14-64\Lib\typing.py
cfn=cast
calls=2 2300
771 100

fl=c:\Users\Pedro\faculdade\IniciacaoCientifica\grn\PythonCode\Modules\EvolutionModules.py
fn=__init__:26
26 1200
cfl=c:\Users\Pedro\faculdade\IniciacaoCientifica\grn\PythonCode\Modules\EvolutionModules.py
cfn=limit_val
calls=1 31
26 5000

fl=c:\Users\Pedro\faculdade\IniciacaoCientifica\grn\PythonCode\Modules\EvolutionModules.py
fn=limit_val
31 1500
cfl=~
cfn=<built-in method builtins.min>
calls=1 0
31 3500

fl=c:\Users\Pedro\faculdade\IniciacaoCientifica\grn\PythonCode\Modules\EvolutionModules.py
fn=__init__:41
41 3200
cfl=C:\Users\Pedro\AppData\Local\Python\pythoncore-3.14-64\Lib\copy.py
cfn=deepcopy
calls=1 110
41 74000

fl=c:\Users\Pedro\faculdade\IniciacaoCientifica\grn\PythonCode\Modules\EvolutionModules.py
fn=list_to_ind
220 7100
cfl=c:\Users\Pedro\faculdade\IniciacaoCientifica\grn\PythonCode\Modules\EvolutionModules.py
cfn=__init__:26
calls=1 26
220 6200
cfl=c:\Users\Pedro\faculdade\IniciacaoCientifica\grn\PythonCode\Modules\EvolutionModules.py
cfn=__init__:41
calls=1 41
220 77200
cfl=c:\Users\Pedro\faculdade\IniciacaoCientifica\grn\PythonCode\Modules\Models.py
cfn=is_excluded
calls=1 39
220 1900
cfl=~
cfn=<method 'items' of 'dict' objects>
calls=1 0
220 200

fl=c:\Users\Pedro\faculdade\IniciacaoCientifica\grn\PythonCode\Modules\Handlers.py
fn=run_path
29 4200
cfl=<frozen ntpath>
cfn=join
calls=5 99
29 20000

fl=c:\Users\Pedro\faculdade\IniciacaoCientifica\grn\PythonCode\Modules\Handlers.py
fn=setup_logger
33 15700
cfl=<frozen os>
cfn=makedirs
calls=0 211
33 0
cfl=C:\Users\Pedro\AppData\Local\Python\pythoncore-3.14-64\Lib\logging\__init__.py
cfn=info
calls=0 1510
33 0
cfl=c:\Users\Pedro\faculdade\IniciacaoCientifica\grn\PythonCode\Modules\Handlers.py
cfn=run_path
calls=1 29
33 7200
cfl=c:\Users\Pedro\faculdade\IniciacaoCientifica\grn\PythonCode\Modules\Handlers.py
cfn=save_results
calls=2 132
33 3762700
cfl=~
cfn=<built-in method builtins.print>
calls=1 0
33 91000
cfl=~
cfn=<built-in method time.time>
calls=1 0
33 400
cfl=~
cfn=<method 'append' of 'list' objects>
calls=1 0
33 200

fl=c:\Users\Pedro\faculdade\IniciacaoCientifica\grn\PythonCode\Modules\Handlers.py
fn=run_serial
48 26000
cfl=C:\Users\Pedro\AppData\Local\Python\pythoncore-3.14-64\Lib\logging\__init__.py
cfn=info
calls=1 1510
48 91700
cfl=C:\Users\Pedro\AppData\Local\Python\pythoncore-3.14-64\Lib\logging\__init__.py
cfn=error
calls=1 1539
48 1976000
cfl=c:\Users\Pedro\faculdade\IniciacaoCientifica\grn\PythonCode\Modules\Handlers.py
cfn=run_single
calls=0 93
48 0
cfl=~
cfn=<built-in method builtins.print>
calls=2 0
48 37100
cfl=~
cfn=<built-in method time.time>
calls=1 0
48 500

fl=c:\Users\Pedro\faculdade\IniciacaoCientifica\grn\PythonCode\Modules\Handlers.py
fn=run_single
93 26700
cfl=c:\Users\Pedro\faculdade\IniciacaoCientifica\grn\PythonCode\Modules\Handlers.py
cfn=run_path
calls=1 29
93 3500
cfl=c:\Users\Pedro\faculdade\IniciacaoCientifica\grn\PythonCode\Modules\Methods.py
cfn=run
calls=0 32
93 0
cfl=c:\Users\Pedro\faculdade\IniciacaoCientifica\grn\PythonCode\Modules\Methods.py
cfn=__init__:176
calls=1 176
93 3300

fl=c:\Users\Pedro\faculdade\IniciacaoCientifica\grn\PythonCode\Modules\Handlers.py
fn=save_results
132 24600
cfl=<frozen ntpath>
cfn=join
calls=2 99
132 3400
cfl=C:\Users\Pedro\AppData\Local\Python\pythoncore-3.14-64\Lib\logging\__init__.py
cfn=info
calls=2 1510
132 180300
cfl=c:\Users\Pedro\faculdade\IniciacaoCientifica\grn\.env\Lib\site-packages\pandas\core\frame.py
cfn=__init__
calls=2 702
132 1228900
cfl=c:\Users\Pedro\faculdade\IniciacaoCientifica\grn\.env\Lib\site-packages\pandas\core\generic.py
cfn=to_csv
calls=2 3795
132 2316300
cfl=c:\Users\Pedro\faculdade\IniciacaoCientifica\grn\PythonCode\Modules\Handlers.py
cfn=run_path
calls=2 29
132 9200

fl=c:\Users\Pedro\faculdade\IniciacaoCientifica\grn\PythonCode\Modules\Handlers.py
fn=execute
138 12600
cfl=C:\Users\Pedro\AppData\Local\Python\pythoncore-3.14-64\Lib\logging\__init__.py
cfn=info
calls=1 1510
138 46900
cfl=c:\Users\Pedro\faculdade\IniciacaoCientifica\grn\PythonCode\Modules\Handlers.py
cfn=setup_logger
calls=0 33
138 0
cfl=~
cfn=<built-in method now>
calls=1 0
138 1600
cfl=~
cfn=<built-in method time.time>
calls=1 0
138 300
cfl=~
cfn=<method 'strftime' of 'datetime.date' objects>
calls=1 0
138 7100

fl=c:\Users\Pedro\faculdade\IniciacaoCientifica\grn\PythonCode\Modules\Methods.py
fn=__init__:29
29 100

fl=c:\Users\Pedro\faculdade\IniciacaoCientifica\grn\PythonCode\Modules\Methods.py
fn=run
32 26400
cfl=C:\Users\Pedro\AppData\Local\Python\pythoncore-3.14-64\Lib\contextlib.py
cfn=__exit__:145
calls=1 145
32 3500
cfl=C:\Users\Pedro\AppData\Local\Python\pythoncore-3.14-64\Lib\logging\__init__.py
cfn=info
calls=1 1510
32 54600
cfl=C:\Users\Pedro\AppData\Local\Python\pythoncore-3.14-64\Lib\threading.py
cfn=wait
calls=0 651
32 0
cfl=c:\Users\Pedro\faculdade\IniciacaoCientifica\grn\PythonCode\Modules\Methods.py
cfn=execute
calls=0 195
32 0
cfl=~
cfn=<built-in method time.time>
calls=1 0
32 200

fl=c:\Users\Pedro\faculdade\IniciacaoCientifica\grn\PythonCode\Modules\Methods.py
fn=__init__:176
176 3200
cfl=c:\Users\Pedro\faculdade\IniciacaoCientifica\grn\PythonCode\Modules\Methods.py
cfn=__init__:29
calls=1 29
176 100

fl=c:\Users\Pedro\faculdade\IniciacaoCientifica\grn\PythonCode\Modules\Methods.py
fn=execute
195 5500
cfl=c:\Users\Pedro\faculdade\IniciacaoCientifica\grn\.env\Lib\site-packages\scipy\_lib\_util.py
cfn=wrapper
calls=0 291
195 0
cfl=c:\Users\Pedro\faculdade\IniciacaoCientifica\grn\PythonCode\Modules\Models.py
cfn=bounds_list
calls=1 111
195 9600

fl=c:\Users\Pedro\faculdade\IniciacaoCientifica\grn\PythonCode\Modules\Methods.py
fn=objective_function
197 2300
cfl=c:\Users\Pedro\faculdade\IniciacaoCientifica\grn\PythonCode\Modules\EvolutionModules.py
cfn=list_to_ind
calls=1 220
197 92600

fl=c:\Users\Pedro\faculdade\IniciacaoCientifica\grn\PythonCode\Modules\Models.py
fn=is_excluded
39 1800
cfl=~
cfn=<built-in method builtins.isinstance>
calls=1 0
39 100

fl=c:\Users\Pedro\faculdade\IniciacaoCientifica\grn\PythonCode\Modules\Models.py
fn=bounds_list
111 7300
cfl=~
cfn=<method 'append' of 'list' objects>
calls=19 0
111 1500
cfl=~
cfn=<method 'items' of 'dict' objects>
calls=6 0
111 800

fl=~
fn=<built-in method __new__ of type object at 0x00007FFF34404D90>
0 16700

fl=~
fn=<built-in method _abc._abc_instancecheck>
0 19800
cfl=<frozen abc>
cfn=__subclasscheck__
calls=1 121
0 4500

fl=~
fn=<built-in method _abc._abc_subclasscheck>
0 5200

fl=~
fn=<built-in method _asyncio.current_task>
0 3600

fl=~
fn=<built-in method _codecs.charmap_encode>
0 23800

fl=~
fn=<built-in method _codecs.lookup>
0 1400

fl=~
fn=<built-in method _codecs.lookup_error>
0 1500

fl=~
fn=<built-in method _contextvars.copy_context>
0 500

fl=~
fn=<built-in method _csv.writer>
0 7800

fl=~
fn=<built-in method _heapq.heappush>
0 2100
cfl=C:\Users\Pedro\AppData\Local\Python\pythoncore-3.14-64\Lib\asyncio\events.py
cfn=__lt__
calls=2 162
0 1100

fl=~
fn=<built-in method _io.open>
0 566400
cfl=<frozen codecs>
cfn=__init__
calls=3 189
0 1900

fl=~
fn=<built-in method _io.text_encoding>
0 200

fl=~
fn=<built-in method _operator.index>
0 800

fl=~
fn=<built-in method _thread.allocate_lock>
0 300

fl=~
fn=<built-in method _thread.get_ident>
0 3500

fl=~
fn=<built-in method _warnings._acquire_lock>
0 4400

fl=~
fn=<built-in method _warnings._filters_mutated_lock_held>
0 3900

fl=~
fn=<built-in method _warnings._release_lock>
0 3700

fl=~
fn=<built-in method _warnings.warn>
0 13800
cfl=C:\Users\Pedro\AppData\Local\Python\pythoncore-3.14-64\Lib\_py_warnings.py
cfn=_showwarnmsg
calls=1 217
0 179000
cfl=C:\Users\Pedro\AppData\Local\Python\pythoncore-3.14-64\Lib\_py_warnings.py
cfn=__init__:576
calls=1 576
0 1800

fl=~
fn=<built-in method _winapi.LCMapStringEx>
0 21800

fl=~
fn=<built-in method builtins.any>
0 1800

fl=~
fn=<built-in method builtins.callable>
0 2800

fl=~
fn=<built-in method builtins.compile>
0 825500

fl=~
fn=<built-in method builtins.getattr>
0 38500

fl=~
fn=<built-in method builtins.hasattr>
0 11800

fl=~
fn=<built-in method builtins.hash>
0 3900

fl=~
fn=<built-in method builtins.id>
0 6000

fl=~
fn=<built-in method builtins.isinstance>
0 206000
cfl=<frozen abc>
cfn=__instancecheck__
calls=26 117
0 31100
cfl=C:\Users\Pedro\AppData\Local\Python\pythoncore-3.14-64\Lib\typing.py
cfn=__instancecheck__
calls=2 1292
0 10000
cfl=c:\Users\Pedro\faculdade\IniciacaoCientifica\grn\.env\Lib\site-packages\pandas\core\dtypes\generic.py
cfn=_instancecheck
calls=178 43
0 104100

fl=~
fn=<built-in method builtins.issubclass>
0 15700
cfl=<frozen abc>
cfn=__subclasscheck__
calls=2 121
0 2900

fl=~
fn=<built-in method builtins.len>
0 97300
cfl=c:\Users\Pedro\faculdade\IniciacaoCientifica\grn\.env\Lib\site-packages\pandas\core\indexes\base.py
cfn=__len__
calls=8 918
0 3600
cfl=c:\Users\Pedro\faculdade\IniciacaoCientifica\grn\.env\Lib\site-packages\pandas\core\indexes\range.py
cfn=__len__
calls=52 1265
0 14800

fl=~
fn=<built-in method builtins.max>
0 21900

fl=~
fn=<built-in method builtins.min>
0 18400

fl=~
fn=<built-in method builtins.next>
0 217200
cfl=c:\Users\Pedro\faculdade\IniciacaoCientifica\grn\.env\Lib\site-packages\IPython\core\history.py
cfn=hold
calls=1 1100
0 200

fl=~
fn=<built-in method builtins.print>
0 16100
cfl=c:\Users\Pedro\faculdade\IniciacaoCientifica\grn\.env\Lib\site-packages\IPython\core\interactiveshell.py
cfn=write
calls=6 3098
0 121000

fl=~
fn=<built-in method builtins.sorted>
0 9300

fl=~
fn=<built-in method from_bytes>
0 500

fl=~
fn=<built-in method math.prod>
0 3300
cfl=c:\Users\Pedro\faculdade\IniciacaoCientifica\grn\.env\Lib\site-packages\numpy\_core\fromnumeric.py
cfn=<genexpr>
calls=8 3575
0 1200

fl=~
fn=<built-in method now>
0 1600

fl=~
fn=<built-in method nt._getfullpathname>
0 2300

fl=~
fn=<built-in method nt._path_exists>
0 33300
cfl=~
cfn=<built-in method nt.mkdir>
calls=1 0
0 180700
cfl=~
cfn=<method '__exit__' of 'sqlite3.Connection' objects>
calls=0 0
0 0

fl=~
fn=<built-in method nt._path_isdir>
0 140600
cfl=C:\Users\Pedro\AppData\Local\Python\pythoncore-3.14-64\Lib\pathlib\__init__.py
cfn=__fspath__
calls=2 190
0 1700

fl=~
fn=<built-in method nt._path_normpath>
0 700

fl=~
fn=<built-in method nt._path_splitroot_ex>
0 10800

fl=~
fn=<built-in method nt.fspath>
0 7300

fl=~
fn=<built-in method nt.getpid>
0 3100

fl=~
fn=<built-in method nt.mkdir>
0 180700

fl=~
fn=<built-in method nt.stat>
0 298600

fl=~
fn=<built-in method nt.urandom>
0 2500

fl=~
fn=<built-in method numpy._core._multiarray_umath._make_extobj>
0 1100

fl=~
fn=<built-in method numpy._core._multiarray_umath.count_nonzero>
0 1700

fl=~
fn=<built-in method numpy.arange>
0 4900

fl=~
fn=<built-in method numpy.array>
0 26000

fl=~
fn=<built-in method numpy.asarray>
0 18700

fl=~
fn=<built-in method numpy.empty>
0 19900

fl=~
fn=<built-in method numpy.fromiter>
0 10400

fl=~
fn=<built-in method numpy.lib.array_utils.normalize_axis_index>
0 1200

fl=~
fn=<built-in method numpy.zeros>
0 1900

fl=~
fn=<built-in method select.select>
0 21100

fl=~
fn=<built-in method sys._getframe>
0 3000

fl=~
fn=<built-in method sys.exc_info>
0 300

fl=~
fn=<built-in method sys.exception>
0 300

fl=~
fn=<built-in method time.localtime>
0 32300

fl=~
fn=<built-in method time.monotonic>
0 1300

fl=~
fn=<built-in method time.strftime>
0 13900

fl=~
fn=<built-in method time.time>
0 2400

fl=~
fn=<built-in method time.time_ns>
0 4000

fl=~
fn=<method '__enter__' of '_thread.RLock' objects>
0 7200

fl=~
fn=<method '__enter__' of '_thread.lock' objects>
0 1200

fl=~
fn=<method '__enter__' of 'sqlite3.Connection' objects>
0 200

fl=~
fn=<method '__exit__' of '_thread.RLock' objects>
0 5900

fl=~
fn=<method '__exit__' of '_thread.lock' objects>
0 1200

fl=~
fn=<method '__exit__' of 'sqlite3.Connection' objects>
0 365000

fl=~
fn=<method 'acquire' of '_thread.lock' objects>
0 500
cfl=c:\Users\Pedro\faculdade\IniciacaoCientifica\grn\.env\Lib\site-packages\numpy\_core\multiarray.py
cfn=may_share_memory
calls=6 1397
0 600
cfl=c:\Users\Pedro\faculdade\IniciacaoCientifica\grn\.env\Lib\site-packages\numpy\_core\numeric.py
cfn=full
calls=1 323
0 6100

fl=~
fn=<method 'add' of 'set' objects>
0 6000

fl=~
fn=<method 'all' of 'numpy.generic' objects>
0 4100
cfl=c:\Users\Pedro\faculdade\IniciacaoCientifica\grn\.env\Lib\site-packages\numpy\_core\_methods.py
cfn=_all
calls=1 64
0 12500

fl=~
fn=<method 'any' of 'numpy.generic' objects>
0 2800
cfl=c:\Users\Pedro\faculdade\IniciacaoCientifica\grn\.env\Lib\site-packages\numpy\_core\_methods.py
cfn=_any
calls=2 55
0 4400

fl=~
fn=<method 'append' of 'collections.deque' objects>
0 1000

fl=~
fn=<method 'append' of 'list' objects>
0 140100

fl=~
fn=<method 'as_arrays' of 'numpy._core._multiarray_umath._array_converter' objects>
0 400

fl=~
fn=<method 'astype' of 'numpy.ndarray' objects>
0 3100

fl=~
fn=<method 'clear' of 'dict' objects>
0 3500

fl=~
fn=<method 'close' of '_io.StringIO' objects>
0 500

fl=~
fn=<method 'close' of '_io.TextIOWrapper' objects>
0 189200

fl=~
fn=<method 'co_positions' of 'code' objects>
0 5600

fl=~
fn=<method 'copy' of 'numpy.ndarray' objects>
0 8600

fl=~
fn=<method 'decode' of 'bytes' objects>
0 20800

fl=~
fn=<method 'disable' of '_lsprof.Profiler' objects>
0 86800

fl=~
fn=<method 'discard' of 'set' objects>
0 8900

fl=~
fn=<method 'encode' of 'str' objects>
0 16200

fl=~
fn=<method 'endswith' of 'str' objects>
0 2300

fl=~
fn=<method 'extend' of 'list' objects>
0 2300

fl=~
fn=<method 'find' of 'str' objects>
0 2700

fl=~
fn=<method 'flush' of '_io.TextIOWrapper' objects>
0 196400

fl=~
fn=<method 'format' of 'str' objects>
0 22400

fl=~
fn=<method 'get' of '_contextvars.ContextVar' objects>
0 1300

fl=~
fn=<method 'get' of 'dict' objects>
0 35000

fl=~
fn=<method 'get_name' of '_asyncio.Task' objects>
0 1800

fl=~
fn=<method 'getvalue' of '_io.StringIO' objects>
0 1600

fl=~
fn=<method 'insert' of 'list' objects>
0 3000

fl=~
fn=<method 'is_done' of '_thread._ThreadHandle' objects>
0 500

fl=~
fn=<method 'isascii' of 'str' objects>
0 12100

fl=~
fn=<method 'isspace' of 'str' objects>
0 37200

fl=~
fn=<method 'items' of 'dict' objects>
0 6100

fl=~
fn=<method 'join' of 'str' objects>
0 58700

fl=~
fn=<method 'keys' of 'dict' objects>
0 500

fl=~
fn=<method 'lower' of 'str' objects>
0 2600

fl=~
fn=<method 'lstrip' of 'str' objects>
0 4900

fl=~
fn=<method 'match' of 're.Pattern' objects>
0 1700

fl=~
fn=<method 'partition' of 'str' objects>
0 10300

fl=~
fn=<method 'pop' of 'dict' objects>
0 1300

fl=~
fn=<method 'pop' of 'list' objects>
0 1100

fl=~
fn=<method 'popleft' of 'collections.deque' objects>
0 800

fl=~
fn=<method 'reduce' of 'numpy.ufunc' objects>
0 30400

fl=~
fn=<method 'release' of '_thread.lock' objects>
0 200

fl=~
fn=<method 'remove' of 'list' objects>
0 7200

fl=~
fn=<method 'replace' of 'str' objects>
0 7700

fl=~
fn=<method 'reset' of '_contextvars.ContextVar' objects>
0 1600

fl=~
fn=<method 'reshape' of 'numpy.ndarray' objects>
0 6500

fl=~
fn=<method 'result_type' of 'numpy._core._multiarray_umath._array_converter' objects>
0 600

fl=~
fn=<method 'reverse' of 'list' objects>
0 600

fl=~
fn=<method 'rfind' of 'str' objects>
0 4100

fl=~
fn=<method 'rpartition' of 'str' objects>
0 1700

fl=~
fn=<method 'rstrip' of 'str' objects>
0 12800

fl=~
fn=<method 'run' of '_contextvars.Context' objects>
0 1900
cfl=c:\Users\Pedro\faculdade\IniciacaoCientifica\grn\.env\Lib\site-packages\tornado\platform\asyncio.py
cfn=_handle_events
calls=2 206
0 238900

fl=~
fn=<method 'search' of 're.Pattern' objects>
0 2400

fl=~
fn=<method 'set' of '_contextvars.ContextVar' objects>
0 1300

fl=~
fn=<method 'split' of 'str' objects>
0 21400

fl=~
fn=<method 'splitlines' of 'str' objects>
0 39700

fl=~
fn=<method 'startswith' of 'str' objects>
0 5600

fl=~
fn=<method 'strftime' of 'datetime.date' objects>
0 7100

fl=~
fn=<method 'strip' of 'str' objects>
0 13900

fl=~
fn=<method 'update' of 'set' objects>
0 11800

fl=~
fn=<method 'upper' of 'str' objects>
0 2100

fl=~
fn=<method 'values' of 'dict' objects>
0 400

fl=~
fn=<method 'wrap' of 'numpy._core._multiarray_umath._array_converter' objects>
0 400

fl=~
fn=<method 'write' of '_io.StringIO' objects>
0 1800

fl=~
fn=<method 'write' of '_io.TextIOWrapper' objects>
0 20400
cfl=C:\Users\Pedro\AppData\Local\Python\pythoncore-3.14-64\Lib\encodings\cp1252.py
cfn=encode
calls=8 18
0 30600

fl=~
fn=<method 'writerow' of '_csv.writer' objects>
0 5300

