event: ns : Nanoseconds
events: ns
summary: 183383931500
fl=<frozen _collections_abc>
fn=__subclasshook__
345 2200

fl=<frozen abc>
fn=__instancecheck__
117 12100
cfl=~
cfn=<built-in method _abc._abc_instancecheck>
calls=33 0
117 252000

fl=<frozen abc>
fn=__subclasscheck__
121 55400
cfl=~
cfn=<built-in method _abc._abc_subclasscheck>
calls=133 0
121 285800

fl=<frozen codecs>
fn=__init__:189
189 1200

fl=<frozen codecs>
fn=__init__:263
263 500

fl=<frozen codecs>
fn=__init__:312
312 3500
cfl=<frozen codecs>
cfn=__init__:263
calls=2 263
312 500

fl=<frozen codecs>
fn=decode
322 8400
cfl=~
cfn=<built-in method _codecs.utf_8_decode>
calls=16 0
322 9200

fl=<frozen codecs>
fn=getstate
334 400

fl=<frozen genericpath>
fn=_splitext
157 11700
cfl=~
cfn=<built-in method builtins.max>
calls=7 0
157 2300
cfl=~
cfn=<method 'rfind' of 'str' objects>
calls=21 0
157 3600

fl=<frozen importlib._bootstrap>
fn=_new_module
48 1500

fl=<frozen importlib._bootstrap>
fn=__new__
74 2200
cfl=~
cfn=<built-in method __new__ of type object at 0x00007FFF81974D90>
calls=1 0
74 600

fl=<frozen importlib._bootstrap>
fn=__init__:79
79 1600

fl=<frozen importlib._bootstrap>
fn=remove
82 2600
cfl=~
cfn=<built-in method _weakref._remove_dead_weakref>
calls=1 0
82 400

fl=<frozen importlib._bootstrap>
fn=setdefault
124 5000
cfl=<frozen importlib._bootstrap>
cfn=__new__
calls=1 74
124 2800
cfl=<frozen importlib._bootstrap>
cfn=__init__:79
calls=1 79
124 1600

fl=<frozen importlib._bootstrap>
fn=__init__:158
158 200

fl=<frozen importlib._bootstrap>
fn=__enter__:162
162 3100
cfl=<frozen importlib._bootstrap>
cfn=setdefault
calls=1 124
162 9400
cfl=~
cfn=<method 'append' of 'list' objects>
calls=1 0
162 300

fl=<frozen importlib._bootstrap>
fn=__exit__:173
173 2100
cfl=~
cfn=<method 'remove' of 'list' objects>
calls=1 0
173 500

fl=<frozen importlib._bootstrap>
fn=__init__:232
232 1500
cfl=~
cfn=<built-in method _thread.allocate_lock>
calls=1 0
232 600

fl=<frozen importlib._bootstrap>
fn=acquire
304 9000
cfl=<frozen importlib._bootstrap>
cfn=remove
calls=1 82
304 3000
cfl=<frozen importlib._bootstrap>
cfn=__init__:158
calls=1 158
304 200
cfl=<frozen importlib._bootstrap>
cfn=__enter__:162
calls=1 162
304 12800
cfl=<frozen importlib._bootstrap>
cfn=__exit__:173
calls=1 173
304 2600
cfl=~
cfn=<built-in method _thread.get_ident>
calls=1 0
304 300
cfl=~
cfn=<method '__enter__' of '_thread.RLock' objects>
calls=1 0
304 500
cfl=~
cfn=<method '__exit__' of '_thread.RLock' objects>
calls=1 0
304 300
cfl=~
cfn=<method 'append' of 'list' objects>
calls=1 0
304 200

fl=<frozen importlib._bootstrap>
fn=release
372 2600
cfl=~
cfn=<built-in method _thread.get_ident>
calls=1 0
372 400
cfl=~
cfn=<built-in method builtins.len>
calls=3 0
372 500
cfl=~
cfn=<method '__enter__' of '_thread.RLock' objects>
calls=1 0
372 300
cfl=~
cfn=<method '__exit__' of '_thread.RLock' objects>
calls=1 0
372 500
cfl=~
cfn=<method 'pop' of 'list' objects>
calls=1 0
372 200

fl=<frozen importlib._bootstrap>
fn=__init__:415
415 200

fl=<frozen importlib._bootstrap>
fn=__enter__:419
419 6300
cfl=<frozen importlib._bootstrap>
cfn=acquire
calls=1 304
419 28900
cfl=<frozen importlib._bootstrap>
cfn=_get_module_lock
calls=1 429
419 12300

fl=<frozen importlib._bootstrap>
fn=__exit__:423
423 2400
cfl=<frozen importlib._bootstrap>
cfn=release
calls=1 372
423 4500

fl=<frozen importlib._bootstrap>
fn=_get_module_lock
429 9600
cfl=<frozen importlib._bootstrap>
cfn=__init__:232
calls=1 232
429 2100
cfl=~
cfn=<built-in method _imp.acquire_lock>
calls=1 0
429 400
cfl=~
cfn=<built-in method _imp.release_lock>
calls=1 0
429 200

fl=<frozen importlib._bootstrap>
fn=cb
448 1100
cfl=~
cfn=<built-in method _imp.acquire_lock>
calls=1 0
448 200
cfl=~
cfn=<built-in method _imp.release_lock>
calls=1 0
448 100
cfl=~
cfn=<method 'get' of 'dict' objects>
calls=1 0
448 300

fl=<frozen importlib._bootstrap>
fn=_call_with_frames_removed
483 3100
cfl=~
cfn=<built-in method _imp.find_frozen>
calls=1 0
483 800
cfl=~
cfn=<built-in method builtins.exec>
calls=1 0
483 74000

fl=<frozen importlib._bootstrap>
fn=_verbose_message
494 1700

fl=<frozen importlib._bootstrap>
fn=__init__:602
602 400

fl=<frozen importlib._bootstrap>
fn=cached
635 1800
cfl=<frozen importlib._bootstrap_external>
cfn=_get_cached
calls=1 369
635 31500

fl=<frozen importlib._bootstrap>
fn=parent
648 39500
cfl=~
cfn=<method 'rpartition' of 'str' objects>
calls=45 0
648 65400

fl=<frozen importlib._bootstrap>
fn=has_location
656 200

fl=<frozen importlib._bootstrap>
fn=_init_module_attrs
736 5800
cfl=<frozen importlib._bootstrap>
cfn=cached
calls=2 635
736 33300
cfl=<frozen importlib._bootstrap>
cfn=parent
calls=1 648
736 1200
cfl=<frozen importlib._bootstrap>
cfn=has_location
calls=1 656
736 200
cfl=~
cfn=<built-in method builtins.getattr>
calls=6 0
736 2000

fl=<frozen importlib._bootstrap>
fn=module_from_spec
809 6800
cfl=<frozen importlib._bootstrap>
cfn=_new_module
calls=1 48
809 1500
cfl=<frozen importlib._bootstrap>
cfn=_init_module_attrs
calls=1 736
809 42500
cfl=<frozen importlib._bootstrap_external>
cfn=create_module
calls=1 750
809 200
cfl=~
cfn=<built-in method builtins.hasattr>
calls=1 0
809 1100

fl=<frozen importlib._bootstrap>
fn=_load_unlocked
914 5700
cfl=<frozen importlib._bootstrap>
cfn=_verbose_message
calls=1 494
914 200
cfl=<frozen importlib._bootstrap>
cfn=module_from_spec
calls=1 809
914 52100
cfl=<frozen importlib._bootstrap_external>
cfn=exec_module
calls=1 753
914 811900
cfl=~
cfn=<built-in method builtins.hasattr>
calls=1 0
914 700
cfl=~
cfn=<method 'pop' of 'dict' objects>
calls=1 0
914 1000

fl=<frozen importlib._bootstrap>
fn=find_spec:985
985 2800
cfl=~
cfn=<built-in method _imp.is_builtin>
calls=1 0
985 3000

fl=<frozen importlib._bootstrap>
fn=find_spec:1131
1131 1400
cfl=<frozen importlib._bootstrap>
cfn=_call_with_frames_removed
calls=1 483
1131 2400

fl=<frozen importlib._bootstrap>
fn=__enter__:1225
1225 1200
cfl=~
cfn=<built-in method _imp.acquire_lock>
calls=3 0
1225 500

fl=<frozen importlib._bootstrap>
fn=__exit__:1229
1229 1300
cfl=~
cfn=<built-in method _imp.release_lock>
calls=3 0
1229 700

fl=<frozen importlib._bootstrap>
fn=_find_spec
1243 14100
cfl=<frozen importlib._bootstrap>
cfn=find_spec:985
calls=1 985
1243 5800
cfl=<frozen importlib._bootstrap>
cfn=find_spec:1131
calls=1 1131
1243 3800
cfl=<frozen importlib._bootstrap>
cfn=__enter__:1225
calls=3 1225
1243 1700
cfl=<frozen importlib._bootstrap>
cfn=__exit__:1229
calls=3 1229
1243 2000
cfl=<frozen importlib._bootstrap_external>
cfn=find_spec:1284
calls=1 1284
1243 230700

fl=<frozen importlib._bootstrap>
fn=_find_and_load_unlocked
1308 14000
cfl=<frozen importlib._bootstrap>
cfn=_load_unlocked
calls=1 914
1308 871600
cfl=<frozen importlib._bootstrap>
cfn=_find_spec
calls=1 1243
1308 258100
cfl=~
cfn=<built-in method builtins.getattr>
calls=1 0
1308 300
cfl=~
cfn=<built-in method builtins.setattr>
calls=1 0
1308 1300
cfl=~
cfn=<method 'append' of 'list' objects>
calls=1 0
1308 300
cfl=~
cfn=<method 'get' of 'dict' objects>
calls=2 0
1308 300
cfl=~
cfn=<method 'pop' of 'list' objects>
calls=1 0
1308 400
cfl=~
cfn=<method 'rpartition' of 'str' objects>
calls=2 0
1308 800

fl=<frozen importlib._bootstrap>
fn=_find_and_load
1360 12200
cfl=<frozen importlib._bootstrap>
cfn=__init__:415
calls=1 415
1360 200
cfl=<frozen importlib._bootstrap>
cfn=__enter__:419
calls=1 419
1360 47500
cfl=<frozen importlib._bootstrap>
cfn=__exit__:423
calls=1 423
1360 6900
cfl=<frozen importlib._bootstrap>
cfn=cb
calls=1 448
1360 1700
cfl=<frozen importlib._bootstrap>
cfn=_find_and_load_unlocked
calls=1 1308
1360 1147100
cfl=~
cfn=<method 'get' of 'dict' objects>
calls=2 0
1360 700

fl=<frozen importlib._bootstrap>
fn=_handle_fromlist
1401 126100
cfl=~
cfn=<built-in method builtins.hasattr>
calls=96 0
1401 33100
cfl=~
cfn=<built-in method builtins.isinstance>
calls=96 0
1401 14600

fl=<frozen importlib._bootstrap_external>
fn=_relax_case
67 1200

fl=<frozen importlib._bootstrap_external>
fn=_unpack_uint32
89 2900
cfl=~
cfn=<built-in method builtins.len>
calls=3 0
89 200
cfl=~
cfn=<built-in method from_bytes>
calls=3 0
89 1000

fl=<frozen importlib._bootstrap_external>
fn=_path_join
101 42200
cfl=~
cfn=<built-in method builtins.len>
calls=10 0
101 2300
cfl=~
cfn=<method 'append' of 'list' objects>
calls=7 0
101 1700
cfl=~
cfn=<method 'endswith' of 'str' objects>
calls=19 0
101 3400
cfl=~
cfn=<method 'join' of 'str' objects>
calls=5 0
101 2000
cfl=~
cfn=<method 'rstrip' of 'str' objects>
calls=17 0
101 4000
cfl=~
cfn=<method 'startswith' of 'str' objects>
calls=12 0
101 3100

fl=<frozen importlib._bootstrap_external>
fn=_path_split
137 4300
cfl=~
cfn=<built-in method builtins.max>
calls=2 0
137 7400

fl=<frozen importlib._bootstrap_external>
fn=<genexpr>
139 2700
cfl=~
cfn=<method 'rfind' of 'str' objects>
calls=4 0
139 1000

fl=<frozen importlib._bootstrap_external>
fn=_path_stat
145 2600
cfl=~
cfn=<built-in method nt.stat>
calls=3 0
145 186900

fl=<frozen importlib._bootstrap_external>
fn=_path_is_mode_type
155 1000
cfl=<frozen importlib._bootstrap_external>
cfn=_path_stat
calls=1 145
155 57600

fl=<frozen importlib._bootstrap_external>
fn=_path_isfile
164 2100
cfl=<frozen importlib._bootstrap_external>
cfn=_path_is_mode_type
calls=1 155
164 58600

fl=<frozen importlib._bootstrap_external>
fn=_path_isabs
177 6500
cfl=~
cfn=<built-in method builtins.len>
calls=1 0
177 300
cfl=~
cfn=<built-in method nt._path_splitroot>
calls=1 0
177 1800
cfl=~
cfn=<method 'endswith' of 'str' objects>
calls=1 0
177 200
cfl=~
cfn=<method 'replace' of 'str' objects>
calls=1 0
177 400
cfl=~
cfn=<method 'startswith' of 'str' objects>
calls=1 0
177 300

fl=<frozen importlib._bootstrap_external>
fn=_path_abspath
190 1400
cfl=<frozen importlib._bootstrap_external>
cfn=_path_isabs
calls=1 177
190 9500

fl=<frozen importlib._bootstrap_external>
fn=cache_from_source
239 9200
cfl=<frozen importlib._bootstrap_external>
cfn=_path_join
calls=2 101
239 26300
cfl=<frozen importlib._bootstrap_external>
cfn=_path_split
calls=2 137
239 11700
cfl=~
cfn=<built-in method nt.fspath>
calls=2 0
239 400
cfl=~
cfn=<method 'join' of 'str' objects>
calls=2 0
239 700
cfl=~
cfn=<method 'rpartition' of 'str' objects>
calls=2 0
239 900

fl=<frozen importlib._bootstrap_external>
fn=_get_cached
369 4800
cfl=<frozen importlib._bootstrap_external>
cfn=cache_from_source
calls=1 239
369 26400
cfl=~
cfn=<method 'endswith' of 'str' objects>
calls=1 0
369 300

fl=<frozen importlib._bootstrap_external>
fn=_check_name_wrapper
401 1800
cfl=<frozen importlib._bootstrap_external>
cfn=get_filename
calls=1 942
401 400

fl=<frozen importlib._bootstrap_external>
fn=_classify_pyc
424 4700
cfl=<frozen importlib._bootstrap_external>
cfn=_unpack_uint32
calls=1 89
424 2900
cfl=~
cfn=<built-in method builtins.len>
calls=1 0
424 600

fl=<frozen importlib._bootstrap_external>
fn=_validate_timestamp_pyc
457 1800
cfl=<frozen importlib._bootstrap_external>
cfn=_unpack_uint32
calls=2 89
457 1200

fl=<frozen importlib._bootstrap_external>
fn=_compile_bytecode
509 4900
cfl=<frozen importlib._bootstrap>
cfn=_verbose_message
calls=1 494
509 200
cfl=~
cfn=<built-in method _imp._fix_co_filename>
calls=1 0
509 1200
cfl=~
cfn=<built-in method builtins.isinstance>
calls=1 0
509 400
cfl=~
cfn=<built-in method marshal.loads>
calls=1 0
509 190700

fl=<frozen importlib._bootstrap_external>
fn=spec_from_file_location
560 5600
cfl=<frozen importlib._bootstrap>
cfn=__init__:602
calls=1 602
560 400
cfl=<frozen importlib._bootstrap_external>
cfn=_path_abspath
calls=1 190
560 10900
cfl=~
cfn=<built-in method nt.fspath>
calls=1 0
560 300

fl=<frozen importlib._bootstrap_external>
fn=create_module
750 200

fl=<frozen importlib._bootstrap_external>
fn=exec_module
753 7300
cfl=<frozen importlib._bootstrap>
cfn=_call_with_frames_removed
calls=1 483
753 75500
cfl=<frozen importlib._bootstrap_external>
cfn=get_code
calls=1 826
753 729100

fl=<frozen importlib._bootstrap_external>
fn=get_code
826 20500
cfl=<frozen importlib._bootstrap>
cfn=_verbose_message
calls=1 494
826 600
cfl=<frozen importlib._bootstrap_external>
cfn=cache_from_source
calls=1 239
826 22800
cfl=<frozen importlib._bootstrap_external>
cfn=_check_name_wrapper
calls=1 401
826 2200
cfl=<frozen importlib._bootstrap_external>
cfn=_classify_pyc
calls=1 424
826 8200
cfl=<frozen importlib._bootstrap_external>
cfn=_validate_timestamp_pyc
calls=1 457
826 3000
cfl=<frozen importlib._bootstrap_external>
cfn=_compile_bytecode
calls=1 509
826 197400
cfl=<frozen importlib._bootstrap_external>
cfn=get_data
calls=1 947
826 419400
cfl=<frozen importlib._bootstrap_external>
cfn=path_stats
calls=1 966
826 55000

fl=<frozen importlib._bootstrap_external>
fn=__init__
917 300

fl=<frozen importlib._bootstrap_external>
fn=get_filename
942 400

fl=<frozen importlib._bootstrap_external>
fn=get_data
947 9700
cfl=~
cfn=<built-in method _io.open_code>
calls=1 0
947 357100
cfl=~
cfn=<built-in method builtins.isinstance>
calls=1 0
947 400
cfl=~
cfn=<method '__enter__' of '_io._IOBase' objects>
calls=1 0
947 1400
cfl=~
cfn=<method '__exit__' of '_io._IOBase' objects>
calls=1 0
947 16300
cfl=~
cfn=<method 'read' of '_io.BufferedReader' objects>
calls=1 0
947 34500

fl=<frozen importlib._bootstrap_external>
fn=path_stats
966 1100
cfl=<frozen importlib._bootstrap_external>
cfn=_path_stat
calls=1 145
966 53900

fl=<frozen importlib._bootstrap_external>
fn=_path_importer_cache
1233 1000

fl=<frozen importlib._bootstrap_external>
fn=_get_spec:1255
1255 10900
cfl=<frozen importlib._bootstrap_external>
cfn=_path_importer_cache
calls=1 1233
1255 1000
cfl=<frozen importlib._bootstrap_external>
cfn=find_spec:1357
calls=1 1357
1255 215700
cfl=~
cfn=<built-in method builtins.isinstance>
calls=1 0
1255 300

fl=<frozen importlib._bootstrap_external>
fn=find_spec:1284
1284 2800
cfl=<frozen importlib._bootstrap_external>
cfn=_get_spec:1255
calls=1 1255
1284 227900

fl=<frozen importlib._bootstrap_external>
fn=_get_spec:1352
1352 6700
cfl=<frozen importlib._bootstrap_external>
cfn=spec_from_file_location
calls=1 560
1352 17200
cfl=<frozen importlib._bootstrap_external>
cfn=__init__
calls=1 917
1352 300

fl=<frozen importlib._bootstrap_external>
fn=find_spec:1357
1357 18100
cfl=<frozen importlib._bootstrap>
cfn=_verbose_message
calls=3 494
1357 700
cfl=<frozen importlib._bootstrap_external>
cfn=_relax_case
calls=1 67
1357 1200
cfl=<frozen importlib._bootstrap_external>
cfn=_path_join
calls=3 101
1357 32400
cfl=<frozen importlib._bootstrap_external>
cfn=_path_stat
calls=1 145
1357 78000
cfl=<frozen importlib._bootstrap_external>
cfn=_path_isfile
calls=1 164
1357 60700
cfl=<frozen importlib._bootstrap_external>
cfn=_get_spec:1352
calls=1 1352
1357 24200
cfl=~
cfn=<method 'rpartition' of 'str' objects>
calls=1 0
1357 400

fl=<frozen ntpath>
fn=_get_bothseps
34 3100
cfl=~
cfn=<built-in method builtins.isinstance>
calls=8 0
34 600

fl=<frozen ntpath>
fn=normcase
50 23200
cfl=~
cfn=<built-in method _winapi.LCMapStringEx>
calls=21 0
50 21000
cfl=~
cfn=<built-in method builtins.isinstance>
calls=21 0
50 3600
cfl=~
cfn=<built-in method nt.fspath>
calls=21 0
50 2800
cfl=~
cfn=<method 'replace' of 'str' objects>
calls=21 0
50 6400

fl=<frozen ntpath>
fn=join
99 20900
cfl=~
cfn=<built-in method builtins.isinstance>
calls=9 0
99 1400
cfl=~
cfn=<built-in method nt._path_splitroot_ex>
calls=18 0
99 6800
cfl=~
cfn=<built-in method nt.fspath>
calls=9 0
99 1400

fl=<frozen ntpath>
fn=splitdrive
146 1000
cfl=~
cfn=<built-in method nt._path_splitroot_ex>
calls=2 0
146 500

fl=<frozen ntpath>
fn=split
222 27600
cfl=<frozen ntpath>
cfn=_get_bothseps
calls=8 34
222 3700
cfl=~
cfn=<built-in method builtins.len>
calls=8 0
222 1300
cfl=~
cfn=<built-in method nt._path_splitroot_ex>
calls=8 0
222 4500
cfl=~
cfn=<built-in method nt.fspath>
calls=8 0
222 900
cfl=~
cfn=<method 'rstrip' of 'str' objects>
calls=8 0
222 3100

fl=<frozen ntpath>
fn=splitext
243 8200
cfl=<frozen genericpath>
cfn=_splitext
calls=7 157
243 17600
cfl=~
cfn=<built-in method builtins.isinstance>
calls=7 0
243 800
cfl=~
cfn=<built-in method nt.fspath>
calls=7 0
243 800

fl=<frozen ntpath>
fn=basename
254 5000
cfl=<frozen ntpath>
cfn=split
calls=7 222
254 33200

fl=<frozen ntpath>
fn=expanduser
343 6400
cfl=~
cfn=<built-in method builtins.isinstance>
calls=9 0
343 700
cfl=~
cfn=<built-in method nt.fspath>
calls=9 0
343 1400
cfl=~
cfn=<method 'startswith' of 'str' objects>
calls=9 0
343 1600

fl=<frozen ntpath>
fn=abspath
529 1700
cfl=~
cfn=<built-in method nt._getfullpathname>
calls=1 0
529 2900
cfl=~
cfn=<built-in method nt._path_normpath>
calls=1 0
529 700

fl=<frozen os>
fn=makedirs
211 700
cfl=<frozen ntpath>
cfn=split
calls=1 222
211 7900
cfl=~
cfn=<built-in method nt._path_exists>
calls=0 0
211 0

fl=<string>
fn=<lambda>
1 1800
cfl=~
cfn=<built-in method __new__ of type object at 0x00007FFF81974D90>
calls=3 0
1 1300

fl=<string>
fn=__init__:2
2 4300

fl=<string>
fn=__init__:2
2 2900

fl=<string>
fn=__init__:2
2 700

fl=C:\Users\Pedro\AppData\Local\Python\pythoncore-3.14-64\Lib\_py_warnings.py
fn=_filters
71 2000

fl=C:\Users\Pedro\AppData\Local\Python\pythoncore-3.14-64\Lib\_py_warnings.py
fn=_get_context
89 2200

fl=C:\Users\Pedro\AppData\Local\Python\pythoncore-3.14-64\Lib\_py_warnings.py
fn=_get_filters
111 7800
cfl=C:\Users\Pedro\AppData\Local\Python\pythoncore-3.14-64\Lib\_py_warnings.py
cfn=_filters
calls=12 71
111 2000
cfl=C:\Users\Pedro\AppData\Local\Python\pythoncore-3.14-64\Lib\_py_warnings.py
cfn=_get_context
calls=12 89
111 2000

fl=C:\Users\Pedro\AppData\Local\Python\pythoncore-3.14-64\Lib\_py_warnings.py
fn=_showwarnmsg_impl
133 5300
cfl=C:\Users\Pedro\AppData\Local\Python\pythoncore-3.14-64\Lib\_py_warnings.py
cfn=_get_context
calls=1 89
133 200
cfl=C:\Users\Pedro\AppData\Local\Python\pythoncore-3.14-64\Lib\_py_warnings.py
cfn=_formatwarnmsg
calls=1 240
133 422500
cfl=c:\Users\Pedro\faculdade\IniciacaoCientifica\grn\.env\Lib\site-packages\IPython\core\interactiveshell.py
cfn=write
calls=1 3098
133 189900

fl=C:\Users\Pedro\AppData\Local\Python\pythoncore-3.14-64\Lib\_py_warnings.py
fn=_formatwarnmsg_impl
153 7400
cfl=C:\Users\Pedro\AppData\Local\Python\pythoncore-3.14-64\Lib\linecache.py
cfn=getline
calls=1 22
153 410600
cfl=~
cfn=<method 'strip' of 'str' objects>
calls=1 0
153 300

fl=C:\Users\Pedro\AppData\Local\Python\pythoncore-3.14-64\Lib\_py_warnings.py
fn=_showwarnmsg
217 2500
cfl=C:\Users\Pedro\AppData\Local\Python\pythoncore-3.14-64\Lib\_py_warnings.py
cfn=_showwarnmsg_impl
calls=1 133
217 617900

fl=C:\Users\Pedro\AppData\Local\Python\pythoncore-3.14-64\Lib\_py_warnings.py
fn=_formatwarnmsg
240 4200
cfl=C:\Users\Pedro\AppData\Local\Python\pythoncore-3.14-64\Lib\_py_warnings.py
cfn=_formatwarnmsg_impl
calls=1 153
240 418300

fl=C:\Users\Pedro\AppData\Local\Python\pythoncore-3.14-64\Lib\_py_warnings.py
fn=simplefilter
294 12700
cfl=C:\Users\Pedro\AppData\Local\Python\pythoncore-3.14-64\Lib\_py_warnings.py
cfn=_add_filter
calls=12 320
294 56500
cfl=~
cfn=<built-in method builtins.isinstance>
calls=12 0
294 1200

fl=C:\Users\Pedro\AppData\Local\Python\pythoncore-3.14-64\Lib\_py_warnings.py
fn=_add_filter
320 24800
cfl=C:\Users\Pedro\AppData\Local\Python\pythoncore-3.14-64\Lib\_py_warnings.py
cfn=_get_filters
calls=12 111
320 11800
cfl=C:\Users\Pedro\AppData\Local\Python\pythoncore-3.14-64\Lib\warnings.py
cfn=__enter__
calls=12 80
320 3300
cfl=C:\Users\Pedro\AppData\Local\Python\pythoncore-3.14-64\Lib\warnings.py
cfn=__exit__
calls=12 84
320 3400
cfl=~
cfn=<built-in method _warnings._filters_mutated_lock_held>
calls=12 0
320 1300
cfl=~
cfn=<method 'insert' of 'list' objects>
calls=12 0
320 3200
cfl=~
cfn=<method 'remove' of 'list' objects>
calls=12 0
320 8700

fl=C:\Users\Pedro\AppData\Local\Python\pythoncore-3.14-64\Lib\_py_warnings.py
fn=__init__:576
576 1500

fl=C:\Users\Pedro\AppData\Local\Python\pythoncore-3.14-64\Lib\_py_warnings.py
fn=__init__:616
616 5100

fl=C:\Users\Pedro\AppData\Local\Python\pythoncore-3.14-64\Lib\_py_warnings.py
fn=__enter__
639 21200
cfl=C:\Users\Pedro\AppData\Local\Python\pythoncore-3.14-64\Lib\warnings.py
cfn=__enter__
calls=12 80
639 6100
cfl=C:\Users\Pedro\AppData\Local\Python\pythoncore-3.14-64\Lib\warnings.py
cfn=__exit__
calls=12 84
639 4000
cfl=~
cfn=<built-in method _warnings._filters_mutated_lock_held>
calls=12 0
639 1300

fl=C:\Users\Pedro\AppData\Local\Python\pythoncore-3.14-64\Lib\_py_warnings.py
fn=__exit__
668 13100
cfl=C:\Users\Pedro\AppData\Local\Python\pythoncore-3.14-64\Lib\warnings.py
cfn=__enter__
calls=12 80
668 3500
cfl=C:\Users\Pedro\AppData\Local\Python\pythoncore-3.14-64\Lib\warnings.py
cfn=__exit__
calls=12 84
668 2400
cfl=~
cfn=<built-in method _warnings._filters_mutated_lock_held>
calls=12 0
668 1200

fl=C:\Users\Pedro\AppData\Local\Python\pythoncore-3.14-64\Lib\asyncio\base_events.py
fn=create_future
457 70700
cfl=C:\Users\Pedro\AppData\Local\Python\pythoncore-3.14-64\Lib\asyncio\base_events.py
cfn=get_debug
calls=18 2064
457 1900

fl=C:\Users\Pedro\AppData\Local\Python\pythoncore-3.14-64\Lib\asyncio\base_events.py
fn=_check_closed
548 13400

fl=C:\Users\Pedro\AppData\Local\Python\pythoncore-3.14-64\Lib\asyncio\base_events.py
fn=time
766 159200
cfl=~
cfn=<built-in method time.monotonic>
calls=225 0
766 72300

fl=C:\Users\Pedro\AppData\Local\Python\pythoncore-3.14-64\Lib\asyncio\base_events.py
fn=call_later
775 128300
cfl=C:\Users\Pedro\AppData\Local\Python\pythoncore-3.14-64\Lib\asyncio\base_events.py
cfn=time
calls=40 766
775 22900
cfl=C:\Users\Pedro\AppData\Local\Python\pythoncore-3.14-64\Lib\asyncio\base_events.py
cfn=call_at
calls=40 799
775 475600

fl=C:\Users\Pedro\AppData\Local\Python\pythoncore-3.14-64\Lib\asyncio\base_events.py
fn=call_at
799 170700
cfl=C:\Users\Pedro\AppData\Local\Python\pythoncore-3.14-64\Lib\asyncio\base_events.py
cfn=_check_closed
calls=40 548
799 8500
cfl=C:\Users\Pedro\AppData\Local\Python\pythoncore-3.14-64\Lib\asyncio\events.py
cfn=__init__:146
calls=40 146
799 239600
cfl=~
cfn=<built-in method _heapq.heappush>
calls=40 0
799 56800

fl=C:\Users\Pedro\AppData\Local\Python\pythoncore-3.14-64\Lib\asyncio\base_events.py
fn=call_soon
817 38200
cfl=C:\Users\Pedro\AppData\Local\Python\pythoncore-3.14-64\Lib\asyncio\base_events.py
cfn=_check_closed
calls=20 548
817 4900
cfl=C:\Users\Pedro\AppData\Local\Python\pythoncore-3.14-64\Lib\asyncio\base_events.py
cfn=_call_soon
calls=20 846
817 102000

fl=C:\Users\Pedro\AppData\Local\Python\pythoncore-3.14-64\Lib\asyncio\base_events.py
fn=_call_soon
846 66900
cfl=C:\Users\Pedro\AppData\Local\Python\pythoncore-3.14-64\Lib\asyncio\events.py
cfn=__init__:41
calls=20 41
846 29800
cfl=~
cfn=<method 'append' of 'collections.deque' objects>
calls=20 0
846 5300

fl=C:\Users\Pedro\AppData\Local\Python\pythoncore-3.14-64\Lib\asyncio\base_events.py
fn=_add_callback
1951 25100
cfl=~
cfn=<method 'append' of 'collections.deque' objects>
calls=43 0
1951 12400

fl=C:\Users\Pedro\AppData\Local\Python\pythoncore-3.14-64\Lib\asyncio\base_events.py
fn=_timer_handle_cancelled
1961 6200

fl=C:\Users\Pedro\AppData\Local\Python\pythoncore-3.14-64\Lib\asyncio\base_events.py
fn=_run_once
1966 1370800
cfl=C:\Users\Pedro\AppData\Local\Python\pythoncore-3.14-64\Lib\asyncio\base_events.py
cfn=time
calls=113 766
1966 77600
cfl=C:\Users\Pedro\AppData\Local\Python\pythoncore-3.14-64\Lib\asyncio\base_events.py
cfn=_run_once
calls=2 1966
1966 34881300
cfl=C:\Users\Pedro\AppData\Local\Python\pythoncore-3.14-64\Lib\asyncio\events.py
cfn=_run
calls=29 92
1966 86900
cfl=C:\Users\Pedro\AppData\Local\Python\pythoncore-3.14-64\Lib\asyncio\selector_events.py
cfn=_process_events
calls=30 744
1966 64700
cfl=C:\Users\Pedro\AppData\Local\Python\pythoncore-3.14-64\Lib\logging\__init__.py
cfn=info
calls=1 1510
1966 309500
cfl=C:\Users\Pedro\AppData\Local\Python\pythoncore-3.14-64\Lib\selectors.py
cfn=select
calls=30 310
1966 12000
cfl=c:\Users\Pedro\faculdade\IniciacaoCientifica\grn\.env\Lib\site-packages\numpy\_core\fromnumeric.py
cfn=_any_dispatcher
calls=1 2431
1966 200
cfl=c:\Users\Pedro\faculdade\IniciacaoCientifica\grn\.env\Lib\site-packages\numpy\_core\fromnumeric.py
cfn=any
calls=1 2436
1966 8600
cfl=c:\Users\Pedro\faculdade\IniciacaoCientifica\grn\.env\Lib\site-packages\numpy\_core\fromnumeric.py
cfn=_all_dispatcher
calls=3 2543
1966 600
cfl=c:\Users\Pedro\faculdade\IniciacaoCientifica\grn\.env\Lib\site-packages\numpy\_core\fromnumeric.py
cfn=all
calls=3 2548
1966 32600
cfl=c:\Users\Pedro\faculdade\IniciacaoCientifica\grn\.env\Lib\site-packages\numpy\_core\shape_base.py
cfn=_atleast_1d_dispatcher
calls=1 15
1966 100
cfl=c:\Users\Pedro\faculdade\IniciacaoCientifica\grn\.env\Lib\site-packages\numpy\_core\shape_base.py
cfn=atleast_1d
calls=1 19
1966 1700
cfl=c:\Users\Pedro\faculdade\IniciacaoCientifica\grn\.env\Lib\site-packages\numpy\lib\_function_base_impl.py
cfn=_copy_dispatcher
calls=1 920
1966 200
cfl=c:\Users\Pedro\faculdade\IniciacaoCientifica\grn\.env\Lib\site-packages\numpy\lib\_function_base_impl.py
cfn=copy
calls=1 924
1966 2800
cfl=c:\Users\Pedro\faculdade\IniciacaoCientifica\grn\.env\Lib\site-packages\scipy\_lib\_util.py
cfn=__getattr__
calls=10 1016
1966 2800
cfl=c:\Users\Pedro\faculdade\IniciacaoCientifica\grn\.env\Lib\site-packages\scipy\optimize\_constraints.py
cfn=__init__
calls=1 266
1966 190200
cfl=c:\Users\Pedro\faculdade\IniciacaoCientifica\grn\.env\Lib\site-packages\scipy\optimize\_differentialevolution.py
cfn=converged
calls=18 1174
1966 1546100
cfl=c:\Users\Pedro\faculdade\IniciacaoCientifica\grn\.env\Lib\site-packages\scipy\optimize\_differentialevolution.py
cfn=_result
calls=1 1343
1966 46200
cfl=c:\Users\Pedro\faculdade\IniciacaoCientifica\grn\.env\Lib\site-packages\scipy\optimize\_differentialevolution.py
cfn=_unscale_parameters
calls=1 1736
1966 6800
cfl=c:\Users\Pedro\faculdade\IniciacaoCientifica\grn\.env\Lib\site-packages\scipy\optimize\_minimize.py
cfn=minimize
calls=1 54
1966 77662233500
cfl=c:\Users\Pedro\faculdade\IniciacaoCientifica\grn\PythonCode\Modules\Handlers.py
cfn=run_serial
calls=0 48
1966 0
cfl=c:\Users\Pedro\faculdade\IniciacaoCientifica\grn\PythonCode\Modules\Helpers.py
cfn=calculate_error
calls=10 50
1966 578100
cfl=~
cfn=<built-in method builtins.callable>
calls=1 0
1966 300
cfl=~
cfn=<built-in method builtins.isinstance>
calls=1 0
1966 200
cfl=~
cfn=<built-in method builtins.len>
calls=168 0
1966 34500
cfl=~
cfn=<built-in method builtins.min>
calls=10 0
1966 7600
cfl=~
cfn=<built-in method builtins.next>
calls=17 0
1966 100081332100
cfl=~
cfn=<built-in method builtins.print>
calls=20 0
1966 6566000
cfl=~
cfn=<built-in method time.time>
calls=1 0
1966 300
cfl=~
cfn=<method 'get' of 'dict' objects>
calls=2 0
1966 800
cfl=~
cfn=<method 'popleft' of 'collections.deque' objects>
calls=30 0
1966 12000
cfl=~
cfn=<method 'update' of 'dict' objects>
calls=1 0
1966 1600

fl=C:\Users\Pedro\AppData\Local\Python\pythoncore-3.14-64\Lib\asyncio\base_events.py
fn=get_debug
2064 13500

fl=C:\Users\Pedro\AppData\Local\Python\pythoncore-3.14-64\Lib\asyncio\events.py
fn=__init__:41
41 151100
cfl=C:\Users\Pedro\AppData\Local\Python\pythoncore-3.14-64\Lib\asyncio\base_events.py
cfn=get_debug
calls=60 2064
41 8500
cfl=~
cfn=<built-in method _contextvars.copy_context>
calls=42 0
41 26700

fl=C:\Users\Pedro\AppData\Local\Python\pythoncore-3.14-64\Lib\asyncio\events.py
fn=cancel:78
78 18500
cfl=C:\Users\Pedro\AppData\Local\Python\pythoncore-3.14-64\Lib\asyncio\base_events.py
cfn=get_debug
calls=18 2064
78 3100

fl=C:\Users\Pedro\AppData\Local\Python\pythoncore-3.14-64\Lib\asyncio\events.py
fn=_run
92 217800
cfl=c:\Users\Pedro\faculdade\IniciacaoCientifica\grn\.env\Lib\site-packages\traitlets\traitlets.py
cfn=__get__
calls=1 695
92 2200
cfl=~
cfn=<method 'run' of '_contextvars.Context' objects>
calls=99 0
92 104329600

fl=C:\Users\Pedro\AppData\Local\Python\pythoncore-3.14-64\Lib\asyncio\events.py
fn=__init__:146
146 83100
cfl=C:\Users\Pedro\AppData\Local\Python\pythoncore-3.14-64\Lib\asyncio\events.py
cfn=__init__:41
calls=40 41
146 156500

fl=C:\Users\Pedro\AppData\Local\Python\pythoncore-3.14-64\Lib\asyncio\events.py
fn=__lt__
162 15300
cfl=~
cfn=<built-in method builtins.isinstance>
calls=23 0
162 3800

fl=C:\Users\Pedro\AppData\Local\Python\pythoncore-3.14-64\Lib\asyncio\events.py
fn=cancel:190
190 78400
cfl=C:\Users\Pedro\AppData\Local\Python\pythoncore-3.14-64\Lib\asyncio\base_events.py
cfn=_timer_handle_cancelled
calls=18 1961
190 6200
cfl=C:\Users\Pedro\AppData\Local\Python\pythoncore-3.14-64\Lib\asyncio\events.py
cfn=cancel:78
calls=18 78
190 21600

fl=C:\Users\Pedro\AppData\Local\Python\pythoncore-3.14-64\Lib\asyncio\futures.py
fn=_set_result_unless_cancelled
319 45600
cfl=~
cfn=<method 'cancelled' of '_asyncio.Future' objects>
calls=18 0
319 9000
cfl=~
cfn=<method 'set_result' of '_asyncio.Future' objects>
calls=18 0
319 183100

fl=C:\Users\Pedro\AppData\Local\Python\pythoncore-3.14-64\Lib\asyncio\selector_events.py
fn=_process_events
744 140900
cfl=C:\Users\Pedro\AppData\Local\Python\pythoncore-3.14-64\Lib\asyncio\base_events.py
cfn=_add_callback
calls=43 1951
744 37500

fl=C:\Users\Pedro\AppData\Local\Python\pythoncore-3.14-64\Lib\asyncio\tasks.py
fn=sleep
687 150600
cfl=C:\Users\Pedro\AppData\Local\Python\pythoncore-3.14-64\Lib\asyncio\base_events.py
cfn=create_future
calls=18 457
687 72600
cfl=C:\Users\Pedro\AppData\Local\Python\pythoncore-3.14-64\Lib\asyncio\base_events.py
cfn=call_later
calls=18 775
687 278800
cfl=C:\Users\Pedro\AppData\Local\Python\pythoncore-3.14-64\Lib\asyncio\events.py
cfn=cancel:190
calls=18 190
687 106200
cfl=~
cfn=<built-in method _asyncio.get_running_loop>
calls=18 0
687 7700
cfl=~
cfn=<built-in method math.isnan>
calls=18 0
687 11700

fl=C:\Users\Pedro\AppData\Local\Python\pythoncore-3.14-64\Lib\cProfile.py
fn=__exit__
120 3100
cfl=~
cfn=<method 'disable' of '_lsprof.Profiler' objects>
calls=1 0
120 90300

fl=C:\Users\Pedro\AppData\Local\Python\pythoncore-3.14-64\Lib\contextlib.py
fn=__init__
108 1900
cfl=~
cfn=<built-in method builtins.getattr>
calls=1 0
108 300

fl=C:\Users\Pedro\AppData\Local\Python\pythoncore-3.14-64\Lib\contextlib.py
fn=__enter__
136 1000
cfl=~
cfn=<built-in method builtins.next>
calls=1 0
136 1100

fl=C:\Users\Pedro\AppData\Local\Python\pythoncore-3.14-64\Lib\contextlib.py
fn=__exit__
145 3100
cfl=~
cfn=<built-in method builtins.next>
calls=1 0
145 2600

fl=C:\Users\Pedro\AppData\Local\Python\pythoncore-3.14-64\Lib\contextlib.py
fn=helper
303 2100
cfl=C:\Users\Pedro\AppData\Local\Python\pythoncore-3.14-64\Lib\contextlib.py
cfn=__init__
calls=1 108
303 2200

fl=C:\Users\Pedro\AppData\Local\Python\pythoncore-3.14-64\Lib\copy.py
fn=copy
62 18578100
cfl=~
cfn=<built-in method builtins.getattr>
calls=15372 0
62 6731500
cfl=~
cfn=<built-in method builtins.issubclass>
calls=15372 0
62 2232500
cfl=~
cfn=<method '__copy__' of 'numpy.ndarray' objects>
calls=15372 0
62 16647600

fl=C:\Users\Pedro\AppData\Local\Python\pythoncore-3.14-64\Lib\copy.py
fn=deepcopy
110 1523659600
cfl=C:\Users\Pedro\AppData\Local\Python\pythoncore-3.14-64\Lib\copy.py
cfn=_deepcopy_tuple
calls=146034 181
110 341950600
cfl=C:\Users\Pedro\AppData\Local\Python\pythoncore-3.14-64\Lib\copy.py
cfn=_deepcopy_dict
calls=345870 198
110 4281395400
cfl=C:\Users\Pedro\AppData\Local\Python\pythoncore-3.14-64\Lib\copy.py
cfn=_keep_alive
calls=491904 212
110 380022100
cfl=C:\Users\Pedro\AppData\Local\Python\pythoncore-3.14-64\Lib\copy.py
cfn=_reconstruct
calls=146034 228
110 2321222200
cfl=C:\Users\Pedro\AppData\Local\Python\pythoncore-3.14-64\Lib\enum.py
cfn=__or__
calls=1 1583
110 6500
cfl=c:\Users\Pedro\faculdade\IniciacaoCientifica\grn\.env\Lib\site-packages\zmq\sugar\socket.py
cfn=send
calls=1 623
110 13300
cfl=~
cfn=<built-in method builtins.getattr>
calls=438064 0
110 80110200
cfl=~
cfn=<built-in method builtins.id>
calls=783934 0
110 89548900
cfl=~
cfn=<built-in method builtins.isinstance>
calls=146034 0
110 24472400
cfl=~
cfn=<built-in method builtins.issubclass>
calls=292030 0
110 45328100
cfl=~
cfn=<method '__deepcopy__' of 'numpy.generic' objects>
calls=145996 0
110 43677700
cfl=~
cfn=<method '__reduce_ex__' of 'object' objects>
calls=146034 0
110 105195700
cfl=~
cfn=<method 'get' of 'dict' objects>
calls=1698530 0
110 255209400

fl=C:\Users\Pedro\AppData\Local\Python\pythoncore-3.14-64\Lib\copy.py
fn=_deepcopy_tuple
181 277725200
cfl=C:\Users\Pedro\AppData\Local\Python\pythoncore-3.14-64\Lib\copy.py
cfn=deepcopy
calls=292068 110
181 48515600
cfl=~
cfn=<built-in method builtins.id>
calls=146034 0
181 15709800

fl=C:\Users\Pedro\AppData\Local\Python\pythoncore-3.14-64\Lib\copy.py
fn=_deepcopy_dict
198 695068100
cfl=C:\Users\Pedro\AppData\Local\Python\pythoncore-3.14-64\Lib\copy.py
cfn=deepcopy
calls=1752404 110
198 4216467400
cfl=~
cfn=<built-in method builtins.id>
calls=345870 0
198 39014100
cfl=~
cfn=<method 'items' of 'dict' objects>
calls=345870 0
198 68293200

fl=C:\Users\Pedro\AppData\Local\Python\pythoncore-3.14-64\Lib\copy.py
fn=_keep_alive
212 239154400
cfl=~
cfn=<built-in method builtins.id>
calls=507276 0
212 62430600
cfl=~
cfn=<method 'append' of 'list' objects>
calls=476532 0
212 78437100

fl=C:\Users\Pedro\AppData\Local\Python\pythoncore-3.14-64\Lib\copy.py
fn=_reconstruct
228 403764400
cfl=C:\Users\Pedro\AppData\Local\Python\pythoncore-3.14-64\Lib\copy.py
cfn=deepcopy
calls=146034 110
228 1604171400
cfl=C:\Users\Pedro\AppData\Local\Python\pythoncore-3.14-64\Lib\copy.py
cfn=<genexpr>
calls=292068 233
228 99957300
cfl=C:\Users\Pedro\AppData\Local\Python\pythoncore-3.14-64\Lib\copyreg.py
cfn=__newobj__
calls=146034 103
228 93177700
cfl=~
cfn=<built-in method builtins.hasattr>
calls=146034 0
228 27677300
cfl=~
cfn=<built-in method builtins.id>
calls=146034 0
228 19635100
cfl=~
cfn=<built-in method builtins.isinstance>
calls=146034 0
228 24112000
cfl=~
cfn=<method 'update' of 'dict' objects>
calls=146034 0
228 48727000

fl=C:\Users\Pedro\AppData\Local\Python\pythoncore-3.14-64\Lib\copy.py
fn=<genexpr>
233 69911000
cfl=C:\Users\Pedro\AppData\Local\Python\pythoncore-3.14-64\Lib\copy.py
cfn=deepcopy
calls=146034 110
233 30046300

fl=C:\Users\Pedro\AppData\Local\Python\pythoncore-3.14-64\Lib\copyreg.py
fn=__newobj__
103 61821800
cfl=~
cfn=<built-in method __new__ of type object at 0x00007FFF81974D90>
calls=146034 0
103 31355900

fl=C:\Users\Pedro\AppData\Local\Python\pythoncore-3.14-64\Lib\copyreg.py
fn=_slotnames
112 4200
cfl=~
cfn=<built-in method builtins.hasattr>
calls=1 0
112 500
cfl=~
cfn=<method 'get' of 'mappingproxy' objects>
calls=1 0
112 400

fl=C:\Users\Pedro\AppData\Local\Python\pythoncore-3.14-64\Lib\dataclasses.py
fn=is_dataclass
1468 3700
cfl=~
cfn=<built-in method builtins.hasattr>
calls=2 0
1468 900
cfl=~
cfn=<built-in method builtins.isinstance>
calls=2 0
1468 300

fl=C:\Users\Pedro\AppData\Local\Python\pythoncore-3.14-64\Lib\encodings\cp1252.py
fn=encode
18 7100
cfl=~
cfn=<built-in method _codecs.charmap_encode>
calls=7 0
18 6600

fl=C:\Users\Pedro\AppData\Local\Python\pythoncore-3.14-64\Lib\enum.py
fn=__get__
187 180200
cfl=C:\Users\Pedro\AppData\Local\Python\pythoncore-3.14-64\Lib\enum.py
cfn=value
calls=171 1324
187 46900

fl=C:\Users\Pedro\AppData\Local\Python\pythoncore-3.14-64\Lib\enum.py
fn=__call__
677 331200
cfl=C:\Users\Pedro\AppData\Local\Python\pythoncore-3.14-64\Lib\enum.py
cfn=__new__
calls=457 1146
677 211400

fl=C:\Users\Pedro\AppData\Local\Python\pythoncore-3.14-64\Lib\enum.py
fn=__new__
1146 211400

fl=C:\Users\Pedro\AppData\Local\Python\pythoncore-3.14-64\Lib\enum.py
fn=value
1324 46900

fl=C:\Users\Pedro\AppData\Local\Python\pythoncore-3.14-64\Lib\enum.py
fn=_get_value
1576 451900
cfl=~
cfn=<built-in method builtins.isinstance>
calls=1605 0
1576 281000

fl=C:\Users\Pedro\AppData\Local\Python\pythoncore-3.14-64\Lib\enum.py
fn=__or__
1583 347600
cfl=C:\Users\Pedro\AppData\Local\Python\pythoncore-3.14-64\Lib\enum.py
cfn=__call__
calls=184 677
1583 175200
cfl=C:\Users\Pedro\AppData\Local\Python\pythoncore-3.14-64\Lib\enum.py
cfn=_get_value
calls=552 1576
1583 381200

fl=C:\Users\Pedro\AppData\Local\Python\pythoncore-3.14-64\Lib\enum.py
fn=__and__
1594 293100
cfl=C:\Users\Pedro\AppData\Local\Python\pythoncore-3.14-64\Lib\enum.py
cfn=__call__
calls=137 677
1594 164100
cfl=C:\Users\Pedro\AppData\Local\Python\pythoncore-3.14-64\Lib\enum.py
cfn=_get_value
calls=411 1576
1594 351700

fl=C:\Users\Pedro\AppData\Local\Python\pythoncore-3.14-64\Lib\hmac.py
fn=update
149 34500
cfl=~
cfn=<method 'update' of '_hashlib.HMAC' objects>
calls=88 0
149 63800

fl=C:\Users\Pedro\AppData\Local\Python\pythoncore-3.14-64\Lib\hmac.py
fn=copy
154 31100
cfl=~
cfn=<built-in method __new__ of type object at 0x00007FFF81974D90>
calls=22 0
154 11700
cfl=~
cfn=<method 'copy' of '_hashlib.HMAC' objects>
calls=22 0
154 194300

fl=C:\Users\Pedro\AppData\Local\Python\pythoncore-3.14-64\Lib\hmac.py
fn=_current
172 3000

fl=C:\Users\Pedro\AppData\Local\Python\pythoncore-3.14-64\Lib\hmac.py
fn=hexdigest
194 20900
cfl=C:\Users\Pedro\AppData\Local\Python\pythoncore-3.14-64\Lib\hmac.py
cfn=_current
calls=22 172
194 3000
cfl=~
cfn=<method 'hexdigest' of '_hashlib.HMAC' objects>
calls=22 0
194 81500

fl=C:\Users\Pedro\AppData\Local\Python\pythoncore-3.14-64\Lib\inspect.py
fn=name
2733 400

fl=C:\Users\Pedro\AppData\Local\Python\pythoncore-3.14-64\Lib\inspect.py
fn=kind
2745 900

fl=C:\Users\Pedro\AppData\Local\Python\pythoncore-3.14-64\Lib\inspect.py
fn=__init__
2831 100

fl=C:\Users\Pedro\AppData\Local\Python\pythoncore-3.14-64\Lib\inspect.py
fn=args
2839 2200
cfl=C:\Users\Pedro\AppData\Local\Python\pythoncore-3.14-64\Lib\inspect.py
cfn=kind
calls=4 2745
2839 300
cfl=C:\Users\Pedro\AppData\Local\Python\pythoncore-3.14-64\Lib\inspect.py
cfn=parameters
calls=1 3042
2839 0
cfl=~
cfn=<method 'append' of 'list' objects>
calls=2 0
2839 500
cfl=~
cfn=<method 'items' of 'mappingproxy' objects>
calls=1 0
2839 100

fl=C:\Users\Pedro\AppData\Local\Python\pythoncore-3.14-64\Lib\inspect.py
fn=kwargs
2862 1300
cfl=C:\Users\Pedro\AppData\Local\Python\pythoncore-3.14-64\Lib\inspect.py
cfn=kind
calls=2 2745
2862 0
cfl=C:\Users\Pedro\AppData\Local\Python\pythoncore-3.14-64\Lib\inspect.py
cfn=parameters
calls=1 3042
2862 100
cfl=~
cfn=<method 'items' of 'mappingproxy' objects>
calls=1 0
2862 100

fl=C:\Users\Pedro\AppData\Local\Python\pythoncore-3.14-64\Lib\inspect.py
fn=apply_defaults
2892 4200
cfl=C:\Users\Pedro\AppData\Local\Python\pythoncore-3.14-64\Lib\inspect.py
cfn=parameters
calls=1 3042
2892 300
cfl=~
cfn=<method 'append' of 'list' objects>
calls=2 0
2892 400
cfl=~
cfn=<method 'items' of 'mappingproxy' objects>
calls=1 0
2892 400

fl=C:\Users\Pedro\AppData\Local\Python\pythoncore-3.14-64\Lib\inspect.py
fn=parameters
3042 500

fl=C:\Users\Pedro\AppData\Local\Python\pythoncore-3.14-64\Lib\inspect.py
fn=_bind
3088 11200
cfl=C:\Users\Pedro\AppData\Local\Python\pythoncore-3.14-64\Lib\inspect.py
cfn=name
calls=4 2733
3088 400
cfl=C:\Users\Pedro\AppData\Local\Python\pythoncore-3.14-64\Lib\inspect.py
cfn=kind
calls=4 2745
3088 600
cfl=C:\Users\Pedro\AppData\Local\Python\pythoncore-3.14-64\Lib\inspect.py
cfn=__init__
calls=1 2831
3088 100
cfl=C:\Users\Pedro\AppData\Local\Python\pythoncore-3.14-64\Lib\inspect.py
cfn=parameters
calls=1 3042
3088 100
cfl=~
cfn=<built-in method builtins.iter>
calls=2 0
3088 500
cfl=~
cfn=<built-in method builtins.next>
calls=6 0
3088 2200
cfl=~
cfn=<method 'values' of 'mappingproxy' objects>
calls=1 0
3088 1000

fl=C:\Users\Pedro\AppData\Local\Python\pythoncore-3.14-64\Lib\inspect.py
fn=bind
3230 6900
cfl=C:\Users\Pedro\AppData\Local\Python\pythoncore-3.14-64\Lib\inspect.py
cfn=_bind
calls=1 3088
3230 16100

fl=C:\Users\Pedro\AppData\Local\Python\pythoncore-3.14-64\Lib\json\__init__.py
fn=dumps
185 235200
cfl=C:\Users\Pedro\AppData\Local\Python\pythoncore-3.14-64\Lib\json\encoder.py
cfn=__init__
calls=88 105
185 40500
cfl=C:\Users\Pedro\AppData\Local\Python\pythoncore-3.14-64\Lib\json\encoder.py
cfn=encode
calls=88 185
185 1587300

fl=C:\Users\Pedro\AppData\Local\Python\pythoncore-3.14-64\Lib\json\encoder.py
fn=__init__
105 40500

fl=C:\Users\Pedro\AppData\Local\Python\pythoncore-3.14-64\Lib\json\encoder.py
fn=encode
185 165900
cfl=C:\Users\Pedro\AppData\Local\Python\pythoncore-3.14-64\Lib\json\encoder.py
cfn=iterencode
calls=88 207
185 1362100
cfl=~
cfn=<built-in method builtins.isinstance>
calls=176 0
185 37300
cfl=~
cfn=<method 'join' of 'str' objects>
calls=88 0
185 22000

fl=C:\Users\Pedro\AppData\Local\Python\pythoncore-3.14-64\Lib\json\encoder.py
fn=iterencode
207 949200
cfl=c:\Users\Pedro\faculdade\IniciacaoCientifica\grn\.env\Lib\site-packages\jupyter_client\jsonutil.py
cfn=json_default
calls=44 108
207 412900

fl=C:\Users\Pedro\AppData\Local\Python\pythoncore-3.14-64\Lib\linecache.py
fn=getline
22 2100
cfl=C:\Users\Pedro\AppData\Local\Python\pythoncore-3.14-64\Lib\linecache.py
cfn=getlines
calls=1 32
22 408300
cfl=~
cfn=<built-in method builtins.len>
calls=1 0
22 200

fl=C:\Users\Pedro\AppData\Local\Python\pythoncore-3.14-64\Lib\linecache.py
fn=getlines
32 8300
cfl=C:\Users\Pedro\AppData\Local\Python\pythoncore-3.14-64\Lib\linecache.py
cfn=updatecache
calls=1 106
32 399600
cfl=~
cfn=<method 'get' of 'dict' objects>
calls=1 0
32 400

fl=C:\Users\Pedro\AppData\Local\Python\pythoncore-3.14-64\Lib\linecache.py
fn=_source_unavailable
64 1400
cfl=~
cfn=<method 'startswith' of 'str' objects>
calls=1 0
64 200

fl=C:\Users\Pedro\AppData\Local\Python\pythoncore-3.14-64\Lib\linecache.py
fn=updatecache
106 13300
cfl=C:\Users\Pedro\AppData\Local\Python\pythoncore-3.14-64\Lib\linecache.py
cfn=_source_unavailable
calls=1 64
106 1600
cfl=C:\Users\Pedro\AppData\Local\Python\pythoncore-3.14-64\Lib\tokenize.py
cfn=open
calls=1 457
106 115700
cfl=~
cfn=<built-in method nt.stat>
calls=1 0
106 44400
cfl=~
cfn=<method '__enter__' of '_io._IOBase' objects>
calls=1 0
106 800
cfl=~
cfn=<method '__exit__' of '_io._IOBase' objects>
calls=1 0
106 10900
cfl=~
cfn=<method 'endswith' of 'str' objects>
calls=1 0
106 300
cfl=~
cfn=<method 'pop' of 'dict' objects>
calls=1 0
106 200
cfl=~
cfn=<method 'readlines' of '_io._IOBase' objects>
calls=1 0
106 212300
cfl=~
cfn=<method 'startswith' of 'str' objects>
calls=1 0
106 100

fl=C:\Users\Pedro\AppData\Local\Python\pythoncore-3.14-64\Lib\logging\__init__.py
fn=getLevelName
129 3200
cfl=~
cfn=<method 'get' of 'dict' objects>
calls=7 0
129 2600

fl=C:\Users\Pedro\AppData\Local\Python\pythoncore-3.14-64\Lib\logging\__init__.py
fn=<lambda>
167 5900
cfl=~
cfn=<built-in method sys._getframe>
calls=7 0
167 3800

fl=C:\Users\Pedro\AppData\Local\Python\pythoncore-3.14-64\Lib\logging\__init__.py
fn=_is_internal_frame
197 18700
cfl=<frozen ntpath>
cfn=normcase
calls=21 50
197 57000

fl=C:\Users\Pedro\AppData\Local\Python\pythoncore-3.14-64\Lib\logging\__init__.py
fn=_checkLevel
205 1000
cfl=~
cfn=<built-in method builtins.isinstance>
calls=3 0
205 400

fl=C:\Users\Pedro\AppData\Local\Python\pythoncore-3.14-64\Lib\logging\__init__.py
fn=_register_at_fork_reinit_lock
257 100

fl=C:\Users\Pedro\AppData\Local\Python\pythoncore-3.14-64\Lib\logging\__init__.py
fn=__init__:298
298 67600
cfl=<frozen ntpath>
cfn=splitext
calls=7 243
298 27400
cfl=<frozen ntpath>
cfn=basename
calls=7 254
298 38200
cfl=C:\Users\Pedro\AppData\Local\Python\pythoncore-3.14-64\Lib\logging\__init__.py
cfn=getLevelName
calls=7 129
298 5800
cfl=C:\Users\Pedro\AppData\Local\Python\pythoncore-3.14-64\Lib\multiprocessing\process.py
cfn=current_process
calls=7 37
298 1500
cfl=C:\Users\Pedro\AppData\Local\Python\pythoncore-3.14-64\Lib\multiprocessing\process.py
cfn=name
calls=7 196
298 900
cfl=C:\Users\Pedro\AppData\Local\Python\pythoncore-3.14-64\Lib\threading.py
cfn=name
calls=7 1135
298 1400
cfl=C:\Users\Pedro\AppData\Local\Python\pythoncore-3.14-64\Lib\threading.py
cfn=current_thread
calls=7 1470
298 5700
cfl=~
cfn=<built-in method _asyncio.current_task>
calls=7 0
298 3500
cfl=~
cfn=<built-in method _thread.get_ident>
calls=7 0
298 2200
cfl=~
cfn=<built-in method builtins.hasattr>
calls=7 0
298 2300
cfl=~
cfn=<built-in method nt.getpid>
calls=7 0
298 2300
cfl=~
cfn=<built-in method time.time_ns>
calls=7 0
298 3900
cfl=~
cfn=<method 'get' of 'dict' objects>
calls=14 0
298 5700
cfl=~
cfn=<method 'get_name' of '_asyncio.Task' objects>
calls=7 0
298 2000

fl=C:\Users\Pedro\AppData\Local\Python\pythoncore-3.14-64\Lib\logging\__init__.py
fn=getMessage
391 3900

fl=C:\Users\Pedro\AppData\Local\Python\pythoncore-3.14-64\Lib\logging\__init__.py
fn=__init__:451
451 200

fl=C:\Users\Pedro\AppData\Local\Python\pythoncore-3.14-64\Lib\logging\__init__.py
fn=usesTime:455
455 3700
cfl=~
cfn=<method 'find' of 'str' objects>
calls=7 0
455 1900

fl=C:\Users\Pedro\AppData\Local\Python\pythoncore-3.14-64\Lib\logging\__init__.py
fn=validate
458 3900
cfl=~
cfn=<method 'search' of 're.Pattern' objects>
calls=1 0
458 4000

fl=C:\Users\Pedro\AppData\Local\Python\pythoncore-3.14-64\Lib\logging\__init__.py
fn=_format
463 11000

fl=C:\Users\Pedro\AppData\Local\Python\pythoncore-3.14-64\Lib\logging\__init__.py
fn=format:470
470 3800
cfl=C:\Users\Pedro\AppData\Local\Python\pythoncore-3.14-64\Lib\logging\__init__.py
cfn=_format
calls=7 463
470 11000

fl=C:\Users\Pedro\AppData\Local\Python\pythoncore-3.14-64\Lib\logging\__init__.py
fn=__init__:601
601 5300
cfl=C:\Users\Pedro\AppData\Local\Python\pythoncore-3.14-64\Lib\logging\__init__.py
cfn=__init__:451
calls=1 451
601 200
cfl=C:\Users\Pedro\AppData\Local\Python\pythoncore-3.14-64\Lib\logging\__init__.py
cfn=validate
calls=1 458
601 7900

fl=C:\Users\Pedro\AppData\Local\Python\pythoncore-3.14-64\Lib\logging\__init__.py
fn=formatTime
631 18100
cfl=~
cfn=<built-in method time.localtime>
calls=7 0
631 36300
cfl=~
cfn=<built-in method time.strftime>
calls=7 0
631 13000

fl=C:\Users\Pedro\AppData\Local\Python\pythoncore-3.14-64\Lib\logging\__init__.py
fn=usesTime:677
677 4100
cfl=C:\Users\Pedro\AppData\Local\Python\pythoncore-3.14-64\Lib\logging\__init__.py
cfn=usesTime:455
calls=7 455
677 5600

fl=C:\Users\Pedro\AppData\Local\Python\pythoncore-3.14-64\Lib\logging\__init__.py
fn=formatMessage
683 4700
cfl=C:\Users\Pedro\AppData\Local\Python\pythoncore-3.14-64\Lib\logging\__init__.py
cfn=format:470
calls=7 470
683 14800

fl=C:\Users\Pedro\AppData\Local\Python\pythoncore-3.14-64\Lib\logging\__init__.py
fn=format:699
699 26800
cfl=C:\Users\Pedro\AppData\Local\Python\pythoncore-3.14-64\Lib\logging\__init__.py
cfn=getMessage
calls=7 391
699 3900
cfl=C:\Users\Pedro\AppData\Local\Python\pythoncore-3.14-64\Lib\logging\__init__.py
cfn=formatTime
calls=7 631
699 67400
cfl=C:\Users\Pedro\AppData\Local\Python\pythoncore-3.14-64\Lib\logging\__init__.py
cfn=usesTime:677
calls=7 677
699 9700
cfl=C:\Users\Pedro\AppData\Local\Python\pythoncore-3.14-64\Lib\logging\__init__.py
cfn=formatMessage
calls=7 683
699 19500

fl=C:\Users\Pedro\AppData\Local\Python\pythoncore-3.14-64\Lib\logging\__init__.py
fn=__init__:820
820 600

fl=C:\Users\Pedro\AppData\Local\Python\pythoncore-3.14-64\Lib\logging\__init__.py
fn=filter
840 5300

fl=C:\Users\Pedro\AppData\Local\Python\pythoncore-3.14-64\Lib\logging\__init__.py
fn=_addHandlerRef
899 2700
cfl=~
cfn=<method '__enter__' of '_thread.RLock' objects>
calls=1 0
899 400
cfl=~
cfn=<method '__exit__' of '_thread.RLock' objects>
calls=1 0
899 200
cfl=~
cfn=<method 'append' of 'list' objects>
calls=1 0
899 200

fl=C:\Users\Pedro\AppData\Local\Python\pythoncore-3.14-64\Lib\logging\__init__.py
fn=__init__:931
931 5500
cfl=C:\Users\Pedro\AppData\Local\Python\pythoncore-3.14-64\Lib\logging\__init__.py
cfn=_checkLevel
calls=1 205
931 600
cfl=C:\Users\Pedro\AppData\Local\Python\pythoncore-3.14-64\Lib\logging\__init__.py
cfn=__init__:820
calls=1 820
931 400
cfl=C:\Users\Pedro\AppData\Local\Python\pythoncore-3.14-64\Lib\logging\__init__.py
cfn=_addHandlerRef
calls=1 899
931 3500
cfl=C:\Users\Pedro\AppData\Local\Python\pythoncore-3.14-64\Lib\logging\__init__.py
cfn=createLock
calls=1 958
931 4100

fl=C:\Users\Pedro\AppData\Local\Python\pythoncore-3.14-64\Lib\logging\__init__.py
fn=createLock
958 2900
cfl=C:\Users\Pedro\AppData\Local\Python\pythoncore-3.14-64\Lib\logging\__init__.py
cfn=_register_at_fork_reinit_lock
calls=1 257
958 100
cfl=C:\Users\Pedro\AppData\Local\Python\pythoncore-3.14-64\Lib\threading.py
cfn=RLock
calls=1 126
958 1100

fl=C:\Users\Pedro\AppData\Local\Python\pythoncore-3.14-64\Lib\logging\__init__.py
fn=format:988
988 5800
cfl=C:\Users\Pedro\AppData\Local\Python\pythoncore-3.14-64\Lib\logging\__init__.py
cfn=format:699
calls=7 699
988 127300

fl=C:\Users\Pedro\AppData\Local\Python\pythoncore-3.14-64\Lib\logging\__init__.py
fn=handle:1011
1011 13700
cfl=C:\Users\Pedro\AppData\Local\Python\pythoncore-3.14-64\Lib\asyncio\base_events.py
cfn=_run_once
calls=0 1966
1011 0
cfl=C:\Users\Pedro\AppData\Local\Python\pythoncore-3.14-64\Lib\logging\__init__.py
cfn=filter
calls=7 840
1011 3700
cfl=C:\Users\Pedro\AppData\Local\Python\pythoncore-3.14-64\Lib\logging\__init__.py
cfn=emit:1251
calls=7 1251
1011 305000
cfl=~
cfn=<built-in method builtins.isinstance>
calls=7 0
1011 600
cfl=~
cfn=<method '__enter__' of '_thread.RLock' objects>
calls=7 0
1011 2500
cfl=~
cfn=<method '__exit__' of '_thread.RLock' objects>
calls=7 0
1011 800

fl=C:\Users\Pedro\AppData\Local\Python\pythoncore-3.14-64\Lib\logging\__init__.py
fn=setFormatter
1030 200

fl=C:\Users\Pedro\AppData\Local\Python\pythoncore-3.14-64\Lib\logging\__init__.py
fn=__init__:1120
1120 2000
cfl=C:\Users\Pedro\AppData\Local\Python\pythoncore-3.14-64\Lib\logging\__init__.py
cfn=__init__:931
calls=1 931
1120 14100

fl=C:\Users\Pedro\AppData\Local\Python\pythoncore-3.14-64\Lib\logging\__init__.py
fn=flush
1131 14000
cfl=~
cfn=<built-in method builtins.hasattr>
calls=7 0
1131 2300
cfl=~
cfn=<method '__enter__' of '_thread.RLock' objects>
calls=7 0
1131 1400
cfl=~
cfn=<method '__exit__' of '_thread.RLock' objects>
calls=6 0
1131 1500
cfl=~
cfn=<method '__exit__' of 'sqlite3.Connection' objects>
calls=0 0
1131 0
cfl=~
cfn=<method 'flush' of '_io.TextIOWrapper' objects>
calls=6 0
1131 0

fl=C:\Users\Pedro\AppData\Local\Python\pythoncore-3.14-64\Lib\logging\__init__.py
fn=emit:1139
1139 11500
cfl=C:\Users\Pedro\AppData\Local\Python\pythoncore-3.14-64\Lib\logging\__init__.py
cfn=format:988
calls=7 988
1139 133100
cfl=C:\Users\Pedro\AppData\Local\Python\pythoncore-3.14-64\Lib\logging\__init__.py
cfn=flush
calls=6 1131
1139 0
cfl=~
cfn=<method 'append' of 'list' objects>
calls=1 0
1139 400
cfl=~
cfn=<method 'get' of 'dict' objects>
calls=1 0
1139 300
cfl=~
cfn=<method 'write' of '_io.TextIOWrapper' objects>
calls=7 0
1139 28200

fl=C:\Users\Pedro\AppData\Local\Python\pythoncore-3.14-64\Lib\logging\__init__.py
fn=__init__:1194
1194 10200
cfl=<frozen ntpath>
cfn=abspath
calls=1 529
1194 5300
cfl=C:\Users\Pedro\AppData\Local\Python\pythoncore-3.14-64\Lib\logging\__init__.py
cfn=__init__:1120
calls=1 1120
1194 16100
cfl=C:\Users\Pedro\AppData\Local\Python\pythoncore-3.14-64\Lib\logging\__init__.py
cfn=_open
calls=1 1242
1194 200900
cfl=~
cfn=<built-in method _io.text_encoding>
calls=1 0
1194 300
cfl=~
cfn=<built-in method nt.fspath>
calls=1 0
1194 100

fl=C:\Users\Pedro\AppData\Local\Python\pythoncore-3.14-64\Lib\logging\__init__.py
fn=_open
1242 1200
cfl=~
cfn=<built-in method _io.open>
calls=1 0
1242 199700

fl=C:\Users\Pedro\AppData\Local\Python\pythoncore-3.14-64\Lib\logging\__init__.py
fn=emit:1251
1251 6600
cfl=C:\Users\Pedro\AppData\Local\Python\pythoncore-3.14-64\Lib\asyncio\base_events.py
cfn=time
calls=1 766
1251 1200
cfl=C:\Users\Pedro\AppData\Local\Python\pythoncore-3.14-64\Lib\asyncio\events.py
cfn=_run
calls=1 92
1251 128100
cfl=C:\Users\Pedro\AppData\Local\Python\pythoncore-3.14-64\Lib\asyncio\selector_events.py
cfn=_process_events
calls=1 744
1251 3700
cfl=C:\Users\Pedro\AppData\Local\Python\pythoncore-3.14-64\Lib\logging\__init__.py
cfn=emit:1139
calls=6 1139
1251 0
cfl=~
cfn=<built-in method builtins.len>
calls=1 0
1251 300
cfl=~
cfn=<method 'popleft' of 'collections.deque' objects>
calls=1 0
1251 200

fl=C:\Users\Pedro\AppData\Local\Python\pythoncore-3.14-64\Lib\logging\__init__.py
fn=disable
1354 500

fl=C:\Users\Pedro\AppData\Local\Python\pythoncore-3.14-64\Lib\logging\__init__.py
fn=getLogger:1362
1362 7900
cfl=C:\Users\Pedro\AppData\Local\Python\pythoncore-3.14-64\Lib\logging\__init__.py
cfn=_fixupParents
calls=1 1410
1362 1700
cfl=C:\Users\Pedro\AppData\Local\Python\pythoncore-3.14-64\Lib\logging\__init__.py
cfn=__init__:1478
calls=1 1478
1362 3300
cfl=~
cfn=<built-in method builtins.isinstance>
calls=1 0
1362 100
cfl=~
cfn=<method '__enter__' of '_thread.RLock' objects>
calls=1 0
1362 300
cfl=~
cfn=<method '__exit__' of '_thread.RLock' objects>
calls=1 0
1362 300

fl=C:\Users\Pedro\AppData\Local\Python\pythoncore-3.14-64\Lib\logging\__init__.py
fn=_fixupParents
1410 1300
cfl=~
cfn=<method 'rfind' of 'str' objects>
calls=1 0
1410 400

fl=C:\Users\Pedro\AppData\Local\Python\pythoncore-3.14-64\Lib\logging\__init__.py
fn=_clear_cache
1447 24200
cfl=~
cfn=<built-in method builtins.isinstance>
calls=52 0
1447 3500
cfl=~
cfn=<method '__enter__' of '_thread.RLock' objects>
calls=1 0
1447 200
cfl=~
cfn=<method '__exit__' of '_thread.RLock' objects>
calls=1 0
1447 100
cfl=~
cfn=<method 'clear' of 'dict' objects>
calls=45 0
1447 3500
cfl=~
cfn=<method 'values' of 'dict' objects>
calls=1 0
1447 400

fl=C:\Users\Pedro\AppData\Local\Python\pythoncore-3.14-64\Lib\logging\__init__.py
fn=__init__:1478
1478 2600
cfl=C:\Users\Pedro\AppData\Local\Python\pythoncore-3.14-64\Lib\logging\__init__.py
cfn=_checkLevel
calls=1 205
1478 500
cfl=C:\Users\Pedro\AppData\Local\Python\pythoncore-3.14-64\Lib\logging\__init__.py
cfn=__init__:820
calls=1 820
1478 200

fl=C:\Users\Pedro\AppData\Local\Python\pythoncore-3.14-64\Lib\logging\__init__.py
fn=setLevel
1491 3200
cfl=C:\Users\Pedro\AppData\Local\Python\pythoncore-3.14-64\Lib\logging\__init__.py
cfn=_checkLevel
calls=1 205
1491 300
cfl=C:\Users\Pedro\AppData\Local\Python\pythoncore-3.14-64\Lib\logging\__init__.py
cfn=_clear_cache
calls=1 1447
1491 31900

fl=C:\Users\Pedro\AppData\Local\Python\pythoncore-3.14-64\Lib\logging\__init__.py
fn=info
1510 25900
cfl=C:\Users\Pedro\AppData\Local\Python\pythoncore-3.14-64\Lib\logging\__init__.py
cfn=_log
calls=7 1641
1510 878000
cfl=C:\Users\Pedro\AppData\Local\Python\pythoncore-3.14-64\Lib\logging\__init__.py
cfn=isEnabledFor
calls=7 1765
1510 8000

fl=C:\Users\Pedro\AppData\Local\Python\pythoncore-3.14-64\Lib\logging\__init__.py
fn=findCaller
1592 25700
cfl=C:\Users\Pedro\AppData\Local\Python\pythoncore-3.14-64\Lib\logging\__init__.py
cfn=<lambda>
calls=7 167
1592 9700
cfl=C:\Users\Pedro\AppData\Local\Python\pythoncore-3.14-64\Lib\logging\__init__.py
cfn=_is_internal_frame
calls=21 197
1592 75700

fl=C:\Users\Pedro\AppData\Local\Python\pythoncore-3.14-64\Lib\logging\__init__.py
fn=makeRecord
1626 15600
cfl=C:\Users\Pedro\AppData\Local\Python\pythoncore-3.14-64\Lib\logging\__init__.py
cfn=__init__:298
calls=7 298
1626 170400

fl=C:\Users\Pedro\AppData\Local\Python\pythoncore-3.14-64\Lib\logging\__init__.py
fn=_log
1641 17700
cfl=C:\Users\Pedro\AppData\Local\Python\pythoncore-3.14-64\Lib\logging\__init__.py
cfn=findCaller
calls=7 1592
1641 111100
cfl=C:\Users\Pedro\AppData\Local\Python\pythoncore-3.14-64\Lib\logging\__init__.py
cfn=makeRecord
calls=7 1626
1641 186000
cfl=C:\Users\Pedro\AppData\Local\Python\pythoncore-3.14-64\Lib\logging\__init__.py
cfn=handle:1667
calls=7 1667
1641 563200

fl=C:\Users\Pedro\AppData\Local\Python\pythoncore-3.14-64\Lib\logging\__init__.py
fn=handle:1667
1667 12100
cfl=C:\Users\Pedro\AppData\Local\Python\pythoncore-3.14-64\Lib\logging\__init__.py
cfn=filter
calls=7 840
1667 1600
cfl=C:\Users\Pedro\AppData\Local\Python\pythoncore-3.14-64\Lib\logging\__init__.py
cfn=callHandlers
calls=7 1721
1667 548700
cfl=~
cfn=<built-in method builtins.isinstance>
calls=7 0
1667 800

fl=C:\Users\Pedro\AppData\Local\Python\pythoncore-3.14-64\Lib\logging\__init__.py
fn=addHandler
1683 2800
cfl=~
cfn=<method '__enter__' of '_thread.RLock' objects>
calls=1 0
1683 200
cfl=~
cfn=<method '__exit__' of '_thread.RLock' objects>
calls=1 0
1683 100
cfl=~
cfn=<method 'append' of 'list' objects>
calls=1 0
1683 200

fl=C:\Users\Pedro\AppData\Local\Python\pythoncore-3.14-64\Lib\logging\__init__.py
fn=callHandlers
1721 18400
cfl=C:\Users\Pedro\AppData\Local\Python\pythoncore-3.14-64\Lib\logging\__init__.py
cfn=handle:1011
calls=7 1011
1721 530300

fl=C:\Users\Pedro\AppData\Local\Python\pythoncore-3.14-64\Lib\logging\__init__.py
fn=getEffectiveLevel
1751 200

fl=C:\Users\Pedro\AppData\Local\Python\pythoncore-3.14-64\Lib\logging\__init__.py
fn=isEnabledFor
1765 6900
cfl=C:\Users\Pedro\AppData\Local\Python\pythoncore-3.14-64\Lib\logging\__init__.py
cfn=disable
calls=1 1354
1765 500
cfl=C:\Users\Pedro\AppData\Local\Python\pythoncore-3.14-64\Lib\logging\__init__.py
cfn=getEffectiveLevel
calls=1 1751
1765 200
cfl=~
cfn=<method '__enter__' of '_thread.RLock' objects>
calls=1 0
1765 200
cfl=~
cfn=<method '__exit__' of '_thread.RLock' objects>
calls=1 0
1765 200

fl=C:\Users\Pedro\AppData\Local\Python\pythoncore-3.14-64\Lib\logging\__init__.py
fn=getLogger:2130
2130 5000
cfl=C:\Users\Pedro\AppData\Local\Python\pythoncore-3.14-64\Lib\logging\__init__.py
cfn=getLogger:1362
calls=1 1362
2130 13600
cfl=~
cfn=<built-in method builtins.isinstance>
calls=1 0
2130 0

fl=C:\Users\Pedro\AppData\Local\Python\pythoncore-3.14-64\Lib\multiprocessing\process.py
fn=current_process
37 1500

fl=C:\Users\Pedro\AppData\Local\Python\pythoncore-3.14-64\Lib\multiprocessing\process.py
fn=name
196 900

fl=C:\Users\Pedro\AppData\Local\Python\pythoncore-3.14-64\Lib\pathlib\__init__.py
fn=__init__
135 5000
cfl=~
cfn=<built-in method builtins.isinstance>
calls=8 0
135 800
cfl=~
cfn=<built-in method nt.fspath>
calls=4 0
135 400
cfl=~
cfn=<method 'append' of 'list' objects>
calls=4 0
135 600

fl=C:\Users\Pedro\AppData\Local\Python\pythoncore-3.14-64\Lib\pathlib\__init__.py
fn=with_segments
157 2200
cfl=C:\Users\Pedro\AppData\Local\Python\pythoncore-3.14-64\Lib\pathlib\__init__.py
cfn=__init__
calls=2 135
157 2900
cfl=C:\Users\Pedro\AppData\Local\Python\pythoncore-3.14-64\Lib\pathlib\__init__.py
cfn=__new__
calls=2 632
157 1300

fl=C:\Users\Pedro\AppData\Local\Python\pythoncore-3.14-64\Lib\pathlib\__init__.py
fn=__fspath__
190 2600
cfl=C:\Users\Pedro\AppData\Local\Python\pythoncore-3.14-64\Lib\pathlib\__init__.py
cfn=__str__
calls=2 251
190 200

fl=C:\Users\Pedro\AppData\Local\Python\pythoncore-3.14-64\Lib\pathlib\__init__.py
fn=__str__
251 200

fl=C:\Users\Pedro\AppData\Local\Python\pythoncore-3.14-64\Lib\pathlib\__init__.py
fn=_format_parsed_parts
261 5300
cfl=<frozen ntpath>
cfn=splitdrive
calls=2 146
261 1500
cfl=~
cfn=<method 'join' of 'str' objects>
calls=2 0
261 700

fl=C:\Users\Pedro\AppData\Local\Python\pythoncore-3.14-64\Lib\pathlib\__init__.py
fn=_from_parsed_parts
269 3500
cfl=C:\Users\Pedro\AppData\Local\Python\pythoncore-3.14-64\Lib\pathlib\__init__.py
cfn=_format_parsed_parts
calls=2 261
269 7500
cfl=C:\Users\Pedro\AppData\Local\Python\pythoncore-3.14-64\Lib\pathlib\__init__.py
cfn=_from_parsed_string
calls=2 276
269 8000

fl=C:\Users\Pedro\AppData\Local\Python\pythoncore-3.14-64\Lib\pathlib\__init__.py
fn=_from_parsed_string
276 1600
cfl=C:\Users\Pedro\AppData\Local\Python\pythoncore-3.14-64\Lib\pathlib\__init__.py
cfn=with_segments
calls=2 157
276 6400

fl=C:\Users\Pedro\AppData\Local\Python\pythoncore-3.14-64\Lib\pathlib\__init__.py
fn=_parse_path
281 4100
cfl=~
cfn=<built-in method nt._path_splitroot_ex>
calls=2 0
281 1000
cfl=~
cfn=<method 'replace' of 'str' objects>
calls=2 0
281 800
cfl=~
cfn=<method 'split' of 'str' objects>
calls=2 0
281 1200
cfl=~
cfn=<method 'startswith' of 'str' objects>
calls=2 0
281 300

fl=C:\Users\Pedro\AppData\Local\Python\pythoncore-3.14-64\Lib\pathlib\__init__.py
fn=_raw_path
330 1100
cfl=~
cfn=<built-in method builtins.len>
calls=2 0
330 300

fl=C:\Users\Pedro\AppData\Local\Python\pythoncore-3.14-64\Lib\pathlib\__init__.py
fn=drive
341 10100
cfl=C:\Users\Pedro\AppData\Local\Python\pythoncore-3.14-64\Lib\pathlib\__init__.py
cfn=_parse_path
calls=2 281
341 7400
cfl=C:\Users\Pedro\AppData\Local\Python\pythoncore-3.14-64\Lib\pathlib\__init__.py
cfn=_raw_path
calls=2 330
341 1400

fl=C:\Users\Pedro\AppData\Local\Python\pythoncore-3.14-64\Lib\pathlib\__init__.py
fn=root
350 200

fl=C:\Users\Pedro\AppData\Local\Python\pythoncore-3.14-64\Lib\pathlib\__init__.py
fn=_tail
359 200

fl=C:\Users\Pedro\AppData\Local\Python\pythoncore-3.14-64\Lib\pathlib\__init__.py
fn=parent
381 5600
cfl=C:\Users\Pedro\AppData\Local\Python\pythoncore-3.14-64\Lib\pathlib\__init__.py
cfn=_from_parsed_parts
calls=2 269
381 19000
cfl=C:\Users\Pedro\AppData\Local\Python\pythoncore-3.14-64\Lib\pathlib\__init__.py
cfn=drive
calls=2 341
381 18900
cfl=C:\Users\Pedro\AppData\Local\Python\pythoncore-3.14-64\Lib\pathlib\__init__.py
cfn=root
calls=2 350
381 200
cfl=C:\Users\Pedro\AppData\Local\Python\pythoncore-3.14-64\Lib\pathlib\__init__.py
cfn=_tail
calls=2 359
381 200

fl=C:\Users\Pedro\AppData\Local\Python\pythoncore-3.14-64\Lib\pathlib\__init__.py
fn=__new__
632 3200
cfl=~
cfn=<built-in method __new__ of type object at 0x00007FFF81974D90>
calls=4 0
632 1400

fl=C:\Users\Pedro\AppData\Local\Python\pythoncore-3.14-64\Lib\pathlib\__init__.py
fn=is_dir
674 2700
cfl=~
cfn=<built-in method nt._path_isdir>
calls=2 0
674 110500

fl=C:\Users\Pedro\AppData\Local\Python\pythoncore-3.14-64\Lib\queue.py
fn=empty
112 89500
cfl=C:\Users\Pedro\AppData\Local\Python\pythoncore-3.14-64\Lib\queue.py
cfn=_qsize
calls=46 266
112 30200
cfl=~
cfn=<method '__enter__' of '_thread.lock' objects>
calls=46 0
112 30400
cfl=~
cfn=<method '__exit__' of '_thread.lock' objects>
calls=46 0
112 15700

fl=C:\Users\Pedro\AppData\Local\Python\pythoncore-3.14-64\Lib\queue.py
fn=_qsize
266 20800
cfl=~
cfn=<built-in method builtins.len>
calls=46 0
266 9400

fl=C:\Users\Pedro\AppData\Local\Python\pythoncore-3.14-64\Lib\random.py
fn=getrandbits
901 3500
cfl=~
cfn=<built-in method from_bytes>
calls=1 0
901 400
cfl=~
cfn=<built-in method nt.urandom>
calls=1 0
901 2200

fl=C:\Users\Pedro\AppData\Local\Python\pythoncore-3.14-64\Lib\selectors.py
fn=_select
304 46728200
cfl=c:\Users\Pedro\faculdade\IniciacaoCientifica\grn\.env\Lib\site-packages\numpy\_core\multiarray.py
cfn=where
calls=12 403
304 1900
cfl=c:\Users\Pedro\faculdade\IniciacaoCientifica\grn\.env\Lib\site-packages\numpy\_core\numeric.py
cfn=full
calls=3 323
304 10000
cfl=c:\Users\Pedro\faculdade\IniciacaoCientifica\grn\.env\Lib\site-packages\scipy\optimize\_differentialevolution.py
cfn=x
calls=3 1156
304 32400
cfl=c:\Users\Pedro\faculdade\IniciacaoCientifica\grn\.env\Lib\site-packages\scipy\optimize\_differentialevolution.py
cfn=_calculate_population_energies
calls=3 1368
304 5441110300
cfl=c:\Users\Pedro\faculdade\IniciacaoCientifica\grn\.env\Lib\site-packages\scipy\optimize\_differentialevolution.py
cfn=_promote_lowest_energy
calls=3 1423
304 108300
cfl=c:\Users\Pedro\faculdade\IniciacaoCientifica\grn\.env\Lib\site-packages\scipy\optimize\_differentialevolution.py
cfn=_calculate_population_feasibilities
calls=3 1502
304 70900
cfl=c:\Users\Pedro\faculdade\IniciacaoCientifica\grn\.env\Lib\site-packages\scipy\optimize\_differentialevolution.py
cfn=_accept_trial
calls=855 1556
304 86100
cfl=c:\Users\Pedro\faculdade\IniciacaoCientifica\grn\.env\Lib\site-packages\scipy\optimize\_differentialevolution.py
cfn=_ensure_constraint
calls=3 1740
304 91300
cfl=c:\Users\Pedro\faculdade\IniciacaoCientifica\grn\.env\Lib\site-packages\scipy\optimize\_differentialevolution.py
cfn=_mutate_many
calls=1 1769
304 1801400
cfl=c:\Users\Pedro\faculdade\IniciacaoCientifica\grn\PythonCode\Modules\Equations.py
cfn=full_eq
calls=10 19
304 3500
cfl=c:\Users\Pedro\faculdade\IniciacaoCientifica\grn\PythonCode\Modules\Equations.py
cfn=complex_eqs
calls=14 32
304 9900
cfl=c:\Users\Pedro\faculdade\IniciacaoCientifica\grn\PythonCode\Modules\EvolutionModules.py
cfn=calculate_fitness
calls=262 107
304 1877374800
cfl=c:\Users\Pedro\faculdade\IniciacaoCientifica\grn\PythonCode\Modules\EvolutionModules.py
cfn=list_to_ind
calls=261 221
304 27390800
cfl=c:\Users\Pedro\faculdade\IniciacaoCientifica\grn\PythonCode\Modules\Models.py
cfn=system
calls=22541 178
304 1043800
cfl=~
cfn=<built-in method builtins.len>
calls=9 0
304 2200
cfl=~
cfn=<built-in method numpy.array>
calls=3 0
304 27000
cfl=~
cfn=<built-in method select.select>
calls=27 0
304 6600
cfl=~
cfn=<method '__exit__' of '_thread.RLock' objects>
calls=1 0
304 400

fl=C:\Users\Pedro\AppData\Local\Python\pythoncore-3.14-64\Lib\selectors.py
fn=select
310 49506700
cfl=<frozen ntpath>
cfn=join
calls=1 99
310 1600
cfl=C:\Users\Pedro\AppData\Local\Python\pythoncore-3.14-64\Lib\asyncio\base_events.py
cfn=time
calls=3 766
310 5200
cfl=C:\Users\Pedro\AppData\Local\Python\pythoncore-3.14-64\Lib\asyncio\events.py
cfn=_run
calls=3 92
310 186200
cfl=C:\Users\Pedro\AppData\Local\Python\pythoncore-3.14-64\Lib\asyncio\selector_events.py
cfn=_process_events
calls=3 744
310 1600
cfl=C:\Users\Pedro\AppData\Local\Python\pythoncore-3.14-64\Lib\logging\__init__.py
cfn=__init__:601
calls=1 601
310 13400
cfl=C:\Users\Pedro\AppData\Local\Python\pythoncore-3.14-64\Lib\logging\__init__.py
cfn=setFormatter
calls=1 1030
310 200
cfl=C:\Users\Pedro\AppData\Local\Python\pythoncore-3.14-64\Lib\logging\__init__.py
cfn=__init__:1194
calls=1 1194
310 232900
cfl=C:\Users\Pedro\AppData\Local\Python\pythoncore-3.14-64\Lib\logging\__init__.py
cfn=setLevel
calls=1 1491
310 35400
cfl=C:\Users\Pedro\AppData\Local\Python\pythoncore-3.14-64\Lib\logging\__init__.py
cfn=addHandler
calls=1 1683
310 3300
cfl=C:\Users\Pedro\AppData\Local\Python\pythoncore-3.14-64\Lib\logging\__init__.py
cfn=getLogger:2130
calls=1 2130
310 18600
cfl=C:\Users\Pedro\AppData\Local\Python\pythoncore-3.14-64\Lib\selectors.py
cfn=_select
calls=28 304
310 8600
cfl=c:\Users\Pedro\faculdade\IniciacaoCientifica\grn\PythonCode\Modules\Handlers.py
cfn=run_path
calls=1 29
310 5400
cfl=c:\Users\Pedro\faculdade\IniciacaoCientifica\grn\PythonCode\Modules\Models.py
cfn=system
calls=14587 178
310 3218400
cfl=~
cfn=<built-in method builtins.len>
calls=22 0
310 6400
cfl=~
cfn=<built-in method builtins.max>
calls=103 0
310 41700
cfl=~
cfn=<method 'append' of 'list' objects>
calls=17 0
310 5200
cfl=~
cfn=<method 'get' of 'dict' objects>
calls=17 0
310 7600
cfl=~
cfn=<method 'popleft' of 'collections.deque' objects>
calls=3 0
310 2200

fl=C:\Users\Pedro\AppData\Local\Python\pythoncore-3.14-64\Lib\threading.py
fn=RLock
126 2000

fl=C:\Users\Pedro\AppData\Local\Python\pythoncore-3.14-64\Lib\threading.py
fn=__enter__
313 34500
cfl=~
cfn=<method '__enter__' of '_thread.lock' objects>
calls=2 0
313 600

fl=C:\Users\Pedro\AppData\Local\Python\pythoncore-3.14-64\Lib\threading.py
fn=__exit__
316 1700
cfl=~
cfn=<method '__exit__' of '_thread.lock' objects>
calls=2 0
316 200

fl=C:\Users\Pedro\AppData\Local\Python\pythoncore-3.14-64\Lib\threading.py
fn=_release_save
322 2000
cfl=~
cfn=<method 'release' of '_thread.lock' objects>
calls=1 0
322 200

fl=C:\Users\Pedro\AppData\Local\Python\pythoncore-3.14-64\Lib\threading.py
fn=_acquire_restore
325 1500
cfl=~
cfn=<method 'acquire' of '_thread.lock' objects>
calls=1 0
325 300

fl=C:\Users\Pedro\AppData\Local\Python\pythoncore-3.14-64\Lib\threading.py
fn=_is_owned
328 500
cfl=~
cfn=<method 'acquire' of '_thread.lock' objects>
calls=1 0
328 700

fl=C:\Users\Pedro\AppData\Local\Python\pythoncore-3.14-64\Lib\threading.py
fn=is_set
615 13500

fl=C:\Users\Pedro\AppData\Local\Python\pythoncore-3.14-64\Lib\threading.py
fn=clear
641 1400
cfl=C:\Users\Pedro\AppData\Local\Python\pythoncore-3.14-64\Lib\threading.py
cfn=__enter__
calls=1 313
641 34000
cfl=C:\Users\Pedro\AppData\Local\Python\pythoncore-3.14-64\Lib\threading.py
cfn=__exit__
calls=1 316
641 600

fl=C:\Users\Pedro\AppData\Local\Python\pythoncore-3.14-64\Lib\threading.py
fn=name
1135 1400

fl=C:\Users\Pedro\AppData\Local\Python\pythoncore-3.14-64\Lib\threading.py
fn=is_alive
1177 160400
cfl=C:\Users\Pedro\AppData\Local\Python\pythoncore-3.14-64\Lib\threading.py
cfn=is_set
calls=98 615
1177 13500
cfl=~
cfn=<method 'is_done' of '_thread._ThreadHandle' objects>
calls=98 0
1177 36200

fl=C:\Users\Pedro\AppData\Local\Python\pythoncore-3.14-64\Lib\threading.py
fn=current_thread
1470 4500
cfl=~
cfn=<built-in method _thread.get_ident>
calls=7 0
1470 1200

fl=C:\Users\Pedro\AppData\Local\Python\pythoncore-3.14-64\Lib\tokenize.py
fn=detect_encoding
358 8000
cfl=C:\Users\Pedro\AppData\Local\Python\pythoncore-3.14-64\Lib\tokenize.py
cfn=read_or_stop
calls=1 382
358 43900
cfl=C:\Users\Pedro\AppData\Local\Python\pythoncore-3.14-64\Lib\tokenize.py
cfn=check
calls=1 388
358 1500
cfl=C:\Users\Pedro\AppData\Local\Python\pythoncore-3.14-64\Lib\tokenize.py
cfn=find_cookie
calls=1 400
358 2200
cfl=~
cfn=<method 'match' of 're.Pattern' objects>
calls=1 0
358 900
cfl=~
cfn=<method 'startswith' of 'bytes' objects>
calls=1 0
358 400

fl=C:\Users\Pedro\AppData\Local\Python\pythoncore-3.14-64\Lib\tokenize.py
fn=read_or_stop
382 1300
cfl=~
cfn=<method 'readline' of '_io.BufferedReader' objects>
calls=1 0
382 42600

fl=C:\Users\Pedro\AppData\Local\Python\pythoncore-3.14-64\Lib\tokenize.py
fn=check
388 1100
cfl=~
cfn=<method 'decode' of 'bytes' objects>
calls=1 0
388 400

fl=C:\Users\Pedro\AppData\Local\Python\pythoncore-3.14-64\Lib\tokenize.py
fn=find_cookie
400 1400
cfl=~
cfn=<method 'match' of 're.Pattern' objects>
calls=1 0
400 800

fl=C:\Users\Pedro\AppData\Local\Python\pythoncore-3.14-64\Lib\tokenize.py
fn=open
457 20400
cfl=<frozen codecs>
cfn=__init__:312
calls=1 312
457 1100
cfl=C:\Users\Pedro\AppData\Local\Python\pythoncore-3.14-64\Lib\tokenize.py
cfn=detect_encoding
calls=1 358
457 56900
cfl=~
cfn=<built-in method _io.open>
calls=1 0
457 36700
cfl=~
cfn=<method 'seek' of '_io.BufferedReader' objects>
calls=1 0
457 600

fl=C:\Users\Pedro\AppData\Local\Python\pythoncore-3.14-64\Lib\typing.py
fn=_type_convert
175 40500
cfl=~
cfn=<built-in method builtins.isinstance>
calls=90 0
175 31200

fl=C:\Users\Pedro\AppData\Local\Python\pythoncore-3.14-64\Lib\typing.py
fn=_type_check
184 517000
cfl=C:\Users\Pedro\AppData\Local\Python\pythoncore-3.14-64\Lib\typing.py
cfn=_type_convert
calls=90 175
184 71700
cfl=C:\Users\Pedro\AppData\Local\Python\pythoncore-3.14-64\Lib\typing.py
cfn=__eq__
calls=720 1355
184 314600
cfl=~
cfn=<built-in method builtins.isinstance>
calls=180 0
184 25600

fl=C:\Users\Pedro\AppData\Local\Python\pythoncore-3.14-64\Lib\typing.py
fn=inner
396 133100

fl=C:\Users\Pedro\AppData\Local\Python\pythoncore-3.14-64\Lib\typing.py
fn=__instancecheck__
1292 50400
cfl=C:\Users\Pedro\AppData\Local\Python\pythoncore-3.14-64\Lib\typing.py
cfn=__subclasscheck__
calls=46 1583
1292 219600

fl=C:\Users\Pedro\AppData\Local\Python\pythoncore-3.14-64\Lib\typing.py
fn=__eq__
1355 160100
cfl=~
cfn=<built-in method builtins.isinstance>
calls=720 0
1355 154500

fl=C:\Users\Pedro\AppData\Local\Python\pythoncore-3.14-64\Lib\typing.py
fn=__hash__
1361 85700
cfl=~
cfn=<built-in method builtins.hash>
calls=270 0
1361 47100

fl=C:\Users\Pedro\AppData\Local\Python\pythoncore-3.14-64\Lib\typing.py
fn=__subclasscheck__
1583 60400
cfl=~
cfn=<built-in method builtins.isinstance>
calls=92 0
1583 17700
cfl=~
cfn=<built-in method builtins.issubclass>
calls=46 0
1583 141500

fl=C:\Users\Pedro\AppData\Local\Python\pythoncore-3.14-64\Lib\typing.py
fn=cast
2300 13900

fl=C:\Users\Pedro\AppData\Local\Python\pythoncore-3.14-64\Lib\typing.py
fn=__getattr__
3827 5200

fl=C:\Users\Pedro\AppData\Local\Python\pythoncore-3.14-64\Lib\urllib\parse.py
fn=_noop
108 300

fl=C:\Users\Pedro\AppData\Local\Python\pythoncore-3.14-64\Lib\urllib\parse.py
fn=_coerce_args
119 4700
cfl=~
cfn=<built-in method builtins.isinstance>
calls=3 0
119 300

fl=C:\Users\Pedro\AppData\Local\Python\pythoncore-3.14-64\Lib\urllib\parse.py
fn=urlparse
374 15400
cfl=<string>
cfn=<lambda>
calls=3 1
374 3100
cfl=C:\Users\Pedro\AppData\Local\Python\pythoncore-3.14-64\Lib\urllib\parse.py
cfn=_noop
calls=3 108
374 300
cfl=C:\Users\Pedro\AppData\Local\Python\pythoncore-3.14-64\Lib\urllib\parse.py
cfn=_coerce_args
calls=3 119
374 5000
cfl=C:\Users\Pedro\AppData\Local\Python\pythoncore-3.14-64\Lib\urllib\parse.py
cfn=_urlparse
calls=3 399
374 27900

fl=C:\Users\Pedro\AppData\Local\Python\pythoncore-3.14-64\Lib\urllib\parse.py
fn=_urlparse
399 7700
cfl=C:\Users\Pedro\AppData\Local\Python\pythoncore-3.14-64\Lib\urllib\parse.py
cfn=_urlsplit
calls=3 499
399 20200

fl=C:\Users\Pedro\AppData\Local\Python\pythoncore-3.14-64\Lib\urllib\parse.py
fn=_checknetloc
424 1000

fl=C:\Users\Pedro\AppData\Local\Python\pythoncore-3.14-64\Lib\urllib\parse.py
fn=_urlsplit
499 14200
cfl=C:\Users\Pedro\AppData\Local\Python\pythoncore-3.14-64\Lib\urllib\parse.py
cfn=_checknetloc
calls=3 424
499 1000
cfl=~
cfn=<method 'find' of 'str' objects>
calls=3 0
499 800
cfl=~
cfn=<method 'lstrip' of 'str' objects>
calls=3 0
499 1000
cfl=~
cfn=<method 'replace' of 'str' objects>
calls=18 0
499 2500
cfl=~
cfn=<method 'strip' of 'str' objects>
calls=3 0
499 700

fl=C:\Users\Pedro\AppData\Local\Python\pythoncore-3.14-64\Lib\warnings.py
fn=__enter__
80 8900
cfl=~
cfn=<built-in method _warnings._acquire_lock>
calls=36 0
80 4000

fl=C:\Users\Pedro\AppData\Local\Python\pythoncore-3.14-64\Lib\warnings.py
fn=__exit__
84 6700
cfl=~
cfn=<built-in method _warnings._release_lock>
calls=36 0
84 3100

fl=c:\Users\Pedro\faculdade\IniciacaoCientifica\grn\.env\Lib\site-packages\IPython\core\displayhook.py
fn=is_active
118 6600

fl=c:\Users\Pedro\faculdade\IniciacaoCientifica\grn\.env\Lib\site-packages\IPython\core\displaypub.py
fn=is_publishing
172 7300

fl=c:\Users\Pedro\faculdade\IniciacaoCientifica\grn\.env\Lib\site-packages\IPython\core\history.py
fn=only_when_enabled
100 2600
cfl=c:\Users\Pedro\faculdade\IniciacaoCientifica\grn\.env\Lib\site-packages\IPython\core\history.py
cfn=writeout_cache
calls=0 1055
100 0
cfl=c:\Users\Pedro\faculdade\IniciacaoCientifica\grn\.env\Lib\site-packages\traitlets\traitlets.py
cfn=__get__
calls=1 695
100 2700

fl=c:\Users\Pedro\faculdade\IniciacaoCientifica\grn\.env\Lib\site-packages\IPython\core\history.py
fn=_writeout_input_cache
1039 13100
cfl=C:\Users\Pedro\AppData\Local\Python\pythoncore-3.14-64\Lib\enum.py
cfn=__or__
calls=5 1583
1039 33000
cfl=c:\Users\Pedro\faculdade\IniciacaoCientifica\grn\.env\Lib\site-packages\traitlets\traitlets.py
cfn=__get__
calls=2 695
1039 1700
cfl=c:\Users\Pedro\faculdade\IniciacaoCientifica\grn\.env\Lib\site-packages\zmq\sugar\socket.py
cfn=send
calls=6 623
1039 84400
cfl=~
cfn=<built-in method nt.mkdir>
calls=0 0
1039 0
cfl=~
cfn=<method '__enter__' of 'sqlite3.Connection' objects>
calls=1 0
1039 600
cfl=~
cfn=<method 'execute' of 'sqlite3.Connection' objects>
calls=0 0
1039 0

fl=c:\Users\Pedro\faculdade\IniciacaoCientifica\grn\.env\Lib\site-packages\IPython\core\history.py
fn=_writeout_output_cache
1047 2800
cfl=c:\Users\Pedro\faculdade\IniciacaoCientifica\grn\.env\Lib\site-packages\traitlets\traitlets.py
cfn=__get__
calls=1 695
1047 1600
cfl=~
cfn=<method '__enter__' of 'sqlite3.Connection' objects>
calls=1 0
1047 300
cfl=~
cfn=<method '__exit__' of 'sqlite3.Connection' objects>
calls=1 0
1047 1000

fl=c:\Users\Pedro\faculdade\IniciacaoCientifica\grn\.env\Lib\site-packages\IPython\core\history.py
fn=writeout_cache
1055 24100
cfl=c:\Users\Pedro\faculdade\IniciacaoCientifica\grn\.env\Lib\site-packages\IPython\core\history.py
cfn=_writeout_input_cache
calls=0 1039
1055 0
cfl=~
cfn=<method '__enter__' of '_thread.lock' objects>
calls=1 0
1055 200

fl=c:\Users\Pedro\faculdade\IniciacaoCientifica\grn\.env\Lib\site-packages\IPython\core\history.py
fn=hold
1100 900

fl=c:\Users\Pedro\faculdade\IniciacaoCientifica\grn\.env\Lib\site-packages\IPython\core\interactiveshell.py
fn=write
3098 310500
cfl=<string>
cfn=__init__:2
calls=3 2
3098 700
cfl=C:\Users\Pedro\AppData\Local\Python\pythoncore-3.14-64\Lib\asyncio\base_events.py
cfn=_run_once
calls=17 1966
3098 5434600
cfl=c:\Users\Pedro\faculdade\IniciacaoCientifica\grn\.env\Lib\site-packages\IPython\core\displayhook.py
cfn=is_active
calls=49 118
3098 6600
cfl=c:\Users\Pedro\faculdade\IniciacaoCientifica\grn\.env\Lib\site-packages\IPython\core\displaypub.py
cfn=is_publishing
calls=49 172
3098 7300
cfl=c:\Users\Pedro\faculdade\IniciacaoCientifica\grn\.env\Lib\site-packages\ipykernel\iostream.py
cfn=write
calls=49 721
3098 1037000
cfl=c:\Users\Pedro\faculdade\IniciacaoCientifica\grn\.env\Lib\site-packages\traitlets\traitlets.py
cfn=__get__
calls=49 695
3098 61800
cfl=~
cfn=<built-in method builtins.any>
calls=49 0
3098 18600
cfl=~
cfn=<method 'append' of 'list' objects>
calls=52 0
3098 13300

fl=c:\Users\Pedro\faculdade\IniciacaoCientifica\grn\.env\Lib\site-packages\dateutil\tz\tz.py
fn=utcoffset
74 9200

fl=c:\Users\Pedro\faculdade\IniciacaoCientifica\grn\.env\Lib\site-packages\decorator\__init__.py
fn=fix
213 6800
cfl=C:\Users\Pedro\AppData\Local\Python\pythoncore-3.14-64\Lib\inspect.py
cfn=args
calls=1 2839
213 3100
cfl=C:\Users\Pedro\AppData\Local\Python\pythoncore-3.14-64\Lib\inspect.py
cfn=kwargs
calls=1 2862
213 1500
cfl=C:\Users\Pedro\AppData\Local\Python\pythoncore-3.14-64\Lib\inspect.py
cfn=apply_defaults
calls=1 2892
213 5300
cfl=C:\Users\Pedro\AppData\Local\Python\pythoncore-3.14-64\Lib\inspect.py
cfn=bind
calls=1 3230
213 23000

fl=c:\Users\Pedro\faculdade\IniciacaoCientifica\grn\.env\Lib\site-packages\decorator\__init__.py
fn=fun
244 1800
cfl=c:\Users\Pedro\faculdade\IniciacaoCientifica\grn\.env\Lib\site-packages\IPython\core\history.py
cfn=only_when_enabled
calls=0 100
244 0
cfl=c:\Users\Pedro\faculdade\IniciacaoCientifica\grn\.env\Lib\site-packages\decorator\__init__.py
cfn=fix
calls=1 213
244 39700

fl=c:\Users\Pedro\faculdade\IniciacaoCientifica\grn\.env\Lib\site-packages\ipykernel\iostream.py
fn=_run_event_pipe_gc
190 111700
cfl=C:\Users\Pedro\AppData\Local\Python\pythoncore-3.14-64\Lib\asyncio\tasks.py
cfn=sleep
calls=36 687
190 627600
cfl=c:\Users\Pedro\faculdade\IniciacaoCientifica\grn\.env\Lib\site-packages\ipykernel\iostream.py
cfn=_event_pipe_gc
calls=18 199
190 274500

fl=c:\Users\Pedro\faculdade\IniciacaoCientifica\grn\.env\Lib\site-packages\ipykernel\iostream.py
fn=_event_pipe_gc
199 141100
cfl=C:\Users\Pedro\AppData\Local\Python\pythoncore-3.14-64\Lib\threading.py
cfn=is_alive
calls=54 1177
199 98900
cfl=~
cfn=<method '__enter__' of '_thread.lock' objects>
calls=18 0
199 18200
cfl=~
cfn=<method '__exit__' of '_thread.lock' objects>
calls=18 0
199 7900
cfl=~
cfn=<method 'items' of 'dict' objects>
calls=18 0
199 8400

fl=c:\Users\Pedro\faculdade\IniciacaoCientifica\grn\.env\Lib\site-packages\ipykernel\iostream.py
fn=_event_pipe
210 48900

fl=c:\Users\Pedro\faculdade\IniciacaoCientifica\grn\.env\Lib\site-packages\ipykernel\iostream.py
fn=_handle_event
229 201400
cfl=c:\Users\Pedro\faculdade\IniciacaoCientifica\grn\.env\Lib\site-packages\ipykernel\iostream.py
cfn=<lambda>
calls=17 348
229 0
cfl=c:\Users\Pedro\faculdade\IniciacaoCientifica\grn\.env\Lib\site-packages\ipykernel\iostream.py
cfn=_schedule_in_thread
calls=22 653
229 594300
cfl=c:\Users\Pedro\faculdade\IniciacaoCientifica\grn\PythonCode\Modules\Helpers.py
cfn=calculate_error
calls=2 50
229 73900
cfl=~
cfn=<built-in method builtins.len>
calls=45 0
229 8000
cfl=~
cfn=<built-in method builtins.min>
calls=2 0
229 900
cfl=~
cfn=<method 'popleft' of 'collections.deque' objects>
calls=43 0
229 12000

fl=c:\Users\Pedro\faculdade\IniciacaoCientifica\grn\.env\Lib\site-packages\ipykernel\iostream.py
fn=_is_master_process:285
285 17600
cfl=~
cfn=<built-in method nt.getpid>
calls=23 0
285 8200

fl=c:\Users\Pedro\faculdade\IniciacaoCientifica\grn\.env\Lib\site-packages\ipykernel\iostream.py
fn=_check_mp_mode
288 19700
cfl=c:\Users\Pedro\faculdade\IniciacaoCientifica\grn\.env\Lib\site-packages\ipykernel\iostream.py
cfn=_is_master_process:285
calls=23 285
288 25800

fl=c:\Users\Pedro\faculdade\IniciacaoCientifica\grn\.env\Lib\site-packages\ipykernel\iostream.py
fn=closed
327 7500

fl=c:\Users\Pedro\faculdade\IniciacaoCientifica\grn\.env\Lib\site-packages\ipykernel\iostream.py
fn=schedule
331 1410500
cfl=C:\Users\Pedro\AppData\Local\Python\pythoncore-3.14-64\Lib\threading.py
cfn=is_alive
calls=44 1177
331 111200
cfl=c:\Users\Pedro\faculdade\IniciacaoCientifica\grn\.env\Lib\site-packages\ipykernel\iostream.py
cfn=_event_pipe
calls=44 210
331 48900
cfl=c:\Users\Pedro\faculdade\IniciacaoCientifica\grn\.env\Lib\site-packages\zmq\sugar\socket.py
cfn=send
calls=22 623
331 30700
cfl=c:\Users\Pedro\faculdade\IniciacaoCientifica\grn\PythonCode\Modules\Equations.py
cfn=full_eq
calls=3 19
331 5400
cfl=c:\Users\Pedro\faculdade\IniciacaoCientifica\grn\PythonCode\Modules\Equations.py
cfn=complex_eqs
calls=1 32
331 11100
cfl=c:\Users\Pedro\faculdade\IniciacaoCientifica\grn\PythonCode\Modules\Models.py
cfn=system
calls=439 178
331 1558700
cfl=~
cfn=<method 'append' of 'collections.deque' objects>
calls=44 0
331 17100

fl=c:\Users\Pedro\faculdade\IniciacaoCientifica\grn\.env\Lib\site-packages\ipykernel\iostream.py
fn=send_multipart
343 1732100
cfl=c:\Users\Pedro\faculdade\IniciacaoCientifica\grn\.env\Lib\site-packages\ipykernel\iostream.py
cfn=schedule
calls=19 331
343 149600
cfl=c:\Users\Pedro\faculdade\IniciacaoCientifica\grn\PythonCode\Modules\Models.py
cfn=system
calls=214 178
343 4289700
cfl=~
cfn=<built-in method builtins.len>
calls=3 0
343 500

fl=c:\Users\Pedro\faculdade\IniciacaoCientifica\grn\.env\Lib\site-packages\ipykernel\iostream.py
fn=<lambda>
348 64400
cfl=c:\Users\Pedro\faculdade\IniciacaoCientifica\grn\.env\Lib\site-packages\ipykernel\iostream.py
cfn=_really_send
calls=17 350
348 0
cfl=~
cfn=<built-in method builtins.len>
calls=3 0
348 500

fl=c:\Users\Pedro\faculdade\IniciacaoCientifica\grn\.env\Lib\site-packages\ipykernel\iostream.py
fn=_really_send
350 1657500
cfl=C:\Users\Pedro\AppData\Local\Python\pythoncore-3.14-64\Lib\contextlib.py
cfn=__enter__
calls=1 136
350 2100
cfl=C:\Users\Pedro\AppData\Local\Python\pythoncore-3.14-64\Lib\contextlib.py
cfn=helper
calls=1 303
350 4300
cfl=C:\Users\Pedro\AppData\Local\Python\pythoncore-3.14-64\Lib\threading.py
cfn=clear
calls=1 641
350 36000
cfl=c:\Users\Pedro\faculdade\IniciacaoCientifica\grn\.env\Lib\site-packages\decorator\__init__.py
cfn=fun
calls=0 244
350 0
cfl=c:\Users\Pedro\faculdade\IniciacaoCientifica\grn\.env\Lib\site-packages\ipykernel\iostream.py
cfn=_check_mp_mode
calls=23 288
350 45500
cfl=c:\Users\Pedro\faculdade\IniciacaoCientifica\grn\.env\Lib\site-packages\ipykernel\iostream.py
cfn=closed
calls=23 327
350 7500
cfl=c:\Users\Pedro\faculdade\IniciacaoCientifica\grn\.env\Lib\site-packages\zmq\sugar\socket.py
cfn=send_multipart
calls=17 700
350 0
cfl=c:\Users\Pedro\faculdade\IniciacaoCientifica\grn\PythonCode\Modules\Models.py
cfn=system
calls=1882 178
350 2339200
cfl=~
cfn=<built-in method builtins.isinstance>
calls=1 0
350 10200
cfl=~
cfn=<built-in method builtins.len>
calls=2 0
350 300

fl=c:\Users\Pedro\faculdade\IniciacaoCientifica\grn\.env\Lib\site-packages\ipykernel\iostream.py
fn=parent_header
581 31400
cfl=~
cfn=<method 'get' of '_contextvars.ContextVar' objects>
calls=49 0
581 17200

fl=c:\Users\Pedro\faculdade\IniciacaoCientifica\grn\.env\Lib\site-packages\ipykernel\iostream.py
fn=_is_master_process:616
616 42600
cfl=~
cfn=<built-in method nt.getpid>
calls=49 0
616 19600

fl=c:\Users\Pedro\faculdade\IniciacaoCientifica\grn\.env\Lib\site-packages\ipykernel\iostream.py
fn=_schedule_flush
643 45500
cfl=c:\Users\Pedro\faculdade\IniciacaoCientifica\grn\.env\Lib\site-packages\ipykernel\iostream.py
cfn=schedule
calls=4 331
643 38300
cfl=~
cfn=<method 'append' of 'list' objects>
calls=18 0
643 8600
cfl=~
cfn=<method 'get' of 'dict' objects>
calls=18 0
643 9600

fl=c:\Users\Pedro\faculdade\IniciacaoCientifica\grn\.env\Lib\site-packages\ipykernel\iostream.py
fn=_schedule_in_thread
653 46600
cfl=c:\Users\Pedro\faculdade\IniciacaoCientifica\grn\.env\Lib\site-packages\tornado\ioloop.py
cfn=call_later
calls=22 604
653 547700

fl=c:\Users\Pedro\faculdade\IniciacaoCientifica\grn\.env\Lib\site-packages\ipykernel\iostream.py
fn=_flush
682 315600
cfl=c:\Users\Pedro\faculdade\IniciacaoCientifica\grn\.env\Lib\site-packages\ipykernel\iostream.py
cfn=_flush_buffers
calls=41 776
682 318400
cfl=c:\Users\Pedro\faculdade\IniciacaoCientifica\grn\.env\Lib\site-packages\ipykernel\iostream.py
cfn=_hooks
calls=22 791
682 60900
cfl=c:\Users\Pedro\faculdade\IniciacaoCientifica\grn\.env\Lib\site-packages\jupyter_client\session.py
cfn=msg
calls=22 655
682 598100
cfl=c:\Users\Pedro\faculdade\IniciacaoCientifica\grn\.env\Lib\site-packages\jupyter_client\session.py
cfn=send
calls=19 760
682 462600
cfl=c:\Users\Pedro\faculdade\IniciacaoCientifica\grn\.env\Lib\site-packages\traitlets\traitlets.py
cfn=__set__
calls=22 727
682 441400
cfl=c:\Users\Pedro\faculdade\IniciacaoCientifica\grn\PythonCode\Modules\Helpers.py
cfn=calculate_error
calls=3 50
682 140100
cfl=~
cfn=<built-in method builtins.min>
calls=3 0
682 1700
cfl=~
cfn=<built-in method nt.getpid>
calls=22 0
682 14000

fl=c:\Users\Pedro\faculdade\IniciacaoCientifica\grn\.env\Lib\site-packages\ipykernel\iostream.py
fn=write
721 277800
cfl=C:\Users\Pedro\AppData\Local\Python\pythoncore-3.14-64\Lib\asyncio\base_events.py
cfn=time
calls=18 766
721 26600
cfl=C:\Users\Pedro\AppData\Local\Python\pythoncore-3.14-64\Lib\asyncio\events.py
cfn=_run
calls=18 92
721 3195200
cfl=C:\Users\Pedro\AppData\Local\Python\pythoncore-3.14-64\Lib\asyncio\selector_events.py
cfn=_process_events
calls=18 744
721 67900
cfl=c:\Users\Pedro\faculdade\IniciacaoCientifica\grn\.env\Lib\site-packages\dateutil\tz\tz.py
cfn=utcoffset
calls=1 74
721 400
cfl=c:\Users\Pedro\faculdade\IniciacaoCientifica\grn\.env\Lib\site-packages\ipykernel\iostream.py
cfn=parent_header
calls=49 581
721 48600
cfl=c:\Users\Pedro\faculdade\IniciacaoCientifica\grn\.env\Lib\site-packages\ipykernel\iostream.py
cfn=_is_master_process:616
calls=49 616
721 62200
cfl=c:\Users\Pedro\faculdade\IniciacaoCientifica\grn\.env\Lib\site-packages\ipykernel\iostream.py
cfn=_schedule_flush
calls=31 643
721 41700
cfl=~
cfn=<built-in method builtins.isinstance>
calls=49 0
721 7400
cfl=~
cfn=<built-in method builtins.len>
calls=49 0
721 14400
cfl=~
cfn=<method '__enter__' of '_thread.RLock' objects>
calls=49 0
721 26300
cfl=~
cfn=<method '__exit__' of '_thread.RLock' objects>
calls=49 0
721 16400
cfl=~
cfn=<method 'items' of 'dict' objects>
calls=49 0
721 18600
cfl=~
cfn=<method 'popleft' of 'collections.deque' objects>
calls=18 0
721 6100
cfl=~
cfn=<method 'write' of '_io.StringIO' objects>
calls=49 0
721 23800

fl=c:\Users\Pedro\faculdade\IniciacaoCientifica\grn\.env\Lib\site-packages\ipykernel\iostream.py
fn=_flush_buffers
776 148200
cfl=c:\Users\Pedro\faculdade\IniciacaoCientifica\grn\.env\Lib\site-packages\ipykernel\iostream.py
cfn=_rotate_buffers
calls=22 784
776 126800
cfl=~
cfn=<method 'close' of '_io.StringIO' objects>
calls=22 0
776 12000
cfl=~
cfn=<method 'getvalue' of '_io.StringIO' objects>
calls=22 0
776 22700
cfl=~
cfn=<method 'items' of 'dict' objects>
calls=22 0
776 10500

fl=c:\Users\Pedro\faculdade\IniciacaoCientifica\grn\.env\Lib\site-packages\ipykernel\iostream.py
fn=_rotate_buffers
784 95400
cfl=~
cfn=<method '__enter__' of '_thread.RLock' objects>
calls=22 0
784 21400
cfl=~
cfn=<method '__exit__' of '_thread.RLock' objects>
calls=22 0
784 10000

fl=c:\Users\Pedro\faculdade\IniciacaoCientifica\grn\.env\Lib\site-packages\ipykernel\iostream.py
fn=_hooks
791 30700
cfl=~
cfn=<built-in method builtins.hasattr>
calls=22 0
791 30200

fl=c:\Users\Pedro\faculdade\IniciacaoCientifica\grn\.env\Lib\site-packages\jupyter_client\jsonutil.py
fn=_ensure_tzinfo
39 63000

fl=c:\Users\Pedro\faculdade\IniciacaoCientifica\grn\.env\Lib\site-packages\jupyter_client\jsonutil.py
fn=json_default
108 98500
cfl=c:\Users\Pedro\faculdade\IniciacaoCientifica\grn\.env\Lib\site-packages\jupyter_client\jsonutil.py
cfn=_ensure_tzinfo
calls=44 39
108 63000
cfl=~
cfn=<built-in method builtins.isinstance>
calls=44 0
108 5800
cfl=~
cfn=<method 'isoformat' of 'datetime.datetime' objects>
calls=44 0
108 210400
cfl=~
cfn=<method 'replace' of 'str' objects>
calls=44 0
108 35200

fl=c:\Users\Pedro\faculdade\IniciacaoCientifica\grn\.env\Lib\site-packages\jupyter_client\session.py
fn=json_packer
95 124800
cfl=C:\Users\Pedro\AppData\Local\Python\pythoncore-3.14-64\Lib\json\__init__.py
cfn=dumps
calls=88 185
95 1863000
cfl=~
cfn=<method 'encode' of 'str' objects>
calls=88 0
95 50000

fl=c:\Users\Pedro\faculdade\IniciacaoCientifica\grn\.env\Lib\site-packages\jupyter_client\session.py
fn=utcnow
234 32500
cfl=~
cfn=<built-in method now>
calls=22 0
234 70900

fl=c:\Users\Pedro\faculdade\IniciacaoCientifica\grn\.env\Lib\site-packages\jupyter_client\session.py
fn=msg_header:308
308 31200
cfl=c:\Users\Pedro\faculdade\IniciacaoCientifica\grn\.env\Lib\site-packages\jupyter_client\session.py
cfn=utcnow
calls=22 234
308 103400
cfl=~
cfn=<built-in method builtins.locals>
calls=22 0
308 72900

fl=c:\Users\Pedro\faculdade\IniciacaoCientifica\grn\.env\Lib\site-packages\jupyter_client\session.py
fn=extract_header
317 52900
cfl=~
cfn=<built-in method builtins.isinstance>
calls=22 0
317 3400

fl=c:\Users\Pedro\faculdade\IniciacaoCientifica\grn\.env\Lib\site-packages\jupyter_client\session.py
fn=msg_id
609 85900
cfl=c:\Users\Pedro\faculdade\IniciacaoCientifica\grn\.env\Lib\site-packages\traitlets\traitlets.py
cfn=__get__
calls=22 695
609 35200
cfl=~
cfn=<built-in method nt.getpid>
calls=22 0
609 5800

fl=c:\Users\Pedro\faculdade\IniciacaoCientifica\grn\.env\Lib\site-packages\jupyter_client\session.py
fn=msg_header:651
651 57300
cfl=c:\Users\Pedro\faculdade\IniciacaoCientifica\grn\.env\Lib\site-packages\jupyter_client\session.py
cfn=msg_header:308
calls=22 308
651 207500
cfl=c:\Users\Pedro\faculdade\IniciacaoCientifica\grn\.env\Lib\site-packages\jupyter_client\session.py
cfn=msg_id
calls=22 609
651 126900
cfl=c:\Users\Pedro\faculdade\IniciacaoCientifica\grn\.env\Lib\site-packages\traitlets\traitlets.py
cfn=__get__
calls=44 695
651 32400

fl=c:\Users\Pedro\faculdade\IniciacaoCientifica\grn\.env\Lib\site-packages\jupyter_client\session.py
fn=msg
655 85400
cfl=c:\Users\Pedro\faculdade\IniciacaoCientifica\grn\.env\Lib\site-packages\jupyter_client\session.py
cfn=extract_header
calls=22 317
655 56300
cfl=c:\Users\Pedro\faculdade\IniciacaoCientifica\grn\.env\Lib\site-packages\jupyter_client\session.py
cfn=msg_header:651
calls=22 651
655 424100
cfl=c:\Users\Pedro\faculdade\IniciacaoCientifica\grn\.env\Lib\site-packages\traitlets\traitlets.py
cfn=__get__
calls=22 695
655 24400
cfl=~
cfn=<method 'copy' of 'dict' objects>
calls=22 0
655 7900

fl=c:\Users\Pedro\faculdade\IniciacaoCientifica\grn\.env\Lib\site-packages\jupyter_client\session.py
fn=sign
681 95900
cfl=C:\Users\Pedro\AppData\Local\Python\pythoncore-3.14-64\Lib\hmac.py
cfn=update
calls=88 149
681 98300
cfl=C:\Users\Pedro\AppData\Local\Python\pythoncore-3.14-64\Lib\hmac.py
cfn=copy
calls=22 154
681 237100
cfl=C:\Users\Pedro\AppData\Local\Python\pythoncore-3.14-64\Lib\hmac.py
cfn=hexdigest
calls=22 194
681 105400
cfl=c:\Users\Pedro\faculdade\IniciacaoCientifica\grn\.env\Lib\site-packages\traitlets\traitlets.py
cfn=__get__
calls=44 695
681 29600
cfl=~
cfn=<method 'encode' of 'str' objects>
calls=22 0
681 7200

fl=c:\Users\Pedro\faculdade\IniciacaoCientifica\grn\.env\Lib\site-packages\jupyter_client\session.py
fn=serialize
696 165000
cfl=c:\Users\Pedro\faculdade\IniciacaoCientifica\grn\.env\Lib\site-packages\jupyter_client\session.py
cfn=json_packer
calls=88 95
696 2037800
cfl=c:\Users\Pedro\faculdade\IniciacaoCientifica\grn\.env\Lib\site-packages\jupyter_client\session.py
cfn=sign
calls=22 681
696 573500
cfl=c:\Users\Pedro\faculdade\IniciacaoCientifica\grn\.env\Lib\site-packages\traitlets\traitlets.py
cfn=__get__
calls=88 695
696 59100
cfl=~
cfn=<built-in method builtins.isinstance>
calls=44 0
696 10000
cfl=~
cfn=<method 'append' of 'list' objects>
calls=66 0
696 13100
cfl=~
cfn=<method 'extend' of 'list' objects>
calls=22 0
696 10600
cfl=~
cfn=<method 'get' of 'dict' objects>
calls=22 0
696 5100

fl=c:\Users\Pedro\faculdade\IniciacaoCientifica\grn\.env\Lib\site-packages\jupyter_client\session.py
fn=send
760 294100
cfl=c:\Users\Pedro\faculdade\IniciacaoCientifica\grn\.env\Lib\site-packages\ipykernel\iostream.py
cfn=send_multipart
calls=19 343
760 153200
cfl=c:\Users\Pedro\faculdade\IniciacaoCientifica\grn\.env\Lib\site-packages\jupyter_client\session.py
cfn=serialize
calls=22 696
760 2874200
cfl=c:\Users\Pedro\faculdade\IniciacaoCientifica\grn\.env\Lib\site-packages\traitlets\traitlets.py
cfn=__get__
calls=107 695
760 81600
cfl=~
cfn=<built-in method builtins.isinstance>
calls=66 0
760 23900
cfl=~
cfn=<built-in method builtins.len>
calls=154 0
760 18900
cfl=~
cfn=<built-in method builtins.max>
calls=22 0
760 14600
cfl=~
cfn=<built-in method nt.getpid>
calls=22 0
760 5000
cfl=~
cfn=<method 'extend' of 'list' objects>
calls=22 0
760 3200
cfl=~
cfn=<method 'get' of 'dict' objects>
calls=22 0
760 11400

fl=c:\Users\Pedro\faculdade\IniciacaoCientifica\grn\.env\Lib\site-packages\numpy\_core\_asarray.py
fn=require
22 22900
cfl=~
cfn=<built-in method numpy.array>
calls=8 0
22 12700
cfl=~
cfn=<method 'upper' of 'str' objects>
calls=8 0
22 2400

fl=c:\Users\Pedro\faculdade\IniciacaoCientifica\grn\.env\Lib\site-packages\numpy\_core\_internal.py
fn=npy_ctypes_check
946 10200

fl=c:\Users\Pedro\faculdade\IniciacaoCientifica\grn\.env\Lib\site-packages\numpy\_core\_methods.py
fn=_any
55 1900
cfl=~
cfn=<method 'reduce' of 'numpy.ufunc' objects>
calls=4 0
55 9300

fl=c:\Users\Pedro\faculdade\IniciacaoCientifica\grn\.env\Lib\site-packages\numpy\_core\_methods.py
fn=_all
64 4938900
cfl=~
cfn=<method 'reduce' of 'numpy.ufunc' objects>
calls=7773 0
64 42660200

fl=c:\Users\Pedro\faculdade\IniciacaoCientifica\grn\.env\Lib\site-packages\numpy\_core\_methods.py
fn=_count_reduce_items
73 49309000
cfl=~
cfn=<built-in method numpy.lib.array_utils.normalize_axis_index>
calls=15414 0
73 6641000

fl=c:\Users\Pedro\faculdade\IniciacaoCientifica\grn\.env\Lib\site-packages\numpy\_core\_methods.py
fn=_clip
96 18200

fl=c:\Users\Pedro\faculdade\IniciacaoCientifica\grn\.env\Lib\site-packages\numpy\_core\_methods.py
fn=_mean
115 50337500
cfl=c:\Users\Pedro\faculdade\IniciacaoCientifica\grn\.env\Lib\site-packages\numpy\_core\_methods.py
cfn=_count_reduce_items
calls=7707 73
115 55859900
cfl=~
cfn=<built-in method builtins.hasattr>
calls=7707 0
115 5906700
cfl=~
cfn=<built-in method builtins.isinstance>
calls=7707 0
115 4934900
cfl=~
cfn=<built-in method builtins.issubclass>
calls=15414 0
115 4503800
cfl=~
cfn=<built-in method numpy.asanyarray>
calls=7707 0
115 5627800
cfl=~
cfn=<method 'reduce' of 'numpy.ufunc' objects>
calls=7707 0
115 51693900

fl=c:\Users\Pedro\faculdade\IniciacaoCientifica\grn\.env\Lib\site-packages\numpy\_core\_methods.py
fn=_var
148 474400
cfl=c:\Users\Pedro\faculdade\IniciacaoCientifica\grn\.env\Lib\site-packages\numpy\_core\_methods.py
cfn=_count_reduce_items
calls=20 73
148 90100
cfl=~
cfn=<built-in method builtins.hasattr>
calls=20 0
148 8000
cfl=~
cfn=<built-in method builtins.isinstance>
calls=40 0
148 9800
cfl=~
cfn=<built-in method builtins.issubclass>
calls=40 0
148 9500
cfl=~
cfn=<built-in method numpy.asanyarray>
calls=20 0
148 6100
cfl=~
cfn=<method 'reduce' of 'numpy.ufunc' objects>
calls=40 0
148 138200

fl=c:\Users\Pedro\faculdade\IniciacaoCientifica\grn\.env\Lib\site-packages\numpy\_core\_methods.py
fn=_std
217 91000
cfl=c:\Users\Pedro\faculdade\IniciacaoCientifica\grn\.env\Lib\site-packages\numpy\_core\_methods.py
cfn=_var
calls=20 148
217 736100
cfl=~
cfn=<built-in method builtins.hasattr>
calls=20 0
217 4400
cfl=~
cfn=<built-in method builtins.isinstance>
calls=20 0
217 4200

fl=c:\Users\Pedro\faculdade\IniciacaoCientifica\grn\.env\Lib\site-packages\numpy\_core\_ufunc_config.py
fn=__init__
462 200

fl=c:\Users\Pedro\faculdade\IniciacaoCientifica\grn\.env\Lib\site-packages\numpy\_core\_ufunc_config.py
fn=__enter__
472 2800
cfl=~
cfn=<built-in method numpy._core._multiarray_umath._make_extobj>
calls=1 0
472 900
cfl=~
cfn=<method 'set' of '_contextvars.ContextVar' objects>
calls=1 0
472 1400

fl=c:\Users\Pedro\faculdade\IniciacaoCientifica\grn\.env\Lib\site-packages\numpy\_core\_ufunc_config.py
fn=__exit__
488 1700
cfl=~
cfn=<method 'reset' of '_contextvars.ContextVar' objects>
calls=1 0
488 1200

fl=c:\Users\Pedro\faculdade\IniciacaoCientifica\grn\.env\Lib\site-packages\numpy\_core\_ufunc_config.py
fn=inner
496 61200
cfl=~
cfn=<built-in method numpy._core._multiarray_umath._make_extobj>
calls=1 0
496 600
cfl=~
cfn=<method 'reset' of '_contextvars.ContextVar' objects>
calls=1 0
496 300
cfl=~
cfn=<method 'set' of '_contextvars.ContextVar' objects>
calls=1 0
496 400

fl=c:\Users\Pedro\faculdade\IniciacaoCientifica\grn\.env\Lib\site-packages\numpy\_core\einsumfunc.py
fn=_einsum_dispatcher
1236 1800

fl=c:\Users\Pedro\faculdade\IniciacaoCientifica\grn\.env\Lib\site-packages\numpy\_core\einsumfunc.py
fn=einsum
1244 3500
cfl=~
cfn=<built-in method numpy._core._multiarray_umath.c_einsum>
calls=1 0
1244 29800

fl=c:\Users\Pedro\faculdade\IniciacaoCientifica\grn\.env\Lib\site-packages\numpy\_core\fromnumeric.py
fn=_wrapit
38 291400
cfl=~
cfn=<built-in method builtins.getattr>
calls=21 0
38 12500
cfl=~
cfn=<method 'as_arrays' of 'numpy._core._multiarray_umath._array_converter' objects>
calls=21 0
38 18300
cfl=~
cfn=<method 'squeeze' of 'numpy.ndarray' objects>
calls=21 0
38 17000
cfl=~
cfn=<method 'wrap' of 'numpy._core._multiarray_umath._array_converter' objects>
calls=21 0
38 12600

fl=c:\Users\Pedro\faculdade\IniciacaoCientifica\grn\.env\Lib\site-packages\numpy\_core\fromnumeric.py
fn=_wrapfunc
48 27800
cfl=~
cfn=<built-in method builtins.getattr>
calls=22 0
48 10300
cfl=~
cfn=<method 'argmin' of 'numpy.ndarray' objects>
calls=21 0
48 65000
cfl=~
cfn=<method 'clip' of 'numpy.ndarray' objects>
calls=1 0
48 25600

fl=c:\Users\Pedro\faculdade\IniciacaoCientifica\grn\.env\Lib\site-packages\numpy\_core\fromnumeric.py
fn=_wrapreduction
66 110200
cfl=~
cfn=<built-in method builtins.getattr>
calls=21 0
66 69300
cfl=~
cfn=<method 'items' of 'dict' objects>
calls=21 0
66 8800
cfl=~
cfn=<method 'reduce' of 'numpy.ufunc' objects>
calls=21 0
66 120800

fl=c:\Users\Pedro\faculdade\IniciacaoCientifica\grn\.env\Lib\site-packages\numpy\_core\fromnumeric.py
fn=_wrapreduction_any_all
86 624300
cfl=~
cfn=<built-in method builtins.getattr>
calls=7 0
86 9200
cfl=~
cfn=<method 'all' of 'numpy.generic' objects>
calls=1 0
86 16300
cfl=~
cfn=<method 'any' of 'numpy.generic' objects>
calls=2 0
86 6000
cfl=~
cfn=<method 'items' of 'dict' objects>
calls=223 0
86 118600
cfl=~
cfn=<method 'reduce' of 'numpy.ufunc' objects>
calls=220 0
86 1035100

fl=c:\Users\Pedro\faculdade\IniciacaoCientifica\grn\.env\Lib\site-packages\numpy\_core\fromnumeric.py
fn=_argmin_dispatcher
1317 3800

fl=c:\Users\Pedro\faculdade\IniciacaoCientifica\grn\.env\Lib\site-packages\numpy\_core\fromnumeric.py
fn=argmin
1321 48900
cfl=c:\Users\Pedro\faculdade\IniciacaoCientifica\grn\.env\Lib\site-packages\numpy\_core\fromnumeric.py
cfn=_wrapfunc
calls=21 48
1321 100400

fl=c:\Users\Pedro\faculdade\IniciacaoCientifica\grn\.env\Lib\site-packages\numpy\_core\fromnumeric.py
fn=_squeeze_dispatcher
1592 4500

fl=c:\Users\Pedro\faculdade\IniciacaoCientifica\grn\.env\Lib\site-packages\numpy\_core\fromnumeric.py
fn=squeeze
1596 120500
cfl=c:\Users\Pedro\faculdade\IniciacaoCientifica\grn\.env\Lib\site-packages\numpy\_core\fromnumeric.py
cfn=_wrapit
calls=21 38
1596 351800

fl=c:\Users\Pedro\faculdade\IniciacaoCientifica\grn\.env\Lib\site-packages\numpy\_core\fromnumeric.py
fn=_ravel_dispatcher
1875 19500

fl=c:\Users\Pedro\faculdade\IniciacaoCientifica\grn\.env\Lib\site-packages\numpy\_core\fromnumeric.py
fn=ravel
1879 174800
cfl=~
cfn=<built-in method builtins.isinstance>
calls=85 0
1879 29000
cfl=~
cfn=<built-in method numpy.asanyarray>
calls=85 0
1879 18200
cfl=~
cfn=<method 'ravel' of 'numpy.ndarray' objects>
calls=85 0
1879 103600

fl=c:\Users\Pedro\faculdade\IniciacaoCientifica\grn\.env\Lib\site-packages\numpy\_core\fromnumeric.py
fn=_shape_dispatcher
2080 5700

fl=c:\Users\Pedro\faculdade\IniciacaoCientifica\grn\.env\Lib\site-packages\numpy\_core\fromnumeric.py
fn=shape
2084 19200

fl=c:\Users\Pedro\faculdade\IniciacaoCientifica\grn\.env\Lib\site-packages\numpy\_core\fromnumeric.py
fn=_clip_dispatcher
2202 200

fl=c:\Users\Pedro\faculdade\IniciacaoCientifica\grn\.env\Lib\site-packages\numpy\_core\fromnumeric.py
fn=clip
2207 2500
cfl=c:\Users\Pedro\faculdade\IniciacaoCientifica\grn\.env\Lib\site-packages\numpy\_core\fromnumeric.py
cfn=_wrapfunc
calls=1 48
2207 28300

fl=c:\Users\Pedro\faculdade\IniciacaoCientifica\grn\.env\Lib\site-packages\numpy\_core\fromnumeric.py
fn=_sum_dispatcher
2299 100

fl=c:\Users\Pedro\faculdade\IniciacaoCientifica\grn\.env\Lib\site-packages\numpy\_core\fromnumeric.py
fn=sum
2304 3400
cfl=c:\Users\Pedro\faculdade\IniciacaoCientifica\grn\.env\Lib\site-packages\numpy\_core\fromnumeric.py
cfn=_wrapreduction
calls=1 66
2304 7700
cfl=~
cfn=<built-in method builtins.isinstance>
calls=1 0
2304 200

fl=c:\Users\Pedro\faculdade\IniciacaoCientifica\grn\.env\Lib\site-packages\numpy\_core\fromnumeric.py
fn=_any_dispatcher
2431 33300

fl=c:\Users\Pedro\faculdade\IniciacaoCientifica\grn\.env\Lib\site-packages\numpy\_core\fromnumeric.py
fn=any
2436 255800
cfl=c:\Users\Pedro\faculdade\IniciacaoCientifica\grn\.env\Lib\site-packages\numpy\_core\fromnumeric.py
cfn=_wrapreduction_any_all
calls=111 86
2436 1071000

fl=c:\Users\Pedro\faculdade\IniciacaoCientifica\grn\.env\Lib\site-packages\numpy\_core\fromnumeric.py
fn=_all_dispatcher
2543 19100

fl=c:\Users\Pedro\faculdade\IniciacaoCientifica\grn\.env\Lib\site-packages\numpy\_core\fromnumeric.py
fn=all
2548 174100
cfl=c:\Users\Pedro\faculdade\IniciacaoCientifica\grn\.env\Lib\site-packages\numpy\_core\fromnumeric.py
cfn=_wrapreduction_any_all
calls=112 86
2548 738500

fl=c:\Users\Pedro\faculdade\IniciacaoCientifica\grn\.env\Lib\site-packages\numpy\_core\fromnumeric.py
fn=_prod_dispatcher
3282 6600

fl=c:\Users\Pedro\faculdade\IniciacaoCientifica\grn\.env\Lib\site-packages\numpy\_core\fromnumeric.py
fn=prod
3287 64600
cfl=c:\Users\Pedro\faculdade\IniciacaoCientifica\grn\.env\Lib\site-packages\numpy\_core\fromnumeric.py
cfn=_wrapreduction
calls=20 66
3287 301400

fl=c:\Users\Pedro\faculdade\IniciacaoCientifica\grn\.env\Lib\site-packages\numpy\_core\fromnumeric.py
fn=_ndim_dispatcher
3478 500

fl=c:\Users\Pedro\faculdade\IniciacaoCientifica\grn\.env\Lib\site-packages\numpy\_core\fromnumeric.py
fn=ndim
3482 8800
cfl=~
cfn=<built-in method numpy.asarray>
calls=2 0
3482 2000

fl=c:\Users\Pedro\faculdade\IniciacaoCientifica\grn\.env\Lib\site-packages\numpy\_core\fromnumeric.py
fn=_size_dispatcher
3521 7900

fl=c:\Users\Pedro\faculdade\IniciacaoCientifica\grn\.env\Lib\site-packages\numpy\_core\fromnumeric.py
fn=size
3525 289800
cfl=<frozen importlib._bootstrap>
cfn=parent
calls=44 648
3525 103700
cfl=c:\Users\Pedro\faculdade\IniciacaoCientifica\grn\.env\Lib\site-packages\numpy\_core\fromnumeric.py
cfn=_shape_dispatcher
calls=44 2080
3525 5700
cfl=c:\Users\Pedro\faculdade\IniciacaoCientifica\grn\.env\Lib\site-packages\numpy\_core\fromnumeric.py
cfn=shape
calls=44 2084
3525 19200
cfl=c:\Users\Pedro\faculdade\IniciacaoCientifica\grn\.env\Lib\site-packages\numpy\_core\numeric.py
cfn=normalize_axis_tuple
calls=44 1431
3525 301700
cfl=~
cfn=<built-in method builtins.len>
calls=44 0
3525 9900
cfl=~
cfn=<built-in method math.prod>
calls=44 0
3525 66500

fl=c:\Users\Pedro\faculdade\IniciacaoCientifica\grn\.env\Lib\site-packages\numpy\_core\fromnumeric.py
fn=<genexpr>
3575 17800

fl=c:\Users\Pedro\faculdade\IniciacaoCientifica\grn\.env\Lib\site-packages\numpy\_core\fromnumeric.py
fn=_mean_dispatcher
3694 2759300

fl=c:\Users\Pedro\faculdade\IniciacaoCientifica\grn\.env\Lib\site-packages\numpy\_core\fromnumeric.py
fn=mean
3699 28049300
cfl=c:\Users\Pedro\faculdade\IniciacaoCientifica\grn\.env\Lib\site-packages\numpy\_core\_methods.py
cfn=_mean
calls=7707 115
3699 178864500

fl=c:\Users\Pedro\faculdade\IniciacaoCientifica\grn\.env\Lib\site-packages\numpy\_core\fromnumeric.py
fn=_std_dispatcher
3828 4200

fl=c:\Users\Pedro\faculdade\IniciacaoCientifica\grn\.env\Lib\site-packages\numpy\_core\fromnumeric.py
fn=std
3833 65300
cfl=c:\Users\Pedro\faculdade\IniciacaoCientifica\grn\.env\Lib\site-packages\numpy\_core\_methods.py
cfn=_std
calls=20 217
3833 835700

fl=c:\Users\Pedro\faculdade\IniciacaoCientifica\grn\.env\Lib\site-packages\numpy\_core\function_base.py
fn=_linspace_dispatcher
22 100

fl=c:\Users\Pedro\faculdade\IniciacaoCientifica\grn\.env\Lib\site-packages\numpy\_core\function_base.py
fn=linspace
27 18600
cfl=c:\Users\Pedro\faculdade\IniciacaoCientifica\grn\.env\Lib\site-packages\numpy\_core\fromnumeric.py
cfn=_ndim_dispatcher
calls=1 3478
27 100
cfl=c:\Users\Pedro\faculdade\IniciacaoCientifica\grn\.env\Lib\site-packages\numpy\_core\fromnumeric.py
cfn=ndim
calls=1 3482
27 800
cfl=c:\Users\Pedro\faculdade\IniciacaoCientifica\grn\.env\Lib\site-packages\numpy\_core\numeric.py
cfn=isscalar
calls=1 1975
27 700
cfl=~
cfn=<built-in method _operator.index>
calls=1 0
27 200
cfl=~
cfn=<built-in method numpy.arange>
calls=1 0
27 2500
cfl=~
cfn=<method 'as_arrays' of 'numpy._core._multiarray_umath._array_converter' objects>
calls=1 0
27 400
cfl=~
cfn=<method 'astype' of 'numpy.ndarray' objects>
calls=1 0
27 600
cfl=~
cfn=<method 'reshape' of 'numpy.ndarray' objects>
calls=1 0
27 1500
cfl=~
cfn=<method 'result_type' of 'numpy._core._multiarray_umath._array_converter' objects>
calls=1 0
27 500
cfl=~
cfn=<method 'wrap' of 'numpy._core._multiarray_umath._array_converter' objects>
calls=1 0
27 300

fl=c:\Users\Pedro\faculdade\IniciacaoCientifica\grn\.env\Lib\site-packages\numpy\_core\getlimits.py
fn=__new__
178 3700
cfl=~
cfn=<method 'get' of 'dict' objects>
calls=4 0
178 1800

fl=c:\Users\Pedro\faculdade\IniciacaoCientifica\grn\.env\Lib\site-packages\numpy\_core\multiarray.py
fn=empty_like
115 11200

fl=c:\Users\Pedro\faculdade\IniciacaoCientifica\grn\.env\Lib\site-packages\numpy\_core\multiarray.py
fn=concatenate
197 1500

fl=c:\Users\Pedro\faculdade\IniciacaoCientifica\grn\.env\Lib\site-packages\numpy\_core\multiarray.py
fn=where
403 39700

fl=c:\Users\Pedro\faculdade\IniciacaoCientifica\grn\.env\Lib\site-packages\numpy\_core\multiarray.py
fn=copyto
1085 32900

fl=c:\Users\Pedro\faculdade\IniciacaoCientifica\grn\.env\Lib\site-packages\numpy\_core\multiarray.py
fn=may_share_memory
1397 1700

fl=c:\Users\Pedro\faculdade\IniciacaoCientifica\grn\.env\Lib\site-packages\numpy\_core\numeric.py
fn=_zeros_like_dispatcher
91 100

fl=c:\Users\Pedro\faculdade\IniciacaoCientifica\grn\.env\Lib\site-packages\numpy\_core\numeric.py
fn=zeros_like
97 6400
cfl=c:\Users\Pedro\faculdade\IniciacaoCientifica\grn\.env\Lib\site-packages\numpy\_core\multiarray.py
cfn=empty_like
calls=1 115
97 100
cfl=c:\Users\Pedro\faculdade\IniciacaoCientifica\grn\.env\Lib\site-packages\numpy\_core\multiarray.py
cfn=copyto
calls=1 1085
97 100
cfl=~
cfn=<built-in method numpy.zeros>
calls=1 0
97 500

fl=c:\Users\Pedro\faculdade\IniciacaoCientifica\grn\.env\Lib\site-packages\numpy\_core\numeric.py
fn=ones
170 106100
cfl=c:\Users\Pedro\faculdade\IniciacaoCientifica\grn\.env\Lib\site-packages\numpy\_core\multiarray.py
cfn=copyto
calls=22 1085
170 5000
cfl=~
cfn=<built-in method numpy.empty>
calls=22 0
170 24500

fl=c:\Users\Pedro\faculdade\IniciacaoCientifica\grn\.env\Lib\site-packages\numpy\_core\numeric.py
fn=_ones_like_dispatcher
240 21800

fl=c:\Users\Pedro\faculdade\IniciacaoCientifica\grn\.env\Lib\site-packages\numpy\_core\numeric.py
fn=ones_like
246 620400
cfl=c:\Users\Pedro\faculdade\IniciacaoCientifica\grn\.env\Lib\site-packages\numpy\_core\multiarray.py
cfn=empty_like
calls=85 115
246 11100
cfl=c:\Users\Pedro\faculdade\IniciacaoCientifica\grn\.env\Lib\site-packages\numpy\_core\multiarray.py
cfn=copyto
calls=85 1085
246 13600

fl=c:\Users\Pedro\faculdade\IniciacaoCientifica\grn\.env\Lib\site-packages\numpy\_core\numeric.py
fn=full
323 190800
cfl=c:\Users\Pedro\faculdade\IniciacaoCientifica\grn\.env\Lib\site-packages\numpy\_core\multiarray.py
cfn=copyto
calls=96 1085
323 14200
cfl=~
cfn=<built-in method numpy.asarray>
calls=96 0
323 101300
cfl=~
cfn=<built-in method numpy.empty>
calls=96 0
323 68500

fl=c:\Users\Pedro\faculdade\IniciacaoCientifica\grn\.env\Lib\site-packages\numpy\_core\numeric.py
fn=_count_nonzero_dispatcher
479 12400

fl=c:\Users\Pedro\faculdade\IniciacaoCientifica\grn\.env\Lib\site-packages\numpy\_core\numeric.py
fn=count_nonzero
483 42700
cfl=~
cfn=<built-in method numpy._core._multiarray_umath.count_nonzero>
calls=64 0
483 103500

fl=c:\Users\Pedro\faculdade\IniciacaoCientifica\grn\.env\Lib\site-packages\numpy\_core\numeric.py
fn=normalize_axis_tuple
1431 213400
cfl=c:\Users\Pedro\faculdade\IniciacaoCientifica\grn\.env\Lib\site-packages\numpy\_core\numeric.py
cfn=<genexpr>
calls=88 1480
1431 47200
cfl=~
cfn=<built-in method _operator.index>
calls=44 0
1431 10900
cfl=~
cfn=<built-in method builtins.isinstance>
calls=44 0
1431 15100
cfl=~
cfn=<built-in method builtins.len>
calls=88 0
1431 15100

fl=c:\Users\Pedro\faculdade\IniciacaoCientifica\grn\.env\Lib\site-packages\numpy\_core\numeric.py
fn=<genexpr>
1480 30000
cfl=~
cfn=<built-in method numpy.lib.array_utils.normalize_axis_index>
calls=44 0
1480 17200

fl=c:\Users\Pedro\faculdade\IniciacaoCientifica\grn\.env\Lib\site-packages\numpy\_core\numeric.py
fn=isscalar
1975 1396600
cfl=~
cfn=<built-in method builtins.isinstance>
calls=1701 0
1975 403400

fl=c:\Users\Pedro\faculdade\IniciacaoCientifica\grn\.env\Lib\site-packages\numpy\_core\numeric.py
fn=_array_equal_dispatcher
2516 22200

fl=c:\Users\Pedro\faculdade\IniciacaoCientifica\grn\.env\Lib\site-packages\numpy\_core\numeric.py
fn=array_equal
2535 816600
cfl=~
cfn=<built-in method numpy.asanyarray>
calls=86 0
2535 20900
cfl=~
cfn=<built-in method numpy.asarray>
calls=172 0
2535 58300
cfl=~
cfn=<method 'all' of 'numpy.ndarray' objects>
calls=86 0
2535 920000

fl=c:\Users\Pedro\faculdade\IniciacaoCientifica\grn\.env\Lib\site-packages\numpy\_core\numerictypes.py
fn=issubclass_
293 11700
cfl=~
cfn=<built-in method builtins.issubclass>
calls=28 0
293 8900

fl=c:\Users\Pedro\faculdade\IniciacaoCientifica\grn\.env\Lib\site-packages\numpy\_core\numerictypes.py
fn=_preprocess_dtype
372 5970400
cfl=~
cfn=<built-in method builtins.isinstance>
calls=3402 0
372 2468900
cfl=~
cfn=<method 'values' of 'dict' objects>
calls=1701 0
372 895700

fl=c:\Users\Pedro\faculdade\IniciacaoCientifica\grn\.env\Lib\site-packages\numpy\_core\numerictypes.py
fn=isdtype
385 6156700
cfl=c:\Users\Pedro\faculdade\IniciacaoCientifica\grn\.env\Lib\site-packages\numpy\_core\numerictypes.py
cfn=_preprocess_dtype
calls=1701 372
385 9335000
cfl=~
cfn=<built-in method builtins.isinstance>
calls=1701 0
385 556900
cfl=~
cfn=<method 'update' of 'set' objects>
calls=1701 0
385 1587900

fl=c:\Users\Pedro\faculdade\IniciacaoCientifica\grn\.env\Lib\site-packages\numpy\_core\numerictypes.py
fn=issubdtype
475 19900
cfl=c:\Users\Pedro\faculdade\IniciacaoCientifica\grn\.env\Lib\site-packages\numpy\_core\numerictypes.py
cfn=issubclass_
calls=28 293
475 20600
cfl=~
cfn=<built-in method builtins.issubclass>
calls=14 0
475 1300

fl=c:\Users\Pedro\faculdade\IniciacaoCientifica\grn\.env\Lib\site-packages\numpy\_core\shape_base.py
fn=_atleast_1d_dispatcher
15 476100

fl=c:\Users\Pedro\faculdade\IniciacaoCientifica\grn\.env\Lib\site-packages\numpy\_core\shape_base.py
fn=atleast_1d
19 5514800
cfl=~
cfn=<built-in method builtins.len>
calls=3595 0
19 646300
cfl=~
cfn=<built-in method numpy.asanyarray>
calls=3595 0
19 2578700
cfl=~
cfn=<method 'reshape' of 'numpy.ndarray' objects>
calls=1701 0
19 3688200

fl=c:\Users\Pedro\faculdade\IniciacaoCientifica\grn\.env\Lib\site-packages\numpy\_core\shape_base.py
fn=_atleast_2d_dispatcher
74 211500

fl=c:\Users\Pedro\faculdade\IniciacaoCientifica\grn\.env\Lib\site-packages\numpy\_core\shape_base.py
fn=atleast_2d
78 5108900
cfl=~
cfn=<built-in method builtins.len>
calls=1701 0
78 498700
cfl=~
cfn=<built-in method numpy.asanyarray>
calls=1701 0
78 367100
cfl=~
cfn=<method 'append' of 'list' objects>
calls=1701 0
78 688200
cfl=~
cfn=<method 'reshape' of 'numpy.ndarray' objects>
calls=1 0
78 1200

fl=c:\Users\Pedro\faculdade\IniciacaoCientifica\grn\.env\Lib\site-packages\numpy\lib\_function_base_impl.py
fn=iterable
363 3900
cfl=~
cfn=<built-in method builtins.iter>
calls=5 0
363 2500

fl=c:\Users\Pedro\faculdade\IniciacaoCientifica\grn\.env\Lib\site-packages\numpy\lib\_function_base_impl.py
fn=_copy_dispatcher
920 564000

fl=c:\Users\Pedro\faculdade\IniciacaoCientifica\grn\.env\Lib\site-packages\numpy\lib\_function_base_impl.py
fn=copy
924 1837000
cfl=~
cfn=<built-in method numpy.array>
calls=3337 0
924 7113100

fl=c:\Users\Pedro\faculdade\IniciacaoCientifica\grn\.env\Lib\site-packages\numpy\lib\_function_base_impl.py
fn=_diff_dispatcher
1398 1681500

fl=c:\Users\Pedro\faculdade\IniciacaoCientifica\grn\.env\Lib\site-packages\numpy\lib\_function_base_impl.py
fn=diff
1402 78475400
cfl=~
cfn=<built-in method builtins.len>
calls=7686 0
1402 1673700
cfl=~
cfn=<built-in method numpy.asanyarray>
calls=7686 0
1402 2282800
cfl=~
cfn=<built-in method numpy.lib.array_utils.normalize_axis_index>
calls=7686 0
1402 3224100
cfl=~
cfn=<method 'append' of 'list' objects>
calls=7686 0
1402 1940200

fl=c:\Users\Pedro\faculdade\IniciacaoCientifica\grn\.env\Lib\site-packages\numpy\lib\_stride_tricks_impl.py
fn=_maybe_view_as_subclass
24 2600

fl=c:\Users\Pedro\faculdade\IniciacaoCientifica\grn\.env\Lib\site-packages\numpy\lib\_stride_tricks_impl.py
fn=_broadcast_to
373 54600
cfl=c:\Users\Pedro\faculdade\IniciacaoCientifica\grn\.env\Lib\site-packages\numpy\lib\_function_base_impl.py
cfn=iterable
calls=5 363
373 6400
cfl=c:\Users\Pedro\faculdade\IniciacaoCientifica\grn\.env\Lib\site-packages\numpy\lib\_stride_tricks_impl.py
cfn=_maybe_view_as_subclass
calls=5 24
373 2600
cfl=c:\Users\Pedro\faculdade\IniciacaoCientifica\grn\.env\Lib\site-packages\numpy\lib\_stride_tricks_impl.py
cfn=<genexpr>
calls=10 378
373 2000
cfl=~
cfn=<built-in method numpy.array>
calls=5 0
373 1800
cfl=~
cfn=<method '__enter__' of 'numpy.nditer' objects>
calls=5 0
373 1300
cfl=~
cfn=<method '__exit__' of 'numpy.nditer' objects>
calls=5 0
373 1600

fl=c:\Users\Pedro\faculdade\IniciacaoCientifica\grn\.env\Lib\site-packages\numpy\lib\_stride_tricks_impl.py
fn=<genexpr>
378 2000

fl=c:\Users\Pedro\faculdade\IniciacaoCientifica\grn\.env\Lib\site-packages\numpy\lib\_stride_tricks_impl.py
fn=_broadcast_to_dispatcher
396 800

fl=c:\Users\Pedro\faculdade\IniciacaoCientifica\grn\.env\Lib\site-packages\numpy\lib\_stride_tricks_impl.py
fn=broadcast_to
400 2700
cfl=c:\Users\Pedro\faculdade\IniciacaoCientifica\grn\.env\Lib\site-packages\numpy\lib\_stride_tricks_impl.py
cfn=_broadcast_to
calls=4 373
400 43200

fl=c:\Users\Pedro\faculdade\IniciacaoCientifica\grn\.env\Lib\site-packages\numpy\lib\_stride_tricks_impl.py
fn=_broadcast_shape
446 6200
cfl=~
cfn=<built-in method builtins.len>
calls=1 0
446 200

fl=c:\Users\Pedro\faculdade\IniciacaoCientifica\grn\.env\Lib\site-packages\numpy\lib\_stride_tricks_impl.py
fn=_broadcast_arrays_dispatcher
510 200

fl=c:\Users\Pedro\faculdade\IniciacaoCientifica\grn\.env\Lib\site-packages\numpy\lib\_stride_tricks_impl.py
fn=broadcast_arrays
514 9800
cfl=c:\Users\Pedro\faculdade\IniciacaoCientifica\grn\.env\Lib\site-packages\numpy\lib\_stride_tricks_impl.py
cfn=_broadcast_to
calls=1 373
514 27100
cfl=c:\Users\Pedro\faculdade\IniciacaoCientifica\grn\.env\Lib\site-packages\numpy\lib\_stride_tricks_impl.py
cfn=_broadcast_shape
calls=1 446
514 6400
cfl=~
cfn=<built-in method numpy.array>
calls=3 0
514 900

fl=c:\Users\Pedro\faculdade\IniciacaoCientifica\grn\.env\Lib\site-packages\pandas\_config\__init__.py
fn=using_string_dtype
33 7600

fl=c:\Users\Pedro\faculdade\IniciacaoCientifica\grn\.env\Lib\site-packages\pandas\_config\config.py
fn=_get_single_key
127 36400
cfl=c:\Users\Pedro\faculdade\IniciacaoCientifica\grn\.env\Lib\site-packages\pandas\_config\config.py
cfn=_select_options
calls=28 650
127 10300
cfl=c:\Users\Pedro\faculdade\IniciacaoCientifica\grn\.env\Lib\site-packages\pandas\_config\config.py
cfn=_translate_key
calls=28 703
127 15400
cfl=c:\Users\Pedro\faculdade\IniciacaoCientifica\grn\.env\Lib\site-packages\pandas\_config\config.py
cfn=_warn_if_deprecated
calls=28 715
127 27100
cfl=~
cfn=<built-in method builtins.len>
calls=56 0
127 6600

fl=c:\Users\Pedro\faculdade\IniciacaoCientifica\grn\.env\Lib\site-packages\pandas\_config\config.py
fn=get_option
143 25600
cfl=c:\Users\Pedro\faculdade\IniciacaoCientifica\grn\.env\Lib\site-packages\pandas\_config\config.py
cfn=_get_single_key
calls=28 127
143 95800
cfl=c:\Users\Pedro\faculdade\IniciacaoCientifica\grn\.env\Lib\site-packages\pandas\_config\config.py
cfn=_get_root
calls=28 668
143 40600

fl=c:\Users\Pedro\faculdade\IniciacaoCientifica\grn\.env\Lib\site-packages\pandas\_config\config.py
fn=_select_options
650 10300

fl=c:\Users\Pedro\faculdade\IniciacaoCientifica\grn\.env\Lib\site-packages\pandas\_config\config.py
fn=_get_root
668 28400
cfl=~
cfn=<method 'split' of 'str' objects>
calls=28 0
668 12200

fl=c:\Users\Pedro\faculdade\IniciacaoCientifica\grn\.env\Lib\site-packages\pandas\_config\config.py
fn=_get_deprecated_option
676 23900

fl=c:\Users\Pedro\faculdade\IniciacaoCientifica\grn\.env\Lib\site-packages\pandas\_config\config.py
fn=_translate_key
703 7900
cfl=c:\Users\Pedro\faculdade\IniciacaoCientifica\grn\.env\Lib\site-packages\pandas\_config\config.py
cfn=_get_deprecated_option
calls=28 676
703 7500

fl=c:\Users\Pedro\faculdade\IniciacaoCientifica\grn\.env\Lib\site-packages\pandas\_config\config.py
fn=_warn_if_deprecated
715 10700
cfl=c:\Users\Pedro\faculdade\IniciacaoCientifica\grn\.env\Lib\site-packages\pandas\_config\config.py
cfn=_get_deprecated_option
calls=28 676
715 16400

fl=c:\Users\Pedro\faculdade\IniciacaoCientifica\grn\.env\Lib\site-packages\pandas\core\arrays\_mixins.py
fn=_box_func
107 1100

fl=c:\Users\Pedro\faculdade\IniciacaoCientifica\grn\.env\Lib\site-packages\pandas\core\arrays\_mixins.py
fn=__getitem__
287 35100
cfl=c:\Users\Pedro\faculdade\IniciacaoCientifica\grn\.env\Lib\site-packages\pandas\core\arrays\_mixins.py
cfn=_box_func
calls=13 107
287 1100
cfl=c:\Users\Pedro\faculdade\IniciacaoCientifica\grn\.env\Lib\site-packages\pandas\core\construction.py
cfn=extract_array
calls=10 430
287 4700
cfl=c:\Users\Pedro\faculdade\IniciacaoCientifica\grn\.env\Lib\site-packages\pandas\core\indexers\utils.py
cfn=getitem_returns_view
calls=10 416
287 28300
cfl=c:\Users\Pedro\faculdade\IniciacaoCientifica\grn\.env\Lib\site-packages\pandas\core\indexers\utils.py
cfn=check_array_indexer
calls=10 441
287 7600

fl=c:\Users\Pedro\faculdade\IniciacaoCientifica\grn\.env\Lib\site-packages\pandas\core\arrays\base.py
fn=__iter__
559 4200
cfl=c:\Users\Pedro\faculdade\IniciacaoCientifica\grn\.env\Lib\site-packages\pandas\core\arrays\_mixins.py
cfn=__getitem__
calls=13 287
559 8200
cfl=~
cfn=<built-in method builtins.len>
calls=1 0
559 200

fl=c:\Users\Pedro\faculdade\IniciacaoCientifica\grn\.env\Lib\site-packages\pandas\core\arrays\numpy_.py
fn=dtype
179 16000

fl=c:\Users\Pedro\faculdade\IniciacaoCientifica\grn\.env\Lib\site-packages\pandas\core\arrays\numpy_.py
fn=astype
272 26100
cfl=c:\Users\Pedro\faculdade\IniciacaoCientifica\grn\.env\Lib\site-packages\numpy\_core\_internal.py
cfn=npy_ctypes_check
calls=12 946
272 2800
cfl=c:\Users\Pedro\faculdade\IniciacaoCientifica\grn\.env\Lib\site-packages\pandas\core\arrays\numpy_.py
cfn=dtype
calls=12 179
272 1100
cfl=c:\Users\Pedro\faculdade\IniciacaoCientifica\grn\.env\Lib\site-packages\pandas\core\arrays\string_.py
cfn=__repr__
calls=12 232
272 7100
cfl=c:\Users\Pedro\faculdade\IniciacaoCientifica\grn\.env\Lib\site-packages\pandas\core\arrays\string_.py
cfn=__eq__
calls=12 236
272 7300
cfl=c:\Users\Pedro\faculdade\IniciacaoCientifica\grn\.env\Lib\site-packages\pandas\core\dtypes\astype.py
cfn=astype_array
calls=12 160
272 16800
cfl=c:\Users\Pedro\faculdade\IniciacaoCientifica\grn\.env\Lib\site-packages\pandas\core\dtypes\common.py
cfn=pandas_dtype
calls=12 1821
272 8200

fl=c:\Users\Pedro\faculdade\IniciacaoCientifica\grn\.env\Lib\site-packages\pandas\core\arrays\numpy_.py
fn=isna
283 5200
cfl=c:\Users\Pedro\faculdade\IniciacaoCientifica\grn\.env\Lib\site-packages\pandas\core\dtypes\missing.py
cfn=isna
calls=12 97
283 88700

fl=c:\Users\Pedro\faculdade\IniciacaoCientifica\grn\.env\Lib\site-packages\pandas\core\arrays\string_.py
fn=name
141 1000

fl=c:\Users\Pedro\faculdade\IniciacaoCientifica\grn\.env\Lib\site-packages\pandas\core\arrays\string_.py
fn=na_value
150 2500

fl=c:\Users\Pedro\faculdade\IniciacaoCientifica\grn\.env\Lib\site-packages\pandas\core\arrays\string_.py
fn=storage
174 9200

fl=c:\Users\Pedro\faculdade\IniciacaoCientifica\grn\.env\Lib\site-packages\pandas\core\arrays\string_.py
fn=__init__
197 74800
cfl=C:\Users\Pedro\AppData\Local\Python\pythoncore-3.14-64\Lib\typing.py
cfn=cast
calls=20 2300
197 2500
cfl=c:\Users\Pedro\faculdade\IniciacaoCientifica\grn\.env\Lib\site-packages\pandas\_config\config.py
cfn=get_option
calls=20 143
197 119200
cfl=~
cfn=<built-in method builtins.isinstance>
calls=20 0
197 2400

fl=c:\Users\Pedro\faculdade\IniciacaoCientifica\grn\.env\Lib\site-packages\pandas\core\arrays\string_.py
fn=__repr__
232 19100
cfl=c:\Users\Pedro\faculdade\IniciacaoCientifica\grn\.env\Lib\site-packages\pandas\core\arrays\string_.py
cfn=storage
calls=24 174
232 1800

fl=c:\Users\Pedro\faculdade\IniciacaoCientifica\grn\.env\Lib\site-packages\pandas\core\arrays\string_.py
fn=__eq__
236 20500
cfl=c:\Users\Pedro\faculdade\IniciacaoCientifica\grn\.env\Lib\site-packages\pandas\core\arrays\string_.py
cfn=name
calls=6 141
236 1000
cfl=~
cfn=<built-in method builtins.isinstance>
calls=65 0
236 5900

fl=c:\Users\Pedro\faculdade\IniciacaoCientifica\grn\.env\Lib\site-packages\pandas\core\arrays\string_.py
fn=type
265 200

fl=c:\Users\Pedro\faculdade\IniciacaoCientifica\grn\.env\Lib\site-packages\pandas\core\arrays\string_.py
fn=construct_array_type
312 25500
cfl=c:\Users\Pedro\faculdade\IniciacaoCientifica\grn\.env\Lib\site-packages\pandas\core\arrays\string_.py
cfn=storage
calls=60 174
312 5100

fl=c:\Users\Pedro\faculdade\IniciacaoCientifica\grn\.env\Lib\site-packages\pandas\core\arrays\string_.py
fn=_from_sequence
756 108700
cfl=c:\Users\Pedro\faculdade\IniciacaoCientifica\grn\.env\Lib\site-packages\pandas\core\arrays\string_.py
cfn=na_value
calls=20 150
756 2400
cfl=c:\Users\Pedro\faculdade\IniciacaoCientifica\grn\.env\Lib\site-packages\pandas\core\arrays\string_.py
cfn=storage
calls=20 174
756 1700
cfl=c:\Users\Pedro\faculdade\IniciacaoCientifica\grn\.env\Lib\site-packages\pandas\core\dtypes\common.py
cfn=pandas_dtype
calls=20 1821
756 20000
cfl=~
cfn=<built-in method __new__ of type object at 0x00007FFF81974D90>
calls=20 0
756 7700
cfl=~
cfn=<built-in method builtins.isinstance>
calls=60 0
756 7300

fl=c:\Users\Pedro\faculdade\IniciacaoCientifica\grn\.env\Lib\site-packages\pandas\core\arrays\string_.py
fn=astype
915 53400
cfl=c:\Users\Pedro\faculdade\IniciacaoCientifica\grn\.env\Lib\site-packages\numpy\_core\_internal.py
cfn=npy_ctypes_check
calls=12 946
915 7400
cfl=c:\Users\Pedro\faculdade\IniciacaoCientifica\grn\.env\Lib\site-packages\numpy\_core\numerictypes.py
cfn=issubdtype
calls=12 475
915 30800
cfl=c:\Users\Pedro\faculdade\IniciacaoCientifica\grn\.env\Lib\site-packages\pandas\core\arrays\numpy_.py
cfn=dtype
calls=12 179
915 1100
cfl=c:\Users\Pedro\faculdade\IniciacaoCientifica\grn\.env\Lib\site-packages\pandas\core\arrays\numpy_.py
cfn=astype
calls=12 272
915 69400
cfl=c:\Users\Pedro\faculdade\IniciacaoCientifica\grn\.env\Lib\site-packages\pandas\core\arrays\string_.py
cfn=__repr__
calls=12 232
915 13800
cfl=c:\Users\Pedro\faculdade\IniciacaoCientifica\grn\.env\Lib\site-packages\pandas\core\arrays\string_.py
cfn=__eq__
calls=12 236
915 9800
cfl=c:\Users\Pedro\faculdade\IniciacaoCientifica\grn\.env\Lib\site-packages\pandas\core\dtypes\common.py
cfn=pandas_dtype
calls=12 1821
915 224400
cfl=~
cfn=<built-in method builtins.isinstance>
calls=36 0
915 3000

fl=c:\Users\Pedro\faculdade\IniciacaoCientifica\grn\.env\Lib\site-packages\pandas\core\base.py
fn=__iter__
931 1800
cfl=c:\Users\Pedro\faculdade\IniciacaoCientifica\grn\.env\Lib\site-packages\pandas\core\indexes\base.py
cfn=_values
calls=2 5101
931 200
cfl=~
cfn=<built-in method builtins.isinstance>
calls=1 0
931 100
cfl=~
cfn=<built-in method builtins.iter>
calls=1 0
931 800

fl=c:\Users\Pedro\faculdade\IniciacaoCientifica\grn\.env\Lib\site-packages\pandas\core\common.py
fn=all_none
197 2100
cfl=c:\Users\Pedro\faculdade\IniciacaoCientifica\grn\.env\Lib\site-packages\pandas\core\common.py
cfn=<genexpr>
calls=2 201
197 600

fl=c:\Users\Pedro\faculdade\IniciacaoCientifica\grn\.env\Lib\site-packages\pandas\core\common.py
fn=<genexpr>
201 600

fl=c:\Users\Pedro\faculdade\IniciacaoCientifica\grn\.env\Lib\site-packages\pandas\core\common.py
fn=apply_if_callable
377 1500
cfl=~
cfn=<built-in method builtins.callable>
calls=2 0
377 200
cfl=~
cfn=<built-in method builtins.isinstance>
calls=2 0
377 200

fl=c:\Users\Pedro\faculdade\IniciacaoCientifica\grn\.env\Lib\site-packages\pandas\core\common.py
fn=require_length_match
596 13300
cfl=~
cfn=<built-in method builtins.len>
calls=78 0
596 26000

fl=c:\Users\Pedro\faculdade\IniciacaoCientifica\grn\.env\Lib\site-packages\pandas\core\construction.py
fn=extract_array
430 19400
cfl=~
cfn=<built-in method builtins.getattr>
calls=53 0
430 5200

fl=c:\Users\Pedro\faculdade\IniciacaoCientifica\grn\.env\Lib\site-packages\pandas\core\construction.py
fn=ensure_wrapped_if_datetimelike
495 12700
cfl=~
cfn=<built-in method builtins.isinstance>
calls=31 0
495 2800

fl=c:\Users\Pedro\faculdade\IniciacaoCientifica\grn\.env\Lib\site-packages\pandas\core\construction.py
fn=sanitize_array
531 259500
cfl=C:\Users\Pedro\AppData\Local\Python\pythoncore-3.14-64\Lib\typing.py
cfn=cast
calls=27 2300
531 2600
cfl=c:\Users\Pedro\faculdade\IniciacaoCientifica\grn\.env\Lib\site-packages\numpy\_core\numeric.py
cfn=full
calls=12 323
531 25800
cfl=c:\Users\Pedro\faculdade\IniciacaoCientifica\grn\.env\Lib\site-packages\pandas\_config\__init__.py
cfn=using_string_dtype
calls=10 33
531 4600
cfl=c:\Users\Pedro\faculdade\IniciacaoCientifica\grn\.env\Lib\site-packages\pandas\core\arrays\numpy_.py
cfn=dtype
calls=12 179
531 900
cfl=c:\Users\Pedro\faculdade\IniciacaoCientifica\grn\.env\Lib\site-packages\pandas\core\arrays\string_.py
cfn=storage
calls=6 174
531 600
cfl=c:\Users\Pedro\faculdade\IniciacaoCientifica\grn\.env\Lib\site-packages\pandas\core\arrays\string_.py
cfn=__init__
calls=10 197
531 107700
cfl=c:\Users\Pedro\faculdade\IniciacaoCientifica\grn\.env\Lib\site-packages\pandas\core\arrays\string_.py
cfn=__eq__
calls=6 236
531 4900
cfl=c:\Users\Pedro\faculdade\IniciacaoCientifica\grn\.env\Lib\site-packages\pandas\core\arrays\string_.py
cfn=construct_array_type
calls=10 312
531 16900
cfl=c:\Users\Pedro\faculdade\IniciacaoCientifica\grn\.env\Lib\site-packages\pandas\core\arrays\string_.py
cfn=_from_sequence
calls=10 756
531 71600
cfl=c:\Users\Pedro\faculdade\IniciacaoCientifica\grn\.env\Lib\site-packages\pandas\core\construction.py
cfn=extract_array
calls=43 430
531 19900
cfl=c:\Users\Pedro\faculdade\IniciacaoCientifica\grn\.env\Lib\site-packages\pandas\core\construction.py
cfn=_sanitize_non_ordered
calls=4 710
531 2500
cfl=c:\Users\Pedro\faculdade\IniciacaoCientifica\grn\.env\Lib\site-packages\pandas\core\construction.py
cfn=_sanitize_ndim
calls=43 718
531 79700
cfl=c:\Users\Pedro\faculdade\IniciacaoCientifica\grn\.env\Lib\site-packages\pandas\core\construction.py
cfn=_sanitize_str_dtypes
calls=23 757
531 11700
cfl=c:\Users\Pedro\faculdade\IniciacaoCientifica\grn\.env\Lib\site-packages\pandas\core\dtypes\cast.py
cfn=maybe_convert_platform
calls=4 127
531 98800
cfl=~
cfn=<built-in method builtins.hasattr>
calls=4 0
531 500
cfl=~
cfn=<built-in method builtins.isinstance>
calls=396 0
531 140200
cfl=~
cfn=<built-in method builtins.len>
calls=4 0
531 300

fl=c:\Users\Pedro\faculdade\IniciacaoCientifica\grn\.env\Lib\site-packages\pandas\core\construction.py
fn=_sanitize_non_ordered
710 2000
cfl=~
cfn=<built-in method builtins.isinstance>
calls=4 0
710 500

fl=c:\Users\Pedro\faculdade\IniciacaoCientifica\grn\.env\Lib\site-packages\pandas\core\construction.py
fn=_sanitize_ndim
718 23700
cfl=c:\Users\Pedro\faculdade\IniciacaoCientifica\grn\.env\Lib\site-packages\pandas\core\construction.py
cfn=_maybe_repeat
calls=43 780
718 47600
cfl=~
cfn=<built-in method builtins.getattr>
calls=43 0
718 8400

fl=c:\Users\Pedro\faculdade\IniciacaoCientifica\grn\.env\Lib\site-packages\pandas\core\construction.py
fn=_sanitize_str_dtypes
757 9000
cfl=~
cfn=<built-in method builtins.issubclass>
calls=23 0
757 2700

fl=c:\Users\Pedro\faculdade\IniciacaoCientifica\grn\.env\Lib\site-packages\pandas\core\construction.py
fn=_maybe_repeat
780 15100
cfl=~
cfn=<built-in method builtins.len>
calls=78 0
780 32500

fl=c:\Users\Pedro\faculdade\IniciacaoCientifica\grn\.env\Lib\site-packages\pandas\core\dtypes\astype.py
fn=astype_array
160 6600
cfl=~
cfn=<method 'copy' of 'numpy.ndarray' objects>
calls=12 0
160 10200

fl=c:\Users\Pedro\faculdade\IniciacaoCientifica\grn\.env\Lib\site-packages\pandas\core\dtypes\base.py
fn=kind
181 800

fl=c:\Users\Pedro\faculdade\IniciacaoCientifica\grn\.env\Lib\site-packages\pandas\core\dtypes\base.py
fn=index_class
416 6600
cfl=<frozen importlib._bootstrap>
cfn=_handle_fromlist
calls=4 1401
416 4800

fl=c:\Users\Pedro\faculdade\IniciacaoCientifica\grn\.env\Lib\site-packages\pandas\core\dtypes\base.py
fn=_supports_2d
426 2300

fl=c:\Users\Pedro\faculdade\IniciacaoCientifica\grn\.env\Lib\site-packages\pandas\core\dtypes\base.py
fn=find
563 7700
cfl=~
cfn=<built-in method builtins.isinstance>
calls=24 0
563 1800
cfl=~
cfn=<built-in method builtins.issubclass>
calls=12 0
563 1200

fl=c:\Users\Pedro\faculdade\IniciacaoCientifica\grn\.env\Lib\site-packages\pandas\core\dtypes\cast.py
fn=maybe_convert_platform
127 48000
cfl=C:\Users\Pedro\AppData\Local\Python\pythoncore-3.14-64\Lib\typing.py
cfn=cast
calls=4 2300
127 400
cfl=c:\Users\Pedro\faculdade\IniciacaoCientifica\grn\.env\Lib\site-packages\numpy\_core\numeric.py
cfn=full
calls=4 323
127 29100
cfl=c:\Users\Pedro\faculdade\IniciacaoCientifica\grn\.env\Lib\site-packages\pandas\core\dtypes\cast.py
cfn=construct_1d_object_array_from_listlike
calls=4 1468
127 21000
cfl=~
cfn=<built-in method builtins.isinstance>
calls=4 0
127 300

fl=c:\Users\Pedro\faculdade\IniciacaoCientifica\grn\.env\Lib\site-packages\pandas\core\dtypes\cast.py
fn=construct_1d_object_array_from_listlike
1468 6300
cfl=~
cfn=<built-in method builtins.len>
calls=4 0
1468 500
cfl=~
cfn=<built-in method numpy.fromiter>
calls=4 0
1468 14200

fl=c:\Users\Pedro\faculdade\IniciacaoCientifica\grn\.env\Lib\site-packages\pandas\core\dtypes\common.py
fn=ensure_python_int
96 1300

fl=c:\Users\Pedro\faculdade\IniciacaoCientifica\grn\.env\Lib\site-packages\pandas\core\dtypes\common.py
fn=classes
126 500

fl=c:\Users\Pedro\faculdade\IniciacaoCientifica\grn\.env\Lib\site-packages\pandas\core\dtypes\common.py
fn=<lambda>
128 300
cfl=~
cfn=<built-in method builtins.issubclass>
calls=1 0
128 100

fl=c:\Users\Pedro\faculdade\IniciacaoCientifica\grn\.env\Lib\site-packages\pandas\core\dtypes\common.py
fn=is_object_dtype
142 3700
cfl=c:\Users\Pedro\faculdade\IniciacaoCientifica\grn\.env\Lib\site-packages\pandas\core\dtypes\common.py
cfn=classes
calls=1 126
142 500
cfl=c:\Users\Pedro\faculdade\IniciacaoCientifica\grn\.env\Lib\site-packages\pandas\core\dtypes\common.py
cfn=_is_dtype_type
calls=1 1659
142 4500

fl=c:\Users\Pedro\faculdade\IniciacaoCientifica\grn\.env\Lib\site-packages\pandas\core\dtypes\common.py
fn=is_string_or_object_np_dtype
603 10200
cfl=c:\Users\Pedro\faculdade\IniciacaoCientifica\grn\.env\Lib\site-packages\pandas\core\arrays\string_.py
cfn=__eq__
calls=1 236
603 600
cfl=c:\Users\Pedro\faculdade\IniciacaoCientifica\grn\.env\Lib\site-packages\pandas\core\dtypes\base.py
cfn=kind
calls=1 181
603 0

fl=c:\Users\Pedro\faculdade\IniciacaoCientifica\grn\.env\Lib\site-packages\pandas\core\dtypes\common.py
fn=is_string_dtype
610 2200
cfl=c:\Users\Pedro\faculdade\IniciacaoCientifica\grn\.env\Lib\site-packages\pandas\core\dtypes\common.py
cfn=_is_dtype
calls=1 1600
610 8400
cfl=~
cfn=<built-in method builtins.hasattr>
calls=1 0
610 200

fl=c:\Users\Pedro\faculdade\IniciacaoCientifica\grn\.env\Lib\site-packages\pandas\core\dtypes\common.py
fn=condition
652 1800
cfl=c:\Users\Pedro\faculdade\IniciacaoCientifica\grn\.env\Lib\site-packages\pandas\core\arrays\string_.py
cfn=__eq__
calls=1 236
652 500
cfl=c:\Users\Pedro\faculdade\IniciacaoCientifica\grn\.env\Lib\site-packages\pandas\core\dtypes\common.py
cfn=is_string_or_object_np_dtype
calls=1 603
652 1800

fl=c:\Users\Pedro\faculdade\IniciacaoCientifica\grn\.env\Lib\site-packages\pandas\core\dtypes\common.py
fn=needs_i8_conversion
1204 600
cfl=~
cfn=<built-in method builtins.isinstance>
calls=2 0
1204 400

fl=c:\Users\Pedro\faculdade\IniciacaoCientifica\grn\.env\Lib\site-packages\pandas\core\dtypes\common.py
fn=is_1d_only_ea_dtype
1473 19800
cfl=c:\Users\Pedro\faculdade\IniciacaoCientifica\grn\.env\Lib\site-packages\pandas\core\dtypes\base.py
cfn=_supports_2d
calls=26 426
1473 2300
cfl=~
cfn=<built-in method builtins.isinstance>
calls=59 0
1473 6000

fl=c:\Users\Pedro\faculdade\IniciacaoCientifica\grn\.env\Lib\site-packages\pandas\core\dtypes\common.py
fn=is_ea_or_datetimelike_dtype
1547 5500
cfl=~
cfn=<built-in method builtins.isinstance>
calls=8 0
1547 700

fl=c:\Users\Pedro\faculdade\IniciacaoCientifica\grn\.env\Lib\site-packages\pandas\core\dtypes\common.py
fn=_is_dtype
1600 2300
cfl=c:\Users\Pedro\faculdade\IniciacaoCientifica\grn\.env\Lib\site-packages\pandas\core\dtypes\common.py
cfn=condition
calls=1 652
1600 4100
cfl=c:\Users\Pedro\faculdade\IniciacaoCientifica\grn\.env\Lib\site-packages\pandas\core\dtypes\common.py
cfn=_get_dtype
calls=1 1624
1600 2000

fl=c:\Users\Pedro\faculdade\IniciacaoCientifica\grn\.env\Lib\site-packages\pandas\core\dtypes\common.py
fn=_get_dtype
1624 1100
cfl=c:\Users\Pedro\faculdade\IniciacaoCientifica\grn\.env\Lib\site-packages\pandas\core\dtypes\common.py
cfn=pandas_dtype
calls=1 1821
1624 600
cfl=~
cfn=<built-in method builtins.hasattr>
calls=1 0
1624 100
cfl=~
cfn=<built-in method builtins.isinstance>
calls=2 0
1624 200

fl=c:\Users\Pedro\faculdade\IniciacaoCientifica\grn\.env\Lib\site-packages\pandas\core\dtypes\common.py
fn=_is_dtype_type
1659 3100
cfl=c:\Users\Pedro\faculdade\IniciacaoCientifica\grn\.env\Lib\site-packages\pandas\core\arrays\string_.py
cfn=type
calls=1 265
1659 200
cfl=c:\Users\Pedro\faculdade\IniciacaoCientifica\grn\.env\Lib\site-packages\pandas\core\dtypes\common.py
cfn=<lambda>
calls=1 128
1659 400
cfl=c:\Users\Pedro\faculdade\IniciacaoCientifica\grn\.env\Lib\site-packages\pandas\core\dtypes\common.py
cfn=pandas_dtype
calls=1 1821
1659 500
cfl=~
cfn=<built-in method builtins.hasattr>
calls=1 0
1659 200
cfl=~
cfn=<built-in method builtins.isinstance>
calls=2 0
1659 100

fl=c:\Users\Pedro\faculdade\IniciacaoCientifica\grn\.env\Lib\site-packages\pandas\core\dtypes\common.py
fn=pandas_dtype
1821 78800
cfl=C:\Users\Pedro\AppData\Local\Python\pythoncore-3.14-64\Lib\_py_warnings.py
cfn=simplefilter
calls=12 294
1821 70400
cfl=C:\Users\Pedro\AppData\Local\Python\pythoncore-3.14-64\Lib\_py_warnings.py
cfn=__init__:616
calls=12 616
1821 5100
cfl=C:\Users\Pedro\AppData\Local\Python\pythoncore-3.14-64\Lib\_py_warnings.py
cfn=__enter__
calls=12 639
1821 32600
cfl=C:\Users\Pedro\AppData\Local\Python\pythoncore-3.14-64\Lib\_py_warnings.py
cfn=__exit__
calls=12 668
1821 20200
cfl=c:\Users\Pedro\faculdade\IniciacaoCientifica\grn\.env\Lib\site-packages\pandas\core\dtypes\base.py
cfn=find
calls=12 563
1821 10700
cfl=c:\Users\Pedro\faculdade\IniciacaoCientifica\grn\.env\Lib\site-packages\pandas\core\dtypes\inference.py
cfn=is_hashable
calls=12 387
1821 6900
cfl=~
cfn=<built-in method builtins.isinstance>
calls=92 0
1821 29000

fl=c:\Users\Pedro\faculdade\IniciacaoCientifica\grn\.env\Lib\site-packages\pandas\core\dtypes\concat.py
fn=concat_compat
52 26300
cfl=C:\Users\Pedro\AppData\Local\Python\pythoncore-3.14-64\Lib\typing.py
cfn=cast
calls=13 2300
52 1300
cfl=c:\Users\Pedro\faculdade\IniciacaoCientifica\grn\.env\Lib\site-packages\numpy\_core\multiarray.py
cfn=concatenate
calls=13 197
52 1300
cfl=~
cfn=<built-in method builtins.isinstance>
calls=13 0
52 1200
cfl=~
cfn=<built-in method builtins.len>
calls=13 0
52 900

fl=c:\Users\Pedro\faculdade\IniciacaoCientifica\grn\.env\Lib\site-packages\pandas\core\dtypes\generic.py
fn=_check
38 65400
cfl=~
cfn=<built-in method builtins.getattr>
calls=265 0
38 29700

fl=c:\Users\Pedro\faculdade\IniciacaoCientifica\grn\.env\Lib\site-packages\pandas\core\dtypes\generic.py
fn=_instancecheck
43 70900
cfl=c:\Users\Pedro\faculdade\IniciacaoCientifica\grn\.env\Lib\site-packages\pandas\core\dtypes\generic.py
cfn=_check
calls=265 38
43 95100
cfl=~
cfn=<built-in method builtins.isinstance>
calls=24 0
43 2900

fl=c:\Users\Pedro\faculdade\IniciacaoCientifica\grn\.env\Lib\site-packages\pandas\core\dtypes\inference.py
fn=is_file_like
106 2600
cfl=~
cfn=<built-in method builtins.hasattr>
calls=8 0
106 1300

fl=c:\Users\Pedro\faculdade\IniciacaoCientifica\grn\.env\Lib\site-packages\pandas\core\dtypes\inference.py
fn=is_named_tuple
349 2100
cfl=~
cfn=<built-in method builtins.isinstance>
calls=2 0
349 55800

fl=c:\Users\Pedro\faculdade\IniciacaoCientifica\grn\.env\Lib\site-packages\pandas\core\dtypes\inference.py
fn=is_hashable
387 7600
cfl=~
cfn=<built-in method builtins.hash>
calls=17 0
387 3100

fl=c:\Users\Pedro\faculdade\IniciacaoCientifica\grn\.env\Lib\site-packages\pandas\core\dtypes\inference.py
fn=is_dataclass
485 6600
cfl=C:\Users\Pedro\AppData\Local\Python\pythoncore-3.14-64\Lib\dataclasses.py
cfn=is_dataclass
calls=2 1468
485 4900

fl=c:\Users\Pedro\faculdade\IniciacaoCientifica\grn\.env\Lib\site-packages\pandas\core\dtypes\missing.py
fn=isna
97 11200
cfl=c:\Users\Pedro\faculdade\IniciacaoCientifica\grn\.env\Lib\site-packages\pandas\core\dtypes\missing.py
cfn=_isna
calls=32 180
97 202800

fl=c:\Users\Pedro\faculdade\IniciacaoCientifica\grn\.env\Lib\site-packages\pandas\core\dtypes\missing.py
fn=_isna
180 31000
cfl=c:\Users\Pedro\faculdade\IniciacaoCientifica\grn\.env\Lib\site-packages\pandas\core\dtypes\missing.py
cfn=_isna_array
calls=32 223
180 148400
cfl=~
cfn=<built-in method builtins.isinstance>
calls=96 0
180 44300

fl=c:\Users\Pedro\faculdade\IniciacaoCientifica\grn\.env\Lib\site-packages\pandas\core\dtypes\missing.py
fn=_isna_array
223 49000
cfl=c:\Users\Pedro\faculdade\IniciacaoCientifica\grn\.env\Lib\site-packages\pandas\core\arrays\numpy_.py
cfn=dtype
calls=12 179
223 1200
cfl=c:\Users\Pedro\faculdade\IniciacaoCientifica\grn\.env\Lib\site-packages\pandas\core\arrays\numpy_.py
cfn=isna
calls=12 283
223 93900
cfl=c:\Users\Pedro\faculdade\IniciacaoCientifica\grn\.env\Lib\site-packages\pandas\core\dtypes\common.py
cfn=is_string_or_object_np_dtype
calls=20 603
223 9000
cfl=c:\Users\Pedro\faculdade\IniciacaoCientifica\grn\.env\Lib\site-packages\pandas\core\dtypes\missing.py
cfn=_isna_string_dtype
calls=14 260
223 56300
cfl=~
cfn=<built-in method builtins.isinstance>
calls=52 0
223 3800

fl=c:\Users\Pedro\faculdade\IniciacaoCientifica\grn\.env\Lib\site-packages\pandas\core\dtypes\missing.py
fn=_isna_string_dtype
260 56300

fl=c:\Users\Pedro\faculdade\IniciacaoCientifica\grn\.env\Lib\site-packages\pandas\core\flags.py
fn=__init__
63 5500

fl=c:\Users\Pedro\faculdade\IniciacaoCientifica\grn\.env\Lib\site-packages\pandas\core\flags.py
fn=allows_duplicate_labels:67
67 300

fl=c:\Users\Pedro\faculdade\IniciacaoCientifica\grn\.env\Lib\site-packages\pandas\core\flags.py
fn=allows_duplicate_labels:99
99 1200

fl=c:\Users\Pedro\faculdade\IniciacaoCientifica\grn\.env\Lib\site-packages\pandas\core\frame.py
fn=_constructor_from_mgr
667 5900
cfl=c:\Users\Pedro\faculdade\IniciacaoCientifica\grn\.env\Lib\site-packages\pandas\core\generic.py
cfn=_from_mgr
calls=4 294
667 14000

fl=c:\Users\Pedro\faculdade\IniciacaoCientifica\grn\.env\Lib\site-packages\pandas\core\frame.py
fn=__init__
702 48700
cfl=c:\Users\Pedro\faculdade\IniciacaoCientifica\grn\.env\Lib\site-packages\pandas\core\dtypes\inference.py
cfn=is_dataclass
calls=2 485
702 11500
cfl=c:\Users\Pedro\faculdade\IniciacaoCientifica\grn\.env\Lib\site-packages\pandas\core\generic.py
cfn=__init__
calls=3 258
702 13900
cfl=c:\Users\Pedro\faculdade\IniciacaoCientifica\grn\.env\Lib\site-packages\pandas\core\internals\construction.py
cfn=arrays_to_mgr
calls=2 96
702 710500
cfl=c:\Users\Pedro\faculdade\IniciacaoCientifica\grn\.env\Lib\site-packages\pandas\core\internals\construction.py
cfn=dict_to_mgr
calls=1 375
702 593500
cfl=c:\Users\Pedro\faculdade\IniciacaoCientifica\grn\.env\Lib\site-packages\pandas\core\internals\construction.py
cfn=nested_data_to_arrays
calls=2 463
702 1111800
cfl=c:\Users\Pedro\faculdade\IniciacaoCientifica\grn\.env\Lib\site-packages\pandas\core\internals\construction.py
cfn=treat_as_nested
calls=2 489
702 10100
cfl=~
cfn=<built-in method builtins.isinstance>
calls=30 0
702 12900
cfl=~
cfn=<built-in method builtins.len>
calls=2 0
702 400

fl=c:\Users\Pedro\faculdade\IniciacaoCientifica\grn\.env\Lib\site-packages\pandas\core\frame.py
fn=_get_values_for_csv
1386 4100
cfl=c:\Users\Pedro\faculdade\IniciacaoCientifica\grn\.env\Lib\site-packages\pandas\core\frame.py
cfn=_constructor_from_mgr
calls=2 667
1386 7700
cfl=c:\Users\Pedro\faculdade\IniciacaoCientifica\grn\.env\Lib\site-packages\pandas\core\internals\managers.py
cfn=get_values_for_csv
calls=2 622
1386 754800

fl=c:\Users\Pedro\faculdade\IniciacaoCientifica\grn\.env\Lib\site-packages\pandas\core\frame.py
fn=_get_column_array
4316 7400
cfl=c:\Users\Pedro\faculdade\IniciacaoCientifica\grn\.env\Lib\site-packages\pandas\core\internals\managers.py
cfn=iget_values
calls=26 1227
4316 92200

fl=c:\Users\Pedro\faculdade\IniciacaoCientifica\grn\.env\Lib\site-packages\pandas\core\frame.py
fn=_iter_column_arrays
4326 9400
cfl=c:\Users\Pedro\faculdade\IniciacaoCientifica\grn\.env\Lib\site-packages\pandas\core\frame.py
cfn=_get_column_array
calls=26 4316
4326 99600
cfl=~
cfn=<built-in method builtins.len>
calls=2 0
4326 2200

fl=c:\Users\Pedro\faculdade\IniciacaoCientifica\grn\.env\Lib\site-packages\pandas\core\generic.py
fn=__init__
258 18800
cfl=c:\Users\Pedro\faculdade\IniciacaoCientifica\grn\.env\Lib\site-packages\pandas\core\flags.py
cfn=__init__
calls=7 63
258 5500

fl=c:\Users\Pedro\faculdade\IniciacaoCientifica\grn\.env\Lib\site-packages\pandas\core\generic.py
fn=_from_mgr
294 2900
cfl=c:\Users\Pedro\faculdade\IniciacaoCientifica\grn\.env\Lib\site-packages\pandas\core\generic.py
cfn=__init__
calls=4 258
294 10400
cfl=~
cfn=<built-in method __new__ of type object at 0x00007FFF81974D90>
calls=4 0
294 700

fl=c:\Users\Pedro\faculdade\IniciacaoCientifica\grn\.env\Lib\site-packages\pandas\core\generic.py
fn=attrs
318 200

fl=c:\Users\Pedro\faculdade\IniciacaoCientifica\grn\.env\Lib\site-packages\pandas\core\generic.py
fn=flags
360 600

fl=c:\Users\Pedro\faculdade\IniciacaoCientifica\grn\.env\Lib\site-packages\pandas\core\generic.py
fn=_get_axis_number
519 2000

fl=c:\Users\Pedro\faculdade\IniciacaoCientifica\grn\.env\Lib\site-packages\pandas\core\generic.py
fn=_get_axis
535 3600
cfl=c:\Users\Pedro\faculdade\IniciacaoCientifica\grn\.env\Lib\site-packages\pandas\core\generic.py
cfn=_get_axis_number
calls=2 519
535 1700

fl=c:\Users\Pedro\faculdade\IniciacaoCientifica\grn\.env\Lib\site-packages\pandas\core\generic.py
fn=_get_block_manager_axis
541 2000
cfl=c:\Users\Pedro\faculdade\IniciacaoCientifica\grn\.env\Lib\site-packages\pandas\core\generic.py
cfn=_get_axis_number
calls=2 519
541 300

fl=c:\Users\Pedro\faculdade\IniciacaoCientifica\grn\.env\Lib\site-packages\pandas\core\generic.py
fn=to_csv
3795 23700
cfl=c:\Users\Pedro\faculdade\IniciacaoCientifica\grn\.env\Lib\site-packages\pandas\io\formats\format.py
cfn=__init__:425
calls=2 425
3795 99700
cfl=c:\Users\Pedro\faculdade\IniciacaoCientifica\grn\.env\Lib\site-packages\pandas\io\formats\format.py
cfn=__init__:892
calls=2 892
3795 800
cfl=c:\Users\Pedro\faculdade\IniciacaoCientifica\grn\.env\Lib\site-packages\pandas\io\formats\format.py
cfn=to_csv
calls=2 976
3795 3876300
cfl=~
cfn=<built-in method builtins.isinstance>
calls=2 0
3795 5200

fl=c:\Users\Pedro\faculdade\IniciacaoCientifica\grn\.env\Lib\site-packages\pandas\core\generic.py
fn=_slice
4308 46600
cfl=c:\Users\Pedro\faculdade\IniciacaoCientifica\grn\.env\Lib\site-packages\pandas\core\frame.py
cfn=_constructor_from_mgr
calls=2 667
4308 12200
cfl=c:\Users\Pedro\faculdade\IniciacaoCientifica\grn\.env\Lib\site-packages\pandas\core\generic.py
cfn=_get_block_manager_axis
calls=2 541
4308 2300
cfl=c:\Users\Pedro\faculdade\IniciacaoCientifica\grn\.env\Lib\site-packages\pandas\core\generic.py
cfn=__finalize__
calls=2 6131
4308 15000
cfl=c:\Users\Pedro\faculdade\IniciacaoCientifica\grn\.env\Lib\site-packages\pandas\core\indexes\base.py
cfn=view
calls=2 1033
4308 15900
cfl=c:\Users\Pedro\faculdade\IniciacaoCientifica\grn\.env\Lib\site-packages\pandas\core\indexes\range.py
cfn=_getitem_slice
calls=2 1311
4308 6500
cfl=c:\Users\Pedro\faculdade\IniciacaoCientifica\grn\.env\Lib\site-packages\pandas\core\internals\blocks.py
cfn=slice_block_rows
calls=10 2081
4308 86700
cfl=c:\Users\Pedro\faculdade\IniciacaoCientifica\grn\.env\Lib\site-packages\pandas\core\internals\managers.py
cfn=__init__
calls=2 1095
4308 300
cfl=~
cfn=<built-in method builtins.isinstance>
calls=2 0
4308 200

fl=c:\Users\Pedro\faculdade\IniciacaoCientifica\grn\.env\Lib\site-packages\pandas\core\generic.py
fn=__finalize__
6131 12600
cfl=c:\Users\Pedro\faculdade\IniciacaoCientifica\grn\.env\Lib\site-packages\pandas\core\flags.py
cfn=allows_duplicate_labels:67
calls=4 67
6131 300
cfl=c:\Users\Pedro\faculdade\IniciacaoCientifica\grn\.env\Lib\site-packages\pandas\core\flags.py
cfn=allows_duplicate_labels:99
calls=2 99
6131 1200
cfl=c:\Users\Pedro\faculdade\IniciacaoCientifica\grn\.env\Lib\site-packages\pandas\core\generic.py
cfn=attrs
calls=2 318
6131 200
cfl=c:\Users\Pedro\faculdade\IniciacaoCientifica\grn\.env\Lib\site-packages\pandas\core\generic.py
cfn=flags
calls=6 360
6131 600
cfl=~
cfn=<built-in method builtins.isinstance>
calls=2 0
6131 100

fl=c:\Users\Pedro\faculdade\IniciacaoCientifica\grn\.env\Lib\site-packages\pandas\core\indexers\utils.py
fn=getitem_returns_view
416 19200
cfl=c:\Users\Pedro\faculdade\IniciacaoCientifica\grn\.env\Lib\site-packages\pandas\core\indexers\utils.py
cfn=<genexpr>:425
calls=20 425
416 3900
cfl=c:\Users\Pedro\faculdade\IniciacaoCientifica\grn\.env\Lib\site-packages\pandas\core\indexers\utils.py
cfn=<genexpr>:432
calls=20 432
416 4300
cfl=~
cfn=<built-in method builtins.isinstance>
calls=10 0
416 900

fl=c:\Users\Pedro\faculdade\IniciacaoCientifica\grn\.env\Lib\site-packages\pandas\core\indexers\utils.py
fn=<genexpr>:425
425 3900

fl=c:\Users\Pedro\faculdade\IniciacaoCientifica\grn\.env\Lib\site-packages\pandas\core\indexers\utils.py
fn=<genexpr>:432
432 3800
cfl=~
cfn=<built-in method builtins.isinstance>
calls=10 0
432 500

fl=c:\Users\Pedro\faculdade\IniciacaoCientifica\grn\.env\Lib\site-packages\pandas\core\indexers\utils.py
fn=check_array_indexer
441 7600

fl=c:\Users\Pedro\faculdade\IniciacaoCientifica\grn\.env\Lib\site-packages\pandas\core\indexes\api.py
fn=default_index
340 4900
cfl=c:\Users\Pedro\faculdade\IniciacaoCientifica\grn\.env\Lib\site-packages\pandas\core\indexes\range.py
cfn=_simple_new
calls=2 236
340 6200

fl=c:\Users\Pedro\faculdade\IniciacaoCientifica\grn\.env\Lib\site-packages\pandas\core\indexes\base.py
fn=__new__
486 65800
cfl=c:\Users\Pedro\faculdade\IniciacaoCientifica\grn\.env\Lib\site-packages\pandas\core\arrays\numpy_.py
cfn=dtype
calls=8 179
486 2100
cfl=c:\Users\Pedro\faculdade\IniciacaoCientifica\grn\.env\Lib\site-packages\pandas\core\construction.py
cfn=ensure_wrapped_if_datetimelike
calls=4 495
486 2000
cfl=c:\Users\Pedro\faculdade\IniciacaoCientifica\grn\.env\Lib\site-packages\pandas\core\construction.py
cfn=sanitize_array
calls=4 531
486 368000
cfl=c:\Users\Pedro\faculdade\IniciacaoCientifica\grn\.env\Lib\site-packages\pandas\core\dtypes\common.py
cfn=is_ea_or_datetimelike_dtype
calls=8 1547
486 6200
cfl=c:\Users\Pedro\faculdade\IniciacaoCientifica\grn\.env\Lib\site-packages\pandas\core\indexes\base.py
cfn=<genexpr>
calls=2 555
486 1100
cfl=c:\Users\Pedro\faculdade\IniciacaoCientifica\grn\.env\Lib\site-packages\pandas\core\indexes\base.py
cfn=_ensure_array
calls=4 594
486 9200
cfl=c:\Users\Pedro\faculdade\IniciacaoCientifica\grn\.env\Lib\site-packages\pandas\core\indexes\base.py
cfn=_dtype_to_subclass
calls=4 612
486 20500
cfl=c:\Users\Pedro\faculdade\IniciacaoCientifica\grn\.env\Lib\site-packages\pandas\core\indexes\base.py
cfn=_simple_new
calls=4 652
486 19600
cfl=c:\Users\Pedro\faculdade\IniciacaoCientifica\grn\.env\Lib\site-packages\pandas\core\indexes\base.py
cfn=_maybe_copy_array_input
calls=4 5286
486 4200
cfl=c:\Users\Pedro\faculdade\IniciacaoCientifica\grn\.env\Lib\site-packages\pandas\core\indexes\base.py
cfn=maybe_extract_name
calls=4 8003
486 12400
cfl=~
cfn=<built-in method builtins.getattr>
calls=4 0
486 1000
cfl=~
cfn=<built-in method builtins.hasattr>
calls=4 0
486 800
cfl=~
cfn=<built-in method builtins.isinstance>
calls=24 0
486 14700
cfl=~
cfn=<built-in method builtins.len>
calls=8 0
486 900

fl=c:\Users\Pedro\faculdade\IniciacaoCientifica\grn\.env\Lib\site-packages\pandas\core\indexes\base.py
fn=<genexpr>
555 1000
cfl=~
cfn=<built-in method builtins.isinstance>
calls=1 0
555 100

fl=c:\Users\Pedro\faculdade\IniciacaoCientifica\grn\.env\Lib\site-packages\pandas\core\indexes\base.py
fn=_ensure_array
594 4900
cfl=c:\Users\Pedro\faculdade\IniciacaoCientifica\grn\.env\Lib\site-packages\pandas\core\arrays\string_.py
cfn=__eq__
calls=4 236
594 4300

fl=c:\Users\Pedro\faculdade\IniciacaoCientifica\grn\.env\Lib\site-packages\pandas\core\indexes\base.py
fn=_dtype_to_subclass
612 8700
cfl=c:\Users\Pedro\faculdade\IniciacaoCientifica\grn\.env\Lib\site-packages\pandas\core\dtypes\base.py
cfn=index_class
calls=4 416
612 11400
cfl=~
cfn=<built-in method builtins.isinstance>
calls=4 0
612 400

fl=c:\Users\Pedro\faculdade\IniciacaoCientifica\grn\.env\Lib\site-packages\pandas\core\indexes\base.py
fn=_simple_new
652 20800
cfl=c:\Users\Pedro\faculdade\IniciacaoCientifica\grn\.env\Lib\site-packages\pandas\core\indexes\base.py
cfn=_reset_identity
calls=8 837
652 4200
cfl=~
cfn=<built-in method __new__ of type object at 0x00007FFF81974D90>
calls=8 0
652 3200
cfl=~
cfn=<built-in method builtins.isinstance>
calls=8 0
652 1400

fl=c:\Users\Pedro\faculdade\IniciacaoCientifica\grn\.env\Lib\site-packages\pandas\core\indexes\base.py
fn=_view
779 9600
cfl=c:\Users\Pedro\faculdade\IniciacaoCientifica\grn\.env\Lib\site-packages\pandas\core\indexes\base.py
cfn=_simple_new
calls=4 652
779 10000
cfl=c:\Users\Pedro\faculdade\IniciacaoCientifica\grn\.env\Lib\site-packages\pandas\core\indexes\base.py
cfn=_values
calls=4 5101
779 600

fl=c:\Users\Pedro\faculdade\IniciacaoCientifica\grn\.env\Lib\site-packages\pandas\core\indexes\base.py
fn=_reset_identity
837 6800

fl=c:\Users\Pedro\faculdade\IniciacaoCientifica\grn\.env\Lib\site-packages\pandas\core\indexes\base.py
fn=_engine
849 17500
cfl=C:\Users\Pedro\AppData\Local\Python\pythoncore-3.14-64\Lib\typing.py
cfn=cast
calls=1 2300
849 100
cfl=c:\Users\Pedro\faculdade\IniciacaoCientifica\grn\.env\Lib\site-packages\pandas\core\arrays\string_.py
cfn=na_value
calls=1 150
849 100
cfl=c:\Users\Pedro\faculdade\IniciacaoCientifica\grn\.env\Lib\site-packages\pandas\core\dtypes\common.py
cfn=is_object_dtype
calls=1 142
849 8700
cfl=c:\Users\Pedro\faculdade\IniciacaoCientifica\grn\.env\Lib\site-packages\pandas\core\dtypes\common.py
cfn=is_string_dtype
calls=1 610
849 10800
cfl=c:\Users\Pedro\faculdade\IniciacaoCientifica\grn\.env\Lib\site-packages\pandas\core\dtypes\common.py
cfn=needs_i8_conversion
calls=1 1204
849 1000
cfl=c:\Users\Pedro\faculdade\IniciacaoCientifica\grn\.env\Lib\site-packages\pandas\core\indexes\base.py
cfn=dtype
calls=1 986
849 400
cfl=c:\Users\Pedro\faculdade\IniciacaoCientifica\grn\.env\Lib\site-packages\pandas\core\indexes\base.py
cfn=_values
calls=1 5101
849 100
cfl=c:\Users\Pedro\faculdade\IniciacaoCientifica\grn\.env\Lib\site-packages\pandas\core\indexes\base.py
cfn=_get_engine_target
calls=1 5127
849 1100
cfl=~
cfn=<built-in method builtins.isinstance>
calls=2 0
849 100

fl=c:\Users\Pedro\faculdade\IniciacaoCientifica\grn\.env\Lib\site-packages\pandas\core\indexes\base.py
fn=__len__
918 3000
cfl=~
cfn=<built-in method builtins.len>
calls=10 0
918 1900

fl=c:\Users\Pedro\faculdade\IniciacaoCientifica\grn\.env\Lib\site-packages\pandas\core\indexes\base.py
fn=dtype
986 300
cfl=c:\Users\Pedro\faculdade\IniciacaoCientifica\grn\.env\Lib\site-packages\pandas\core\arrays\numpy_.py
cfn=dtype
calls=1 179
986 100

fl=c:\Users\Pedro\faculdade\IniciacaoCientifica\grn\.env\Lib\site-packages\pandas\core\indexes\base.py
fn=view
1033 7700
cfl=c:\Users\Pedro\faculdade\IniciacaoCientifica\grn\.env\Lib\site-packages\pandas\core\indexes\base.py
cfn=_view
calls=4 779
1033 20200
cfl=c:\Users\Pedro\faculdade\IniciacaoCientifica\grn\.env\Lib\site-packages\pandas\core\indexes\range.py
cfn=_view
calls=2 620
1033 4300
cfl=~
cfn=<built-in method builtins.isinstance>
calls=6 0
1033 300

fl=c:\Users\Pedro\faculdade\IniciacaoCientifica\grn\.env\Lib\site-packages\pandas\core\indexes\base.py
fn=_get_values_for_csv
1574 9900
cfl=c:\Users\Pedro\faculdade\IniciacaoCientifica\grn\.env\Lib\site-packages\pandas\core\indexes\base.py
cfn=_values
calls=2 5101
1574 200
cfl=c:\Users\Pedro\faculdade\IniciacaoCientifica\grn\.env\Lib\site-packages\pandas\core\indexes\base.py
cfn=get_values_for_csv
calls=2 8085
1574 215000

fl=c:\Users\Pedro\faculdade\IniciacaoCientifica\grn\.env\Lib\site-packages\pandas\core\indexes\base.py
fn=name
1779 700

fl=c:\Users\Pedro\faculdade\IniciacaoCientifica\grn\.env\Lib\site-packages\pandas\core\indexes\base.py
fn=get_loc
3601 22300
cfl=c:\Users\Pedro\faculdade\IniciacaoCientifica\grn\.env\Lib\site-packages\pandas\core\indexes\base.py
cfn=_engine
calls=1 849
3601 39900
cfl=c:\Users\Pedro\faculdade\IniciacaoCientifica\grn\.env\Lib\site-packages\pandas\core\indexes\base.py
cfn=_maybe_cast_indexer
calls=13 6814
3601 2300

fl=c:\Users\Pedro\faculdade\IniciacaoCientifica\grn\.env\Lib\site-packages\pandas\core\indexes\base.py
fn=_validate_positional_slice
4034 4500
cfl=c:\Users\Pedro\faculdade\IniciacaoCientifica\grn\.env\Lib\site-packages\pandas\core\indexes\base.py
cfn=_validate_indexer
calls=6 6852
4034 4000

fl=c:\Users\Pedro\faculdade\IniciacaoCientifica\grn\.env\Lib\site-packages\pandas\core\indexes\base.py
fn=_values
5101 1200

fl=c:\Users\Pedro\faculdade\IniciacaoCientifica\grn\.env\Lib\site-packages\pandas\core\indexes\base.py
fn=_get_engine_target
5127 1000
cfl=c:\Users\Pedro\faculdade\IniciacaoCientifica\grn\.env\Lib\site-packages\pandas\core\indexes\base.py
cfn=_values
calls=1 5101
5127 100
cfl=~
cfn=<built-in method builtins.isinstance>
calls=1 0
5127 0

fl=c:\Users\Pedro\faculdade\IniciacaoCientifica\grn\.env\Lib\site-packages\pandas\core\indexes\base.py
fn=_maybe_copy_array_input
5286 3600
cfl=~
cfn=<built-in method builtins.isinstance>
calls=4 0
5286 600

fl=c:\Users\Pedro\faculdade\IniciacaoCientifica\grn\.env\Lib\site-packages\pandas\core\indexes\base.py
fn=_maybe_cast_indexer
6814 2300

fl=c:\Users\Pedro\faculdade\IniciacaoCientifica\grn\.env\Lib\site-packages\pandas\core\indexes\base.py
fn=_validate_indexer
6852 4000

fl=c:\Users\Pedro\faculdade\IniciacaoCientifica\grn\.env\Lib\site-packages\pandas\core\indexes\base.py
fn=ensure_index
7919 35000
cfl=c:\Users\Pedro\faculdade\IniciacaoCientifica\grn\.env\Lib\site-packages\pandas\core\dtypes\generic.py
cfn=_instancecheck
calls=6 43
7919 5700
cfl=c:\Users\Pedro\faculdade\IniciacaoCientifica\grn\.env\Lib\site-packages\pandas\core\indexes\base.py
cfn=__new__
calls=4 486
7919 528500
cfl=~
cfn=<built-in method builtins.isinstance>
calls=21 0
7919 12600

fl=c:\Users\Pedro\faculdade\IniciacaoCientifica\grn\.env\Lib\site-packages\pandas\core\indexes\base.py
fn=maybe_extract_name
8003 5900
cfl=c:\Users\Pedro\faculdade\IniciacaoCientifica\grn\.env\Lib\site-packages\pandas\core\dtypes\inference.py
cfn=is_hashable
calls=5 387
8003 3800
cfl=~
cfn=<built-in method builtins.isinstance>
calls=5 0
8003 6000

fl=c:\Users\Pedro\faculdade\IniciacaoCientifica\grn\.env\Lib\site-packages\pandas\core\indexes\base.py
fn=get_values_for_csv
8085 83000
cfl=c:\Users\Pedro\faculdade\IniciacaoCientifica\grn\.env\Lib\site-packages\pandas\core\arrays\numpy_.py
cfn=dtype
calls=36 179
8085 4200
cfl=c:\Users\Pedro\faculdade\IniciacaoCientifica\grn\.env\Lib\site-packages\pandas\core\arrays\string_.py
cfn=astype
calls=12 915
8085 413100
cfl=c:\Users\Pedro\faculdade\IniciacaoCientifica\grn\.env\Lib\site-packages\pandas\core\construction.py
cfn=ensure_wrapped_if_datetimelike
calls=20 495
8085 10800
cfl=c:\Users\Pedro\faculdade\IniciacaoCientifica\grn\.env\Lib\site-packages\pandas\core\dtypes\base.py
cfn=kind
calls=12 181
8085 800
cfl=c:\Users\Pedro\faculdade\IniciacaoCientifica\grn\.env\Lib\site-packages\pandas\core\dtypes\missing.py
cfn=isna
calls=20 97
8085 211000
cfl=~
cfn=<built-in method builtins.isinstance>
calls=100 0
8085 10700
cfl=~
cfn=<built-in method numpy.array>
calls=6 0
8085 14700
cfl=~
cfn=<built-in method numpy.asarray>
calls=12 0
8085 2700
cfl=~
cfn=<method 'astype' of 'numpy.ndarray' objects>
calls=10 0
8085 41800

fl=c:\Users\Pedro\faculdade\IniciacaoCientifica\grn\.env\Lib\site-packages\pandas\core\indexes\range.py
fn=__new__
151 9200
cfl=c:\Users\Pedro\faculdade\IniciacaoCientifica\grn\.env\Lib\site-packages\pandas\core\common.py
cfn=all_none
calls=1 197
151 2700
cfl=c:\Users\Pedro\faculdade\IniciacaoCientifica\grn\.env\Lib\site-packages\pandas\core\dtypes\common.py
cfn=ensure_python_int
calls=2 96
151 1300
cfl=c:\Users\Pedro\faculdade\IniciacaoCientifica\grn\.env\Lib\site-packages\pandas\core\indexes\base.py
cfn=maybe_extract_name
calls=1 8003
151 3300
cfl=c:\Users\Pedro\faculdade\IniciacaoCientifica\grn\.env\Lib\site-packages\pandas\core\indexes\range.py
cfn=_simple_new
calls=1 236
151 2700
cfl=c:\Users\Pedro\faculdade\IniciacaoCientifica\grn\.env\Lib\site-packages\pandas\core\indexes\range.py
cfn=_validate_dtype
calls=1 251
151 100
cfl=~
cfn=<built-in method builtins.isinstance>
calls=2 0
151 200

fl=c:\Users\Pedro\faculdade\IniciacaoCientifica\grn\.env\Lib\site-packages\pandas\core\indexes\range.py
fn=_simple_new
236 8500
cfl=c:\Users\Pedro\faculdade\IniciacaoCientifica\grn\.env\Lib\site-packages\pandas\core\indexes\base.py
cfn=_reset_identity
calls=7 837
236 2600
cfl=~
cfn=<built-in method __new__ of type object at 0x00007FFF81974D90>
calls=7 0
236 2300
cfl=~
cfn=<built-in method builtins.isinstance>
calls=7 0
236 600

fl=c:\Users\Pedro\faculdade\IniciacaoCientifica\grn\.env\Lib\site-packages\pandas\core\indexes\range.py
fn=_validate_dtype
251 100

fl=c:\Users\Pedro\faculdade\IniciacaoCientifica\grn\.env\Lib\site-packages\pandas\core\indexes\range.py
fn=_view
620 1700
cfl=c:\Users\Pedro\faculdade\IniciacaoCientifica\grn\.env\Lib\site-packages\pandas\core\indexes\range.py
cfn=_simple_new
calls=2 236
620 2600

fl=c:\Users\Pedro\faculdade\IniciacaoCientifica\grn\.env\Lib\site-packages\pandas\core\indexes\range.py
fn=__len__
1265 18900
cfl=~
cfn=<built-in method builtins.len>
calls=82 0
1265 6500

fl=c:\Users\Pedro\faculdade\IniciacaoCientifica\grn\.env\Lib\site-packages\pandas\core\indexes\range.py
fn=_getitem_slice
1311 4000
cfl=c:\Users\Pedro\faculdade\IniciacaoCientifica\grn\.env\Lib\site-packages\pandas\core\indexes\range.py
cfn=_simple_new
calls=2 236
1311 2500

fl=c:\Users\Pedro\faculdade\IniciacaoCientifica\grn\.env\Lib\site-packages\pandas\core\indexing.py
fn=iloc
159 3600

fl=c:\Users\Pedro\faculdade\IniciacaoCientifica\grn\.env\Lib\site-packages\pandas\core\indexing.py
fn=_raise_callable_usage
1184 1800
cfl=~
cfn=<built-in method builtins.callable>
calls=2 0
1184 200

fl=c:\Users\Pedro\faculdade\IniciacaoCientifica\grn\.env\Lib\site-packages\pandas\core\indexing.py
fn=__getitem__
1192 15800
cfl=c:\Users\Pedro\faculdade\IniciacaoCientifica\grn\.env\Lib\site-packages\pandas\core\common.py
cfn=apply_if_callable
calls=2 377
1192 1900
cfl=c:\Users\Pedro\faculdade\IniciacaoCientifica\grn\.env\Lib\site-packages\pandas\core\indexing.py
cfn=_raise_callable_usage
calls=2 1184
1192 2000
cfl=c:\Users\Pedro\faculdade\IniciacaoCientifica\grn\.env\Lib\site-packages\pandas\core\indexing.py
cfn=_getitem_axis
calls=2 1740
1192 215900
cfl=c:\Users\Pedro\faculdade\IniciacaoCientifica\grn\.env\Lib\site-packages\pandas\core\indexing.py
cfn=check_dict_or_set_indexers
calls=2 2780
1192 3500

fl=c:\Users\Pedro\faculdade\IniciacaoCientifica\grn\.env\Lib\site-packages\pandas\core\indexing.py
fn=_getitem_axis
1740 3500
cfl=c:\Users\Pedro\faculdade\IniciacaoCientifica\grn\.env\Lib\site-packages\pandas\core\indexing.py
cfn=_get_slice_axis
calls=2 1777
1740 209800
cfl=~
cfn=<built-in method builtins.isinstance>
calls=4 0
1740 2600

fl=c:\Users\Pedro\faculdade\IniciacaoCientifica\grn\.env\Lib\site-packages\pandas\core\indexing.py
fn=_get_slice_axis
1777 9100
cfl=c:\Users\Pedro\faculdade\IniciacaoCientifica\grn\.env\Lib\site-packages\pandas\core\generic.py
cfn=_get_axis
calls=2 535
1777 5300
cfl=c:\Users\Pedro\faculdade\IniciacaoCientifica\grn\.env\Lib\site-packages\pandas\core\generic.py
cfn=_slice
calls=2 4308
1777 185700
cfl=c:\Users\Pedro\faculdade\IniciacaoCientifica\grn\.env\Lib\site-packages\pandas\core\indexes\base.py
cfn=_validate_positional_slice
calls=2 4034
1777 8500
cfl=c:\Users\Pedro\faculdade\IniciacaoCientifica\grn\.env\Lib\site-packages\pandas\core\indexing.py
cfn=need_slice
calls=2 2767
1777 1200

fl=c:\Users\Pedro\faculdade\IniciacaoCientifica\grn\.env\Lib\site-packages\pandas\core\indexing.py
fn=need_slice
2767 1200

fl=c:\Users\Pedro\faculdade\IniciacaoCientifica\grn\.env\Lib\site-packages\pandas\core\indexing.py
fn=check_dict_or_set_indexers
2780 2300
cfl=~
cfn=<built-in method builtins.isinstance>
calls=8 0
2780 1200

fl=c:\Users\Pedro\faculdade\IniciacaoCientifica\grn\.env\Lib\site-packages\pandas\core\internals\blocks.py
fn=is_extension
168 17000
cfl=c:\Users\Pedro\faculdade\IniciacaoCientifica\grn\.env\Lib\site-packages\pandas\core\arrays\numpy_.py
cfn=dtype
calls=20 179
168 2500

fl=c:\Users\Pedro\faculdade\IniciacaoCientifica\grn\.env\Lib\site-packages\pandas\core\internals\blocks.py
fn=_can_consolidate
173 8500
cfl=c:\Users\Pedro\faculdade\IniciacaoCientifica\grn\.env\Lib\site-packages\pandas\core\internals\blocks.py
cfn=is_extension
calls=18 168
173 10500

fl=c:\Users\Pedro\faculdade\IniciacaoCientifica\grn\.env\Lib\site-packages\pandas\core\internals\blocks.py
fn=make_block
228 23300
cfl=c:\Users\Pedro\faculdade\IniciacaoCientifica\grn\.env\Lib\site-packages\pandas\core\internals\blocks.py
cfn=is_extension
calls=18 168
228 9000
cfl=c:\Users\Pedro\faculdade\IniciacaoCientifica\grn\.env\Lib\site-packages\pandas\core\internals\blocks.py
cfn=new_block
calls=18 2258
228 31800
cfl=c:\Users\Pedro\faculdade\IniciacaoCientifica\grn\.env\Lib\site-packages\pandas\core\internals\blocks.py
cfn=ensure_block_shape
calls=10 2352
228 19300

fl=c:\Users\Pedro\faculdade\IniciacaoCientifica\grn\.env\Lib\site-packages\pandas\core\internals\blocks.py
fn=dtype
573 2100

fl=c:\Users\Pedro\faculdade\IniciacaoCientifica\grn\.env\Lib\site-packages\pandas\core\internals\blocks.py
fn=get_values_for_csv
624 16300
cfl=c:\Users\Pedro\faculdade\IniciacaoCientifica\grn\.env\Lib\site-packages\pandas\core\indexes\base.py
cfn=get_values_for_csv
calls=18 8085
624 577800
cfl=c:\Users\Pedro\faculdade\IniciacaoCientifica\grn\.env\Lib\site-packages\pandas\core\internals\blocks.py
cfn=make_block
calls=18 228
624 83400

fl=c:\Users\Pedro\faculdade\IniciacaoCientifica\grn\.env\Lib\site-packages\pandas\core\internals\blocks.py
fn=iget
961 8000

fl=c:\Users\Pedro\faculdade\IniciacaoCientifica\grn\.env\Lib\site-packages\pandas\core\internals\blocks.py
fn=slice_block_rows
2081 18100
cfl=c:\Users\Pedro\faculdade\IniciacaoCientifica\grn\.env\Lib\site-packages\pandas\core\arrays\_mixins.py
cfn=__getitem__
calls=10 287
2081 68600

fl=c:\Users\Pedro\faculdade\IniciacaoCientifica\grn\.env\Lib\site-packages\pandas\core\internals\blocks.py
fn=maybe_coerce_values
2187 8000
cfl=c:\Users\Pedro\faculdade\IniciacaoCientifica\grn\.env\Lib\site-packages\pandas\core\construction.py
cfn=ensure_wrapped_if_datetimelike
calls=7 495
2187 2700
cfl=~
cfn=<built-in method builtins.isinstance>
calls=26 0
2187 2500
cfl=~
cfn=<built-in method builtins.issubclass>
calls=7 0
2187 600

fl=c:\Users\Pedro\faculdade\IniciacaoCientifica\grn\.env\Lib\site-packages\pandas\core\internals\blocks.py
fn=get_block_type
2216 31200
cfl=~
cfn=<built-in method builtins.isinstance>
calls=147 0
2216 12000

fl=c:\Users\Pedro\faculdade\IniciacaoCientifica\grn\.env\Lib\site-packages\pandas\core\internals\blocks.py
fn=new_block_2d
2245 14600
cfl=c:\Users\Pedro\faculdade\IniciacaoCientifica\grn\.env\Lib\site-packages\pandas\core\arrays\numpy_.py
cfn=dtype
calls=6 179
2245 600
cfl=c:\Users\Pedro\faculdade\IniciacaoCientifica\grn\.env\Lib\site-packages\pandas\core\internals\blocks.py
cfn=maybe_coerce_values
calls=13 2187
2245 13800
cfl=c:\Users\Pedro\faculdade\IniciacaoCientifica\grn\.env\Lib\site-packages\pandas\core\internals\blocks.py
cfn=get_block_type
calls=13 2216
2245 8500

fl=c:\Users\Pedro\faculdade\IniciacaoCientifica\grn\.env\Lib\site-packages\pandas\core\internals\blocks.py
fn=new_block
2258 16700
cfl=c:\Users\Pedro\faculdade\IniciacaoCientifica\grn\.env\Lib\site-packages\pandas\core\internals\blocks.py
cfn=get_block_type
calls=18 2216
2258 15100

fl=c:\Users\Pedro\faculdade\IniciacaoCientifica\grn\.env\Lib\site-packages\pandas\core\internals\blocks.py
fn=extend_blocks
2336 10200
cfl=~
cfn=<built-in method builtins.isinstance>
calls=36 0
2336 3300
cfl=~
cfn=<method 'append' of 'list' objects>
calls=18 0
2336 2600

fl=c:\Users\Pedro\faculdade\IniciacaoCientifica\grn\.env\Lib\site-packages\pandas\core\internals\blocks.py
fn=ensure_block_shape
2352 18500
cfl=C:\Users\Pedro\AppData\Local\Python\pythoncore-3.14-64\Lib\typing.py
cfn=cast
calls=17 2300
2352 1800
cfl=c:\Users\Pedro\faculdade\IniciacaoCientifica\grn\.env\Lib\site-packages\pandas\core\arrays\numpy_.py
cfn=dtype
calls=6 179
2352 400
cfl=c:\Users\Pedro\faculdade\IniciacaoCientifica\grn\.env\Lib\site-packages\pandas\core\dtypes\common.py
cfn=is_1d_only_ea_dtype
calls=23 1473
2352 7800
cfl=~
cfn=<method 'reshape' of 'numpy.ndarray' objects>
calls=17 0
2352 8400

fl=c:\Users\Pedro\faculdade\IniciacaoCientifica\grn\.env\Lib\site-packages\pandas\core\internals\construction.py
fn=arrays_to_mgr
96 12900
cfl=c:\Users\Pedro\faculdade\IniciacaoCientifica\grn\.env\Lib\site-packages\pandas\core\indexes\base.py
cfn=ensure_index
calls=6 7919
96 2200
cfl=c:\Users\Pedro\faculdade\IniciacaoCientifica\grn\.env\Lib\site-packages\pandas\core\internals\construction.py
cfn=_homogenize
calls=3 553
96 629600
cfl=c:\Users\Pedro\faculdade\IniciacaoCientifica\grn\.env\Lib\site-packages\pandas\core\internals\managers.py
cfn=create_block_manager_from_column_arrays
calls=3 2319
96 392000
cfl=~
cfn=<built-in method builtins.len>
calls=6 0
96 2300

fl=c:\Users\Pedro\faculdade\IniciacaoCientifica\grn\.env\Lib\site-packages\pandas\core\internals\construction.py
fn=dict_to_mgr
375 17400
cfl=c:\Users\Pedro\faculdade\IniciacaoCientifica\grn\.env\Lib\site-packages\pandas\core\arrays\base.py
cfn=__iter__
calls=14 559
375 12600
cfl=c:\Users\Pedro\faculdade\IniciacaoCientifica\grn\.env\Lib\site-packages\pandas\core\base.py
cfn=__iter__
calls=1 931
375 2900
cfl=c:\Users\Pedro\faculdade\IniciacaoCientifica\grn\.env\Lib\site-packages\pandas\core\indexes\base.py
cfn=get_loc
calls=13 3601
375 64500
cfl=c:\Users\Pedro\faculdade\IniciacaoCientifica\grn\.env\Lib\site-packages\pandas\core\indexes\base.py
cfn=ensure_index
calls=3 7919
375 166300
cfl=c:\Users\Pedro\faculdade\IniciacaoCientifica\grn\.env\Lib\site-packages\pandas\core\internals\construction.py
cfn=arrays_to_mgr
calls=1 96
375 328500
cfl=~
cfn=<built-in method builtins.len>
calls=1 0
375 1000
cfl=~
cfn=<method 'keys' of 'dict' objects>
calls=1 0
375 100
cfl=~
cfn=<method 'values' of 'dict' objects>
calls=1 0
375 200

fl=c:\Users\Pedro\faculdade\IniciacaoCientifica\grn\.env\Lib\site-packages\pandas\core\internals\construction.py
fn=nested_data_to_arrays
463 13200
cfl=c:\Users\Pedro\faculdade\IniciacaoCientifica\grn\.env\Lib\site-packages\pandas\core\dtypes\inference.py
cfn=is_named_tuple
calls=2 349
463 57900
cfl=c:\Users\Pedro\faculdade\IniciacaoCientifica\grn\.env\Lib\site-packages\pandas\core\indexes\api.py
cfn=default_index
calls=2 340
463 11100
cfl=c:\Users\Pedro\faculdade\IniciacaoCientifica\grn\.env\Lib\site-packages\pandas\core\indexes\base.py
cfn=ensure_index
calls=2 7919
463 1000
cfl=c:\Users\Pedro\faculdade\IniciacaoCientifica\grn\.env\Lib\site-packages\pandas\core\internals\construction.py
cfn=to_arrays
calls=2 759
463 1025000
cfl=~
cfn=<built-in method builtins.isinstance>
calls=2 0
463 3300
cfl=~
cfn=<built-in method builtins.len>
calls=2 0
463 300

fl=c:\Users\Pedro\faculdade\IniciacaoCientifica\grn\.env\Lib\site-packages\pandas\core\internals\construction.py
fn=treat_as_nested
489 9100
cfl=~
cfn=<built-in method builtins.getattr>
calls=2 0
489 600
cfl=~
cfn=<built-in method builtins.isinstance>
calls=2 0
489 200
cfl=~
cfn=<built-in method builtins.len>
calls=2 0
489 200

fl=c:\Users\Pedro\faculdade\IniciacaoCientifica\grn\.env\Lib\site-packages\pandas\core\internals\construction.py
fn=_homogenize
553 54600
cfl=c:\Users\Pedro\faculdade\IniciacaoCientifica\grn\.env\Lib\site-packages\pandas\core\common.py
cfn=require_length_match
calls=39 596
553 39300
cfl=c:\Users\Pedro\faculdade\IniciacaoCientifica\grn\.env\Lib\site-packages\pandas\core\construction.py
cfn=sanitize_array
calls=39 531
553 480700
cfl=~
cfn=<built-in method builtins.isinstance>
calls=78 0
553 43100
cfl=~
cfn=<method 'append' of 'list' objects>
calls=78 0
553 11900

fl=c:\Users\Pedro\faculdade\IniciacaoCientifica\grn\.env\Lib\site-packages\pandas\core\internals\construction.py
fn=to_arrays
759 12900
cfl=c:\Users\Pedro\faculdade\IniciacaoCientifica\grn\.env\Lib\site-packages\pandas\core\internals\construction.py
cfn=_list_of_dict_to_arrays
calls=2 858
759 465400
cfl=c:\Users\Pedro\faculdade\IniciacaoCientifica\grn\.env\Lib\site-packages\pandas\core\internals\construction.py
cfn=_finalize_columns_and_data
calls=2 900
759 542800
cfl=~
cfn=<built-in method builtins.isinstance>
calls=6 0
759 3600
cfl=~
cfn=<built-in method builtins.len>
calls=2 0
759 300

fl=c:\Users\Pedro\faculdade\IniciacaoCientifica\grn\.env\Lib\site-packages\pandas\core\internals\construction.py
fn=_list_of_dict_to_arrays
858 42600
cfl=c:\Users\Pedro\faculdade\IniciacaoCientifica\grn\.env\Lib\site-packages\pandas\core\indexes\base.py
cfn=ensure_index
calls=2 7919
858 412300
cfl=c:\Users\Pedro\faculdade\IniciacaoCientifica\grn\.env\Lib\site-packages\pandas\core\internals\construction.py
cfn=<genexpr>:886
calls=4 886
858 6100
cfl=c:\Users\Pedro\faculdade\IniciacaoCientifica\grn\.env\Lib\site-packages\pandas\core\internals\construction.py
cfn=<genexpr>:887
calls=4 887
858 4400

fl=c:\Users\Pedro\faculdade\IniciacaoCientifica\grn\.env\Lib\site-packages\pandas\core\internals\construction.py
fn=<genexpr>:886
886 5300
cfl=~
cfn=<method 'keys' of 'dict' objects>
calls=2 0
886 800

fl=c:\Users\Pedro\faculdade\IniciacaoCientifica\grn\.env\Lib\site-packages\pandas\core\internals\construction.py
fn=<genexpr>:887
887 4200
cfl=~
cfn=<built-in method builtins.isinstance>
calls=2 0
887 200

fl=c:\Users\Pedro\faculdade\IniciacaoCientifica\grn\.env\Lib\site-packages\pandas\core\internals\construction.py
fn=_finalize_columns_and_data
900 21200
cfl=c:\Users\Pedro\faculdade\IniciacaoCientifica\grn\.env\Lib\site-packages\pandas\core\internals\construction.py
cfn=_validate_or_indexify_columns
calls=2 922
900 6800
cfl=c:\Users\Pedro\faculdade\IniciacaoCientifica\grn\.env\Lib\site-packages\pandas\core\internals\construction.py
cfn=convert_object_array
calls=2 977
900 514800

fl=c:\Users\Pedro\faculdade\IniciacaoCientifica\grn\.env\Lib\site-packages\pandas\core\internals\construction.py
fn=_validate_or_indexify_columns
922 2400
cfl=~
cfn=<built-in method builtins.isinstance>
calls=2 0
922 500
cfl=~
cfn=<built-in method builtins.len>
calls=4 0
922 3900

fl=c:\Users\Pedro\faculdade\IniciacaoCientifica\grn\.env\Lib\site-packages\pandas\core\internals\construction.py
fn=convert_object_array
977 13100
cfl=c:\Users\Pedro\faculdade\IniciacaoCientifica\grn\.env\Lib\site-packages\pandas\core\internals\construction.py
cfn=convert
calls=26 999
977 501700

fl=c:\Users\Pedro\faculdade\IniciacaoCientifica\grn\.env\Lib\site-packages\pandas\core\internals\construction.py
fn=convert
999 222400
cfl=c:\Users\Pedro\faculdade\IniciacaoCientifica\grn\.env\Lib\site-packages\numpy\_core\numeric.py
cfn=full
calls=38 323
999 91700
cfl=c:\Users\Pedro\faculdade\IniciacaoCientifica\grn\.env\Lib\site-packages\pandas\_config\__init__.py
cfn=using_string_dtype
calls=10 33
999 3000
cfl=c:\Users\Pedro\faculdade\IniciacaoCientifica\grn\.env\Lib\site-packages\pandas\core\arrays\string_.py
cfn=__init__
calls=10 197
999 91200
cfl=c:\Users\Pedro\faculdade\IniciacaoCientifica\grn\.env\Lib\site-packages\pandas\core\arrays\string_.py
cfn=construct_array_type
calls=10 312
999 13700
cfl=c:\Users\Pedro\faculdade\IniciacaoCientifica\grn\.env\Lib\site-packages\pandas\core\arrays\string_.py
cfn=_from_sequence
calls=10 756
999 76200
cfl=~
cfn=<built-in method builtins.isinstance>
calls=26 0
999 3500

fl=c:\Users\Pedro\faculdade\IniciacaoCientifica\grn\.env\Lib\site-packages\pandas\core\internals\managers.py
fn=shape
215 5300
cfl=c:\Users\Pedro\faculdade\IniciacaoCientifica\grn\.env\Lib\site-packages\pandas\core\internals\managers.py
cfn=<genexpr>
calls=6 217
215 19100

fl=c:\Users\Pedro\faculdade\IniciacaoCientifica\grn\.env\Lib\site-packages\pandas\core\internals\managers.py
fn=<genexpr>
217 16600
cfl=~
cfn=<built-in method builtins.len>
calls=4 0
217 2500

fl=c:\Users\Pedro\faculdade\IniciacaoCientifica\grn\.env\Lib\site-packages\pandas\core\internals\managers.py
fn=blknos
223 31600
cfl=c:\Users\Pedro\faculdade\IniciacaoCientifica\grn\.env\Lib\site-packages\pandas\core\internals\managers.py
cfn=shape
calls=2 215
223 24400

fl=c:\Users\Pedro\faculdade\IniciacaoCientifica\grn\.env\Lib\site-packages\pandas\core\internals\managers.py
fn=blklocs
239 2800

fl=c:\Users\Pedro\faculdade\IniciacaoCientifica\grn\.env\Lib\site-packages\pandas\core\internals\managers.py
fn=apply
399 30100
cfl=c:\Users\Pedro\faculdade\IniciacaoCientifica\grn\.env\Lib\site-packages\pandas\core\indexes\base.py
cfn=view
calls=4 1033
399 16600
cfl=c:\Users\Pedro\faculdade\IniciacaoCientifica\grn\.env\Lib\site-packages\pandas\core\internals\blocks.py
cfn=get_values_for_csv
calls=18 624
399 677500
cfl=c:\Users\Pedro\faculdade\IniciacaoCientifica\grn\.env\Lib\site-packages\pandas\core\internals\blocks.py
cfn=extend_blocks
calls=18 2336
399 16100
cfl=c:\Users\Pedro\faculdade\IniciacaoCientifica\grn\.env\Lib\site-packages\pandas\core\internals\managers.py
cfn=from_blocks
calls=2 1130
399 3400
cfl=~
cfn=<built-in method builtins.callable>
calls=18 0
399 2100
cfl=~
cfn=<built-in method builtins.getattr>
calls=18 0
399 2600

fl=c:\Users\Pedro\faculdade\IniciacaoCientifica\grn\.env\Lib\site-packages\pandas\core\internals\managers.py
fn=get_values_for_csv
622 6400
cfl=c:\Users\Pedro\faculdade\IniciacaoCientifica\grn\.env\Lib\site-packages\pandas\core\internals\managers.py
cfn=apply
calls=2 399
622 748400

fl=c:\Users\Pedro\faculdade\IniciacaoCientifica\grn\.env\Lib\site-packages\pandas\core\internals\managers.py
fn=__init__
1095 1400

fl=c:\Users\Pedro\faculdade\IniciacaoCientifica\grn\.env\Lib\site-packages\pandas\core\internals\managers.py
fn=from_blocks
1130 3200
cfl=c:\Users\Pedro\faculdade\IniciacaoCientifica\grn\.env\Lib\site-packages\pandas\core\internals\managers.py
cfn=__init__
calls=2 1095
1130 200

fl=c:\Users\Pedro\faculdade\IniciacaoCientifica\grn\.env\Lib\site-packages\pandas\core\internals\managers.py
fn=iget_values
1227 25400
cfl=c:\Users\Pedro\faculdade\IniciacaoCientifica\grn\.env\Lib\site-packages\pandas\core\internals\blocks.py
cfn=iget
calls=26 961
1227 8000
cfl=c:\Users\Pedro\faculdade\IniciacaoCientifica\grn\.env\Lib\site-packages\pandas\core\internals\managers.py
cfn=blknos
calls=26 223
1227 56000
cfl=c:\Users\Pedro\faculdade\IniciacaoCientifica\grn\.env\Lib\site-packages\pandas\core\internals\managers.py
cfn=blklocs
calls=26 239
1227 2800

fl=c:\Users\Pedro\faculdade\IniciacaoCientifica\grn\.env\Lib\site-packages\pandas\core\internals\managers.py
fn=is_consolidated
1944 4100
cfl=c:\Users\Pedro\faculdade\IniciacaoCientifica\grn\.env\Lib\site-packages\pandas\core\internals\managers.py
cfn=_consolidate_check
calls=2 1952
1944 45300

fl=c:\Users\Pedro\faculdade\IniciacaoCientifica\grn\.env\Lib\site-packages\pandas\core\internals\managers.py
fn=_consolidate_check
1952 23400
cfl=c:\Users\Pedro\faculdade\IniciacaoCientifica\grn\.env\Lib\site-packages\pandas\core\internals\blocks.py
cfn=_can_consolidate
calls=18 173
1952 19000
cfl=c:\Users\Pedro\faculdade\IniciacaoCientifica\grn\.env\Lib\site-packages\pandas\core\internals\blocks.py
cfn=dtype
calls=8 573
1952 2100
cfl=~
cfn=<built-in method builtins.len>
calls=6 0
1952 800

fl=c:\Users\Pedro\faculdade\IniciacaoCientifica\grn\.env\Lib\site-packages\pandas\core\internals\managers.py
fn=_consolidate_inplace
1962 2200
cfl=c:\Users\Pedro\faculdade\IniciacaoCientifica\grn\.env\Lib\site-packages\pandas\core\internals\managers.py
cfn=is_consolidated
calls=2 1944
1962 49400

fl=c:\Users\Pedro\faculdade\IniciacaoCientifica\grn\.env\Lib\site-packages\pandas\core\internals\managers.py
fn=create_block_manager_from_column_arrays
2319 20100
cfl=c:\Users\Pedro\faculdade\IniciacaoCientifica\grn\.env\Lib\site-packages\pandas\core\internals\managers.py
cfn=__init__
calls=3 1095
2319 900
cfl=c:\Users\Pedro\faculdade\IniciacaoCientifica\grn\.env\Lib\site-packages\pandas\core\internals\managers.py
cfn=_consolidate_inplace
calls=2 1962
2319 51600
cfl=c:\Users\Pedro\faculdade\IniciacaoCientifica\grn\.env\Lib\site-packages\pandas\core\internals\managers.py
cfn=_form_blocks
calls=3 2388
2319 319400

fl=c:\Users\Pedro\faculdade\IniciacaoCientifica\grn\.env\Lib\site-packages\pandas\core\internals\managers.py
fn=_grouping_func
2375 17000
cfl=c:\Users\Pedro\faculdade\IniciacaoCientifica\grn\.env\Lib\site-packages\pandas\core\arrays\numpy_.py
cfn=dtype
calls=10 179
2375 1800
cfl=c:\Users\Pedro\faculdade\IniciacaoCientifica\grn\.env\Lib\site-packages\pandas\core\dtypes\common.py
cfn=is_1d_only_ea_dtype
calls=26 1473
2375 14600
cfl=~
cfn=<built-in method builtins.id>
calls=10 0
2375 2300

fl=c:\Users\Pedro\faculdade\IniciacaoCientifica\grn\.env\Lib\site-packages\pandas\core\internals\managers.py
fn=_form_blocks
2388 89600
cfl=c:\Users\Pedro\faculdade\IniciacaoCientifica\grn\.env\Lib\site-packages\numpy\_core\_asarray.py
cfn=require
calls=8 22
2388 38000
cfl=c:\Users\Pedro\faculdade\IniciacaoCientifica\grn\.env\Lib\site-packages\pandas\core\dtypes\common.py
cfn=is_1d_only_ea_dtype
calls=10 1473
2388 5700
cfl=c:\Users\Pedro\faculdade\IniciacaoCientifica\grn\.env\Lib\site-packages\pandas\core\internals\blocks.py
cfn=get_block_type
calls=18 2216
2388 19600
cfl=c:\Users\Pedro\faculdade\IniciacaoCientifica\grn\.env\Lib\site-packages\pandas\core\internals\managers.py
cfn=_grouping_func
calls=10 2375
2388 14500
cfl=c:\Users\Pedro\faculdade\IniciacaoCientifica\grn\.env\Lib\site-packages\pandas\core\internals\managers.py
cfn=_tuples_to_blocks_no_consolidate
calls=1 2434
2388 65800
cfl=c:\Users\Pedro\faculdade\IniciacaoCientifica\grn\.env\Lib\site-packages\pandas\core\internals\managers.py
cfn=_stack_arrays
calls=8 2444
2388 76200
cfl=~
cfn=<built-in method builtins.isinstance>
calls=18 0
2388 4600
cfl=~
cfn=<built-in method builtins.issubclass>
calls=8 0
2388 1400
cfl=~
cfn=<method 'append' of 'list' objects>
calls=8 0
2388 1700
cfl=~
cfn=<method 'extend' of 'list' objects>
calls=10 0
2388 2300

fl=c:\Users\Pedro\faculdade\IniciacaoCientifica\grn\.env\Lib\site-packages\pandas\core\internals\managers.py
fn=_tuples_to_blocks_no_consolidate
2434 10700
cfl=c:\Users\Pedro\faculdade\IniciacaoCientifica\grn\.env\Lib\site-packages\pandas\core\internals\blocks.py
cfn=new_block_2d
calls=13 2245
2434 37500
cfl=c:\Users\Pedro\faculdade\IniciacaoCientifica\grn\.env\Lib\site-packages\pandas\core\internals\blocks.py
cfn=ensure_block_shape
calls=13 2352
2434 17600

fl=c:\Users\Pedro\faculdade\IniciacaoCientifica\grn\.env\Lib\site-packages\pandas\core\internals\managers.py
fn=_stack_arrays
2444 48200
cfl=c:\Users\Pedro\faculdade\IniciacaoCientifica\grn\.env\Lib\site-packages\pandas\core\internals\managers.py
cfn=_grouping_func
calls=16 2375
2444 21200
cfl=~
cfn=<built-in method builtins.len>
calls=8 0
2444 1100
cfl=~
cfn=<built-in method numpy.empty>
calls=8 0
2444 5700

fl=c:\Users\Pedro\faculdade\IniciacaoCientifica\grn\.env\Lib\site-packages\pandas\io\common.py
fn=close
126 7700
cfl=~
cfn=<method 'close' of '_io.TextIOWrapper' objects>
calls=3 0
126 239800

fl=c:\Users\Pedro\faculdade\IniciacaoCientifica\grn\.env\Lib\site-packages\pandas\io\common.py
fn=__enter__
143 100

fl=c:\Users\Pedro\faculdade\IniciacaoCientifica\grn\.env\Lib\site-packages\pandas\io\common.py
fn=__exit__
146 3300
cfl=c:\Users\Pedro\faculdade\IniciacaoCientifica\grn\.env\Lib\site-packages\pandas\io\common.py
cfn=close
calls=2 126
146 223500

fl=c:\Users\Pedro\faculdade\IniciacaoCientifica\grn\.env\Lib\site-packages\pandas\io\common.py
fn=is_url
155 7900
cfl=C:\Users\Pedro\AppData\Local\Python\pythoncore-3.14-64\Lib\urllib\parse.py
cfn=urlparse
calls=3 374
155 51700
cfl=~
cfn=<built-in method builtins.isinstance>
calls=3 0
155 300

fl=c:\Users\Pedro\faculdade\IniciacaoCientifica\grn\.env\Lib\site-packages\pandas\io\common.py
fn=_expand_user
181 9400
cfl=<frozen ntpath>
cfn=expanduser
calls=9 343
181 10100
cfl=~
cfn=<built-in method builtins.isinstance>
calls=9 0
181 700

fl=c:\Users\Pedro\faculdade\IniciacaoCientifica\grn\.env\Lib\site-packages\pandas\io\common.py
fn=validate_header_arg
200 1400
cfl=C:\Users\Pedro\AppData\Local\Python\pythoncore-3.14-64\Lib\typing.py
cfn=cast
calls=1 2300
200 0

fl=c:\Users\Pedro\faculdade\IniciacaoCientifica\grn\.env\Lib\site-packages\pandas\io\common.py
fn=stringify_path
241 6800
cfl=c:\Users\Pedro\faculdade\IniciacaoCientifica\grn\.env\Lib\site-packages\pandas\core\dtypes\inference.py
cfn=is_file_like
calls=3 106
241 2800
cfl=c:\Users\Pedro\faculdade\IniciacaoCientifica\grn\.env\Lib\site-packages\pandas\io\common.py
cfn=_expand_user
calls=6 181
241 15600
cfl=~
cfn=<built-in method builtins.isinstance>
calls=6 0
241 5800

fl=c:\Users\Pedro\faculdade\IniciacaoCientifica\grn\.env\Lib\site-packages\pandas\io\common.py
fn=is_fsspec_url
285 4300
cfl=~
cfn=<built-in method builtins.isinstance>
calls=3 0
285 300
cfl=~
cfn=<method 'match' of 're.Pattern' objects>
calls=3 0
285 2700

fl=c:\Users\Pedro\faculdade\IniciacaoCientifica\grn\.env\Lib\site-packages\pandas\io\common.py
fn=_get_filepath_or_buffer
297 30300
cfl=<string>
cfn=__init__:2
calls=3 2
297 2900
cfl=c:\Users\Pedro\faculdade\IniciacaoCientifica\grn\.env\Lib\site-packages\pandas\io\common.py
cfn=is_url
calls=3 155
297 59900
cfl=c:\Users\Pedro\faculdade\IniciacaoCientifica\grn\.env\Lib\site-packages\pandas\io\common.py
cfn=_expand_user
calls=3 181
297 4600
cfl=c:\Users\Pedro\faculdade\IniciacaoCientifica\grn\.env\Lib\site-packages\pandas\io\common.py
cfn=stringify_path
calls=3 241
297 22700
cfl=c:\Users\Pedro\faculdade\IniciacaoCientifica\grn\.env\Lib\site-packages\pandas\io\common.py
cfn=is_fsspec_url
calls=3 285
297 7300
cfl=c:\Users\Pedro\faculdade\IniciacaoCientifica\grn\.env\Lib\site-packages\pandas\io\common.py
cfn=get_compression_method
calls=3 539
297 3700
cfl=c:\Users\Pedro\faculdade\IniciacaoCientifica\grn\.env\Lib\site-packages\pandas\io\common.py
cfn=infer_compression
calls=3 574
297 30200
cfl=~
cfn=<built-in method builtins.isinstance>
calls=6 0
297 800

fl=c:\Users\Pedro\faculdade\IniciacaoCientifica\grn\.env\Lib\site-packages\pandas\io\common.py
fn=get_compression_method
539 1200
cfl=~
cfn=<built-in method builtins.isinstance>
calls=3 0
539 2500

fl=c:\Users\Pedro\faculdade\IniciacaoCientifica\grn\.env\Lib\site-packages\pandas\io\common.py
fn=infer_compression
574 14400
cfl=c:\Users\Pedro\faculdade\IniciacaoCientifica\grn\.env\Lib\site-packages\pandas\io\common.py
cfn=stringify_path
calls=3 241
574 8300
cfl=~
cfn=<built-in method builtins.isinstance>
calls=6 0
574 400
cfl=~
cfn=<method 'endswith' of 'str' objects>
calls=27 0
574 2800
cfl=~
cfn=<method 'items' of 'dict' objects>
calls=3 0
574 600
cfl=~
cfn=<method 'lower' of 'str' objects>
calls=27 0
574 3700

fl=c:\Users\Pedro\faculdade\IniciacaoCientifica\grn\.env\Lib\site-packages\pandas\io\common.py
fn=check_parent_directory
645 14700
cfl=C:\Users\Pedro\AppData\Local\Python\pythoncore-3.14-64\Lib\pathlib\__init__.py
cfn=__init__
calls=2 135
645 3900
cfl=C:\Users\Pedro\AppData\Local\Python\pythoncore-3.14-64\Lib\pathlib\__init__.py
cfn=parent
calls=2 381
645 43900
cfl=C:\Users\Pedro\AppData\Local\Python\pythoncore-3.14-64\Lib\pathlib\__init__.py
cfn=__new__
calls=2 632
645 3300
cfl=C:\Users\Pedro\AppData\Local\Python\pythoncore-3.14-64\Lib\pathlib\__init__.py
cfn=is_dir
calls=2 674
645 113200

fl=c:\Users\Pedro\faculdade\IniciacaoCientifica\grn\.env\Lib\site-packages\pandas\io\common.py
fn=get_handle
701 54300
cfl=<string>
cfn=__init__:2
calls=3 2
701 4300
cfl=c:\Users\Pedro\faculdade\IniciacaoCientifica\grn\.env\Lib\site-packages\pandas\io\common.py
cfn=_get_filepath_or_buffer
calls=3 297
701 162400
cfl=c:\Users\Pedro\faculdade\IniciacaoCientifica\grn\.env\Lib\site-packages\pandas\io\common.py
cfn=check_parent_directory
calls=2 645
701 179000
cfl=c:\Users\Pedro\faculdade\IniciacaoCientifica\grn\.env\Lib\site-packages\pandas\io\common.py
cfn=_maybe_memory_map
calls=3 1178
701 3500
cfl=c:\Users\Pedro\faculdade\IniciacaoCientifica\grn\.env\Lib\site-packages\pandas\io\common.py
cfn=_is_binary_mode
calls=6 1228
701 39200
cfl=~
cfn=<built-in method _codecs.lookup>
calls=3 0
701 3100
cfl=~
cfn=<built-in method _codecs.lookup_error>
calls=3 0
701 1900
cfl=~
cfn=<built-in method _io.open>
calls=3 0
701 6281700
cfl=~
cfn=<built-in method builtins.hasattr>
calls=1 0
701 500
cfl=~
cfn=<built-in method builtins.isinstance>
calls=9 0
701 900
cfl=~
cfn=<method 'append' of 'list' objects>
calls=3 0
701 1100
cfl=~
cfn=<method 'pop' of 'dict' objects>
calls=3 0
701 1100
cfl=~
cfn=<method 'reverse' of 'list' objects>
calls=3 0
701 800

fl=c:\Users\Pedro\faculdade\IniciacaoCientifica\grn\.env\Lib\site-packages\pandas\io\common.py
fn=_maybe_memory_map
1178 2700
cfl=~
cfn=<built-in method builtins.hasattr>
calls=3 0
1178 600
cfl=~
cfn=<built-in method builtins.isinstance>
calls=3 0
1178 200

fl=c:\Users\Pedro\faculdade\IniciacaoCientifica\grn\.env\Lib\site-packages\pandas\io\common.py
fn=_is_binary_mode
1228 16300
cfl=~
cfn=<built-in method builtins.getattr>
calls=6 0
1228 1200
cfl=~
cfn=<built-in method builtins.isinstance>
calls=6 0
1228 20100
cfl=~
cfn=<built-in method builtins.issubclass>
calls=6 0
1228 1600

fl=c:\Users\Pedro\faculdade\IniciacaoCientifica\grn\.env\Lib\site-packages\pandas\io\common.py
fn=is_potential_multi_index
1267 6100
cfl=c:\Users\Pedro\faculdade\IniciacaoCientifica\grn\.env\Lib\site-packages\pandas\io\common.py
cfn=<genexpr>
calls=4 1294
1267 2400
cfl=~
cfn=<built-in method builtins.isinstance>
calls=2 0
1267 3400
cfl=~
cfn=<built-in method builtins.len>
calls=2 0
1267 100

fl=c:\Users\Pedro\faculdade\IniciacaoCientifica\grn\.env\Lib\site-packages\pandas\io\common.py
fn=<genexpr>
1294 2100
cfl=~
cfn=<built-in method builtins.isinstance>
calls=2 0
1294 300

fl=c:\Users\Pedro\faculdade\IniciacaoCientifica\grn\.env\Lib\site-packages\pandas\io\common.py
fn=dedup_names
1298 4800

fl=c:\Users\Pedro\faculdade\IniciacaoCientifica\grn\.env\Lib\site-packages\pandas\io\formats\csvs.py
fn=<module>
1 30200
cfl=<frozen importlib._bootstrap>
cfn=_handle_fromlist
calls=1 1401
1 2300
cfl=C:\Users\Pedro\AppData\Local\Python\pythoncore-3.14-64\Lib\typing.py
cfn=__getattr__
calls=1 3827
1 5200
cfl=~
cfn=<built-in method builtins.__build_class__>
calls=1 0
1 32400

fl=c:\Users\Pedro\faculdade\IniciacaoCientifica\grn\.env\Lib\site-packages\pandas\io\formats\csvs.py
fn=CSVFormatter
56 11400

fl=c:\Users\Pedro\faculdade\IniciacaoCientifica\grn\.env\Lib\site-packages\pandas\io\formats\csvs.py
fn=__init__
59 12700
cfl=c:\Users\Pedro\faculdade\IniciacaoCientifica\grn\.env\Lib\site-packages\pandas\io\formats\csvs.py
cfn=_initialize_index_label
calls=2 121
59 16100
cfl=c:\Users\Pedro\faculdade\IniciacaoCientifica\grn\.env\Lib\site-packages\pandas\io\formats\csvs.py
cfn=_initialize_quotechar
calls=2 143
59 900
cfl=c:\Users\Pedro\faculdade\IniciacaoCientifica\grn\.env\Lib\site-packages\pandas\io\formats\csvs.py
cfn=_initialize_columns
calls=2 153
59 238400
cfl=c:\Users\Pedro\faculdade\IniciacaoCientifica\grn\.env\Lib\site-packages\pandas\io\formats\csvs.py
cfn=_initialize_chunksize
calls=2 174
59 1700

fl=c:\Users\Pedro\faculdade\IniciacaoCientifica\grn\.env\Lib\site-packages\pandas\io\formats\csvs.py
fn=na_rep
101 900

fl=c:\Users\Pedro\faculdade\IniciacaoCientifica\grn\.env\Lib\site-packages\pandas\io\formats\csvs.py
fn=float_format
105 500

fl=c:\Users\Pedro\faculdade\IniciacaoCientifica\grn\.env\Lib\site-packages\pandas\io\formats\csvs.py
fn=decimal
109 500

fl=c:\Users\Pedro\faculdade\IniciacaoCientifica\grn\.env\Lib\site-packages\pandas\io\formats\csvs.py
fn=header
113 1300

fl=c:\Users\Pedro\faculdade\IniciacaoCientifica\grn\.env\Lib\site-packages\pandas\io\formats\csvs.py
fn=index
117 1300

fl=c:\Users\Pedro\faculdade\IniciacaoCientifica\grn\.env\Lib\site-packages\pandas\io\formats\csvs.py
fn=_initialize_index_label
121 1500
cfl=c:\Users\Pedro\faculdade\IniciacaoCientifica\grn\.env\Lib\site-packages\pandas\io\formats\csvs.py
cfn=_get_index_label_from_obj
calls=2 130
121 14600

fl=c:\Users\Pedro\faculdade\IniciacaoCientifica\grn\.env\Lib\site-packages\pandas\io\formats\csvs.py
fn=_get_index_label_from_obj
130 4100
cfl=c:\Users\Pedro\faculdade\IniciacaoCientifica\grn\.env\Lib\site-packages\pandas\io\formats\csvs.py
cfn=_get_index_label_flat
calls=2 139
130 4100
cfl=~
cfn=<built-in method builtins.isinstance>
calls=2 0
130 6400

fl=c:\Users\Pedro\faculdade\IniciacaoCientifica\grn\.env\Lib\site-packages\pandas\io\formats\csvs.py
fn=_get_index_label_flat
139 3400
cfl=c:\Users\Pedro\faculdade\IniciacaoCientifica\grn\.env\Lib\site-packages\pandas\core\indexes\base.py
cfn=name
calls=2 1779
139 700

fl=c:\Users\Pedro\faculdade\IniciacaoCientifica\grn\.env\Lib\site-packages\pandas\io\formats\csvs.py
fn=_initialize_quotechar
143 900

fl=c:\Users\Pedro\faculdade\IniciacaoCientifica\grn\.env\Lib\site-packages\pandas\io\formats\csvs.py
fn=has_mi_columns
149 4800
cfl=~
cfn=<built-in method builtins.isinstance>
calls=6 0
149 6800

fl=c:\Users\Pedro\faculdade\IniciacaoCientifica\grn\.env\Lib\site-packages\pandas\io\formats\csvs.py
fn=_initialize_columns
153 6300
cfl=c:\Users\Pedro\faculdade\IniciacaoCientifica\grn\.env\Lib\site-packages\pandas\core\indexes\base.py
cfn=_get_values_for_csv
calls=2 1574
153 225100
cfl=c:\Users\Pedro\faculdade\IniciacaoCientifica\grn\.env\Lib\site-packages\pandas\io\formats\csvs.py
cfn=has_mi_columns
calls=2 149
153 3800
cfl=c:\Users\Pedro\faculdade\IniciacaoCientifica\grn\.env\Lib\site-packages\pandas\io\formats\csvs.py
cfn=_number_format
calls=2 179
153 3200

fl=c:\Users\Pedro\faculdade\IniciacaoCientifica\grn\.env\Lib\site-packages\pandas\io\formats\csvs.py
fn=_initialize_chunksize
174 1500
cfl=~
cfn=<built-in method builtins.len>
calls=2 0
174 200

fl=c:\Users\Pedro\faculdade\IniciacaoCientifica\grn\.env\Lib\site-packages\pandas\io\formats\csvs.py
fn=_number_format
179 5000
cfl=c:\Users\Pedro\faculdade\IniciacaoCientifica\grn\.env\Lib\site-packages\pandas\io\formats\csvs.py
cfn=na_rep
calls=4 101
179 900
cfl=c:\Users\Pedro\faculdade\IniciacaoCientifica\grn\.env\Lib\site-packages\pandas\io\formats\csvs.py
cfn=float_format
calls=4 105
179 500
cfl=c:\Users\Pedro\faculdade\IniciacaoCientifica\grn\.env\Lib\site-packages\pandas\io\formats\csvs.py
cfn=decimal
calls=4 109
179 500

fl=c:\Users\Pedro\faculdade\IniciacaoCientifica\grn\.env\Lib\site-packages\pandas\io\formats\csvs.py
fn=data_index
190 2300
cfl=~
cfn=<built-in method builtins.isinstance>
calls=4 0
190 6800

fl=c:\Users\Pedro\faculdade\IniciacaoCientifica\grn\.env\Lib\site-packages\pandas\io\formats\csvs.py
fn=nlevels
204 2200
cfl=c:\Users\Pedro\faculdade\IniciacaoCientifica\grn\.env\Lib\site-packages\pandas\io\formats\csvs.py
cfn=index
calls=4 117
204 1000

fl=c:\Users\Pedro\faculdade\IniciacaoCientifica\grn\.env\Lib\site-packages\pandas\io\formats\csvs.py
fn=_has_aliases
211 5700
cfl=c:\Users\Pedro\faculdade\IniciacaoCientifica\grn\.env\Lib\site-packages\pandas\io\formats\csvs.py
cfn=header
calls=4 113
211 900
cfl=~
cfn=<built-in method builtins.isinstance>
calls=4 0
211 6100

fl=c:\Users\Pedro\faculdade\IniciacaoCientifica\grn\.env\Lib\site-packages\pandas\io\formats\csvs.py
fn=_need_to_save_header
215 2400
cfl=c:\Users\Pedro\faculdade\IniciacaoCientifica\grn\.env\Lib\site-packages\pandas\io\formats\csvs.py
cfn=header
calls=2 113
215 400
cfl=c:\Users\Pedro\faculdade\IniciacaoCientifica\grn\.env\Lib\site-packages\pandas\io\formats\csvs.py
cfn=_has_aliases
calls=2 211
215 9200

fl=c:\Users\Pedro\faculdade\IniciacaoCientifica\grn\.env\Lib\site-packages\pandas\io\formats\csvs.py
fn=write_cols
219 12600
cfl=C:\Users\Pedro\AppData\Local\Python\pythoncore-3.14-64\Lib\typing.py
cfn=inner
calls=2 396
219 3700
cfl=C:\Users\Pedro\AppData\Local\Python\pythoncore-3.14-64\Lib\typing.py
cfn=cast
calls=2 2300
219 100
cfl=c:\Users\Pedro\faculdade\IniciacaoCientifica\grn\.env\Lib\site-packages\pandas\io\formats\csvs.py
cfn=_has_aliases
calls=2 211
219 3500

fl=c:\Users\Pedro\faculdade\IniciacaoCientifica\grn\.env\Lib\site-packages\pandas\io\formats\csvs.py
fn=encoded_labels
233 11800
cfl=c:\Users\Pedro\faculdade\IniciacaoCientifica\grn\.env\Lib\site-packages\pandas\io\formats\csvs.py
cfn=index
calls=2 117
233 300
cfl=c:\Users\Pedro\faculdade\IniciacaoCientifica\grn\.env\Lib\site-packages\pandas\io\formats\csvs.py
cfn=has_mi_columns
calls=2 149
233 2200
cfl=c:\Users\Pedro\faculdade\IniciacaoCientifica\grn\.env\Lib\site-packages\pandas\io\formats\csvs.py
cfn=write_cols
calls=2 219
233 19900

fl=c:\Users\Pedro\faculdade\IniciacaoCientifica\grn\.env\Lib\site-packages\pandas\io\formats\csvs.py
fn=save
246 25100
cfl=c:\Users\Pedro\faculdade\IniciacaoCientifica\grn\.env\Lib\site-packages\pandas\io\common.py
cfn=__enter__
calls=2 143
246 100
cfl=c:\Users\Pedro\faculdade\IniciacaoCientifica\grn\.env\Lib\site-packages\pandas\io\common.py
cfn=__exit__
calls=2 146
246 226800
cfl=c:\Users\Pedro\faculdade\IniciacaoCientifica\grn\.env\Lib\site-packages\pandas\io\common.py
cfn=get_handle
calls=2 701
246 721700
cfl=c:\Users\Pedro\faculdade\IniciacaoCientifica\grn\.env\Lib\site-packages\pandas\io\formats\csvs.py
cfn=_save
calls=2 274
246 1392000
cfl=~
cfn=<built-in method _csv.writer>
calls=2 0
246 7700

fl=c:\Users\Pedro\faculdade\IniciacaoCientifica\grn\.env\Lib\site-packages\pandas\io\formats\csvs.py
fn=_save
274 6300
cfl=c:\Users\Pedro\faculdade\IniciacaoCientifica\grn\.env\Lib\site-packages\pandas\io\formats\csvs.py
cfn=_need_to_save_header
calls=2 215
274 12000
cfl=c:\Users\Pedro\faculdade\IniciacaoCientifica\grn\.env\Lib\site-packages\pandas\io\formats\csvs.py
cfn=_save_header
calls=2 279
274 52100
cfl=c:\Users\Pedro\faculdade\IniciacaoCientifica\grn\.env\Lib\site-packages\pandas\io\formats\csvs.py
cfn=_save_body
calls=2 307
274 1321600

fl=c:\Users\Pedro\faculdade\IniciacaoCientifica\grn\.env\Lib\site-packages\pandas\io\formats\csvs.py
fn=_save_header
279 6400
cfl=c:\Users\Pedro\faculdade\IniciacaoCientifica\grn\.env\Lib\site-packages\pandas\io\formats\csvs.py
cfn=has_mi_columns
calls=2 149
279 5600
cfl=c:\Users\Pedro\faculdade\IniciacaoCientifica\grn\.env\Lib\site-packages\pandas\io\formats\csvs.py
cfn=encoded_labels
calls=2 233
279 34200
cfl=~
cfn=<method 'writerow' of '_csv.writer' objects>
calls=2 0
279 5900

fl=c:\Users\Pedro\faculdade\IniciacaoCientifica\grn\.env\Lib\site-packages\pandas\io\formats\csvs.py
fn=_save_body
307 26700
cfl=c:\Users\Pedro\faculdade\IniciacaoCientifica\grn\.env\Lib\site-packages\pandas\io\formats\csvs.py
cfn=data_index
calls=2 190
307 9100
cfl=c:\Users\Pedro\faculdade\IniciacaoCientifica\grn\.env\Lib\site-packages\pandas\io\formats\csvs.py
cfn=_save_chunk
calls=2 317
307 1282600
cfl=~
cfn=<built-in method builtins.len>
calls=2 0
307 2600
cfl=~
cfn=<built-in method builtins.min>
calls=2 0
307 600

fl=c:\Users\Pedro\faculdade\IniciacaoCientifica\grn\.env\Lib\site-packages\pandas\io\formats\csvs.py
fn=_save_chunk
317 84300
cfl=c:\Users\Pedro\faculdade\IniciacaoCientifica\grn\.env\Lib\site-packages\pandas\core\frame.py
cfn=_get_values_for_csv
calls=2 1386
317 766600
cfl=c:\Users\Pedro\faculdade\IniciacaoCientifica\grn\.env\Lib\site-packages\pandas\core\frame.py
cfn=_iter_column_arrays
calls=28 4326
317 111200
cfl=c:\Users\Pedro\faculdade\IniciacaoCientifica\grn\.env\Lib\site-packages\pandas\core\indexing.py
cfn=iloc
calls=2 159
317 3600
cfl=c:\Users\Pedro\faculdade\IniciacaoCientifica\grn\.env\Lib\site-packages\pandas\core\indexing.py
cfn=__getitem__
calls=2 1192
317 239100
cfl=c:\Users\Pedro\faculdade\IniciacaoCientifica\grn\.env\Lib\site-packages\pandas\io\formats\csvs.py
cfn=_number_format
calls=2 179
317 3700
cfl=c:\Users\Pedro\faculdade\IniciacaoCientifica\grn\.env\Lib\site-packages\pandas\io\formats\csvs.py
cfn=nlevels
calls=4 204
317 3200
cfl=c:\Users\Pedro\faculdade\IniciacaoCientifica\grn\PythonCode\Modules\EvolutionModules.py
cfn=__repr__:255
calls=2 255
317 69100
cfl=~
cfn=<built-in method numpy.empty>
calls=2 0
317 1800

fl=c:\Users\Pedro\faculdade\IniciacaoCientifica\grn\.env\Lib\site-packages\pandas\io\formats\format.py
fn=__init__:425
425 29900
cfl=c:\Users\Pedro\faculdade\IniciacaoCientifica\grn\.env\Lib\site-packages\pandas\io\formats\format.py
cfn=_initialize_sparsify
calls=2 526
425 10200
cfl=c:\Users\Pedro\faculdade\IniciacaoCientifica\grn\.env\Lib\site-packages\pandas\io\formats\format.py
cfn=_initialize_formatters
calls=2 531
425 400
cfl=c:\Users\Pedro\faculdade\IniciacaoCientifica\grn\.env\Lib\site-packages\pandas\io\formats\format.py
cfn=_initialize_justify
calls=2 544
425 15100
cfl=c:\Users\Pedro\faculdade\IniciacaoCientifica\grn\.env\Lib\site-packages\pandas\io\formats\format.py
cfn=_initialize_columns
calls=2 550
425 2300
cfl=c:\Users\Pedro\faculdade\IniciacaoCientifica\grn\.env\Lib\site-packages\pandas\io\formats\format.py
cfn=_initialize_colspace
calls=2 558
425 600
cfl=c:\Users\Pedro\faculdade\IniciacaoCientifica\grn\.env\Lib\site-packages\pandas\io\formats\format.py
cfn=_calc_max_cols_fitted
calls=2 582
425 5200
cfl=c:\Users\Pedro\faculdade\IniciacaoCientifica\grn\.env\Lib\site-packages\pandas\io\formats\format.py
cfn=_calc_max_rows_fitted
calls=2 593
425 4300
cfl=c:\Users\Pedro\faculdade\IniciacaoCientifica\grn\.env\Lib\site-packages\pandas\io\formats\format.py
cfn=truncate
calls=2 650
425 5000
cfl=c:\Users\Pedro\faculdade\IniciacaoCientifica\grn\.env\Lib\site-packages\pandas\io\formats\format.py
cfn=_validate_float_format
calls=2 851
425 200
cfl=c:\Users\Pedro\faculdade\IniciacaoCientifica\grn\.env\Lib\site-packages\pandas\io\formats\printing.py
cfn=get_adjustment
calls=2 582
425 26500

fl=c:\Users\Pedro\faculdade\IniciacaoCientifica\grn\.env\Lib\site-packages\pandas\io\formats\format.py
fn=is_truncated_horizontally
494 800

fl=c:\Users\Pedro\faculdade\IniciacaoCientifica\grn\.env\Lib\site-packages\pandas\io\formats\format.py
fn=is_truncated_vertically
498 600

fl=c:\Users\Pedro\faculdade\IniciacaoCientifica\grn\.env\Lib\site-packages\pandas\io\formats\format.py
fn=_initialize_sparsify
526 800
cfl=c:\Users\Pedro\faculdade\IniciacaoCientifica\grn\.env\Lib\site-packages\pandas\_config\config.py
cfn=get_option
calls=2 143
526 9400

fl=c:\Users\Pedro\faculdade\IniciacaoCientifica\grn\.env\Lib\site-packages\pandas\io\formats\format.py
fn=_initialize_formatters
531 400

fl=c:\Users\Pedro\faculdade\IniciacaoCientifica\grn\.env\Lib\site-packages\pandas\io\formats\format.py
fn=_initialize_justify
544 1700
cfl=c:\Users\Pedro\faculdade\IniciacaoCientifica\grn\.env\Lib\site-packages\pandas\_config\config.py
cfn=get_option
calls=2 143
544 13400

fl=c:\Users\Pedro\faculdade\IniciacaoCientifica\grn\.env\Lib\site-packages\pandas\io\formats\format.py
fn=_initialize_columns
550 2300

fl=c:\Users\Pedro\faculdade\IniciacaoCientifica\grn\.env\Lib\site-packages\pandas\io\formats\format.py
fn=_initialize_colspace
558 600

fl=c:\Users\Pedro\faculdade\IniciacaoCientifica\grn\.env\Lib\site-packages\pandas\io\formats\format.py
fn=_calc_max_cols_fitted
582 3800
cfl=c:\Users\Pedro\faculdade\IniciacaoCientifica\grn\.env\Lib\site-packages\pandas\io\formats\format.py
cfn=_is_in_terminal
calls=2 626
582 1400

fl=c:\Users\Pedro\faculdade\IniciacaoCientifica\grn\.env\Lib\site-packages\pandas\io\formats\format.py
fn=_calc_max_rows_fitted
593 2600
cfl=c:\Users\Pedro\faculdade\IniciacaoCientifica\grn\.env\Lib\site-packages\pandas\io\formats\format.py
cfn=_adjust_max_rows
calls=2 612
593 400
cfl=c:\Users\Pedro\faculdade\IniciacaoCientifica\grn\.env\Lib\site-packages\pandas\io\formats\format.py
cfn=_is_in_terminal
calls=2 626
593 1300

fl=c:\Users\Pedro\faculdade\IniciacaoCientifica\grn\.env\Lib\site-packages\pandas\io\formats\format.py
fn=_adjust_max_rows
612 400

fl=c:\Users\Pedro\faculdade\IniciacaoCientifica\grn\.env\Lib\site-packages\pandas\io\formats\format.py
fn=_is_in_terminal
626 2700

fl=c:\Users\Pedro\faculdade\IniciacaoCientifica\grn\.env\Lib\site-packages\pandas\io\formats\format.py
fn=truncate
650 3600
cfl=c:\Users\Pedro\faculdade\IniciacaoCientifica\grn\.env\Lib\site-packages\pandas\io\formats\format.py
cfn=is_truncated_horizontally
calls=2 494
650 800
cfl=c:\Users\Pedro\faculdade\IniciacaoCientifica\grn\.env\Lib\site-packages\pandas\io\formats\format.py
cfn=is_truncated_vertically
calls=2 498
650 600

fl=c:\Users\Pedro\faculdade\IniciacaoCientifica\grn\.env\Lib\site-packages\pandas\io\formats\format.py
fn=_validate_float_format
851 200

fl=c:\Users\Pedro\faculdade\IniciacaoCientifica\grn\.env\Lib\site-packages\pandas\io\formats\format.py
fn=__init__:892
892 800

fl=c:\Users\Pedro\faculdade\IniciacaoCientifica\grn\.env\Lib\site-packages\pandas\io\formats\format.py
fn=to_csv
976 16800
cfl=<frozen importlib._bootstrap>
cfn=_find_and_load
calls=1 1360
976 1216300
cfl=c:\Users\Pedro\faculdade\IniciacaoCientifica\grn\.env\Lib\site-packages\pandas\io\formats\csvs.py
cfn=__init__
calls=2 59
976 269800
cfl=c:\Users\Pedro\faculdade\IniciacaoCientifica\grn\.env\Lib\site-packages\pandas\io\formats\csvs.py
cfn=save
calls=2 246
976 2373400

fl=c:\Users\Pedro\faculdade\IniciacaoCientifica\grn\.env\Lib\site-packages\pandas\io\formats\printing.py
fn=__init__
522 1600
cfl=c:\Users\Pedro\faculdade\IniciacaoCientifica\grn\.env\Lib\site-packages\pandas\_config\config.py
cfn=get_option
calls=2 143
522 8600

fl=c:\Users\Pedro\faculdade\IniciacaoCientifica\grn\.env\Lib\site-packages\pandas\io\formats\printing.py
fn=get_adjustment
582 4900
cfl=c:\Users\Pedro\faculdade\IniciacaoCientifica\grn\.env\Lib\site-packages\pandas\_config\config.py
cfn=get_option
calls=2 143
582 11400
cfl=c:\Users\Pedro\faculdade\IniciacaoCientifica\grn\.env\Lib\site-packages\pandas\io\formats\printing.py
cfn=__init__
calls=2 522
582 10200

fl=c:\Users\Pedro\faculdade\IniciacaoCientifica\grn\.env\Lib\site-packages\pandas\io\parsers\base_parser.py
fn=__init__
99 16000
cfl=C:\Users\Pedro\AppData\Local\Python\pythoncore-3.14-64\Lib\copy.py
cfn=copy
calls=1 62
99 800
cfl=c:\Users\Pedro\faculdade\IniciacaoCientifica\grn\.env\Lib\site-packages\pandas\io\parsers\base_parser.py
cfn=_validate_usecols_arg
calls=1 921
99 600
cfl=~
cfn=<method 'get' of 'dict' objects>
calls=13 0
99 1600
cfl=~
cfn=<method 'pop' of 'dict' objects>
calls=5 0
99 700

fl=c:\Users\Pedro\faculdade\IniciacaoCientifica\grn\.env\Lib\site-packages\pandas\io\parsers\base_parser.py
fn=_extract_multi_indexer_columns
189 1100
cfl=~
cfn=<built-in method builtins.len>
calls=1 0
189 200

fl=c:\Users\Pedro\faculdade\IniciacaoCientifica\grn\.env\Lib\site-packages\pandas\io\parsers\base_parser.py
fn=_maybe_make_multi_index_columns
260 600
cfl=c:\Users\Pedro\faculdade\IniciacaoCientifica\grn\.env\Lib\site-packages\pandas\io\common.py
cfn=is_potential_multi_index
calls=1 1267
260 3500

fl=c:\Users\Pedro\faculdade\IniciacaoCientifica\grn\.env\Lib\site-packages\pandas\io\parsers\base_parser.py
fn=_make_index
272 6500
cfl=c:\Users\Pedro\faculdade\IniciacaoCientifica\grn\.env\Lib\site-packages\pandas\io\parsers\base_parser.py
cfn=_maybe_make_multi_index_columns
calls=1 260
272 4100
cfl=~
cfn=<built-in method builtins.isinstance>
calls=1 0
272 100

fl=c:\Users\Pedro\faculdade\IniciacaoCientifica\grn\.env\Lib\site-packages\pandas\io\parsers\base_parser.py
fn=_set_noconvert_dtype_columns
390 2600
cfl=~
cfn=<built-in method builtins.callable>
calls=1 0
390 200
cfl=~
cfn=<built-in method builtins.isinstance>
calls=1 0
390 100

fl=c:\Users\Pedro\faculdade\IniciacaoCientifica\grn\.env\Lib\site-packages\pandas\io\parsers\base_parser.py
fn=_do_date_conversions
579 500
cfl=~
cfn=<built-in method builtins.isinstance>
calls=1 0
579 100

fl=c:\Users\Pedro\faculdade\IniciacaoCientifica\grn\.env\Lib\site-packages\pandas\io\parsers\base_parser.py
fn=_check_data_length
607 700
cfl=~
cfn=<built-in method builtins.len>
calls=2 0
607 200

fl=c:\Users\Pedro\faculdade\IniciacaoCientifica\grn\.env\Lib\site-packages\pandas\io\parsers\base_parser.py
fn=is_index_col
871 200

fl=c:\Users\Pedro\faculdade\IniciacaoCientifica\grn\.env\Lib\site-packages\pandas\io\parsers\base_parser.py
fn=validate_parse_dates_presence
875 800
cfl=~
cfn=<built-in method builtins.isinstance>
calls=1 0
875 300

fl=c:\Users\Pedro\faculdade\IniciacaoCientifica\grn\.env\Lib\site-packages\pandas\io\parsers\base_parser.py
fn=_validate_usecols_arg
921 600

fl=c:\Users\Pedro\faculdade\IniciacaoCientifica\grn\.env\Lib\site-packages\pandas\io\parsers\base_parser.py
fn=evaluate_callable_usecols
984 500
cfl=~
cfn=<built-in method builtins.callable>
calls=1 0
984 100

fl=c:\Users\Pedro\faculdade\IniciacaoCientifica\grn\.env\Lib\site-packages\pandas\io\parsers\c_parser_wrapper.py
fn=__init__
65 125000
cfl=<frozen codecs>
cfn=decode
calls=2 322
65 3700
cfl=<frozen codecs>
cfn=getstate
calls=2 334
65 300
cfl=C:\Users\Pedro\AppData\Local\Python\pythoncore-3.14-64\Lib\enum.py
cfn=__get__
calls=1 187
65 1400
cfl=c:\Users\Pedro\faculdade\IniciacaoCientifica\grn\.env\Lib\site-packages\pandas\io\parsers\base_parser.py
cfn=__init__
calls=1 99
65 19700
cfl=c:\Users\Pedro\faculdade\IniciacaoCientifica\grn\.env\Lib\site-packages\pandas\io\parsers\base_parser.py
cfn=_extract_multi_indexer_columns
calls=1 189
65 1300
cfl=c:\Users\Pedro\faculdade\IniciacaoCientifica\grn\.env\Lib\site-packages\pandas\io\parsers\base_parser.py
cfn=is_index_col
calls=1 871
65 100
cfl=c:\Users\Pedro\faculdade\IniciacaoCientifica\grn\.env\Lib\site-packages\pandas\io\parsers\base_parser.py
cfn=validate_parse_dates_presence
calls=1 875
65 1100
cfl=c:\Users\Pedro\faculdade\IniciacaoCientifica\grn\.env\Lib\site-packages\pandas\io\parsers\c_parser_wrapper.py
cfn=_set_noconvert_columns
calls=1 183
65 9900
cfl=c:\Users\Pedro\faculdade\IniciacaoCientifica\grn\.env\Lib\site-packages\pandas\io\parsers\c_parser_wrapper.py
cfn=ensure_dtype_objs
calls=1 377
65 1500
cfl=~
cfn=<method 'copy' of 'dict' objects>
calls=1 0
65 500
cfl=~
cfn=<method 'get' of 'dict' objects>
calls=1 0
65 100
cfl=~
cfn=<method 'pop' of 'dict' objects>
calls=5 0
65 500

fl=c:\Users\Pedro\faculdade\IniciacaoCientifica\grn\.env\Lib\site-packages\pandas\io\parsers\c_parser_wrapper.py
fn=close
176 2300

fl=c:\Users\Pedro\faculdade\IniciacaoCientifica\grn\.env\Lib\site-packages\pandas\io\parsers\c_parser_wrapper.py
fn=_set_noconvert_columns
183 7000
cfl=c:\Users\Pedro\faculdade\IniciacaoCientifica\grn\.env\Lib\site-packages\pandas\io\parsers\base_parser.py
cfn=_set_noconvert_dtype_columns
calls=1 390
183 2900

fl=c:\Users\Pedro\faculdade\IniciacaoCientifica\grn\.env\Lib\site-packages\pandas\io\parsers\c_parser_wrapper.py
fn=read
203 119800
cfl=<frozen codecs>
cfn=decode
calls=1 322
203 700
cfl=<frozen codecs>
cfn=getstate
calls=1 334
203 100
cfl=c:\Users\Pedro\faculdade\IniciacaoCientifica\grn\.env\Lib\site-packages\pandas\io\common.py
cfn=is_potential_multi_index
calls=1 1267
203 8500
cfl=c:\Users\Pedro\faculdade\IniciacaoCientifica\grn\.env\Lib\site-packages\pandas\io\common.py
cfn=dedup_names
calls=1 1298
203 4800
cfl=c:\Users\Pedro\faculdade\IniciacaoCientifica\grn\.env\Lib\site-packages\pandas\io\parsers\base_parser.py
cfn=_make_index
calls=1 272
203 10700
cfl=c:\Users\Pedro\faculdade\IniciacaoCientifica\grn\.env\Lib\site-packages\pandas\io\parsers\base_parser.py
cfn=_do_date_conversions
calls=1 579
203 600
cfl=c:\Users\Pedro\faculdade\IniciacaoCientifica\grn\.env\Lib\site-packages\pandas\io\parsers\base_parser.py
cfn=_check_data_length
calls=1 607
203 900
cfl=c:\Users\Pedro\faculdade\IniciacaoCientifica\grn\.env\Lib\site-packages\pandas\io\parsers\c_parser_wrapper.py
cfn=_filter_usecols
calls=1 328
203 2000
cfl=c:\Users\Pedro\faculdade\IniciacaoCientifica\grn\.env\Lib\site-packages\pandas\io\parsers\c_parser_wrapper.py
cfn=_concatenate_chunks
calls=1 336
203 66500
cfl=~
cfn=<built-in method builtins.sorted>
calls=1 0
203 2300
cfl=~
cfn=<method 'items' of 'dict' objects>
calls=1 0
203 200

fl=c:\Users\Pedro\faculdade\IniciacaoCientifica\grn\.env\Lib\site-packages\pandas\io\parsers\c_parser_wrapper.py
fn=_filter_usecols
328 1400
cfl=c:\Users\Pedro\faculdade\IniciacaoCientifica\grn\.env\Lib\site-packages\pandas\io\parsers\base_parser.py
cfn=evaluate_callable_usecols
calls=1 984
328 600

fl=c:\Users\Pedro\faculdade\IniciacaoCientifica\grn\.env\Lib\site-packages\pandas\io\parsers\c_parser_wrapper.py
fn=_concatenate_chunks
336 28200
cfl=c:\Users\Pedro\faculdade\IniciacaoCientifica\grn\.env\Lib\site-packages\pandas\core\dtypes\concat.py
cfn=concat_compat
calls=13 52
336 31000
cfl=~
cfn=<built-in method builtins.isinstance>
calls=26 0
336 2100
cfl=~
cfn=<built-in method builtins.len>
calls=13 0
336 1500
cfl=~
cfn=<method 'keys' of 'dict' objects>
calls=1 0
336 200
cfl=~
cfn=<method 'pop' of 'dict' objects>
calls=13 0
336 1700
cfl=~
cfn=<method 'pop' of 'set' objects>
calls=13 0
336 1800

fl=c:\Users\Pedro\faculdade\IniciacaoCientifica\grn\.env\Lib\site-packages\pandas\io\parsers\c_parser_wrapper.py
fn=ensure_dtype_objs
377 1000
cfl=~
cfn=<built-in method builtins.isinstance>
calls=2 0
377 500

fl=c:\Users\Pedro\faculdade\IniciacaoCientifica\grn\.env\Lib\site-packages\pandas\io\parsers\readers.py
fn=validate_integer
202 300

fl=c:\Users\Pedro\faculdade\IniciacaoCientifica\grn\.env\Lib\site-packages\pandas\io\parsers\readers.py
fn=_validate_names
234 300

fl=c:\Users\Pedro\faculdade\IniciacaoCientifica\grn\.env\Lib\site-packages\pandas\io\parsers\readers.py
fn=_read
258 26900
cfl=c:\Users\Pedro\faculdade\IniciacaoCientifica\grn\.env\Lib\site-packages\pandas\io\parsers\readers.py
cfn=validate_integer
calls=1 202
258 200
cfl=c:\Users\Pedro\faculdade\IniciacaoCientifica\grn\.env\Lib\site-packages\pandas\io\parsers\readers.py
cfn=_validate_names
calls=1 234
258 300
cfl=c:\Users\Pedro\faculdade\IniciacaoCientifica\grn\.env\Lib\site-packages\pandas\io\parsers\readers.py
cfn=__init__
calls=1 1600
258 6257500
cfl=c:\Users\Pedro\faculdade\IniciacaoCientifica\grn\.env\Lib\site-packages\pandas\io\parsers\readers.py
cfn=read
calls=1 1931
258 865500
cfl=c:\Users\Pedro\faculdade\IniciacaoCientifica\grn\.env\Lib\site-packages\pandas\io\parsers\readers.py
cfn=__enter__
calls=1 2014
258 200
cfl=c:\Users\Pedro\faculdade\IniciacaoCientifica\grn\.env\Lib\site-packages\pandas\io\parsers\readers.py
cfn=__exit__
calls=1 2017
258 30000
cfl=~
cfn=<built-in method builtins.isinstance>
calls=1 0
258 100
cfl=~
cfn=<method 'get' of 'dict' objects>
calls=8 0
258 1100

fl=c:\Users\Pedro\faculdade\IniciacaoCientifica\grn\.env\Lib\site-packages\pandas\io\parsers\readers.py
fn=read_csv
349 14700
cfl=c:\Users\Pedro\faculdade\IniciacaoCientifica\grn\.env\Lib\site-packages\pandas\io\parsers\readers.py
cfn=_read
calls=1 258
349 7181800
cfl=c:\Users\Pedro\faculdade\IniciacaoCientifica\grn\.env\Lib\site-packages\pandas\io\parsers\readers.py
cfn=_refine_defaults_read
calls=1 2156
349 7800
cfl=~
cfn=<built-in method builtins.locals>
calls=1 0
349 5400
cfl=~
cfn=<method 'copy' of 'dict' objects>
calls=1 0
349 500
cfl=~
cfn=<method 'update' of 'dict' objects>
calls=1 0
349 600

fl=c:\Users\Pedro\faculdade\IniciacaoCientifica\grn\.env\Lib\site-packages\pandas\io\parsers\readers.py
fn=__init__
1600 24700
cfl=c:\Users\Pedro\faculdade\IniciacaoCientifica\grn\.env\Lib\site-packages\pandas\io\parsers\readers.py
cfn=_get_options_with_defaults
calls=1 1652
1600 11000
cfl=c:\Users\Pedro\faculdade\IniciacaoCientifica\grn\.env\Lib\site-packages\pandas\io\parsers\readers.py
cfn=_check_file_or_buffer
calls=1 1698
1600 2300
cfl=c:\Users\Pedro\faculdade\IniciacaoCientifica\grn\.env\Lib\site-packages\pandas\io\parsers\readers.py
cfn=_clean_options
calls=1 1719
1600 18100
cfl=c:\Users\Pedro\faculdade\IniciacaoCientifica\grn\.env\Lib\site-packages\pandas\io\parsers\readers.py
cfn=_make_engine
calls=1 1871
1600 6199500
cfl=c:\Users\Pedro\faculdade\IniciacaoCientifica\grn\.env\Lib\site-packages\pandas\io\parsers\readers.py
cfn=_extract_dialect
calls=1 2269
1600 500
cfl=c:\Users\Pedro\faculdade\IniciacaoCientifica\grn\.env\Lib\site-packages\pandas\io\parsers\readers.py
cfn=_validate_skipfooter
calls=1 2371
1600 500
cfl=~
cfn=<method 'get' of 'dict' objects>
calls=4 0
1600 500
cfl=~
cfn=<method 'pop' of 'dict' objects>
calls=2 0
1600 400

fl=c:\Users\Pedro\faculdade\IniciacaoCientifica\grn\.env\Lib\site-packages\pandas\io\parsers\readers.py
fn=close
1647 2300
cfl=c:\Users\Pedro\faculdade\IniciacaoCientifica\grn\.env\Lib\site-packages\pandas\io\common.py
cfn=close
calls=1 126
1647 24000
cfl=c:\Users\Pedro\faculdade\IniciacaoCientifica\grn\.env\Lib\site-packages\pandas\io\parsers\c_parser_wrapper.py
cfn=close
calls=1 176
1647 2300

fl=c:\Users\Pedro\faculdade\IniciacaoCientifica\grn\.env\Lib\site-packages\pandas\io\parsers\readers.py
fn=_get_options_with_defaults
1652 7900
cfl=~
cfn=<method 'get' of 'dict' objects>
calls=34 0
1652 2800
cfl=~
cfn=<method 'items' of 'dict' objects>
calls=2 0
1652 300

fl=c:\Users\Pedro\faculdade\IniciacaoCientifica\grn\.env\Lib\site-packages\pandas\io\parsers\readers.py
fn=_check_file_or_buffer
1698 1000
cfl=c:\Users\Pedro\faculdade\IniciacaoCientifica\grn\.env\Lib\site-packages\pandas\core\dtypes\inference.py
cfn=is_file_like
calls=1 106
1698 1100
cfl=~
cfn=<built-in method builtins.hasattr>
calls=1 0
1698 200

fl=c:\Users\Pedro\faculdade\IniciacaoCientifica\grn\.env\Lib\site-packages\pandas\io\parsers\readers.py
fn=_clean_options
1719 13900
cfl=c:\Users\Pedro\faculdade\IniciacaoCientifica\grn\.env\Lib\site-packages\pandas\io\common.py
cfn=validate_header_arg
calls=1 200
1719 1400
cfl=c:\Users\Pedro\faculdade\IniciacaoCientifica\grn\.env\Lib\site-packages\pandas\io\parsers\base_parser.py
cfn=is_index_col
calls=1 871
1719 100
cfl=c:\Users\Pedro\faculdade\IniciacaoCientifica\grn\.env\Lib\site-packages\pandas\io\parsers\readers.py
cfn=_clean_na_values
calls=1 2079
1719 700
cfl=~
cfn=<built-in method builtins.isinstance>
calls=1 0
1719 200
cfl=~
cfn=<built-in method builtins.len>
calls=3 0
1719 400
cfl=~
cfn=<built-in method builtins.ord>
calls=1 0
1719 300
cfl=~
cfn=<built-in method sys.getfilesystemencoding>
calls=1 0
1719 400
cfl=~
cfn=<method 'copy' of 'dict' objects>
calls=1 0
1719 300
cfl=~
cfn=<method 'encode' of 'str' objects>
calls=1 0
1719 400

fl=c:\Users\Pedro\faculdade\IniciacaoCientifica\grn\.env\Lib\site-packages\pandas\io\parsers\readers.py
fn=_make_engine
1871 21800
cfl=c:\Users\Pedro\faculdade\IniciacaoCientifica\grn\.env\Lib\site-packages\pandas\io\common.py
cfn=get_handle
calls=1 701
1871 6012100
cfl=c:\Users\Pedro\faculdade\IniciacaoCientifica\grn\.env\Lib\site-packages\pandas\io\parsers\c_parser_wrapper.py
cfn=__init__
calls=1 65
1871 165100
cfl=~
cfn=<built-in method builtins.isinstance>
calls=1 0
1871 100
cfl=~
cfn=<method 'get' of 'dict' objects>
calls=6 0
1871 400

fl=c:\Users\Pedro\faculdade\IniciacaoCientifica\grn\.env\Lib\site-packages\pandas\io\parsers\readers.py
fn=read
1931 18800
cfl=c:\Users\Pedro\faculdade\IniciacaoCientifica\grn\.env\Lib\site-packages\pandas\core\frame.py
cfn=__init__
calls=1 702
1931 608300
cfl=c:\Users\Pedro\faculdade\IniciacaoCientifica\grn\.env\Lib\site-packages\pandas\core\indexes\range.py
cfn=__new__
calls=1 151
1931 19500
cfl=c:\Users\Pedro\faculdade\IniciacaoCientifica\grn\.env\Lib\site-packages\pandas\io\parsers\c_parser_wrapper.py
cfn=read
calls=1 203
1931 217100
cfl=c:\Users\Pedro\faculdade\IniciacaoCientifica\grn\.env\Lib\site-packages\pandas\io\parsers\readers.py
cfn=validate_integer
calls=1 202
1931 100
cfl=~
cfn=<built-in method builtins.hasattr>
calls=1 0
1931 200
cfl=~
cfn=<built-in method builtins.isinstance>
calls=1 0
1931 100
cfl=~
cfn=<built-in method builtins.iter>
calls=1 0
1931 400
cfl=~
cfn=<built-in method builtins.len>
calls=1 0
1931 100
cfl=~
cfn=<built-in method builtins.next>
calls=1 0
1931 400
cfl=~
cfn=<method 'get' of 'dict' objects>
calls=1 0
1931 300
cfl=~
cfn=<method 'values' of 'dict' objects>
calls=1 0
1931 200

fl=c:\Users\Pedro\faculdade\IniciacaoCientifica\grn\.env\Lib\site-packages\pandas\io\parsers\readers.py
fn=__enter__
2014 200

fl=c:\Users\Pedro\faculdade\IniciacaoCientifica\grn\.env\Lib\site-packages\pandas\io\parsers\readers.py
fn=__exit__
2017 1400
cfl=c:\Users\Pedro\faculdade\IniciacaoCientifica\grn\.env\Lib\site-packages\pandas\io\parsers\readers.py
cfn=close
calls=1 1647
2017 28600

fl=c:\Users\Pedro\faculdade\IniciacaoCientifica\grn\.env\Lib\site-packages\pandas\io\parsers\readers.py
fn=_clean_na_values
2079 700

fl=c:\Users\Pedro\faculdade\IniciacaoCientifica\grn\.env\Lib\site-packages\pandas\io\parsers\readers.py
fn=_refine_defaults_read
2156 6800
cfl=c:\Users\Pedro\faculdade\IniciacaoCientifica\grn\.env\Lib\site-packages\pandas\util\_validators.py
cfn=check_dtype_backend
calls=1 476
2156 1000

fl=c:\Users\Pedro\faculdade\IniciacaoCientifica\grn\.env\Lib\site-packages\pandas\io\parsers\readers.py
fn=_extract_dialect
2269 400
cfl=~
cfn=<method 'get' of 'dict' objects>
calls=1 0
2269 100

fl=c:\Users\Pedro\faculdade\IniciacaoCientifica\grn\.env\Lib\site-packages\pandas\io\parsers\readers.py
fn=_validate_skipfooter
2371 400
cfl=~
cfn=<method 'get' of 'dict' objects>
calls=1 0
2371 100

fl=c:\Users\Pedro\faculdade\IniciacaoCientifica\grn\.env\Lib\site-packages\pandas\util\_validators.py
fn=check_dtype_backend
476 1000

fl=c:\Users\Pedro\faculdade\IniciacaoCientifica\grn\.env\Lib\site-packages\scipy\_lib\_array_api_override.py
fn=array_namespace
69 674200

fl=c:\Users\Pedro\faculdade\IniciacaoCientifica\grn\.env\Lib\site-packages\scipy\_lib\_sparse.py
fn=issparse
10 2700
cfl=~
cfn=<built-in method builtins.isinstance>
calls=4 0
10 176900

fl=c:\Users\Pedro\faculdade\IniciacaoCientifica\grn\.env\Lib\site-packages\scipy\_lib\_util.py
fn=wrapper
291 15300
cfl=C:\Users\Pedro\AppData\Local\Python\pythoncore-3.14-64\Lib\asyncio\base_events.py
cfn=time
calls=1 766
291 1200
cfl=C:\Users\Pedro\AppData\Local\Python\pythoncore-3.14-64\Lib\asyncio\events.py
cfn=_run
calls=1 92
291 130300
cfl=C:\Users\Pedro\AppData\Local\Python\pythoncore-3.14-64\Lib\asyncio\selector_events.py
cfn=_process_events
calls=1 744
291 3100
cfl=c:\Users\Pedro\faculdade\IniciacaoCientifica\grn\.env\Lib\site-packages\scipy\optimize\_differentialevolution.py
cfn=differential_evolution
calls=0 25
291 0
cfl=c:\Users\Pedro\faculdade\IniciacaoCientifica\grn\.env\Lib\site-packages\scipy\optimize\_differentialevolution.py
cfn=converged
calls=2 1174
291 121900
cfl=c:\Users\Pedro\faculdade\IniciacaoCientifica\grn\.env\Lib\site-packages\scipy\optimize\_differentialevolution.py
cfn=_promote_lowest_energy
calls=1 1423
291 232800
cfl=~
cfn=<built-in method builtins.len>
calls=2 0
291 700
cfl=~
cfn=<built-in method builtins.next>
calls=2 0
291 2656711400
cfl=~
cfn=<built-in method builtins.print>
calls=2 0
291 345800
cfl=~
cfn=<method 'pop' of 'dict' objects>
calls=1 0
291 500
cfl=~
cfn=<method 'popleft' of 'collections.deque' objects>
calls=1 0
291 300

fl=c:\Users\Pedro\faculdade\IniciacaoCientifica\grn\.env\Lib\site-packages\scipy\_lib\_util.py
fn=check_random_state
393 78300
cfl=<frozen abc>
cfn=__instancecheck__
calls=1 117
393 6700
cfl=C:\Users\Pedro\AppData\Local\Python\pythoncore-3.14-64\Lib\random.py
cfn=getrandbits
calls=1 901
393 6100
cfl=C:\Users\Pedro\AppData\Local\Python\pythoncore-3.14-64\Lib\threading.py
cfn=RLock
calls=1 126
393 900
cfl=c:\Users\Pedro\faculdade\IniciacaoCientifica\grn\.env\Lib\site-packages\numpy\_core\_ufunc_config.py
cfn=inner
calls=1 496
393 62500
cfl=c:\Users\Pedro\faculdade\IniciacaoCientifica\grn\.env\Lib\site-packages\numpy\_core\multiarray.py
cfn=concatenate
calls=1 197
393 200
cfl=~
cfn=<built-in method builtins.isinstance>
calls=1 0
393 6800

fl=c:\Users\Pedro\faculdade\IniciacaoCientifica\grn\.env\Lib\site-packages\scipy\_lib\_util.py
fn=__init__:583
583 700

fl=c:\Users\Pedro\faculdade\IniciacaoCientifica\grn\.env\Lib\site-packages\scipy\_lib\_util.py
fn=__call__:587
587 10882500
cfl=c:\Users\Pedro\faculdade\IniciacaoCientifica\grn\PythonCode\Modules\Helpers.py
cfn=calculate_error
calls=1 50
587 56200
cfl=c:\Users\Pedro\faculdade\IniciacaoCientifica\grn\PythonCode\Modules\Methods.py
cfn=objective_function
calls=1719 197
587 0
cfl=~
cfn=<built-in method builtins.min>
calls=1 0
587 700

fl=c:\Users\Pedro\faculdade\IniciacaoCientifica\grn\.env\Lib\site-packages\scipy\_lib\_util.py
fn=__init__:595
595 1300

fl=c:\Users\Pedro\faculdade\IniciacaoCientifica\grn\.env\Lib\site-packages\scipy\_lib\_util.py
fn=__call__:600
600 8534500
cfl=c:\Users\Pedro\faculdade\IniciacaoCientifica\grn\.env\Lib\site-packages\numpy\_core\numeric.py
cfn=isscalar
calls=1700 1975
600 1799300
cfl=c:\Users\Pedro\faculdade\IniciacaoCientifica\grn\.env\Lib\site-packages\numpy\lib\_function_base_impl.py
cfn=_copy_dispatcher
calls=1700 920
600 265400
cfl=c:\Users\Pedro\faculdade\IniciacaoCientifica\grn\.env\Lib\site-packages\numpy\lib\_function_base_impl.py
cfn=copy
calls=1700 924
600 2389100
cfl=c:\Users\Pedro\faculdade\IniciacaoCientifica\grn\.env\Lib\site-packages\scipy\optimize\_differentialevolution.py
cfn=_f
calls=1700 1293
600 77539738300

fl=c:\Users\Pedro\faculdade\IniciacaoCientifica\grn\.env\Lib\site-packages\scipy\_lib\_util.py
fn=__init__:633
633 71900
cfl=~
cfn=<built-in method builtins.callable>
calls=86 0
633 20300

fl=c:\Users\Pedro\faculdade\IniciacaoCientifica\grn\.env\Lib\site-packages\scipy\_lib\_util.py
fn=__enter__
669 11000

fl=c:\Users\Pedro\faculdade\IniciacaoCientifica\grn\.env\Lib\site-packages\scipy\_lib\_util.py
fn=__exit__
684 28200

fl=c:\Users\Pedro\faculdade\IniciacaoCientifica\grn\.env\Lib\site-packages\scipy\_lib\_util.py
fn=__call__:689
689 1344200
cfl=C:\Users\Pedro\AppData\Local\Python\pythoncore-3.14-64\Lib\asyncio\base_events.py
cfn=_run_once
calls=0 1966
689 0
cfl=c:\Users\Pedro\faculdade\IniciacaoCientifica\grn\.env\Lib\site-packages\scipy\optimize\_differentialevolution.py
cfn=maplike_for_vectorized_func
calls=1720 849
689 0

fl=c:\Users\Pedro\faculdade\IniciacaoCientifica\grn\.env\Lib\site-packages\scipy\_lib\_util.py
fn=rng_integers
722 464900
cfl=c:\Users\Pedro\faculdade\IniciacaoCientifica\grn\.env\Lib\site-packages\numpy\_core\fromnumeric.py
cfn=_prod_dispatcher
calls=20 3282
722 6600
cfl=c:\Users\Pedro\faculdade\IniciacaoCientifica\grn\.env\Lib\site-packages\numpy\_core\fromnumeric.py
cfn=prod
calls=20 3287
722 366000
cfl=~
cfn=<built-in method builtins.isinstance>
calls=20 0
722 12500

fl=c:\Users\Pedro\faculdade\IniciacaoCientifica\grn\.env\Lib\site-packages\scipy\_lib\_util.py
fn=_call_callback_maybe_halt
988 10000

fl=c:\Users\Pedro\faculdade\IniciacaoCientifica\grn\.env\Lib\site-packages\scipy\_lib\_util.py
fn=__getattr__
1016 3200

fl=c:\Users\Pedro\faculdade\IniciacaoCientifica\grn\.env\Lib\site-packages\scipy\_lib\array_api_compat\common\_helpers.py
fn=_check_device
683 3395300
cfl=~
cfn=<method 'get' of 'dict' objects>
calls=1955 0
683 1273800

fl=c:\Users\Pedro\faculdade\IniciacaoCientifica\grn\.env\Lib\site-packages\scipy\_lib\array_api_compat\numpy\_aliases.py
fn=asarray
70 616500
cfl=c:\Users\Pedro\faculdade\IniciacaoCientifica\grn\.env\Lib\site-packages\scipy\_lib\array_api_compat\common\_helpers.py
cfn=_check_device
calls=170 683
70 663900
cfl=~
cfn=<built-in method numpy.array>
calls=170 0
70 927500

fl=c:\Users\Pedro\faculdade\IniciacaoCientifica\grn\.env\Lib\site-packages\scipy\_lib\array_api_compat\numpy\_aliases.py
fn=astype
97 3557700
cfl=c:\Users\Pedro\faculdade\IniciacaoCientifica\grn\.env\Lib\site-packages\scipy\_lib\array_api_compat\common\_helpers.py
cfn=_check_device
calls=1785 683
97 4005200
cfl=~
cfn=<method 'astype' of 'numpy.ndarray' objects>
calls=1785 0
97 3570800

fl=c:\Users\Pedro\faculdade\IniciacaoCientifica\grn\.env\Lib\site-packages\scipy\_lib\array_api_extra\_delegation.py
fn=atleast_nd
34 1512800
cfl=c:\Users\Pedro\faculdade\IniciacaoCientifica\grn\.env\Lib\site-packages\numpy\_core\shape_base.py
cfn=_atleast_1d_dispatcher
calls=170 15
34 20200
cfl=c:\Users\Pedro\faculdade\IniciacaoCientifica\grn\.env\Lib\site-packages\numpy\_core\shape_base.py
cfn=atleast_1d
calls=170 19
34 204300
cfl=~
cfn=<built-in method builtins.getattr>
calls=170 0
34 190600

fl=c:\Users\Pedro\faculdade\IniciacaoCientifica\grn\.env\Lib\site-packages\scipy\integrate\_odepack_py.py
fn=odeint
31 91882900
cfl=C:\Users\Pedro\AppData\Local\Python\pythoncore-3.14-64\Lib\asyncio\base_events.py
cfn=time
calls=17 766
31 34300
cfl=C:\Users\Pedro\AppData\Local\Python\pythoncore-3.14-64\Lib\asyncio\events.py
cfn=_run
calls=17 92
31 67885400
cfl=C:\Users\Pedro\AppData\Local\Python\pythoncore-3.14-64\Lib\asyncio\selector_events.py
cfn=_process_events
calls=17 744
31 11700
cfl=C:\Users\Pedro\AppData\Local\Python\pythoncore-3.14-64\Lib\copy.py
cfn=copy
calls=15372 62
31 44188900
cfl=C:\Users\Pedro\AppData\Local\Python\pythoncore-3.14-64\Lib\enum.py
cfn=__or__
calls=4 1583
31 34000
cfl=c:\Users\Pedro\faculdade\IniciacaoCientifica\grn\.env\Lib\site-packages\IPython\core\history.py
cfn=_writeout_output_cache
calls=1 1047
31 5700
cfl=c:\Users\Pedro\faculdade\IniciacaoCientifica\grn\.env\Lib\site-packages\numpy\lib\_function_base_impl.py
cfn=_diff_dispatcher
calls=7686 1398
31 1681500
cfl=c:\Users\Pedro\faculdade\IniciacaoCientifica\grn\.env\Lib\site-packages\numpy\lib\_function_base_impl.py
cfn=diff
calls=7686 1402
31 87596200
cfl=c:\Users\Pedro\faculdade\IniciacaoCientifica\grn\.env\Lib\site-packages\traitlets\traitlets.py
cfn=__get__
calls=1 695
31 2800
cfl=c:\Users\Pedro\faculdade\IniciacaoCientifica\grn\.env\Lib\site-packages\traitlets\traitlets.py
cfn=__set__
calls=2 727
31 91800
cfl=c:\Users\Pedro\faculdade\IniciacaoCientifica\grn\.env\Lib\site-packages\zmq\sugar\socket.py
cfn=send
calls=5 623
31 1415900
cfl=~
cfn=<built-in method _heapq.heappop>
calls=15 0
31 31400
cfl=~
cfn=<built-in method builtins.len>
calls=7649 0
31 1914700
cfl=~
cfn=<built-in method scipy.integrate._odepack.odeint>
calls=7632 0
31 9538200
cfl=~
cfn=<method '__enter__' of '_thread.lock' objects>
calls=1 0
31 700
cfl=~
cfn=<method '__exit__' of '_thread.lock' objects>
calls=2 0
31 800
cfl=~
cfn=<method 'all' of 'numpy.ndarray' objects>
calls=7686 0
31 57593100
cfl=~
cfn=<method 'append' of 'collections.deque' objects>
calls=15 0
31 9300
cfl=~
cfn=<method 'append' of 'list' objects>
calls=3 0
31 1600
cfl=~
cfn=<method 'get' of 'dict' objects>
calls=3 0
31 1500
cfl=~
cfn=<method 'popleft' of 'collections.deque' objects>
calls=17 0
31 7400

fl=c:\Users\Pedro\faculdade\IniciacaoCientifica\grn\.env\Lib\site-packages\scipy\optimize\_constraints.py
fn=_arr_to_scalar
16 11200
cfl=~
cfn=<built-in method builtins.isinstance>
calls=38 0
16 4600

fl=c:\Users\Pedro\faculdade\IniciacaoCientifica\grn\.env\Lib\site-packages\scipy\optimize\_constraints.py
fn=_input_validation
258 6100
cfl=c:\Users\Pedro\faculdade\IniciacaoCientifica\grn\.env\Lib\site-packages\numpy\lib\_stride_tricks_impl.py
cfn=_broadcast_arrays_dispatcher
calls=1 510
258 200
cfl=c:\Users\Pedro\faculdade\IniciacaoCientifica\grn\.env\Lib\site-packages\numpy\lib\_stride_tricks_impl.py
cfn=broadcast_arrays
calls=1 514
258 44200

fl=c:\Users\Pedro\faculdade\IniciacaoCientifica\grn\.env\Lib\site-packages\scipy\optimize\_constraints.py
fn=__init__
266 11700
cfl=c:\Users\Pedro\faculdade\IniciacaoCientifica\grn\.env\Lib\site-packages\numpy\_core\shape_base.py
cfn=_atleast_1d_dispatcher
calls=3 15
266 400
cfl=c:\Users\Pedro\faculdade\IniciacaoCientifica\grn\.env\Lib\site-packages\numpy\_core\shape_base.py
cfn=atleast_1d
calls=3 19
266 7500
cfl=c:\Users\Pedro\faculdade\IniciacaoCientifica\grn\.env\Lib\site-packages\scipy\_lib\_sparse.py
cfn=issparse
calls=3 10
266 118400
cfl=c:\Users\Pedro\faculdade\IniciacaoCientifica\grn\.env\Lib\site-packages\scipy\optimize\_constraints.py
cfn=_input_validation
calls=1 258
266 50500
cfl=~
cfn=<method 'astype' of 'numpy.ndarray' objects>
calls=1 0
266 1700

fl=c:\Users\Pedro\faculdade\IniciacaoCientifica\grn\.env\Lib\site-packages\scipy\optimize\_constraints.py
fn=new_bounds_to_old
419 20900
cfl=c:\Users\Pedro\faculdade\IniciacaoCientifica\grn\.env\Lib\site-packages\numpy\lib\_stride_tricks_impl.py
cfn=_broadcast_to_dispatcher
calls=2 396
419 400
cfl=c:\Users\Pedro\faculdade\IniciacaoCientifica\grn\.env\Lib\site-packages\numpy\lib\_stride_tricks_impl.py
cfn=broadcast_to
calls=2 400
419 22600

fl=c:\Users\Pedro\faculdade\IniciacaoCientifica\grn\.env\Lib\site-packages\scipy\optimize\_constraints.py
fn=old_bound_to_new
437 17900
cfl=c:\Users\Pedro\faculdade\IniciacaoCientifica\grn\.env\Lib\site-packages\scipy\optimize\_constraints.py
cfn=_arr_to_scalar
calls=38 16
437 15800
cfl=~
cfn=<built-in method numpy.array>
calls=2 0
437 5000

fl=c:\Users\Pedro\faculdade\IniciacaoCientifica\grn\.env\Lib\site-packages\scipy\optimize\_differentiable_functions.py
fn=__init__:20
20 1500

fl=c:\Users\Pedro\faculdade\IniciacaoCientifica\grn\.env\Lib\site-packages\scipy\optimize\_differentiable_functions.py
fn=__call__
35 736500
cfl=c:\Users\Pedro\faculdade\IniciacaoCientifica\grn\.env\Lib\site-packages\scipy\optimize\_numdiff.py
cfn=approx_derivative
calls=85 278
35 73759790000
cfl=~
cfn=<built-in method builtins.callable>
calls=85 0
35 33400

fl=c:\Users\Pedro\faculdade\IniciacaoCientifica\grn\.env\Lib\site-packages\scipy\optimize\_differentiable_functions.py
fn=__init__:57
57 11700
cfl=c:\Users\Pedro\faculdade\IniciacaoCientifica\grn\.env\Lib\site-packages\numpy\_core\shape_base.py
cfn=_atleast_2d_dispatcher
calls=1 74
57 100
cfl=c:\Users\Pedro\faculdade\IniciacaoCientifica\grn\.env\Lib\site-packages\numpy\_core\shape_base.py
cfn=atleast_2d
calls=1 78
57 4400
cfl=c:\Users\Pedro\faculdade\IniciacaoCientifica\grn\.env\Lib\site-packages\numpy\lib\_function_base_impl.py
cfn=_copy_dispatcher
calls=1 920
57 200
cfl=c:\Users\Pedro\faculdade\IniciacaoCientifica\grn\.env\Lib\site-packages\numpy\lib\_function_base_impl.py
cfn=copy
calls=1 924
57 2900
cfl=c:\Users\Pedro\faculdade\IniciacaoCientifica\grn\.env\Lib\site-packages\scipy\_lib\_sparse.py
cfn=issparse
calls=1 10
57 61200
cfl=c:\Users\Pedro\faculdade\IniciacaoCientifica\grn\.env\Lib\site-packages\scipy\optimize\_optimize.py
cfn=hess
calls=1 299
57 300
cfl=~
cfn=<built-in method builtins.callable>
calls=1 0
57 300
cfl=~
cfn=<built-in method builtins.isinstance>
calls=1 0
57 200
cfl=~
cfn=<built-in method numpy.asarray>
calls=1 0
57 2300

fl=c:\Users\Pedro\faculdade\IniciacaoCientifica\grn\.env\Lib\site-packages\scipy\optimize\_differentiable_functions.py
fn=__init__:218
218 58200
cfl=c:\Users\Pedro\faculdade\IniciacaoCientifica\grn\.env\Lib\site-packages\numpy\_core\numerictypes.py
cfn=isdtype
calls=1 385
218 11800
cfl=c:\Users\Pedro\faculdade\IniciacaoCientifica\grn\.env\Lib\site-packages\scipy\_lib\_array_api_override.py
cfn=array_namespace
calls=1 69
218 600
cfl=c:\Users\Pedro\faculdade\IniciacaoCientifica\grn\.env\Lib\site-packages\scipy\_lib\_util.py
cfn=__init__:595
calls=1 595
218 1300
cfl=c:\Users\Pedro\faculdade\IniciacaoCientifica\grn\.env\Lib\site-packages\scipy\_lib\array_api_compat\numpy\_aliases.py
cfn=asarray
calls=1 70
218 14200
cfl=c:\Users\Pedro\faculdade\IniciacaoCientifica\grn\.env\Lib\site-packages\scipy\_lib\array_api_compat\numpy\_aliases.py
cfn=astype
calls=1 97
218 4600
cfl=c:\Users\Pedro\faculdade\IniciacaoCientifica\grn\.env\Lib\site-packages\scipy\_lib\array_api_extra\_delegation.py
cfn=atleast_nd
calls=1 34
218 7000
cfl=c:\Users\Pedro\faculdade\IniciacaoCientifica\grn\.env\Lib\site-packages\scipy\optimize\_differentiable_functions.py
cfn=__init__:20
calls=1 20
218 1500
cfl=c:\Users\Pedro\faculdade\IniciacaoCientifica\grn\.env\Lib\site-packages\scipy\optimize\_differentiable_functions.py
cfn=__init__:57
calls=1 57
218 83600
cfl=c:\Users\Pedro\faculdade\IniciacaoCientifica\grn\.env\Lib\site-packages\scipy\optimize\_differentiable_functions.py
cfn=_update_fun
calls=1 360
218 58418200
cfl=c:\Users\Pedro\faculdade\IniciacaoCientifica\grn\.env\Lib\site-packages\scipy\optimize\_differentiable_functions.py
cfn=_update_grad
calls=1 371
218 1111958600
cfl=~
cfn=<built-in method builtins.callable>
calls=3 0
218 800
cfl=~
cfn=<built-in method builtins.isinstance>
calls=1 0
218 700

fl=c:\Users\Pedro\faculdade\IniciacaoCientifica\grn\.env\Lib\site-packages\scipy\optimize\_differentiable_functions.py
fn=nfev
325 12200

fl=c:\Users\Pedro\faculdade\IniciacaoCientifica\grn\.env\Lib\site-packages\scipy\optimize\_differentiable_functions.py
fn=ngev
329 800

fl=c:\Users\Pedro\faculdade\IniciacaoCientifica\grn\.env\Lib\site-packages\scipy\optimize\_differentiable_functions.py
fn=_update_x
337 392200
cfl=c:\Users\Pedro\faculdade\IniciacaoCientifica\grn\.env\Lib\site-packages\scipy\_lib\array_api_compat\numpy\_aliases.py
cfn=asarray
calls=84 70
337 1014200
cfl=c:\Users\Pedro\faculdade\IniciacaoCientifica\grn\.env\Lib\site-packages\scipy\_lib\array_api_compat\numpy\_aliases.py
cfn=astype
calls=84 97
337 309000
cfl=c:\Users\Pedro\faculdade\IniciacaoCientifica\grn\.env\Lib\site-packages\scipy\_lib\array_api_extra\_delegation.py
cfn=atleast_nd
calls=84 34
337 654500
cfl=~
cfn=<built-in method builtins.isinstance>
calls=84 0
337 39300

fl=c:\Users\Pedro\faculdade\IniciacaoCientifica\grn\.env\Lib\site-packages\scipy\optimize\_differentiable_functions.py
fn=_update_fun
360 299200
cfl=c:\Users\Pedro\faculdade\IniciacaoCientifica\grn\.env\Lib\site-packages\scipy\_lib\_util.py
cfn=__call__:600
calls=85 600
360 3887808000

fl=c:\Users\Pedro\faculdade\IniciacaoCientifica\grn\.env\Lib\site-packages\scipy\optimize\_differentiable_functions.py
fn=_update_grad
371 478400
cfl=c:\Users\Pedro\faculdade\IniciacaoCientifica\grn\.env\Lib\site-packages\scipy\optimize\_differentiable_functions.py
cfn=__call__
calls=85 35
371 73760559900
cfl=c:\Users\Pedro\faculdade\IniciacaoCientifica\grn\.env\Lib\site-packages\scipy\optimize\_differentiable_functions.py
cfn=_update_fun
calls=85 360
371 14300

fl=c:\Users\Pedro\faculdade\IniciacaoCientifica\grn\.env\Lib\site-packages\scipy\optimize\_differentiable_functions.py
fn=fun_and_grad
409 578500
cfl=c:\Users\Pedro\faculdade\IniciacaoCientifica\grn\.env\Lib\site-packages\numpy\_core\numeric.py
cfn=_array_equal_dispatcher
calls=86 2516
409 22200
cfl=c:\Users\Pedro\faculdade\IniciacaoCientifica\grn\.env\Lib\site-packages\numpy\_core\numeric.py
cfn=array_equal
calls=86 2535
409 1815800
cfl=c:\Users\Pedro\faculdade\IniciacaoCientifica\grn\.env\Lib\site-packages\scipy\optimize\_differentiable_functions.py
cfn=_update_x
calls=84 337
409 2409200
cfl=c:\Users\Pedro\faculdade\IniciacaoCientifica\grn\.env\Lib\site-packages\scipy\optimize\_differentiable_functions.py
cfn=_update_fun
calls=86 360
409 3829674700
cfl=c:\Users\Pedro\faculdade\IniciacaoCientifica\grn\.env\Lib\site-packages\scipy\optimize\_differentiable_functions.py
cfn=_update_grad
calls=86 371
409 72649094000

fl=c:\Users\Pedro\faculdade\IniciacaoCientifica\grn\.env\Lib\site-packages\scipy\optimize\_differentialevolution.py
fn=differential_evolution
25 20100
cfl=c:\Users\Pedro\faculdade\IniciacaoCientifica\grn\.env\Lib\site-packages\numpy\_core\fromnumeric.py
cfn=_squeeze_dispatcher
calls=1 1592
25 400
cfl=c:\Users\Pedro\faculdade\IniciacaoCientifica\grn\.env\Lib\site-packages\numpy\_core\fromnumeric.py
cfn=squeeze
calls=1 1596
25 21600
cfl=c:\Users\Pedro\faculdade\IniciacaoCientifica\grn\.env\Lib\site-packages\scipy\optimize\_differentialevolution.py
cfn=__init__
calls=1 805
25 1647400
cfl=c:\Users\Pedro\faculdade\IniciacaoCientifica\grn\.env\Lib\site-packages\scipy\optimize\_differentialevolution.py
cfn=solve
calls=0 1185
25 0
cfl=c:\Users\Pedro\faculdade\IniciacaoCientifica\grn\.env\Lib\site-packages\scipy\optimize\_differentialevolution.py
cfn=__enter__
calls=1 1550
25 100

fl=c:\Users\Pedro\faculdade\IniciacaoCientifica\grn\.env\Lib\site-packages\scipy\optimize\_differentialevolution.py
fn=__init__
805 117200
cfl=c:\Users\Pedro\faculdade\IniciacaoCientifica\grn\.env\Lib\site-packages\numpy\_core\_ufunc_config.py
cfn=__init__
calls=1 462
805 200
cfl=c:\Users\Pedro\faculdade\IniciacaoCientifica\grn\.env\Lib\site-packages\numpy\_core\_ufunc_config.py
cfn=__enter__
calls=1 472
805 5100
cfl=c:\Users\Pedro\faculdade\IniciacaoCientifica\grn\.env\Lib\site-packages\numpy\_core\_ufunc_config.py
cfn=__exit__
calls=1 488
805 2900
cfl=c:\Users\Pedro\faculdade\IniciacaoCientifica\grn\.env\Lib\site-packages\numpy\_core\fromnumeric.py
cfn=_sum_dispatcher
calls=1 2299
805 100
cfl=c:\Users\Pedro\faculdade\IniciacaoCientifica\grn\.env\Lib\site-packages\numpy\_core\fromnumeric.py
cfn=sum
calls=1 2304
805 11300
cfl=c:\Users\Pedro\faculdade\IniciacaoCientifica\grn\.env\Lib\site-packages\numpy\_core\fromnumeric.py
cfn=_any_dispatcher
calls=3 2431
805 600
cfl=c:\Users\Pedro\faculdade\IniciacaoCientifica\grn\.env\Lib\site-packages\numpy\_core\fromnumeric.py
cfn=any
calls=3 2436
805 23400
cfl=c:\Users\Pedro\faculdade\IniciacaoCientifica\grn\.env\Lib\site-packages\numpy\_core\fromnumeric.py
cfn=_all_dispatcher
calls=2 2543
805 400
cfl=c:\Users\Pedro\faculdade\IniciacaoCientifica\grn\.env\Lib\site-packages\numpy\_core\fromnumeric.py
cfn=all
calls=2 2548
805 30500
cfl=c:\Users\Pedro\faculdade\IniciacaoCientifica\grn\.env\Lib\site-packages\numpy\_core\fromnumeric.py
cfn=_size_dispatcher
calls=2 3521
805 200
cfl=c:\Users\Pedro\faculdade\IniciacaoCientifica\grn\.env\Lib\site-packages\numpy\_core\fromnumeric.py
cfn=size
calls=2 3525
805 34000
cfl=c:\Users\Pedro\faculdade\IniciacaoCientifica\grn\.env\Lib\site-packages\numpy\_core\numeric.py
cfn=ones
calls=1 170
805 4600
cfl=c:\Users\Pedro\faculdade\IniciacaoCientifica\grn\.env\Lib\site-packages\numpy\_core\numeric.py
cfn=_count_nonzero_dispatcher
calls=1 479
805 100
cfl=c:\Users\Pedro\faculdade\IniciacaoCientifica\grn\.env\Lib\site-packages\numpy\_core\numeric.py
cfn=count_nonzero
calls=1 483
805 2300
cfl=c:\Users\Pedro\faculdade\IniciacaoCientifica\grn\.env\Lib\site-packages\scipy\_lib\_util.py
cfn=check_random_state
calls=1 393
805 161500
cfl=c:\Users\Pedro\faculdade\IniciacaoCientifica\grn\.env\Lib\site-packages\scipy\_lib\_util.py
cfn=__init__:583
calls=1 583
805 700
cfl=c:\Users\Pedro\faculdade\IniciacaoCientifica\grn\.env\Lib\site-packages\scipy\_lib\_util.py
cfn=__init__:633
calls=1 633
805 1600
cfl=c:\Users\Pedro\faculdade\IniciacaoCientifica\grn\.env\Lib\site-packages\scipy\optimize\_differentialevolution.py
cfn=init_population_lhs
calls=1 1032
805 596800
cfl=c:\Users\Pedro\faculdade\IniciacaoCientifica\grn\.env\Lib\site-packages\scipy\optimize\_optimize.py
cfn=_wrap_callback
calls=1 88
805 200
cfl=~
cfn=<built-in method _warnings.warn>
calls=1 0
805 638200
cfl=~
cfn=<built-in method builtins.callable>
calls=1 0
805 100
cfl=~
cfn=<built-in method builtins.hasattr>
calls=2 0
805 1300
cfl=~
cfn=<built-in method builtins.isinstance>
calls=2 0
805 500
cfl=~
cfn=<built-in method builtins.max>
calls=2 0
805 900
cfl=~
cfn=<built-in method numpy.arange>
calls=1 0
805 2800
cfl=~
cfn=<built-in method numpy.array>
calls=3 0
805 9100
cfl=~
cfn=<built-in method numpy.zeros>
calls=1 0
805 800

fl=c:\Users\Pedro\faculdade\IniciacaoCientifica\grn\.env\Lib\site-packages\scipy\optimize\_differentialevolution.py
fn=maplike_for_vectorized_func
849 7259700
cfl=C:\Users\Pedro\AppData\Local\Python\pythoncore-3.14-64\Lib\asyncio\base_events.py
cfn=_run_once
calls=0 1966
849 0
cfl=c:\Users\Pedro\faculdade\IniciacaoCientifica\grn\.env\Lib\site-packages\numpy\_core\shape_base.py
cfn=_atleast_1d_dispatcher
calls=1719 15
849 236700
cfl=c:\Users\Pedro\faculdade\IniciacaoCientifica\grn\.env\Lib\site-packages\numpy\_core\shape_base.py
cfn=atleast_1d
calls=1719 19
849 2759300
cfl=c:\Users\Pedro\faculdade\IniciacaoCientifica\grn\.env\Lib\site-packages\scipy\_lib\_util.py
cfn=__call__:587
calls=1719 587
849 0
cfl=c:\Users\Pedro\faculdade\IniciacaoCientifica\grn\PythonCode\Modules\EvolutionModules.py
cfn=calculate_fitness
calls=260 107
849 1305214800
cfl=c:\Users\Pedro\faculdade\IniciacaoCientifica\grn\PythonCode\Modules\EvolutionModules.py
cfn=list_to_ind
calls=260 221
849 25217400

fl=c:\Users\Pedro\faculdade\IniciacaoCientifica\grn\.env\Lib\site-packages\scipy\optimize\_differentialevolution.py
fn=mutation_func
1028 28000
cfl=~
cfn=<built-in method builtins.getattr>
calls=20 0
1028 11500

fl=c:\Users\Pedro\faculdade\IniciacaoCientifica\grn\.env\Lib\site-packages\scipy\optimize\_differentialevolution.py
fn=init_population_lhs
1032 556100
cfl=c:\Users\Pedro\faculdade\IniciacaoCientifica\grn\.env\Lib\site-packages\numpy\_core\function_base.py
cfn=_linspace_dispatcher
calls=1 22
1032 100
cfl=c:\Users\Pedro\faculdade\IniciacaoCientifica\grn\.env\Lib\site-packages\numpy\_core\function_base.py
cfn=linspace
calls=1 27
1032 26200
cfl=c:\Users\Pedro\faculdade\IniciacaoCientifica\grn\.env\Lib\site-packages\numpy\_core\multiarray.py
cfn=may_share_memory
calls=19 1397
1032 1700
cfl=c:\Users\Pedro\faculdade\IniciacaoCientifica\grn\.env\Lib\site-packages\numpy\_core\numeric.py
cfn=_zeros_like_dispatcher
calls=1 91
1032 100
cfl=c:\Users\Pedro\faculdade\IniciacaoCientifica\grn\.env\Lib\site-packages\numpy\_core\numeric.py
cfn=zeros_like
calls=1 97
1032 7100
cfl=c:\Users\Pedro\faculdade\IniciacaoCientifica\grn\.env\Lib\site-packages\numpy\_core\numeric.py
cfn=full
calls=1 323
1032 5500

fl=c:\Users\Pedro\faculdade\IniciacaoCientifica\grn\.env\Lib\site-packages\scipy\optimize\_differentialevolution.py
fn=x
1156 31700
cfl=c:\Users\Pedro\faculdade\IniciacaoCientifica\grn\.env\Lib\site-packages\scipy\optimize\_differentialevolution.py
cfn=_scale_parameters
calls=21 1726
1156 931400

fl=c:\Users\Pedro\faculdade\IniciacaoCientifica\grn\.env\Lib\site-packages\scipy\optimize\_differentialevolution.py
fn=converged
1174 266000
cfl=c:\Users\Pedro\faculdade\IniciacaoCientifica\grn\.env\Lib\site-packages\numpy\_core\fromnumeric.py
cfn=_any_dispatcher
calls=20 2431
1174 6200
cfl=c:\Users\Pedro\faculdade\IniciacaoCientifica\grn\.env\Lib\site-packages\numpy\_core\fromnumeric.py
cfn=any
calls=20 2436
1174 239800
cfl=c:\Users\Pedro\faculdade\IniciacaoCientifica\grn\.env\Lib\site-packages\numpy\_core\fromnumeric.py
cfn=_mean_dispatcher
calls=20 3694
1174 3500
cfl=c:\Users\Pedro\faculdade\IniciacaoCientifica\grn\.env\Lib\site-packages\numpy\_core\fromnumeric.py
cfn=mean
calls=20 3699
1174 247300
cfl=c:\Users\Pedro\faculdade\IniciacaoCientifica\grn\.env\Lib\site-packages\numpy\_core\fromnumeric.py
cfn=_std_dispatcher
calls=20 3828
1174 4200
cfl=c:\Users\Pedro\faculdade\IniciacaoCientifica\grn\.env\Lib\site-packages\numpy\_core\fromnumeric.py
cfn=std
calls=20 3833
1174 901000

fl=c:\Users\Pedro\faculdade\IniciacaoCientifica\grn\.env\Lib\site-packages\scipy\optimize\_differentialevolution.py
fn=solve
1185 248100
cfl=c:\Users\Pedro\faculdade\IniciacaoCientifica\grn\.env\Lib\site-packages\numpy\_core\fromnumeric.py
cfn=_all_dispatcher
calls=1 2543
1185 200
cfl=c:\Users\Pedro\faculdade\IniciacaoCientifica\grn\.env\Lib\site-packages\numpy\_core\fromnumeric.py
cfn=all
calls=1 2548
1185 4500
cfl=c:\Users\Pedro\faculdade\IniciacaoCientifica\grn\.env\Lib\site-packages\scipy\optimize\_differentialevolution.py
cfn=_calculate_population_energies
calls=0 1368
1185 0
cfl=c:\Users\Pedro\faculdade\IniciacaoCientifica\grn\.env\Lib\site-packages\scipy\optimize\_differentialevolution.py
cfn=_calculate_population_feasibilities
calls=1 1502
1185 18600

fl=c:\Users\Pedro\faculdade\IniciacaoCientifica\grn\.env\Lib\site-packages\scipy\optimize\_differentialevolution.py
fn=_f
1293 12308100
cfl=c:\Users\Pedro\faculdade\IniciacaoCientifica\grn\.env\Lib\site-packages\numpy\_core\shape_base.py
cfn=_atleast_2d_dispatcher
calls=1700 74
1293 211400
cfl=c:\Users\Pedro\faculdade\IniciacaoCientifica\grn\.env\Lib\site-packages\numpy\_core\shape_base.py
cfn=atleast_2d
calls=1700 78
1293 6659700
cfl=c:\Users\Pedro\faculdade\IniciacaoCientifica\grn\.env\Lib\site-packages\scipy\_lib\_util.py
cfn=__call__:689
calls=1700 689
1293 77520559100

fl=c:\Users\Pedro\faculdade\IniciacaoCientifica\grn\.env\Lib\site-packages\scipy\optimize\_differentialevolution.py
fn=_result
1343 7400
cfl=c:\Users\Pedro\faculdade\IniciacaoCientifica\grn\.env\Lib\site-packages\scipy\optimize\_differentialevolution.py
cfn=x
calls=1 1156
1343 10000
cfl=c:\Users\Pedro\faculdade\IniciacaoCientifica\grn\.env\Lib\site-packages\scipy\optimize\_differentialevolution.py
cfn=_scale_parameters
calls=1 1726
1343 28000
cfl=~
cfn=<method 'get' of 'dict' objects>
calls=3 0
1343 800

fl=c:\Users\Pedro\faculdade\IniciacaoCientifica\grn\.env\Lib\site-packages\scipy\optimize\_differentialevolution.py
fn=_calculate_population_energies
1368 591700
cfl=c:\Users\Pedro\faculdade\IniciacaoCientifica\grn\.env\Lib\site-packages\numpy\_core\fromnumeric.py
cfn=_squeeze_dispatcher
calls=20 1592
1368 4100
cfl=c:\Users\Pedro\faculdade\IniciacaoCientifica\grn\.env\Lib\site-packages\numpy\_core\fromnumeric.py
cfn=squeeze
calls=20 1596
1368 450700
cfl=c:\Users\Pedro\faculdade\IniciacaoCientifica\grn\.env\Lib\site-packages\numpy\_core\fromnumeric.py
cfn=_size_dispatcher
calls=21 3521
1368 4000
cfl=c:\Users\Pedro\faculdade\IniciacaoCientifica\grn\.env\Lib\site-packages\numpy\_core\fromnumeric.py
cfn=size
calls=21 3525
1368 262100
cfl=c:\Users\Pedro\faculdade\IniciacaoCientifica\grn\.env\Lib\site-packages\numpy\_core\numeric.py
cfn=full
calls=21 323
1368 81600
cfl=c:\Users\Pedro\faculdade\IniciacaoCientifica\grn\.env\Lib\site-packages\numpy\_core\shape_base.py
cfn=_atleast_1d_dispatcher
calls=1 15
1368 100
cfl=c:\Users\Pedro\faculdade\IniciacaoCientifica\grn\.env\Lib\site-packages\numpy\_core\shape_base.py
cfn=atleast_1d
calls=1 19
1368 1800
cfl=c:\Users\Pedro\faculdade\IniciacaoCientifica\grn\.env\Lib\site-packages\scipy\_lib\_util.py
cfn=__call__:689
calls=20 689
1368 0
cfl=c:\Users\Pedro\faculdade\IniciacaoCientifica\grn\.env\Lib\site-packages\scipy\optimize\_differentialevolution.py
cfn=_scale_parameters
calls=21 1726
1368 597900
cfl=~
cfn=<built-in method builtins.min>
calls=21 0
1368 19800

fl=c:\Users\Pedro\faculdade\IniciacaoCientifica\grn\.env\Lib\site-packages\scipy\optimize\_differentialevolution.py
fn=_promote_lowest_energy
1423 971400
cfl=c:\Users\Pedro\faculdade\IniciacaoCientifica\grn\.env\Lib\site-packages\numpy\_core\fromnumeric.py
cfn=_argmin_dispatcher
calls=21 1317
1423 3800
cfl=c:\Users\Pedro\faculdade\IniciacaoCientifica\grn\.env\Lib\site-packages\numpy\_core\fromnumeric.py
cfn=argmin
calls=21 1321
1423 149300
cfl=~
cfn=<built-in method numpy.arange>
calls=21 0
1423 100800

fl=c:\Users\Pedro\faculdade\IniciacaoCientifica\grn\.env\Lib\site-packages\scipy\optimize\_differentialevolution.py
fn=_calculate_population_feasibilities
1502 94000
cfl=c:\Users\Pedro\faculdade\IniciacaoCientifica\grn\.env\Lib\site-packages\numpy\_core\fromnumeric.py
cfn=_size_dispatcher
calls=21 3521
1502 3700
cfl=c:\Users\Pedro\faculdade\IniciacaoCientifica\grn\.env\Lib\site-packages\numpy\_core\fromnumeric.py
cfn=size
calls=21 3525
1502 500400
cfl=c:\Users\Pedro\faculdade\IniciacaoCientifica\grn\.env\Lib\site-packages\numpy\_core\numeric.py
cfn=ones
calls=21 170
1502 131000
cfl=~
cfn=<built-in method numpy.zeros>
calls=21 0
1502 36000

fl=c:\Users\Pedro\faculdade\IniciacaoCientifica\grn\.env\Lib\site-packages\scipy\optimize\_differentialevolution.py
fn=__enter__
1550 100

fl=c:\Users\Pedro\faculdade\IniciacaoCientifica\grn\.env\Lib\site-packages\scipy\optimize\_differentialevolution.py
fn=__exit__
1553 1600
cfl=c:\Users\Pedro\faculdade\IniciacaoCientifica\grn\.env\Lib\site-packages\scipy\_lib\_util.py
cfn=__exit__
calls=1 684
1553 300

fl=c:\Users\Pedro\faculdade\IniciacaoCientifica\grn\.env\Lib\site-packages\scipy\optimize\_differentialevolution.py
fn=_accept_trial
1556 712300

fl=c:\Users\Pedro\faculdade\IniciacaoCientifica\grn\.env\Lib\site-packages\scipy\optimize\_differentialevolution.py
fn=__next__
1601 4683100
cfl=c:\Users\Pedro\faculdade\IniciacaoCientifica\grn\.env\Lib\site-packages\numpy\_core\fromnumeric.py
cfn=_all_dispatcher
calls=20 2543
1601 3400
cfl=c:\Users\Pedro\faculdade\IniciacaoCientifica\grn\.env\Lib\site-packages\numpy\_core\fromnumeric.py
cfn=all
calls=20 2548
1601 143600
cfl=c:\Users\Pedro\faculdade\IniciacaoCientifica\grn\.env\Lib\site-packages\numpy\_core\multiarray.py
cfn=where
calls=68 403
1601 12200
cfl=c:\Users\Pedro\faculdade\IniciacaoCientifica\grn\.env\Lib\site-packages\numpy\_core\numeric.py
cfn=full
calls=17 323
1601 131100
cfl=c:\Users\Pedro\faculdade\IniciacaoCientifica\grn\.env\Lib\site-packages\scipy\optimize\_differentialevolution.py
cfn=x
calls=17 1156
1601 920700
cfl=c:\Users\Pedro\faculdade\IniciacaoCientifica\grn\.env\Lib\site-packages\scipy\optimize\_differentialevolution.py
cfn=_calculate_population_energies
calls=17 1368
1601 98785837900
cfl=c:\Users\Pedro\faculdade\IniciacaoCientifica\grn\.env\Lib\site-packages\scipy\optimize\_differentialevolution.py
cfn=_promote_lowest_energy
calls=17 1423
1601 884200
cfl=c:\Users\Pedro\faculdade\IniciacaoCientifica\grn\.env\Lib\site-packages\scipy\optimize\_differentialevolution.py
cfn=_calculate_population_feasibilities
calls=17 1502
1601 675600
cfl=c:\Users\Pedro\faculdade\IniciacaoCientifica\grn\.env\Lib\site-packages\scipy\optimize\_differentialevolution.py
cfn=_accept_trial
calls=4845 1556
1601 626200
cfl=c:\Users\Pedro\faculdade\IniciacaoCientifica\grn\.env\Lib\site-packages\scipy\optimize\_differentialevolution.py
cfn=_ensure_constraint
calls=17 1740
1601 790500
cfl=c:\Users\Pedro\faculdade\IniciacaoCientifica\grn\.env\Lib\site-packages\scipy\optimize\_differentialevolution.py
cfn=_mutate_many
calls=17 1769
1601 3885500
cfl=~
cfn=<built-in method numpy.arange>
calls=19 0
1601 8100
cfl=~
cfn=<built-in method numpy.array>
calls=17 0
1601 184300

fl=c:\Users\Pedro\faculdade\IniciacaoCientifica\grn\.env\Lib\site-packages\scipy\optimize\_differentialevolution.py
fn=_scale_parameters
1726 1449700
cfl=c:\Users\Pedro\faculdade\IniciacaoCientifica\grn\.env\Lib\site-packages\numpy\_core\numeric.py
cfn=_count_nonzero_dispatcher
calls=43 479
1726 8100
cfl=c:\Users\Pedro\faculdade\IniciacaoCientifica\grn\.env\Lib\site-packages\numpy\_core\numeric.py
cfn=count_nonzero
calls=43 483
1726 99500

fl=c:\Users\Pedro\faculdade\IniciacaoCientifica\grn\.env\Lib\site-packages\scipy\optimize\_differentialevolution.py
fn=_unscale_parameters
1736 6800

fl=c:\Users\Pedro\faculdade\IniciacaoCientifica\grn\.env\Lib\site-packages\scipy\optimize\_differentialevolution.py
fn=_ensure_constraint
1740 833200
cfl=c:\Users\Pedro\faculdade\IniciacaoCientifica\grn\.env\Lib\site-packages\numpy\_core\numeric.py
cfn=_count_nonzero_dispatcher
calls=20 479
1740 4200
cfl=c:\Users\Pedro\faculdade\IniciacaoCientifica\grn\.env\Lib\site-packages\numpy\_core\numeric.py
cfn=count_nonzero
calls=20 483
1740 44400

fl=c:\Users\Pedro\faculdade\IniciacaoCientifica\grn\.env\Lib\site-packages\scipy\optimize\_differentialevolution.py
fn=_mutate_many
1769 6714200
cfl=c:\Users\Pedro\faculdade\IniciacaoCientifica\grn\.env\Lib\site-packages\numpy\_core\multiarray.py
cfn=where
calls=18 403
1769 4300
cfl=c:\Users\Pedro\faculdade\IniciacaoCientifica\grn\.env\Lib\site-packages\numpy\lib\_function_base_impl.py
cfn=_copy_dispatcher
calls=18 920
1769 4800
cfl=c:\Users\Pedro\faculdade\IniciacaoCientifica\grn\.env\Lib\site-packages\numpy\lib\_function_base_impl.py
cfn=copy
calls=18 924
1769 128800
cfl=c:\Users\Pedro\faculdade\IniciacaoCientifica\grn\.env\Lib\site-packages\scipy\_lib\_util.py
cfn=rng_integers
calls=18 722
1769 787100
cfl=c:\Users\Pedro\faculdade\IniciacaoCientifica\grn\.env\Lib\site-packages\scipy\optimize\_differentialevolution.py
cfn=mutation_func
calls=18 1028
1769 36900
cfl=c:\Users\Pedro\faculdade\IniciacaoCientifica\grn\.env\Lib\site-packages\scipy\optimize\_differentialevolution.py
cfn=_best1
calls=18 1858
1769 1482300
cfl=c:\Users\Pedro\faculdade\IniciacaoCientifica\grn\.env\Lib\site-packages\scipy\optimize\_differentialevolution.py
cfn=_select_samples
calls=5130 1908
1769 54345400
cfl=~
cfn=<built-in method builtins.callable>
calls=20 0
1769 5200
cfl=~
cfn=<built-in method builtins.len>
calls=20 0
1769 5200
cfl=~
cfn=<built-in method numpy.arange>
calls=18 0
1769 59600
cfl=~
cfn=<built-in method numpy.array>
calls=18 0
1769 838000

fl=c:\Users\Pedro\faculdade\IniciacaoCientifica\grn\.env\Lib\site-packages\scipy\optimize\_differentialevolution.py
fn=_best1
1858 1550900

fl=c:\Users\Pedro\faculdade\IniciacaoCientifica\grn\.env\Lib\site-packages\scipy\optimize\_differentialevolution.py
fn=_select_samples
1908 57531600

fl=c:\Users\Pedro\faculdade\IniciacaoCientifica\grn\.env\Lib\site-packages\scipy\optimize\_lbfgsb_py.py
fn=_minimize_lbfgsb
294 961000
cfl=c:\Users\Pedro\faculdade\IniciacaoCientifica\grn\.env\Lib\site-packages\numpy\_core\fromnumeric.py
cfn=_clip_dispatcher
calls=1 2202
294 200
cfl=c:\Users\Pedro\faculdade\IniciacaoCientifica\grn\.env\Lib\site-packages\numpy\_core\fromnumeric.py
cfn=clip
calls=1 2207
294 30800
cfl=c:\Users\Pedro\faculdade\IniciacaoCientifica\grn\.env\Lib\site-packages\numpy\_core\getlimits.py
cfn=__new__
calls=1 178
294 3400
cfl=c:\Users\Pedro\faculdade\IniciacaoCientifica\grn\.env\Lib\site-packages\scipy\_lib\_util.py
cfn=_call_callback_maybe_halt
calls=46 988
294 10000
cfl=c:\Users\Pedro\faculdade\IniciacaoCientifica\grn\.env\Lib\site-packages\scipy\optimize\_constraints.py
cfn=old_bound_to_new
calls=1 437
294 38700
cfl=c:\Users\Pedro\faculdade\IniciacaoCientifica\grn\.env\Lib\site-packages\scipy\optimize\_differentiable_functions.py
cfn=nfev
calls=47 325
294 12200
cfl=c:\Users\Pedro\faculdade\IniciacaoCientifica\grn\.env\Lib\site-packages\scipy\optimize\_differentiable_functions.py
cfn=ngev
calls=1 329
294 800
cfl=c:\Users\Pedro\faculdade\IniciacaoCientifica\grn\.env\Lib\site-packages\scipy\optimize\_differentiable_functions.py
cfn=fun_and_grad
calls=86 409
294 76483594400
cfl=c:\Users\Pedro\faculdade\IniciacaoCientifica\grn\.env\Lib\site-packages\scipy\optimize\_lbfgsb_py.py
cfn=__init__
calls=1 539
294 86500
cfl=c:\Users\Pedro\faculdade\IniciacaoCientifica\grn\.env\Lib\site-packages\scipy\optimize\_optimize.py
cfn=_check_unknown_options
calls=1 176
294 300
cfl=c:\Users\Pedro\faculdade\IniciacaoCientifica\grn\.env\Lib\site-packages\scipy\optimize\_optimize.py
cfn=_prepare_scalar_function
calls=1 204
294 1170573000
cfl=c:\Users\Pedro\faculdade\IniciacaoCientifica\grn\.env\Lib\site-packages\scipy\sparse\linalg\_interface.py
cfn=__new__
calls=1 158
294 5100
cfl=~
cfn=<built-in method builtins.len>
calls=1 0
294 300
cfl=~
cfn=<built-in method builtins.min>
calls=1 0
294 600
cfl=~
cfn=<built-in method numpy.array>
calls=3 0
294 4500
cfl=~
cfn=<built-in method numpy.asarray>
calls=1 0
294 200
cfl=~
cfn=<built-in method numpy.zeros>
calls=11 0
294 14600
cfl=~
cfn=<built-in method scipy.optimize._lbfgsb.setulb>
calls=133 0
294 6472600
cfl=~
cfn=<method 'any' of 'numpy.ndarray' objects>
calls=1 0
294 5600
cfl=~
cfn=<method 'astype' of 'numpy.ndarray' objects>
calls=133 0
294 239700
cfl=~
cfn=<method 'ravel' of 'numpy.ndarray' objects>
calls=1 0
294 800
cfl=~
cfn=<method 'reshape' of 'numpy.ndarray' objects>
calls=2 0
294 1600

fl=c:\Users\Pedro\faculdade\IniciacaoCientifica\grn\.env\Lib\site-packages\scipy\optimize\_lbfgsb_py.py
fn=__init__
539 22500
cfl=c:\Users\Pedro\faculdade\IniciacaoCientifica\grn\.env\Lib\site-packages\numpy\_core\einsumfunc.py
cfn=_einsum_dispatcher
calls=5 1236
539 1800
cfl=c:\Users\Pedro\faculdade\IniciacaoCientifica\grn\.env\Lib\site-packages\numpy\_core\einsumfunc.py
cfn=einsum
calls=1 1244
539 33300
cfl=c:\Users\Pedro\faculdade\IniciacaoCientifica\grn\.env\Lib\site-packages\scipy\sparse\linalg\_interface.py
cfn=__init__
calls=1 173
539 28900

fl=c:\Users\Pedro\faculdade\IniciacaoCientifica\grn\.env\Lib\site-packages\scipy\optimize\_minimize.py
fn=minimize
54 49100
cfl=c:\Users\Pedro\faculdade\IniciacaoCientifica\grn\.env\Lib\site-packages\numpy\_core\fromnumeric.py
cfn=_any_dispatcher
calls=1 2431
54 200
cfl=c:\Users\Pedro\faculdade\IniciacaoCientifica\grn\.env\Lib\site-packages\numpy\_core\fromnumeric.py
cfn=any
calls=1 2436
54 16400
cfl=c:\Users\Pedro\faculdade\IniciacaoCientifica\grn\.env\Lib\site-packages\numpy\_core\fromnumeric.py
cfn=_all_dispatcher
calls=1 2543
54 200
cfl=c:\Users\Pedro\faculdade\IniciacaoCientifica\grn\.env\Lib\site-packages\numpy\_core\fromnumeric.py
cfn=all
calls=1 2548
54 6700
cfl=c:\Users\Pedro\faculdade\IniciacaoCientifica\grn\.env\Lib\site-packages\numpy\_core\shape_base.py
cfn=_atleast_1d_dispatcher
calls=1 15
54 100
cfl=c:\Users\Pedro\faculdade\IniciacaoCientifica\grn\.env\Lib\site-packages\numpy\_core\shape_base.py
cfn=atleast_1d
calls=1 19
54 1300
cfl=c:\Users\Pedro\faculdade\IniciacaoCientifica\grn\.env\Lib\site-packages\scipy\optimize\_lbfgsb_py.py
cfn=_minimize_lbfgsb
calls=1 294
54 77662056900
cfl=c:\Users\Pedro\faculdade\IniciacaoCientifica\grn\.env\Lib\site-packages\scipy\optimize\_minimize.py
cfn=_validate_bounds
calls=1 1105
54 41200
cfl=c:\Users\Pedro\faculdade\IniciacaoCientifica\grn\.env\Lib\site-packages\scipy\optimize\_minimize.py
cfn=standardize_bounds
calls=2 1121
54 49200
cfl=c:\Users\Pedro\faculdade\IniciacaoCientifica\grn\.env\Lib\site-packages\scipy\optimize\_minimize.py
cfn=standardize_constraints
calls=1 1134
54 4000
cfl=c:\Users\Pedro\faculdade\IniciacaoCientifica\grn\.env\Lib\site-packages\scipy\optimize\_optimize.py
cfn=_wrap_callback
calls=1 88
54 200
cfl=~
cfn=<built-in method builtins.callable>
calls=3 0
54 600
cfl=~
cfn=<built-in method builtins.getattr>
calls=1 0
54 900
cfl=~
cfn=<built-in method builtins.isinstance>
calls=1 0
54 300
cfl=~
cfn=<built-in method numpy.asarray>
calls=1 0
54 300
cfl=~
cfn=<method 'any' of 'numpy.ndarray' objects>
calls=1 0
54 4900
cfl=~
cfn=<method 'get' of 'dict' objects>
calls=1 0
54 400
cfl=~
cfn=<method 'lower' of 'str' objects>
calls=1 0
54 600

fl=c:\Users\Pedro\faculdade\IniciacaoCientifica\grn\.env\Lib\site-packages\scipy\optimize\_minimize.py
fn=_validate_bounds
1105 10000
cfl=c:\Users\Pedro\faculdade\IniciacaoCientifica\grn\.env\Lib\site-packages\numpy\_core\fromnumeric.py
cfn=_any_dispatcher
calls=1 2431
1105 400
cfl=c:\Users\Pedro\faculdade\IniciacaoCientifica\grn\.env\Lib\site-packages\numpy\_core\fromnumeric.py
cfn=any
calls=1 2436
1105 7100
cfl=c:\Users\Pedro\faculdade\IniciacaoCientifica\grn\.env\Lib\site-packages\numpy\lib\_stride_tricks_impl.py
cfn=_broadcast_to_dispatcher
calls=2 396
1105 400
cfl=c:\Users\Pedro\faculdade\IniciacaoCientifica\grn\.env\Lib\site-packages\numpy\lib\_stride_tricks_impl.py
cfn=broadcast_to
calls=2 400
1105 23300

fl=c:\Users\Pedro\faculdade\IniciacaoCientifica\grn\.env\Lib\site-packages\scipy\optimize\_minimize.py
fn=standardize_bounds
1121 5100
cfl=c:\Users\Pedro\faculdade\IniciacaoCientifica\grn\.env\Lib\site-packages\scipy\optimize\_constraints.py
cfn=new_bounds_to_old
calls=1 419
1121 43900
cfl=~
cfn=<built-in method builtins.isinstance>
calls=2 0
1121 200

fl=c:\Users\Pedro\faculdade\IniciacaoCientifica\grn\.env\Lib\site-packages\scipy\optimize\_minimize.py
fn=standardize_constraints
1134 3600
cfl=~
cfn=<built-in method builtins.isinstance>
calls=1 0
1134 400

fl=c:\Users\Pedro\faculdade\IniciacaoCientifica\grn\.env\Lib\site-packages\scipy\optimize\_numdiff.py
fn=_adjust_scheme_to_bounds
14 3263800
cfl=c:\Users\Pedro\faculdade\IniciacaoCientifica\grn\.env\Lib\site-packages\numpy\_core\fromnumeric.py
cfn=_all_dispatcher
calls=85 2543
14 14300
cfl=c:\Users\Pedro\faculdade\IniciacaoCientifica\grn\.env\Lib\site-packages\numpy\_core\fromnumeric.py
cfn=all
calls=85 2548
14 694700
cfl=c:\Users\Pedro\faculdade\IniciacaoCientifica\grn\.env\Lib\site-packages\numpy\_core\numeric.py
cfn=_ones_like_dispatcher
calls=85 240
14 21800
cfl=c:\Users\Pedro\faculdade\IniciacaoCientifica\grn\.env\Lib\site-packages\numpy\_core\numeric.py
cfn=ones_like
calls=85 246
14 645100
cfl=~
cfn=<method 'copy' of 'numpy.ndarray' objects>
calls=85 0
14 92100

fl=c:\Users\Pedro\faculdade\IniciacaoCientifica\grn\.env\Lib\site-packages\scipy\optimize\_numdiff.py
fn=_eps_for_method
93 9500
cfl=c:\Users\Pedro\faculdade\IniciacaoCientifica\grn\.env\Lib\site-packages\numpy\_core\getlimits.py
cfn=__new__
calls=2 178
93 2100
cfl=c:\Users\Pedro\faculdade\IniciacaoCientifica\grn\.env\Lib\site-packages\numpy\_core\numerictypes.py
cfn=issubdtype
calls=2 475
93 11000

fl=c:\Users\Pedro\faculdade\IniciacaoCientifica\grn\.env\Lib\site-packages\scipy\optimize\_numdiff.py
fn=_prepare_bounds
196 285800
cfl=c:\Users\Pedro\faculdade\IniciacaoCientifica\grn\.env\Lib\site-packages\scipy\optimize\_numdiff.py
cfn=<genexpr>
calls=255 207
196 386900

fl=c:\Users\Pedro\faculdade\IniciacaoCientifica\grn\.env\Lib\site-packages\scipy\optimize\_numdiff.py
fn=<genexpr>
207 302000
cfl=~
cfn=<built-in method numpy.asarray>
calls=170 0
207 84900

fl=c:\Users\Pedro\faculdade\IniciacaoCientifica\grn\.env\Lib\site-packages\scipy\optimize\_numdiff.py
fn=approx_derivative
278 5687300
cfl=c:\Users\Pedro\faculdade\IniciacaoCientifica\grn\.env\Lib\site-packages\numpy\_core\fromnumeric.py
cfn=_any_dispatcher
calls=85 2431
278 25700
cfl=c:\Users\Pedro\faculdade\IniciacaoCientifica\grn\.env\Lib\site-packages\numpy\_core\fromnumeric.py
cfn=any
calls=85 2436
278 1031500
cfl=c:\Users\Pedro\faculdade\IniciacaoCientifica\grn\.env\Lib\site-packages\numpy\_core\multiarray.py
cfn=where
calls=85 403
278 21100
cfl=c:\Users\Pedro\faculdade\IniciacaoCientifica\grn\.env\Lib\site-packages\numpy\_core\numerictypes.py
cfn=isdtype
calls=85 385
278 869300
cfl=c:\Users\Pedro\faculdade\IniciacaoCientifica\grn\.env\Lib\site-packages\numpy\_core\shape_base.py
cfn=_atleast_1d_dispatcher
calls=85 15
278 10100
cfl=c:\Users\Pedro\faculdade\IniciacaoCientifica\grn\.env\Lib\site-packages\numpy\_core\shape_base.py
cfn=atleast_1d
calls=85 19
278 380900
cfl=c:\Users\Pedro\faculdade\IniciacaoCientifica\grn\.env\Lib\site-packages\scipy\_lib\_array_api_override.py
cfn=array_namespace
calls=85 69
278 48400
cfl=c:\Users\Pedro\faculdade\IniciacaoCientifica\grn\.env\Lib\site-packages\scipy\_lib\_util.py
cfn=__init__:633
calls=85 633
278 90600
cfl=c:\Users\Pedro\faculdade\IniciacaoCientifica\grn\.env\Lib\site-packages\scipy\_lib\_util.py
cfn=__enter__
calls=85 669
278 11000
cfl=c:\Users\Pedro\faculdade\IniciacaoCientifica\grn\.env\Lib\site-packages\scipy\_lib\_util.py
cfn=__exit__
calls=85 684
278 27900
cfl=c:\Users\Pedro\faculdade\IniciacaoCientifica\grn\.env\Lib\site-packages\scipy\_lib\array_api_compat\numpy\_aliases.py
cfn=asarray
calls=85 70
278 1179500
cfl=c:\Users\Pedro\faculdade\IniciacaoCientifica\grn\.env\Lib\site-packages\scipy\_lib\array_api_compat\numpy\_aliases.py
cfn=astype
calls=85 97
278 452800
cfl=c:\Users\Pedro\faculdade\IniciacaoCientifica\grn\.env\Lib\site-packages\scipy\_lib\array_api_extra\_delegation.py
cfn=atleast_nd
calls=85 34
278 1266400
cfl=c:\Users\Pedro\faculdade\IniciacaoCientifica\grn\.env\Lib\site-packages\scipy\optimize\_numdiff.py
cfn=_adjust_scheme_to_bounds
calls=85 14
278 4731800
cfl=c:\Users\Pedro\faculdade\IniciacaoCientifica\grn\.env\Lib\site-packages\scipy\optimize\_numdiff.py
cfn=_eps_for_method
calls=1 93
278 22600
cfl=c:\Users\Pedro\faculdade\IniciacaoCientifica\grn\.env\Lib\site-packages\scipy\optimize\_numdiff.py
cfn=_prepare_bounds
calls=85 196
278 672700
cfl=c:\Users\Pedro\faculdade\IniciacaoCientifica\grn\.env\Lib\site-packages\scipy\optimize\_numdiff.py
cfn=_dense_difference
calls=85 663
278 73743065600
cfl=c:\Users\Pedro\faculdade\IniciacaoCientifica\grn\.env\Lib\site-packages\scipy\optimize\_numdiff.py
cfn=__init__
calls=85 865
278 26100
cfl=~
cfn=<method 'astype' of 'numpy.ndarray' objects>
calls=85 0
278 168700

fl=c:\Users\Pedro\faculdade\IniciacaoCientifica\grn\.env\Lib\site-packages\scipy\optimize\_numdiff.py
fn=_dense_difference
663 13431500
cfl=c:\Users\Pedro\faculdade\IniciacaoCientifica\grn\.env\Lib\site-packages\numpy\_core\fromnumeric.py
cfn=_ravel_dispatcher
calls=85 1875
663 19500
cfl=c:\Users\Pedro\faculdade\IniciacaoCientifica\grn\.env\Lib\site-packages\numpy\_core\fromnumeric.py
cfn=ravel
calls=85 1879
663 325600
cfl=c:\Users\Pedro\faculdade\IniciacaoCientifica\grn\.env\Lib\site-packages\scipy\_lib\_util.py
cfn=__call__:689
calls=85 689
663 59000
cfl=c:\Users\Pedro\faculdade\IniciacaoCientifica\grn\.env\Lib\site-packages\scipy\optimize\_numdiff.py
cfn=x_generator2
calls=1700 670
663 13345600
cfl=c:\Users\Pedro\faculdade\IniciacaoCientifica\grn\.env\Lib\site-packages\scipy\optimize\_numdiff.py
cfn=__call__
calls=1615 871
663 73715774600
cfl=~
cfn=<built-in method builtins.len>
calls=85 0
663 20000
cfl=~
cfn=<built-in method numpy.empty>
calls=85 0
663 89800

fl=c:\Users\Pedro\faculdade\IniciacaoCientifica\grn\.env\Lib\site-packages\scipy\optimize\_numdiff.py
fn=x_generator2
670 6642900
cfl=c:\Users\Pedro\faculdade\IniciacaoCientifica\grn\.env\Lib\site-packages\numpy\lib\_function_base_impl.py
cfn=_copy_dispatcher
calls=1615 920
670 292800
cfl=c:\Users\Pedro\faculdade\IniciacaoCientifica\grn\.env\Lib\site-packages\numpy\lib\_function_base_impl.py
cfn=copy
calls=1615 924
670 6409900

fl=c:\Users\Pedro\faculdade\IniciacaoCientifica\grn\.env\Lib\site-packages\scipy\optimize\_numdiff.py
fn=__init__
865 26100

fl=c:\Users\Pedro\faculdade\IniciacaoCientifica\grn\.env\Lib\site-packages\scipy\optimize\_numdiff.py
fn=__call__
871 13828500
cfl=c:\Users\Pedro\faculdade\IniciacaoCientifica\grn\.env\Lib\site-packages\numpy\_core\numerictypes.py
cfn=isdtype
calls=1615 385
871 16755400
cfl=c:\Users\Pedro\faculdade\IniciacaoCientifica\grn\.env\Lib\site-packages\numpy\_core\shape_base.py
cfn=_atleast_1d_dispatcher
calls=1615 15
871 208400
cfl=c:\Users\Pedro\faculdade\IniciacaoCientifica\grn\.env\Lib\site-packages\numpy\_core\shape_base.py
cfn=atleast_1d
calls=1615 19
871 9071200
cfl=c:\Users\Pedro\faculdade\IniciacaoCientifica\grn\.env\Lib\site-packages\scipy\_lib\_array_api_override.py
cfn=array_namespace
calls=1615 69
871 625200
cfl=c:\Users\Pedro\faculdade\IniciacaoCientifica\grn\.env\Lib\site-packages\scipy\_lib\_util.py
cfn=__call__:600
calls=1615 600
871 73664918600
cfl=c:\Users\Pedro\faculdade\IniciacaoCientifica\grn\.env\Lib\site-packages\scipy\_lib\array_api_compat\numpy\_aliases.py
cfn=astype
calls=1615 97
871 10367300

fl=c:\Users\Pedro\faculdade\IniciacaoCientifica\grn\.env\Lib\site-packages\scipy\optimize\_optimize.py
fn=_wrap_callback
88 400

fl=c:\Users\Pedro\faculdade\IniciacaoCientifica\grn\.env\Lib\site-packages\scipy\optimize\_optimize.py
fn=_check_unknown_options
176 300

fl=c:\Users\Pedro\faculdade\IniciacaoCientifica\grn\.env\Lib\site-packages\scipy\optimize\_optimize.py
fn=_prepare_scalar_function
204 11600
cfl=c:\Users\Pedro\faculdade\IniciacaoCientifica\grn\.env\Lib\site-packages\scipy\optimize\_differentiable_functions.py
cfn=__init__:218
calls=1 218
204 1170561100
cfl=~
cfn=<built-in method builtins.callable>
calls=1 0
204 300

fl=c:\Users\Pedro\faculdade\IniciacaoCientifica\grn\.env\Lib\site-packages\scipy\optimize\_optimize.py
fn=hess
299 300

fl=c:\Users\Pedro\faculdade\IniciacaoCientifica\grn\.env\Lib\site-packages\scipy\sparse\_sputils.py
fn=isintlike
350 7100
cfl=c:\Users\Pedro\faculdade\IniciacaoCientifica\grn\.env\Lib\site-packages\numpy\_core\fromnumeric.py
cfn=_ndim_dispatcher
calls=2 3478
350 400
cfl=c:\Users\Pedro\faculdade\IniciacaoCientifica\grn\.env\Lib\site-packages\numpy\_core\fromnumeric.py
cfn=ndim
calls=2 3482
350 10000
cfl=~
cfn=<built-in method _operator.index>
calls=2 0
350 500

fl=c:\Users\Pedro\faculdade\IniciacaoCientifica\grn\.env\Lib\site-packages\scipy\sparse\_sputils.py
fn=isshape
372 4700
cfl=c:\Users\Pedro\faculdade\IniciacaoCientifica\grn\.env\Lib\site-packages\scipy\sparse\_sputils.py
cfn=isintlike
calls=2 350
372 18000
cfl=~
cfn=<built-in method builtins.len>
calls=1 0
372 200

fl=c:\Users\Pedro\faculdade\IniciacaoCientifica\grn\.env\Lib\site-packages\scipy\sparse\linalg\_interface.py
fn=__new__
158 4300
cfl=~
cfn=<built-in method __new__ of type object at 0x00007FFF81974D90>
calls=1 0
158 800

fl=c:\Users\Pedro\faculdade\IniciacaoCientifica\grn\.env\Lib\site-packages\scipy\sparse\linalg\_interface.py
fn=__init__
173 6000
cfl=c:\Users\Pedro\faculdade\IniciacaoCientifica\grn\.env\Lib\site-packages\scipy\sparse\_sputils.py
cfn=isshape
calls=1 372
173 22900

fl=c:\Users\Pedro\faculdade\IniciacaoCientifica\grn\.env\Lib\site-packages\tornado\ioloop.py
fn=time
549 25800
cfl=~
cfn=<built-in method time.time>
calls=44 0
549 23300

fl=c:\Users\Pedro\faculdade\IniciacaoCientifica\grn\.env\Lib\site-packages\tornado\ioloop.py
fn=call_later
604 53700
cfl=c:\Users\Pedro\faculdade\IniciacaoCientifica\grn\.env\Lib\site-packages\tornado\ioloop.py
cfn=time
calls=22 549
604 37400
cfl=c:\Users\Pedro\faculdade\IniciacaoCientifica\grn\.env\Lib\site-packages\tornado\platform\asyncio.py
cfn=call_at
calls=22 216
604 456600

fl=c:\Users\Pedro\faculdade\IniciacaoCientifica\grn\.env\Lib\site-packages\tornado\ioloop.py
fn=_run_callback
750 84500
cfl=c:\Users\Pedro\faculdade\IniciacaoCientifica\grn\.env\Lib\site-packages\ipykernel\iostream.py
cfn=_flush
calls=20 682
750 662200
cfl=c:\Users\Pedro\faculdade\IniciacaoCientifica\grn\.env\Lib\site-packages\zmq\eventloop\zmqstream.py
cfn=<lambda>
calls=2 684
750 206200
cfl=c:\Users\Pedro\faculdade\IniciacaoCientifica\grn\PythonCode\Modules\EvolutionModules.py
cfn=calculate_fitness
calls=5 107
750 18819700
cfl=c:\Users\Pedro\faculdade\IniciacaoCientifica\grn\PythonCode\Modules\EvolutionModules.py
cfn=list_to_ind
calls=5 221
750 399900

fl=c:\Users\Pedro\faculdade\IniciacaoCientifica\grn\.env\Lib\site-packages\tornado\platform\asyncio.py
fn=_handle_events
206 67400
cfl=C:\Users\Pedro\AppData\Local\Python\pythoncore-3.14-64\Lib\enum.py
cfn=__and__
calls=2 1594
206 12200
cfl=c:\Users\Pedro\faculdade\IniciacaoCientifica\grn\.env\Lib\site-packages\zmq\eventloop\zmqstream.py
cfn=_handle_events
calls=41 573
206 103431100
cfl=c:\Users\Pedro\faculdade\IniciacaoCientifica\grn\.env\Lib\site-packages\zmq\eventloop\zmqstream.py
cfn=_rebuild_io_state
calls=2 653
206 58900

fl=c:\Users\Pedro\faculdade\IniciacaoCientifica\grn\.env\Lib\site-packages\tornado\platform\asyncio.py
fn=call_at
216 84500
cfl=C:\Users\Pedro\AppData\Local\Python\pythoncore-3.14-64\Lib\asyncio\base_events.py
cfn=call_later
calls=22 775
216 348000
cfl=c:\Users\Pedro\faculdade\IniciacaoCientifica\grn\.env\Lib\site-packages\tornado\ioloop.py
cfn=time
calls=22 549
216 11700
cfl=~
cfn=<built-in method builtins.max>
calls=22 0
216 12400

fl=c:\Users\Pedro\faculdade\IniciacaoCientifica\grn\.env\Lib\site-packages\tornado\platform\asyncio.py
fn=add_callback
231 10100
cfl=C:\Users\Pedro\AppData\Local\Python\pythoncore-3.14-64\Lib\asyncio\base_events.py
cfn=call_soon
calls=2 817
231 17500
cfl=~
cfn=<built-in method _asyncio.get_running_loop>
calls=2 0
231 1000

fl=c:\Users\Pedro\faculdade\IniciacaoCientifica\grn\.env\Lib\site-packages\traitlets\traitlets.py
fn=get
648 146500

fl=c:\Users\Pedro\faculdade\IniciacaoCientifica\grn\.env\Lib\site-packages\traitlets\traitlets.py
fn=__get__
695 191200
cfl=c:\Users\Pedro\faculdade\IniciacaoCientifica\grn\.env\Lib\site-packages\traitlets\traitlets.py
cfn=get
calls=383 648
695 146500

fl=c:\Users\Pedro\faculdade\IniciacaoCientifica\grn\.env\Lib\site-packages\traitlets\traitlets.py
fn=set:708
708 65300
cfl=c:\Users\Pedro\faculdade\IniciacaoCientifica\grn\.env\Lib\site-packages\traitlets\traitlets.py
cfn=_validate
calls=24 737
708 386700
cfl=c:\Users\Pedro\faculdade\IniciacaoCientifica\grn\.env\Lib\site-packages\traitlets\traitlets.py
cfn=_notify_trait
calls=1 1520
708 24300

fl=c:\Users\Pedro\faculdade\IniciacaoCientifica\grn\.env\Lib\site-packages\traitlets\traitlets.py
fn=__set__
727 46400
cfl=c:\Users\Pedro\faculdade\IniciacaoCientifica\grn\.env\Lib\site-packages\traitlets\traitlets.py
cfn=set:708
calls=22 708
727 408800
cfl=c:\Users\Pedro\faculdade\IniciacaoCientifica\grn\.env\Lib\site-packages\traitlets\traitlets.py
cfn=set:3646
calls=2 3646
727 78000

fl=c:\Users\Pedro\faculdade\IniciacaoCientifica\grn\.env\Lib\site-packages\traitlets\traitlets.py
fn=_validate
737 70400
cfl=c:\Users\Pedro\faculdade\IniciacaoCientifica\grn\.env\Lib\site-packages\traitlets\traitlets.py
cfn=_cross_validate
calls=24 746
737 159100
cfl=c:\Users\Pedro\faculdade\IniciacaoCientifica\grn\.env\Lib\site-packages\traitlets\traitlets.py
cfn=validate:2643
calls=22 2643
737 121500
cfl=c:\Users\Pedro\faculdade\IniciacaoCientifica\grn\.env\Lib\site-packages\traitlets\traitlets.py
cfn=validate:3491
calls=2 3491
737 17600
cfl=~
cfn=<built-in method builtins.hasattr>
calls=24 0
737 18100

fl=c:\Users\Pedro\faculdade\IniciacaoCientifica\grn\.env\Lib\site-packages\traitlets\traitlets.py
fn=_cross_validate
746 82600
cfl=~
cfn=<built-in method builtins.hasattr>
calls=24 0
746 76500

fl=c:\Users\Pedro\faculdade\IniciacaoCientifica\grn\.env\Lib\site-packages\traitlets\traitlets.py
fn=_notify_trait
1520 5000
cfl=c:\Users\Pedro\faculdade\IniciacaoCientifica\grn\.env\Lib\site-packages\traitlets\traitlets.py
cfn=notify_change
calls=1 1531
1520 19300

fl=c:\Users\Pedro\faculdade\IniciacaoCientifica\grn\.env\Lib\site-packages\traitlets\traitlets.py
fn=notify_change
1531 4800
cfl=c:\Users\Pedro\faculdade\IniciacaoCientifica\grn\.env\Lib\site-packages\traitlets\traitlets.py
cfn=_notify_observers
calls=1 1535
1531 14500

fl=c:\Users\Pedro\faculdade\IniciacaoCientifica\grn\.env\Lib\site-packages\traitlets\traitlets.py
fn=_notify_observers
1535 10800
cfl=~
cfn=<built-in method builtins.hasattr>
calls=1 0
1535 1100
cfl=~
cfn=<built-in method builtins.isinstance>
calls=1 0
1535 200
cfl=~
cfn=<method 'extend' of 'list' objects>
calls=2 0
1535 900
cfl=~
cfn=<method 'get' of 'dict' objects>
calls=4 0
1535 1500

fl=c:\Users\Pedro\faculdade\IniciacaoCientifica\grn\.env\Lib\site-packages\traitlets\traitlets.py
fn=validate:2312
2312 2300
cfl=~
cfn=<built-in method builtins.isinstance>
calls=2 0
2312 300

fl=c:\Users\Pedro\faculdade\IniciacaoCientifica\grn\.env\Lib\site-packages\traitlets\traitlets.py
fn=_validate_bounds
2566 13600

fl=c:\Users\Pedro\faculdade\IniciacaoCientifica\grn\.env\Lib\site-packages\traitlets\traitlets.py
fn=validate:2643
2643 98400
cfl=c:\Users\Pedro\faculdade\IniciacaoCientifica\grn\.env\Lib\site-packages\traitlets\traitlets.py
cfn=_validate_bounds
calls=22 2566
2643 13600
cfl=~
cfn=<built-in method builtins.isinstance>
calls=44 0
2643 9500

fl=c:\Users\Pedro\faculdade\IniciacaoCientifica\grn\.env\Lib\site-packages\traitlets\traitlets.py
fn=validate:3491
3491 7200
cfl=c:\Users\Pedro\faculdade\IniciacaoCientifica\grn\.env\Lib\site-packages\traitlets\traitlets.py
cfn=validate:2312
calls=2 2312
3491 2600
cfl=c:\Users\Pedro\faculdade\IniciacaoCientifica\grn\.env\Lib\site-packages\traitlets\traitlets.py
cfn=validate_elements:3639
calls=2 3639
3491 7300
cfl=~
cfn=<built-in method builtins.isinstance>
calls=2 0
3491 500

fl=c:\Users\Pedro\faculdade\IniciacaoCientifica\grn\.env\Lib\site-packages\traitlets\traitlets.py
fn=validate_elements:3501
3501 800

fl=c:\Users\Pedro\faculdade\IniciacaoCientifica\grn\.env\Lib\site-packages\traitlets\traitlets.py
fn=validate_elements:3639
3639 5900
cfl=c:\Users\Pedro\faculdade\IniciacaoCientifica\grn\.env\Lib\site-packages\traitlets\traitlets.py
cfn=validate_elements:3501
calls=2 3501
3639 800
cfl=~
cfn=<built-in method builtins.len>
calls=2 0
3639 600

fl=c:\Users\Pedro\faculdade\IniciacaoCientifica\grn\.env\Lib\site-packages\traitlets\traitlets.py
fn=set:3646
3646 9200
cfl=c:\Users\Pedro\faculdade\IniciacaoCientifica\grn\.env\Lib\site-packages\traitlets\traitlets.py
cfn=set:708
calls=2 708
3646 67500
cfl=~
cfn=<built-in method builtins.isinstance>
calls=2 0
3646 1300

fl=c:\Users\Pedro\faculdade\IniciacaoCientifica\grn\.env\Lib\site-packages\zmq\eventloop\zmqstream.py
fn=receiving
528 20300

fl=c:\Users\Pedro\faculdade\IniciacaoCientifica\grn\.env\Lib\site-packages\zmq\eventloop\zmqstream.py
fn=sending
532 38600
cfl=C:\Users\Pedro\AppData\Local\Python\pythoncore-3.14-64\Lib\queue.py
cfn=empty
calls=46 112
532 165800

fl=c:\Users\Pedro\faculdade\IniciacaoCientifica\grn\.env\Lib\site-packages\zmq\eventloop\zmqstream.py
fn=_run_callback
546 226000
cfl=c:\Users\Pedro\faculdade\IniciacaoCientifica\grn\.env\Lib\site-packages\ipykernel\iostream.py
cfn=_handle_event
calls=42 229
546 1320800
cfl=c:\Users\Pedro\faculdade\IniciacaoCientifica\grn\PythonCode\Modules\EvolutionModules.py
cfn=calculate_fitness
calls=32 107
546 155727000
cfl=c:\Users\Pedro\faculdade\IniciacaoCientifica\grn\PythonCode\Modules\EvolutionModules.py
cfn=list_to_ind
calls=33 221
546 3284300
cfl=c:\Users\Pedro\faculdade\IniciacaoCientifica\grn\PythonCode\Modules\Helpers.py
cfn=calculate_error
calls=2 50
546 92100
cfl=~
cfn=<built-in method builtins.isinstance>
calls=42 0
546 290300
cfl=~
cfn=<built-in method builtins.min>
calls=2 0
546 1000

fl=c:\Users\Pedro\faculdade\IniciacaoCientifica\grn\.env\Lib\site-packages\zmq\eventloop\zmqstream.py
fn=_handle_events
573 319900
cfl=C:\Users\Pedro\AppData\Local\Python\pythoncore-3.14-64\Lib\enum.py
cfn=__and__
calls=88 1594
573 598300
cfl=c:\Users\Pedro\faculdade\IniciacaoCientifica\grn\.env\Lib\site-packages\zmq\eventloop\zmqstream.py
cfn=receiving
calls=45 528
573 12500
cfl=c:\Users\Pedro\faculdade\IniciacaoCientifica\grn\.env\Lib\site-packages\zmq\eventloop\zmqstream.py
cfn=_handle_recv
calls=43 614
573 103249400
cfl=c:\Users\Pedro\faculdade\IniciacaoCientifica\grn\.env\Lib\site-packages\zmq\eventloop\zmqstream.py
cfn=_rebuild_io_state
calls=43 653
573 1298700
cfl=c:\Users\Pedro\faculdade\IniciacaoCientifica\grn\.env\Lib\site-packages\zmq\sugar\attrsettr.py
cfn=__getattr__
calls=45 43
573 1382600

fl=c:\Users\Pedro\faculdade\IniciacaoCientifica\grn\.env\Lib\site-packages\zmq\eventloop\zmqstream.py
fn=_handle_recv
614 139600
cfl=c:\Users\Pedro\faculdade\IniciacaoCientifica\grn\.env\Lib\site-packages\zmq\eventloop\zmqstream.py
cfn=_run_callback
calls=43 546
614 103025300
cfl=c:\Users\Pedro\faculdade\IniciacaoCientifica\grn\.env\Lib\site-packages\zmq\sugar\socket.py
cfn=recv_multipart
calls=45 771
614 2103900
cfl=c:\Users\Pedro\faculdade\IniciacaoCientifica\grn\PythonCode\Modules\EvolutionModules.py
cfn=calculate_fitness
calls=12 107
614 66243500
cfl=c:\Users\Pedro\faculdade\IniciacaoCientifica\grn\PythonCode\Modules\EvolutionModules.py
cfn=list_to_ind
calls=13 221
614 1329100
cfl=~
cfn=<built-in method builtins.isinstance>
calls=2 0
614 15500

fl=c:\Users\Pedro\faculdade\IniciacaoCientifica\grn\.env\Lib\site-packages\zmq\eventloop\zmqstream.py
fn=_rebuild_io_state
653 145500
cfl=C:\Users\Pedro\AppData\Local\Python\pythoncore-3.14-64\Lib\enum.py
cfn=__or__
calls=46 1583
653 181800
cfl=c:\Users\Pedro\faculdade\IniciacaoCientifica\grn\.env\Lib\site-packages\zmq\eventloop\zmqstream.py
cfn=receiving
calls=46 528
653 7800
cfl=c:\Users\Pedro\faculdade\IniciacaoCientifica\grn\.env\Lib\site-packages\zmq\eventloop\zmqstream.py
cfn=sending
calls=46 532
653 204400
cfl=c:\Users\Pedro\faculdade\IniciacaoCientifica\grn\.env\Lib\site-packages\zmq\eventloop\zmqstream.py
cfn=_update_handler
calls=46 676
653 876500

fl=c:\Users\Pedro\faculdade\IniciacaoCientifica\grn\.env\Lib\site-packages\zmq\eventloop\zmqstream.py
fn=_update_handler
676 77800
cfl=C:\Users\Pedro\AppData\Local\Python\pythoncore-3.14-64\Lib\enum.py
cfn=__and__
calls=46 1594
676 192000
cfl=c:\Users\Pedro\faculdade\IniciacaoCientifica\grn\.env\Lib\site-packages\tornado\platform\asyncio.py
cfn=add_callback
calls=2 231
676 28600
cfl=c:\Users\Pedro\faculdade\IniciacaoCientifica\grn\.env\Lib\site-packages\zmq\sugar\attrsettr.py
cfn=__getattr__
calls=46 43
676 578100

fl=c:\Users\Pedro\faculdade\IniciacaoCientifica\grn\.env\Lib\site-packages\zmq\eventloop\zmqstream.py
fn=<lambda>
684 1500
cfl=c:\Users\Pedro\faculdade\IniciacaoCientifica\grn\.env\Lib\site-packages\zmq\eventloop\zmqstream.py
cfn=_handle_events
calls=2 573
684 204700

fl=c:\Users\Pedro\faculdade\IniciacaoCientifica\grn\.env\Lib\site-packages\zmq\sugar\attrsettr.py
fn=__getattr__
43 389800
cfl=<frozen importlib._bootstrap>
cfn=_handle_fromlist
calls=91 1401
43 166700
cfl=c:\Users\Pedro\faculdade\IniciacaoCientifica\grn\.env\Lib\site-packages\zmq\sugar\attrsettr.py
cfn=_get_attr_opt
calls=91 66
43 1283400
cfl=~
cfn=<built-in method builtins.getattr>
calls=91 0
43 87300
cfl=~
cfn=<method 'upper' of 'str' objects>
calls=91 0
43 33500

fl=c:\Users\Pedro\faculdade\IniciacaoCientifica\grn\.env\Lib\site-packages\zmq\sugar\attrsettr.py
fn=_get_attr_opt
66 1124200
cfl=C:\Users\Pedro\AppData\Local\Python\pythoncore-3.14-64\Lib\enum.py
cfn=__call__
calls=91 677
66 159200

fl=c:\Users\Pedro\faculdade\IniciacaoCientifica\grn\.env\Lib\site-packages\zmq\sugar\socket.py
fn=send
623 4988000
cfl=C:\Users\Pedro\AppData\Local\Python\pythoncore-3.14-64\Lib\copy.py
cfn=deepcopy
calls=4 110
623 900
cfl=C:\Users\Pedro\AppData\Local\Python\pythoncore-3.14-64\Lib\threading.py
cfn=_acquire_restore
calls=1 325
623 1800
cfl=c:\Users\Pedro\faculdade\IniciacaoCientifica\grn\PythonCode\Modules\Equations.py
cfn=main_eq
calls=18 10
623 19100
cfl=c:\Users\Pedro\faculdade\IniciacaoCientifica\grn\PythonCode\Modules\Equations.py
cfn=full_eq
calls=31 19
623 57100
cfl=c:\Users\Pedro\faculdade\IniciacaoCientifica\grn\PythonCode\Modules\Equations.py
cfn=complex_eqs
calls=11 32
623 103000
cfl=c:\Users\Pedro\faculdade\IniciacaoCientifica\grn\PythonCode\Modules\Models.py
cfn=system
calls=663 178
623 5793200
cfl=c:\Users\Pedro\faculdade\IniciacaoCientifica\grn\PythonCode\Modules\Solvers.py
cfn=norm_hardcoded
calls=12 9
623 4900
cfl=~
cfn=<built-in method builtins.len>
calls=12 0
623 1500

fl=c:\Users\Pedro\faculdade\IniciacaoCientifica\grn\.env\Lib\site-packages\zmq\sugar\socket.py
fn=send_multipart
700 4080100
cfl=C:\Users\Pedro\AppData\Local\Python\pythoncore-3.14-64\Lib\enum.py
cfn=__or__
calls=113 1583
700 533000
cfl=C:\Users\Pedro\AppData\Local\Python\pythoncore-3.14-64\Lib\threading.py
cfn=__exit__
calls=1 316
700 1300
cfl=c:\Users\Pedro\faculdade\IniciacaoCientifica\grn\.env\Lib\site-packages\zmq\sugar\socket.py
cfn=send
calls=125 623
700 0
cfl=c:\Users\Pedro\faculdade\IniciacaoCientifica\grn\PythonCode\Modules\Models.py
cfn=system
calls=2405 178
700 5116500
cfl=~
cfn=<built-in method builtins.isinstance>
calls=161 0
700 22000

fl=c:\Users\Pedro\faculdade\IniciacaoCientifica\grn\.env\Lib\site-packages\zmq\sugar\socket.py
fn=recv_multipart
771 863600
cfl=C:\Users\Pedro\AppData\Local\Python\pythoncore-3.14-64\Lib\enum.py
cfn=__call__
calls=45 677
771 44100
cfl=C:\Users\Pedro\AppData\Local\Python\pythoncore-3.14-64\Lib\typing.py
cfn=_type_check
calls=90 184
771 928900
cfl=C:\Users\Pedro\AppData\Local\Python\pythoncore-3.14-64\Lib\typing.py
cfn=inner
calls=90 396
771 129400
cfl=C:\Users\Pedro\AppData\Local\Python\pythoncore-3.14-64\Lib\typing.py
cfn=__hash__
calls=270 1361
771 132800
cfl=C:\Users\Pedro\AppData\Local\Python\pythoncore-3.14-64\Lib\typing.py
cfn=cast
calls=45 2300
771 5100

fl=c:\Users\Pedro\faculdade\IniciacaoCientifica\grn\PythonCode\Modules\Equations.py
fn=__init__
4 10366800

fl=c:\Users\Pedro\faculdade\IniciacaoCientifica\grn\PythonCode\Modules\Equations.py
fn=main_eq
10 35927997200

fl=c:\Users\Pedro\faculdade\IniciacaoCientifica\grn\PythonCode\Modules\Equations.py
fn=full_eq
19 25400760000
cfl=c:\Users\Pedro\faculdade\IniciacaoCientifica\grn\PythonCode\Modules\Equations.py
cfn=main_eq
calls=38713614 10
19 18383116200

fl=c:\Users\Pedro\faculdade\IniciacaoCientifica\grn\PythonCode\Modules\Equations.py
fn=complex_eqs
32 38972532100
cfl=c:\Users\Pedro\faculdade\IniciacaoCientifica\grn\PythonCode\Modules\Equations.py
cfn=main_eq
calls=38713570 10
32 17544811200
cfl=~
cfn=<built-in method builtins.len>
calls=38713580 0
32 4633137400

fl=c:\Users\Pedro\faculdade\IniciacaoCientifica\grn\PythonCode\Modules\EvolutionModules.py
fn=__init__:26
26 43375300
cfl=c:\Users\Pedro\faculdade\IniciacaoCientifica\grn\PythonCode\Modules\EvolutionModules.py
cfn=limit_val
calls=146034 31
26 108958400

fl=c:\Users\Pedro\faculdade\IniciacaoCientifica\grn\PythonCode\Modules\EvolutionModules.py
fn=limit_val
31 60939500
cfl=~
cfn=<built-in method builtins.max>
calls=146034 0
31 19880300
cfl=~
cfn=<built-in method builtins.min>
calls=146034 0
31 28138600

fl=c:\Users\Pedro\faculdade\IniciacaoCientifica\grn\PythonCode\Modules\EvolutionModules.py
fn=__repr__:34
34 31300

fl=c:\Users\Pedro\faculdade\IniciacaoCientifica\grn\PythonCode\Modules\EvolutionModules.py
fn=__init__:41
41 15574900
cfl=C:\Users\Pedro\AppData\Local\Python\pythoncore-3.14-64\Lib\copy.py
cfn=deepcopy
calls=7686 110
41 619616700

fl=c:\Users\Pedro\faculdade\IniciacaoCientifica\grn\PythonCode\Modules\EvolutionModules.py
fn=solve_ivp
50 39800500
cfl=C:\Users\Pedro\AppData\Local\Python\pythoncore-3.14-64\Lib\asyncio\base_events.py
cfn=time
calls=23 766
50 44000
cfl=C:\Users\Pedro\AppData\Local\Python\pythoncore-3.14-64\Lib\asyncio\base_events.py
cfn=_run_once
calls=29 1966
50 460961400
cfl=C:\Users\Pedro\AppData\Local\Python\pythoncore-3.14-64\Lib\asyncio\events.py
cfn=_run
calls=22 92
50 103548000
cfl=C:\Users\Pedro\AppData\Local\Python\pythoncore-3.14-64\Lib\asyncio\selector_events.py
cfn=_process_events
calls=23 744
50 21200
cfl=c:\Users\Pedro\faculdade\IniciacaoCientifica\grn\.env\Lib\site-packages\ipykernel\iostream.py
cfn=<lambda>
calls=1 348
50 18545900
cfl=c:\Users\Pedro\faculdade\IniciacaoCientifica\grn\.env\Lib\site-packages\ipykernel\iostream.py
cfn=_flush_buffers
calls=2 776
50 1200
cfl=c:\Users\Pedro\faculdade\IniciacaoCientifica\grn\.env\Lib\site-packages\scipy\integrate\_odepack_py.py
cfn=odeint
calls=7648 31
50 9635300
cfl=c:\Users\Pedro\faculdade\IniciacaoCientifica\grn\.env\Lib\site-packages\traitlets\traitlets.py
cfn=__get__
calls=1 695
50 2600
cfl=c:\Users\Pedro\faculdade\IniciacaoCientifica\grn\PythonCode\Modules\EvolutionModules.py
cfn=equation
calls=7686 163
50 3805215100
cfl=~
cfn=<built-in method _heapq.heappop>
calls=19 0
50 22800
cfl=~
cfn=<built-in method builtins.len>
calls=23 0
50 11500
cfl=~
cfn=<method 'append' of 'collections.deque' objects>
calls=19 0
50 20000
cfl=~
cfn=<method 'popleft' of 'collections.deque' objects>
calls=25 0
50 10900
cfl=~
cfn=<method 'upper' of 'str' objects>
calls=7686 0
50 3169000

fl=c:\Users\Pedro\faculdade\IniciacaoCientifica\grn\PythonCode\Modules\EvolutionModules.py
fn=calculate_fitness
107 19279500
cfl=C:\Users\Pedro\AppData\Local\Python\pythoncore-3.14-64\Lib\asyncio\base_events.py
cfn=time
calls=9 766
107 18500
cfl=C:\Users\Pedro\AppData\Local\Python\pythoncore-3.14-64\Lib\asyncio\base_events.py
cfn=_run_once
calls=29 1966
107 566913100
cfl=C:\Users\Pedro\AppData\Local\Python\pythoncore-3.14-64\Lib\asyncio\events.py
cfn=_run
calls=10 92
107 128800
cfl=C:\Users\Pedro\AppData\Local\Python\pythoncore-3.14-64\Lib\asyncio\selector_events.py
cfn=_process_events
calls=9 744
107 4500
cfl=c:\Users\Pedro\faculdade\IniciacaoCientifica\grn\.env\Lib\site-packages\ipykernel\iostream.py
cfn=_flush_buffers
calls=1 776
107 600
cfl=c:\Users\Pedro\faculdade\IniciacaoCientifica\grn\PythonCode\Modules\EvolutionModules.py
cfn=solve_ivp
calls=7667 50
107 10696000
cfl=c:\Users\Pedro\faculdade\IniciacaoCientifica\grn\PythonCode\Modules\Helpers.py
cfn=calculate_error
calls=7667 50
107 372339000
cfl=~
cfn=<built-in method _heapq.heappop>
calls=6 0
107 6900
cfl=~
cfn=<built-in method builtins.isinstance>
calls=1 0
107 9000
cfl=~
cfn=<built-in method builtins.len>
calls=9 0
107 5200
cfl=~
cfn=<built-in method builtins.min>
calls=7667 0
107 5056500
cfl=~
cfn=<method 'append' of 'collections.deque' objects>
calls=6 0
107 3800
cfl=~
cfn=<method 'popleft' of 'collections.deque' objects>
calls=9 0
107 4600

fl=c:\Users\Pedro\faculdade\IniciacaoCientifica\grn\PythonCode\Modules\EvolutionModules.py
fn=calc_all_fitness
121 15600
cfl=c:\Users\Pedro\faculdade\IniciacaoCientifica\grn\PythonCode\Modules\EvolutionModules.py
cfn=solve_ivp
calls=1 50
121 57136000
cfl=c:\Users\Pedro\faculdade\IniciacaoCientifica\grn\PythonCode\Modules\Helpers.py
cfn=errors_dict
calls=1 6
121 2800
cfl=c:\Users\Pedro\faculdade\IniciacaoCientifica\grn\PythonCode\Modules\Helpers.py
cfn=abs_error
calls=1 34
121 53900
cfl=c:\Users\Pedro\faculdade\IniciacaoCientifica\grn\PythonCode\Modules\Helpers.py
cfn=squared_error
calls=1 38
121 18200
cfl=c:\Users\Pedro\faculdade\IniciacaoCientifica\grn\PythonCode\Modules\Helpers.py
cfn=mse_error
calls=1 42
121 44500
cfl=c:\Users\Pedro\faculdade\IniciacaoCientifica\grn\PythonCode\Modules\Helpers.py
cfn=mean_abs_error
calls=1 46
121 24100
cfl=~
cfn=<method 'items' of 'dict' objects>
calls=1 0
121 800

fl=c:\Users\Pedro\faculdade\IniciacaoCientifica\grn\PythonCode\Modules\EvolutionModules.py
fn=equation
163 11522900
cfl=c:\Users\Pedro\faculdade\IniciacaoCientifica\grn\PythonCode\Modules\Equations.py
cfn=__init__
calls=7686 4
163 10366800
cfl=c:\Users\Pedro\faculdade\IniciacaoCientifica\grn\PythonCode\Modules\EvolutionModules.py
cfn=numerical_coeffs
calls=7686 167
163 3783325400

fl=c:\Users\Pedro\faculdade\IniciacaoCientifica\grn\PythonCode\Modules\EvolutionModules.py
fn=numerical_coeffs
167 65020300
cfl=C:\Users\Pedro\AppData\Local\Python\pythoncore-3.14-64\Lib\copy.py
cfn=deepcopy
calls=7686 110
167 3710446700
cfl=~
cfn=<method 'items' of 'dict' objects>
calls=46116 0
167 7858400

fl=c:\Users\Pedro\faculdade\IniciacaoCientifica\grn\PythonCode\Modules\EvolutionModules.py
fn=list_to_ind
221 197558800
cfl=c:\Users\Pedro\faculdade\IniciacaoCientifica\grn\PythonCode\Modules\EvolutionModules.py
cfn=__init__:26
calls=146016 26
221 152321000
cfl=c:\Users\Pedro\faculdade\IniciacaoCientifica\grn\PythonCode\Modules\EvolutionModules.py
cfn=__init__:41
calls=7686 41
221 635191600
cfl=c:\Users\Pedro\faculdade\IniciacaoCientifica\grn\PythonCode\Modules\Models.py
cfn=is_excluded
calls=146016 39
221 71405600
cfl=~
cfn=<method 'items' of 'dict' objects>
calls=46111 0
221 10264600

fl=c:\Users\Pedro\faculdade\IniciacaoCientifica\grn\PythonCode\Modules\EvolutionModules.py
fn=__repr__:255
255 37200
cfl=c:\Users\Pedro\faculdade\IniciacaoCientifica\grn\PythonCode\Modules\EvolutionModules.py
cfn=__repr__:34
calls=38 34
255 31300
cfl=~
cfn=<method 'items' of 'dict' objects>
calls=2 0
255 600

fl=c:\Users\Pedro\faculdade\IniciacaoCientifica\grn\PythonCode\Modules\Handlers.py
fn=run_path
29 9200
cfl=<frozen ntpath>
cfn=join
calls=6 99
29 24200

fl=c:\Users\Pedro\faculdade\IniciacaoCientifica\grn\PythonCode\Modules\Handlers.py
fn=setup_logger
33 16900
cfl=<frozen os>
cfn=makedirs
calls=0 211
33 0
cfl=c:\Users\Pedro\faculdade\IniciacaoCientifica\grn\PythonCode\Modules\Handlers.py
cfn=run_path
calls=1 29
33 11300

fl=c:\Users\Pedro\faculdade\IniciacaoCientifica\grn\PythonCode\Modules\Handlers.py
fn=run_single
93 16200
cfl=c:\Users\Pedro\faculdade\IniciacaoCientifica\grn\.env\Lib\site-packages\scipy\_lib\_util.py
cfn=__getattr__
calls=1 1016
93 400
cfl=c:\Users\Pedro\faculdade\IniciacaoCientifica\grn\PythonCode\Modules\EvolutionModules.py
cfn=list_to_ind
calls=1 221
93 145900
cfl=c:\Users\Pedro\faculdade\IniciacaoCientifica\grn\PythonCode\Modules\Handlers.py
cfn=run_path
calls=1 29
93 3700
cfl=c:\Users\Pedro\faculdade\IniciacaoCientifica\grn\PythonCode\Modules\Methods.py
cfn=run
calls=0 32
93 0
cfl=c:\Users\Pedro\faculdade\IniciacaoCientifica\grn\PythonCode\Modules\Methods.py
cfn=__init__:176
calls=1 176
93 3500

fl=c:\Users\Pedro\faculdade\IniciacaoCientifica\grn\PythonCode\Modules\Handlers.py
fn=save_results
132 34300
cfl=<frozen ntpath>
cfn=join
calls=2 99
132 4700
cfl=C:\Users\Pedro\AppData\Local\Python\pythoncore-3.14-64\Lib\logging\__init__.py
cfn=info
calls=2 1510
132 184200
cfl=c:\Users\Pedro\faculdade\IniciacaoCientifica\grn\.env\Lib\site-packages\pandas\core\frame.py
cfn=__init__
calls=2 702
132 1905000
cfl=c:\Users\Pedro\faculdade\IniciacaoCientifica\grn\.env\Lib\site-packages\pandas\core\generic.py
cfn=to_csv
calls=2 3795
132 4005700
cfl=c:\Users\Pedro\faculdade\IniciacaoCientifica\grn\PythonCode\Modules\Handlers.py
cfn=run_path
calls=2 29
132 10000

fl=c:\Users\Pedro\faculdade\IniciacaoCientifica\grn\PythonCode\Modules\Helpers.py
fn=errors_dict
6 9502700

fl=c:\Users\Pedro\faculdade\IniciacaoCientifica\grn\PythonCode\Modules\Helpers.py
fn=abs_error
34 29200
cfl=~
cfn=<built-in method builtins.abs>
calls=1 0
34 3600
cfl=~
cfn=<built-in method builtins.sum>
calls=2 0
34 21100

fl=c:\Users\Pedro\faculdade\IniciacaoCientifica\grn\PythonCode\Modules\Helpers.py
fn=squared_error
38 6500
cfl=~
cfn=<built-in method builtins.sum>
calls=2 0
38 11700

fl=c:\Users\Pedro\faculdade\IniciacaoCientifica\grn\PythonCode\Modules\Helpers.py
fn=mse_error
42 142745600
cfl=c:\Users\Pedro\faculdade\IniciacaoCientifica\grn\.env\Lib\site-packages\numpy\_core\fromnumeric.py
cfn=_mean_dispatcher
calls=7686 3694
42 2755600
cfl=c:\Users\Pedro\faculdade\IniciacaoCientifica\grn\.env\Lib\site-packages\numpy\_core\fromnumeric.py
cfn=mean
calls=7686 3699
42 206650800

fl=c:\Users\Pedro\faculdade\IniciacaoCientifica\grn\PythonCode\Modules\Helpers.py
fn=mean_abs_error
46 6300
cfl=c:\Users\Pedro\faculdade\IniciacaoCientifica\grn\.env\Lib\site-packages\numpy\_core\fromnumeric.py
cfn=_mean_dispatcher
calls=1 3694
46 200
cfl=c:\Users\Pedro\faculdade\IniciacaoCientifica\grn\.env\Lib\site-packages\numpy\_core\fromnumeric.py
cfn=mean
calls=1 3699
46 15700
cfl=~
cfn=<built-in method builtins.abs>
calls=1 0
46 1900

fl=c:\Users\Pedro\faculdade\IniciacaoCientifica\grn\PythonCode\Modules\Helpers.py
fn=calculate_error
50 11672000
cfl=c:\Users\Pedro\faculdade\IniciacaoCientifica\grn\PythonCode\Modules\Helpers.py
cfn=errors_dict
calls=7685 6
50 9499900
cfl=c:\Users\Pedro\faculdade\IniciacaoCientifica\grn\PythonCode\Modules\Helpers.py
cfn=mse_error
calls=7685 42
50 352107500

fl=c:\Users\Pedro\faculdade\IniciacaoCientifica\grn\PythonCode\Modules\Methods.py
fn=__init__:29
29 200

fl=c:\Users\Pedro\faculdade\IniciacaoCientifica\grn\PythonCode\Modules\Methods.py
fn=run
32 58100
cfl=C:\Users\Pedro\AppData\Local\Python\pythoncore-3.14-64\Lib\logging\__init__.py
cfn=info
calls=1 1510
32 59000
cfl=c:\Users\Pedro\faculdade\IniciacaoCientifica\grn\PythonCode\Modules\Methods.py
cfn=execute
calls=0 195
32 0
cfl=~
cfn=<built-in method time.time>
calls=1 0
32 200

fl=c:\Users\Pedro\faculdade\IniciacaoCientifica\grn\PythonCode\Modules\Methods.py
fn=__init__:176
176 3300
cfl=c:\Users\Pedro\faculdade\IniciacaoCientifica\grn\PythonCode\Modules\Methods.py
cfn=__init__:29
calls=1 29
176 200

fl=c:\Users\Pedro\faculdade\IniciacaoCientifica\grn\PythonCode\Modules\Methods.py
fn=execute
195 16500
cfl=C:\Users\Pedro\AppData\Local\Python\pythoncore-3.14-64\Lib\asyncio\base_events.py
cfn=_run_once
calls=2 1966
195 3255266200
cfl=c:\Users\Pedro\faculdade\IniciacaoCientifica\grn\.env\Lib\site-packages\scipy\_lib\_util.py
cfn=wrapper
calls=0 291
195 0
cfl=c:\Users\Pedro\faculdade\IniciacaoCientifica\grn\.env\Lib\site-packages\scipy\optimize\_differentialevolution.py
cfn=__exit__
calls=1 1553
195 1900
cfl=c:\Users\Pedro\faculdade\IniciacaoCientifica\grn\PythonCode\Modules\Models.py
cfn=bounds_list
calls=1 111
195 11900

fl=c:\Users\Pedro\faculdade\IniciacaoCientifica\grn\PythonCode\Modules\Methods.py
fn=objective_function
197 55029100
cfl=C:\Users\Pedro\AppData\Local\Python\pythoncore-3.14-64\Lib\asyncio\base_events.py
cfn=_run_once
calls=13 1966
197 176545300
cfl=C:\Users\Pedro\AppData\Local\Python\pythoncore-3.14-64\Lib\contextlib.py
cfn=__exit__
calls=1 145
197 5700
cfl=C:\Users\Pedro\AppData\Local\Python\pythoncore-3.14-64\Lib\threading.py
cfn=wait
calls=0 651
197 0
cfl=c:\Users\Pedro\faculdade\IniciacaoCientifica\grn\PythonCode\Modules\EvolutionModules.py
cfn=calculate_fitness
calls=7110 107
197 10854200
cfl=c:\Users\Pedro\faculdade\IniciacaoCientifica\grn\PythonCode\Modules\EvolutionModules.py
cfn=list_to_ind
calls=7112 221
197 1008714900
cfl=~
cfn=<built-in method numpy.zeros>
calls=1721 0
197 1740300

fl=c:\Users\Pedro\faculdade\IniciacaoCientifica\grn\PythonCode\Modules\Models.py
fn=is_excluded
39 53257800
cfl=~
cfn=<built-in method builtins.isinstance>
calls=146034 0
39 18154400

fl=c:\Users\Pedro\faculdade\IniciacaoCientifica\grn\PythonCode\Modules\Models.py
fn=bounds_list
111 9000
cfl=~
cfn=<method 'append' of 'list' objects>
calls=19 0
111 2300
cfl=~
cfn=<method 'items' of 'dict' objects>
calls=6 0
111 600

fl=c:\Users\Pedro\faculdade\IniciacaoCientifica\grn\PythonCode\Modules\Models.py
fn=system
178 44768242800
cfl=C:\Users\Pedro\AppData\Local\Python\pythoncore-3.14-64\Lib\enum.py
cfn=__or__
calls=6 1583
178 56900
cfl=c:\Users\Pedro\faculdade\IniciacaoCientifica\grn\.env\Lib\site-packages\zmq\sugar\socket.py
cfn=send
calls=9 623
178 239200
cfl=c:\Users\Pedro\faculdade\IniciacaoCientifica\grn\PythonCode\Modules\Equations.py
cfn=full_eq
calls=38713507 19
178 9069203600
cfl=c:\Users\Pedro\faculdade\IniciacaoCientifica\grn\PythonCode\Modules\Equations.py
cfn=complex_eqs
calls=9678347 32
178 98256200
cfl=c:\Users\Pedro\faculdade\IniciacaoCientifica\grn\PythonCode\Modules\Solvers.py
cfn=norm_hardcoded
calls=48391981 9
178 5959072900

fl=c:\Users\Pedro\faculdade\IniciacaoCientifica\grn\PythonCode\Modules\Solvers.py
fn=norm_hardcoded
9 5959089100

fl=~
fn=<built-in method __new__ of type object at 0x00007FFF81974D90>
0 31385600

fl=~
fn=<built-in method _abc._abc_instancecheck>
0 29300
cfl=<frozen abc>
cfn=__subclasscheck__
calls=6 121
0 222700

fl=~
fn=<built-in method _abc._abc_subclasscheck>
0 263400
cfl=<frozen _collections_abc>
cfn=__subclasshook__
calls=9 345
0 2200
cfl=<frozen abc>
cfn=__subclasscheck__
calls=81 121
0 186400

fl=~
fn=<built-in method _asyncio.current_task>
0 3500

fl=~
fn=<built-in method _asyncio.get_running_loop>
0 8700

fl=~
fn=<built-in method _codecs.charmap_encode>
0 6600

fl=~
fn=<built-in method _codecs.lookup>
0 3100

fl=~
fn=<built-in method _codecs.lookup_error>
0 1900

fl=~
fn=<built-in method _codecs.utf_8_decode>
0 9200

fl=~
fn=<built-in method _contextvars.copy_context>
0 26700

fl=~
fn=<built-in method _csv.writer>
0 7700

fl=~
fn=<built-in method _heapq.heappop>
0 59500
cfl=C:\Users\Pedro\AppData\Local\Python\pythoncore-3.14-64\Lib\asyncio\events.py
cfn=__lt__
calls=1 162
0 1600

fl=~
fn=<built-in method _heapq.heappush>
0 39300
cfl=C:\Users\Pedro\AppData\Local\Python\pythoncore-3.14-64\Lib\asyncio\events.py
cfn=__lt__
calls=22 162
0 17500

fl=~
fn=<built-in method _imp._fix_co_filename>
0 1200

fl=~
fn=<built-in method _imp.acquire_lock>
0 1100

fl=~
fn=<built-in method _imp.find_frozen>
0 800

fl=~
fn=<built-in method _imp.is_builtin>
0 3000

fl=~
fn=<built-in method _imp.release_lock>
0 1000

fl=~
fn=<built-in method _io.open>
0 6514000
cfl=<frozen codecs>
cfn=__init__:189
calls=3 189
0 1200
cfl=<frozen codecs>
cfn=__init__:312
calls=1 312
0 2900

fl=~
fn=<built-in method _io.open_code>
0 357100

fl=~
fn=<built-in method _io.text_encoding>
0 300

fl=~
fn=<built-in method _operator.index>
0 11600

fl=~
fn=<built-in method _thread.allocate_lock>
0 1400

fl=~
fn=<built-in method _thread.get_ident>
0 4100

fl=~
fn=<built-in method _warnings._acquire_lock>
0 4000

fl=~
fn=<built-in method _warnings._filters_mutated_lock_held>
0 3800

fl=~
fn=<built-in method _warnings._release_lock>
0 3100

fl=~
fn=<built-in method _warnings.warn>
0 16300
cfl=C:\Users\Pedro\AppData\Local\Python\pythoncore-3.14-64\Lib\_py_warnings.py
cfn=_showwarnmsg
calls=1 217
0 620400
cfl=C:\Users\Pedro\AppData\Local\Python\pythoncore-3.14-64\Lib\_py_warnings.py
cfn=__init__:576
calls=1 576
0 1500

fl=~
fn=<built-in method _weakref._remove_dead_weakref>
0 400

fl=~
fn=<built-in method _winapi.LCMapStringEx>
0 21000

fl=~
fn=<built-in method builtins.__build_class__>
0 21000
cfl=c:\Users\Pedro\faculdade\IniciacaoCientifica\grn\.env\Lib\site-packages\pandas\io\formats\csvs.py
cfn=CSVFormatter
calls=1 56
0 11400

fl=~
fn=<built-in method builtins.abs>
0 5500

fl=~
fn=<built-in method builtins.any>
0 18600

fl=~
fn=<built-in method builtins.callable>
0 64100

fl=~
fn=<built-in method builtins.exec>
0 3900
cfl=c:\Users\Pedro\faculdade\IniciacaoCientifica\grn\.env\Lib\site-packages\pandas\io\formats\csvs.py
cfn=<module>
calls=1 1
0 70100

fl=~
fn=<built-in method builtins.getattr>
0 87284600

fl=~
fn=<built-in method builtins.hasattr>
0 33769100

fl=~
fn=<built-in method builtins.hash>
0 50200

fl=~
fn=<built-in method builtins.id>
0 226340800

fl=~
fn=<built-in method builtins.isinstance>
0 76226900
cfl=<frozen abc>
cfn=__instancecheck__
calls=32 117
0 257400
cfl=C:\Users\Pedro\AppData\Local\Python\pythoncore-3.14-64\Lib\typing.py
cfn=__instancecheck__
calls=46 1292
0 270000
cfl=c:\Users\Pedro\faculdade\IniciacaoCientifica\grn\.env\Lib\site-packages\pandas\core\dtypes\generic.py
cfn=_instancecheck
calls=259 43
0 163200

fl=~
fn=<built-in method builtins.issubclass>
0 52134900
cfl=<frozen abc>
cfn=__subclasscheck__
calls=46 121
0 98300

fl=~
fn=<built-in method builtins.iter>
0 4200

fl=~
fn=<built-in method builtins.len>
0 4638115400
cfl=c:\Users\Pedro\faculdade\IniciacaoCientifica\grn\.env\Lib\site-packages\pandas\core\indexes\base.py
cfn=__len__
calls=10 918
0 4900
cfl=c:\Users\Pedro\faculdade\IniciacaoCientifica\grn\.env\Lib\site-packages\pandas\core\indexes\range.py
cfn=__len__
calls=82 1265
0 25400

fl=~
fn=<built-in method builtins.locals>
0 78300

fl=~
fn=<built-in method builtins.max>
0 19955900
cfl=<frozen importlib._bootstrap_external>
cfn=<genexpr>
calls=6 139
0 3700

fl=~
fn=<built-in method builtins.min>
0 33228000

fl=~
fn=<built-in method builtins.next>
0 65100
cfl=c:\Users\Pedro\faculdade\IniciacaoCientifica\grn\.env\Lib\site-packages\IPython\core\history.py
cfn=hold
calls=2 1100
0 900
cfl=c:\Users\Pedro\faculdade\IniciacaoCientifica\grn\.env\Lib\site-packages\scipy\optimize\_differentialevolution.py
cfn=__next__
calls=17 1601
0 2656701300
cfl=~
cfn=<method 'append' of 'list' objects>
calls=3 0
0 1100
cfl=~
cfn=<method 'get' of 'dict' objects>
calls=3 0
0 1000

fl=~
fn=<built-in method builtins.ord>
0 300

fl=~
fn=<built-in method builtins.print>
0 88200
cfl=c:\Users\Pedro\faculdade\IniciacaoCientifica\grn\.env\Lib\site-packages\IPython\core\interactiveshell.py
cfn=write
calls=48 3098
0 6867800

fl=~
fn=<built-in method builtins.setattr>
0 1300

fl=~
fn=<built-in method builtins.sorted>
0 2300

fl=~
fn=<built-in method builtins.sum>
0 32800

fl=~
fn=<built-in method from_bytes>
0 1400

fl=~
fn=<built-in method marshal.loads>
0 190700

fl=~
fn=<built-in method math.isnan>
0 11700

fl=~
fn=<built-in method math.prod>
0 48700
cfl=c:\Users\Pedro\faculdade\IniciacaoCientifica\grn\.env\Lib\site-packages\numpy\_core\fromnumeric.py
cfn=<genexpr>
calls=88 3575
0 17800

fl=~
fn=<built-in method now>
0 72900

fl=~
fn=<built-in method nt._getfullpathname>
0 2900

fl=~
fn=<built-in method nt._path_exists>
0 6500

fl=~
fn=<built-in method nt._path_isdir>
0 107700
cfl=C:\Users\Pedro\AppData\Local\Python\pythoncore-3.14-64\Lib\pathlib\__init__.py
cfn=__fspath__
calls=2 190
0 2800

fl=~
fn=<built-in method nt._path_normpath>
0 700

fl=~
fn=<built-in method nt._path_splitroot>
0 1800

fl=~
fn=<built-in method nt._path_splitroot_ex>
0 12800

fl=~
fn=<built-in method nt.fspath>
0 8500

fl=~
fn=<built-in method nt.getpid>
0 54900

fl=~
fn=<built-in method nt.mkdir>
0 101900

fl=~
fn=<built-in method nt.stat>
0 231300

fl=~
fn=<built-in method nt.urandom>
0 2200

fl=~
fn=<built-in method numpy._core._multiarray_umath._make_extobj>
0 1500

fl=~
fn=<built-in method numpy._core._multiarray_umath.c_einsum>
0 29800

fl=~
fn=<built-in method numpy._core._multiarray_umath.count_nonzero>
0 103500

fl=~
fn=<built-in method numpy.arange>
0 240200

fl=~
fn=<built-in method numpy.array>
0 8974400
cfl=C:\Users\Pedro\AppData\Local\Python\pythoncore-3.14-64\Lib\enum.py
cfn=__get__
calls=170 187
0 225700

fl=~
fn=<built-in method numpy.asanyarray>
0 10901600

fl=~
fn=<built-in method numpy.asarray>
0 252000

fl=~
fn=<built-in method numpy.empty>
0 190300

fl=~
fn=<built-in method numpy.fromiter>
0 14200

fl=~
fn=<built-in method numpy.lib.array_utils.normalize_axis_index>
0 9882300

fl=~
fn=<built-in method numpy.zeros>
0 1792200

fl=~
fn=<built-in method scipy.integrate._odepack.odeint>
0 21663881200
cfl=C:\Users\Pedro\AppData\Local\Python\pythoncore-3.14-64\Lib\enum.py
cfn=__or__
calls=9 1583
0 58800
cfl=c:\Users\Pedro\faculdade\IniciacaoCientifica\grn\.env\Lib\site-packages\zmq\sugar\socket.py
cfn=send
calls=13 623
0 13500
cfl=c:\Users\Pedro\faculdade\IniciacaoCientifica\grn\PythonCode\Modules\Models.py
cfn=system
calls=9623308 178
0 8689200
cfl=~
cfn=<method 'append' of 'list' objects>
calls=1 0
0 600
cfl=~
cfn=<method 'get' of 'dict' objects>
calls=1 0
0 500

fl=~
fn=<built-in method scipy.optimize._lbfgsb.setulb>
0 6472600

fl=~
fn=<built-in method select.select>
0 26906100
cfl=c:\Users\Pedro\faculdade\IniciacaoCientifica\grn\.env\Lib\site-packages\numpy\_core\multiarray.py
cfn=where
calls=2 403
0 200
cfl=c:\Users\Pedro\faculdade\IniciacaoCientifica\grn\.env\Lib\site-packages\numpy\lib\_function_base_impl.py
cfn=_copy_dispatcher
calls=2 920
0 600
cfl=c:\Users\Pedro\faculdade\IniciacaoCientifica\grn\.env\Lib\site-packages\numpy\lib\_function_base_impl.py
cfn=copy
calls=2 924
0 16600
cfl=c:\Users\Pedro\faculdade\IniciacaoCientifica\grn\.env\Lib\site-packages\scipy\_lib\_util.py
cfn=rng_integers
calls=2 722
0 62900
cfl=c:\Users\Pedro\faculdade\IniciacaoCientifica\grn\.env\Lib\site-packages\scipy\optimize\_differentialevolution.py
cfn=mutation_func
calls=2 1028
0 2600
cfl=c:\Users\Pedro\faculdade\IniciacaoCientifica\grn\.env\Lib\site-packages\scipy\optimize\_differentialevolution.py
cfn=_best1
calls=2 1858
0 68600
cfl=c:\Users\Pedro\faculdade\IniciacaoCientifica\grn\.env\Lib\site-packages\scipy\optimize\_differentialevolution.py
cfn=_select_samples
calls=570 1908
0 3186200
cfl=c:\Users\Pedro\faculdade\IniciacaoCientifica\grn\PythonCode\Modules\Equations.py
cfn=main_eq
calls=38 10
0 50700
cfl=c:\Users\Pedro\faculdade\IniciacaoCientifica\grn\PythonCode\Modules\Equations.py
cfn=full_eq
calls=63 19
0 173300
cfl=c:\Users\Pedro\faculdade\IniciacaoCientifica\grn\PythonCode\Modules\Equations.py
cfn=complex_eqs
calls=22 32
0 214600
cfl=c:\Users\Pedro\faculdade\IniciacaoCientifica\grn\PythonCode\Modules\EvolutionModules.py
cfn=__init__:26
calls=18 26
0 12700
cfl=c:\Users\Pedro\faculdade\IniciacaoCientifica\grn\PythonCode\Modules\Models.py
cfn=is_excluded
calls=18 39
0 6600
cfl=c:\Users\Pedro\faculdade\IniciacaoCientifica\grn\PythonCode\Modules\Models.py
cfn=system
calls=12058 178
0 140619500
cfl=c:\Users\Pedro\faculdade\IniciacaoCientifica\grn\PythonCode\Modules\Solvers.py
cfn=norm_hardcoded
calls=27 9
0 10200
cfl=~
cfn=<built-in method builtins.len>
calls=28 0
0 6700
cfl=~
cfn=<built-in method numpy.arange>
calls=2 0
0 3400
cfl=~
cfn=<built-in method numpy.array>
calls=2 0
0 61500
cfl=~
cfn=<method 'items' of 'dict' objects>
calls=5 0
0 1100

fl=~
fn=<built-in method sys._getframe>
0 3800

fl=~
fn=<built-in method sys.getfilesystemencoding>
0 400

fl=~
fn=<built-in method time.localtime>
0 36300

fl=~
fn=<built-in method time.monotonic>
0 72300

fl=~
fn=<built-in method time.strftime>
0 13000

fl=~
fn=<built-in method time.time>
0 25600

fl=~
fn=<built-in method time.time_ns>
0 3900

fl=~
fn=<method '__copy__' of 'numpy.ndarray' objects>
0 16647600

fl=~
fn=<method '__deepcopy__' of 'numpy.generic' objects>
0 43677700

fl=~
fn=<method '__enter__' of '_io._IOBase' objects>
0 2200

fl=~
fn=<method '__enter__' of '_thread.RLock' objects>
0 53700

fl=~
fn=<method '__enter__' of '_thread.lock' objects>
0 50100

fl=~
fn=<method '__enter__' of 'numpy.nditer' objects>
0 1300

fl=~
fn=<method '__enter__' of 'sqlite3.Connection' objects>
0 900

fl=~
fn=<method '__exit__' of '_io._IOBase' objects>
0 27200

fl=~
fn=<method '__exit__' of '_thread.RLock' objects>
0 30800

fl=~
fn=<method '__exit__' of '_thread.lock' objects>
0 24600

fl=~
fn=<method '__exit__' of 'numpy.nditer' objects>
0 1600

fl=~
fn=<method '__exit__' of 'sqlite3.Connection' objects>
0 9500

fl=~
fn=<method '__reduce_ex__' of 'object' objects>
0 105190600
cfl=C:\Users\Pedro\AppData\Local\Python\pythoncore-3.14-64\Lib\copyreg.py
cfn=_slotnames
calls=1 112
0 5100

fl=~
fn=<method 'acquire' of '_thread.lock' objects>
0 1200
cfl=c:\Users\Pedro\faculdade\IniciacaoCientifica\grn\PythonCode\Modules\Equations.py
cfn=full_eq
calls=4 19
0 6900
cfl=c:\Users\Pedro\faculdade\IniciacaoCientifica\grn\PythonCode\Modules\Equations.py
cfn=complex_eqs
calls=1 32
0 7300
cfl=c:\Users\Pedro\faculdade\IniciacaoCientifica\grn\PythonCode\Modules\Solvers.py
cfn=norm_hardcoded
calls=5 9
0 1100

fl=~
fn=<method 'all' of 'numpy.generic' objects>
0 4000
cfl=c:\Users\Pedro\faculdade\IniciacaoCientifica\grn\.env\Lib\site-packages\numpy\_core\_methods.py
cfn=_all
calls=1 64
0 12300

fl=~
fn=<method 'all' of 'numpy.ndarray' objects>
0 10926300
cfl=c:\Users\Pedro\faculdade\IniciacaoCientifica\grn\.env\Lib\site-packages\numpy\_core\_methods.py
cfn=_all
calls=7772 64
0 47586800

fl=~
fn=<method 'any' of 'numpy.generic' objects>
0 2600
cfl=c:\Users\Pedro\faculdade\IniciacaoCientifica\grn\.env\Lib\site-packages\numpy\_core\_methods.py
cfn=_any
calls=2 55
0 3400

fl=~
fn=<method 'any' of 'numpy.ndarray' objects>
0 2700
cfl=c:\Users\Pedro\faculdade\IniciacaoCientifica\grn\.env\Lib\site-packages\numpy\_core\_methods.py
cfn=_any
calls=2 55
0 7800

fl=~
fn=<method 'append' of 'collections.deque' objects>
0 68600

fl=~
fn=<method 'append' of 'list' objects>
0 81133800

fl=~
fn=<method 'argmin' of 'numpy.ndarray' objects>
0 65000

fl=~
fn=<method 'as_arrays' of 'numpy._core._multiarray_umath._array_converter' objects>
0 18700

fl=~
fn=<method 'astype' of 'numpy.ndarray' objects>
0 4023300

fl=~
fn=<method 'cancelled' of '_asyncio.Future' objects>
0 9000

fl=~
fn=<method 'clear' of 'dict' objects>
0 3500

fl=~
fn=<method 'clip' of 'numpy.ndarray' objects>
0 7400
cfl=c:\Users\Pedro\faculdade\IniciacaoCientifica\grn\.env\Lib\site-packages\numpy\_core\_methods.py
cfn=_clip
calls=1 96
0 18200

fl=~
fn=<method 'close' of '_io.StringIO' objects>
0 12000

fl=~
fn=<method 'close' of '_io.TextIOWrapper' objects>
0 239800

fl=~
fn=<method 'copy' of '_hashlib.HMAC' objects>
0 194300

fl=~
fn=<method 'copy' of 'dict' objects>
0 9200

fl=~
fn=<method 'copy' of 'numpy.ndarray' objects>
0 102300

fl=~
fn=<method 'decode' of 'bytes' objects>
0 400

fl=~
fn=<method 'disable' of '_lsprof.Profiler' objects>
0 90300

fl=~
fn=<method 'encode' of 'str' objects>
0 57600

fl=~
fn=<method 'endswith' of 'str' objects>
0 7000

fl=~
fn=<method 'execute' of 'sqlite3.Connection' objects>
0 10800

fl=~
fn=<method 'extend' of 'list' objects>
0 17000

fl=~
fn=<method 'find' of 'str' objects>
0 2700

fl=~
fn=<method 'flush' of '_io.TextIOWrapper' objects>
0 131800

fl=~
fn=<method 'get' of '_contextvars.ContextVar' objects>
0 17200

fl=~
fn=<method 'get' of 'dict' objects>
0 256542500

fl=~
fn=<method 'get' of 'mappingproxy' objects>
0 400

fl=~
fn=<method 'get_name' of '_asyncio.Task' objects>
0 2000

fl=~
fn=<method 'getvalue' of '_io.StringIO' objects>
0 22700

fl=~
fn=<method 'hexdigest' of '_hashlib.HMAC' objects>
0 81500

fl=~
fn=<method 'insert' of 'list' objects>
0 3200

fl=~
fn=<method 'is_done' of '_thread._ThreadHandle' objects>
0 36200

fl=~
fn=<method 'isoformat' of 'datetime.datetime' objects>
0 201600
cfl=c:\Users\Pedro\faculdade\IniciacaoCientifica\grn\.env\Lib\site-packages\dateutil\tz\tz.py
cfn=utcoffset
calls=22 74
0 8800

fl=~
fn=<method 'items' of 'dict' objects>
0 86585300

fl=~
fn=<method 'items' of 'mappingproxy' objects>
0 600

fl=~
fn=<method 'join' of 'str' objects>
0 25400

fl=~
fn=<method 'keys' of 'dict' objects>
0 1100

fl=~
fn=<method 'lower' of 'str' objects>
0 4300

fl=~
fn=<method 'lstrip' of 'str' objects>
0 1000

fl=~
fn=<method 'match' of 're.Pattern' objects>
0 4400

fl=~
fn=<method 'pop' of 'dict' objects>
0 6100

fl=~
fn=<method 'pop' of 'list' objects>
0 600

fl=~
fn=<method 'pop' of 'set' objects>
0 1800

fl=~
fn=<method 'popleft' of 'collections.deque' objects>
0 56300

fl=~
fn=<method 'ravel' of 'numpy.ndarray' objects>
0 104400

fl=~
fn=<method 'read' of '_io.BufferedReader' objects>
0 34500

fl=~
fn=<method 'readline' of '_io.BufferedReader' objects>
0 42600

fl=~
fn=<method 'readlines' of '_io._IOBase' objects>
0 199100
cfl=<frozen codecs>
cfn=decode
calls=13 322
0 13200

fl=~
fn=<method 'reduce' of 'numpy.ufunc' objects>
0 95657500

fl=~
fn=<method 'release' of '_thread.lock' objects>
0 200

fl=~
fn=<method 'remove' of 'list' objects>
0 9200

fl=~
fn=<method 'replace' of 'str' objects>
0 45300

fl=~
fn=<method 'reset' of '_contextvars.ContextVar' objects>
0 1500

fl=~
fn=<method 'reshape' of 'numpy.ndarray' objects>
0 3700900

fl=~
fn=<method 'result_type' of 'numpy._core._multiarray_umath._array_converter' objects>
0 500

fl=~
fn=<method 'reverse' of 'list' objects>
0 800

fl=~
fn=<method 'rfind' of 'str' objects>
0 5000

fl=~
fn=<method 'rpartition' of 'str' objects>
0 67500

fl=~
fn=<method 'rstrip' of 'str' objects>
0 7100

fl=~
fn=<method 'run' of '_contextvars.Context' objects>
0 368900
cfl=C:\Users\Pedro\AppData\Local\Python\pythoncore-3.14-64\Lib\asyncio\futures.py
cfn=_set_result_unless_cancelled
calls=18 319
0 237700
cfl=c:\Users\Pedro\faculdade\IniciacaoCientifica\grn\.env\Lib\site-packages\ipykernel\iostream.py
cfn=_run_event_pipe_gc
calls=18 190
0 1013800
cfl=c:\Users\Pedro\faculdade\IniciacaoCientifica\grn\.env\Lib\site-packages\tornado\ioloop.py
cfn=_run_callback
calls=22 750
0 881700
cfl=c:\Users\Pedro\faculdade\IniciacaoCientifica\grn\.env\Lib\site-packages\tornado\platform\asyncio.py
cfn=_handle_events
calls=41 206
0 103436200

fl=~
fn=<method 'search' of 're.Pattern' objects>
0 4000

fl=~
fn=<method 'seek' of '_io.BufferedReader' objects>
0 600

fl=~
fn=<method 'set' of '_contextvars.ContextVar' objects>
0 1800

fl=~
fn=<method 'set_result' of '_asyncio.Future' objects>
0 55500
cfl=C:\Users\Pedro\AppData\Local\Python\pythoncore-3.14-64\Lib\asyncio\base_events.py
cfn=call_soon
calls=18 817
0 127600

fl=~
fn=<method 'split' of 'str' objects>
0 13400

fl=~
fn=<method 'squeeze' of 'numpy.ndarray' objects>
0 17000

fl=~
fn=<method 'startswith' of 'bytes' objects>
0 400

fl=~
fn=<method 'startswith' of 'str' objects>
0 5600

fl=~
fn=<method 'strftime' of 'datetime.date' objects>
0 8800

fl=~
fn=<method 'strip' of 'str' objects>
0 1000

fl=~
fn=<method 'update' of '_hashlib.HMAC' objects>
0 63800

fl=~
fn=<method 'update' of 'dict' objects>
0 48729200

fl=~
fn=<method 'update' of 'set' objects>
0 1587900

fl=~
fn=<method 'upper' of 'str' objects>
0 3204900

fl=~
fn=<method 'values' of 'dict' objects>
0 896500

fl=~
fn=<method 'values' of 'mappingproxy' objects>
0 1000

fl=~
fn=<method 'wrap' of 'numpy._core._multiarray_umath._array_converter' objects>
0 12900

fl=~
fn=<method 'write' of '_io.StringIO' objects>
0 23800

fl=~
fn=<method 'write' of '_io.TextIOWrapper' objects>
0 14500
cfl=C:\Users\Pedro\AppData\Local\Python\pythoncore-3.14-64\Lib\encodings\cp1252.py
cfn=encode
calls=7 18
0 13700

fl=~
fn=<method 'writerow' of '_csv.writer' objects>
0 5900

