event: ns : Nanoseconds
events: ns
summary: 71582800
fl=<frozen _collections_abc>
fn=__subclasshook__
345 1800

fl=<frozen abc>
fn=__instancecheck__
117 11200
cfl=~
cfn=<built-in method _abc._abc_instancecheck>
calls=34 0
117 172300

fl=<frozen abc>
fn=__subclasscheck__
121 16200
cfl=~
cfn=<built-in method _abc._abc_subclasscheck>
calls=93 0
121 147400

fl=<frozen codecs>
fn=__init__:189
189 1700

fl=<frozen codecs>
fn=__init__:263
263 900

fl=<frozen codecs>
fn=__init__:312
312 4200
cfl=<frozen codecs>
cfn=__init__:263
calls=5 263
312 900

fl=<frozen codecs>
fn=decode
322 14600
cfl=~
cfn=<built-in method _codecs.utf_8_decode>
calls=27 0
322 22000

fl=<frozen codecs>
fn=getstate
334 700

fl=<frozen genericpath>
fn=_splitext
157 9600
cfl=~
cfn=<built-in method builtins.max>
calls=7 0
157 1300
cfl=~
cfn=<method 'rfind' of 'str' objects>
calls=21 0
157 3300

fl=<frozen importlib._bootstrap>
fn=_new_module
48 1200

fl=<frozen importlib._bootstrap>
fn=__new__
74 2600
cfl=~
cfn=<built-in method __new__ of type object at 0x00007FFE69354D90>
calls=2 0
74 600

fl=<frozen importlib._bootstrap>
fn=__init__:79
79 1900

fl=<frozen importlib._bootstrap>
fn=remove
82 2200
cfl=~
cfn=<built-in method _weakref._remove_dead_weakref>
calls=2 0
82 600

fl=<frozen importlib._bootstrap>
fn=setdefault
124 5000
cfl=<frozen importlib._bootstrap>
cfn=__new__
calls=2 74
124 3200
cfl=<frozen importlib._bootstrap>
cfn=__init__:79
calls=2 79
124 1900

fl=<frozen importlib._bootstrap>
fn=__init__:158
158 300

fl=<frozen importlib._bootstrap>
fn=__enter__:162
162 3200
cfl=<frozen importlib._bootstrap>
cfn=setdefault
calls=2 124
162 10100
cfl=~
cfn=<method 'append' of 'list' objects>
calls=2 0
162 300

fl=<frozen importlib._bootstrap>
fn=__exit__:173
173 1500
cfl=~
cfn=<method 'remove' of 'list' objects>
calls=2 0
173 500

fl=<frozen importlib._bootstrap>
fn=__init__:232
232 1800
cfl=~
cfn=<built-in method _thread.allocate_lock>
calls=2 0
232 900

fl=<frozen importlib._bootstrap>
fn=acquire
304 10100
cfl=<frozen importlib._bootstrap>
cfn=remove
calls=2 82
304 2800
cfl=<frozen importlib._bootstrap>
cfn=__init__:158
calls=2 158
304 300
cfl=<frozen importlib._bootstrap>
cfn=__enter__:162
calls=2 162
304 13600
cfl=<frozen importlib._bootstrap>
cfn=__exit__:173
calls=2 173
304 2000
cfl=~
cfn=<built-in method _thread.get_ident>
calls=2 0
304 400
cfl=~
cfn=<method '__enter__' of '_thread.RLock' objects>
calls=2 0
304 700
cfl=~
cfn=<method '__exit__' of '_thread.RLock' objects>
calls=2 0
304 500
cfl=~
cfn=<method 'append' of 'list' objects>
calls=2 0
304 200

fl=<frozen importlib._bootstrap>
fn=release
372 4800
cfl=~
cfn=<built-in method _thread.get_ident>
calls=2 0
372 300
cfl=~
cfn=<built-in method builtins.len>
calls=6 0
372 500
cfl=~
cfn=<method '__enter__' of '_thread.RLock' objects>
calls=2 0
372 500
cfl=~
cfn=<method '__exit__' of '_thread.RLock' objects>
calls=2 0
372 500
cfl=~
cfn=<method 'pop' of 'list' objects>
calls=2 0
372 500

fl=<frozen importlib._bootstrap>
fn=__init__:415
415 300

fl=<frozen importlib._bootstrap>
fn=__enter__:419
419 5300
cfl=<frozen importlib._bootstrap>
cfn=acquire
calls=2 304
419 30600
cfl=<frozen importlib._bootstrap>
cfn=_get_module_lock
calls=2 429
419 11900

fl=<frozen importlib._bootstrap>
fn=__exit__:423
423 2700
cfl=<frozen importlib._bootstrap>
cfn=release
calls=2 372
423 7100

fl=<frozen importlib._bootstrap>
fn=_get_module_lock
429 8300
cfl=<frozen importlib._bootstrap>
cfn=__init__:232
calls=2 232
429 2700
cfl=~
cfn=<built-in method _imp.acquire_lock>
calls=2 0
429 500
cfl=~
cfn=<built-in method _imp.release_lock>
calls=2 0
429 400

fl=<frozen importlib._bootstrap>
fn=cb
448 1700
cfl=~
cfn=<built-in method _imp.acquire_lock>
calls=2 0
448 200
cfl=~
cfn=<built-in method _imp.release_lock>
calls=2 0
448 200
cfl=~
cfn=<method 'get' of 'dict' objects>
calls=2 0
448 500

fl=<frozen importlib._bootstrap>
fn=_call_with_frames_removed
483 3900
cfl=~
cfn=<built-in method _imp.create_builtin>
calls=1 0
483 4700
cfl=~
cfn=<built-in method _imp.exec_builtin>
calls=1 0
483 400
cfl=~
cfn=<built-in method _imp.find_frozen>
calls=1 0
483 500
cfl=~
cfn=<built-in method builtins.exec>
calls=1 0
483 51500

fl=<frozen importlib._bootstrap>
fn=_verbose_message
494 1400

fl=<frozen importlib._bootstrap>
fn=_requires_builtin_wrapper
504 2700
cfl=<frozen importlib._bootstrap>
cfn=is_package
calls=1 1017
504 100

fl=<frozen importlib._bootstrap>
fn=__init__:602
602 600

fl=<frozen importlib._bootstrap>
fn=cached
635 1500
cfl=<frozen importlib._bootstrap_external>
cfn=_get_cached
calls=1 369
635 19100

fl=<frozen importlib._bootstrap>
fn=parent
648 6800
cfl=~
cfn=<method 'rpartition' of 'str' objects>
calls=8 0
648 5500

fl=<frozen importlib._bootstrap>
fn=has_location
656 200

fl=<frozen importlib._bootstrap>
fn=spec_from_loader
665 3700
cfl=<frozen importlib._bootstrap>
cfn=_requires_builtin_wrapper
calls=1 504
665 2800
cfl=<frozen importlib._bootstrap>
cfn=__init__:602
calls=1 602
665 300
cfl=~
cfn=<built-in method builtins.hasattr>
calls=1 0
665 400

fl=<frozen importlib._bootstrap>
fn=_init_module_attrs
736 6000
cfl=<frozen importlib._bootstrap>
cfn=cached
calls=2 635
736 20600
cfl=<frozen importlib._bootstrap>
cfn=parent
calls=2 648
736 1200
cfl=<frozen importlib._bootstrap>
cfn=has_location
calls=2 656
736 200
cfl=~
cfn=<built-in method builtins.getattr>
calls=10 0
736 2500

fl=<frozen importlib._bootstrap>
fn=module_from_spec
809 7100
cfl=<frozen importlib._bootstrap>
cfn=_new_module
calls=1 48
809 1200
cfl=<frozen importlib._bootstrap>
cfn=_init_module_attrs
calls=2 736
809 30500
cfl=<frozen importlib._bootstrap>
cfn=create_module
calls=1 992
809 6700
cfl=<frozen importlib._bootstrap_external>
cfn=create_module
calls=1 750
809 100
cfl=~
cfn=<built-in method builtins.hasattr>
calls=2 0
809 500

fl=<frozen importlib._bootstrap>
fn=_load_unlocked
914 7400
cfl=<frozen importlib._bootstrap>
cfn=_verbose_message
calls=2 494
914 500
cfl=<frozen importlib._bootstrap>
cfn=module_from_spec
calls=2 809
914 46100
cfl=<frozen importlib._bootstrap>
cfn=exec_module
calls=1 1000
914 1600
cfl=<frozen importlib._bootstrap_external>
cfn=exec_module
calls=1 753
914 525500
cfl=~
cfn=<built-in method builtins.hasattr>
calls=2 0
914 1100
cfl=~
cfn=<method 'pop' of 'dict' objects>
calls=2 0
914 500

fl=<frozen importlib._bootstrap>
fn=find_spec:985
985 4900
cfl=<frozen importlib._bootstrap>
cfn=spec_from_loader
calls=1 665
985 7200
cfl=~
cfn=<built-in method _imp.is_builtin>
calls=2 0
985 3000

fl=<frozen importlib._bootstrap>
fn=create_module
992 1200
cfl=<frozen importlib._bootstrap>
cfn=_call_with_frames_removed
calls=1 483
992 5500

fl=<frozen importlib._bootstrap>
fn=exec_module
1000 500
cfl=<frozen importlib._bootstrap>
cfn=_call_with_frames_removed
calls=1 483
1000 1100

fl=<frozen importlib._bootstrap>
fn=is_package
1017 100

fl=<frozen importlib._bootstrap>
fn=find_spec:1131
1131 700
cfl=<frozen importlib._bootstrap>
cfn=_call_with_frames_removed
calls=1 483
1131 1700

fl=<frozen importlib._bootstrap>
fn=__enter__:1225
1225 1100
cfl=~
cfn=<built-in method _imp.acquire_lock>
calls=4 0
1225 500

fl=<frozen importlib._bootstrap>
fn=__exit__:1229
1229 1000
cfl=~
cfn=<built-in method _imp.release_lock>
calls=4 0
1229 400

fl=<frozen importlib._bootstrap>
fn=_find_spec
1243 12400
cfl=<frozen importlib._bootstrap>
cfn=find_spec:985
calls=2 985
1243 15100
cfl=<frozen importlib._bootstrap>
cfn=find_spec:1131
calls=1 1131
1243 2400
cfl=<frozen importlib._bootstrap>
cfn=__enter__:1225
calls=4 1225
1243 1600
cfl=<frozen importlib._bootstrap>
cfn=__exit__:1229
calls=4 1229
1243 1400
cfl=<frozen importlib._bootstrap_external>
cfn=find_spec:1284
calls=1 1284
1243 147200

fl=<frozen importlib._bootstrap>
fn=_find_and_load_unlocked
1308 12700
cfl=<frozen importlib._bootstrap>
cfn=_load_unlocked
calls=2 914
1308 582700
cfl=<frozen importlib._bootstrap>
cfn=_find_spec
calls=2 1243
1308 180100
cfl=~
cfn=<built-in method builtins.getattr>
calls=1 0
1308 200
cfl=~
cfn=<built-in method builtins.setattr>
calls=1 0
1308 700
cfl=~
cfn=<method 'append' of 'list' objects>
calls=1 0
1308 200
cfl=~
cfn=<method 'get' of 'dict' objects>
calls=2 0
1308 300
cfl=~
cfn=<method 'pop' of 'list' objects>
calls=1 0
1308 300
cfl=~
cfn=<method 'rpartition' of 'str' objects>
calls=3 0
1308 900

fl=<frozen importlib._bootstrap>
fn=_find_and_load
1360 13500
cfl=<frozen importlib._bootstrap>
cfn=__init__:415
calls=2 415
1360 300
cfl=<frozen importlib._bootstrap>
cfn=__enter__:419
calls=2 419
1360 47800
cfl=<frozen importlib._bootstrap>
cfn=__exit__:423
calls=2 423
1360 9800
cfl=<frozen importlib._bootstrap>
cfn=cb
calls=2 448
1360 2600
cfl=<frozen importlib._bootstrap>
cfn=_find_and_load_unlocked
calls=2 1308
1360 778100
cfl=~
cfn=<method 'get' of 'dict' objects>
calls=4 0
1360 800

fl=<frozen importlib._bootstrap>
fn=_handle_fromlist
1401 8100
cfl=~
cfn=<built-in method builtins.hasattr>
calls=9 0
1401 2600
cfl=~
cfn=<built-in method builtins.isinstance>
calls=9 0
1401 900

fl=<frozen importlib._bootstrap_external>
fn=_relax_case
67 900

fl=<frozen importlib._bootstrap_external>
fn=_unpack_uint32
89 1600
cfl=~
cfn=<built-in method builtins.len>
calls=3 0
89 300
cfl=~
cfn=<built-in method from_bytes>
calls=3 0
89 800

fl=<frozen importlib._bootstrap_external>
fn=_path_join
101 22000
cfl=~
cfn=<built-in method builtins.len>
calls=10 0
101 1000
cfl=~
cfn=<method 'append' of 'list' objects>
calls=7 0
101 1000
cfl=~
cfn=<method 'endswith' of 'str' objects>
calls=19 0
101 2300
cfl=~
cfn=<method 'join' of 'str' objects>
calls=5 0
101 1300
cfl=~
cfn=<method 'rstrip' of 'str' objects>
calls=17 0
101 1900
cfl=~
cfn=<method 'startswith' of 'str' objects>
calls=12 0
101 2000

fl=<frozen importlib._bootstrap_external>
fn=_path_split
137 2000
cfl=~
cfn=<built-in method builtins.max>
calls=2 0
137 4000

fl=<frozen importlib._bootstrap_external>
fn=<genexpr>
139 1600
cfl=~
cfn=<method 'rfind' of 'str' objects>
calls=4 0
139 600

fl=<frozen importlib._bootstrap_external>
fn=_path_stat
145 1500
cfl=~
cfn=<built-in method nt.stat>
calls=3 0
145 111300

fl=<frozen importlib._bootstrap_external>
fn=_path_is_mode_type
155 800
cfl=<frozen importlib._bootstrap_external>
cfn=_path_stat
calls=1 145
155 40900

fl=<frozen importlib._bootstrap_external>
fn=_path_isfile
164 1500
cfl=<frozen importlib._bootstrap_external>
cfn=_path_is_mode_type
calls=1 155
164 41700

fl=<frozen importlib._bootstrap_external>
fn=_path_isabs
177 2900
cfl=~
cfn=<built-in method builtins.len>
calls=1 0
177 200
cfl=~
cfn=<built-in method nt._path_splitroot>
calls=1 0
177 1000
cfl=~
cfn=<method 'endswith' of 'str' objects>
calls=1 0
177 200
cfl=~
cfn=<method 'replace' of 'str' objects>
calls=1 0
177 400
cfl=~
cfn=<method 'startswith' of 'str' objects>
calls=1 0
177 100

fl=<frozen importlib._bootstrap_external>
fn=_path_abspath
190 1200
cfl=<frozen importlib._bootstrap_external>
cfn=_path_isabs
calls=1 177
190 4800

fl=<frozen importlib._bootstrap_external>
fn=cache_from_source
239 5700
cfl=<frozen importlib._bootstrap_external>
cfn=_path_join
calls=2 101
239 12500
cfl=<frozen importlib._bootstrap_external>
cfn=_path_split
calls=2 137
239 6000
cfl=~
cfn=<built-in method nt.fspath>
calls=2 0
239 200
cfl=~
cfn=<method 'join' of 'str' objects>
calls=2 0
239 300
cfl=~
cfn=<method 'rpartition' of 'str' objects>
calls=2 0
239 300

fl=<frozen importlib._bootstrap_external>
fn=_get_cached
369 3800
cfl=<frozen importlib._bootstrap_external>
cfn=cache_from_source
calls=1 239
369 15200
cfl=~
cfn=<method 'endswith' of 'str' objects>
calls=1 0
369 100

fl=<frozen importlib._bootstrap_external>
fn=_check_name_wrapper
401 1100
cfl=<frozen importlib._bootstrap_external>
cfn=get_filename
calls=1 942
401 100

fl=<frozen importlib._bootstrap_external>
fn=_classify_pyc
424 2500
cfl=<frozen importlib._bootstrap_external>
cfn=_unpack_uint32
calls=1 89
424 1300
cfl=~
cfn=<built-in method builtins.len>
calls=1 0
424 200

fl=<frozen importlib._bootstrap_external>
fn=_validate_timestamp_pyc
457 1600
cfl=<frozen importlib._bootstrap_external>
cfn=_unpack_uint32
calls=2 89
457 1400

fl=<frozen importlib._bootstrap_external>
fn=_compile_bytecode
509 5100
cfl=<frozen importlib._bootstrap>
cfn=_verbose_message
calls=1 494
509 200
cfl=~
cfn=<built-in method _imp._fix_co_filename>
calls=1 0
509 1000
cfl=~
cfn=<built-in method builtins.isinstance>
calls=1 0
509 200
cfl=~
cfn=<built-in method marshal.loads>
calls=1 0
509 101400

fl=<frozen importlib._bootstrap_external>
fn=spec_from_file_location
560 4600
cfl=<frozen importlib._bootstrap>
cfn=__init__:602
calls=1 602
560 300
cfl=<frozen importlib._bootstrap_external>
cfn=_path_abspath
calls=1 190
560 6000
cfl=~
cfn=<built-in method nt.fspath>
calls=1 0
560 200

fl=<frozen importlib._bootstrap_external>
fn=create_module
750 100

fl=<frozen importlib._bootstrap_external>
fn=exec_module
753 6600
cfl=<frozen importlib._bootstrap>
cfn=_call_with_frames_removed
calls=1 483
753 52700
cfl=<frozen importlib._bootstrap_external>
cfn=get_code
calls=1 826
753 466200

fl=<frozen importlib._bootstrap_external>
fn=get_code
826 13500
cfl=<frozen importlib._bootstrap>
cfn=_verbose_message
calls=1 494
826 300
cfl=<frozen importlib._bootstrap_external>
cfn=cache_from_source
calls=1 239
826 9800
cfl=<frozen importlib._bootstrap_external>
cfn=_check_name_wrapper
calls=1 401
826 1200
cfl=<frozen importlib._bootstrap_external>
cfn=_classify_pyc
calls=1 424
826 4000
cfl=<frozen importlib._bootstrap_external>
cfn=_validate_timestamp_pyc
calls=1 457
826 3000
cfl=<frozen importlib._bootstrap_external>
cfn=_compile_bytecode
calls=1 509
826 107900
cfl=<frozen importlib._bootstrap_external>
cfn=get_data
calls=1 947
826 301600
cfl=<frozen importlib._bootstrap_external>
cfn=path_stats
calls=1 966
826 24900

fl=<frozen importlib._bootstrap_external>
fn=__init__
917 200

fl=<frozen importlib._bootstrap_external>
fn=get_filename
942 100

fl=<frozen importlib._bootstrap_external>
fn=get_data
947 5300
cfl=~
cfn=<built-in method _io.open_code>
calls=1 0
947 249400
cfl=~
cfn=<built-in method builtins.isinstance>
calls=1 0
947 200
cfl=~
cfn=<method '__enter__' of '_io._IOBase' objects>
calls=1 0
947 700
cfl=~
cfn=<method '__exit__' of '_io._IOBase' objects>
calls=1 0
947 9300
cfl=~
cfn=<method 'read' of '_io.BufferedReader' objects>
calls=1 0
947 36700

fl=<frozen importlib._bootstrap_external>
fn=path_stats
966 500
cfl=<frozen importlib._bootstrap_external>
cfn=_path_stat
calls=1 145
966 24400

fl=<frozen importlib._bootstrap_external>
fn=_path_importer_cache
1233 600

fl=<frozen importlib._bootstrap_external>
fn=_get_spec:1255
1255 5900
cfl=<frozen importlib._bootstrap_external>
cfn=_path_importer_cache
calls=1 1233
1255 600
cfl=<frozen importlib._bootstrap_external>
cfn=find_spec:1357
calls=1 1357
1255 138300
cfl=~
cfn=<built-in method builtins.isinstance>
calls=1 0
1255 100

fl=<frozen importlib._bootstrap_external>
fn=find_spec:1284
1284 2300
cfl=<frozen importlib._bootstrap_external>
cfn=_get_spec:1255
calls=1 1255
1284 144900

fl=<frozen importlib._bootstrap_external>
fn=_get_spec:1352
1352 4600
cfl=<frozen importlib._bootstrap_external>
cfn=spec_from_file_location
calls=1 560
1352 11100
cfl=<frozen importlib._bootstrap_external>
cfn=__init__
calls=1 917
1352 200

fl=<frozen importlib._bootstrap_external>
fn=find_spec:1357
1357 11000
cfl=<frozen importlib._bootstrap>
cfn=_verbose_message
calls=3 494
1357 400
cfl=<frozen importlib._bootstrap_external>
cfn=_relax_case
calls=1 67
1357 900
cfl=<frozen importlib._bootstrap_external>
cfn=_path_join
calls=3 101
1357 19000
cfl=<frozen importlib._bootstrap_external>
cfn=_path_stat
calls=1 145
1357 47500
cfl=<frozen importlib._bootstrap_external>
cfn=_path_isfile
calls=1 164
1357 43200
cfl=<frozen importlib._bootstrap_external>
cfn=_get_spec:1352
calls=1 1352
1357 15900
cfl=~
cfn=<method 'rpartition' of 'str' objects>
calls=1 0
1357 400

fl=<frozen ntpath>
fn=_get_bothseps
34 2700
cfl=~
cfn=<built-in method builtins.isinstance>
calls=8 0
34 800

fl=<frozen ntpath>
fn=normcase
50 19400
cfl=~
cfn=<built-in method _winapi.LCMapStringEx>
calls=21 0
50 19200
cfl=~
cfn=<built-in method builtins.isinstance>
calls=21 0
50 2700
cfl=~
cfn=<built-in method nt.fspath>
calls=21 0
50 2400
cfl=~
cfn=<method 'replace' of 'str' objects>
calls=21 0
50 4700

fl=<frozen ntpath>
fn=join
99 18100
cfl=~
cfn=<built-in method builtins.isinstance>
calls=9 0
99 1100
cfl=~
cfn=<built-in method nt._path_splitroot_ex>
calls=18 0
99 5500
cfl=~
cfn=<built-in method nt.fspath>
calls=9 0
99 1300

fl=<frozen ntpath>
fn=splitdrive
146 1600
cfl=~
cfn=<built-in method nt._path_splitroot_ex>
calls=2 0
146 400

fl=<frozen ntpath>
fn=split
222 21900
cfl=<frozen ntpath>
cfn=_get_bothseps
calls=8 34
222 3500
cfl=~
cfn=<built-in method builtins.len>
calls=8 0
222 1000
cfl=~
cfn=<built-in method nt._path_splitroot_ex>
calls=8 0
222 3900
cfl=~
cfn=<built-in method nt.fspath>
calls=8 0
222 1000
cfl=~
cfn=<method 'rstrip' of 'str' objects>
calls=8 0
222 2800

fl=<frozen ntpath>
fn=splitext
243 7600
cfl=<frozen genericpath>
cfn=_splitext
calls=7 157
243 14200
cfl=~
cfn=<built-in method builtins.isinstance>
calls=7 0
243 500
cfl=~
cfn=<built-in method nt.fspath>
calls=7 0
243 600

fl=<frozen ntpath>
fn=basename
254 4100
cfl=<frozen ntpath>
cfn=split
calls=7 222
254 28200

fl=<frozen ntpath>
fn=expanduser
343 6400
cfl=~
cfn=<built-in method builtins.isinstance>
calls=9 0
343 900
cfl=~
cfn=<built-in method nt.fspath>
calls=9 0
343 1100
cfl=~
cfn=<method 'startswith' of 'str' objects>
calls=9 0
343 1300

fl=<frozen ntpath>
fn=abspath
529 1500
cfl=~
cfn=<built-in method nt._getfullpathname>
calls=1 0
529 2400
cfl=~
cfn=<built-in method nt._path_normpath>
calls=1 0
529 700

fl=<frozen os>
fn=makedirs
211 6200
cfl=<frozen ntpath>
cfn=split
calls=1 222
211 5900
cfl=~
cfn=<built-in method nt._path_exists>
calls=1 0
211 54100
cfl=~
cfn=<built-in method nt.mkdir>
calls=1 0
211 192900

fl=<string>
fn=<lambda>:1
1 1900
cfl=~
cfn=<built-in method __new__ of type object at 0x00007FFE69354D90>
calls=3 0
1 900

fl=<string>
fn=<lambda>:1
1 1800
cfl=~
cfn=<built-in method __new__ of type object at 0x00007FFE69354D90>
calls=3 0
1 1300

fl=<string>
fn=__init__:2
2 700

fl=<string>
fn=__init__:2
2 2400

fl=<string>
fn=__init__:2
2 2700

fl=C:\Users\Pedro\AppData\Local\Python\pythoncore-3.14-64\Lib\_colorize.py
fn=get_theme
322 800

fl=C:\Users\Pedro\AppData\Local\Python\pythoncore-3.14-64\Lib\_py_warnings.py
fn=_filters
71 1400

fl=C:\Users\Pedro\AppData\Local\Python\pythoncore-3.14-64\Lib\_py_warnings.py
fn=_get_context
89 1500

fl=C:\Users\Pedro\AppData\Local\Python\pythoncore-3.14-64\Lib\_py_warnings.py
fn=_get_filters
111 7900
cfl=C:\Users\Pedro\AppData\Local\Python\pythoncore-3.14-64\Lib\_py_warnings.py
cfn=_filters
calls=12 71
111 1400
cfl=C:\Users\Pedro\AppData\Local\Python\pythoncore-3.14-64\Lib\_py_warnings.py
cfn=_get_context
calls=12 89
111 1300

fl=C:\Users\Pedro\AppData\Local\Python\pythoncore-3.14-64\Lib\_py_warnings.py
fn=_showwarnmsg_impl
133 5400
cfl=C:\Users\Pedro\AppData\Local\Python\pythoncore-3.14-64\Lib\_py_warnings.py
cfn=_get_context
calls=1 89
133 200
cfl=C:\Users\Pedro\AppData\Local\Python\pythoncore-3.14-64\Lib\_py_warnings.py
cfn=_formatwarnmsg
calls=1 240
133 411100
cfl=c:\Users\Pedro\faculdade\IniciacaoCientifica\grn\.env\Lib\site-packages\IPython\core\interactiveshell.py
cfn=write
calls=1 3098
133 227000

fl=C:\Users\Pedro\AppData\Local\Python\pythoncore-3.14-64\Lib\_py_warnings.py
fn=_formatwarnmsg_impl
153 9600
cfl=C:\Users\Pedro\AppData\Local\Python\pythoncore-3.14-64\Lib\linecache.py
cfn=getline
calls=1 22
153 396800
cfl=~
cfn=<method 'strip' of 'str' objects>
calls=1 0
153 500

fl=C:\Users\Pedro\AppData\Local\Python\pythoncore-3.14-64\Lib\_py_warnings.py
fn=_showwarnmsg
217 2300
cfl=C:\Users\Pedro\AppData\Local\Python\pythoncore-3.14-64\Lib\_py_warnings.py
cfn=_showwarnmsg_impl
calls=1 133
217 643700

fl=C:\Users\Pedro\AppData\Local\Python\pythoncore-3.14-64\Lib\_py_warnings.py
fn=_formatwarnmsg
240 4200
cfl=C:\Users\Pedro\AppData\Local\Python\pythoncore-3.14-64\Lib\_py_warnings.py
cfn=_formatwarnmsg_impl
calls=1 153
240 406900

fl=C:\Users\Pedro\AppData\Local\Python\pythoncore-3.14-64\Lib\_py_warnings.py
fn=simplefilter
294 11600
cfl=C:\Users\Pedro\AppData\Local\Python\pythoncore-3.14-64\Lib\_py_warnings.py
cfn=_add_filter
calls=12 320
294 51400
cfl=~
cfn=<built-in method builtins.isinstance>
calls=12 0
294 800

fl=C:\Users\Pedro\AppData\Local\Python\pythoncore-3.14-64\Lib\_py_warnings.py
fn=_add_filter
320 21800
cfl=C:\Users\Pedro\AppData\Local\Python\pythoncore-3.14-64\Lib\_py_warnings.py
cfn=_get_filters
calls=12 111
320 10600
cfl=C:\Users\Pedro\AppData\Local\Python\pythoncore-3.14-64\Lib\warnings.py
cfn=__enter__
calls=12 80
320 3500
cfl=C:\Users\Pedro\AppData\Local\Python\pythoncore-3.14-64\Lib\warnings.py
cfn=__exit__
calls=12 84
320 3600
cfl=~
cfn=<built-in method _warnings._filters_mutated_lock_held>
calls=12 0
320 1300
cfl=~
cfn=<method 'insert' of 'list' objects>
calls=12 0
320 3200
cfl=~
cfn=<method 'remove' of 'list' objects>
calls=12 0
320 7400

fl=C:\Users\Pedro\AppData\Local\Python\pythoncore-3.14-64\Lib\_py_warnings.py
fn=__init__:576
576 1900

fl=C:\Users\Pedro\AppData\Local\Python\pythoncore-3.14-64\Lib\_py_warnings.py
fn=__init__:616
616 3800

fl=C:\Users\Pedro\AppData\Local\Python\pythoncore-3.14-64\Lib\_py_warnings.py
fn=__enter__
639 17000
cfl=C:\Users\Pedro\AppData\Local\Python\pythoncore-3.14-64\Lib\warnings.py
cfn=__enter__
calls=12 80
639 5800
cfl=C:\Users\Pedro\AppData\Local\Python\pythoncore-3.14-64\Lib\warnings.py
cfn=__exit__
calls=12 84
639 4600
cfl=~
cfn=<built-in method _warnings._filters_mutated_lock_held>
calls=12 0
639 1500

fl=C:\Users\Pedro\AppData\Local\Python\pythoncore-3.14-64\Lib\_py_warnings.py
fn=__exit__
668 11500
cfl=C:\Users\Pedro\AppData\Local\Python\pythoncore-3.14-64\Lib\warnings.py
cfn=__enter__
calls=12 80
668 3200
cfl=C:\Users\Pedro\AppData\Local\Python\pythoncore-3.14-64\Lib\warnings.py
cfn=__exit__
calls=12 84
668 2800
cfl=~
cfn=<built-in method _warnings._filters_mutated_lock_held>
calls=12 0
668 1400

fl=C:\Users\Pedro\AppData\Local\Python\pythoncore-3.14-64\Lib\ast.py
fn=parse
26 4600
cfl=~
cfn=<built-in method builtins.compile>
calls=8 0
26 125700

fl=C:\Users\Pedro\AppData\Local\Python\pythoncore-3.14-64\Lib\asyncio\base_events.py
fn=_check_closed
548 500

fl=C:\Users\Pedro\AppData\Local\Python\pythoncore-3.14-64\Lib\asyncio\base_events.py
fn=time
766 3800
cfl=~
cfn=<built-in method time.monotonic>
calls=6 0
766 1200

fl=C:\Users\Pedro\AppData\Local\Python\pythoncore-3.14-64\Lib\asyncio\base_events.py
fn=call_later
775 6700
cfl=C:\Users\Pedro\AppData\Local\Python\pythoncore-3.14-64\Lib\asyncio\base_events.py
cfn=time
calls=2 766
775 600
cfl=C:\Users\Pedro\AppData\Local\Python\pythoncore-3.14-64\Lib\asyncio\base_events.py
cfn=call_at
calls=2 799
775 20400

fl=C:\Users\Pedro\AppData\Local\Python\pythoncore-3.14-64\Lib\asyncio\base_events.py
fn=call_at
799 6500
cfl=C:\Users\Pedro\AppData\Local\Python\pythoncore-3.14-64\Lib\asyncio\base_events.py
cfn=_check_closed
calls=2 548
799 500
cfl=C:\Users\Pedro\AppData\Local\Python\pythoncore-3.14-64\Lib\asyncio\events.py
cfn=__init__:146
calls=2 146
799 10300
cfl=~
cfn=<built-in method _heapq.heappush>
calls=2 0
799 3100

fl=C:\Users\Pedro\AppData\Local\Python\pythoncore-3.14-64\Lib\asyncio\base_events.py
fn=_add_callback
1951 1000
cfl=~
cfn=<method 'append' of 'collections.deque' objects>
calls=2 0
1951 300

fl=C:\Users\Pedro\AppData\Local\Python\pythoncore-3.14-64\Lib\asyncio\base_events.py
fn=_run_once
1966 10800
cfl=C:\Users\Pedro\AppData\Local\Python\pythoncore-3.14-64\Lib\asyncio\base_events.py
cfn=time
calls=2 766
1966 1000
cfl=C:\Users\Pedro\AppData\Local\Python\pythoncore-3.14-64\Lib\selectors.py
cfn=select
calls=0 310
1966 0
cfl=~
cfn=<built-in method builtins.len>
calls=3 0
1966 600

fl=C:\Users\Pedro\AppData\Local\Python\pythoncore-3.14-64\Lib\asyncio\base_events.py
fn=get_debug
2064 600

fl=C:\Users\Pedro\AppData\Local\Python\pythoncore-3.14-64\Lib\asyncio\events.py
fn=__init__:41
41 5300
cfl=C:\Users\Pedro\AppData\Local\Python\pythoncore-3.14-64\Lib\asyncio\base_events.py
cfn=get_debug
calls=2 2064
41 600
cfl=~
cfn=<built-in method _contextvars.copy_context>
calls=2 0
41 600

fl=C:\Users\Pedro\AppData\Local\Python\pythoncore-3.14-64\Lib\asyncio\events.py
fn=_run
92 3100
cfl=~
cfn=<method 'run' of '_contextvars.Context' objects>
calls=2 0
92 300100

fl=C:\Users\Pedro\AppData\Local\Python\pythoncore-3.14-64\Lib\asyncio\events.py
fn=__init__:146
146 3800
cfl=C:\Users\Pedro\AppData\Local\Python\pythoncore-3.14-64\Lib\asyncio\events.py
cfn=__init__:41
calls=2 41
146 6500

fl=C:\Users\Pedro\AppData\Local\Python\pythoncore-3.14-64\Lib\asyncio\events.py
fn=__lt__
162 800
cfl=~
cfn=<built-in method builtins.isinstance>
calls=2 0
162 200

fl=C:\Users\Pedro\AppData\Local\Python\pythoncore-3.14-64\Lib\asyncio\selector_events.py
fn=_process_events
744 3000
cfl=C:\Users\Pedro\AppData\Local\Python\pythoncore-3.14-64\Lib\asyncio\base_events.py
cfn=_add_callback
calls=2 1951
744 1300

fl=C:\Users\Pedro\AppData\Local\Python\pythoncore-3.14-64\Lib\cProfile.py
fn=__exit__
120 2100
cfl=~
cfn=<method 'disable' of '_lsprof.Profiler' objects>
calls=1 0
120 84900

fl=C:\Users\Pedro\AppData\Local\Python\pythoncore-3.14-64\Lib\contextlib.py
fn=__exit__:145
145 2200
cfl=~
cfn=<built-in method builtins.next>
calls=1 0
145 1500

fl=C:\Users\Pedro\AppData\Local\Python\pythoncore-3.14-64\Lib\contextlib.py
fn=__init__
444 900

fl=C:\Users\Pedro\AppData\Local\Python\pythoncore-3.14-64\Lib\contextlib.py
fn=__enter__
447 600

fl=C:\Users\Pedro\AppData\Local\Python\pythoncore-3.14-64\Lib\contextlib.py
fn=__exit__:450
450 1000

fl=C:\Users\Pedro\AppData\Local\Python\pythoncore-3.14-64\Lib\copy.py
fn=copy
62 700

fl=C:\Users\Pedro\AppData\Local\Python\pythoncore-3.14-64\Lib\copy.py
fn=deepcopy
110 10228300
cfl=C:\Users\Pedro\AppData\Local\Python\pythoncore-3.14-64\Lib\copy.py
cfn=_deepcopy_dict
calls=7683 198
110 25642700
cfl=C:\Users\Pedro\AppData\Local\Python\pythoncore-3.14-64\Lib\copy.py
cfn=_keep_alive
calls=7683 212
110 3665200
cfl=~
cfn=<built-in method builtins.id>
calls=7683 0
110 569700
cfl=~
cfn=<method 'get' of 'dict' objects>
calls=14775 0
110 1381400

fl=C:\Users\Pedro\AppData\Local\Python\pythoncore-3.14-64\Lib\copy.py
fn=_deepcopy_dict
198 9329600
cfl=C:\Users\Pedro\AppData\Local\Python\pythoncore-3.14-64\Lib\copy.py
cfn=deepcopy
calls=44916 110
198 24373000
cfl=~
cfn=<built-in method builtins.id>
calls=7683 0
198 533000
cfl=~
cfn=<method 'items' of 'dict' objects>
calls=7683 0
198 767800

fl=C:\Users\Pedro\AppData\Local\Python\pythoncore-3.14-64\Lib\copy.py
fn=_keep_alive
212 2391000
cfl=~
cfn=<built-in method builtins.id>
calls=8274 0
212 604000
cfl=~
cfn=<method 'append' of 'list' objects>
calls=7092 0
212 670200

fl=C:\Users\Pedro\AppData\Local\Python\pythoncore-3.14-64\Lib\dataclasses.py
fn=is_dataclass
1468 1900
cfl=~
cfn=<built-in method builtins.hasattr>
calls=2 0
1468 1000
cfl=~
cfn=<built-in method builtins.isinstance>
calls=2 0
1468 400

fl=C:\Users\Pedro\AppData\Local\Python\pythoncore-3.14-64\Lib\encodings\cp1252.py
fn=encode
18 6400
cfl=~
cfn=<built-in method _codecs.charmap_encode>
calls=7 0
18 6900

fl=C:\Users\Pedro\AppData\Local\Python\pythoncore-3.14-64\Lib\enum.py
fn=__get__
187 2100
cfl=C:\Users\Pedro\AppData\Local\Python\pythoncore-3.14-64\Lib\enum.py
cfn=value
calls=3 1324
187 1100

fl=C:\Users\Pedro\AppData\Local\Python\pythoncore-3.14-64\Lib\enum.py
fn=__call__
677 10100
cfl=C:\Users\Pedro\AppData\Local\Python\pythoncore-3.14-64\Lib\enum.py
cfn=__new__
calls=14 1146
677 4900

fl=C:\Users\Pedro\AppData\Local\Python\pythoncore-3.14-64\Lib\enum.py
fn=__new__
1146 4900

fl=C:\Users\Pedro\AppData\Local\Python\pythoncore-3.14-64\Lib\enum.py
fn=value
1324 1100

fl=C:\Users\Pedro\AppData\Local\Python\pythoncore-3.14-64\Lib\enum.py
fn=_get_value
1576 9500
cfl=~
cfn=<built-in method builtins.isinstance>
calls=40 0
1576 4900

fl=C:\Users\Pedro\AppData\Local\Python\pythoncore-3.14-64\Lib\enum.py
fn=__or__
1583 2500
cfl=C:\Users\Pedro\AppData\Local\Python\pythoncore-3.14-64\Lib\enum.py
cfn=__call__
calls=2 677
1583 900
cfl=C:\Users\Pedro\AppData\Local\Python\pythoncore-3.14-64\Lib\enum.py
cfn=_get_value
calls=6 1576
1583 2800

fl=C:\Users\Pedro\AppData\Local\Python\pythoncore-3.14-64\Lib\enum.py
fn=__and__
1594 21300
cfl=C:\Users\Pedro\AppData\Local\Python\pythoncore-3.14-64\Lib\enum.py
cfn=__call__
calls=6 677
1594 4500
cfl=C:\Users\Pedro\AppData\Local\Python\pythoncore-3.14-64\Lib\enum.py
cfn=_get_value
calls=18 1576
1594 11600

fl=C:\Users\Pedro\AppData\Local\Python\pythoncore-3.14-64\Lib\linecache.py
fn=getline
22 9000
cfl=C:\Users\Pedro\AppData\Local\Python\pythoncore-3.14-64\Lib\linecache.py
cfn=getlines
calls=13 32
22 904500
cfl=~
cfn=<built-in method builtins.len>
calls=13 0
22 1100

fl=C:\Users\Pedro\AppData\Local\Python\pythoncore-3.14-64\Lib\linecache.py
fn=getlines
32 19000
cfl=C:\Users\Pedro\AppData\Local\Python\pythoncore-3.14-64\Lib\linecache.py
cfn=updatecache
calls=4 106
32 883000
cfl=~
cfn=<built-in method builtins.len>
calls=12 0
32 700
cfl=~
cfn=<method 'get' of 'dict' objects>
calls=13 0
32 1800

fl=C:\Users\Pedro\AppData\Local\Python\pythoncore-3.14-64\Lib\linecache.py
fn=_source_unavailable
64 2400
cfl=~
cfn=<method 'startswith' of 'str' objects>
calls=4 0
64 500

fl=C:\Users\Pedro\AppData\Local\Python\pythoncore-3.14-64\Lib\linecache.py
fn=checkcache
74 1600
cfl=~
cfn=<built-in method builtins.len>
calls=3 0
74 300
cfl=~
cfn=<method 'get' of 'dict' objects>
calls=3 0
74 300

fl=C:\Users\Pedro\AppData\Local\Python\pythoncore-3.14-64\Lib\linecache.py
fn=updatecache
106 31900
cfl=C:\Users\Pedro\AppData\Local\Python\pythoncore-3.14-64\Lib\linecache.py
cfn=_source_unavailable
calls=4 64
106 2900
cfl=C:\Users\Pedro\AppData\Local\Python\pythoncore-3.14-64\Lib\tokenize.py
cfn=open
calls=4 457
106 311300
cfl=~
cfn=<built-in method nt.stat>
calls=4 0
106 146900
cfl=~
cfn=<method '__enter__' of '_io._IOBase' objects>
calls=4 0
106 2400
cfl=~
cfn=<method '__exit__' of '_io._IOBase' objects>
calls=4 0
106 37600
cfl=~
cfn=<method 'endswith' of 'str' objects>
calls=4 0
106 900
cfl=~
cfn=<method 'pop' of 'dict' objects>
calls=4 0
106 1000
cfl=~
cfn=<method 'readlines' of '_io._IOBase' objects>
calls=4 0
106 347700
cfl=~
cfn=<method 'startswith' of 'str' objects>
calls=4 0
106 400

fl=C:\Users\Pedro\AppData\Local\Python\pythoncore-3.14-64\Lib\linecache.py
fn=lazycache
200 5400
cfl=C:\Users\Pedro\AppData\Local\Python\pythoncore-3.14-64\Lib\linecache.py
cfn=_make_lazycache_entry
calls=3 224
200 8300
cfl=~
cfn=<built-in method builtins.len>
calls=1 0
200 100
cfl=~
cfn=<method 'get' of 'dict' objects>
calls=4 0
200 700

fl=C:\Users\Pedro\AppData\Local\Python\pythoncore-3.14-64\Lib\linecache.py
fn=_make_lazycache_entry
224 5000
cfl=~
cfn=<built-in method builtins.getattr>
calls=9 0
224 2300
cfl=~
cfn=<method 'get' of 'dict' objects>
calls=3 0
224 500
cfl=~
cfn=<method 'startswith' of 'str' objects>
calls=3 0
224 500

fl=C:\Users\Pedro\AppData\Local\Python\pythoncore-3.14-64\Lib\logging\__init__.py
fn=getLevelName
129 3400
cfl=~
cfn=<method 'get' of 'dict' objects>
calls=7 0
129 2200

fl=C:\Users\Pedro\AppData\Local\Python\pythoncore-3.14-64\Lib\logging\__init__.py
fn=<lambda>
167 5200
cfl=~
cfn=<built-in method sys._getframe>
calls=7 0
167 2500

fl=C:\Users\Pedro\AppData\Local\Python\pythoncore-3.14-64\Lib\logging\__init__.py
fn=_is_internal_frame
197 14600
cfl=<frozen ntpath>
cfn=normcase
calls=21 50
197 48400

fl=C:\Users\Pedro\AppData\Local\Python\pythoncore-3.14-64\Lib\logging\__init__.py
fn=_checkLevel
205 1500
cfl=~
cfn=<built-in method builtins.isinstance>
calls=3 0
205 400

fl=C:\Users\Pedro\AppData\Local\Python\pythoncore-3.14-64\Lib\logging\__init__.py
fn=_register_at_fork_reinit_lock
257 100

fl=C:\Users\Pedro\AppData\Local\Python\pythoncore-3.14-64\Lib\logging\__init__.py
fn=__init__:298
298 59800
cfl=<frozen ntpath>
cfn=splitext
calls=7 243
298 22900
cfl=<frozen ntpath>
cfn=basename
calls=7 254
298 32300
cfl=C:\Users\Pedro\AppData\Local\Python\pythoncore-3.14-64\Lib\logging\__init__.py
cfn=getLevelName
calls=7 129
298 5600
cfl=C:\Users\Pedro\AppData\Local\Python\pythoncore-3.14-64\Lib\multiprocessing\process.py
cfn=current_process
calls=7 37
298 2200
cfl=C:\Users\Pedro\AppData\Local\Python\pythoncore-3.14-64\Lib\multiprocessing\process.py
cfn=name
calls=7 196
298 700
cfl=C:\Users\Pedro\AppData\Local\Python\pythoncore-3.14-64\Lib\threading.py
cfn=name
calls=7 1135
298 1200
cfl=C:\Users\Pedro\AppData\Local\Python\pythoncore-3.14-64\Lib\threading.py
cfn=current_thread
calls=7 1470
298 4500
cfl=~
cfn=<built-in method _asyncio.current_task>
calls=7 0
298 3000
cfl=~
cfn=<built-in method _thread.get_ident>
calls=7 0
298 1600
cfl=~
cfn=<built-in method builtins.hasattr>
calls=7 0
298 8800
cfl=~
cfn=<built-in method nt.getpid>
calls=7 0
298 1800
cfl=~
cfn=<built-in method time.time_ns>
calls=7 0
298 3100
cfl=~
cfn=<method 'get' of 'dict' objects>
calls=14 0
298 4600
cfl=~
cfn=<method 'get_name' of '_asyncio.Task' objects>
calls=7 0
298 1700

fl=C:\Users\Pedro\AppData\Local\Python\pythoncore-3.14-64\Lib\logging\__init__.py
fn=getMessage
391 3700

fl=C:\Users\Pedro\AppData\Local\Python\pythoncore-3.14-64\Lib\logging\__init__.py
fn=__init__:451
451 200

fl=C:\Users\Pedro\AppData\Local\Python\pythoncore-3.14-64\Lib\logging\__init__.py
fn=usesTime:455
455 4000
cfl=~
cfn=<method 'find' of 'str' objects>
calls=7 0
455 1400

fl=C:\Users\Pedro\AppData\Local\Python\pythoncore-3.14-64\Lib\logging\__init__.py
fn=validate
458 1700
cfl=~
cfn=<method 'search' of 're.Pattern' objects>
calls=1 0
458 2900

fl=C:\Users\Pedro\AppData\Local\Python\pythoncore-3.14-64\Lib\logging\__init__.py
fn=_format
463 9500

fl=C:\Users\Pedro\AppData\Local\Python\pythoncore-3.14-64\Lib\logging\__init__.py
fn=format:470
470 4400
cfl=C:\Users\Pedro\AppData\Local\Python\pythoncore-3.14-64\Lib\logging\__init__.py
cfn=_format
calls=7 463
470 9500

fl=C:\Users\Pedro\AppData\Local\Python\pythoncore-3.14-64\Lib\logging\__init__.py
fn=__init__:601
601 4300
cfl=C:\Users\Pedro\AppData\Local\Python\pythoncore-3.14-64\Lib\logging\__init__.py
cfn=__init__:451
calls=1 451
601 200
cfl=C:\Users\Pedro\AppData\Local\Python\pythoncore-3.14-64\Lib\logging\__init__.py
cfn=validate
calls=1 458
601 4600

fl=C:\Users\Pedro\AppData\Local\Python\pythoncore-3.14-64\Lib\logging\__init__.py
fn=formatTime
631 15400
cfl=~
cfn=<built-in method time.localtime>
calls=7 0
631 28100
cfl=~
cfn=<built-in method time.strftime>
calls=7 0
631 10900

fl=C:\Users\Pedro\AppData\Local\Python\pythoncore-3.14-64\Lib\logging\__init__.py
fn=usesTime:677
677 4100
cfl=C:\Users\Pedro\AppData\Local\Python\pythoncore-3.14-64\Lib\logging\__init__.py
cfn=usesTime:455
calls=7 455
677 5400

fl=C:\Users\Pedro\AppData\Local\Python\pythoncore-3.14-64\Lib\logging\__init__.py
fn=formatMessage
683 3500
cfl=C:\Users\Pedro\AppData\Local\Python\pythoncore-3.14-64\Lib\logging\__init__.py
cfn=format:470
calls=7 470
683 13900

fl=C:\Users\Pedro\AppData\Local\Python\pythoncore-3.14-64\Lib\logging\__init__.py
fn=format:699
699 20900
cfl=C:\Users\Pedro\AppData\Local\Python\pythoncore-3.14-64\Lib\logging\__init__.py
cfn=getMessage
calls=7 391
699 3700
cfl=C:\Users\Pedro\AppData\Local\Python\pythoncore-3.14-64\Lib\logging\__init__.py
cfn=formatTime
calls=7 631
699 54400
cfl=C:\Users\Pedro\AppData\Local\Python\pythoncore-3.14-64\Lib\logging\__init__.py
cfn=usesTime:677
calls=7 677
699 9500
cfl=C:\Users\Pedro\AppData\Local\Python\pythoncore-3.14-64\Lib\logging\__init__.py
cfn=formatMessage
calls=7 683
699 17400

fl=C:\Users\Pedro\AppData\Local\Python\pythoncore-3.14-64\Lib\logging\__init__.py
fn=__init__:820
820 800

fl=C:\Users\Pedro\AppData\Local\Python\pythoncore-3.14-64\Lib\logging\__init__.py
fn=filter
840 3900

fl=C:\Users\Pedro\AppData\Local\Python\pythoncore-3.14-64\Lib\logging\__init__.py
fn=_addHandlerRef
899 3600
cfl=~
cfn=<method '__enter__' of '_thread.RLock' objects>
calls=1 0
899 300
cfl=~
cfn=<method '__exit__' of '_thread.RLock' objects>
calls=1 0
899 200
cfl=~
cfn=<method 'append' of 'list' objects>
calls=1 0
899 300

fl=C:\Users\Pedro\AppData\Local\Python\pythoncore-3.14-64\Lib\logging\__init__.py
fn=__init__:931
931 4600
cfl=C:\Users\Pedro\AppData\Local\Python\pythoncore-3.14-64\Lib\logging\__init__.py
cfn=_checkLevel
calls=1 205
931 900
cfl=C:\Users\Pedro\AppData\Local\Python\pythoncore-3.14-64\Lib\logging\__init__.py
cfn=__init__:820
calls=1 820
931 600
cfl=C:\Users\Pedro\AppData\Local\Python\pythoncore-3.14-64\Lib\logging\__init__.py
cfn=_addHandlerRef
calls=1 899
931 4400
cfl=C:\Users\Pedro\AppData\Local\Python\pythoncore-3.14-64\Lib\logging\__init__.py
cfn=createLock
calls=1 958
931 3400

fl=C:\Users\Pedro\AppData\Local\Python\pythoncore-3.14-64\Lib\logging\__init__.py
fn=createLock
958 2500
cfl=C:\Users\Pedro\AppData\Local\Python\pythoncore-3.14-64\Lib\logging\__init__.py
cfn=_register_at_fork_reinit_lock
calls=1 257
958 100
cfl=C:\Users\Pedro\AppData\Local\Python\pythoncore-3.14-64\Lib\threading.py
cfn=RLock
calls=1 126
958 800

fl=C:\Users\Pedro\AppData\Local\Python\pythoncore-3.14-64\Lib\logging\__init__.py
fn=format:988
988 5400
cfl=C:\Users\Pedro\AppData\Local\Python\pythoncore-3.14-64\Lib\logging\__init__.py
cfn=format:699
calls=7 699
988 105900

fl=C:\Users\Pedro\AppData\Local\Python\pythoncore-3.14-64\Lib\logging\__init__.py
fn=handle:1011
1011 250000
cfl=C:\Users\Pedro\AppData\Local\Python\pythoncore-3.14-64\Lib\logging\__init__.py
cfn=filter
calls=7 840
1011 2000
cfl=C:\Users\Pedro\AppData\Local\Python\pythoncore-3.14-64\Lib\logging\__init__.py
cfn=emit:1251
calls=6 1251
1011 0
cfl=~
cfn=<built-in method builtins.isinstance>
calls=7 0
1011 400
cfl=~
cfn=<method '__enter__' of '_thread.RLock' objects>
calls=7 0
1011 1900
cfl=~
cfn=<method '__exit__' of '_thread.RLock' objects>
calls=6 0
1011 900

fl=C:\Users\Pedro\AppData\Local\Python\pythoncore-3.14-64\Lib\logging\__init__.py
fn=setFormatter
1030 200

fl=C:\Users\Pedro\AppData\Local\Python\pythoncore-3.14-64\Lib\logging\__init__.py
fn=__init__:1120
1120 1600
cfl=C:\Users\Pedro\AppData\Local\Python\pythoncore-3.14-64\Lib\logging\__init__.py
cfn=__init__:931
calls=1 931
1120 13900

fl=C:\Users\Pedro\AppData\Local\Python\pythoncore-3.14-64\Lib\logging\__init__.py
fn=flush
1131 9200
cfl=~
cfn=<built-in method builtins.hasattr>
calls=7 0
1131 1700
cfl=~
cfn=<method '__enter__' of '_thread.RLock' objects>
calls=7 0
1131 1200
cfl=~
cfn=<method '__exit__' of '_thread.RLock' objects>
calls=6 0
1131 1400
cfl=~
cfn=<method 'append' of 'list' objects>
calls=1 0
1131 400
cfl=~
cfn=<method 'flush' of '_io.TextIOWrapper' objects>
calls=6 0
1131 0
cfl=~
cfn=<method 'get' of 'dict' objects>
calls=1 0
1131 300

fl=C:\Users\Pedro\AppData\Local\Python\pythoncore-3.14-64\Lib\logging\__init__.py
fn=emit:1139
1139 9400
cfl=C:\Users\Pedro\AppData\Local\Python\pythoncore-3.14-64\Lib\asyncio\base_events.py
cfn=time
calls=1 766
1139 2600
cfl=C:\Users\Pedro\AppData\Local\Python\pythoncore-3.14-64\Lib\asyncio\events.py
cfn=_run
calls=1 92
1139 159000
cfl=C:\Users\Pedro\AppData\Local\Python\pythoncore-3.14-64\Lib\asyncio\selector_events.py
cfn=_process_events
calls=1 744
1139 2600
cfl=C:\Users\Pedro\AppData\Local\Python\pythoncore-3.14-64\Lib\logging\__init__.py
cfn=format:988
calls=7 988
1139 111300
cfl=C:\Users\Pedro\AppData\Local\Python\pythoncore-3.14-64\Lib\logging\__init__.py
cfn=flush
calls=6 1131
1139 0
cfl=~
cfn=<built-in method builtins.len>
calls=1 0
1139 300
cfl=~
cfn=<method 'popleft' of 'collections.deque' objects>
calls=1 0
1139 200
cfl=~
cfn=<method 'write' of '_io.TextIOWrapper' objects>
calls=7 0
1139 26800

fl=C:\Users\Pedro\AppData\Local\Python\pythoncore-3.14-64\Lib\logging\__init__.py
fn=__init__:1194
1194 11000
cfl=<frozen ntpath>
cfn=abspath
calls=1 529
1194 4600
cfl=C:\Users\Pedro\AppData\Local\Python\pythoncore-3.14-64\Lib\logging\__init__.py
cfn=__init__:1120
calls=1 1120
1194 15500
cfl=C:\Users\Pedro\AppData\Local\Python\pythoncore-3.14-64\Lib\logging\__init__.py
cfn=_open
calls=1 1242
1194 196900
cfl=~
cfn=<built-in method _io.text_encoding>
calls=1 0
1194 200
cfl=~
cfn=<built-in method nt.fspath>
calls=1 0
1194 100

fl=C:\Users\Pedro\AppData\Local\Python\pythoncore-3.14-64\Lib\logging\__init__.py
fn=_open
1242 1200
cfl=~
cfn=<built-in method _io.open>
calls=1 0
1242 195700

fl=C:\Users\Pedro\AppData\Local\Python\pythoncore-3.14-64\Lib\logging\__init__.py
fn=emit:1251
1251 7600
cfl=C:\Users\Pedro\AppData\Local\Python\pythoncore-3.14-64\Lib\asyncio\base_events.py
cfn=_run_once
calls=0 1966
1251 0
cfl=C:\Users\Pedro\AppData\Local\Python\pythoncore-3.14-64\Lib\logging\__init__.py
cfn=emit:1139
calls=6 1139
1251 0
cfl=~
cfn=<method '__exit__' of '_thread.RLock' objects>
calls=1 0
1251 100

fl=C:\Users\Pedro\AppData\Local\Python\pythoncore-3.14-64\Lib\logging\__init__.py
fn=disable
1354 300

fl=C:\Users\Pedro\AppData\Local\Python\pythoncore-3.14-64\Lib\logging\__init__.py
fn=getLogger:1362
1362 8900
cfl=C:\Users\Pedro\AppData\Local\Python\pythoncore-3.14-64\Lib\logging\__init__.py
cfn=_fixupParents
calls=1 1410
1362 2200
cfl=C:\Users\Pedro\AppData\Local\Python\pythoncore-3.14-64\Lib\logging\__init__.py
cfn=__init__:1478
calls=1 1478
1362 3400
cfl=~
cfn=<built-in method builtins.isinstance>
calls=1 0
1362 0
cfl=~
cfn=<method '__enter__' of '_thread.RLock' objects>
calls=1 0
1362 400
cfl=~
cfn=<method '__exit__' of '_thread.RLock' objects>
calls=1 0
1362 400

fl=C:\Users\Pedro\AppData\Local\Python\pythoncore-3.14-64\Lib\logging\__init__.py
fn=_fixupParents
1410 1500
cfl=~
cfn=<method 'rfind' of 'str' objects>
calls=1 0
1410 700

fl=C:\Users\Pedro\AppData\Local\Python\pythoncore-3.14-64\Lib\logging\__init__.py
fn=_clear_cache
1447 27000
cfl=~
cfn=<built-in method builtins.isinstance>
calls=63 0
1447 4300
cfl=~
cfn=<method '__enter__' of '_thread.RLock' objects>
calls=1 0
1447 200
cfl=~
cfn=<method '__exit__' of '_thread.RLock' objects>
calls=1 0
1447 200
cfl=~
cfn=<method 'clear' of 'dict' objects>
calls=53 0
1447 4800
cfl=~
cfn=<method 'values' of 'dict' objects>
calls=1 0
1447 400

fl=C:\Users\Pedro\AppData\Local\Python\pythoncore-3.14-64\Lib\logging\__init__.py
fn=__init__:1478
1478 2500
cfl=C:\Users\Pedro\AppData\Local\Python\pythoncore-3.14-64\Lib\logging\__init__.py
cfn=_checkLevel
calls=1 205
1478 700
cfl=C:\Users\Pedro\AppData\Local\Python\pythoncore-3.14-64\Lib\logging\__init__.py
cfn=__init__:820
calls=1 820
1478 200

fl=C:\Users\Pedro\AppData\Local\Python\pythoncore-3.14-64\Lib\logging\__init__.py
fn=setLevel
1491 1700
cfl=C:\Users\Pedro\AppData\Local\Python\pythoncore-3.14-64\Lib\logging\__init__.py
cfn=_checkLevel
calls=1 205
1491 300
cfl=C:\Users\Pedro\AppData\Local\Python\pythoncore-3.14-64\Lib\logging\__init__.py
cfn=_clear_cache
calls=1 1447
1491 36900

fl=C:\Users\Pedro\AppData\Local\Python\pythoncore-3.14-64\Lib\logging\__init__.py
fn=info
1510 26400
cfl=C:\Users\Pedro\AppData\Local\Python\pythoncore-3.14-64\Lib\logging\__init__.py
cfn=error
calls=1 1539
1510 689000
cfl=C:\Users\Pedro\AppData\Local\Python\pythoncore-3.14-64\Lib\logging\__init__.py
cfn=_log
calls=5 1641
1510 0
cfl=C:\Users\Pedro\AppData\Local\Python\pythoncore-3.14-64\Lib\logging\__init__.py
cfn=isEnabledFor
calls=6 1765
1510 9000
cfl=C:\Users\Pedro\AppData\Local\Python\pythoncore-3.14-64\Lib\traceback.py
cfn=format_exc
calls=1 212
1510 1346800
cfl=c:\Users\Pedro\faculdade\IniciacaoCientifica\grn\PythonCode\Modules\Handlers.py
cfn=run_serial
calls=0 48
1510 0

fl=C:\Users\Pedro\AppData\Local\Python\pythoncore-3.14-64\Lib\logging\__init__.py
fn=error
1539 4500
cfl=C:\Users\Pedro\AppData\Local\Python\pythoncore-3.14-64\Lib\logging\__init__.py
cfn=_log
calls=1 1641
1539 681000
cfl=C:\Users\Pedro\AppData\Local\Python\pythoncore-3.14-64\Lib\logging\__init__.py
cfn=isEnabledFor
calls=1 1765
1539 3500

fl=C:\Users\Pedro\AppData\Local\Python\pythoncore-3.14-64\Lib\logging\__init__.py
fn=findCaller
1592 20700
cfl=C:\Users\Pedro\AppData\Local\Python\pythoncore-3.14-64\Lib\logging\__init__.py
cfn=<lambda>
calls=7 167
1592 7700
cfl=C:\Users\Pedro\AppData\Local\Python\pythoncore-3.14-64\Lib\logging\__init__.py
cfn=_is_internal_frame
calls=21 197
1592 63000

fl=C:\Users\Pedro\AppData\Local\Python\pythoncore-3.14-64\Lib\logging\__init__.py
fn=makeRecord
1626 14800
cfl=C:\Users\Pedro\AppData\Local\Python\pythoncore-3.14-64\Lib\logging\__init__.py
cfn=__init__:298
calls=7 298
1626 153800

fl=C:\Users\Pedro\AppData\Local\Python\pythoncore-3.14-64\Lib\logging\__init__.py
fn=_log
1641 13000
cfl=C:\Users\Pedro\AppData\Local\Python\pythoncore-3.14-64\Lib\logging\__init__.py
cfn=findCaller
calls=7 1592
1641 91400
cfl=C:\Users\Pedro\AppData\Local\Python\pythoncore-3.14-64\Lib\logging\__init__.py
cfn=makeRecord
calls=7 1626
1641 168600
cfl=C:\Users\Pedro\AppData\Local\Python\pythoncore-3.14-64\Lib\logging\__init__.py
cfn=handle:1667
calls=6 1667
1641 0

fl=C:\Users\Pedro\AppData\Local\Python\pythoncore-3.14-64\Lib\logging\__init__.py
fn=handle:1667
1667 8800
cfl=C:\Users\Pedro\AppData\Local\Python\pythoncore-3.14-64\Lib\logging\__init__.py
cfn=filter
calls=7 840
1667 1900
cfl=C:\Users\Pedro\AppData\Local\Python\pythoncore-3.14-64\Lib\logging\__init__.py
cfn=callHandlers
calls=6 1721
1667 0
cfl=~
cfn=<built-in method builtins.isinstance>
calls=7 0
1667 500

fl=C:\Users\Pedro\AppData\Local\Python\pythoncore-3.14-64\Lib\logging\__init__.py
fn=addHandler
1683 600
cfl=~
cfn=<method '__enter__' of '_thread.RLock' objects>
calls=1 0
1683 200
cfl=~
cfn=<method '__exit__' of '_thread.RLock' objects>
calls=1 0
1683 200
cfl=~
cfn=<method 'append' of 'list' objects>
calls=1 0
1683 200

fl=C:\Users\Pedro\AppData\Local\Python\pythoncore-3.14-64\Lib\logging\__init__.py
fn=callHandlers
1721 16800
cfl=C:\Users\Pedro\AppData\Local\Python\pythoncore-3.14-64\Lib\logging\__init__.py
cfn=handle:1011
calls=6 1011
1721 0

fl=C:\Users\Pedro\AppData\Local\Python\pythoncore-3.14-64\Lib\logging\__init__.py
fn=getEffectiveLevel
1751 400

fl=C:\Users\Pedro\AppData\Local\Python\pythoncore-3.14-64\Lib\logging\__init__.py
fn=isEnabledFor
1765 10500
cfl=C:\Users\Pedro\AppData\Local\Python\pythoncore-3.14-64\Lib\logging\__init__.py
cfn=disable
calls=2 1354
1765 300
cfl=C:\Users\Pedro\AppData\Local\Python\pythoncore-3.14-64\Lib\logging\__init__.py
cfn=getEffectiveLevel
calls=2 1751
1765 400
cfl=~
cfn=<method '__enter__' of '_thread.RLock' objects>
calls=2 0
1765 800
cfl=~
cfn=<method '__exit__' of '_thread.RLock' objects>
calls=2 0
1765 500

fl=C:\Users\Pedro\AppData\Local\Python\pythoncore-3.14-64\Lib\logging\__init__.py
fn=getLogger:2130
2130 5900
cfl=C:\Users\Pedro\AppData\Local\Python\pythoncore-3.14-64\Lib\logging\__init__.py
cfn=getLogger:1362
calls=1 1362
2130 15300
cfl=~
cfn=<built-in method builtins.isinstance>
calls=1 0
2130 200

fl=C:\Users\Pedro\AppData\Local\Python\pythoncore-3.14-64\Lib\multiprocessing\process.py
fn=current_process
37 2200

fl=C:\Users\Pedro\AppData\Local\Python\pythoncore-3.14-64\Lib\multiprocessing\process.py
fn=name
196 700

fl=C:\Users\Pedro\AppData\Local\Python\pythoncore-3.14-64\Lib\pathlib\__init__.py
fn=__init__
135 4800
cfl=~
cfn=<built-in method builtins.isinstance>
calls=8 0
135 700
cfl=~
cfn=<built-in method nt.fspath>
calls=4 0
135 400
cfl=~
cfn=<method 'append' of 'list' objects>
calls=4 0
135 700

fl=C:\Users\Pedro\AppData\Local\Python\pythoncore-3.14-64\Lib\pathlib\__init__.py
fn=with_segments
157 2200
cfl=C:\Users\Pedro\AppData\Local\Python\pythoncore-3.14-64\Lib\pathlib\__init__.py
cfn=__init__
calls=2 135
157 2900
cfl=C:\Users\Pedro\AppData\Local\Python\pythoncore-3.14-64\Lib\pathlib\__init__.py
cfn=__new__
calls=2 632
157 1000

fl=C:\Users\Pedro\AppData\Local\Python\pythoncore-3.14-64\Lib\pathlib\__init__.py
fn=__fspath__
190 2400
cfl=C:\Users\Pedro\AppData\Local\Python\pythoncore-3.14-64\Lib\pathlib\__init__.py
cfn=__str__
calls=2 251
190 200

fl=C:\Users\Pedro\AppData\Local\Python\pythoncore-3.14-64\Lib\pathlib\__init__.py
fn=__str__
251 200

fl=C:\Users\Pedro\AppData\Local\Python\pythoncore-3.14-64\Lib\pathlib\__init__.py
fn=_format_parsed_parts
261 4300
cfl=<frozen ntpath>
cfn=splitdrive
calls=2 146
261 2000
cfl=~
cfn=<method 'join' of 'str' objects>
calls=2 0
261 600

fl=C:\Users\Pedro\AppData\Local\Python\pythoncore-3.14-64\Lib\pathlib\__init__.py
fn=_from_parsed_parts
269 3800
cfl=C:\Users\Pedro\AppData\Local\Python\pythoncore-3.14-64\Lib\pathlib\__init__.py
cfn=_format_parsed_parts
calls=2 261
269 6900
cfl=C:\Users\Pedro\AppData\Local\Python\pythoncore-3.14-64\Lib\pathlib\__init__.py
cfn=_from_parsed_string
calls=2 276
269 7500

fl=C:\Users\Pedro\AppData\Local\Python\pythoncore-3.14-64\Lib\pathlib\__init__.py
fn=_from_parsed_string
276 1400
cfl=C:\Users\Pedro\AppData\Local\Python\pythoncore-3.14-64\Lib\pathlib\__init__.py
cfn=with_segments
calls=2 157
276 6100

fl=C:\Users\Pedro\AppData\Local\Python\pythoncore-3.14-64\Lib\pathlib\__init__.py
fn=_parse_path
281 3500
cfl=~
cfn=<built-in method nt._path_splitroot_ex>
calls=2 0
281 900
cfl=~
cfn=<method 'replace' of 'str' objects>
calls=2 0
281 800
cfl=~
cfn=<method 'split' of 'str' objects>
calls=2 0
281 900
cfl=~
cfn=<method 'startswith' of 'str' objects>
calls=2 0
281 400

fl=C:\Users\Pedro\AppData\Local\Python\pythoncore-3.14-64\Lib\pathlib\__init__.py
fn=_raw_path
330 900
cfl=~
cfn=<built-in method builtins.len>
calls=2 0
330 200

fl=C:\Users\Pedro\AppData\Local\Python\pythoncore-3.14-64\Lib\pathlib\__init__.py
fn=drive
341 9400
cfl=C:\Users\Pedro\AppData\Local\Python\pythoncore-3.14-64\Lib\pathlib\__init__.py
cfn=_parse_path
calls=2 281
341 6500
cfl=C:\Users\Pedro\AppData\Local\Python\pythoncore-3.14-64\Lib\pathlib\__init__.py
cfn=_raw_path
calls=2 330
341 1100

fl=C:\Users\Pedro\AppData\Local\Python\pythoncore-3.14-64\Lib\pathlib\__init__.py
fn=root
350 300

fl=C:\Users\Pedro\AppData\Local\Python\pythoncore-3.14-64\Lib\pathlib\__init__.py
fn=_tail
359 300

fl=C:\Users\Pedro\AppData\Local\Python\pythoncore-3.14-64\Lib\pathlib\__init__.py
fn=parent
381 5500
cfl=C:\Users\Pedro\AppData\Local\Python\pythoncore-3.14-64\Lib\pathlib\__init__.py
cfn=_from_parsed_parts
calls=2 269
381 18200
cfl=C:\Users\Pedro\AppData\Local\Python\pythoncore-3.14-64\Lib\pathlib\__init__.py
cfn=drive
calls=2 341
381 17000
cfl=C:\Users\Pedro\AppData\Local\Python\pythoncore-3.14-64\Lib\pathlib\__init__.py
cfn=root
calls=2 350
381 300
cfl=C:\Users\Pedro\AppData\Local\Python\pythoncore-3.14-64\Lib\pathlib\__init__.py
cfn=_tail
calls=2 359
381 300

fl=C:\Users\Pedro\AppData\Local\Python\pythoncore-3.14-64\Lib\pathlib\__init__.py
fn=__new__
632 2000
cfl=~
cfn=<built-in method __new__ of type object at 0x00007FFE69354D90>
calls=4 0
632 1200

fl=C:\Users\Pedro\AppData\Local\Python\pythoncore-3.14-64\Lib\pathlib\__init__.py
fn=is_dir
674 2300
cfl=~
cfn=<built-in method nt._path_isdir>
calls=2 0
674 118600

fl=C:\Users\Pedro\AppData\Local\Python\pythoncore-3.14-64\Lib\queue.py
fn=empty
112 3600
cfl=C:\Users\Pedro\AppData\Local\Python\pythoncore-3.14-64\Lib\queue.py
cfn=_qsize
calls=2 266
112 1000
cfl=~
cfn=<method '__enter__' of '_thread.lock' objects>
calls=2 0
112 900
cfl=~
cfn=<method '__exit__' of '_thread.lock' objects>
calls=2 0
112 600

fl=C:\Users\Pedro\AppData\Local\Python\pythoncore-3.14-64\Lib\queue.py
fn=_qsize
266 700
cfl=~
cfn=<built-in method builtins.len>
calls=2 0
266 300

fl=C:\Users\Pedro\AppData\Local\Python\pythoncore-3.14-64\Lib\random.py
fn=getrandbits
901 2700
cfl=~
cfn=<built-in method from_bytes>
calls=1 0
901 500
cfl=~
cfn=<built-in method nt.urandom>
calls=1 0
901 2000

fl=C:\Users\Pedro\AppData\Local\Python\pythoncore-3.14-64\Lib\selectors.py
fn=_select
304 3000
cfl=~
cfn=<built-in method select.select>
calls=0 0
304 0
cfl=~
cfn=<method '__exit__' of '_thread.RLock' objects>
calls=1 0
304 300

fl=C:\Users\Pedro\AppData\Local\Python\pythoncore-3.14-64\Lib\selectors.py
fn=select
310 5600
cfl=C:\Users\Pedro\AppData\Local\Python\pythoncore-3.14-64\Lib\selectors.py
cfn=_select
calls=0 304
310 0
cfl=~
cfn=<built-in method builtins.max>
calls=2 0
310 500

fl=C:\Users\Pedro\AppData\Local\Python\pythoncore-3.14-64\Lib\textwrap.py
fn=dedent
416 26300
cfl=~
cfn=<built-in method builtins.max>
calls=8 0
416 1400
cfl=~
cfn=<built-in method builtins.min>
calls=8 0
416 2300
cfl=~
cfn=<method 'isspace' of 'str' objects>
calls=50 0
416 6500
cfl=~
cfn=<method 'join' of 'str' objects>
calls=8 0
416 1800
cfl=~
cfn=<method 'split' of 'str' objects>
calls=8 0
416 2700

fl=C:\Users\Pedro\AppData\Local\Python\pythoncore-3.14-64\Lib\textwrap.py
fn=indent
447 17400
cfl=C:\Users\Pedro\AppData\Local\Python\pythoncore-3.14-64\Lib\traceback.py
cfn=<lambda>:704
calls=9 704
447 800
cfl=C:\Users\Pedro\AppData\Local\Python\pythoncore-3.14-64\Lib\traceback.py
cfn=<lambda>:998
calls=1 998
447 200
cfl=C:\Users\Pedro\AppData\Local\Python\pythoncore-3.14-64\Lib\traceback.py
cfn=<lambda>:1001
calls=14 1001
447 1000
cfl=~
cfn=<method 'append' of 'list' objects>
calls=48 0
447 5100
cfl=~
cfn=<method 'join' of 'str' objects>
calls=10 0
447 2200
cfl=~
cfn=<method 'splitlines' of 'str' objects>
calls=10 0
447 2600

fl=C:\Users\Pedro\AppData\Local\Python\pythoncore-3.14-64\Lib\threading.py
fn=RLock
126 1700

fl=C:\Users\Pedro\AppData\Local\Python\pythoncore-3.14-64\Lib\threading.py
fn=__enter__
313 300
cfl=~
cfn=<method '__enter__' of '_thread.lock' objects>
calls=1 0
313 200

fl=C:\Users\Pedro\AppData\Local\Python\pythoncore-3.14-64\Lib\threading.py
fn=_release_save
322 500
cfl=~
cfn=<method 'release' of '_thread.lock' objects>
calls=1 0
322 300

fl=C:\Users\Pedro\AppData\Local\Python\pythoncore-3.14-64\Lib\threading.py
fn=_is_owned
328 1200
cfl=~
cfn=<method 'acquire' of '_thread.lock' objects>
calls=1 0
328 500

fl=C:\Users\Pedro\AppData\Local\Python\pythoncore-3.14-64\Lib\threading.py
fn=is_set
615 200

fl=C:\Users\Pedro\AppData\Local\Python\pythoncore-3.14-64\Lib\threading.py
fn=name
1135 1200

fl=C:\Users\Pedro\AppData\Local\Python\pythoncore-3.14-64\Lib\threading.py
fn=is_alive
1177 2800
cfl=C:\Users\Pedro\AppData\Local\Python\pythoncore-3.14-64\Lib\threading.py
cfn=is_set
calls=2 615
1177 200
cfl=~
cfn=<method 'is_done' of '_thread._ThreadHandle' objects>
calls=2 0
1177 700

fl=C:\Users\Pedro\AppData\Local\Python\pythoncore-3.14-64\Lib\threading.py
fn=current_thread
1470 3500
cfl=~
cfn=<built-in method _thread.get_ident>
calls=7 0
1470 1000

fl=C:\Users\Pedro\AppData\Local\Python\pythoncore-3.14-64\Lib\tokenize.py
fn=detect_encoding
358 16700
cfl=C:\Users\Pedro\AppData\Local\Python\pythoncore-3.14-64\Lib\tokenize.py
cfn=read_or_stop
calls=4 382
358 101400
cfl=C:\Users\Pedro\AppData\Local\Python\pythoncore-3.14-64\Lib\tokenize.py
cfn=check
calls=4 388
358 4300
cfl=C:\Users\Pedro\AppData\Local\Python\pythoncore-3.14-64\Lib\tokenize.py
cfn=find_cookie
calls=4 400
358 7300
cfl=~
cfn=<method 'match' of 're.Pattern' objects>
calls=4 0
358 3200
cfl=~
cfn=<method 'startswith' of 'bytes' objects>
calls=4 0
358 1500

fl=C:\Users\Pedro\AppData\Local\Python\pythoncore-3.14-64\Lib\tokenize.py
fn=read_or_stop
382 2400
cfl=~
cfn=<method 'readline' of '_io.BufferedReader' objects>
calls=4 0
382 99000

fl=C:\Users\Pedro\AppData\Local\Python\pythoncore-3.14-64\Lib\tokenize.py
fn=check
388 2900
cfl=~
cfn=<method 'decode' of 'bytes' objects>
calls=4 0
388 1400

fl=C:\Users\Pedro\AppData\Local\Python\pythoncore-3.14-64\Lib\tokenize.py
fn=find_cookie
400 3400
cfl=~
cfn=<method 'match' of 're.Pattern' objects>
calls=4 0
400 3900

fl=C:\Users\Pedro\AppData\Local\Python\pythoncore-3.14-64\Lib\tokenize.py
fn=open
457 32500
cfl=<frozen codecs>
cfn=__init__:312
calls=4 312
457 3000
cfl=C:\Users\Pedro\AppData\Local\Python\pythoncore-3.14-64\Lib\tokenize.py
cfn=detect_encoding
calls=4 358
457 134400
cfl=~
cfn=<built-in method _io.open>
calls=4 0
457 133700
cfl=~
cfn=<method 'seek' of '_io.BufferedReader' objects>
calls=4 0
457 7700

fl=C:\Users\Pedro\AppData\Local\Python\pythoncore-3.14-64\Lib\traceback.py
fn=_parse_value_tb
104 1500
cfl=~
cfn=<built-in method builtins.isinstance>
calls=1 0
104 100

fl=C:\Users\Pedro\AppData\Local\Python\pythoncore-3.14-64\Lib\traceback.py
fn=format_exception
146 26700
cfl=C:\Users\Pedro\AppData\Local\Python\pythoncore-3.14-64\Lib\traceback.py
cfn=_parse_value_tb
calls=1 104
146 1600
cfl=C:\Users\Pedro\AppData\Local\Python\pythoncore-3.14-64\Lib\traceback.py
cfn=__init__:1044
calls=1 1044
146 793700
cfl=C:\Users\Pedro\AppData\Local\Python\pythoncore-3.14-64\Lib\traceback.py
cfn=format:1468
calls=7 1468
146 518800
cfl=~
cfn=<method 'get' of 'dict' objects>
calls=1 0
146 200

fl=C:\Users\Pedro\AppData\Local\Python\pythoncore-3.14-64\Lib\traceback.py
fn=_format_final_exc_line
186 1900
cfl=C:\Users\Pedro\AppData\Local\Python\pythoncore-3.14-64\Lib\_colorize.py
cfn=get_theme
calls=1 322
186 100
cfl=C:\Users\Pedro\AppData\Local\Python\pythoncore-3.14-64\Lib\traceback.py
cfn=_safe_string
calls=1 200
186 200

fl=C:\Users\Pedro\AppData\Local\Python\pythoncore-3.14-64\Lib\traceback.py
fn=_safe_string
200 600

fl=C:\Users\Pedro\AppData\Local\Python\pythoncore-3.14-64\Lib\traceback.py
fn=format_exc
212 4500
cfl=C:\Users\Pedro\AppData\Local\Python\pythoncore-3.14-64\Lib\traceback.py
cfn=format_exception
calls=1 146
212 1341000
cfl=~
cfn=<built-in method sys.exception>
calls=1 0
212 200
cfl=~
cfn=<method 'join' of 'str' objects>
calls=1 0
212 1100

fl=C:\Users\Pedro\AppData\Local\Python\pythoncore-3.14-64\Lib\traceback.py
fn=__init__:295
295 1500
cfl=~
cfn=<method 'get' of 'dict' objects>
calls=4 0
295 300

fl=C:\Users\Pedro\AppData\Local\Python\pythoncore-3.14-64\Lib\traceback.py
fn=_set_lines
344 14800
cfl=C:\Users\Pedro\AppData\Local\Python\pythoncore-3.14-64\Lib\linecache.py
cfn=getline
calls=12 22
344 517800
cfl=~
cfn=<method 'append' of 'list' objects>
calls=12 0
344 1400
cfl=~
cfn=<method 'join' of 'str' objects>
calls=4 0
344 900
cfl=~
cfn=<method 'rstrip' of 'str' objects>
calls=12 0
344 3100

fl=C:\Users\Pedro\AppData\Local\Python\pythoncore-3.14-64\Lib\traceback.py
fn=_original_lines
359 1100
cfl=C:\Users\Pedro\AppData\Local\Python\pythoncore-3.14-64\Lib\traceback.py
cfn=_set_lines
calls=4 344
359 600

fl=C:\Users\Pedro\AppData\Local\Python\pythoncore-3.14-64\Lib\traceback.py
fn=_dedented_lines
365 9600
cfl=C:\Users\Pedro\AppData\Local\Python\pythoncore-3.14-64\Lib\textwrap.py
cfn=dedent
calls=4 416
365 24900
cfl=C:\Users\Pedro\AppData\Local\Python\pythoncore-3.14-64\Lib\traceback.py
cfn=_set_lines
calls=12 344
365 1100

fl=C:\Users\Pedro\AppData\Local\Python\pythoncore-3.14-64\Lib\traceback.py
fn=line
373 8700
cfl=C:\Users\Pedro\AppData\Local\Python\pythoncore-3.14-64\Lib\traceback.py
cfn=_set_lines
calls=8 344
373 536300
cfl=~
cfn=<method 'partition' of 'str' objects>
calls=8 0
373 2200
cfl=~
cfn=<method 'strip' of 'str' objects>
calls=8 0
373 1100

fl=C:\Users\Pedro\AppData\Local\Python\pythoncore-3.14-64\Lib\traceback.py
fn=_walk_tb_with_full_positions
410 5200
cfl=C:\Users\Pedro\AppData\Local\Python\pythoncore-3.14-64\Lib\traceback.py
cfn=_get_code_position
calls=4 424
410 38200

fl=C:\Users\Pedro\AppData\Local\Python\pythoncore-3.14-64\Lib\traceback.py
fn=_get_code_position
424 5900
cfl=~
cfn=<built-in method builtins.next>
calls=4 0
424 31100
cfl=~
cfn=<method 'co_positions' of 'code' objects>
calls=4 0
424 1200

fl=C:\Users\Pedro\AppData\Local\Python\pythoncore-3.14-64\Lib\traceback.py
fn=_extract_from_extended_frame_gen
459 23100
cfl=C:\Users\Pedro\AppData\Local\Python\pythoncore-3.14-64\Lib\linecache.py
cfn=checkcache
calls=3 74
459 2200
cfl=C:\Users\Pedro\AppData\Local\Python\pythoncore-3.14-64\Lib\linecache.py
cfn=lazycache
calls=4 200
459 14500
cfl=C:\Users\Pedro\AppData\Local\Python\pythoncore-3.14-64\Lib\traceback.py
cfn=__init__:295
calls=4 295
459 1800
cfl=C:\Users\Pedro\AppData\Local\Python\pythoncore-3.14-64\Lib\traceback.py
cfn=line
calls=4 373
459 544000
cfl=C:\Users\Pedro\AppData\Local\Python\pythoncore-3.14-64\Lib\traceback.py
cfn=_walk_tb_with_full_positions
calls=5 410
459 43400
cfl=~
cfn=<built-in method builtins.getattr>
calls=1 0
459 300
cfl=~
cfn=<method 'add' of 'set' objects>
calls=4 0
459 600
cfl=~
cfn=<method 'append' of 'list' objects>
calls=4 0
459 600

fl=C:\Users\Pedro\AppData\Local\Python\pythoncore-3.14-64\Lib\traceback.py
fn=format_frame_summary
528 95900
cfl=C:\Users\Pedro\AppData\Local\Python\pythoncore-3.14-64\Lib\_colorize.py
cfn=get_theme
calls=4 322
528 700
cfl=C:\Users\Pedro\AppData\Local\Python\pythoncore-3.14-64\Lib\contextlib.py
cfn=__init__
calls=4 444
528 400
cfl=C:\Users\Pedro\AppData\Local\Python\pythoncore-3.14-64\Lib\contextlib.py
cfn=__enter__
calls=4 447
528 300
cfl=C:\Users\Pedro\AppData\Local\Python\pythoncore-3.14-64\Lib\contextlib.py
cfn=__exit__:450
calls=4 450
528 700
cfl=C:\Users\Pedro\AppData\Local\Python\pythoncore-3.14-64\Lib\textwrap.py
cfn=dedent
calls=4 416
528 16100
cfl=C:\Users\Pedro\AppData\Local\Python\pythoncore-3.14-64\Lib\textwrap.py
cfn=indent
calls=4 447
528 11200
cfl=C:\Users\Pedro\AppData\Local\Python\pythoncore-3.14-64\Lib\traceback.py
cfn=_original_lines
calls=4 359
528 1700
cfl=C:\Users\Pedro\AppData\Local\Python\pythoncore-3.14-64\Lib\traceback.py
cfn=_dedented_lines
calls=12 365
528 35600
cfl=C:\Users\Pedro\AppData\Local\Python\pythoncore-3.14-64\Lib\traceback.py
cfn=output_line
calls=7 640
528 13400
cfl=C:\Users\Pedro\AppData\Local\Python\pythoncore-3.14-64\Lib\traceback.py
cfn=_should_show_carets
calls=4 712
528 74200
cfl=C:\Users\Pedro\AppData\Local\Python\pythoncore-3.14-64\Lib\traceback.py
cfn=_byte_offset_to_character_offset
calls=8 794
528 11800
cfl=C:\Users\Pedro\AppData\Local\Python\pythoncore-3.14-64\Lib\traceback.py
cfn=_extract_caret_anchors_from_line_segment
calls=4 812
528 127600
cfl=C:\Users\Pedro\AppData\Local\Python\pythoncore-3.14-64\Lib\traceback.py
cfn=_display_width
calls=14 960
528 5300
cfl=~
cfn=<built-in method builtins.len>
calls=24 0
528 1700
cfl=~
cfn=<built-in method builtins.max>
calls=8 0
528 1100
cfl=~
cfn=<built-in method builtins.sorted>
calls=4 0
528 1500
cfl=~
cfn=<method 'append' of 'list' objects>
calls=9 0
528 900
cfl=~
cfn=<method 'discard' of 'set' objects>
calls=8 0
528 1600
cfl=~
cfn=<method 'format' of 'str' objects>
calls=4 0
528 3300
cfl=~
cfn=<method 'get' of 'dict' objects>
calls=4 0
528 400
cfl=~
cfn=<method 'join' of 'str' objects>
calls=12 0
528 2100
cfl=~
cfn=<method 'splitlines' of 'str' objects>
calls=8 0
528 2400
cfl=~
cfn=<method 'startswith' of 'str' objects>
calls=4 0
528 400
cfl=~
cfn=<method 'strip' of 'str' objects>
calls=4 0
528 900
cfl=~
cfn=<method 'update' of 'set' objects>
calls=6 0
528 1700

fl=C:\Users\Pedro\AppData\Local\Python\pythoncore-3.14-64\Lib\traceback.py
fn=output_line
640 9900
cfl=~
cfn=<built-in method builtins.len>
calls=3 0
640 100
cfl=~
cfn=<method 'append' of 'list' objects>
calls=32 0
640 3100
cfl=~
cfn=<method 'join' of 'str' objects>
calls=1 0
640 200
cfl=~
cfn=<method 'lstrip' of 'str' objects>
calls=1 0
640 100

fl=C:\Users\Pedro\AppData\Local\Python\pythoncore-3.14-64\Lib\traceback.py
fn=<lambda>:704
704 800

fl=C:\Users\Pedro\AppData\Local\Python\pythoncore-3.14-64\Lib\traceback.py
fn=_should_show_carets
712 18300
cfl=C:\Users\Pedro\AppData\Local\Python\pythoncore-3.14-64\Lib\ast.py
cfn=parse
calls=4 26
712 51000
cfl=C:\Users\Pedro\AppData\Local\Python\pythoncore-3.14-64\Lib\contextlib.py
cfn=__init__
calls=4 444
712 500
cfl=C:\Users\Pedro\AppData\Local\Python\pythoncore-3.14-64\Lib\contextlib.py
cfn=__enter__
calls=4 447
712 300
cfl=C:\Users\Pedro\AppData\Local\Python\pythoncore-3.14-64\Lib\contextlib.py
cfn=__exit__:450
calls=4 450
712 300
cfl=C:\Users\Pedro\AppData\Local\Python\pythoncore-3.14-64\Lib\traceback.py
cfn=_spawns_full_line
calls=3 720
712 2300
cfl=~
cfn=<built-in method builtins.isinstance>
calls=3 0
712 300
cfl=~
cfn=<built-in method builtins.len>
calls=3 0
712 300
cfl=~
cfn=<method 'join' of 'str' objects>
calls=4 0
712 700
cfl=~
cfn=<method 'lstrip' of 'str' objects>
calls=1 0
712 200

fl=C:\Users\Pedro\AppData\Local\Python\pythoncore-3.14-64\Lib\traceback.py
fn=_spawns_full_line
720 2000
cfl=~
cfn=<built-in method builtins.len>
calls=3 0
720 300

fl=C:\Users\Pedro\AppData\Local\Python\pythoncore-3.14-64\Lib\traceback.py
fn=format:745
745 16100
cfl=C:\Users\Pedro\AppData\Local\Python\pythoncore-3.14-64\Lib\traceback.py
cfn=format_frame_summary
calls=4 528
745 412900
cfl=~
cfn=<method 'append' of 'list' objects>
calls=4 0
745 500
cfl=~
cfn=<method 'get' of 'dict' objects>
calls=1 0
745 0

fl=C:\Users\Pedro\AppData\Local\Python\pythoncore-3.14-64\Lib\traceback.py
fn=_byte_offset_to_character_offset
794 11200
cfl=~
cfn=<built-in method builtins.len>
calls=14 0
794 1400
cfl=~
cfn=<method 'decode' of 'bytes' objects>
calls=14 0
794 3300
cfl=~
cfn=<method 'encode' of 'str' objects>
calls=14 0
794 2300

fl=C:\Users\Pedro\AppData\Local\Python\pythoncore-3.14-64\Lib\traceback.py
fn=_extract_caret_anchors_from_line_segment
812 24500
cfl=<string>
cfn=<lambda>:1
calls=3 1
812 2800
cfl=C:\Users\Pedro\AppData\Local\Python\pythoncore-3.14-64\Lib\ast.py
cfn=parse
calls=4 26
812 79300
cfl=C:\Users\Pedro\AppData\Local\Python\pythoncore-3.14-64\Lib\traceback.py
cfn=increment_until
calls=3 878
812 2300
cfl=C:\Users\Pedro\AppData\Local\Python\pythoncore-3.14-64\Lib\traceback.py
cfn=setup_positions
calls=6 890
812 17100
cfl=~
cfn=<built-in method builtins.len>
calls=4 0
812 400
cfl=~
cfn=<method 'splitlines' of 'str' objects>
calls=4 0
812 1200

fl=C:\Users\Pedro\AppData\Local\Python\pythoncore-3.14-64\Lib\traceback.py
fn=normalize
851 2700
cfl=C:\Users\Pedro\AppData\Local\Python\pythoncore-3.14-64\Lib\traceback.py
cfn=_byte_offset_to_character_offset
calls=6 794
851 6400

fl=C:\Users\Pedro\AppData\Local\Python\pythoncore-3.14-64\Lib\traceback.py
fn=next_valid_char
855 2700
cfl=~
cfn=<built-in method builtins.len>
calls=12 0
855 500

fl=C:\Users\Pedro\AppData\Local\Python\pythoncore-3.14-64\Lib\traceback.py
fn=increment_until
878 1900
cfl=C:\Users\Pedro\AppData\Local\Python\pythoncore-3.14-64\Lib\traceback.py
cfn=<lambda>:951
calls=3 951
878 400

fl=C:\Users\Pedro\AppData\Local\Python\pythoncore-3.14-64\Lib\traceback.py
fn=setup_positions
890 4800
cfl=C:\Users\Pedro\AppData\Local\Python\pythoncore-3.14-64\Lib\traceback.py
cfn=normalize
calls=6 851
890 9100
cfl=C:\Users\Pedro\AppData\Local\Python\pythoncore-3.14-64\Lib\traceback.py
cfn=next_valid_char
calls=3 855
890 3200

fl=C:\Users\Pedro\AppData\Local\Python\pythoncore-3.14-64\Lib\traceback.py
fn=<lambda>:951
951 400

fl=C:\Users\Pedro\AppData\Local\Python\pythoncore-3.14-64\Lib\traceback.py
fn=_display_width
960 3400
cfl=~
cfn=<method 'isascii' of 'str' objects>
calls=14 0
960 1900

fl=C:\Users\Pedro\AppData\Local\Python\pythoncore-3.14-64\Lib\traceback.py
fn=__init__:982
982 700

fl=C:\Users\Pedro\AppData\Local\Python\pythoncore-3.14-64\Lib\traceback.py
fn=indent
987 1000

fl=C:\Users\Pedro\AppData\Local\Python\pythoncore-3.14-64\Lib\traceback.py
fn=emit
990 12500
cfl=C:\Users\Pedro\AppData\Local\Python\pythoncore-3.14-64\Lib\textwrap.py
cfn=indent
calls=6 447
990 18100
cfl=C:\Users\Pedro\AppData\Local\Python\pythoncore-3.14-64\Lib\traceback.py
cfn=indent
calls=3 987
990 1000
cfl=C:\Users\Pedro\AppData\Local\Python\pythoncore-3.14-64\Lib\traceback.py
cfn=format_exception_only
calls=2 1226
990 43400
cfl=~
cfn=<built-in method builtins.isinstance>
calls=3 0
990 700

fl=C:\Users\Pedro\AppData\Local\Python\pythoncore-3.14-64\Lib\traceback.py
fn=<lambda>:998
998 200

fl=C:\Users\Pedro\AppData\Local\Python\pythoncore-3.14-64\Lib\traceback.py
fn=<lambda>:1001
1001 1000

fl=C:\Users\Pedro\AppData\Local\Python\pythoncore-3.14-64\Lib\traceback.py
fn=__init__:1044
1044 27800
cfl=C:\Users\Pedro\AppData\Local\Python\pythoncore-3.14-64\Lib\traceback.py
cfn=_safe_string
calls=1 200
1044 400
cfl=C:\Users\Pedro\AppData\Local\Python\pythoncore-3.14-64\Lib\traceback.py
cfn=_extract_from_extended_frame_gen
calls=1 459
1044 630500
cfl=C:\Users\Pedro\AppData\Local\Python\pythoncore-3.14-64\Lib\traceback.py
cfn=_load_lines
calls=1 1213
1044 6100
cfl=C:\Users\Pedro\AppData\Local\Python\pythoncore-3.14-64\Lib\traceback.py
cfn=_compute_suggestion_error
calls=1 1592
1044 126800
cfl=~
cfn=<built-in method builtins.getattr>
calls=3 0
1044 900
cfl=~
cfn=<built-in method builtins.id>
calls=1 0
1044 100
cfl=~
cfn=<built-in method builtins.isinstance>
calls=1 0
1044 200
cfl=~
cfn=<built-in method builtins.issubclass>
calls=4 0
1044 500
cfl=~
cfn=<method 'add' of 'set' objects>
calls=1 0
1044 200
cfl=~
cfn=<method 'pop' of 'list' objects>
calls=1 0
1044 200

fl=C:\Users\Pedro\AppData\Local\Python\pythoncore-3.14-64\Lib\traceback.py
fn=exc_type_str
1201 400

fl=C:\Users\Pedro\AppData\Local\Python\pythoncore-3.14-64\Lib\traceback.py
fn=_load_lines
1213 1800
cfl=C:\Users\Pedro\AppData\Local\Python\pythoncore-3.14-64\Lib\traceback.py
cfn=line
calls=4 373
1213 4300

fl=C:\Users\Pedro\AppData\Local\Python\pythoncore-3.14-64\Lib\traceback.py
fn=format_exception_only
1226 5800
cfl=C:\Users\Pedro\AppData\Local\Python\pythoncore-3.14-64\Lib\traceback.py
cfn=_format_final_exc_line
calls=1 186
1226 2200
cfl=C:\Users\Pedro\AppData\Local\Python\pythoncore-3.14-64\Lib\traceback.py
cfn=exc_type_str
calls=1 1201
1226 400
cfl=~
cfn=<built-in method builtins.isinstance>
calls=1 0
1226 34800
cfl=~
cfn=<method 'get' of 'dict' objects>
calls=1 0
1226 200

fl=C:\Users\Pedro\AppData\Local\Python\pythoncore-3.14-64\Lib\traceback.py
fn=format:1468
1468 12600
cfl=C:\Users\Pedro\AppData\Local\Python\pythoncore-3.14-64\Lib\traceback.py
cfn=format:745
calls=1 745
1468 429500
cfl=C:\Users\Pedro\AppData\Local\Python\pythoncore-3.14-64\Lib\traceback.py
cfn=__init__:982
calls=1 982
1468 700
cfl=C:\Users\Pedro\AppData\Local\Python\pythoncore-3.14-64\Lib\traceback.py
cfn=emit
calls=9 990
1468 75700
cfl=~
cfn=<method 'append' of 'list' objects>
calls=1 0
1468 200
cfl=~
cfn=<method 'get' of 'dict' objects>
calls=1 0
1468 100

fl=C:\Users\Pedro\AppData\Local\Python\pythoncore-3.14-64\Lib\traceback.py
fn=_compute_suggestion_error
1592 15700
cfl=<frozen importlib._bootstrap>
cfn=_find_and_load
calls=1 1360
1592 93800
cfl=~
cfn=<built-in method _suggestions._generate_suggestions>
calls=1 0
1592 2300
cfl=~
cfn=<built-in method builtins.dir>
calls=1 0
1592 11800
cfl=~
cfn=<built-in method builtins.isinstance>
calls=45 0
1592 2100
cfl=~
cfn=<built-in method builtins.sorted>
calls=1 0
1592 1100

fl=C:\Users\Pedro\AppData\Local\Python\pythoncore-3.14-64\Lib\typing.py
fn=_type_convert
175 1400
cfl=~
cfn=<built-in method builtins.isinstance>
calls=4 0
175 1000

fl=C:\Users\Pedro\AppData\Local\Python\pythoncore-3.14-64\Lib\typing.py
fn=_type_check
184 13800
cfl=C:\Users\Pedro\AppData\Local\Python\pythoncore-3.14-64\Lib\typing.py
cfn=_type_convert
calls=4 175
184 2400
cfl=C:\Users\Pedro\AppData\Local\Python\pythoncore-3.14-64\Lib\typing.py
cfn=__eq__
calls=32 1355
184 9600
cfl=~
cfn=<built-in method builtins.isinstance>
calls=8 0
184 800

fl=C:\Users\Pedro\AppData\Local\Python\pythoncore-3.14-64\Lib\typing.py
fn=inner
396 5900

fl=C:\Users\Pedro\AppData\Local\Python\pythoncore-3.14-64\Lib\typing.py
fn=__instancecheck__
1292 2300
cfl=C:\Users\Pedro\AppData\Local\Python\pythoncore-3.14-64\Lib\typing.py
cfn=__subclasscheck__
calls=2 1583
1292 7100

fl=C:\Users\Pedro\AppData\Local\Python\pythoncore-3.14-64\Lib\typing.py
fn=__eq__
1355 6100
cfl=~
cfn=<built-in method builtins.isinstance>
calls=32 0
1355 3500

fl=C:\Users\Pedro\AppData\Local\Python\pythoncore-3.14-64\Lib\typing.py
fn=__hash__
1361 3500
cfl=~
cfn=<built-in method builtins.hash>
calls=12 0
1361 1200

fl=C:\Users\Pedro\AppData\Local\Python\pythoncore-3.14-64\Lib\typing.py
fn=__subclasscheck__
1583 2400
cfl=~
cfn=<built-in method builtins.isinstance>
calls=4 0
1583 500
cfl=~
cfn=<built-in method builtins.issubclass>
calls=2 0
1583 4200

fl=C:\Users\Pedro\AppData\Local\Python\pythoncore-3.14-64\Lib\typing.py
fn=cast
2300 7200

fl=C:\Users\Pedro\AppData\Local\Python\pythoncore-3.14-64\Lib\typing.py
fn=__getattr__
3827 2500

fl=C:\Users\Pedro\AppData\Local\Python\pythoncore-3.14-64\Lib\urllib\parse.py
fn=_noop
108 400

fl=C:\Users\Pedro\AppData\Local\Python\pythoncore-3.14-64\Lib\urllib\parse.py
fn=_coerce_args
119 4000
cfl=~
cfn=<built-in method builtins.isinstance>
calls=3 0
119 200

fl=C:\Users\Pedro\AppData\Local\Python\pythoncore-3.14-64\Lib\urllib\parse.py
fn=urlparse
374 12500
cfl=<string>
cfn=<lambda>:1
calls=3 1
374 3100
cfl=C:\Users\Pedro\AppData\Local\Python\pythoncore-3.14-64\Lib\urllib\parse.py
cfn=_noop
calls=3 108
374 400
cfl=C:\Users\Pedro\AppData\Local\Python\pythoncore-3.14-64\Lib\urllib\parse.py
cfn=_coerce_args
calls=3 119
374 4200
cfl=C:\Users\Pedro\AppData\Local\Python\pythoncore-3.14-64\Lib\urllib\parse.py
cfn=_urlparse
calls=3 399
374 23900

fl=C:\Users\Pedro\AppData\Local\Python\pythoncore-3.14-64\Lib\urllib\parse.py
fn=_urlparse
399 6600
cfl=C:\Users\Pedro\AppData\Local\Python\pythoncore-3.14-64\Lib\urllib\parse.py
cfn=_urlsplit
calls=3 499
399 17300

fl=C:\Users\Pedro\AppData\Local\Python\pythoncore-3.14-64\Lib\urllib\parse.py
fn=_checknetloc
424 1000

fl=C:\Users\Pedro\AppData\Local\Python\pythoncore-3.14-64\Lib\urllib\parse.py
fn=_urlsplit
499 12100
cfl=C:\Users\Pedro\AppData\Local\Python\pythoncore-3.14-64\Lib\urllib\parse.py
cfn=_checknetloc
calls=3 424
499 1000
cfl=~
cfn=<method 'find' of 'str' objects>
calls=3 0
499 500
cfl=~
cfn=<method 'lstrip' of 'str' objects>
calls=3 0
499 800
cfl=~
cfn=<method 'replace' of 'str' objects>
calls=18 0
499 2100
cfl=~
cfn=<method 'strip' of 'str' objects>
calls=3 0
499 800

fl=C:\Users\Pedro\AppData\Local\Python\pythoncore-3.14-64\Lib\warnings.py
fn=__enter__
80 8300
cfl=~
cfn=<built-in method _warnings._acquire_lock>
calls=36 0
80 4200

fl=C:\Users\Pedro\AppData\Local\Python\pythoncore-3.14-64\Lib\warnings.py
fn=__exit__
84 7300
cfl=~
cfn=<built-in method _warnings._release_lock>
calls=36 0
84 3700

fl=c:\Users\Pedro\faculdade\IniciacaoCientifica\grn\.env\Lib\site-packages\IPython\core\displayhook.py
fn=is_active
118 96100

fl=c:\Users\Pedro\faculdade\IniciacaoCientifica\grn\.env\Lib\site-packages\IPython\core\displaypub.py
fn=is_publishing
172 102900

fl=c:\Users\Pedro\faculdade\IniciacaoCientifica\grn\.env\Lib\site-packages\IPython\core\history.py
fn=_writeout_output_cache
1047 2600
cfl=c:\Users\Pedro\faculdade\IniciacaoCientifica\grn\.env\Lib\site-packages\traitlets\traitlets.py
cfn=__get__
calls=1 695
1047 900
cfl=~
cfn=<method '__enter__' of 'sqlite3.Connection' objects>
calls=1 0
1047 100
cfl=~
cfn=<method '__exit__' of 'sqlite3.Connection' objects>
calls=1 0
1047 400

fl=c:\Users\Pedro\faculdade\IniciacaoCientifica\grn\.env\Lib\site-packages\IPython\core\history.py
fn=hold
1100 200

fl=c:\Users\Pedro\faculdade\IniciacaoCientifica\grn\.env\Lib\site-packages\IPython\core\interactiveshell.py
fn=write
3098 1737000
cfl=<string>
cfn=__init__:2
calls=2 2
3098 500
cfl=C:\Users\Pedro\AppData\Local\Python\pythoncore-3.14-64\Lib\asyncio\base_events.py
cfn=_run_once
calls=0 1966
3098 0
cfl=c:\Users\Pedro\faculdade\IniciacaoCientifica\grn\.env\Lib\site-packages\IPython\core\displayhook.py
cfn=is_active
calls=1190 118
3098 96000
cfl=c:\Users\Pedro\faculdade\IniciacaoCientifica\grn\.env\Lib\site-packages\IPython\core\displaypub.py
cfn=is_publishing
calls=1190 172
3098 102800
cfl=c:\Users\Pedro\faculdade\IniciacaoCientifica\grn\.env\Lib\site-packages\IPython\core\interactiveshell.py
cfn=write
calls=1 3098
3098 10600
cfl=c:\Users\Pedro\faculdade\IniciacaoCientifica\grn\.env\Lib\site-packages\ipykernel\iostream.py
cfn=write
calls=1190 721
3098 0
cfl=c:\Users\Pedro\faculdade\IniciacaoCientifica\grn\.env\Lib\site-packages\traitlets\traitlets.py
cfn=__get__
calls=1190 695
3098 432700
cfl=~
cfn=<built-in method builtins.any>
calls=1190 0
3098 157000
cfl=~
cfn=<method 'append' of 'list' objects>
calls=1192 0
3098 155000

fl=c:\Users\Pedro\faculdade\IniciacaoCientifica\grn\.env\Lib\site-packages\dateutil\tz\tz.py
fn=utcoffset
74 400

fl=c:\Users\Pedro\faculdade\IniciacaoCientifica\grn\.env\Lib\site-packages\ipykernel\iostream.py
fn=_event_pipe
210 1100

fl=c:\Users\Pedro\faculdade\IniciacaoCientifica\grn\.env\Lib\site-packages\ipykernel\iostream.py
fn=_handle_event
229 3200
cfl=c:\Users\Pedro\faculdade\IniciacaoCientifica\grn\.env\Lib\site-packages\ipykernel\iostream.py
cfn=_schedule_in_thread
calls=2 653
229 55300
cfl=~
cfn=<built-in method builtins.len>
calls=2 0
229 200
cfl=~
cfn=<method 'popleft' of 'collections.deque' objects>
calls=2 0
229 400

fl=c:\Users\Pedro\faculdade\IniciacaoCientifica\grn\.env\Lib\site-packages\ipykernel\iostream.py
fn=schedule
331 11500
cfl=C:\Users\Pedro\AppData\Local\Python\pythoncore-3.14-64\Lib\threading.py
cfn=is_alive
calls=2 1177
331 3700
cfl=c:\Users\Pedro\faculdade\IniciacaoCientifica\grn\.env\Lib\site-packages\ipykernel\iostream.py
cfn=_event_pipe
calls=2 210
331 1100
cfl=c:\Users\Pedro\faculdade\IniciacaoCientifica\grn\.env\Lib\site-packages\zmq\sugar\socket.py
cfn=send
calls=0 623
331 0
cfl=~
cfn=<method 'append' of 'collections.deque' objects>
calls=2 0
331 300

fl=c:\Users\Pedro\faculdade\IniciacaoCientifica\grn\.env\Lib\site-packages\ipykernel\iostream.py
fn=parent_header
581 276300
cfl=~
cfn=<method 'get' of '_contextvars.ContextVar' objects>
calls=1191 0
581 130500

fl=c:\Users\Pedro\faculdade\IniciacaoCientifica\grn\.env\Lib\site-packages\ipykernel\iostream.py
fn=_is_master_process
616 283400
cfl=~
cfn=<built-in method nt.getpid>
calls=1191 0
616 119200

fl=c:\Users\Pedro\faculdade\IniciacaoCientifica\grn\.env\Lib\site-packages\ipykernel\iostream.py
fn=_schedule_flush
643 143600
cfl=c:\Users\Pedro\faculdade\IniciacaoCientifica\grn\.env\Lib\site-packages\ipykernel\iostream.py
cfn=schedule
calls=0 331
643 0
cfl=~
cfn=<built-in method builtins.len>
calls=1 0
643 200
cfl=~
cfn=<method 'append' of 'list' objects>
calls=1 0
643 300
cfl=~
cfn=<method 'get' of 'dict' objects>
calls=1 0
643 300

fl=c:\Users\Pedro\faculdade\IniciacaoCientifica\grn\.env\Lib\site-packages\ipykernel\iostream.py
fn=_schedule_in_thread
653 4000
cfl=c:\Users\Pedro\faculdade\IniciacaoCientifica\grn\.env\Lib\site-packages\tornado\ioloop.py
cfn=call_later
calls=2 604
653 51300

fl=c:\Users\Pedro\faculdade\IniciacaoCientifica\grn\.env\Lib\site-packages\ipykernel\iostream.py
fn=write
721 2601600
cfl=<string>
cfn=__init__:2
calls=1 2
721 200
cfl=C:\Users\Pedro\AppData\Local\Python\pythoncore-3.14-64\Lib\asyncio\base_events.py
cfn=time
calls=1 766
721 800
cfl=C:\Users\Pedro\AppData\Local\Python\pythoncore-3.14-64\Lib\asyncio\events.py
cfn=_run
calls=1 92
721 144200
cfl=C:\Users\Pedro\AppData\Local\Python\pythoncore-3.14-64\Lib\asyncio\selector_events.py
cfn=_process_events
calls=1 744
721 1700
cfl=c:\Users\Pedro\faculdade\IniciacaoCientifica\grn\.env\Lib\site-packages\IPython\core\displayhook.py
cfn=is_active
calls=1 118
721 100
cfl=c:\Users\Pedro\faculdade\IniciacaoCientifica\grn\.env\Lib\site-packages\IPython\core\displaypub.py
cfn=is_publishing
calls=1 172
721 100
cfl=c:\Users\Pedro\faculdade\IniciacaoCientifica\grn\.env\Lib\site-packages\dateutil\tz\tz.py
cfn=utcoffset
calls=1 74
721 400
cfl=c:\Users\Pedro\faculdade\IniciacaoCientifica\grn\.env\Lib\site-packages\ipykernel\iostream.py
cfn=parent_header
calls=1191 581
721 406800
cfl=c:\Users\Pedro\faculdade\IniciacaoCientifica\grn\.env\Lib\site-packages\ipykernel\iostream.py
cfn=_is_master_process
calls=1191 616
721 402600
cfl=c:\Users\Pedro\faculdade\IniciacaoCientifica\grn\.env\Lib\site-packages\ipykernel\iostream.py
cfn=_schedule_flush
calls=1189 643
721 0
cfl=c:\Users\Pedro\faculdade\IniciacaoCientifica\grn\.env\Lib\site-packages\traitlets\traitlets.py
cfn=__get__
calls=1 695
721 4200
cfl=~
cfn=<built-in method builtins.any>
calls=1 0
721 400
cfl=~
cfn=<built-in method builtins.isinstance>
calls=1191 0
721 90500
cfl=~
cfn=<built-in method builtins.len>
calls=1190 0
721 111300
cfl=~
cfn=<method '__enter__' of '_thread.RLock' objects>
calls=1191 0
721 170300
cfl=~
cfn=<method '__exit__' of '_thread.RLock' objects>
calls=1191 0
721 153200
cfl=~
cfn=<method 'append' of 'list' objects>
calls=2 0
721 300
cfl=~
cfn=<method 'items' of 'dict' objects>
calls=1191 0
721 142200
cfl=~
cfn=<method 'popleft' of 'collections.deque' objects>
calls=1 0
721 200
cfl=~
cfn=<method 'write' of '_io.StringIO' objects>
calls=1191 0
721 182100

fl=c:\Users\Pedro\faculdade\IniciacaoCientifica\grn\.env\Lib\site-packages\numpy\_core\_asarray.py
fn=require
22 14200
cfl=~
cfn=<built-in method numpy.array>
calls=6 0
22 5700
cfl=~
cfn=<method 'upper' of 'str' objects>
calls=6 0
22 1100

fl=c:\Users\Pedro\faculdade\IniciacaoCientifica\grn\.env\Lib\site-packages\numpy\_core\_internal.py
fn=npy_ctypes_check
946 7900

fl=c:\Users\Pedro\faculdade\IniciacaoCientifica\grn\.env\Lib\site-packages\numpy\_core\_methods.py
fn=_any
55 1200
cfl=~
cfn=<method 'reduce' of 'numpy.ufunc' objects>
calls=4 0
55 4800

fl=c:\Users\Pedro\faculdade\IniciacaoCientifica\grn\.env\Lib\site-packages\numpy\_core\_methods.py
fn=_all
64 10900
cfl=~
cfn=<method 'reduce' of 'numpy.ufunc' objects>
calls=2 0
64 16700

fl=c:\Users\Pedro\faculdade\IniciacaoCientifica\grn\.env\Lib\site-packages\numpy\_core\_methods.py
fn=_count_reduce_items
73 7700
cfl=~
cfn=<built-in method numpy.lib.array_utils.normalize_axis_index>
calls=2 0
73 700

fl=c:\Users\Pedro\faculdade\IniciacaoCientifica\grn\.env\Lib\site-packages\numpy\_core\_methods.py
fn=_clip
96 5600

fl=c:\Users\Pedro\faculdade\IniciacaoCientifica\grn\.env\Lib\site-packages\numpy\_core\_methods.py
fn=_mean
115 5000
cfl=c:\Users\Pedro\faculdade\IniciacaoCientifica\grn\.env\Lib\site-packages\numpy\_core\_methods.py
cfn=_count_reduce_items
calls=1 73
115 3000
cfl=~
cfn=<built-in method builtins.hasattr>
calls=1 0
115 200
cfl=~
cfn=<built-in method builtins.isinstance>
calls=1 0
115 200
cfl=~
cfn=<built-in method builtins.issubclass>
calls=2 0
115 600
cfl=~
cfn=<built-in method numpy.asanyarray>
calls=1 0
115 200
cfl=~
cfn=<method 'reduce' of 'numpy.ufunc' objects>
calls=1 0
115 1600

fl=c:\Users\Pedro\faculdade\IniciacaoCientifica\grn\.env\Lib\site-packages\numpy\_core\_methods.py
fn=_var
148 27900
cfl=c:\Users\Pedro\faculdade\IniciacaoCientifica\grn\.env\Lib\site-packages\numpy\_core\_methods.py
cfn=_count_reduce_items
calls=1 73
148 5400
cfl=~
cfn=<built-in method builtins.hasattr>
calls=1 0
148 800
cfl=~
cfn=<built-in method builtins.isinstance>
calls=2 0
148 900
cfl=~
cfn=<built-in method builtins.issubclass>
calls=2 0
148 500
cfl=~
cfn=<built-in method numpy.asanyarray>
calls=1 0
148 200
cfl=~
cfn=<method 'reduce' of 'numpy.ufunc' objects>
calls=2 0
148 4600

fl=c:\Users\Pedro\faculdade\IniciacaoCientifica\grn\.env\Lib\site-packages\numpy\_core\_methods.py
fn=_std
217 8700
cfl=c:\Users\Pedro\faculdade\IniciacaoCientifica\grn\.env\Lib\site-packages\numpy\_core\_methods.py
cfn=_var
calls=1 148
217 40300
cfl=~
cfn=<built-in method builtins.hasattr>
calls=1 0
217 200
cfl=~
cfn=<built-in method builtins.isinstance>
calls=1 0
217 300

fl=c:\Users\Pedro\faculdade\IniciacaoCientifica\grn\.env\Lib\site-packages\numpy\_core\_ufunc_config.py
fn=__init__
462 300

fl=c:\Users\Pedro\faculdade\IniciacaoCientifica\grn\.env\Lib\site-packages\numpy\_core\_ufunc_config.py
fn=__enter__
472 2700
cfl=~
cfn=<built-in method numpy._core._multiarray_umath._make_extobj>
calls=1 0
472 800
cfl=~
cfn=<method 'set' of '_contextvars.ContextVar' objects>
calls=1 0
472 1300

fl=c:\Users\Pedro\faculdade\IniciacaoCientifica\grn\.env\Lib\site-packages\numpy\_core\_ufunc_config.py
fn=__exit__
488 1200
cfl=~
cfn=<method 'reset' of '_contextvars.ContextVar' objects>
calls=1 0
488 1500

fl=c:\Users\Pedro\faculdade\IniciacaoCientifica\grn\.env\Lib\site-packages\numpy\_core\_ufunc_config.py
fn=inner
496 54800
cfl=~
cfn=<built-in method numpy._core._multiarray_umath._make_extobj>
calls=1 0
496 600
cfl=~
cfn=<method 'reset' of '_contextvars.ContextVar' objects>
calls=1 0
496 500
cfl=~
cfn=<method 'set' of '_contextvars.ContextVar' objects>
calls=1 0
496 400

fl=c:\Users\Pedro\faculdade\IniciacaoCientifica\grn\.env\Lib\site-packages\numpy\_core\einsumfunc.py
fn=_einsum_dispatcher
1236 900

fl=c:\Users\Pedro\faculdade\IniciacaoCientifica\grn\.env\Lib\site-packages\numpy\_core\einsumfunc.py
fn=einsum
1244 1400
cfl=~
cfn=<built-in method numpy._core._multiarray_umath.c_einsum>
calls=1 0
1244 8000

fl=c:\Users\Pedro\faculdade\IniciacaoCientifica\grn\.env\Lib\site-packages\numpy\_core\fromnumeric.py
fn=_wrapit
38 25500
cfl=~
cfn=<built-in method builtins.getattr>
calls=2 0
38 1400
cfl=~
cfn=<method 'as_arrays' of 'numpy._core._multiarray_umath._array_converter' objects>
calls=2 0
38 1800
cfl=~
cfn=<method 'squeeze' of 'numpy.ndarray' objects>
calls=2 0
38 1300
cfl=~
cfn=<method 'wrap' of 'numpy._core._multiarray_umath._array_converter' objects>
calls=2 0
38 1200

fl=c:\Users\Pedro\faculdade\IniciacaoCientifica\grn\.env\Lib\site-packages\numpy\_core\fromnumeric.py
fn=_wrapfunc
48 3500
cfl=~
cfn=<built-in method builtins.getattr>
calls=3 0
48 1400
cfl=~
cfn=<method 'argmin' of 'numpy.ndarray' objects>
calls=2 0
48 10600
cfl=~
cfn=<method 'clip' of 'numpy.ndarray' objects>
calls=1 0
48 11700

fl=c:\Users\Pedro\faculdade\IniciacaoCientifica\grn\.env\Lib\site-packages\numpy\_core\fromnumeric.py
fn=_wrapreduction
66 7400
cfl=~
cfn=<built-in method builtins.getattr>
calls=2 0
66 2900
cfl=~
cfn=<method 'items' of 'dict' objects>
calls=2 0
66 500
cfl=~
cfn=<method 'reduce' of 'numpy.ufunc' objects>
calls=2 0
66 8300

fl=c:\Users\Pedro\faculdade\IniciacaoCientifica\grn\.env\Lib\site-packages\numpy\_core\fromnumeric.py
fn=_wrapreduction_any_all
86 29200
cfl=~
cfn=<built-in method builtins.getattr>
calls=7 0
86 5700
cfl=~
cfn=<method 'all' of 'numpy.generic' objects>
calls=1 0
86 25200
cfl=~
cfn=<method 'any' of 'numpy.generic' objects>
calls=2 0
86 6000
cfl=~
cfn=<method 'items' of 'dict' objects>
calls=15 0
86 3200
cfl=~
cfn=<method 'reduce' of 'numpy.ufunc' objects>
calls=12 0
86 35800

fl=c:\Users\Pedro\faculdade\IniciacaoCientifica\grn\.env\Lib\site-packages\numpy\_core\fromnumeric.py
fn=_argmin_dispatcher
1317 400

fl=c:\Users\Pedro\faculdade\IniciacaoCientifica\grn\.env\Lib\site-packages\numpy\_core\fromnumeric.py
fn=argmin
1321 4200
cfl=c:\Users\Pedro\faculdade\IniciacaoCientifica\grn\.env\Lib\site-packages\numpy\_core\fromnumeric.py
cfn=_wrapfunc
calls=2 48
1321 13900

fl=c:\Users\Pedro\faculdade\IniciacaoCientifica\grn\.env\Lib\site-packages\numpy\_core\fromnumeric.py
fn=_squeeze_dispatcher
1592 200

fl=c:\Users\Pedro\faculdade\IniciacaoCientifica\grn\.env\Lib\site-packages\numpy\_core\fromnumeric.py
fn=squeeze
1596 6600
cfl=c:\Users\Pedro\faculdade\IniciacaoCientifica\grn\.env\Lib\site-packages\numpy\_core\fromnumeric.py
cfn=_wrapit
calls=2 38
1596 31200

fl=c:\Users\Pedro\faculdade\IniciacaoCientifica\grn\.env\Lib\site-packages\numpy\_core\fromnumeric.py
fn=_ravel_dispatcher
1875 100

fl=c:\Users\Pedro\faculdade\IniciacaoCientifica\grn\.env\Lib\site-packages\numpy\_core\fromnumeric.py
fn=ravel
1879 1900
cfl=~
cfn=<built-in method builtins.isinstance>
calls=1 0
1879 300
cfl=~
cfn=<built-in method numpy.asanyarray>
calls=1 0
1879 200
cfl=~
cfn=<method 'ravel' of 'numpy.ndarray' objects>
calls=1 0
1879 500

fl=c:\Users\Pedro\faculdade\IniciacaoCientifica\grn\.env\Lib\site-packages\numpy\_core\fromnumeric.py
fn=_shape_dispatcher
2080 600

fl=c:\Users\Pedro\faculdade\IniciacaoCientifica\grn\.env\Lib\site-packages\numpy\_core\fromnumeric.py
fn=shape
2084 2300

fl=c:\Users\Pedro\faculdade\IniciacaoCientifica\grn\.env\Lib\site-packages\numpy\_core\fromnumeric.py
fn=_clip_dispatcher
2202 200

fl=c:\Users\Pedro\faculdade\IniciacaoCientifica\grn\.env\Lib\site-packages\numpy\_core\fromnumeric.py
fn=clip
2207 2600
cfl=c:\Users\Pedro\faculdade\IniciacaoCientifica\grn\.env\Lib\site-packages\numpy\_core\fromnumeric.py
cfn=_wrapfunc
calls=1 48
2207 13300

fl=c:\Users\Pedro\faculdade\IniciacaoCientifica\grn\.env\Lib\site-packages\numpy\_core\fromnumeric.py
fn=_sum_dispatcher
2299 200

fl=c:\Users\Pedro\faculdade\IniciacaoCientifica\grn\.env\Lib\site-packages\numpy\_core\fromnumeric.py
fn=sum
2304 4000
cfl=c:\Users\Pedro\faculdade\IniciacaoCientifica\grn\.env\Lib\site-packages\numpy\_core\fromnumeric.py
cfn=_wrapreduction
calls=1 66
2304 11600
cfl=~
cfn=<built-in method builtins.isinstance>
calls=1 0
2304 300

fl=c:\Users\Pedro\faculdade\IniciacaoCientifica\grn\.env\Lib\site-packages\numpy\_core\fromnumeric.py
fn=_any_dispatcher
2431 1500

fl=c:\Users\Pedro\faculdade\IniciacaoCientifica\grn\.env\Lib\site-packages\numpy\_core\fromnumeric.py
fn=any
2436 6200
cfl=c:\Users\Pedro\faculdade\IniciacaoCientifica\grn\.env\Lib\site-packages\numpy\_core\fromnumeric.py
cfn=_wrapreduction_any_all
calls=8 86
2436 44600

fl=c:\Users\Pedro\faculdade\IniciacaoCientifica\grn\.env\Lib\site-packages\numpy\_core\fromnumeric.py
fn=_all_dispatcher
2543 1000

fl=c:\Users\Pedro\faculdade\IniciacaoCientifica\grn\.env\Lib\site-packages\numpy\_core\fromnumeric.py
fn=all
2548 9000
cfl=c:\Users\Pedro\faculdade\IniciacaoCientifica\grn\.env\Lib\site-packages\numpy\_core\fromnumeric.py
cfn=_wrapreduction_any_all
calls=7 86
2548 60500

fl=c:\Users\Pedro\faculdade\IniciacaoCientifica\grn\.env\Lib\site-packages\numpy\_core\fromnumeric.py
fn=_prod_dispatcher
3282 200

fl=c:\Users\Pedro\faculdade\IniciacaoCientifica\grn\.env\Lib\site-packages\numpy\_core\fromnumeric.py
fn=prod
3287 1600
cfl=c:\Users\Pedro\faculdade\IniciacaoCientifica\grn\.env\Lib\site-packages\numpy\_core\fromnumeric.py
cfn=_wrapreduction
calls=1 66
3287 7500

fl=c:\Users\Pedro\faculdade\IniciacaoCientifica\grn\.env\Lib\site-packages\numpy\_core\fromnumeric.py
fn=_ndim_dispatcher
3478 300

fl=c:\Users\Pedro\faculdade\IniciacaoCientifica\grn\.env\Lib\site-packages\numpy\_core\fromnumeric.py
fn=ndim
3482 3700
cfl=~
cfn=<built-in method numpy.asarray>
calls=2 0
3482 1000

fl=c:\Users\Pedro\faculdade\IniciacaoCientifica\grn\.env\Lib\site-packages\numpy\_core\fromnumeric.py
fn=_size_dispatcher
3521 600

fl=c:\Users\Pedro\faculdade\IniciacaoCientifica\grn\.env\Lib\site-packages\numpy\_core\fromnumeric.py
fn=size
3525 42300
cfl=<frozen importlib._bootstrap>
cfn=parent
calls=6 648
3525 11100
cfl=c:\Users\Pedro\faculdade\IniciacaoCientifica\grn\.env\Lib\site-packages\numpy\_core\fromnumeric.py
cfn=_shape_dispatcher
calls=6 2080
3525 600
cfl=c:\Users\Pedro\faculdade\IniciacaoCientifica\grn\.env\Lib\site-packages\numpy\_core\fromnumeric.py
cfn=shape
calls=6 2084
3525 2300
cfl=c:\Users\Pedro\faculdade\IniciacaoCientifica\grn\.env\Lib\site-packages\numpy\_core\numeric.py
cfn=normalize_axis_tuple
calls=6 1431
3525 35800
cfl=~
cfn=<built-in method builtins.len>
calls=6 0
3525 800
cfl=~
cfn=<built-in method math.prod>
calls=6 0
3525 8200

fl=c:\Users\Pedro\faculdade\IniciacaoCientifica\grn\.env\Lib\site-packages\numpy\_core\fromnumeric.py
fn=<genexpr>
3575 2500

fl=c:\Users\Pedro\faculdade\IniciacaoCientifica\grn\.env\Lib\site-packages\numpy\_core\fromnumeric.py
fn=_mean_dispatcher
3694 200

fl=c:\Users\Pedro\faculdade\IniciacaoCientifica\grn\.env\Lib\site-packages\numpy\_core\fromnumeric.py
fn=mean
3699 5200
cfl=c:\Users\Pedro\faculdade\IniciacaoCientifica\grn\.env\Lib\site-packages\numpy\_core\_methods.py
cfn=_mean
calls=1 115
3699 10800

fl=c:\Users\Pedro\faculdade\IniciacaoCientifica\grn\.env\Lib\site-packages\numpy\_core\fromnumeric.py
fn=_std_dispatcher
3828 200

fl=c:\Users\Pedro\faculdade\IniciacaoCientifica\grn\.env\Lib\site-packages\numpy\_core\fromnumeric.py
fn=std
3833 4700
cfl=c:\Users\Pedro\faculdade\IniciacaoCientifica\grn\.env\Lib\site-packages\numpy\_core\_methods.py
cfn=_std
calls=1 217
3833 49500

fl=c:\Users\Pedro\faculdade\IniciacaoCientifica\grn\.env\Lib\site-packages\numpy\_core\function_base.py
fn=_linspace_dispatcher
22 200

fl=c:\Users\Pedro\faculdade\IniciacaoCientifica\grn\.env\Lib\site-packages\numpy\_core\function_base.py
fn=linspace
27 15500
cfl=c:\Users\Pedro\faculdade\IniciacaoCientifica\grn\.env\Lib\site-packages\numpy\_core\fromnumeric.py
cfn=_ndim_dispatcher
calls=1 3478
27 100
cfl=c:\Users\Pedro\faculdade\IniciacaoCientifica\grn\.env\Lib\site-packages\numpy\_core\fromnumeric.py
cfn=ndim
calls=1 3482
27 600
cfl=c:\Users\Pedro\faculdade\IniciacaoCientifica\grn\.env\Lib\site-packages\numpy\_core\numeric.py
cfn=isscalar
calls=1 1975
27 600
cfl=~
cfn=<built-in method _operator.index>
calls=1 0
27 200
cfl=~
cfn=<built-in method numpy.arange>
calls=1 0
27 2600
cfl=~
cfn=<method 'as_arrays' of 'numpy._core._multiarray_umath._array_converter' objects>
calls=1 0
27 400
cfl=~
cfn=<method 'astype' of 'numpy.ndarray' objects>
calls=1 0
27 800
cfl=~
cfn=<method 'reshape' of 'numpy.ndarray' objects>
calls=1 0
27 1200
cfl=~
cfn=<method 'result_type' of 'numpy._core._multiarray_umath._array_converter' objects>
calls=1 0
27 500
cfl=~
cfn=<method 'wrap' of 'numpy._core._multiarray_umath._array_converter' objects>
calls=1 0
27 400

fl=c:\Users\Pedro\faculdade\IniciacaoCientifica\grn\.env\Lib\site-packages\numpy\_core\getlimits.py
fn=__new__
178 2200
cfl=~
cfn=<method 'get' of 'dict' objects>
calls=4 0
178 1200

fl=c:\Users\Pedro\faculdade\IniciacaoCientifica\grn\.env\Lib\site-packages\numpy\_core\multiarray.py
fn=empty_like
115 200

fl=c:\Users\Pedro\faculdade\IniciacaoCientifica\grn\.env\Lib\site-packages\numpy\_core\multiarray.py
fn=concatenate
197 1100

fl=c:\Users\Pedro\faculdade\IniciacaoCientifica\grn\.env\Lib\site-packages\numpy\_core\multiarray.py
fn=where
403 1100

fl=c:\Users\Pedro\faculdade\IniciacaoCientifica\grn\.env\Lib\site-packages\numpy\_core\multiarray.py
fn=copyto
1085 9700

fl=c:\Users\Pedro\faculdade\IniciacaoCientifica\grn\.env\Lib\site-packages\numpy\_core\multiarray.py
fn=putmask
1135 900

fl=c:\Users\Pedro\faculdade\IniciacaoCientifica\grn\.env\Lib\site-packages\numpy\_core\multiarray.py
fn=may_share_memory
1397 2500

fl=c:\Users\Pedro\faculdade\IniciacaoCientifica\grn\.env\Lib\site-packages\numpy\_core\numeric.py
fn=_zeros_like_dispatcher
91 0

fl=c:\Users\Pedro\faculdade\IniciacaoCientifica\grn\.env\Lib\site-packages\numpy\_core\numeric.py
fn=zeros_like
97 6100
cfl=c:\Users\Pedro\faculdade\IniciacaoCientifica\grn\.env\Lib\site-packages\numpy\_core\multiarray.py
cfn=empty_like
calls=1 115
97 100
cfl=c:\Users\Pedro\faculdade\IniciacaoCientifica\grn\.env\Lib\site-packages\numpy\_core\multiarray.py
cfn=copyto
calls=1 1085
97 200
cfl=~
cfn=<built-in method numpy.zeros>
calls=1 0
97 600

fl=c:\Users\Pedro\faculdade\IniciacaoCientifica\grn\.env\Lib\site-packages\numpy\_core\numeric.py
fn=ones
170 28000
cfl=c:\Users\Pedro\faculdade\IniciacaoCientifica\grn\.env\Lib\site-packages\numpy\_core\multiarray.py
cfn=copyto
calls=3 1085
170 500
cfl=~
cfn=<built-in method numpy.empty>
calls=3 0
170 2400

fl=c:\Users\Pedro\faculdade\IniciacaoCientifica\grn\.env\Lib\site-packages\numpy\_core\numeric.py
fn=_ones_like_dispatcher
240 100

fl=c:\Users\Pedro\faculdade\IniciacaoCientifica\grn\.env\Lib\site-packages\numpy\_core\numeric.py
fn=ones_like
246 4100
cfl=c:\Users\Pedro\faculdade\IniciacaoCientifica\grn\.env\Lib\site-packages\numpy\_core\multiarray.py
cfn=empty_like
calls=1 115
246 100
cfl=c:\Users\Pedro\faculdade\IniciacaoCientifica\grn\.env\Lib\site-packages\numpy\_core\multiarray.py
cfn=copyto
calls=1 1085
246 100

fl=c:\Users\Pedro\faculdade\IniciacaoCientifica\grn\.env\Lib\site-packages\numpy\_core\numeric.py
fn=full
323 80900
cfl=c:\Users\Pedro\faculdade\IniciacaoCientifica\grn\.env\Lib\site-packages\numpy\_core\multiarray.py
cfn=copyto
calls=71 1085
323 8900
cfl=~
cfn=<built-in method numpy.asarray>
calls=71 0
323 22100
cfl=~
cfn=<built-in method numpy.empty>
calls=71 0
323 22200

fl=c:\Users\Pedro\faculdade\IniciacaoCientifica\grn\.env\Lib\site-packages\numpy\_core\numeric.py
fn=_count_nonzero_dispatcher
479 1200

fl=c:\Users\Pedro\faculdade\IniciacaoCientifica\grn\.env\Lib\site-packages\numpy\_core\numeric.py
fn=count_nonzero
483 5000
cfl=~
cfn=<built-in method numpy._core._multiarray_umath.count_nonzero>
calls=7 0
483 6200

fl=c:\Users\Pedro\faculdade\IniciacaoCientifica\grn\.env\Lib\site-packages\numpy\_core\numeric.py
fn=normalize_axis_tuple
1431 24800
cfl=c:\Users\Pedro\faculdade\IniciacaoCientifica\grn\.env\Lib\site-packages\numpy\_core\numeric.py
cfn=<genexpr>
calls=12 1480
1431 6300
cfl=~
cfn=<built-in method _operator.index>
calls=6 0
1431 1200
cfl=~
cfn=<built-in method builtins.isinstance>
calls=6 0
1431 1900
cfl=~
cfn=<built-in method builtins.len>
calls=12 0
1431 1600

fl=c:\Users\Pedro\faculdade\IniciacaoCientifica\grn\.env\Lib\site-packages\numpy\_core\numeric.py
fn=<genexpr>
1480 4000
cfl=~
cfn=<built-in method numpy.lib.array_utils.normalize_axis_index>
calls=6 0
1480 2300

fl=c:\Users\Pedro\faculdade\IniciacaoCientifica\grn\.env\Lib\site-packages\numpy\_core\numeric.py
fn=isscalar
1975 6900
cfl=~
cfn=<built-in method builtins.isinstance>
calls=21 0
1975 2500

fl=c:\Users\Pedro\faculdade\IniciacaoCientifica\grn\.env\Lib\site-packages\numpy\_core\numeric.py
fn=_array_equal_dispatcher
2516 200

fl=c:\Users\Pedro\faculdade\IniciacaoCientifica\grn\.env\Lib\site-packages\numpy\_core\numeric.py
fn=array_equal
2535 4600
cfl=~
cfn=<built-in method numpy.asanyarray>
calls=1 0
2535 100
cfl=~
cfn=<built-in method numpy.asarray>
calls=2 0
2535 300
cfl=~
cfn=<method 'all' of 'numpy.ndarray' objects>
calls=1 0
2535 7900

fl=c:\Users\Pedro\faculdade\IniciacaoCientifica\grn\.env\Lib\site-packages\numpy\_core\numerictypes.py
fn=issubclass_
293 9200
cfl=~
cfn=<built-in method builtins.issubclass>
calls=28 0
293 6100

fl=c:\Users\Pedro\faculdade\IniciacaoCientifica\grn\.env\Lib\site-packages\numpy\_core\numerictypes.py
fn=_preprocess_dtype
372 24500
cfl=~
cfn=<built-in method builtins.isinstance>
calls=42 0
372 7700
cfl=~
cfn=<method 'values' of 'dict' objects>
calls=21 0
372 3300

fl=c:\Users\Pedro\faculdade\IniciacaoCientifica\grn\.env\Lib\site-packages\numpy\_core\numerictypes.py
fn=isdtype
385 30900
cfl=c:\Users\Pedro\faculdade\IniciacaoCientifica\grn\.env\Lib\site-packages\numpy\_core\numerictypes.py
cfn=_preprocess_dtype
calls=21 372
385 35500
cfl=~
cfn=<built-in method builtins.isinstance>
calls=21 0
385 2700
cfl=~
cfn=<method 'update' of 'set' objects>
calls=21 0
385 6600

fl=c:\Users\Pedro\faculdade\IniciacaoCientifica\grn\.env\Lib\site-packages\numpy\_core\numerictypes.py
fn=issubdtype
475 16000
cfl=c:\Users\Pedro\faculdade\IniciacaoCientifica\grn\.env\Lib\site-packages\numpy\_core\numerictypes.py
cfn=issubclass_
calls=28 293
475 15300
cfl=~
cfn=<built-in method builtins.issubclass>
calls=14 0
475 1700

fl=c:\Users\Pedro\faculdade\IniciacaoCientifica\grn\.env\Lib\site-packages\numpy\_core\shape_base.py
fn=_atleast_1d_dispatcher
15 4200

fl=c:\Users\Pedro\faculdade\IniciacaoCientifica\grn\.env\Lib\site-packages\numpy\_core\shape_base.py
fn=atleast_1d
19 36600
cfl=~
cfn=<built-in method builtins.len>
calls=48 0
19 5500
cfl=~
cfn=<built-in method numpy.asanyarray>
calls=48 0
19 17100
cfl=~
cfn=<method 'reshape' of 'numpy.ndarray' objects>
calls=21 0
19 9900

fl=c:\Users\Pedro\faculdade\IniciacaoCientifica\grn\.env\Lib\site-packages\numpy\_core\shape_base.py
fn=_atleast_2d_dispatcher
74 1200

fl=c:\Users\Pedro\faculdade\IniciacaoCientifica\grn\.env\Lib\site-packages\numpy\_core\shape_base.py
fn=atleast_2d
78 26200
cfl=~
cfn=<built-in method builtins.len>
calls=21 0
78 2200
cfl=~
cfn=<built-in method numpy.asanyarray>
calls=21 0
78 2400
cfl=~
cfn=<method 'append' of 'list' objects>
calls=21 0
78 3500
cfl=~
cfn=<method 'reshape' of 'numpy.ndarray' objects>
calls=1 0
78 700

fl=c:\Users\Pedro\faculdade\IniciacaoCientifica\grn\.env\Lib\site-packages\numpy\lib\_function_base_impl.py
fn=iterable
363 3600
cfl=~
cfn=<built-in method builtins.iter>
calls=5 0
363 1600

fl=c:\Users\Pedro\faculdade\IniciacaoCientifica\grn\.env\Lib\site-packages\numpy\lib\_function_base_impl.py
fn=_copy_dispatcher
920 4200

fl=c:\Users\Pedro\faculdade\IniciacaoCientifica\grn\.env\Lib\site-packages\numpy\lib\_function_base_impl.py
fn=copy
924 10900
cfl=~
cfn=<built-in method numpy.array>
calls=42 0
924 23100

fl=c:\Users\Pedro\faculdade\IniciacaoCientifica\grn\.env\Lib\site-packages\numpy\lib\_stride_tricks_impl.py
fn=_maybe_view_as_subclass
24 1300

fl=c:\Users\Pedro\faculdade\IniciacaoCientifica\grn\.env\Lib\site-packages\numpy\lib\_stride_tricks_impl.py
fn=_broadcast_to
373 30500
cfl=c:\Users\Pedro\faculdade\IniciacaoCientifica\grn\.env\Lib\site-packages\numpy\lib\_function_base_impl.py
cfn=iterable
calls=5 363
373 5200
cfl=c:\Users\Pedro\faculdade\IniciacaoCientifica\grn\.env\Lib\site-packages\numpy\lib\_stride_tricks_impl.py
cfn=_maybe_view_as_subclass
calls=5 24
373 1300
cfl=c:\Users\Pedro\faculdade\IniciacaoCientifica\grn\.env\Lib\site-packages\numpy\lib\_stride_tricks_impl.py
cfn=<genexpr>
calls=10 378
373 1400
cfl=~
cfn=<built-in method numpy.array>
calls=5 0
373 600
cfl=~
cfn=<method '__enter__' of 'numpy.nditer' objects>
calls=5 0
373 1000
cfl=~
cfn=<method '__exit__' of 'numpy.nditer' objects>
calls=5 0
373 900

fl=c:\Users\Pedro\faculdade\IniciacaoCientifica\grn\.env\Lib\site-packages\numpy\lib\_stride_tricks_impl.py
fn=<genexpr>
378 1400

fl=c:\Users\Pedro\faculdade\IniciacaoCientifica\grn\.env\Lib\site-packages\numpy\lib\_stride_tricks_impl.py
fn=_broadcast_to_dispatcher
396 500

fl=c:\Users\Pedro\faculdade\IniciacaoCientifica\grn\.env\Lib\site-packages\numpy\lib\_stride_tricks_impl.py
fn=broadcast_to
400 1400
cfl=c:\Users\Pedro\faculdade\IniciacaoCientifica\grn\.env\Lib\site-packages\numpy\lib\_stride_tricks_impl.py
cfn=_broadcast_to
calls=4 373
400 21200

fl=c:\Users\Pedro\faculdade\IniciacaoCientifica\grn\.env\Lib\site-packages\numpy\lib\_stride_tricks_impl.py
fn=_broadcast_shape
446 4300
cfl=~
cfn=<built-in method builtins.len>
calls=1 0
446 100

fl=c:\Users\Pedro\faculdade\IniciacaoCientifica\grn\.env\Lib\site-packages\numpy\lib\_stride_tricks_impl.py
fn=_broadcast_arrays_dispatcher
510 100

fl=c:\Users\Pedro\faculdade\IniciacaoCientifica\grn\.env\Lib\site-packages\numpy\lib\_stride_tricks_impl.py
fn=broadcast_arrays
514 7200
cfl=c:\Users\Pedro\faculdade\IniciacaoCientifica\grn\.env\Lib\site-packages\numpy\lib\_stride_tricks_impl.py
cfn=_broadcast_to
calls=1 373
514 19700
cfl=c:\Users\Pedro\faculdade\IniciacaoCientifica\grn\.env\Lib\site-packages\numpy\lib\_stride_tricks_impl.py
cfn=_broadcast_shape
calls=1 446
514 4400
cfl=~
cfn=<built-in method numpy.array>
calls=3 0
514 500

fl=c:\Users\Pedro\faculdade\IniciacaoCientifica\grn\.env\Lib\site-packages\pandas\_config\__init__.py
fn=using_string_dtype
33 5600

fl=c:\Users\Pedro\faculdade\IniciacaoCientifica\grn\.env\Lib\site-packages\pandas\_config\config.py
fn=_get_single_key
127 32600
cfl=c:\Users\Pedro\faculdade\IniciacaoCientifica\grn\.env\Lib\site-packages\pandas\_config\config.py
cfn=_select_options
calls=27 650
127 6100
cfl=c:\Users\Pedro\faculdade\IniciacaoCientifica\grn\.env\Lib\site-packages\pandas\_config\config.py
cfn=_translate_key
calls=27 703
127 12600
cfl=c:\Users\Pedro\faculdade\IniciacaoCientifica\grn\.env\Lib\site-packages\pandas\_config\config.py
cfn=_warn_if_deprecated
calls=27 715
127 19700
cfl=~
cfn=<built-in method builtins.len>
calls=54 0
127 3500

fl=c:\Users\Pedro\faculdade\IniciacaoCientifica\grn\.env\Lib\site-packages\pandas\_config\config.py
fn=get_option
143 20400
cfl=c:\Users\Pedro\faculdade\IniciacaoCientifica\grn\.env\Lib\site-packages\pandas\_config\config.py
cfn=_get_single_key
calls=27 127
143 74500
cfl=c:\Users\Pedro\faculdade\IniciacaoCientifica\grn\.env\Lib\site-packages\pandas\_config\config.py
cfn=_get_root
calls=27 668
143 25200

fl=c:\Users\Pedro\faculdade\IniciacaoCientifica\grn\.env\Lib\site-packages\pandas\_config\config.py
fn=_select_options
650 6100

fl=c:\Users\Pedro\faculdade\IniciacaoCientifica\grn\.env\Lib\site-packages\pandas\_config\config.py
fn=_get_root
668 18100
cfl=~
cfn=<method 'split' of 'str' objects>
calls=27 0
668 7100

fl=c:\Users\Pedro\faculdade\IniciacaoCientifica\grn\.env\Lib\site-packages\pandas\_config\config.py
fn=_get_deprecated_option
676 16900

fl=c:\Users\Pedro\faculdade\IniciacaoCientifica\grn\.env\Lib\site-packages\pandas\_config\config.py
fn=_translate_key
703 6700
cfl=c:\Users\Pedro\faculdade\IniciacaoCientifica\grn\.env\Lib\site-packages\pandas\_config\config.py
cfn=_get_deprecated_option
calls=27 676
703 5900

fl=c:\Users\Pedro\faculdade\IniciacaoCientifica\grn\.env\Lib\site-packages\pandas\_config\config.py
fn=_warn_if_deprecated
715 8700
cfl=c:\Users\Pedro\faculdade\IniciacaoCientifica\grn\.env\Lib\site-packages\pandas\_config\config.py
cfn=_get_deprecated_option
calls=27 676
715 11000

fl=c:\Users\Pedro\faculdade\IniciacaoCientifica\grn\.env\Lib\site-packages\pandas\core\arrays\_mixins.py
fn=_box_func
107 1400

fl=c:\Users\Pedro\faculdade\IniciacaoCientifica\grn\.env\Lib\site-packages\pandas\core\arrays\_mixins.py
fn=__getitem__
287 34500
cfl=c:\Users\Pedro\faculdade\IniciacaoCientifica\grn\.env\Lib\site-packages\pandas\core\arrays\_mixins.py
cfn=_box_func
calls=12 107
287 1400
cfl=c:\Users\Pedro\faculdade\IniciacaoCientifica\grn\.env\Lib\site-packages\pandas\core\construction.py
cfn=extract_array
calls=10 430
287 4700
cfl=c:\Users\Pedro\faculdade\IniciacaoCientifica\grn\.env\Lib\site-packages\pandas\core\indexers\utils.py
cfn=getitem_returns_view
calls=10 416
287 27100
cfl=c:\Users\Pedro\faculdade\IniciacaoCientifica\grn\.env\Lib\site-packages\pandas\core\indexers\utils.py
cfn=check_array_indexer
calls=10 441
287 6600

fl=c:\Users\Pedro\faculdade\IniciacaoCientifica\grn\.env\Lib\site-packages\pandas\core\arrays\base.py
fn=__iter__
559 3800
cfl=c:\Users\Pedro\faculdade\IniciacaoCientifica\grn\.env\Lib\site-packages\pandas\core\arrays\_mixins.py
cfn=__getitem__
calls=12 287
559 8000
cfl=~
cfn=<built-in method builtins.len>
calls=1 0
559 200

fl=c:\Users\Pedro\faculdade\IniciacaoCientifica\grn\.env\Lib\site-packages\pandas\core\arrays\numpy_.py
fn=dtype
179 13900

fl=c:\Users\Pedro\faculdade\IniciacaoCientifica\grn\.env\Lib\site-packages\pandas\core\arrays\numpy_.py
fn=astype
272 23700
cfl=c:\Users\Pedro\faculdade\IniciacaoCientifica\grn\.env\Lib\site-packages\numpy\_core\_internal.py
cfn=npy_ctypes_check
calls=12 946
272 3200
cfl=c:\Users\Pedro\faculdade\IniciacaoCientifica\grn\.env\Lib\site-packages\pandas\core\arrays\numpy_.py
cfn=dtype
calls=12 179
272 900
cfl=c:\Users\Pedro\faculdade\IniciacaoCientifica\grn\.env\Lib\site-packages\pandas\core\arrays\string_.py
cfn=__repr__
calls=12 232
272 7100
cfl=c:\Users\Pedro\faculdade\IniciacaoCientifica\grn\.env\Lib\site-packages\pandas\core\arrays\string_.py
cfn=__eq__
calls=12 236
272 7100
cfl=c:\Users\Pedro\faculdade\IniciacaoCientifica\grn\.env\Lib\site-packages\pandas\core\dtypes\astype.py
cfn=astype_array
calls=12 160
272 15800
cfl=c:\Users\Pedro\faculdade\IniciacaoCientifica\grn\.env\Lib\site-packages\pandas\core\dtypes\common.py
cfn=pandas_dtype
calls=12 1821
272 7800

fl=c:\Users\Pedro\faculdade\IniciacaoCientifica\grn\.env\Lib\site-packages\pandas\core\arrays\numpy_.py
fn=isna
283 4500
cfl=c:\Users\Pedro\faculdade\IniciacaoCientifica\grn\.env\Lib\site-packages\pandas\core\dtypes\missing.py
cfn=isna
calls=12 97
283 86400

fl=c:\Users\Pedro\faculdade\IniciacaoCientifica\grn\.env\Lib\site-packages\pandas\core\arrays\string_.py
fn=name
141 1000

fl=c:\Users\Pedro\faculdade\IniciacaoCientifica\grn\.env\Lib\site-packages\pandas\core\arrays\string_.py
fn=na_value
150 1900

fl=c:\Users\Pedro\faculdade\IniciacaoCientifica\grn\.env\Lib\site-packages\pandas\core\arrays\string_.py
fn=storage
174 7000

fl=c:\Users\Pedro\faculdade\IniciacaoCientifica\grn\.env\Lib\site-packages\pandas\core\arrays\string_.py
fn=__init__
197 44400
cfl=C:\Users\Pedro\AppData\Local\Python\pythoncore-3.14-64\Lib\typing.py
cfn=cast
calls=19 2300
197 2000
cfl=c:\Users\Pedro\faculdade\IniciacaoCientifica\grn\.env\Lib\site-packages\pandas\_config\config.py
cfn=get_option
calls=19 143
197 87800
cfl=~
cfn=<built-in method builtins.isinstance>
calls=19 0
197 1600

fl=c:\Users\Pedro\faculdade\IniciacaoCientifica\grn\.env\Lib\site-packages\pandas\core\arrays\string_.py
fn=__repr__
232 17800
cfl=c:\Users\Pedro\faculdade\IniciacaoCientifica\grn\.env\Lib\site-packages\pandas\core\arrays\string_.py
cfn=storage
calls=24 174
232 2100

fl=c:\Users\Pedro\faculdade\IniciacaoCientifica\grn\.env\Lib\site-packages\pandas\core\arrays\string_.py
fn=__eq__
236 17100
cfl=c:\Users\Pedro\faculdade\IniciacaoCientifica\grn\.env\Lib\site-packages\pandas\core\arrays\string_.py
cfn=name
calls=5 141
236 1000
cfl=~
cfn=<built-in method builtins.isinstance>
calls=64 0
236 6100

fl=c:\Users\Pedro\faculdade\IniciacaoCientifica\grn\.env\Lib\site-packages\pandas\core\arrays\string_.py
fn=type
265 200

fl=c:\Users\Pedro\faculdade\IniciacaoCientifica\grn\.env\Lib\site-packages\pandas\core\arrays\string_.py
fn=construct_array_type
312 18700
cfl=c:\Users\Pedro\faculdade\IniciacaoCientifica\grn\.env\Lib\site-packages\pandas\core\arrays\string_.py
cfn=storage
calls=57 174
312 3400

fl=c:\Users\Pedro\faculdade\IniciacaoCientifica\grn\.env\Lib\site-packages\pandas\core\arrays\string_.py
fn=_from_sequence
756 66800
cfl=c:\Users\Pedro\faculdade\IniciacaoCientifica\grn\.env\Lib\site-packages\pandas\core\arrays\string_.py
cfn=na_value
calls=19 150
756 1800
cfl=c:\Users\Pedro\faculdade\IniciacaoCientifica\grn\.env\Lib\site-packages\pandas\core\arrays\string_.py
cfn=storage
calls=19 174
756 1300
cfl=c:\Users\Pedro\faculdade\IniciacaoCientifica\grn\.env\Lib\site-packages\pandas\core\dtypes\common.py
cfn=pandas_dtype
calls=19 1821
756 13500
cfl=~
cfn=<built-in method __new__ of type object at 0x00007FFE69354D90>
calls=19 0
756 6500
cfl=~
cfn=<built-in method builtins.isinstance>
calls=57 0
756 5800

fl=c:\Users\Pedro\faculdade\IniciacaoCientifica\grn\.env\Lib\site-packages\pandas\core\arrays\string_.py
fn=astype
915 49400
cfl=c:\Users\Pedro\faculdade\IniciacaoCientifica\grn\.env\Lib\site-packages\numpy\_core\_internal.py
cfn=npy_ctypes_check
calls=12 946
915 4700
cfl=c:\Users\Pedro\faculdade\IniciacaoCientifica\grn\.env\Lib\site-packages\numpy\_core\numerictypes.py
cfn=issubdtype
calls=12 475
915 26300
cfl=c:\Users\Pedro\faculdade\IniciacaoCientifica\grn\.env\Lib\site-packages\pandas\core\arrays\numpy_.py
cfn=dtype
calls=12 179
915 1400
cfl=c:\Users\Pedro\faculdade\IniciacaoCientifica\grn\.env\Lib\site-packages\pandas\core\arrays\numpy_.py
cfn=astype
calls=12 272
915 65600
cfl=c:\Users\Pedro\faculdade\IniciacaoCientifica\grn\.env\Lib\site-packages\pandas\core\arrays\string_.py
cfn=__repr__
calls=12 232
915 12800
cfl=c:\Users\Pedro\faculdade\IniciacaoCientifica\grn\.env\Lib\site-packages\pandas\core\arrays\string_.py
cfn=__eq__
calls=12 236
915 9000
cfl=c:\Users\Pedro\faculdade\IniciacaoCientifica\grn\.env\Lib\site-packages\pandas\core\dtypes\common.py
cfn=pandas_dtype
calls=12 1821
915 188600
cfl=~
cfn=<built-in method builtins.isinstance>
calls=36 0
915 3400

fl=c:\Users\Pedro\faculdade\IniciacaoCientifica\grn\.env\Lib\site-packages\pandas\core\base.py
fn=__iter__
931 1900
cfl=c:\Users\Pedro\faculdade\IniciacaoCientifica\grn\.env\Lib\site-packages\pandas\core\indexes\base.py
cfn=_values
calls=2 5101
931 300
cfl=~
cfn=<built-in method builtins.isinstance>
calls=1 0
931 100
cfl=~
cfn=<built-in method builtins.iter>
calls=1 0
931 700

fl=c:\Users\Pedro\faculdade\IniciacaoCientifica\grn\.env\Lib\site-packages\pandas\core\common.py
fn=all_none
197 1900
cfl=c:\Users\Pedro\faculdade\IniciacaoCientifica\grn\.env\Lib\site-packages\pandas\core\common.py
cfn=<genexpr>
calls=2 201
197 500

fl=c:\Users\Pedro\faculdade\IniciacaoCientifica\grn\.env\Lib\site-packages\pandas\core\common.py
fn=<genexpr>
201 500

fl=c:\Users\Pedro\faculdade\IniciacaoCientifica\grn\.env\Lib\site-packages\pandas\core\common.py
fn=apply_if_callable
377 1300
cfl=~
cfn=<built-in method builtins.callable>
calls=2 0
377 300
cfl=~
cfn=<built-in method builtins.isinstance>
calls=2 0
377 100

fl=c:\Users\Pedro\faculdade\IniciacaoCientifica\grn\.env\Lib\site-packages\pandas\core\common.py
fn=require_length_match
596 11100
cfl=~
cfn=<built-in method builtins.len>
calls=72 0
596 18900

fl=c:\Users\Pedro\faculdade\IniciacaoCientifica\grn\.env\Lib\site-packages\pandas\core\construction.py
fn=extract_array
430 14600
cfl=~
cfn=<built-in method builtins.getattr>
calls=50 0
430 3600

fl=c:\Users\Pedro\faculdade\IniciacaoCientifica\grn\.env\Lib\site-packages\pandas\core\construction.py
fn=ensure_wrapped_if_datetimelike
495 10600
cfl=~
cfn=<built-in method builtins.isinstance>
calls=29 0
495 2500

fl=c:\Users\Pedro\faculdade\IniciacaoCientifica\grn\.env\Lib\site-packages\pandas\core\construction.py
fn=sanitize_array
531 202600
cfl=C:\Users\Pedro\AppData\Local\Python\pythoncore-3.14-64\Lib\typing.py
cfn=cast
calls=25 2300
531 1800
cfl=c:\Users\Pedro\faculdade\IniciacaoCientifica\grn\.env\Lib\site-packages\numpy\_core\numeric.py
cfn=full
calls=19 323
531 31400
cfl=c:\Users\Pedro\faculdade\IniciacaoCientifica\grn\.env\Lib\site-packages\pandas\_config\__init__.py
cfn=using_string_dtype
calls=9 33
531 4200
cfl=c:\Users\Pedro\faculdade\IniciacaoCientifica\grn\.env\Lib\site-packages\pandas\core\arrays\numpy_.py
cfn=dtype
calls=10 179
531 1000
cfl=c:\Users\Pedro\faculdade\IniciacaoCientifica\grn\.env\Lib\site-packages\pandas\core\arrays\string_.py
cfn=storage
calls=5 174
531 200
cfl=c:\Users\Pedro\faculdade\IniciacaoCientifica\grn\.env\Lib\site-packages\pandas\core\arrays\string_.py
cfn=__init__
calls=9 197
531 79200
cfl=c:\Users\Pedro\faculdade\IniciacaoCientifica\grn\.env\Lib\site-packages\pandas\core\arrays\string_.py
cfn=__eq__
calls=5 236
531 4000
cfl=c:\Users\Pedro\faculdade\IniciacaoCientifica\grn\.env\Lib\site-packages\pandas\core\arrays\string_.py
cfn=construct_array_type
calls=9 312
531 12800
cfl=c:\Users\Pedro\faculdade\IniciacaoCientifica\grn\.env\Lib\site-packages\pandas\core\arrays\string_.py
cfn=_from_sequence
calls=9 756
531 57100
cfl=c:\Users\Pedro\faculdade\IniciacaoCientifica\grn\.env\Lib\site-packages\pandas\core\construction.py
cfn=extract_array
calls=40 430
531 13500
cfl=c:\Users\Pedro\faculdade\IniciacaoCientifica\grn\.env\Lib\site-packages\pandas\core\construction.py
cfn=_sanitize_non_ordered
calls=4 710
531 3100
cfl=c:\Users\Pedro\faculdade\IniciacaoCientifica\grn\.env\Lib\site-packages\pandas\core\construction.py
cfn=_sanitize_ndim
calls=40 718
531 58500
cfl=c:\Users\Pedro\faculdade\IniciacaoCientifica\grn\.env\Lib\site-packages\pandas\core\construction.py
cfn=_sanitize_str_dtypes
calls=21 757
531 9400
cfl=c:\Users\Pedro\faculdade\IniciacaoCientifica\grn\.env\Lib\site-packages\pandas\core\dtypes\cast.py
cfn=maybe_convert_platform
calls=4 127
531 71100
cfl=~
cfn=<built-in method builtins.hasattr>
calls=4 0
531 400
cfl=~
cfn=<built-in method builtins.isinstance>
calls=366 0
531 106400
cfl=~
cfn=<built-in method builtins.len>
calls=4 0
531 400

fl=c:\Users\Pedro\faculdade\IniciacaoCientifica\grn\.env\Lib\site-packages\pandas\core\construction.py
fn=_sanitize_non_ordered
710 2700
cfl=~
cfn=<built-in method builtins.isinstance>
calls=4 0
710 400

fl=c:\Users\Pedro\faculdade\IniciacaoCientifica\grn\.env\Lib\site-packages\pandas\core\construction.py
fn=_sanitize_ndim
718 18700
cfl=c:\Users\Pedro\faculdade\IniciacaoCientifica\grn\.env\Lib\site-packages\pandas\core\construction.py
cfn=_maybe_repeat
calls=40 780
718 33800
cfl=~
cfn=<built-in method builtins.getattr>
calls=40 0
718 6000

fl=c:\Users\Pedro\faculdade\IniciacaoCientifica\grn\.env\Lib\site-packages\pandas\core\construction.py
fn=_sanitize_str_dtypes
757 7300
cfl=~
cfn=<built-in method builtins.issubclass>
calls=21 0
757 2100

fl=c:\Users\Pedro\faculdade\IniciacaoCientifica\grn\.env\Lib\site-packages\pandas\core\construction.py
fn=_maybe_repeat
780 11900
cfl=~
cfn=<built-in method builtins.len>
calls=72 0
780 21900

fl=c:\Users\Pedro\faculdade\IniciacaoCientifica\grn\.env\Lib\site-packages\pandas\core\dtypes\astype.py
fn=astype_array
160 6400
cfl=~
cfn=<method 'copy' of 'numpy.ndarray' objects>
calls=12 0
160 9400

fl=c:\Users\Pedro\faculdade\IniciacaoCientifica\grn\.env\Lib\site-packages\pandas\core\dtypes\base.py
fn=kind
181 1300

fl=c:\Users\Pedro\faculdade\IniciacaoCientifica\grn\.env\Lib\site-packages\pandas\core\dtypes\base.py
fn=index_class
416 5000
cfl=<frozen importlib._bootstrap>
cfn=_handle_fromlist
calls=4 1401
416 4700

fl=c:\Users\Pedro\faculdade\IniciacaoCientifica\grn\.env\Lib\site-packages\pandas\core\dtypes\base.py
fn=_supports_2d
426 1500

fl=c:\Users\Pedro\faculdade\IniciacaoCientifica\grn\.env\Lib\site-packages\pandas\core\dtypes\base.py
fn=find
563 7300
cfl=~
cfn=<built-in method builtins.isinstance>
calls=24 0
563 1700
cfl=~
cfn=<built-in method builtins.issubclass>
calls=12 0
563 1000

fl=c:\Users\Pedro\faculdade\IniciacaoCientifica\grn\.env\Lib\site-packages\pandas\core\dtypes\cast.py
fn=maybe_convert_platform
127 35400
cfl=C:\Users\Pedro\AppData\Local\Python\pythoncore-3.14-64\Lib\typing.py
cfn=cast
calls=4 2300
127 400
cfl=c:\Users\Pedro\faculdade\IniciacaoCientifica\grn\.env\Lib\site-packages\numpy\_core\numeric.py
cfn=full
calls=4 323
127 20200
cfl=c:\Users\Pedro\faculdade\IniciacaoCientifica\grn\.env\Lib\site-packages\pandas\core\dtypes\cast.py
cfn=construct_1d_object_array_from_listlike
calls=4 1468
127 14700
cfl=~
cfn=<built-in method builtins.isinstance>
calls=4 0
127 400

fl=c:\Users\Pedro\faculdade\IniciacaoCientifica\grn\.env\Lib\site-packages\pandas\core\dtypes\cast.py
fn=construct_1d_object_array_from_listlike
1468 3700
cfl=~
cfn=<built-in method builtins.len>
calls=4 0
1468 400
cfl=~
cfn=<built-in method numpy.fromiter>
calls=4 0
1468 10600

fl=c:\Users\Pedro\faculdade\IniciacaoCientifica\grn\.env\Lib\site-packages\pandas\core\dtypes\common.py
fn=ensure_python_int
96 1100

fl=c:\Users\Pedro\faculdade\IniciacaoCientifica\grn\.env\Lib\site-packages\pandas\core\dtypes\common.py
fn=classes
126 400

fl=c:\Users\Pedro\faculdade\IniciacaoCientifica\grn\.env\Lib\site-packages\pandas\core\dtypes\common.py
fn=<lambda>
128 300
cfl=~
cfn=<built-in method builtins.issubclass>
calls=1 0
128 200

fl=c:\Users\Pedro\faculdade\IniciacaoCientifica\grn\.env\Lib\site-packages\pandas\core\dtypes\common.py
fn=is_object_dtype
142 4100
cfl=c:\Users\Pedro\faculdade\IniciacaoCientifica\grn\.env\Lib\site-packages\pandas\core\dtypes\common.py
cfn=classes
calls=1 126
142 400
cfl=c:\Users\Pedro\faculdade\IniciacaoCientifica\grn\.env\Lib\site-packages\pandas\core\dtypes\common.py
cfn=_is_dtype_type
calls=1 1659
142 4200

fl=c:\Users\Pedro\faculdade\IniciacaoCientifica\grn\.env\Lib\site-packages\pandas\core\dtypes\common.py
fn=is_string_or_object_np_dtype
603 7400
cfl=c:\Users\Pedro\faculdade\IniciacaoCientifica\grn\.env\Lib\site-packages\pandas\core\arrays\string_.py
cfn=__eq__
calls=1 236
603 600
cfl=c:\Users\Pedro\faculdade\IniciacaoCientifica\grn\.env\Lib\site-packages\pandas\core\dtypes\base.py
cfn=kind
calls=1 181
603 100

fl=c:\Users\Pedro\faculdade\IniciacaoCientifica\grn\.env\Lib\site-packages\pandas\core\dtypes\common.py
fn=is_string_dtype
610 1600
cfl=c:\Users\Pedro\faculdade\IniciacaoCientifica\grn\.env\Lib\site-packages\pandas\core\dtypes\common.py
cfn=_is_dtype
calls=1 1600
610 7200
cfl=~
cfn=<built-in method builtins.hasattr>
calls=1 0
610 100

fl=c:\Users\Pedro\faculdade\IniciacaoCientifica\grn\.env\Lib\site-packages\pandas\core\dtypes\common.py
fn=condition
652 800
cfl=c:\Users\Pedro\faculdade\IniciacaoCientifica\grn\.env\Lib\site-packages\pandas\core\arrays\string_.py
cfn=__eq__
calls=1 236
652 300
cfl=c:\Users\Pedro\faculdade\IniciacaoCientifica\grn\.env\Lib\site-packages\pandas\core\dtypes\common.py
cfn=is_string_or_object_np_dtype
calls=1 603
652 1500

fl=c:\Users\Pedro\faculdade\IniciacaoCientifica\grn\.env\Lib\site-packages\pandas\core\dtypes\common.py
fn=needs_i8_conversion
1204 600
cfl=~
cfn=<built-in method builtins.isinstance>
calls=2 0
1204 400

fl=c:\Users\Pedro\faculdade\IniciacaoCientifica\grn\.env\Lib\site-packages\pandas\core\dtypes\common.py
fn=is_1d_only_ea_dtype
1473 16200
cfl=c:\Users\Pedro\faculdade\IniciacaoCientifica\grn\.env\Lib\site-packages\pandas\core\dtypes\base.py
cfn=_supports_2d
calls=25 426
1473 1500
cfl=~
cfn=<built-in method builtins.isinstance>
calls=56 0
1473 5000

fl=c:\Users\Pedro\faculdade\IniciacaoCientifica\grn\.env\Lib\site-packages\pandas\core\dtypes\common.py
fn=is_ea_or_datetimelike_dtype
1547 4400
cfl=~
cfn=<built-in method builtins.isinstance>
calls=8 0
1547 800

fl=c:\Users\Pedro\faculdade\IniciacaoCientifica\grn\.env\Lib\site-packages\pandas\core\dtypes\common.py
fn=_is_dtype
1600 2800
cfl=c:\Users\Pedro\faculdade\IniciacaoCientifica\grn\.env\Lib\site-packages\pandas\core\dtypes\common.py
cfn=condition
calls=1 652
1600 2600
cfl=c:\Users\Pedro\faculdade\IniciacaoCientifica\grn\.env\Lib\site-packages\pandas\core\dtypes\common.py
cfn=_get_dtype
calls=1 1624
1600 1800

fl=c:\Users\Pedro\faculdade\IniciacaoCientifica\grn\.env\Lib\site-packages\pandas\core\dtypes\common.py
fn=_get_dtype
1624 800
cfl=c:\Users\Pedro\faculdade\IniciacaoCientifica\grn\.env\Lib\site-packages\pandas\core\dtypes\common.py
cfn=pandas_dtype
calls=1 1821
1624 600
cfl=~
cfn=<built-in method builtins.hasattr>
calls=1 0
1624 100
cfl=~
cfn=<built-in method builtins.isinstance>
calls=2 0
1624 300

fl=c:\Users\Pedro\faculdade\IniciacaoCientifica\grn\.env\Lib\site-packages\pandas\core\dtypes\common.py
fn=_is_dtype_type
1659 2600
cfl=c:\Users\Pedro\faculdade\IniciacaoCientifica\grn\.env\Lib\site-packages\pandas\core\arrays\string_.py
cfn=type
calls=1 265
1659 200
cfl=c:\Users\Pedro\faculdade\IniciacaoCientifica\grn\.env\Lib\site-packages\pandas\core\dtypes\common.py
cfn=<lambda>
calls=1 128
1659 500
cfl=c:\Users\Pedro\faculdade\IniciacaoCientifica\grn\.env\Lib\site-packages\pandas\core\dtypes\common.py
cfn=pandas_dtype
calls=1 1821
1659 500
cfl=~
cfn=<built-in method builtins.hasattr>
calls=1 0
1659 100
cfl=~
cfn=<built-in method builtins.isinstance>
calls=2 0
1659 300

fl=c:\Users\Pedro\faculdade\IniciacaoCientifica\grn\.env\Lib\site-packages\pandas\core\dtypes\common.py
fn=pandas_dtype
1821 68400
cfl=C:\Users\Pedro\AppData\Local\Python\pythoncore-3.14-64\Lib\_py_warnings.py
cfn=simplefilter
calls=12 294
1821 63800
cfl=C:\Users\Pedro\AppData\Local\Python\pythoncore-3.14-64\Lib\_py_warnings.py
cfn=__init__:616
calls=12 616
1821 3800
cfl=C:\Users\Pedro\AppData\Local\Python\pythoncore-3.14-64\Lib\_py_warnings.py
cfn=__enter__
calls=12 639
1821 28900
cfl=C:\Users\Pedro\AppData\Local\Python\pythoncore-3.14-64\Lib\_py_warnings.py
cfn=__exit__
calls=12 668
1821 18900
cfl=c:\Users\Pedro\faculdade\IniciacaoCientifica\grn\.env\Lib\site-packages\pandas\core\dtypes\base.py
cfn=find
calls=12 563
1821 10000
cfl=c:\Users\Pedro\faculdade\IniciacaoCientifica\grn\.env\Lib\site-packages\pandas\core\dtypes\inference.py
cfn=is_hashable
calls=12 387
1821 5600
cfl=~
cfn=<built-in method builtins.isinstance>
calls=90 0
1821 11600

fl=c:\Users\Pedro\faculdade\IniciacaoCientifica\grn\.env\Lib\site-packages\pandas\core\dtypes\concat.py
fn=concat_compat
52 20800
cfl=C:\Users\Pedro\AppData\Local\Python\pythoncore-3.14-64\Lib\typing.py
cfn=cast
calls=12 2300
52 1200
cfl=c:\Users\Pedro\faculdade\IniciacaoCientifica\grn\.env\Lib\site-packages\numpy\_core\multiarray.py
cfn=concatenate
calls=12 197
52 1000
cfl=~
cfn=<built-in method builtins.isinstance>
calls=12 0
52 1000
cfl=~
cfn=<built-in method builtins.len>
calls=12 0
52 1000

fl=c:\Users\Pedro\faculdade\IniciacaoCientifica\grn\.env\Lib\site-packages\pandas\core\dtypes\generic.py
fn=_check
38 53800
cfl=~
cfn=<built-in method builtins.getattr>
calls=251 0
38 24900

fl=c:\Users\Pedro\faculdade\IniciacaoCientifica\grn\.env\Lib\site-packages\pandas\core\dtypes\generic.py
fn=_instancecheck
43 58800
cfl=c:\Users\Pedro\faculdade\IniciacaoCientifica\grn\.env\Lib\site-packages\pandas\core\dtypes\generic.py
cfn=_check
calls=251 38
43 78700
cfl=~
cfn=<built-in method builtins.isinstance>
calls=24 0
43 2600

fl=c:\Users\Pedro\faculdade\IniciacaoCientifica\grn\.env\Lib\site-packages\pandas\core\dtypes\inference.py
fn=is_file_like
106 2800
cfl=~
cfn=<built-in method builtins.hasattr>
calls=8 0
106 1000

fl=c:\Users\Pedro\faculdade\IniciacaoCientifica\grn\.env\Lib\site-packages\pandas\core\dtypes\inference.py
fn=is_named_tuple
349 1000
cfl=~
cfn=<built-in method builtins.isinstance>
calls=2 0
349 1900

fl=c:\Users\Pedro\faculdade\IniciacaoCientifica\grn\.env\Lib\site-packages\pandas\core\dtypes\inference.py
fn=is_hashable
387 5800
cfl=~
cfn=<built-in method builtins.hash>
calls=17 0
387 2400

fl=c:\Users\Pedro\faculdade\IniciacaoCientifica\grn\.env\Lib\site-packages\pandas\core\dtypes\inference.py
fn=is_dataclass
485 3700
cfl=C:\Users\Pedro\AppData\Local\Python\pythoncore-3.14-64\Lib\dataclasses.py
cfn=is_dataclass
calls=2 1468
485 3300

fl=c:\Users\Pedro\faculdade\IniciacaoCientifica\grn\.env\Lib\site-packages\pandas\core\dtypes\missing.py
fn=isna
97 10600
cfl=c:\Users\Pedro\faculdade\IniciacaoCientifica\grn\.env\Lib\site-packages\pandas\core\dtypes\missing.py
cfn=_isna
calls=30 180
97 173100

fl=c:\Users\Pedro\faculdade\IniciacaoCientifica\grn\.env\Lib\site-packages\pandas\core\dtypes\missing.py
fn=_isna
180 26500
cfl=c:\Users\Pedro\faculdade\IniciacaoCientifica\grn\.env\Lib\site-packages\pandas\core\dtypes\missing.py
cfn=_isna_array
calls=30 223
180 124000
cfl=~
cfn=<built-in method builtins.isinstance>
calls=90 0
180 44000

fl=c:\Users\Pedro\faculdade\IniciacaoCientifica\grn\.env\Lib\site-packages\pandas\core\dtypes\missing.py
fn=_isna_array
223 40100
cfl=c:\Users\Pedro\faculdade\IniciacaoCientifica\grn\.env\Lib\site-packages\pandas\core\arrays\numpy_.py
cfn=dtype
calls=12 179
223 900
cfl=c:\Users\Pedro\faculdade\IniciacaoCientifica\grn\.env\Lib\site-packages\pandas\core\arrays\numpy_.py
cfn=isna
calls=12 283
223 90900
cfl=c:\Users\Pedro\faculdade\IniciacaoCientifica\grn\.env\Lib\site-packages\pandas\core\dtypes\common.py
cfn=is_string_or_object_np_dtype
calls=18 603
223 6600
cfl=c:\Users\Pedro\faculdade\IniciacaoCientifica\grn\.env\Lib\site-packages\pandas\core\dtypes\missing.py
cfn=_isna_string_dtype
calls=14 260
223 43600
cfl=~
cfn=<built-in method builtins.isinstance>
calls=48 0
223 3700

fl=c:\Users\Pedro\faculdade\IniciacaoCientifica\grn\.env\Lib\site-packages\pandas\core\dtypes\missing.py
fn=_isna_string_dtype
260 43600

fl=c:\Users\Pedro\faculdade\IniciacaoCientifica\grn\.env\Lib\site-packages\pandas\core\flags.py
fn=__init__
63 4700

fl=c:\Users\Pedro\faculdade\IniciacaoCientifica\grn\.env\Lib\site-packages\pandas\core\flags.py
fn=allows_duplicate_labels:67
67 400

fl=c:\Users\Pedro\faculdade\IniciacaoCientifica\grn\.env\Lib\site-packages\pandas\core\flags.py
fn=allows_duplicate_labels:99
99 1300

fl=c:\Users\Pedro\faculdade\IniciacaoCientifica\grn\.env\Lib\site-packages\pandas\core\frame.py
fn=_constructor_from_mgr
667 3800
cfl=c:\Users\Pedro\faculdade\IniciacaoCientifica\grn\.env\Lib\site-packages\pandas\core\generic.py
cfn=_from_mgr
calls=4 294
667 13200

fl=c:\Users\Pedro\faculdade\IniciacaoCientifica\grn\.env\Lib\site-packages\pandas\core\frame.py
fn=__init__
702 37500
cfl=c:\Users\Pedro\faculdade\IniciacaoCientifica\grn\.env\Lib\site-packages\pandas\core\dtypes\inference.py
cfn=is_dataclass
calls=2 485
702 7000
cfl=c:\Users\Pedro\faculdade\IniciacaoCientifica\grn\.env\Lib\site-packages\pandas\core\generic.py
cfn=__init__
calls=3 258
702 10500
cfl=c:\Users\Pedro\faculdade\IniciacaoCientifica\grn\.env\Lib\site-packages\pandas\core\internals\construction.py
cfn=arrays_to_mgr
calls=2 96
702 491600
cfl=c:\Users\Pedro\faculdade\IniciacaoCientifica\grn\.env\Lib\site-packages\pandas\core\internals\construction.py
cfn=dict_to_mgr
calls=1 375
702 532800
cfl=c:\Users\Pedro\faculdade\IniciacaoCientifica\grn\.env\Lib\site-packages\pandas\core\internals\construction.py
cfn=nested_data_to_arrays
calls=2 463
702 674200
cfl=c:\Users\Pedro\faculdade\IniciacaoCientifica\grn\.env\Lib\site-packages\pandas\core\internals\construction.py
cfn=treat_as_nested
calls=2 489
702 5900
cfl=~
cfn=<built-in method builtins.isinstance>
calls=30 0
702 7600
cfl=~
cfn=<built-in method builtins.len>
calls=2 0
702 400

fl=c:\Users\Pedro\faculdade\IniciacaoCientifica\grn\.env\Lib\site-packages\pandas\core\frame.py
fn=_get_values_for_csv
1386 3300
cfl=c:\Users\Pedro\faculdade\IniciacaoCientifica\grn\.env\Lib\site-packages\pandas\core\frame.py
cfn=_constructor_from_mgr
calls=2 667
1386 6700
cfl=c:\Users\Pedro\faculdade\IniciacaoCientifica\grn\.env\Lib\site-packages\pandas\core\internals\managers.py
cfn=get_values_for_csv
calls=2 622
1386 645200

fl=c:\Users\Pedro\faculdade\IniciacaoCientifica\grn\.env\Lib\site-packages\pandas\core\frame.py
fn=_get_column_array
4316 6400
cfl=c:\Users\Pedro\faculdade\IniciacaoCientifica\grn\.env\Lib\site-packages\pandas\core\internals\managers.py
cfn=iget_values
calls=24 1227
4316 55800

fl=c:\Users\Pedro\faculdade\IniciacaoCientifica\grn\.env\Lib\site-packages\pandas\core\frame.py
fn=_iter_column_arrays
4326 8500
cfl=c:\Users\Pedro\faculdade\IniciacaoCientifica\grn\.env\Lib\site-packages\pandas\core\frame.py
cfn=_get_column_array
calls=24 4316
4326 62200
cfl=~
cfn=<built-in method builtins.len>
calls=2 0
4326 2000

fl=c:\Users\Pedro\faculdade\IniciacaoCientifica\grn\.env\Lib\site-packages\pandas\core\generic.py
fn=__init__
258 15400
cfl=c:\Users\Pedro\faculdade\IniciacaoCientifica\grn\.env\Lib\site-packages\pandas\core\flags.py
cfn=__init__
calls=7 63
258 4700

fl=c:\Users\Pedro\faculdade\IniciacaoCientifica\grn\.env\Lib\site-packages\pandas\core\generic.py
fn=_from_mgr
294 2800
cfl=c:\Users\Pedro\faculdade\IniciacaoCientifica\grn\.env\Lib\site-packages\pandas\core\generic.py
cfn=__init__
calls=4 258
294 9600
cfl=~
cfn=<built-in method __new__ of type object at 0x00007FFE69354D90>
calls=4 0
294 800

fl=c:\Users\Pedro\faculdade\IniciacaoCientifica\grn\.env\Lib\site-packages\pandas\core\generic.py
fn=attrs
318 200

fl=c:\Users\Pedro\faculdade\IniciacaoCientifica\grn\.env\Lib\site-packages\pandas\core\generic.py
fn=flags
360 700

fl=c:\Users\Pedro\faculdade\IniciacaoCientifica\grn\.env\Lib\site-packages\pandas\core\generic.py
fn=_get_axis_number
519 1200

fl=c:\Users\Pedro\faculdade\IniciacaoCientifica\grn\.env\Lib\site-packages\pandas\core\generic.py
fn=_get_axis
535 3200
cfl=c:\Users\Pedro\faculdade\IniciacaoCientifica\grn\.env\Lib\site-packages\pandas\core\generic.py
cfn=_get_axis_number
calls=2 519
535 1000

fl=c:\Users\Pedro\faculdade\IniciacaoCientifica\grn\.env\Lib\site-packages\pandas\core\generic.py
fn=_get_block_manager_axis
541 1800
cfl=c:\Users\Pedro\faculdade\IniciacaoCientifica\grn\.env\Lib\site-packages\pandas\core\generic.py
cfn=_get_axis_number
calls=2 519
541 200

fl=c:\Users\Pedro\faculdade\IniciacaoCientifica\grn\.env\Lib\site-packages\pandas\core\generic.py
fn=to_csv
3795 20500
cfl=c:\Users\Pedro\faculdade\IniciacaoCientifica\grn\.env\Lib\site-packages\pandas\io\formats\format.py
cfn=__init__:425
calls=2 425
3795 74200
cfl=c:\Users\Pedro\faculdade\IniciacaoCientifica\grn\.env\Lib\site-packages\pandas\io\formats\format.py
cfn=__init__:892
calls=2 892
3795 700
cfl=c:\Users\Pedro\faculdade\IniciacaoCientifica\grn\.env\Lib\site-packages\pandas\io\formats\format.py
cfn=to_csv
calls=2 976
3795 3020900
cfl=~
cfn=<built-in method builtins.isinstance>
calls=2 0
3795 3800

fl=c:\Users\Pedro\faculdade\IniciacaoCientifica\grn\.env\Lib\site-packages\pandas\core\generic.py
fn=_slice
4308 36500
cfl=c:\Users\Pedro\faculdade\IniciacaoCientifica\grn\.env\Lib\site-packages\pandas\core\frame.py
cfn=_constructor_from_mgr
calls=2 667
4308 10300
cfl=c:\Users\Pedro\faculdade\IniciacaoCientifica\grn\.env\Lib\site-packages\pandas\core\generic.py
cfn=_get_block_manager_axis
calls=2 541
4308 2000
cfl=c:\Users\Pedro\faculdade\IniciacaoCientifica\grn\.env\Lib\site-packages\pandas\core\generic.py
cfn=__finalize__
calls=2 6131
4308 12300
cfl=c:\Users\Pedro\faculdade\IniciacaoCientifica\grn\.env\Lib\site-packages\pandas\core\indexes\base.py
cfn=view
calls=2 1033
4308 14100
cfl=c:\Users\Pedro\faculdade\IniciacaoCientifica\grn\.env\Lib\site-packages\pandas\core\indexes\range.py
cfn=_getitem_slice
calls=2 1311
4308 6400
cfl=c:\Users\Pedro\faculdade\IniciacaoCientifica\grn\.env\Lib\site-packages\pandas\core\internals\blocks.py
cfn=slice_block_rows
calls=10 2081
4308 85500
cfl=c:\Users\Pedro\faculdade\IniciacaoCientifica\grn\.env\Lib\site-packages\pandas\core\internals\managers.py
cfn=__init__
calls=2 1095
4308 300
cfl=~
cfn=<built-in method builtins.isinstance>
calls=2 0
4308 200

fl=c:\Users\Pedro\faculdade\IniciacaoCientifica\grn\.env\Lib\site-packages\pandas\core\generic.py
fn=__finalize__
6131 9500
cfl=c:\Users\Pedro\faculdade\IniciacaoCientifica\grn\.env\Lib\site-packages\pandas\core\flags.py
cfn=allows_duplicate_labels:67
calls=4 67
6131 400
cfl=c:\Users\Pedro\faculdade\IniciacaoCientifica\grn\.env\Lib\site-packages\pandas\core\flags.py
cfn=allows_duplicate_labels:99
calls=2 99
6131 1300
cfl=c:\Users\Pedro\faculdade\IniciacaoCientifica\grn\.env\Lib\site-packages\pandas\core\generic.py
cfn=attrs
calls=2 318
6131 200
cfl=c:\Users\Pedro\faculdade\IniciacaoCientifica\grn\.env\Lib\site-packages\pandas\core\generic.py
cfn=flags
calls=6 360
6131 700
cfl=~
cfn=<built-in method builtins.isinstance>
calls=2 0
6131 200

fl=c:\Users\Pedro\faculdade\IniciacaoCientifica\grn\.env\Lib\site-packages\pandas\core\indexers\utils.py
fn=getitem_returns_view
416 18100
cfl=c:\Users\Pedro\faculdade\IniciacaoCientifica\grn\.env\Lib\site-packages\pandas\core\indexers\utils.py
cfn=<genexpr>:425
calls=20 425
416 3900
cfl=c:\Users\Pedro\faculdade\IniciacaoCientifica\grn\.env\Lib\site-packages\pandas\core\indexers\utils.py
cfn=<genexpr>:432
calls=20 432
416 4100
cfl=~
cfn=<built-in method builtins.isinstance>
calls=10 0
416 1000

fl=c:\Users\Pedro\faculdade\IniciacaoCientifica\grn\.env\Lib\site-packages\pandas\core\indexers\utils.py
fn=<genexpr>:425
425 3900

fl=c:\Users\Pedro\faculdade\IniciacaoCientifica\grn\.env\Lib\site-packages\pandas\core\indexers\utils.py
fn=<genexpr>:432
432 3500
cfl=~
cfn=<built-in method builtins.isinstance>
calls=10 0
432 600

fl=c:\Users\Pedro\faculdade\IniciacaoCientifica\grn\.env\Lib\site-packages\pandas\core\indexers\utils.py
fn=check_array_indexer
441 6600

fl=c:\Users\Pedro\faculdade\IniciacaoCientifica\grn\.env\Lib\site-packages\pandas\core\indexes\api.py
fn=default_index
340 3800
cfl=c:\Users\Pedro\faculdade\IniciacaoCientifica\grn\.env\Lib\site-packages\pandas\core\indexes\range.py
cfn=_simple_new
calls=2 236
340 4200

fl=c:\Users\Pedro\faculdade\IniciacaoCientifica\grn\.env\Lib\site-packages\pandas\core\indexes\base.py
fn=__new__
486 55400
cfl=c:\Users\Pedro\faculdade\IniciacaoCientifica\grn\.env\Lib\site-packages\pandas\core\arrays\numpy_.py
cfn=dtype
calls=8 179
486 1500
cfl=c:\Users\Pedro\faculdade\IniciacaoCientifica\grn\.env\Lib\site-packages\pandas\core\construction.py
cfn=ensure_wrapped_if_datetimelike
calls=4 495
486 1700
cfl=c:\Users\Pedro\faculdade\IniciacaoCientifica\grn\.env\Lib\site-packages\pandas\core\construction.py
cfn=sanitize_array
calls=4 531
486 270400
cfl=c:\Users\Pedro\faculdade\IniciacaoCientifica\grn\.env\Lib\site-packages\pandas\core\dtypes\common.py
cfn=is_ea_or_datetimelike_dtype
calls=8 1547
486 5200
cfl=c:\Users\Pedro\faculdade\IniciacaoCientifica\grn\.env\Lib\site-packages\pandas\core\indexes\base.py
cfn=<genexpr>
calls=2 555
486 1100
cfl=c:\Users\Pedro\faculdade\IniciacaoCientifica\grn\.env\Lib\site-packages\pandas\core\indexes\base.py
cfn=_ensure_array
calls=4 594
486 7500
cfl=c:\Users\Pedro\faculdade\IniciacaoCientifica\grn\.env\Lib\site-packages\pandas\core\indexes\base.py
cfn=_dtype_to_subclass
calls=4 612
486 16300
cfl=c:\Users\Pedro\faculdade\IniciacaoCientifica\grn\.env\Lib\site-packages\pandas\core\indexes\base.py
cfn=_simple_new
calls=4 652
486 15700
cfl=c:\Users\Pedro\faculdade\IniciacaoCientifica\grn\.env\Lib\site-packages\pandas\core\indexes\base.py
cfn=_maybe_copy_array_input
calls=4 5286
486 3000
cfl=c:\Users\Pedro\faculdade\IniciacaoCientifica\grn\.env\Lib\site-packages\pandas\core\indexes\base.py
cfn=maybe_extract_name
calls=4 8003
486 9700
cfl=~
cfn=<built-in method builtins.getattr>
calls=4 0
486 700
cfl=~
cfn=<built-in method builtins.hasattr>
calls=4 0
486 600
cfl=~
cfn=<built-in method builtins.isinstance>
calls=24 0
486 12000
cfl=~
cfn=<built-in method builtins.len>
calls=8 0
486 800

fl=c:\Users\Pedro\faculdade\IniciacaoCientifica\grn\.env\Lib\site-packages\pandas\core\indexes\base.py
fn=<genexpr>
555 1000
cfl=~
cfn=<built-in method builtins.isinstance>
calls=1 0
555 100

fl=c:\Users\Pedro\faculdade\IniciacaoCientifica\grn\.env\Lib\site-packages\pandas\core\indexes\base.py
fn=_ensure_array
594 4300
cfl=c:\Users\Pedro\faculdade\IniciacaoCientifica\grn\.env\Lib\site-packages\pandas\core\arrays\string_.py
cfn=__eq__
calls=4 236
594 3200

fl=c:\Users\Pedro\faculdade\IniciacaoCientifica\grn\.env\Lib\site-packages\pandas\core\indexes\base.py
fn=_dtype_to_subclass
612 6300
cfl=c:\Users\Pedro\faculdade\IniciacaoCientifica\grn\.env\Lib\site-packages\pandas\core\dtypes\base.py
cfn=index_class
calls=4 416
612 9700
cfl=~
cfn=<built-in method builtins.isinstance>
calls=4 0
612 300

fl=c:\Users\Pedro\faculdade\IniciacaoCientifica\grn\.env\Lib\site-packages\pandas\core\indexes\base.py
fn=_simple_new
652 19300
cfl=c:\Users\Pedro\faculdade\IniciacaoCientifica\grn\.env\Lib\site-packages\pandas\core\indexes\base.py
cfn=_reset_identity
calls=8 837
652 3800
cfl=~
cfn=<built-in method __new__ of type object at 0x00007FFE69354D90>
calls=8 0
652 2400
cfl=~
cfn=<built-in method builtins.isinstance>
calls=8 0
652 1300

fl=c:\Users\Pedro\faculdade\IniciacaoCientifica\grn\.env\Lib\site-packages\pandas\core\indexes\base.py
fn=_view
779 7200
cfl=c:\Users\Pedro\faculdade\IniciacaoCientifica\grn\.env\Lib\site-packages\pandas\core\indexes\base.py
cfn=_simple_new
calls=4 652
779 11100
cfl=c:\Users\Pedro\faculdade\IniciacaoCientifica\grn\.env\Lib\site-packages\pandas\core\indexes\base.py
cfn=_values
calls=4 5101
779 500

fl=c:\Users\Pedro\faculdade\IniciacaoCientifica\grn\.env\Lib\site-packages\pandas\core\indexes\base.py
fn=_reset_identity
837 6400

fl=c:\Users\Pedro\faculdade\IniciacaoCientifica\grn\.env\Lib\site-packages\pandas\core\indexes\base.py
fn=_engine
849 13200
cfl=C:\Users\Pedro\AppData\Local\Python\pythoncore-3.14-64\Lib\typing.py
cfn=cast
calls=1 2300
849 100
cfl=c:\Users\Pedro\faculdade\IniciacaoCientifica\grn\.env\Lib\site-packages\pandas\core\arrays\string_.py
cfn=na_value
calls=1 150
849 100
cfl=c:\Users\Pedro\faculdade\IniciacaoCientifica\grn\.env\Lib\site-packages\pandas\core\dtypes\common.py
cfn=is_object_dtype
calls=1 142
849 8700
cfl=c:\Users\Pedro\faculdade\IniciacaoCientifica\grn\.env\Lib\site-packages\pandas\core\dtypes\common.py
cfn=is_string_dtype
calls=1 610
849 8900
cfl=c:\Users\Pedro\faculdade\IniciacaoCientifica\grn\.env\Lib\site-packages\pandas\core\dtypes\common.py
cfn=needs_i8_conversion
calls=1 1204
849 1000
cfl=c:\Users\Pedro\faculdade\IniciacaoCientifica\grn\.env\Lib\site-packages\pandas\core\indexes\base.py
cfn=dtype
calls=1 986
849 400
cfl=c:\Users\Pedro\faculdade\IniciacaoCientifica\grn\.env\Lib\site-packages\pandas\core\indexes\base.py
cfn=_values
calls=1 5101
849 100
cfl=c:\Users\Pedro\faculdade\IniciacaoCientifica\grn\.env\Lib\site-packages\pandas\core\indexes\base.py
cfn=_get_engine_target
calls=1 5127
849 700
cfl=~
cfn=<built-in method builtins.isinstance>
calls=2 0
849 200

fl=c:\Users\Pedro\faculdade\IniciacaoCientifica\grn\.env\Lib\site-packages\pandas\core\indexes\base.py
fn=__len__
918 2500
cfl=~
cfn=<built-in method builtins.len>
calls=10 0
918 1700

fl=c:\Users\Pedro\faculdade\IniciacaoCientifica\grn\.env\Lib\site-packages\pandas\core\indexes\base.py
fn=dtype
986 300
cfl=c:\Users\Pedro\faculdade\IniciacaoCientifica\grn\.env\Lib\site-packages\pandas\core\arrays\numpy_.py
cfn=dtype
calls=1 179
986 100

fl=c:\Users\Pedro\faculdade\IniciacaoCientifica\grn\.env\Lib\site-packages\pandas\core\indexes\base.py
fn=view
1033 6100
cfl=c:\Users\Pedro\faculdade\IniciacaoCientifica\grn\.env\Lib\site-packages\pandas\core\indexes\base.py
cfn=_view
calls=4 779
1033 18800
cfl=c:\Users\Pedro\faculdade\IniciacaoCientifica\grn\.env\Lib\site-packages\pandas\core\indexes\range.py
cfn=_view
calls=2 620
1033 4000
cfl=~
cfn=<built-in method builtins.isinstance>
calls=6 0
1033 700

fl=c:\Users\Pedro\faculdade\IniciacaoCientifica\grn\.env\Lib\site-packages\pandas\core\indexes\base.py
fn=_get_values_for_csv
1574 8700
cfl=c:\Users\Pedro\faculdade\IniciacaoCientifica\grn\.env\Lib\site-packages\pandas\core\indexes\base.py
cfn=_values
calls=2 5101
1574 200
cfl=c:\Users\Pedro\faculdade\IniciacaoCientifica\grn\.env\Lib\site-packages\pandas\core\indexes\base.py
cfn=get_values_for_csv
calls=2 8085
1574 161100

fl=c:\Users\Pedro\faculdade\IniciacaoCientifica\grn\.env\Lib\site-packages\pandas\core\indexes\base.py
fn=name
1779 500

fl=c:\Users\Pedro\faculdade\IniciacaoCientifica\grn\.env\Lib\site-packages\pandas\core\indexes\base.py
fn=get_loc
3601 18700
cfl=c:\Users\Pedro\faculdade\IniciacaoCientifica\grn\.env\Lib\site-packages\pandas\core\indexes\base.py
cfn=_engine
calls=1 849
3601 33400
cfl=c:\Users\Pedro\faculdade\IniciacaoCientifica\grn\.env\Lib\site-packages\pandas\core\indexes\base.py
cfn=_maybe_cast_indexer
calls=12 6814
3601 2300

fl=c:\Users\Pedro\faculdade\IniciacaoCientifica\grn\.env\Lib\site-packages\pandas\core\indexes\base.py
fn=_validate_positional_slice
4034 3200
cfl=c:\Users\Pedro\faculdade\IniciacaoCientifica\grn\.env\Lib\site-packages\pandas\core\indexes\base.py
cfn=_validate_indexer
calls=6 6852
4034 3300

fl=c:\Users\Pedro\faculdade\IniciacaoCientifica\grn\.env\Lib\site-packages\pandas\core\indexes\base.py
fn=_values
5101 1200

fl=c:\Users\Pedro\faculdade\IniciacaoCientifica\grn\.env\Lib\site-packages\pandas\core\indexes\base.py
fn=_get_engine_target
5127 500
cfl=c:\Users\Pedro\faculdade\IniciacaoCientifica\grn\.env\Lib\site-packages\pandas\core\indexes\base.py
cfn=_values
calls=1 5101
5127 100
cfl=~
cfn=<built-in method builtins.isinstance>
calls=1 0
5127 100

fl=c:\Users\Pedro\faculdade\IniciacaoCientifica\grn\.env\Lib\site-packages\pandas\core\indexes\base.py
fn=_maybe_copy_array_input
5286 2500
cfl=~
cfn=<built-in method builtins.isinstance>
calls=4 0
5286 500

fl=c:\Users\Pedro\faculdade\IniciacaoCientifica\grn\.env\Lib\site-packages\pandas\core\indexes\base.py
fn=_maybe_cast_indexer
6814 2300

fl=c:\Users\Pedro\faculdade\IniciacaoCientifica\grn\.env\Lib\site-packages\pandas\core\indexes\base.py
fn=_validate_indexer
6852 3300

fl=c:\Users\Pedro\faculdade\IniciacaoCientifica\grn\.env\Lib\site-packages\pandas\core\indexes\base.py
fn=ensure_index
7919 30200
cfl=c:\Users\Pedro\faculdade\IniciacaoCientifica\grn\.env\Lib\site-packages\pandas\core\dtypes\generic.py
cfn=_instancecheck
calls=6 43
7919 4900
cfl=c:\Users\Pedro\faculdade\IniciacaoCientifica\grn\.env\Lib\site-packages\pandas\core\indexes\base.py
cfn=__new__
calls=4 486
7919 401600
cfl=~
cfn=<built-in method builtins.isinstance>
calls=21 0
7919 9300

fl=c:\Users\Pedro\faculdade\IniciacaoCientifica\grn\.env\Lib\site-packages\pandas\core\indexes\base.py
fn=maybe_extract_name
8003 5000
cfl=c:\Users\Pedro\faculdade\IniciacaoCientifica\grn\.env\Lib\site-packages\pandas\core\dtypes\inference.py
cfn=is_hashable
calls=5 387
8003 2600
cfl=~
cfn=<built-in method builtins.isinstance>
calls=5 0
8003 5300

fl=c:\Users\Pedro\faculdade\IniciacaoCientifica\grn\.env\Lib\site-packages\pandas\core\indexes\base.py
fn=get_values_for_csv
8085 70100
cfl=c:\Users\Pedro\faculdade\IniciacaoCientifica\grn\.env\Lib\site-packages\pandas\core\arrays\numpy_.py
cfn=dtype
calls=36 179
8085 3900
cfl=c:\Users\Pedro\faculdade\IniciacaoCientifica\grn\.env\Lib\site-packages\pandas\core\arrays\string_.py
cfn=astype
calls=12 915
8085 361200
cfl=c:\Users\Pedro\faculdade\IniciacaoCientifica\grn\.env\Lib\site-packages\pandas\core\construction.py
cfn=ensure_wrapped_if_datetimelike
calls=18 495
8085 8700
cfl=c:\Users\Pedro\faculdade\IniciacaoCientifica\grn\.env\Lib\site-packages\pandas\core\dtypes\base.py
cfn=kind
calls=12 181
8085 1200
cfl=c:\Users\Pedro\faculdade\IniciacaoCientifica\grn\.env\Lib\site-packages\pandas\core\dtypes\missing.py
cfn=isna
calls=18 97
8085 180500
cfl=~
cfn=<built-in method builtins.isinstance>
calls=90 0
8085 9700
cfl=~
cfn=<built-in method numpy.array>
calls=6 0
8085 10600
cfl=~
cfn=<built-in method numpy.asarray>
calls=12 0
8085 2300
cfl=~
cfn=<method 'astype' of 'numpy.ndarray' objects>
calls=6 0
8085 2000

fl=c:\Users\Pedro\faculdade\IniciacaoCientifica\grn\.env\Lib\site-packages\pandas\core\indexes\range.py
fn=__new__
151 8100
cfl=c:\Users\Pedro\faculdade\IniciacaoCientifica\grn\.env\Lib\site-packages\pandas\core\common.py
cfn=all_none
calls=1 197
151 2400
cfl=c:\Users\Pedro\faculdade\IniciacaoCientifica\grn\.env\Lib\site-packages\pandas\core\dtypes\common.py
cfn=ensure_python_int
calls=2 96
151 1100
cfl=c:\Users\Pedro\faculdade\IniciacaoCientifica\grn\.env\Lib\site-packages\pandas\core\indexes\base.py
cfn=maybe_extract_name
calls=1 8003
151 3200
cfl=c:\Users\Pedro\faculdade\IniciacaoCientifica\grn\.env\Lib\site-packages\pandas\core\indexes\range.py
cfn=_simple_new
calls=1 236
151 2300
cfl=c:\Users\Pedro\faculdade\IniciacaoCientifica\grn\.env\Lib\site-packages\pandas\core\indexes\range.py
cfn=_validate_dtype
calls=1 251
151 200
cfl=~
cfn=<built-in method builtins.isinstance>
calls=2 0
151 200

fl=c:\Users\Pedro\faculdade\IniciacaoCientifica\grn\.env\Lib\site-packages\pandas\core\indexes\range.py
fn=_simple_new
236 6700
cfl=c:\Users\Pedro\faculdade\IniciacaoCientifica\grn\.env\Lib\site-packages\pandas\core\indexes\base.py
cfn=_reset_identity
calls=7 837
236 2600
cfl=~
cfn=<built-in method __new__ of type object at 0x00007FFE69354D90>
calls=7 0
236 2300
cfl=~
cfn=<built-in method builtins.isinstance>
calls=7 0
236 300

fl=c:\Users\Pedro\faculdade\IniciacaoCientifica\grn\.env\Lib\site-packages\pandas\core\indexes\range.py
fn=_validate_dtype
251 200

fl=c:\Users\Pedro\faculdade\IniciacaoCientifica\grn\.env\Lib\site-packages\pandas\core\indexes\range.py
fn=_view
620 1400
cfl=c:\Users\Pedro\faculdade\IniciacaoCientifica\grn\.env\Lib\site-packages\pandas\core\indexes\range.py
cfn=_simple_new
calls=2 236
620 2600

fl=c:\Users\Pedro\faculdade\IniciacaoCientifica\grn\.env\Lib\site-packages\pandas\core\indexes\range.py
fn=__len__
1265 14300
cfl=~
cfn=<built-in method builtins.len>
calls=76 0
1265 5700

fl=c:\Users\Pedro\faculdade\IniciacaoCientifica\grn\.env\Lib\site-packages\pandas\core\indexes\range.py
fn=_getitem_slice
1311 3600
cfl=c:\Users\Pedro\faculdade\IniciacaoCientifica\grn\.env\Lib\site-packages\pandas\core\indexes\range.py
cfn=_simple_new
calls=2 236
1311 2800

fl=c:\Users\Pedro\faculdade\IniciacaoCientifica\grn\.env\Lib\site-packages\pandas\core\indexing.py
fn=iloc
159 2500

fl=c:\Users\Pedro\faculdade\IniciacaoCientifica\grn\.env\Lib\site-packages\pandas\core\indexing.py
fn=_raise_callable_usage
1184 1400
cfl=~
cfn=<built-in method builtins.callable>
calls=2 0
1184 100

fl=c:\Users\Pedro\faculdade\IniciacaoCientifica\grn\.env\Lib\site-packages\pandas\core\indexing.py
fn=__getitem__
1192 12300
cfl=c:\Users\Pedro\faculdade\IniciacaoCientifica\grn\.env\Lib\site-packages\pandas\core\common.py
cfn=apply_if_callable
calls=2 377
1192 1700
cfl=c:\Users\Pedro\faculdade\IniciacaoCientifica\grn\.env\Lib\site-packages\pandas\core\indexing.py
cfn=_raise_callable_usage
calls=2 1184
1192 1500
cfl=c:\Users\Pedro\faculdade\IniciacaoCientifica\grn\.env\Lib\site-packages\pandas\core\indexing.py
cfn=_getitem_axis
calls=2 1740
1192 192500
cfl=c:\Users\Pedro\faculdade\IniciacaoCientifica\grn\.env\Lib\site-packages\pandas\core\indexing.py
cfn=check_dict_or_set_indexers
calls=2 2780
1192 3000

fl=c:\Users\Pedro\faculdade\IniciacaoCientifica\grn\.env\Lib\site-packages\pandas\core\indexing.py
fn=_getitem_axis
1740 3600
cfl=c:\Users\Pedro\faculdade\IniciacaoCientifica\grn\.env\Lib\site-packages\pandas\core\indexing.py
cfn=_get_slice_axis
calls=2 1777
1740 186600
cfl=~
cfn=<built-in method builtins.isinstance>
calls=4 0
1740 2300

fl=c:\Users\Pedro\faculdade\IniciacaoCientifica\grn\.env\Lib\site-packages\pandas\core\indexing.py
fn=_get_slice_axis
1777 7400
cfl=c:\Users\Pedro\faculdade\IniciacaoCientifica\grn\.env\Lib\site-packages\pandas\core\generic.py
cfn=_get_axis
calls=2 535
1777 4200
cfl=c:\Users\Pedro\faculdade\IniciacaoCientifica\grn\.env\Lib\site-packages\pandas\core\generic.py
cfn=_slice
calls=2 4308
1777 167600
cfl=c:\Users\Pedro\faculdade\IniciacaoCientifica\grn\.env\Lib\site-packages\pandas\core\indexes\base.py
cfn=_validate_positional_slice
calls=2 4034
1777 6500
cfl=c:\Users\Pedro\faculdade\IniciacaoCientifica\grn\.env\Lib\site-packages\pandas\core\indexing.py
cfn=need_slice
calls=2 2767
1777 900

fl=c:\Users\Pedro\faculdade\IniciacaoCientifica\grn\.env\Lib\site-packages\pandas\core\indexing.py
fn=need_slice
2767 900

fl=c:\Users\Pedro\faculdade\IniciacaoCientifica\grn\.env\Lib\site-packages\pandas\core\indexing.py
fn=check_dict_or_set_indexers
2780 2100
cfl=~
cfn=<built-in method builtins.isinstance>
calls=8 0
2780 900

fl=c:\Users\Pedro\faculdade\IniciacaoCientifica\grn\.env\Lib\site-packages\pandas\core\internals\blocks.py
fn=is_extension
168 12600
cfl=c:\Users\Pedro\faculdade\IniciacaoCientifica\grn\.env\Lib\site-packages\pandas\core\arrays\numpy_.py
cfn=dtype
calls=20 179
168 2100

fl=c:\Users\Pedro\faculdade\IniciacaoCientifica\grn\.env\Lib\site-packages\pandas\core\internals\blocks.py
fn=_can_consolidate
173 5600
cfl=c:\Users\Pedro\faculdade\IniciacaoCientifica\grn\.env\Lib\site-packages\pandas\core\internals\blocks.py
cfn=is_extension
calls=16 168
173 7000

fl=c:\Users\Pedro\faculdade\IniciacaoCientifica\grn\.env\Lib\site-packages\pandas\core\internals\blocks.py
fn=make_block
228 20100
cfl=c:\Users\Pedro\faculdade\IniciacaoCientifica\grn\.env\Lib\site-packages\pandas\core\internals\blocks.py
cfn=is_extension
calls=16 168
228 7700
cfl=c:\Users\Pedro\faculdade\IniciacaoCientifica\grn\.env\Lib\site-packages\pandas\core\internals\blocks.py
cfn=new_block
calls=16 2258
228 25600
cfl=c:\Users\Pedro\faculdade\IniciacaoCientifica\grn\.env\Lib\site-packages\pandas\core\internals\blocks.py
cfn=ensure_block_shape
calls=10 2352
228 17900

fl=c:\Users\Pedro\faculdade\IniciacaoCientifica\grn\.env\Lib\site-packages\pandas\core\internals\blocks.py
fn=dtype
573 700

fl=c:\Users\Pedro\faculdade\IniciacaoCientifica\grn\.env\Lib\site-packages\pandas\core\internals\blocks.py
fn=get_values_for_csv
624 14900
cfl=c:\Users\Pedro\faculdade\IniciacaoCientifica\grn\.env\Lib\site-packages\pandas\core\indexes\base.py
cfn=get_values_for_csv
calls=16 8085
624 489100
cfl=c:\Users\Pedro\faculdade\IniciacaoCientifica\grn\.env\Lib\site-packages\pandas\core\internals\blocks.py
cfn=make_block
calls=16 228
624 71300

fl=c:\Users\Pedro\faculdade\IniciacaoCientifica\grn\.env\Lib\site-packages\pandas\core\internals\blocks.py
fn=iget
961 6200

fl=c:\Users\Pedro\faculdade\IniciacaoCientifica\grn\.env\Lib\site-packages\pandas\core\internals\blocks.py
fn=slice_block_rows
2081 19200
cfl=c:\Users\Pedro\faculdade\IniciacaoCientifica\grn\.env\Lib\site-packages\pandas\core\arrays\_mixins.py
cfn=__getitem__
calls=10 287
2081 66300

fl=c:\Users\Pedro\faculdade\IniciacaoCientifica\grn\.env\Lib\site-packages\pandas\core\internals\blocks.py
fn=maybe_coerce_values
2187 7100
cfl=c:\Users\Pedro\faculdade\IniciacaoCientifica\grn\.env\Lib\site-packages\pandas\core\construction.py
cfn=ensure_wrapped_if_datetimelike
calls=7 495
2187 2700
cfl=~
cfn=<built-in method builtins.isinstance>
calls=24 0
2187 2500
cfl=~
cfn=<built-in method builtins.issubclass>
calls=7 0
2187 800

fl=c:\Users\Pedro\faculdade\IniciacaoCientifica\grn\.env\Lib\site-packages\pandas\core\internals\blocks.py
fn=get_block_type
2216 22000
cfl=~
cfn=<built-in method builtins.isinstance>
calls=132 0
2216 10300

fl=c:\Users\Pedro\faculdade\IniciacaoCientifica\grn\.env\Lib\site-packages\pandas\core\internals\blocks.py
fn=new_block_2d
2245 12700
cfl=c:\Users\Pedro\faculdade\IniciacaoCientifica\grn\.env\Lib\site-packages\pandas\core\arrays\numpy_.py
cfn=dtype
calls=5 179
2245 400
cfl=c:\Users\Pedro\faculdade\IniciacaoCientifica\grn\.env\Lib\site-packages\pandas\core\internals\blocks.py
cfn=maybe_coerce_values
calls=12 2187
2245 13100
cfl=c:\Users\Pedro\faculdade\IniciacaoCientifica\grn\.env\Lib\site-packages\pandas\core\internals\blocks.py
cfn=get_block_type
calls=12 2216
2245 7600

fl=c:\Users\Pedro\faculdade\IniciacaoCientifica\grn\.env\Lib\site-packages\pandas\core\internals\blocks.py
fn=new_block
2258 13200
cfl=c:\Users\Pedro\faculdade\IniciacaoCientifica\grn\.env\Lib\site-packages\pandas\core\internals\blocks.py
cfn=get_block_type
calls=16 2216
2258 12400

fl=c:\Users\Pedro\faculdade\IniciacaoCientifica\grn\.env\Lib\site-packages\pandas\core\internals\blocks.py
fn=extend_blocks
2336 9300
cfl=~
cfn=<built-in method builtins.isinstance>
calls=32 0
2336 2800
cfl=~
cfn=<method 'append' of 'list' objects>
calls=16 0
2336 3000

fl=c:\Users\Pedro\faculdade\IniciacaoCientifica\grn\.env\Lib\site-packages\pandas\core\internals\blocks.py
fn=ensure_block_shape
2352 15900
cfl=C:\Users\Pedro\AppData\Local\Python\pythoncore-3.14-64\Lib\typing.py
cfn=cast
calls=17 2300
2352 1200
cfl=c:\Users\Pedro\faculdade\IniciacaoCientifica\grn\.env\Lib\site-packages\pandas\core\arrays\numpy_.py
cfn=dtype
calls=5 179
2352 600
cfl=c:\Users\Pedro\faculdade\IniciacaoCientifica\grn\.env\Lib\site-packages\pandas\core\dtypes\common.py
cfn=is_1d_only_ea_dtype
calls=22 1473
2352 8100
cfl=~
cfn=<method 'reshape' of 'numpy.ndarray' objects>
calls=17 0
2352 7700

fl=c:\Users\Pedro\faculdade\IniciacaoCientifica\grn\.env\Lib\site-packages\pandas\core\internals\construction.py
fn=arrays_to_mgr
96 10500
cfl=c:\Users\Pedro\faculdade\IniciacaoCientifica\grn\.env\Lib\site-packages\pandas\core\indexes\base.py
cfn=ensure_index
calls=6 7919
96 1900
cfl=c:\Users\Pedro\faculdade\IniciacaoCientifica\grn\.env\Lib\site-packages\pandas\core\internals\construction.py
cfn=_homogenize
calls=3 553
96 500000
cfl=c:\Users\Pedro\faculdade\IniciacaoCientifica\grn\.env\Lib\site-packages\pandas\core\internals\managers.py
cfn=create_block_manager_from_column_arrays
calls=3 2319
96 263000
cfl=~
cfn=<built-in method builtins.len>
calls=6 0
96 2200

fl=c:\Users\Pedro\faculdade\IniciacaoCientifica\grn\.env\Lib\site-packages\pandas\core\internals\construction.py
fn=dict_to_mgr
375 16300
cfl=c:\Users\Pedro\faculdade\IniciacaoCientifica\grn\.env\Lib\site-packages\pandas\core\arrays\base.py
cfn=__iter__
calls=13 559
375 12000
cfl=c:\Users\Pedro\faculdade\IniciacaoCientifica\grn\.env\Lib\site-packages\pandas\core\base.py
cfn=__iter__
calls=1 931
375 3000
cfl=c:\Users\Pedro\faculdade\IniciacaoCientifica\grn\.env\Lib\site-packages\pandas\core\indexes\base.py
cfn=get_loc
calls=12 3601
375 54400
cfl=c:\Users\Pedro\faculdade\IniciacaoCientifica\grn\.env\Lib\site-packages\pandas\core\indexes\base.py
cfn=ensure_index
calls=3 7919
375 159700
cfl=c:\Users\Pedro\faculdade\IniciacaoCientifica\grn\.env\Lib\site-packages\pandas\core\internals\construction.py
cfn=arrays_to_mgr
calls=1 96
375 286000
cfl=~
cfn=<built-in method builtins.len>
calls=1 0
375 1000
cfl=~
cfn=<method 'keys' of 'dict' objects>
calls=1 0
375 200
cfl=~
cfn=<method 'values' of 'dict' objects>
calls=1 0
375 200

fl=c:\Users\Pedro\faculdade\IniciacaoCientifica\grn\.env\Lib\site-packages\pandas\core\internals\construction.py
fn=nested_data_to_arrays
463 10200
cfl=c:\Users\Pedro\faculdade\IniciacaoCientifica\grn\.env\Lib\site-packages\pandas\core\dtypes\inference.py
cfn=is_named_tuple
calls=2 349
463 2900
cfl=c:\Users\Pedro\faculdade\IniciacaoCientifica\grn\.env\Lib\site-packages\pandas\core\indexes\api.py
cfn=default_index
calls=2 340
463 8000
cfl=c:\Users\Pedro\faculdade\IniciacaoCientifica\grn\.env\Lib\site-packages\pandas\core\indexes\base.py
cfn=ensure_index
calls=2 7919
463 700
cfl=c:\Users\Pedro\faculdade\IniciacaoCientifica\grn\.env\Lib\site-packages\pandas\core\internals\construction.py
cfn=to_arrays
calls=2 759
463 649700
cfl=~
cfn=<built-in method builtins.isinstance>
calls=2 0
463 2500
cfl=~
cfn=<built-in method builtins.len>
calls=2 0
463 200

fl=c:\Users\Pedro\faculdade\IniciacaoCientifica\grn\.env\Lib\site-packages\pandas\core\internals\construction.py
fn=treat_as_nested
489 5200
cfl=~
cfn=<built-in method builtins.getattr>
calls=2 0
489 300
cfl=~
cfn=<built-in method builtins.isinstance>
calls=2 0
489 200
cfl=~
cfn=<built-in method builtins.len>
calls=2 0
489 200

fl=c:\Users\Pedro\faculdade\IniciacaoCientifica\grn\.env\Lib\site-packages\pandas\core\internals\construction.py
fn=_homogenize
553 40600
cfl=c:\Users\Pedro\faculdade\IniciacaoCientifica\grn\.env\Lib\site-packages\pandas\core\common.py
cfn=require_length_match
calls=36 596
553 30000
cfl=c:\Users\Pedro\faculdade\IniciacaoCientifica\grn\.env\Lib\site-packages\pandas\core\construction.py
cfn=sanitize_array
calls=36 531
553 386700
cfl=~
cfn=<built-in method builtins.isinstance>
calls=72 0
553 32200
cfl=~
cfn=<method 'append' of 'list' objects>
calls=72 0
553 10500

fl=c:\Users\Pedro\faculdade\IniciacaoCientifica\grn\.env\Lib\site-packages\pandas\core\internals\construction.py
fn=to_arrays
759 8900
cfl=c:\Users\Pedro\faculdade\IniciacaoCientifica\grn\.env\Lib\site-packages\pandas\core\internals\construction.py
cfn=_list_of_dict_to_arrays
calls=2 858
759 319100
cfl=c:\Users\Pedro\faculdade\IniciacaoCientifica\grn\.env\Lib\site-packages\pandas\core\internals\construction.py
cfn=_finalize_columns_and_data
calls=2 900
759 319200
cfl=~
cfn=<built-in method builtins.isinstance>
calls=6 0
759 2300
cfl=~
cfn=<built-in method builtins.len>
calls=2 0
759 200

fl=c:\Users\Pedro\faculdade\IniciacaoCientifica\grn\.env\Lib\site-packages\pandas\core\internals\construction.py
fn=_list_of_dict_to_arrays
858 28700
cfl=c:\Users\Pedro\faculdade\IniciacaoCientifica\grn\.env\Lib\site-packages\pandas\core\indexes\base.py
cfn=ensure_index
calls=2 7919
858 283700
cfl=c:\Users\Pedro\faculdade\IniciacaoCientifica\grn\.env\Lib\site-packages\pandas\core\internals\construction.py
cfn=<genexpr>:886
calls=4 886
858 4100
cfl=c:\Users\Pedro\faculdade\IniciacaoCientifica\grn\.env\Lib\site-packages\pandas\core\internals\construction.py
cfn=<genexpr>:887
calls=4 887
858 2600

fl=c:\Users\Pedro\faculdade\IniciacaoCientifica\grn\.env\Lib\site-packages\pandas\core\internals\construction.py
fn=<genexpr>:886
886 3700
cfl=~
cfn=<method 'keys' of 'dict' objects>
calls=2 0
886 400

fl=c:\Users\Pedro\faculdade\IniciacaoCientifica\grn\.env\Lib\site-packages\pandas\core\internals\construction.py
fn=<genexpr>:887
887 2600
cfl=~
cfn=<built-in method builtins.isinstance>
calls=2 0
887 0

fl=c:\Users\Pedro\faculdade\IniciacaoCientifica\grn\.env\Lib\site-packages\pandas\core\internals\construction.py
fn=_finalize_columns_and_data
900 14500
cfl=c:\Users\Pedro\faculdade\IniciacaoCientifica\grn\.env\Lib\site-packages\pandas\core\internals\construction.py
cfn=_validate_or_indexify_columns
calls=2 922
900 5000
cfl=c:\Users\Pedro\faculdade\IniciacaoCientifica\grn\.env\Lib\site-packages\pandas\core\internals\construction.py
cfn=convert_object_array
calls=2 977
900 299700

fl=c:\Users\Pedro\faculdade\IniciacaoCientifica\grn\.env\Lib\site-packages\pandas\core\internals\construction.py
fn=_validate_or_indexify_columns
922 1800
cfl=~
cfn=<built-in method builtins.isinstance>
calls=2 0
922 500
cfl=~
cfn=<built-in method builtins.len>
calls=4 0
922 2700

fl=c:\Users\Pedro\faculdade\IniciacaoCientifica\grn\.env\Lib\site-packages\pandas\core\internals\construction.py
fn=convert_object_array
977 9600
cfl=c:\Users\Pedro\faculdade\IniciacaoCientifica\grn\.env\Lib\site-packages\pandas\core\internals\construction.py
cfn=convert
calls=24 999
977 290100

fl=c:\Users\Pedro\faculdade\IniciacaoCientifica\grn\.env\Lib\site-packages\pandas\core\internals\construction.py
fn=convert
999 120300
cfl=c:\Users\Pedro\faculdade\IniciacaoCientifica\grn\.env\Lib\site-packages\numpy\_core\numeric.py
cfn=full
calls=44 323
999 61800
cfl=c:\Users\Pedro\faculdade\IniciacaoCientifica\grn\.env\Lib\site-packages\pandas\_config\__init__.py
cfn=using_string_dtype
calls=10 33
999 1400
cfl=c:\Users\Pedro\faculdade\IniciacaoCientifica\grn\.env\Lib\site-packages\pandas\core\arrays\string_.py
cfn=__init__
calls=10 197
999 56600
cfl=c:\Users\Pedro\faculdade\IniciacaoCientifica\grn\.env\Lib\site-packages\pandas\core\arrays\string_.py
cfn=construct_array_type
calls=10 312
999 9300
cfl=c:\Users\Pedro\faculdade\IniciacaoCientifica\grn\.env\Lib\site-packages\pandas\core\arrays\string_.py
cfn=_from_sequence
calls=10 756
999 38600
cfl=~
cfn=<built-in method builtins.isinstance>
calls=24 0
999 2100

fl=c:\Users\Pedro\faculdade\IniciacaoCientifica\grn\.env\Lib\site-packages\pandas\core\internals\managers.py
fn=shape
215 3200
cfl=c:\Users\Pedro\faculdade\IniciacaoCientifica\grn\.env\Lib\site-packages\pandas\core\internals\managers.py
cfn=<genexpr>
calls=6 217
215 4200

fl=c:\Users\Pedro\faculdade\IniciacaoCientifica\grn\.env\Lib\site-packages\pandas\core\internals\managers.py
fn=<genexpr>
217 1700
cfl=~
cfn=<built-in method builtins.len>
calls=4 0
217 2500

fl=c:\Users\Pedro\faculdade\IniciacaoCientifica\grn\.env\Lib\site-packages\pandas\core\internals\managers.py
fn=blknos
223 20600
cfl=c:\Users\Pedro\faculdade\IniciacaoCientifica\grn\.env\Lib\site-packages\pandas\core\internals\managers.py
cfn=shape
calls=2 215
223 7400

fl=c:\Users\Pedro\faculdade\IniciacaoCientifica\grn\.env\Lib\site-packages\pandas\core\internals\managers.py
fn=blklocs
239 2700

fl=c:\Users\Pedro\faculdade\IniciacaoCientifica\grn\.env\Lib\site-packages\pandas\core\internals\managers.py
fn=apply
399 26500
cfl=c:\Users\Pedro\faculdade\IniciacaoCientifica\grn\.env\Lib\site-packages\pandas\core\indexes\base.py
cfn=view
calls=4 1033
399 15500
cfl=c:\Users\Pedro\faculdade\IniciacaoCientifica\grn\.env\Lib\site-packages\pandas\core\internals\blocks.py
cfn=get_values_for_csv
calls=16 624
399 575300
cfl=c:\Users\Pedro\faculdade\IniciacaoCientifica\grn\.env\Lib\site-packages\pandas\core\internals\blocks.py
cfn=extend_blocks
calls=16 2336
399 15100
cfl=c:\Users\Pedro\faculdade\IniciacaoCientifica\grn\.env\Lib\site-packages\pandas\core\internals\managers.py
cfn=from_blocks
calls=2 1130
399 3100
cfl=~
cfn=<built-in method builtins.callable>
calls=16 0
399 1700
cfl=~
cfn=<built-in method builtins.getattr>
calls=16 0
399 2800

fl=c:\Users\Pedro\faculdade\IniciacaoCientifica\grn\.env\Lib\site-packages\pandas\core\internals\managers.py
fn=get_values_for_csv
622 5200
cfl=c:\Users\Pedro\faculdade\IniciacaoCientifica\grn\.env\Lib\site-packages\pandas\core\internals\managers.py
cfn=apply
calls=2 399
622 640000

fl=c:\Users\Pedro\faculdade\IniciacaoCientifica\grn\.env\Lib\site-packages\pandas\core\internals\managers.py
fn=__init__
1095 900

fl=c:\Users\Pedro\faculdade\IniciacaoCientifica\grn\.env\Lib\site-packages\pandas\core\internals\managers.py
fn=from_blocks
1130 2900
cfl=c:\Users\Pedro\faculdade\IniciacaoCientifica\grn\.env\Lib\site-packages\pandas\core\internals\managers.py
cfn=__init__
calls=2 1095
1130 200

fl=c:\Users\Pedro\faculdade\IniciacaoCientifica\grn\.env\Lib\site-packages\pandas\core\internals\managers.py
fn=iget_values
1227 18900
cfl=c:\Users\Pedro\faculdade\IniciacaoCientifica\grn\.env\Lib\site-packages\pandas\core\internals\blocks.py
cfn=iget
calls=24 961
1227 6200
cfl=c:\Users\Pedro\faculdade\IniciacaoCientifica\grn\.env\Lib\site-packages\pandas\core\internals\managers.py
cfn=blknos
calls=24 223
1227 28000
cfl=c:\Users\Pedro\faculdade\IniciacaoCientifica\grn\.env\Lib\site-packages\pandas\core\internals\managers.py
cfn=blklocs
calls=24 239
1227 2700

fl=c:\Users\Pedro\faculdade\IniciacaoCientifica\grn\.env\Lib\site-packages\pandas\core\internals\managers.py
fn=is_consolidated
1944 3100
cfl=c:\Users\Pedro\faculdade\IniciacaoCientifica\grn\.env\Lib\site-packages\pandas\core\internals\managers.py
cfn=_consolidate_check
calls=2 1952
1944 28900

fl=c:\Users\Pedro\faculdade\IniciacaoCientifica\grn\.env\Lib\site-packages\pandas\core\internals\managers.py
fn=_consolidate_check
1952 15000
cfl=c:\Users\Pedro\faculdade\IniciacaoCientifica\grn\.env\Lib\site-packages\pandas\core\internals\blocks.py
cfn=_can_consolidate
calls=16 173
1952 12600
cfl=c:\Users\Pedro\faculdade\IniciacaoCientifica\grn\.env\Lib\site-packages\pandas\core\internals\blocks.py
cfn=dtype
calls=6 573
1952 700
cfl=~
cfn=<built-in method builtins.len>
calls=6 0
1952 600

fl=c:\Users\Pedro\faculdade\IniciacaoCientifica\grn\.env\Lib\site-packages\pandas\core\internals\managers.py
fn=_consolidate_inplace
1962 1500
cfl=c:\Users\Pedro\faculdade\IniciacaoCientifica\grn\.env\Lib\site-packages\pandas\core\internals\managers.py
cfn=is_consolidated
calls=2 1944
1962 32000

fl=c:\Users\Pedro\faculdade\IniciacaoCientifica\grn\.env\Lib\site-packages\pandas\core\internals\managers.py
fn=create_block_manager_from_column_arrays
2319 15100
cfl=c:\Users\Pedro\faculdade\IniciacaoCientifica\grn\.env\Lib\site-packages\pandas\core\internals\managers.py
cfn=__init__
calls=3 1095
2319 400
cfl=c:\Users\Pedro\faculdade\IniciacaoCientifica\grn\.env\Lib\site-packages\pandas\core\internals\managers.py
cfn=_consolidate_inplace
calls=2 1962
2319 33500
cfl=c:\Users\Pedro\faculdade\IniciacaoCientifica\grn\.env\Lib\site-packages\pandas\core\internals\managers.py
cfn=_form_blocks
calls=3 2388
2319 214000

fl=c:\Users\Pedro\faculdade\IniciacaoCientifica\grn\.env\Lib\site-packages\pandas\core\internals\managers.py
fn=_grouping_func
2375 11800
cfl=c:\Users\Pedro\faculdade\IniciacaoCientifica\grn\.env\Lib\site-packages\pandas\core\arrays\numpy_.py
cfn=dtype
calls=10 179
2375 1100
cfl=c:\Users\Pedro\faculdade\IniciacaoCientifica\grn\.env\Lib\site-packages\pandas\core\dtypes\common.py
cfn=is_1d_only_ea_dtype
calls=24 1473
2375 10200
cfl=~
cfn=<built-in method builtins.id>
calls=10 0
2375 1200

fl=c:\Users\Pedro\faculdade\IniciacaoCientifica\grn\.env\Lib\site-packages\pandas\core\internals\managers.py
fn=_form_blocks
2388 58800
cfl=c:\Users\Pedro\faculdade\IniciacaoCientifica\grn\.env\Lib\site-packages\numpy\_core\_asarray.py
cfn=require
calls=6 22
2388 21000
cfl=c:\Users\Pedro\faculdade\IniciacaoCientifica\grn\.env\Lib\site-packages\pandas\core\dtypes\common.py
cfn=is_1d_only_ea_dtype
calls=10 1473
2388 4400
cfl=c:\Users\Pedro\faculdade\IniciacaoCientifica\grn\.env\Lib\site-packages\pandas\core\internals\blocks.py
cfn=get_block_type
calls=16 2216
2388 12300
cfl=c:\Users\Pedro\faculdade\IniciacaoCientifica\grn\.env\Lib\site-packages\pandas\core\internals\managers.py
cfn=_grouping_func
calls=12 2375
2388 15400
cfl=c:\Users\Pedro\faculdade\IniciacaoCientifica\grn\.env\Lib\site-packages\pandas\core\internals\managers.py
cfn=_tuples_to_blocks_no_consolidate
calls=1 2434
2388 60100
cfl=c:\Users\Pedro\faculdade\IniciacaoCientifica\grn\.env\Lib\site-packages\pandas\core\internals\managers.py
cfn=_stack_arrays
calls=6 2444
2388 36500
cfl=~
cfn=<built-in method builtins.isinstance>
calls=16 0
2388 2100
cfl=~
cfn=<built-in method builtins.issubclass>
calls=6 0
2388 600
cfl=~
cfn=<method 'append' of 'list' objects>
calls=6 0
2388 900
cfl=~
cfn=<method 'extend' of 'list' objects>
calls=10 0
2388 1900

fl=c:\Users\Pedro\faculdade\IniciacaoCientifica\grn\.env\Lib\site-packages\pandas\core\internals\managers.py
fn=_tuples_to_blocks_no_consolidate
2434 10700
cfl=c:\Users\Pedro\faculdade\IniciacaoCientifica\grn\.env\Lib\site-packages\pandas\core\internals\blocks.py
cfn=new_block_2d
calls=12 2245
2434 33800
cfl=c:\Users\Pedro\faculdade\IniciacaoCientifica\grn\.env\Lib\site-packages\pandas\core\internals\blocks.py
cfn=ensure_block_shape
calls=12 2352
2434 15600

fl=c:\Users\Pedro\faculdade\IniciacaoCientifica\grn\.env\Lib\site-packages\pandas\core\internals\managers.py
fn=_stack_arrays
2444 25000
cfl=c:\Users\Pedro\faculdade\IniciacaoCientifica\grn\.env\Lib\site-packages\pandas\core\internals\managers.py
cfn=_grouping_func
calls=12 2375
2444 8900
cfl=~
cfn=<built-in method builtins.len>
calls=6 0
2444 300
cfl=~
cfn=<built-in method numpy.empty>
calls=6 0
2444 2300

fl=c:\Users\Pedro\faculdade\IniciacaoCientifica\grn\.env\Lib\site-packages\pandas\io\common.py
fn=close
126 5100
cfl=~
cfn=<method 'close' of '_io.TextIOWrapper' objects>
calls=3 0
126 174700

fl=c:\Users\Pedro\faculdade\IniciacaoCientifica\grn\.env\Lib\site-packages\pandas\io\common.py
fn=__enter__
143 200

fl=c:\Users\Pedro\faculdade\IniciacaoCientifica\grn\.env\Lib\site-packages\pandas\io\common.py
fn=__exit__
146 2500
cfl=c:\Users\Pedro\faculdade\IniciacaoCientifica\grn\.env\Lib\site-packages\pandas\io\common.py
cfn=close
calls=2 126
146 155800

fl=c:\Users\Pedro\faculdade\IniciacaoCientifica\grn\.env\Lib\site-packages\pandas\io\common.py
fn=is_url
155 5800
cfl=C:\Users\Pedro\AppData\Local\Python\pythoncore-3.14-64\Lib\urllib\parse.py
cfn=urlparse
calls=3 374
155 44100
cfl=~
cfn=<built-in method builtins.isinstance>
calls=3 0
155 7600

fl=c:\Users\Pedro\faculdade\IniciacaoCientifica\grn\.env\Lib\site-packages\pandas\io\common.py
fn=_expand_user
181 8300
cfl=<frozen ntpath>
cfn=expanduser
calls=9 343
181 9700
cfl=~
cfn=<built-in method builtins.isinstance>
calls=9 0
181 400

fl=c:\Users\Pedro\faculdade\IniciacaoCientifica\grn\.env\Lib\site-packages\pandas\io\common.py
fn=validate_header_arg
200 1200
cfl=C:\Users\Pedro\AppData\Local\Python\pythoncore-3.14-64\Lib\typing.py
cfn=cast
calls=1 2300
200 100

fl=c:\Users\Pedro\faculdade\IniciacaoCientifica\grn\.env\Lib\site-packages\pandas\io\common.py
fn=stringify_path
241 5800
cfl=c:\Users\Pedro\faculdade\IniciacaoCientifica\grn\.env\Lib\site-packages\pandas\core\dtypes\inference.py
cfn=is_file_like
calls=3 106
241 2700
cfl=c:\Users\Pedro\faculdade\IniciacaoCientifica\grn\.env\Lib\site-packages\pandas\io\common.py
cfn=_expand_user
calls=6 181
241 13500
cfl=~
cfn=<built-in method builtins.isinstance>
calls=6 0
241 6600

fl=c:\Users\Pedro\faculdade\IniciacaoCientifica\grn\.env\Lib\site-packages\pandas\io\common.py
fn=is_fsspec_url
285 3200
cfl=~
cfn=<built-in method builtins.isinstance>
calls=3 0
285 300
cfl=~
cfn=<method 'match' of 're.Pattern' objects>
calls=3 0
285 2500

fl=c:\Users\Pedro\faculdade\IniciacaoCientifica\grn\.env\Lib\site-packages\pandas\io\common.py
fn=_get_filepath_or_buffer
297 23900
cfl=<string>
cfn=__init__:2
calls=3 2
297 2400
cfl=c:\Users\Pedro\faculdade\IniciacaoCientifica\grn\.env\Lib\site-packages\pandas\io\common.py
cfn=is_url
calls=3 155
297 57500
cfl=c:\Users\Pedro\faculdade\IniciacaoCientifica\grn\.env\Lib\site-packages\pandas\io\common.py
cfn=_expand_user
calls=3 181
297 4900
cfl=c:\Users\Pedro\faculdade\IniciacaoCientifica\grn\.env\Lib\site-packages\pandas\io\common.py
cfn=stringify_path
calls=3 241
297 20700
cfl=c:\Users\Pedro\faculdade\IniciacaoCientifica\grn\.env\Lib\site-packages\pandas\io\common.py
cfn=is_fsspec_url
calls=3 285
297 6000
cfl=c:\Users\Pedro\faculdade\IniciacaoCientifica\grn\.env\Lib\site-packages\pandas\io\common.py
cfn=get_compression_method
calls=3 539
297 3800
cfl=c:\Users\Pedro\faculdade\IniciacaoCientifica\grn\.env\Lib\site-packages\pandas\io\common.py
cfn=infer_compression
calls=3 574
297 29900
cfl=~
cfn=<built-in method builtins.isinstance>
calls=6 0
297 800

fl=c:\Users\Pedro\faculdade\IniciacaoCientifica\grn\.env\Lib\site-packages\pandas\io\common.py
fn=get_compression_method
539 1200
cfl=~
cfn=<built-in method builtins.isinstance>
calls=3 0
539 2600

fl=c:\Users\Pedro\faculdade\IniciacaoCientifica\grn\.env\Lib\site-packages\pandas\io\common.py
fn=infer_compression
574 14300
cfl=c:\Users\Pedro\faculdade\IniciacaoCientifica\grn\.env\Lib\site-packages\pandas\io\common.py
cfn=stringify_path
calls=3 241
574 7900
cfl=~
cfn=<built-in method builtins.isinstance>
calls=6 0
574 400
cfl=~
cfn=<method 'endswith' of 'str' objects>
calls=27 0
574 2800
cfl=~
cfn=<method 'items' of 'dict' objects>
calls=3 0
574 700
cfl=~
cfn=<method 'lower' of 'str' objects>
calls=27 0
574 3800

fl=c:\Users\Pedro\faculdade\IniciacaoCientifica\grn\.env\Lib\site-packages\pandas\io\common.py
fn=check_parent_directory
645 11500
cfl=C:\Users\Pedro\AppData\Local\Python\pythoncore-3.14-64\Lib\pathlib\__init__.py
cfn=__init__
calls=2 135
645 3700
cfl=C:\Users\Pedro\AppData\Local\Python\pythoncore-3.14-64\Lib\pathlib\__init__.py
cfn=parent
calls=2 381
645 41300
cfl=C:\Users\Pedro\AppData\Local\Python\pythoncore-3.14-64\Lib\pathlib\__init__.py
cfn=__new__
calls=2 632
645 2200
cfl=C:\Users\Pedro\AppData\Local\Python\pythoncore-3.14-64\Lib\pathlib\__init__.py
cfn=is_dir
calls=2 674
645 120900

fl=c:\Users\Pedro\faculdade\IniciacaoCientifica\grn\.env\Lib\site-packages\pandas\io\common.py
fn=get_handle
701 47200
cfl=<string>
cfn=__init__:2
calls=3 2
701 2700
cfl=c:\Users\Pedro\faculdade\IniciacaoCientifica\grn\.env\Lib\site-packages\pandas\io\common.py
cfn=_get_filepath_or_buffer
calls=3 297
701 149900
cfl=c:\Users\Pedro\faculdade\IniciacaoCientifica\grn\.env\Lib\site-packages\pandas\io\common.py
cfn=check_parent_directory
calls=2 645
701 179600
cfl=c:\Users\Pedro\faculdade\IniciacaoCientifica\grn\.env\Lib\site-packages\pandas\io\common.py
cfn=_maybe_memory_map
calls=3 1178
701 3400
cfl=c:\Users\Pedro\faculdade\IniciacaoCientifica\grn\.env\Lib\site-packages\pandas\io\common.py
cfn=_is_binary_mode
calls=6 1228
701 33000
cfl=~
cfn=<built-in method _codecs.lookup>
calls=3 0
701 2100
cfl=~
cfn=<built-in method _codecs.lookup_error>
calls=3 0
701 1400
cfl=~
cfn=<built-in method _io.open>
calls=3 0
701 4279900
cfl=~
cfn=<built-in method builtins.hasattr>
calls=1 0
701 500
cfl=~
cfn=<built-in method builtins.isinstance>
calls=9 0
701 800
cfl=~
cfn=<method 'append' of 'list' objects>
calls=3 0
701 1000
cfl=~
cfn=<method 'pop' of 'dict' objects>
calls=3 0
701 500
cfl=~
cfn=<method 'reverse' of 'list' objects>
calls=3 0
701 800

fl=c:\Users\Pedro\faculdade\IniciacaoCientifica\grn\.env\Lib\site-packages\pandas\io\common.py
fn=_maybe_memory_map
1178 2800
cfl=~
cfn=<built-in method builtins.hasattr>
calls=3 0
1178 400
cfl=~
cfn=<built-in method builtins.isinstance>
calls=3 0
1178 200

fl=c:\Users\Pedro\faculdade\IniciacaoCientifica\grn\.env\Lib\site-packages\pandas\io\common.py
fn=_is_binary_mode
1228 12800
cfl=~
cfn=<built-in method builtins.getattr>
calls=6 0
1228 1200
cfl=~
cfn=<built-in method builtins.isinstance>
calls=6 0
1228 17500
cfl=~
cfn=<built-in method builtins.issubclass>
calls=6 0
1228 1500

fl=c:\Users\Pedro\faculdade\IniciacaoCientifica\grn\.env\Lib\site-packages\pandas\io\common.py
fn=is_potential_multi_index
1267 5500
cfl=c:\Users\Pedro\faculdade\IniciacaoCientifica\grn\.env\Lib\site-packages\pandas\io\common.py
cfn=<genexpr>
calls=4 1294
1267 2200
cfl=~
cfn=<built-in method builtins.isinstance>
calls=2 0
1267 3100
cfl=~
cfn=<built-in method builtins.len>
calls=2 0
1267 200

fl=c:\Users\Pedro\faculdade\IniciacaoCientifica\grn\.env\Lib\site-packages\pandas\io\common.py
fn=<genexpr>
1294 1900
cfl=~
cfn=<built-in method builtins.isinstance>
calls=2 0
1294 300

fl=c:\Users\Pedro\faculdade\IniciacaoCientifica\grn\.env\Lib\site-packages\pandas\io\common.py
fn=dedup_names
1298 4800

fl=c:\Users\Pedro\faculdade\IniciacaoCientifica\grn\.env\Lib\site-packages\pandas\io\formats\csvs.py
fn=<module>
1 18400
cfl=<frozen importlib._bootstrap>
cfn=_handle_fromlist
calls=1 1401
1 1400
cfl=C:\Users\Pedro\AppData\Local\Python\pythoncore-3.14-64\Lib\typing.py
cfn=__getattr__
calls=1 3827
1 2500
cfl=~
cfn=<built-in method builtins.__build_class__>
calls=1 0
1 26000

fl=c:\Users\Pedro\faculdade\IniciacaoCientifica\grn\.env\Lib\site-packages\pandas\io\formats\csvs.py
fn=CSVFormatter
56 10400

fl=c:\Users\Pedro\faculdade\IniciacaoCientifica\grn\.env\Lib\site-packages\pandas\io\formats\csvs.py
fn=__init__
59 10600
cfl=c:\Users\Pedro\faculdade\IniciacaoCientifica\grn\.env\Lib\site-packages\pandas\io\formats\csvs.py
cfn=_initialize_index_label
calls=2 121
59 12200
cfl=c:\Users\Pedro\faculdade\IniciacaoCientifica\grn\.env\Lib\site-packages\pandas\io\formats\csvs.py
cfn=_initialize_quotechar
calls=2 143
59 700
cfl=c:\Users\Pedro\faculdade\IniciacaoCientifica\grn\.env\Lib\site-packages\pandas\io\formats\csvs.py
cfn=_initialize_columns
calls=2 153
59 183800
cfl=c:\Users\Pedro\faculdade\IniciacaoCientifica\grn\.env\Lib\site-packages\pandas\io\formats\csvs.py
cfn=_initialize_chunksize
calls=2 174
59 1700

fl=c:\Users\Pedro\faculdade\IniciacaoCientifica\grn\.env\Lib\site-packages\pandas\io\formats\csvs.py
fn=na_rep
101 1200

fl=c:\Users\Pedro\faculdade\IniciacaoCientifica\grn\.env\Lib\site-packages\pandas\io\formats\csvs.py
fn=float_format
105 500

fl=c:\Users\Pedro\faculdade\IniciacaoCientifica\grn\.env\Lib\site-packages\pandas\io\formats\csvs.py
fn=decimal
109 600

fl=c:\Users\Pedro\faculdade\IniciacaoCientifica\grn\.env\Lib\site-packages\pandas\io\formats\csvs.py
fn=header
113 1300

fl=c:\Users\Pedro\faculdade\IniciacaoCientifica\grn\.env\Lib\site-packages\pandas\io\formats\csvs.py
fn=index
117 1400

fl=c:\Users\Pedro\faculdade\IniciacaoCientifica\grn\.env\Lib\site-packages\pandas\io\formats\csvs.py
fn=_initialize_index_label
121 1500
cfl=c:\Users\Pedro\faculdade\IniciacaoCientifica\grn\.env\Lib\site-packages\pandas\io\formats\csvs.py
cfn=_get_index_label_from_obj
calls=2 130
121 10700

fl=c:\Users\Pedro\faculdade\IniciacaoCientifica\grn\.env\Lib\site-packages\pandas\io\formats\csvs.py
fn=_get_index_label_from_obj
130 3600
cfl=c:\Users\Pedro\faculdade\IniciacaoCientifica\grn\.env\Lib\site-packages\pandas\io\formats\csvs.py
cfn=_get_index_label_flat
calls=2 139
130 3100
cfl=~
cfn=<built-in method builtins.isinstance>
calls=2 0
130 4000

fl=c:\Users\Pedro\faculdade\IniciacaoCientifica\grn\.env\Lib\site-packages\pandas\io\formats\csvs.py
fn=_get_index_label_flat
139 2600
cfl=c:\Users\Pedro\faculdade\IniciacaoCientifica\grn\.env\Lib\site-packages\pandas\core\indexes\base.py
cfn=name
calls=2 1779
139 500

fl=c:\Users\Pedro\faculdade\IniciacaoCientifica\grn\.env\Lib\site-packages\pandas\io\formats\csvs.py
fn=_initialize_quotechar
143 700

fl=c:\Users\Pedro\faculdade\IniciacaoCientifica\grn\.env\Lib\site-packages\pandas\io\formats\csvs.py
fn=has_mi_columns
149 5300
cfl=~
cfn=<built-in method builtins.isinstance>
calls=6 0
149 6400

fl=c:\Users\Pedro\faculdade\IniciacaoCientifica\grn\.env\Lib\site-packages\pandas\io\formats\csvs.py
fn=_initialize_columns
153 5500
cfl=c:\Users\Pedro\faculdade\IniciacaoCientifica\grn\.env\Lib\site-packages\pandas\core\indexes\base.py
cfn=_get_values_for_csv
calls=2 1574
153 170000
cfl=c:\Users\Pedro\faculdade\IniciacaoCientifica\grn\.env\Lib\site-packages\pandas\io\formats\csvs.py
cfn=has_mi_columns
calls=2 149
153 3400
cfl=c:\Users\Pedro\faculdade\IniciacaoCientifica\grn\.env\Lib\site-packages\pandas\io\formats\csvs.py
cfn=_number_format
calls=2 179
153 4900

fl=c:\Users\Pedro\faculdade\IniciacaoCientifica\grn\.env\Lib\site-packages\pandas\io\formats\csvs.py
fn=_initialize_chunksize
174 1500
cfl=~
cfn=<built-in method builtins.len>
calls=2 0
174 200

fl=c:\Users\Pedro\faculdade\IniciacaoCientifica\grn\.env\Lib\site-packages\pandas\io\formats\csvs.py
fn=_number_format
179 6500
cfl=c:\Users\Pedro\faculdade\IniciacaoCientifica\grn\.env\Lib\site-packages\pandas\io\formats\csvs.py
cfn=na_rep
calls=4 101
179 1200
cfl=c:\Users\Pedro\faculdade\IniciacaoCientifica\grn\.env\Lib\site-packages\pandas\io\formats\csvs.py
cfn=float_format
calls=4 105
179 500
cfl=c:\Users\Pedro\faculdade\IniciacaoCientifica\grn\.env\Lib\site-packages\pandas\io\formats\csvs.py
cfn=decimal
calls=4 109
179 600

fl=c:\Users\Pedro\faculdade\IniciacaoCientifica\grn\.env\Lib\site-packages\pandas\io\formats\csvs.py
fn=data_index
190 2200
cfl=~
cfn=<built-in method builtins.isinstance>
calls=4 0
190 6700

fl=c:\Users\Pedro\faculdade\IniciacaoCientifica\grn\.env\Lib\site-packages\pandas\io\formats\csvs.py
fn=nlevels
204 1400
cfl=c:\Users\Pedro\faculdade\IniciacaoCientifica\grn\.env\Lib\site-packages\pandas\io\formats\csvs.py
cfn=index
calls=4 117
204 1100

fl=c:\Users\Pedro\faculdade\IniciacaoCientifica\grn\.env\Lib\site-packages\pandas\io\formats\csvs.py
fn=_has_aliases
211 4300
cfl=c:\Users\Pedro\faculdade\IniciacaoCientifica\grn\.env\Lib\site-packages\pandas\io\formats\csvs.py
cfn=header
calls=4 113
211 900
cfl=~
cfn=<built-in method builtins.isinstance>
calls=4 0
211 6400

fl=c:\Users\Pedro\faculdade\IniciacaoCientifica\grn\.env\Lib\site-packages\pandas\io\formats\csvs.py
fn=_need_to_save_header
215 2500
cfl=c:\Users\Pedro\faculdade\IniciacaoCientifica\grn\.env\Lib\site-packages\pandas\io\formats\csvs.py
cfn=header
calls=2 113
215 400
cfl=c:\Users\Pedro\faculdade\IniciacaoCientifica\grn\.env\Lib\site-packages\pandas\io\formats\csvs.py
cfn=_has_aliases
calls=2 211
215 8000

fl=c:\Users\Pedro\faculdade\IniciacaoCientifica\grn\.env\Lib\site-packages\pandas\io\formats\csvs.py
fn=write_cols
219 10300
cfl=C:\Users\Pedro\AppData\Local\Python\pythoncore-3.14-64\Lib\typing.py
cfn=inner
calls=2 396
219 2300
cfl=C:\Users\Pedro\AppData\Local\Python\pythoncore-3.14-64\Lib\typing.py
cfn=cast
calls=2 2300
219 200
cfl=c:\Users\Pedro\faculdade\IniciacaoCientifica\grn\.env\Lib\site-packages\pandas\io\formats\csvs.py
cfn=_has_aliases
calls=2 211
219 3600

fl=c:\Users\Pedro\faculdade\IniciacaoCientifica\grn\.env\Lib\site-packages\pandas\io\formats\csvs.py
fn=encoded_labels
233 9900
cfl=c:\Users\Pedro\faculdade\IniciacaoCientifica\grn\.env\Lib\site-packages\pandas\io\formats\csvs.py
cfn=index
calls=2 117
233 300
cfl=c:\Users\Pedro\faculdade\IniciacaoCientifica\grn\.env\Lib\site-packages\pandas\io\formats\csvs.py
cfn=has_mi_columns
calls=2 149
233 2300
cfl=c:\Users\Pedro\faculdade\IniciacaoCientifica\grn\.env\Lib\site-packages\pandas\io\formats\csvs.py
cfn=write_cols
calls=2 219
233 16400

fl=c:\Users\Pedro\faculdade\IniciacaoCientifica\grn\.env\Lib\site-packages\pandas\io\formats\csvs.py
fn=save
246 23000
cfl=c:\Users\Pedro\faculdade\IniciacaoCientifica\grn\.env\Lib\site-packages\pandas\io\common.py
cfn=__enter__
calls=2 143
246 200
cfl=c:\Users\Pedro\faculdade\IniciacaoCientifica\grn\.env\Lib\site-packages\pandas\io\common.py
cfn=__exit__
calls=2 146
246 158300
cfl=c:\Users\Pedro\faculdade\IniciacaoCientifica\grn\.env\Lib\site-packages\pandas\io\common.py
cfn=get_handle
calls=2 701
246 754100
cfl=c:\Users\Pedro\faculdade\IniciacaoCientifica\grn\.env\Lib\site-packages\pandas\io\formats\csvs.py
cfn=_save
calls=2 274
246 1096900
cfl=~
cfn=<built-in method _csv.writer>
calls=2 0
246 7500

fl=c:\Users\Pedro\faculdade\IniciacaoCientifica\grn\.env\Lib\site-packages\pandas\io\formats\csvs.py
fn=_save
274 5000
cfl=c:\Users\Pedro\faculdade\IniciacaoCientifica\grn\.env\Lib\site-packages\pandas\io\formats\csvs.py
cfn=_need_to_save_header
calls=2 215
274 10900
cfl=c:\Users\Pedro\faculdade\IniciacaoCientifica\grn\.env\Lib\site-packages\pandas\io\formats\csvs.py
cfn=_save_header
calls=2 279
274 53500
cfl=c:\Users\Pedro\faculdade\IniciacaoCientifica\grn\.env\Lib\site-packages\pandas\io\formats\csvs.py
cfn=_save_body
calls=2 307
274 1027500

fl=c:\Users\Pedro\faculdade\IniciacaoCientifica\grn\.env\Lib\site-packages\pandas\io\formats\csvs.py
fn=_save_header
279 5200
cfl=c:\Users\Pedro\faculdade\IniciacaoCientifica\grn\.env\Lib\site-packages\pandas\io\formats\csvs.py
cfn=has_mi_columns
calls=2 149
279 6000
cfl=c:\Users\Pedro\faculdade\IniciacaoCientifica\grn\.env\Lib\site-packages\pandas\io\formats\csvs.py
cfn=encoded_labels
calls=2 233
279 28900
cfl=~
cfn=<method 'writerow' of '_csv.writer' objects>
calls=2 0
279 13400

fl=c:\Users\Pedro\faculdade\IniciacaoCientifica\grn\.env\Lib\site-packages\pandas\io\formats\csvs.py
fn=_save_body
307 20500
cfl=c:\Users\Pedro\faculdade\IniciacaoCientifica\grn\.env\Lib\site-packages\pandas\io\formats\csvs.py
cfn=data_index
calls=2 190
307 8900
cfl=c:\Users\Pedro\faculdade\IniciacaoCientifica\grn\.env\Lib\site-packages\pandas\io\formats\csvs.py
cfn=_save_chunk
calls=2 317
307 995000
cfl=~
cfn=<built-in method builtins.len>
calls=2 0
307 2600
cfl=~
cfn=<built-in method builtins.min>
calls=2 0
307 500

fl=c:\Users\Pedro\faculdade\IniciacaoCientifica\grn\.env\Lib\site-packages\pandas\io\formats\csvs.py
fn=_save_chunk
317 46200
cfl=c:\Users\Pedro\faculdade\IniciacaoCientifica\grn\.env\Lib\site-packages\pandas\core\frame.py
cfn=_get_values_for_csv
calls=2 1386
317 655200
cfl=c:\Users\Pedro\faculdade\IniciacaoCientifica\grn\.env\Lib\site-packages\pandas\core\frame.py
cfn=_iter_column_arrays
calls=26 4326
317 72700
cfl=c:\Users\Pedro\faculdade\IniciacaoCientifica\grn\.env\Lib\site-packages\pandas\core\indexing.py
cfn=iloc
calls=2 159
317 2500
cfl=c:\Users\Pedro\faculdade\IniciacaoCientifica\grn\.env\Lib\site-packages\pandas\core\indexing.py
cfn=__getitem__
calls=2 1192
317 211000
cfl=c:\Users\Pedro\faculdade\IniciacaoCientifica\grn\.env\Lib\site-packages\pandas\io\formats\csvs.py
cfn=_number_format
calls=2 179
317 3900
cfl=c:\Users\Pedro\faculdade\IniciacaoCientifica\grn\.env\Lib\site-packages\pandas\io\formats\csvs.py
cfn=nlevels
calls=4 204
317 2500
cfl=~
cfn=<built-in method numpy.empty>
calls=2 0
317 1000

fl=c:\Users\Pedro\faculdade\IniciacaoCientifica\grn\.env\Lib\site-packages\pandas\io\formats\format.py
fn=__init__:425
425 22300
cfl=c:\Users\Pedro\faculdade\IniciacaoCientifica\grn\.env\Lib\site-packages\pandas\io\formats\format.py
cfn=_initialize_sparsify
calls=2 526
425 8200
cfl=c:\Users\Pedro\faculdade\IniciacaoCientifica\grn\.env\Lib\site-packages\pandas\io\formats\format.py
cfn=_initialize_formatters
calls=2 531
425 200
cfl=c:\Users\Pedro\faculdade\IniciacaoCientifica\grn\.env\Lib\site-packages\pandas\io\formats\format.py
cfn=_initialize_justify
calls=2 544
425 12300
cfl=c:\Users\Pedro\faculdade\IniciacaoCientifica\grn\.env\Lib\site-packages\pandas\io\formats\format.py
cfn=_initialize_columns
calls=2 550
425 1600
cfl=c:\Users\Pedro\faculdade\IniciacaoCientifica\grn\.env\Lib\site-packages\pandas\io\formats\format.py
cfn=_initialize_colspace
calls=2 558
425 400
cfl=c:\Users\Pedro\faculdade\IniciacaoCientifica\grn\.env\Lib\site-packages\pandas\io\formats\format.py
cfn=_calc_max_cols_fitted
calls=2 582
425 2600
cfl=c:\Users\Pedro\faculdade\IniciacaoCientifica\grn\.env\Lib\site-packages\pandas\io\formats\format.py
cfn=_calc_max_rows_fitted
calls=2 593
425 4600
cfl=c:\Users\Pedro\faculdade\IniciacaoCientifica\grn\.env\Lib\site-packages\pandas\io\formats\format.py
cfn=truncate
calls=2 650
425 3700
cfl=c:\Users\Pedro\faculdade\IniciacaoCientifica\grn\.env\Lib\site-packages\pandas\io\formats\format.py
cfn=_validate_float_format
calls=2 851
425 100
cfl=c:\Users\Pedro\faculdade\IniciacaoCientifica\grn\.env\Lib\site-packages\pandas\io\formats\printing.py
cfn=get_adjustment
calls=2 582
425 18200

fl=c:\Users\Pedro\faculdade\IniciacaoCientifica\grn\.env\Lib\site-packages\pandas\io\formats\format.py
fn=is_truncated_horizontally
494 800

fl=c:\Users\Pedro\faculdade\IniciacaoCientifica\grn\.env\Lib\site-packages\pandas\io\formats\format.py
fn=is_truncated_vertically
498 300

fl=c:\Users\Pedro\faculdade\IniciacaoCientifica\grn\.env\Lib\site-packages\pandas\io\formats\format.py
fn=_initialize_sparsify
526 1000
cfl=c:\Users\Pedro\faculdade\IniciacaoCientifica\grn\.env\Lib\site-packages\pandas\_config\config.py
cfn=get_option
calls=2 143
526 7200

fl=c:\Users\Pedro\faculdade\IniciacaoCientifica\grn\.env\Lib\site-packages\pandas\io\formats\format.py
fn=_initialize_formatters
531 200

fl=c:\Users\Pedro\faculdade\IniciacaoCientifica\grn\.env\Lib\site-packages\pandas\io\formats\format.py
fn=_initialize_justify
544 1400
cfl=c:\Users\Pedro\faculdade\IniciacaoCientifica\grn\.env\Lib\site-packages\pandas\_config\config.py
cfn=get_option
calls=2 143
544 10900

fl=c:\Users\Pedro\faculdade\IniciacaoCientifica\grn\.env\Lib\site-packages\pandas\io\formats\format.py
fn=_initialize_columns
550 1600

fl=c:\Users\Pedro\faculdade\IniciacaoCientifica\grn\.env\Lib\site-packages\pandas\io\formats\format.py
fn=_initialize_colspace
558 400

fl=c:\Users\Pedro\faculdade\IniciacaoCientifica\grn\.env\Lib\site-packages\pandas\io\formats\format.py
fn=_calc_max_cols_fitted
582 1500
cfl=c:\Users\Pedro\faculdade\IniciacaoCientifica\grn\.env\Lib\site-packages\pandas\io\formats\format.py
cfn=_is_in_terminal
calls=2 626
582 1100

fl=c:\Users\Pedro\faculdade\IniciacaoCientifica\grn\.env\Lib\site-packages\pandas\io\formats\format.py
fn=_calc_max_rows_fitted
593 3400
cfl=c:\Users\Pedro\faculdade\IniciacaoCientifica\grn\.env\Lib\site-packages\pandas\io\formats\format.py
cfn=_adjust_max_rows
calls=2 612
593 300
cfl=c:\Users\Pedro\faculdade\IniciacaoCientifica\grn\.env\Lib\site-packages\pandas\io\formats\format.py
cfn=_is_in_terminal
calls=2 626
593 900

fl=c:\Users\Pedro\faculdade\IniciacaoCientifica\grn\.env\Lib\site-packages\pandas\io\formats\format.py
fn=_adjust_max_rows
612 300

fl=c:\Users\Pedro\faculdade\IniciacaoCientifica\grn\.env\Lib\site-packages\pandas\io\formats\format.py
fn=_is_in_terminal
626 2000

fl=c:\Users\Pedro\faculdade\IniciacaoCientifica\grn\.env\Lib\site-packages\pandas\io\formats\format.py
fn=truncate
650 2600
cfl=c:\Users\Pedro\faculdade\IniciacaoCientifica\grn\.env\Lib\site-packages\pandas\io\formats\format.py
cfn=is_truncated_horizontally
calls=2 494
650 800
cfl=c:\Users\Pedro\faculdade\IniciacaoCientifica\grn\.env\Lib\site-packages\pandas\io\formats\format.py
cfn=is_truncated_vertically
calls=2 498
650 300

fl=c:\Users\Pedro\faculdade\IniciacaoCientifica\grn\.env\Lib\site-packages\pandas\io\formats\format.py
fn=_validate_float_format
851 100

fl=c:\Users\Pedro\faculdade\IniciacaoCientifica\grn\.env\Lib\site-packages\pandas\io\formats\format.py
fn=__init__:892
892 700

fl=c:\Users\Pedro\faculdade\IniciacaoCientifica\grn\.env\Lib\site-packages\pandas\io\formats\format.py
fn=to_csv
976 12800
cfl=<frozen importlib._bootstrap>
cfn=_find_and_load
calls=1 1360
976 759100
cfl=c:\Users\Pedro\faculdade\IniciacaoCientifica\grn\.env\Lib\site-packages\pandas\io\formats\csvs.py
cfn=__init__
calls=2 59
976 209000
cfl=c:\Users\Pedro\faculdade\IniciacaoCientifica\grn\.env\Lib\site-packages\pandas\io\formats\csvs.py
cfn=save
calls=2 246
976 2040000

fl=c:\Users\Pedro\faculdade\IniciacaoCientifica\grn\.env\Lib\site-packages\pandas\io\formats\printing.py
fn=__init__
522 800
cfl=c:\Users\Pedro\faculdade\IniciacaoCientifica\grn\.env\Lib\site-packages\pandas\_config\config.py
cfn=get_option
calls=2 143
522 6300

fl=c:\Users\Pedro\faculdade\IniciacaoCientifica\grn\.env\Lib\site-packages\pandas\io\formats\printing.py
fn=get_adjustment
582 3200
cfl=c:\Users\Pedro\faculdade\IniciacaoCientifica\grn\.env\Lib\site-packages\pandas\_config\config.py
cfn=get_option
calls=2 143
582 7900
cfl=c:\Users\Pedro\faculdade\IniciacaoCientifica\grn\.env\Lib\site-packages\pandas\io\formats\printing.py
cfn=__init__
calls=2 522
582 7100

fl=c:\Users\Pedro\faculdade\IniciacaoCientifica\grn\.env\Lib\site-packages\pandas\io\parsers\base_parser.py
fn=__init__
99 16400
cfl=C:\Users\Pedro\AppData\Local\Python\pythoncore-3.14-64\Lib\copy.py
cfn=copy
calls=1 62
99 700
cfl=c:\Users\Pedro\faculdade\IniciacaoCientifica\grn\.env\Lib\site-packages\pandas\io\parsers\base_parser.py
cfn=_validate_usecols_arg
calls=1 921
99 300
cfl=~
cfn=<method 'get' of 'dict' objects>
calls=13 0
99 1500
cfl=~
cfn=<method 'pop' of 'dict' objects>
calls=5 0
99 1000

fl=c:\Users\Pedro\faculdade\IniciacaoCientifica\grn\.env\Lib\site-packages\pandas\io\parsers\base_parser.py
fn=_extract_multi_indexer_columns
189 800
cfl=~
cfn=<built-in method builtins.len>
calls=1 0
189 200

fl=c:\Users\Pedro\faculdade\IniciacaoCientifica\grn\.env\Lib\site-packages\pandas\io\parsers\base_parser.py
fn=_maybe_make_multi_index_columns
260 500
cfl=c:\Users\Pedro\faculdade\IniciacaoCientifica\grn\.env\Lib\site-packages\pandas\io\common.py
cfn=is_potential_multi_index
calls=1 1267
260 3600

fl=c:\Users\Pedro\faculdade\IniciacaoCientifica\grn\.env\Lib\site-packages\pandas\io\parsers\base_parser.py
fn=_make_index
272 1600
cfl=c:\Users\Pedro\faculdade\IniciacaoCientifica\grn\.env\Lib\site-packages\pandas\io\parsers\base_parser.py
cfn=_maybe_make_multi_index_columns
calls=1 260
272 4100
cfl=~
cfn=<built-in method builtins.isinstance>
calls=1 0
272 100

fl=c:\Users\Pedro\faculdade\IniciacaoCientifica\grn\.env\Lib\site-packages\pandas\io\parsers\base_parser.py
fn=_set_noconvert_dtype_columns
390 2600
cfl=~
cfn=<built-in method builtins.callable>
calls=1 0
390 100
cfl=~
cfn=<built-in method builtins.isinstance>
calls=1 0
390 100

fl=c:\Users\Pedro\faculdade\IniciacaoCientifica\grn\.env\Lib\site-packages\pandas\io\parsers\base_parser.py
fn=_do_date_conversions
579 600
cfl=~
cfn=<built-in method builtins.isinstance>
calls=1 0
579 200

fl=c:\Users\Pedro\faculdade\IniciacaoCientifica\grn\.env\Lib\site-packages\pandas\io\parsers\base_parser.py
fn=_check_data_length
607 900
cfl=~
cfn=<built-in method builtins.len>
calls=2 0
607 100

fl=c:\Users\Pedro\faculdade\IniciacaoCientifica\grn\.env\Lib\site-packages\pandas\io\parsers\base_parser.py
fn=is_index_col
871 400

fl=c:\Users\Pedro\faculdade\IniciacaoCientifica\grn\.env\Lib\site-packages\pandas\io\parsers\base_parser.py
fn=validate_parse_dates_presence
875 700
cfl=~
cfn=<built-in method builtins.isinstance>
calls=1 0
875 200

fl=c:\Users\Pedro\faculdade\IniciacaoCientifica\grn\.env\Lib\site-packages\pandas\io\parsers\base_parser.py
fn=_validate_usecols_arg
921 300

fl=c:\Users\Pedro\faculdade\IniciacaoCientifica\grn\.env\Lib\site-packages\pandas\io\parsers\base_parser.py
fn=evaluate_callable_usecols
984 300
cfl=~
cfn=<built-in method builtins.callable>
calls=1 0
984 200

fl=c:\Users\Pedro\faculdade\IniciacaoCientifica\grn\.env\Lib\site-packages\pandas\io\parsers\c_parser_wrapper.py
fn=__init__
65 142400
cfl=<frozen codecs>
cfn=decode
calls=2 322
65 2900
cfl=<frozen codecs>
cfn=getstate
calls=2 334
65 500
cfl=C:\Users\Pedro\AppData\Local\Python\pythoncore-3.14-64\Lib\enum.py
cfn=__get__
calls=1 187
65 1100
cfl=c:\Users\Pedro\faculdade\IniciacaoCientifica\grn\.env\Lib\site-packages\pandas\io\parsers\base_parser.py
cfn=__init__
calls=1 99
65 19900
cfl=c:\Users\Pedro\faculdade\IniciacaoCientifica\grn\.env\Lib\site-packages\pandas\io\parsers\base_parser.py
cfn=_extract_multi_indexer_columns
calls=1 189
65 1000
cfl=c:\Users\Pedro\faculdade\IniciacaoCientifica\grn\.env\Lib\site-packages\pandas\io\parsers\base_parser.py
cfn=is_index_col
calls=1 871
65 200
cfl=c:\Users\Pedro\faculdade\IniciacaoCientifica\grn\.env\Lib\site-packages\pandas\io\parsers\base_parser.py
cfn=validate_parse_dates_presence
calls=1 875
65 900
cfl=c:\Users\Pedro\faculdade\IniciacaoCientifica\grn\.env\Lib\site-packages\pandas\io\parsers\c_parser_wrapper.py
cfn=_set_noconvert_columns
calls=1 183
65 9200
cfl=c:\Users\Pedro\faculdade\IniciacaoCientifica\grn\.env\Lib\site-packages\pandas\io\parsers\c_parser_wrapper.py
cfn=ensure_dtype_objs
calls=1 377
65 1200
cfl=~
cfn=<method 'copy' of 'dict' objects>
calls=1 0
65 500
cfl=~
cfn=<method 'get' of 'dict' objects>
calls=1 0
65 100
cfl=~
cfn=<method 'pop' of 'dict' objects>
calls=5 0
65 600

fl=c:\Users\Pedro\faculdade\IniciacaoCientifica\grn\.env\Lib\site-packages\pandas\io\parsers\c_parser_wrapper.py
fn=close
176 2000

fl=c:\Users\Pedro\faculdade\IniciacaoCientifica\grn\.env\Lib\site-packages\pandas\io\parsers\c_parser_wrapper.py
fn=_set_noconvert_columns
183 6400
cfl=c:\Users\Pedro\faculdade\IniciacaoCientifica\grn\.env\Lib\site-packages\pandas\io\parsers\base_parser.py
cfn=_set_noconvert_dtype_columns
calls=1 390
183 2800

fl=c:\Users\Pedro\faculdade\IniciacaoCientifica\grn\.env\Lib\site-packages\pandas\io\parsers\c_parser_wrapper.py
fn=read
203 125000
cfl=<frozen codecs>
cfn=decode
calls=1 322
203 600
cfl=<frozen codecs>
cfn=getstate
calls=1 334
203 200
cfl=c:\Users\Pedro\faculdade\IniciacaoCientifica\grn\.env\Lib\site-packages\numpy\_core\multiarray.py
cfn=putmask
calls=5 1135
203 900
cfl=c:\Users\Pedro\faculdade\IniciacaoCientifica\grn\.env\Lib\site-packages\pandas\io\common.py
cfn=is_potential_multi_index
calls=1 1267
203 7400
cfl=c:\Users\Pedro\faculdade\IniciacaoCientifica\grn\.env\Lib\site-packages\pandas\io\common.py
cfn=dedup_names
calls=1 1298
203 4800
cfl=c:\Users\Pedro\faculdade\IniciacaoCientifica\grn\.env\Lib\site-packages\pandas\io\parsers\base_parser.py
cfn=_make_index
calls=1 272
203 5800
cfl=c:\Users\Pedro\faculdade\IniciacaoCientifica\grn\.env\Lib\site-packages\pandas\io\parsers\base_parser.py
cfn=_do_date_conversions
calls=1 579
203 800
cfl=c:\Users\Pedro\faculdade\IniciacaoCientifica\grn\.env\Lib\site-packages\pandas\io\parsers\base_parser.py
cfn=_check_data_length
calls=1 607
203 1000
cfl=c:\Users\Pedro\faculdade\IniciacaoCientifica\grn\.env\Lib\site-packages\pandas\io\parsers\c_parser_wrapper.py
cfn=_filter_usecols
calls=1 328
203 2000
cfl=c:\Users\Pedro\faculdade\IniciacaoCientifica\grn\.env\Lib\site-packages\pandas\io\parsers\c_parser_wrapper.py
cfn=_concatenate_chunks
calls=1 336
203 55400
cfl=~
cfn=<built-in method builtins.sorted>
calls=1 0
203 1400
cfl=~
cfn=<method 'items' of 'dict' objects>
calls=1 0
203 100

fl=c:\Users\Pedro\faculdade\IniciacaoCientifica\grn\.env\Lib\site-packages\pandas\io\parsers\c_parser_wrapper.py
fn=_filter_usecols
328 1500
cfl=c:\Users\Pedro\faculdade\IniciacaoCientifica\grn\.env\Lib\site-packages\pandas\io\parsers\base_parser.py
cfn=evaluate_callable_usecols
calls=1 984
328 500

fl=c:\Users\Pedro\faculdade\IniciacaoCientifica\grn\.env\Lib\site-packages\pandas\io\parsers\c_parser_wrapper.py
fn=_concatenate_chunks
336 23400
cfl=c:\Users\Pedro\faculdade\IniciacaoCientifica\grn\.env\Lib\site-packages\pandas\core\dtypes\concat.py
cfn=concat_compat
calls=12 52
336 25000
cfl=~
cfn=<built-in method builtins.isinstance>
calls=24 0
336 2300
cfl=~
cfn=<built-in method builtins.len>
calls=12 0
336 1500
cfl=~
cfn=<method 'keys' of 'dict' objects>
calls=1 0
336 200
cfl=~
cfn=<method 'pop' of 'dict' objects>
calls=12 0
336 1500
cfl=~
cfn=<method 'pop' of 'set' objects>
calls=12 0
336 1500

fl=c:\Users\Pedro\faculdade\IniciacaoCientifica\grn\.env\Lib\site-packages\pandas\io\parsers\c_parser_wrapper.py
fn=ensure_dtype_objs
377 800
cfl=~
cfn=<built-in method builtins.isinstance>
calls=2 0
377 400

fl=c:\Users\Pedro\faculdade\IniciacaoCientifica\grn\.env\Lib\site-packages\pandas\io\parsers\readers.py
fn=validate_integer
202 200

fl=c:\Users\Pedro\faculdade\IniciacaoCientifica\grn\.env\Lib\site-packages\pandas\io\parsers\readers.py
fn=_validate_names
234 200

fl=c:\Users\Pedro\faculdade\IniciacaoCientifica\grn\.env\Lib\site-packages\pandas\io\parsers\readers.py
fn=_read
258 19500
cfl=c:\Users\Pedro\faculdade\IniciacaoCientifica\grn\.env\Lib\site-packages\pandas\io\parsers\readers.py
cfn=validate_integer
calls=1 202
258 100
cfl=c:\Users\Pedro\faculdade\IniciacaoCientifica\grn\.env\Lib\site-packages\pandas\io\parsers\readers.py
cfn=_validate_names
calls=1 234
258 200
cfl=c:\Users\Pedro\faculdade\IniciacaoCientifica\grn\.env\Lib\site-packages\pandas\io\parsers\readers.py
cfn=__init__
calls=1 1600
258 4204400
cfl=c:\Users\Pedro\faculdade\IniciacaoCientifica\grn\.env\Lib\site-packages\pandas\io\parsers\readers.py
cfn=read
calls=1 1931
258 789300
cfl=c:\Users\Pedro\faculdade\IniciacaoCientifica\grn\.env\Lib\site-packages\pandas\io\parsers\readers.py
cfn=__enter__
calls=1 2014
258 100
cfl=c:\Users\Pedro\faculdade\IniciacaoCientifica\grn\.env\Lib\site-packages\pandas\io\parsers\readers.py
cfn=__exit__
calls=1 2017
258 29800
cfl=~
cfn=<built-in method builtins.isinstance>
calls=1 0
258 0
cfl=~
cfn=<method 'get' of 'dict' objects>
calls=8 0
258 900

fl=c:\Users\Pedro\faculdade\IniciacaoCientifica\grn\.env\Lib\site-packages\pandas\io\parsers\readers.py
fn=read_csv
349 16500
cfl=c:\Users\Pedro\faculdade\IniciacaoCientifica\grn\.env\Lib\site-packages\pandas\io\parsers\readers.py
cfn=_read
calls=1 258
349 5044300
cfl=c:\Users\Pedro\faculdade\IniciacaoCientifica\grn\.env\Lib\site-packages\pandas\io\parsers\readers.py
cfn=_refine_defaults_read
calls=1 2156
349 5200
cfl=~
cfn=<built-in method builtins.locals>
calls=1 0
349 5300
cfl=~
cfn=<method 'copy' of 'dict' objects>
calls=1 0
349 500
cfl=~
cfn=<method 'update' of 'dict' objects>
calls=1 0
349 700

fl=c:\Users\Pedro\faculdade\IniciacaoCientifica\grn\.env\Lib\site-packages\pandas\io\parsers\readers.py
fn=__init__
1600 24100
cfl=c:\Users\Pedro\faculdade\IniciacaoCientifica\grn\.env\Lib\site-packages\pandas\io\parsers\readers.py
cfn=_get_options_with_defaults
calls=1 1652
1600 11000
cfl=c:\Users\Pedro\faculdade\IniciacaoCientifica\grn\.env\Lib\site-packages\pandas\io\parsers\readers.py
cfn=_check_file_or_buffer
calls=1 1698
1600 2400
cfl=c:\Users\Pedro\faculdade\IniciacaoCientifica\grn\.env\Lib\site-packages\pandas\io\parsers\readers.py
cfn=_clean_options
calls=1 1719
1600 16800
cfl=c:\Users\Pedro\faculdade\IniciacaoCientifica\grn\.env\Lib\site-packages\pandas\io\parsers\readers.py
cfn=_make_engine
calls=1 1871
1600 4148200
cfl=c:\Users\Pedro\faculdade\IniciacaoCientifica\grn\.env\Lib\site-packages\pandas\io\parsers\readers.py
cfn=_extract_dialect
calls=1 2269
1600 500
cfl=c:\Users\Pedro\faculdade\IniciacaoCientifica\grn\.env\Lib\site-packages\pandas\io\parsers\readers.py
cfn=_validate_skipfooter
calls=1 2371
1600 500
cfl=~
cfn=<method 'get' of 'dict' objects>
calls=4 0
1600 500
cfl=~
cfn=<method 'pop' of 'dict' objects>
calls=2 0
1600 400

fl=c:\Users\Pedro\faculdade\IniciacaoCientifica\grn\.env\Lib\site-packages\pandas\io\parsers\readers.py
fn=close
1647 2400
cfl=c:\Users\Pedro\faculdade\IniciacaoCientifica\grn\.env\Lib\site-packages\pandas\io\common.py
cfn=close
calls=1 126
1647 24000
cfl=c:\Users\Pedro\faculdade\IniciacaoCientifica\grn\.env\Lib\site-packages\pandas\io\parsers\c_parser_wrapper.py
cfn=close
calls=1 176
1647 2000

fl=c:\Users\Pedro\faculdade\IniciacaoCientifica\grn\.env\Lib\site-packages\pandas\io\parsers\readers.py
fn=_get_options_with_defaults
1652 8100
cfl=~
cfn=<method 'get' of 'dict' objects>
calls=34 0
1652 2500
cfl=~
cfn=<method 'items' of 'dict' objects>
calls=2 0
1652 400

fl=c:\Users\Pedro\faculdade\IniciacaoCientifica\grn\.env\Lib\site-packages\pandas\io\parsers\readers.py
fn=_check_file_or_buffer
1698 1000
cfl=c:\Users\Pedro\faculdade\IniciacaoCientifica\grn\.env\Lib\site-packages\pandas\core\dtypes\inference.py
cfn=is_file_like
calls=1 106
1698 1100
cfl=~
cfn=<built-in method builtins.hasattr>
calls=1 0
1698 300

fl=c:\Users\Pedro\faculdade\IniciacaoCientifica\grn\.env\Lib\site-packages\pandas\io\parsers\readers.py
fn=_clean_options
1719 12900
cfl=c:\Users\Pedro\faculdade\IniciacaoCientifica\grn\.env\Lib\site-packages\pandas\io\common.py
cfn=validate_header_arg
calls=1 200
1719 1300
cfl=c:\Users\Pedro\faculdade\IniciacaoCientifica\grn\.env\Lib\site-packages\pandas\io\parsers\base_parser.py
cfn=is_index_col
calls=1 871
1719 200
cfl=c:\Users\Pedro\faculdade\IniciacaoCientifica\grn\.env\Lib\site-packages\pandas\io\parsers\readers.py
cfn=_clean_na_values
calls=1 2079
1719 700
cfl=~
cfn=<built-in method builtins.isinstance>
calls=1 0
1719 100
cfl=~
cfn=<built-in method builtins.len>
calls=3 0
1719 400
cfl=~
cfn=<built-in method builtins.ord>
calls=1 0
1719 200
cfl=~
cfn=<built-in method sys.getfilesystemencoding>
calls=1 0
1719 300
cfl=~
cfn=<method 'copy' of 'dict' objects>
calls=1 0
1719 300
cfl=~
cfn=<method 'encode' of 'str' objects>
calls=1 0
1719 400

fl=c:\Users\Pedro\faculdade\IniciacaoCientifica\grn\.env\Lib\site-packages\pandas\io\parsers\readers.py
fn=_make_engine
1871 18200
cfl=c:\Users\Pedro\faculdade\IniciacaoCientifica\grn\.env\Lib\site-packages\pandas\io\common.py
cfn=get_handle
calls=1 701
1871 3948700
cfl=c:\Users\Pedro\faculdade\IniciacaoCientifica\grn\.env\Lib\site-packages\pandas\io\parsers\c_parser_wrapper.py
cfn=__init__
calls=1 65
1871 180500
cfl=~
cfn=<built-in method builtins.isinstance>
calls=1 0
1871 200
cfl=~
cfn=<method 'get' of 'dict' objects>
calls=6 0
1871 600

fl=c:\Users\Pedro\faculdade\IniciacaoCientifica\grn\.env\Lib\site-packages\pandas\io\parsers\readers.py
fn=read
1931 18700
cfl=c:\Users\Pedro\faculdade\IniciacaoCientifica\grn\.env\Lib\site-packages\pandas\core\frame.py
cfn=__init__
calls=1 702
1931 546100
cfl=c:\Users\Pedro\faculdade\IniciacaoCientifica\grn\.env\Lib\site-packages\pandas\core\indexes\range.py
cfn=__new__
calls=1 151
1931 17500
cfl=c:\Users\Pedro\faculdade\IniciacaoCientifica\grn\.env\Lib\site-packages\pandas\io\parsers\c_parser_wrapper.py
cfn=read
calls=1 203
1931 205400
cfl=c:\Users\Pedro\faculdade\IniciacaoCientifica\grn\.env\Lib\site-packages\pandas\io\parsers\readers.py
cfn=validate_integer
calls=1 202
1931 100
cfl=~
cfn=<built-in method builtins.hasattr>
calls=1 0
1931 200
cfl=~
cfn=<built-in method builtins.isinstance>
calls=1 0
1931 100
cfl=~
cfn=<built-in method builtins.iter>
calls=1 0
1931 500
cfl=~
cfn=<built-in method builtins.len>
calls=1 0
1931 100
cfl=~
cfn=<built-in method builtins.next>
calls=1 0
1931 200
cfl=~
cfn=<method 'get' of 'dict' objects>
calls=1 0
1931 200
cfl=~
cfn=<method 'values' of 'dict' objects>
calls=1 0
1931 200

fl=c:\Users\Pedro\faculdade\IniciacaoCientifica\grn\.env\Lib\site-packages\pandas\io\parsers\readers.py
fn=__enter__
2014 100

fl=c:\Users\Pedro\faculdade\IniciacaoCientifica\grn\.env\Lib\site-packages\pandas\io\parsers\readers.py
fn=__exit__
2017 1400
cfl=c:\Users\Pedro\faculdade\IniciacaoCientifica\grn\.env\Lib\site-packages\pandas\io\parsers\readers.py
cfn=close
calls=1 1647
2017 28400

fl=c:\Users\Pedro\faculdade\IniciacaoCientifica\grn\.env\Lib\site-packages\pandas\io\parsers\readers.py
fn=_clean_na_values
2079 700

fl=c:\Users\Pedro\faculdade\IniciacaoCientifica\grn\.env\Lib\site-packages\pandas\io\parsers\readers.py
fn=_refine_defaults_read
2156 4700
cfl=c:\Users\Pedro\faculdade\IniciacaoCientifica\grn\.env\Lib\site-packages\pandas\util\_validators.py
cfn=check_dtype_backend
calls=1 476
2156 500

fl=c:\Users\Pedro\faculdade\IniciacaoCientifica\grn\.env\Lib\site-packages\pandas\io\parsers\readers.py
fn=_extract_dialect
2269 400
cfl=~
cfn=<method 'get' of 'dict' objects>
calls=1 0
2269 100

fl=c:\Users\Pedro\faculdade\IniciacaoCientifica\grn\.env\Lib\site-packages\pandas\io\parsers\readers.py
fn=_validate_skipfooter
2371 400
cfl=~
cfn=<method 'get' of 'dict' objects>
calls=1 0
2371 100

fl=c:\Users\Pedro\faculdade\IniciacaoCientifica\grn\.env\Lib\site-packages\pandas\util\_validators.py
fn=check_dtype_backend
476 500

fl=c:\Users\Pedro\faculdade\IniciacaoCientifica\grn\.env\Lib\site-packages\scipy\_lib\_array_api_override.py
fn=array_namespace
69 3800

fl=c:\Users\Pedro\faculdade\IniciacaoCientifica\grn\.env\Lib\site-packages\scipy\_lib\_sparse.py
fn=issparse
10 2300
cfl=~
cfn=<built-in method builtins.isinstance>
calls=4 0
10 117200

fl=c:\Users\Pedro\faculdade\IniciacaoCientifica\grn\.env\Lib\site-packages\scipy\_lib\_util.py
fn=wrapper
291 1491100
cfl=c:\Users\Pedro\faculdade\IniciacaoCientifica\grn\.env\Lib\site-packages\scipy\optimize\_differentialevolution.py
cfn=differential_evolution
calls=0 25
291 0
cfl=~
cfn=<built-in method builtins.len>
calls=1 0
291 300
cfl=~
cfn=<method 'pop' of 'dict' objects>
calls=1 0
291 600

fl=c:\Users\Pedro\faculdade\IniciacaoCientifica\grn\.env\Lib\site-packages\scipy\_lib\_util.py
fn=check_random_state
393 76800
cfl=<frozen abc>
cfn=__instancecheck__
calls=1 117
393 7800
cfl=C:\Users\Pedro\AppData\Local\Python\pythoncore-3.14-64\Lib\random.py
cfn=getrandbits
calls=1 901
393 5200
cfl=C:\Users\Pedro\AppData\Local\Python\pythoncore-3.14-64\Lib\threading.py
cfn=RLock
calls=1 126
393 900
cfl=c:\Users\Pedro\faculdade\IniciacaoCientifica\grn\.env\Lib\site-packages\numpy\_core\_ufunc_config.py
cfn=inner
calls=1 496
393 56300
cfl=c:\Users\Pedro\faculdade\IniciacaoCientifica\grn\.env\Lib\site-packages\numpy\_core\multiarray.py
cfn=concatenate
calls=1 197
393 100
cfl=~
cfn=<built-in method builtins.isinstance>
calls=1 0
393 7400

fl=c:\Users\Pedro\faculdade\IniciacaoCientifica\grn\.env\Lib\site-packages\scipy\_lib\_util.py
fn=__init__:583
583 500

fl=c:\Users\Pedro\faculdade\IniciacaoCientifica\grn\.env\Lib\site-packages\scipy\_lib\_util.py
fn=__call__:587
587 44800
cfl=c:\Users\Pedro\faculdade\IniciacaoCientifica\grn\PythonCode\Modules\Methods.py
cfn=objective_function
calls=22 199
587 52453100

fl=c:\Users\Pedro\faculdade\IniciacaoCientifica\grn\.env\Lib\site-packages\scipy\_lib\_util.py
fn=__init__:595
595 700

fl=c:\Users\Pedro\faculdade\IniciacaoCientifica\grn\.env\Lib\site-packages\scipy\_lib\_util.py
fn=__call__:600
600 35400
cfl=c:\Users\Pedro\faculdade\IniciacaoCientifica\grn\.env\Lib\site-packages\numpy\_core\numeric.py
cfn=isscalar
calls=20 1975
600 8800
cfl=c:\Users\Pedro\faculdade\IniciacaoCientifica\grn\.env\Lib\site-packages\numpy\lib\_function_base_impl.py
cfn=_copy_dispatcher
calls=20 920
600 1800
cfl=c:\Users\Pedro\faculdade\IniciacaoCientifica\grn\.env\Lib\site-packages\numpy\lib\_function_base_impl.py
cfn=copy
calls=20 924
600 10600
cfl=c:\Users\Pedro\faculdade\IniciacaoCientifica\grn\.env\Lib\site-packages\scipy\optimize\_differentialevolution.py
cfn=_f
calls=20 1293
600 2269400

fl=c:\Users\Pedro\faculdade\IniciacaoCientifica\grn\.env\Lib\site-packages\scipy\_lib\_util.py
fn=__init__:633
633 3200
cfl=~
cfn=<built-in method builtins.callable>
calls=2 0
633 300

fl=c:\Users\Pedro\faculdade\IniciacaoCientifica\grn\.env\Lib\site-packages\scipy\_lib\_util.py
fn=__enter__
669 100

fl=c:\Users\Pedro\faculdade\IniciacaoCientifica\grn\.env\Lib\site-packages\scipy\_lib\_util.py
fn=__exit__
684 1200

fl=c:\Users\Pedro\faculdade\IniciacaoCientifica\grn\.env\Lib\site-packages\scipy\_lib\_util.py
fn=__call__:689
689 8300
cfl=c:\Users\Pedro\faculdade\IniciacaoCientifica\grn\.env\Lib\site-packages\scipy\optimize\_differentialevolution.py
cfn=maplike_for_vectorized_func
calls=22 849
689 52567100

fl=c:\Users\Pedro\faculdade\IniciacaoCientifica\grn\.env\Lib\site-packages\scipy\_lib\_util.py
fn=rng_integers
722 22000
cfl=c:\Users\Pedro\faculdade\IniciacaoCientifica\grn\.env\Lib\site-packages\numpy\_core\fromnumeric.py
cfn=_prod_dispatcher
calls=1 3282
722 200
cfl=c:\Users\Pedro\faculdade\IniciacaoCientifica\grn\.env\Lib\site-packages\numpy\_core\fromnumeric.py
cfn=prod
calls=1 3287
722 9100
cfl=~
cfn=<built-in method builtins.isinstance>
calls=1 0
722 700

fl=c:\Users\Pedro\faculdade\IniciacaoCientifica\grn\.env\Lib\site-packages\scipy\_lib\_util.py
fn=__getattr__
1016 900

fl=c:\Users\Pedro\faculdade\IniciacaoCientifica\grn\.env\Lib\site-packages\scipy\_lib\array_api_compat\common\_helpers.py
fn=_check_device
683 8800
cfl=~
cfn=<method 'get' of 'dict' objects>
calls=23 0
683 4100

fl=c:\Users\Pedro\faculdade\IniciacaoCientifica\grn\.env\Lib\site-packages\scipy\_lib\array_api_compat\numpy\_aliases.py
fn=asarray
70 5700
cfl=c:\Users\Pedro\faculdade\IniciacaoCientifica\grn\.env\Lib\site-packages\scipy\_lib\array_api_compat\common\_helpers.py
cfn=_check_device
calls=2 683
70 1600
cfl=~
cfn=<built-in method numpy.array>
calls=2 0
70 6200

fl=c:\Users\Pedro\faculdade\IniciacaoCientifica\grn\.env\Lib\site-packages\scipy\_lib\array_api_compat\numpy\_aliases.py
fn=astype
97 12900
cfl=c:\Users\Pedro\faculdade\IniciacaoCientifica\grn\.env\Lib\site-packages\scipy\_lib\array_api_compat\common\_helpers.py
cfn=_check_device
calls=21 683
97 11300
cfl=~
cfn=<method 'astype' of 'numpy.ndarray' objects>
calls=21 0
97 11200

fl=c:\Users\Pedro\faculdade\IniciacaoCientifica\grn\.env\Lib\site-packages\scipy\_lib\array_api_extra\_delegation.py
fn=atleast_nd
34 4400
cfl=c:\Users\Pedro\faculdade\IniciacaoCientifica\grn\.env\Lib\site-packages\numpy\_core\shape_base.py
cfn=_atleast_1d_dispatcher
calls=2 15
34 300
cfl=c:\Users\Pedro\faculdade\IniciacaoCientifica\grn\.env\Lib\site-packages\numpy\_core\shape_base.py
cfn=atleast_1d
calls=2 19
34 1700
cfl=~
cfn=<built-in method builtins.getattr>
calls=2 0
34 900

fl=c:\Users\Pedro\faculdade\IniciacaoCientifica\grn\.env\Lib\site-packages\scipy\optimize\_constraints.py
fn=_arr_to_scalar
16 7900
cfl=~
cfn=<built-in method builtins.isinstance>
calls=38 0
16 2800

fl=c:\Users\Pedro\faculdade\IniciacaoCientifica\grn\.env\Lib\site-packages\scipy\optimize\_constraints.py
fn=_input_validation
258 4100
cfl=c:\Users\Pedro\faculdade\IniciacaoCientifica\grn\.env\Lib\site-packages\numpy\lib\_stride_tricks_impl.py
cfn=_broadcast_arrays_dispatcher
calls=1 510
258 100
cfl=c:\Users\Pedro\faculdade\IniciacaoCientifica\grn\.env\Lib\site-packages\numpy\lib\_stride_tricks_impl.py
cfn=broadcast_arrays
calls=1 514
258 31800

fl=c:\Users\Pedro\faculdade\IniciacaoCientifica\grn\.env\Lib\site-packages\scipy\optimize\_constraints.py
fn=__init__
266 7100
cfl=c:\Users\Pedro\faculdade\IniciacaoCientifica\grn\.env\Lib\site-packages\numpy\_core\shape_base.py
cfn=_atleast_1d_dispatcher
calls=3 15
266 300
cfl=c:\Users\Pedro\faculdade\IniciacaoCientifica\grn\.env\Lib\site-packages\numpy\_core\shape_base.py
cfn=atleast_1d
calls=3 19
266 4900
cfl=c:\Users\Pedro\faculdade\IniciacaoCientifica\grn\.env\Lib\site-packages\scipy\_lib\_sparse.py
cfn=issparse
calls=3 10
266 77900
cfl=c:\Users\Pedro\faculdade\IniciacaoCientifica\grn\.env\Lib\site-packages\scipy\optimize\_constraints.py
cfn=_input_validation
calls=1 258
266 36000
cfl=~
cfn=<method 'astype' of 'numpy.ndarray' objects>
calls=1 0
266 800

fl=c:\Users\Pedro\faculdade\IniciacaoCientifica\grn\.env\Lib\site-packages\scipy\optimize\_constraints.py
fn=new_bounds_to_old
419 11800
cfl=c:\Users\Pedro\faculdade\IniciacaoCientifica\grn\.env\Lib\site-packages\numpy\lib\_stride_tricks_impl.py
cfn=_broadcast_to_dispatcher
calls=2 396
419 300
cfl=c:\Users\Pedro\faculdade\IniciacaoCientifica\grn\.env\Lib\site-packages\numpy\lib\_stride_tricks_impl.py
cfn=broadcast_to
calls=2 400
419 10700

fl=c:\Users\Pedro\faculdade\IniciacaoCientifica\grn\.env\Lib\site-packages\scipy\optimize\_constraints.py
fn=old_bound_to_new
437 12000
cfl=c:\Users\Pedro\faculdade\IniciacaoCientifica\grn\.env\Lib\site-packages\scipy\optimize\_constraints.py
cfn=_arr_to_scalar
calls=38 16
437 10700
cfl=~
cfn=<built-in method numpy.array>
calls=2 0
437 2500

fl=c:\Users\Pedro\faculdade\IniciacaoCientifica\grn\.env\Lib\site-packages\scipy\optimize\_differentiable_functions.py
fn=__init__:20
20 1000

fl=c:\Users\Pedro\faculdade\IniciacaoCientifica\grn\.env\Lib\site-packages\scipy\optimize\_differentiable_functions.py
fn=__call__
35 11800
cfl=c:\Users\Pedro\faculdade\IniciacaoCientifica\grn\.env\Lib\site-packages\scipy\optimize\_numdiff.py
cfn=approx_derivative
calls=1 278
35 2610700
cfl=~
cfn=<built-in method builtins.callable>
calls=1 0
35 100

fl=c:\Users\Pedro\faculdade\IniciacaoCientifica\grn\.env\Lib\site-packages\scipy\optimize\_differentiable_functions.py
fn=__init__:57
57 6400
cfl=c:\Users\Pedro\faculdade\IniciacaoCientifica\grn\.env\Lib\site-packages\numpy\_core\shape_base.py
cfn=_atleast_2d_dispatcher
calls=1 74
57 0
cfl=c:\Users\Pedro\faculdade\IniciacaoCientifica\grn\.env\Lib\site-packages\numpy\_core\shape_base.py
cfn=atleast_2d
calls=1 78
57 2400
cfl=c:\Users\Pedro\faculdade\IniciacaoCientifica\grn\.env\Lib\site-packages\numpy\lib\_function_base_impl.py
cfn=_copy_dispatcher
calls=1 920
57 100
cfl=c:\Users\Pedro\faculdade\IniciacaoCientifica\grn\.env\Lib\site-packages\numpy\lib\_function_base_impl.py
cfn=copy
calls=1 924
57 900
cfl=c:\Users\Pedro\faculdade\IniciacaoCientifica\grn\.env\Lib\site-packages\scipy\_lib\_sparse.py
cfn=issparse
calls=1 10
57 41600
cfl=c:\Users\Pedro\faculdade\IniciacaoCientifica\grn\.env\Lib\site-packages\scipy\optimize\_optimize.py
cfn=hess
calls=1 299
57 200
cfl=~
cfn=<built-in method builtins.callable>
calls=1 0
57 100
cfl=~
cfn=<built-in method builtins.isinstance>
calls=1 0
57 100
cfl=~
cfn=<built-in method numpy.asarray>
calls=1 0
57 1400

fl=c:\Users\Pedro\faculdade\IniciacaoCientifica\grn\.env\Lib\site-packages\scipy\optimize\_differentiable_functions.py
fn=__init__:218
218 29200
cfl=c:\Users\Pedro\faculdade\IniciacaoCientifica\grn\.env\Lib\site-packages\numpy\_core\numerictypes.py
cfn=isdtype
calls=1 385
218 7800
cfl=c:\Users\Pedro\faculdade\IniciacaoCientifica\grn\.env\Lib\site-packages\scipy\_lib\_array_api_override.py
cfn=array_namespace
calls=1 69
218 500
cfl=c:\Users\Pedro\faculdade\IniciacaoCientifica\grn\.env\Lib\site-packages\scipy\_lib\_util.py
cfn=__init__:595
calls=1 595
218 700
cfl=c:\Users\Pedro\faculdade\IniciacaoCientifica\grn\.env\Lib\site-packages\scipy\_lib\array_api_compat\numpy\_aliases.py
cfn=asarray
calls=1 70
218 10200
cfl=c:\Users\Pedro\faculdade\IniciacaoCientifica\grn\.env\Lib\site-packages\scipy\_lib\array_api_compat\numpy\_aliases.py
cfn=astype
calls=1 97
218 2100
cfl=c:\Users\Pedro\faculdade\IniciacaoCientifica\grn\.env\Lib\site-packages\scipy\_lib\array_api_extra\_delegation.py
cfn=atleast_nd
calls=1 34
218 4300
cfl=c:\Users\Pedro\faculdade\IniciacaoCientifica\grn\.env\Lib\site-packages\scipy\optimize\_differentiable_functions.py
cfn=__init__:20
calls=1 20
218 1000
cfl=c:\Users\Pedro\faculdade\IniciacaoCientifica\grn\.env\Lib\site-packages\scipy\optimize\_differentiable_functions.py
cfn=__init__:57
calls=1 57
218 53200
cfl=c:\Users\Pedro\faculdade\IniciacaoCientifica\grn\.env\Lib\site-packages\scipy\optimize\_differentiable_functions.py
cfn=_update_fun
calls=1 360
218 135300
cfl=c:\Users\Pedro\faculdade\IniciacaoCientifica\grn\.env\Lib\site-packages\scipy\optimize\_differentiable_functions.py
cfn=_update_grad
calls=1 371
218 2627200
cfl=~
cfn=<built-in method builtins.callable>
calls=3 0
218 300
cfl=~
cfn=<built-in method builtins.isinstance>
calls=1 0
218 200

fl=c:\Users\Pedro\faculdade\IniciacaoCientifica\grn\.env\Lib\site-packages\scipy\optimize\_differentiable_functions.py
fn=nfev
325 500

fl=c:\Users\Pedro\faculdade\IniciacaoCientifica\grn\.env\Lib\site-packages\scipy\optimize\_differentiable_functions.py
fn=ngev
329 200

fl=c:\Users\Pedro\faculdade\IniciacaoCientifica\grn\.env\Lib\site-packages\scipy\optimize\_differentiable_functions.py
fn=_update_fun
360 3600
cfl=c:\Users\Pedro\faculdade\IniciacaoCientifica\grn\.env\Lib\site-packages\scipy\_lib\_util.py
cfn=__call__:600
calls=1 600
360 132400

fl=c:\Users\Pedro\faculdade\IniciacaoCientifica\grn\.env\Lib\site-packages\scipy\optimize\_differentiable_functions.py
fn=_update_grad
371 4700
cfl=c:\Users\Pedro\faculdade\IniciacaoCientifica\grn\.env\Lib\site-packages\scipy\optimize\_differentiable_functions.py
cfn=__call__
calls=1 35
371 2622600
cfl=c:\Users\Pedro\faculdade\IniciacaoCientifica\grn\.env\Lib\site-packages\scipy\optimize\_differentiable_functions.py
cfn=_update_fun
calls=1 360
371 400

fl=c:\Users\Pedro\faculdade\IniciacaoCientifica\grn\.env\Lib\site-packages\scipy\optimize\_differentiable_functions.py
fn=fun_and_grad
409 5100
cfl=c:\Users\Pedro\faculdade\IniciacaoCientifica\grn\.env\Lib\site-packages\numpy\_core\numeric.py
cfn=_array_equal_dispatcher
calls=1 2516
409 200
cfl=c:\Users\Pedro\faculdade\IniciacaoCientifica\grn\.env\Lib\site-packages\numpy\_core\numeric.py
cfn=array_equal
calls=1 2535
409 12900
cfl=c:\Users\Pedro\faculdade\IniciacaoCientifica\grn\.env\Lib\site-packages\scipy\optimize\_differentiable_functions.py
cfn=_update_fun
calls=1 360
409 300
cfl=c:\Users\Pedro\faculdade\IniciacaoCientifica\grn\.env\Lib\site-packages\scipy\optimize\_differentiable_functions.py
cfn=_update_grad
calls=1 371
409 500

fl=c:\Users\Pedro\faculdade\IniciacaoCientifica\grn\.env\Lib\site-packages\scipy\optimize\_differentialevolution.py
fn=differential_evolution
25 19000
cfl=c:\Users\Pedro\faculdade\IniciacaoCientifica\grn\.env\Lib\site-packages\IPython\core\history.py
cfn=_writeout_output_cache
calls=1 1047
25 4000
cfl=c:\Users\Pedro\faculdade\IniciacaoCientifica\grn\.env\Lib\site-packages\scipy\optimize\_differentialevolution.py
cfn=__init__
calls=0 805
25 0
cfl=c:\Users\Pedro\faculdade\IniciacaoCientifica\grn\.env\Lib\site-packages\traitlets\traitlets.py
cfn=__set__
calls=2 727
25 49900
cfl=~
cfn=<method '__enter__' of '_thread.lock' objects>
calls=1 0
25 400
cfl=~
cfn=<method '__exit__' of '_thread.lock' objects>
calls=2 0
25 500

fl=c:\Users\Pedro\faculdade\IniciacaoCientifica\grn\.env\Lib\site-packages\scipy\optimize\_differentialevolution.py
fn=__init__
805 15200
cfl=c:\Users\Pedro\faculdade\IniciacaoCientifica\grn\.env\Lib\site-packages\numpy\_core\_ufunc_config.py
cfn=__init__
calls=1 462
805 300
cfl=c:\Users\Pedro\faculdade\IniciacaoCientifica\grn\.env\Lib\site-packages\numpy\_core\_ufunc_config.py
cfn=__enter__
calls=1 472
805 4800
cfl=c:\Users\Pedro\faculdade\IniciacaoCientifica\grn\.env\Lib\site-packages\numpy\_core\_ufunc_config.py
cfn=__exit__
calls=1 488
805 2700
cfl=c:\Users\Pedro\faculdade\IniciacaoCientifica\grn\.env\Lib\site-packages\numpy\_core\fromnumeric.py
cfn=_any_dispatcher
calls=3 2431
805 500
cfl=c:\Users\Pedro\faculdade\IniciacaoCientifica\grn\.env\Lib\site-packages\numpy\_core\fromnumeric.py
cfn=any
calls=3 2436
805 22900
cfl=c:\Users\Pedro\faculdade\IniciacaoCientifica\grn\.env\Lib\site-packages\numpy\_core\fromnumeric.py
cfn=_all_dispatcher
calls=2 2543
805 300
cfl=c:\Users\Pedro\faculdade\IniciacaoCientifica\grn\.env\Lib\site-packages\numpy\_core\fromnumeric.py
cfn=all
calls=2 2548
805 39400
cfl=c:\Users\Pedro\faculdade\IniciacaoCientifica\grn\.env\Lib\site-packages\numpy\_core\fromnumeric.py
cfn=_size_dispatcher
calls=2 3521
805 200
cfl=c:\Users\Pedro\faculdade\IniciacaoCientifica\grn\.env\Lib\site-packages\numpy\_core\fromnumeric.py
cfn=size
calls=2 3525
805 35400
cfl=c:\Users\Pedro\faculdade\IniciacaoCientifica\grn\.env\Lib\site-packages\numpy\_core\numeric.py
cfn=_count_nonzero_dispatcher
calls=1 479
805 200
cfl=c:\Users\Pedro\faculdade\IniciacaoCientifica\grn\.env\Lib\site-packages\numpy\_core\numeric.py
cfn=count_nonzero
calls=1 483
805 1800
cfl=c:\Users\Pedro\faculdade\IniciacaoCientifica\grn\.env\Lib\site-packages\scipy\_lib\_util.py
cfn=check_random_state
calls=1 393
805 154500
cfl=c:\Users\Pedro\faculdade\IniciacaoCientifica\grn\.env\Lib\site-packages\scipy\_lib\_util.py
cfn=__init__:583
calls=1 583
805 500
cfl=c:\Users\Pedro\faculdade\IniciacaoCientifica\grn\.env\Lib\site-packages\scipy\_lib\_util.py
cfn=__init__:633
calls=1 633
805 1900
cfl=c:\Users\Pedro\faculdade\IniciacaoCientifica\grn\.env\Lib\site-packages\scipy\optimize\_differentialevolution.py
cfn=init_population_lhs
calls=0 1032
805 0
cfl=c:\Users\Pedro\faculdade\IniciacaoCientifica\grn\.env\Lib\site-packages\scipy\optimize\_optimize.py
cfn=_wrap_callback
calls=1 88
805 100
cfl=~
cfn=<built-in method _warnings.warn>
calls=1 0
805 666900
cfl=~
cfn=<built-in method builtins.callable>
calls=1 0
805 200
cfl=~
cfn=<built-in method builtins.hasattr>
calls=1 0
805 500
cfl=~
cfn=<built-in method builtins.isinstance>
calls=2 0
805 500
cfl=~
cfn=<built-in method builtins.max>
calls=2 0
805 900
cfl=~
cfn=<built-in method numpy.array>
calls=3 0
805 9200

fl=c:\Users\Pedro\faculdade\IniciacaoCientifica\grn\.env\Lib\site-packages\scipy\optimize\_differentialevolution.py
fn=maplike_for_vectorized_func
849 42100
cfl=c:\Users\Pedro\faculdade\IniciacaoCientifica\grn\.env\Lib\site-packages\numpy\_core\shape_base.py
cfn=_atleast_1d_dispatcher
calls=22 15
849 1700
cfl=c:\Users\Pedro\faculdade\IniciacaoCientifica\grn\.env\Lib\site-packages\numpy\_core\shape_base.py
cfn=atleast_1d
calls=22 19
849 25400
cfl=c:\Users\Pedro\faculdade\IniciacaoCientifica\grn\.env\Lib\site-packages\scipy\_lib\_util.py
cfn=__call__:587
calls=22 587
849 52497900

fl=c:\Users\Pedro\faculdade\IniciacaoCientifica\grn\.env\Lib\site-packages\scipy\optimize\_differentialevolution.py
fn=mutation_func
1028 900
cfl=~
cfn=<built-in method builtins.getattr>
calls=1 0
1028 600

fl=c:\Users\Pedro\faculdade\IniciacaoCientifica\grn\.env\Lib\site-packages\scipy\optimize\_differentialevolution.py
fn=init_population_lhs
1032 372000
cfl=c:\Users\Pedro\faculdade\IniciacaoCientifica\grn\.env\Lib\site-packages\numpy\_core\function_base.py
cfn=_linspace_dispatcher
calls=1 22
1032 200
cfl=c:\Users\Pedro\faculdade\IniciacaoCientifica\grn\.env\Lib\site-packages\numpy\_core\function_base.py
cfn=linspace
calls=1 27
1032 22900
cfl=c:\Users\Pedro\faculdade\IniciacaoCientifica\grn\.env\Lib\site-packages\numpy\_core\multiarray.py
cfn=may_share_memory
calls=8 1397
1032 800
cfl=c:\Users\Pedro\faculdade\IniciacaoCientifica\grn\.env\Lib\site-packages\numpy\_core\numeric.py
cfn=_zeros_like_dispatcher
calls=1 91
1032 0
cfl=c:\Users\Pedro\faculdade\IniciacaoCientifica\grn\.env\Lib\site-packages\numpy\_core\numeric.py
cfn=zeros_like
calls=1 97
1032 7000

fl=c:\Users\Pedro\faculdade\IniciacaoCientifica\grn\.env\Lib\site-packages\scipy\optimize\_differentialevolution.py
fn=x
1156 3000
cfl=c:\Users\Pedro\faculdade\IniciacaoCientifica\grn\.env\Lib\site-packages\scipy\optimize\_differentialevolution.py
cfn=_scale_parameters
calls=2 1726
1156 18800

fl=c:\Users\Pedro\faculdade\IniciacaoCientifica\grn\.env\Lib\site-packages\scipy\optimize\_differentialevolution.py
fn=converged
1174 20000
cfl=c:\Users\Pedro\faculdade\IniciacaoCientifica\grn\.env\Lib\site-packages\numpy\_core\fromnumeric.py
cfn=_any_dispatcher
calls=1 2431
1174 200
cfl=c:\Users\Pedro\faculdade\IniciacaoCientifica\grn\.env\Lib\site-packages\numpy\_core\fromnumeric.py
cfn=any
calls=1 2436
1174 9000
cfl=c:\Users\Pedro\faculdade\IniciacaoCientifica\grn\.env\Lib\site-packages\numpy\_core\fromnumeric.py
cfn=_mean_dispatcher
calls=1 3694
1174 200
cfl=c:\Users\Pedro\faculdade\IniciacaoCientifica\grn\.env\Lib\site-packages\numpy\_core\fromnumeric.py
cfn=mean
calls=1 3699
1174 16000
cfl=c:\Users\Pedro\faculdade\IniciacaoCientifica\grn\.env\Lib\site-packages\numpy\_core\fromnumeric.py
cfn=_std_dispatcher
calls=1 3828
1174 200
cfl=c:\Users\Pedro\faculdade\IniciacaoCientifica\grn\.env\Lib\site-packages\numpy\_core\fromnumeric.py
cfn=std
calls=1 3833
1174 54200

fl=c:\Users\Pedro\faculdade\IniciacaoCientifica\grn\.env\Lib\site-packages\scipy\optimize\_differentialevolution.py
fn=solve
1185 110500
cfl=c:\Users\Pedro\faculdade\IniciacaoCientifica\grn\.env\Lib\site-packages\numpy\_core\fromnumeric.py
cfn=_any_dispatcher
calls=1 2431
1185 200
cfl=c:\Users\Pedro\faculdade\IniciacaoCientifica\grn\.env\Lib\site-packages\numpy\_core\fromnumeric.py
cfn=any
calls=1 2436
1185 4000
cfl=c:\Users\Pedro\faculdade\IniciacaoCientifica\grn\.env\Lib\site-packages\numpy\_core\fromnumeric.py
cfn=_all_dispatcher
calls=2 2543
1185 300
cfl=c:\Users\Pedro\faculdade\IniciacaoCientifica\grn\.env\Lib\site-packages\numpy\_core\fromnumeric.py
cfn=all
calls=2 2548
1185 15200
cfl=c:\Users\Pedro\faculdade\IniciacaoCientifica\grn\.env\Lib\site-packages\numpy\lib\_function_base_impl.py
cfn=_copy_dispatcher
calls=1 920
1185 100
cfl=c:\Users\Pedro\faculdade\IniciacaoCientifica\grn\.env\Lib\site-packages\numpy\lib\_function_base_impl.py
cfn=copy
calls=1 924
1185 1700
cfl=c:\Users\Pedro\faculdade\IniciacaoCientifica\grn\.env\Lib\site-packages\scipy\_lib\_util.py
cfn=__getattr__
calls=3 1016
1185 700
cfl=c:\Users\Pedro\faculdade\IniciacaoCientifica\grn\.env\Lib\site-packages\scipy\optimize\_constraints.py
cfn=__init__
calls=1 266
1185 127000
cfl=c:\Users\Pedro\faculdade\IniciacaoCientifica\grn\.env\Lib\site-packages\scipy\optimize\_differentialevolution.py
cfn=converged
calls=1 1174
1185 99800
cfl=c:\Users\Pedro\faculdade\IniciacaoCientifica\grn\.env\Lib\site-packages\scipy\optimize\_differentialevolution.py
cfn=_result
calls=1 1343
1185 30400
cfl=c:\Users\Pedro\faculdade\IniciacaoCientifica\grn\.env\Lib\site-packages\scipy\optimize\_differentialevolution.py
cfn=_calculate_population_energies
calls=1 1368
1185 25202400
cfl=c:\Users\Pedro\faculdade\IniciacaoCientifica\grn\.env\Lib\site-packages\scipy\optimize\_differentialevolution.py
cfn=_promote_lowest_energy
calls=1 1423
1185 46800
cfl=c:\Users\Pedro\faculdade\IniciacaoCientifica\grn\.env\Lib\site-packages\scipy\optimize\_differentialevolution.py
cfn=_calculate_population_feasibilities
calls=1 1502
1185 23900
cfl=c:\Users\Pedro\faculdade\IniciacaoCientifica\grn\.env\Lib\site-packages\scipy\optimize\_minimize.py
cfn=minimize
calls=1 54
1185 3187100
cfl=~
cfn=<built-in method builtins.callable>
calls=1 0
1185 200
cfl=~
cfn=<built-in method builtins.isinstance>
calls=1 0
1185 100
cfl=~
cfn=<built-in method builtins.next>
calls=1 0
1185 27586500
cfl=~
cfn=<built-in method builtins.print>
calls=2 0
1185 34600
cfl=~
cfn=<method 'get' of 'dict' objects>
calls=1 0
1185 200

fl=c:\Users\Pedro\faculdade\IniciacaoCientifica\grn\.env\Lib\site-packages\scipy\optimize\_differentialevolution.py
fn=_f
1293 51000
cfl=c:\Users\Pedro\faculdade\IniciacaoCientifica\grn\.env\Lib\site-packages\numpy\_core\shape_base.py
cfn=_atleast_2d_dispatcher
calls=20 74
1293 1200
cfl=c:\Users\Pedro\faculdade\IniciacaoCientifica\grn\.env\Lib\site-packages\numpy\_core\shape_base.py
cfn=atleast_2d
calls=20 78
1293 32600
cfl=c:\Users\Pedro\faculdade\IniciacaoCientifica\grn\.env\Lib\site-packages\scipy\_lib\_util.py
cfn=__call__:689
calls=20 689
1293 2184600

fl=c:\Users\Pedro\faculdade\IniciacaoCientifica\grn\.env\Lib\site-packages\scipy\optimize\_differentialevolution.py
fn=_result
1343 5300
cfl=c:\Users\Pedro\faculdade\IniciacaoCientifica\grn\.env\Lib\site-packages\scipy\optimize\_differentialevolution.py
cfn=x
calls=1 1156
1343 6400
cfl=c:\Users\Pedro\faculdade\IniciacaoCientifica\grn\.env\Lib\site-packages\scipy\optimize\_differentialevolution.py
cfn=_scale_parameters
calls=1 1726
1343 17800
cfl=~
cfn=<method 'get' of 'dict' objects>
calls=3 0
1343 900

fl=c:\Users\Pedro\faculdade\IniciacaoCientifica\grn\.env\Lib\site-packages\scipy\optimize\_differentialevolution.py
fn=_calculate_population_energies
1368 57000
cfl=c:\Users\Pedro\faculdade\IniciacaoCientifica\grn\.env\Lib\site-packages\numpy\_core\fromnumeric.py
cfn=_squeeze_dispatcher
calls=2 1592
1368 200
cfl=c:\Users\Pedro\faculdade\IniciacaoCientifica\grn\.env\Lib\site-packages\numpy\_core\fromnumeric.py
cfn=squeeze
calls=2 1596
1368 37800
cfl=c:\Users\Pedro\faculdade\IniciacaoCientifica\grn\.env\Lib\site-packages\numpy\_core\fromnumeric.py
cfn=_size_dispatcher
calls=2 3521
1368 200
cfl=c:\Users\Pedro\faculdade\IniciacaoCientifica\grn\.env\Lib\site-packages\numpy\_core\fromnumeric.py
cfn=size
calls=2 3525
1368 29600
cfl=c:\Users\Pedro\faculdade\IniciacaoCientifica\grn\.env\Lib\site-packages\numpy\_core\numeric.py
cfn=full
calls=2 323
1368 9300
cfl=c:\Users\Pedro\faculdade\IniciacaoCientifica\grn\.env\Lib\site-packages\scipy\_lib\_util.py
cfn=__call__:689
calls=2 689
1368 50390300
cfl=c:\Users\Pedro\faculdade\IniciacaoCientifica\grn\.env\Lib\site-packages\scipy\optimize\_differentialevolution.py
cfn=_scale_parameters
calls=2 1726
1368 43700
cfl=~
cfn=<built-in method builtins.min>
calls=2 0
1368 700

fl=c:\Users\Pedro\faculdade\IniciacaoCientifica\grn\.env\Lib\site-packages\scipy\optimize\_differentialevolution.py
fn=_promote_lowest_energy
1423 52400
cfl=c:\Users\Pedro\faculdade\IniciacaoCientifica\grn\.env\Lib\site-packages\numpy\_core\fromnumeric.py
cfn=_argmin_dispatcher
calls=2 1317
1423 400
cfl=c:\Users\Pedro\faculdade\IniciacaoCientifica\grn\.env\Lib\site-packages\numpy\_core\fromnumeric.py
cfn=argmin
calls=2 1321
1423 18100
cfl=~
cfn=<built-in method numpy.arange>
calls=2 0
1423 10400

fl=c:\Users\Pedro\faculdade\IniciacaoCientifica\grn\.env\Lib\site-packages\scipy\optimize\_differentialevolution.py
fn=_calculate_population_feasibilities
1502 6600
cfl=c:\Users\Pedro\faculdade\IniciacaoCientifica\grn\.env\Lib\site-packages\numpy\_core\fromnumeric.py
cfn=_size_dispatcher
calls=2 3521
1502 200
cfl=c:\Users\Pedro\faculdade\IniciacaoCientifica\grn\.env\Lib\site-packages\numpy\_core\fromnumeric.py
cfn=size
calls=2 3525
1502 36100
cfl=c:\Users\Pedro\faculdade\IniciacaoCientifica\grn\.env\Lib\site-packages\numpy\_core\numeric.py
cfn=ones
calls=2 170
1502 6900
cfl=~
cfn=<built-in method numpy.zeros>
calls=2 0
1502 1500

fl=c:\Users\Pedro\faculdade\IniciacaoCientifica\grn\.env\Lib\site-packages\scipy\optimize\_differentialevolution.py
fn=__enter__
1550 100

fl=c:\Users\Pedro\faculdade\IniciacaoCientifica\grn\.env\Lib\site-packages\scipy\optimize\_differentialevolution.py
fn=__exit__
1553 800
cfl=c:\Users\Pedro\faculdade\IniciacaoCientifica\grn\.env\Lib\site-packages\scipy\_lib\_util.py
cfn=__exit__
calls=1 684
1553 600

fl=c:\Users\Pedro\faculdade\IniciacaoCientifica\grn\.env\Lib\site-packages\scipy\optimize\_differentialevolution.py
fn=_accept_trial
1556 20400

fl=c:\Users\Pedro\faculdade\IniciacaoCientifica\grn\.env\Lib\site-packages\scipy\optimize\_differentialevolution.py
fn=__next__
1601 154100
cfl=c:\Users\Pedro\faculdade\IniciacaoCientifica\grn\.env\Lib\site-packages\numpy\_core\fromnumeric.py
cfn=_all_dispatcher
calls=1 2543
1601 200
cfl=c:\Users\Pedro\faculdade\IniciacaoCientifica\grn\.env\Lib\site-packages\numpy\_core\fromnumeric.py
cfn=all
calls=1 2548
1601 10000
cfl=c:\Users\Pedro\faculdade\IniciacaoCientifica\grn\.env\Lib\site-packages\numpy\_core\multiarray.py
cfn=where
calls=4 403
1601 700
cfl=c:\Users\Pedro\faculdade\IniciacaoCientifica\grn\.env\Lib\site-packages\numpy\_core\numeric.py
cfn=full
calls=1 323
1601 2600
cfl=c:\Users\Pedro\faculdade\IniciacaoCientifica\grn\.env\Lib\site-packages\scipy\optimize\_differentialevolution.py
cfn=x
calls=1 1156
1601 15400
cfl=c:\Users\Pedro\faculdade\IniciacaoCientifica\grn\.env\Lib\site-packages\scipy\optimize\_differentialevolution.py
cfn=_calculate_population_energies
calls=1 1368
1601 25366400
cfl=c:\Users\Pedro\faculdade\IniciacaoCientifica\grn\.env\Lib\site-packages\scipy\optimize\_differentialevolution.py
cfn=_promote_lowest_energy
calls=1 1423
1601 34500
cfl=c:\Users\Pedro\faculdade\IniciacaoCientifica\grn\.env\Lib\site-packages\scipy\optimize\_differentialevolution.py
cfn=_calculate_population_feasibilities
calls=1 1502
1601 27400
cfl=c:\Users\Pedro\faculdade\IniciacaoCientifica\grn\.env\Lib\site-packages\scipy\optimize\_differentialevolution.py
cfn=_accept_trial
calls=285 1556
1601 20400
cfl=c:\Users\Pedro\faculdade\IniciacaoCientifica\grn\.env\Lib\site-packages\scipy\optimize\_differentialevolution.py
cfn=_ensure_constraint
calls=1 1740
1601 33700
cfl=c:\Users\Pedro\faculdade\IniciacaoCientifica\grn\.env\Lib\site-packages\scipy\optimize\_differentialevolution.py
cfn=_mutate_many
calls=1 1769
1601 1902700
cfl=~
cfn=<built-in method numpy.arange>
calls=1 0
1601 1600
cfl=~
cfn=<built-in method numpy.array>
calls=1 0
1601 7200

fl=c:\Users\Pedro\faculdade\IniciacaoCientifica\grn\.env\Lib\site-packages\scipy\optimize\_differentialevolution.py
fn=_scale_parameters
1726 72300
cfl=c:\Users\Pedro\faculdade\IniciacaoCientifica\grn\.env\Lib\site-packages\numpy\_core\numeric.py
cfn=_count_nonzero_dispatcher
calls=5 479
1726 800
cfl=c:\Users\Pedro\faculdade\IniciacaoCientifica\grn\.env\Lib\site-packages\numpy\_core\numeric.py
cfn=count_nonzero
calls=5 483
1726 7200

fl=c:\Users\Pedro\faculdade\IniciacaoCientifica\grn\.env\Lib\site-packages\scipy\optimize\_differentialevolution.py
fn=_ensure_constraint
1740 31300
cfl=c:\Users\Pedro\faculdade\IniciacaoCientifica\grn\.env\Lib\site-packages\numpy\_core\numeric.py
cfn=_count_nonzero_dispatcher
calls=1 479
1740 200
cfl=c:\Users\Pedro\faculdade\IniciacaoCientifica\grn\.env\Lib\site-packages\numpy\_core\numeric.py
cfn=count_nonzero
calls=1 483
1740 2200

fl=c:\Users\Pedro\faculdade\IniciacaoCientifica\grn\.env\Lib\site-packages\scipy\optimize\_differentialevolution.py
fn=_mutate_many
1769 135200
cfl=c:\Users\Pedro\faculdade\IniciacaoCientifica\grn\.env\Lib\site-packages\numpy\_core\multiarray.py
cfn=where
calls=1 403
1769 200
cfl=c:\Users\Pedro\faculdade\IniciacaoCientifica\grn\.env\Lib\site-packages\numpy\lib\_function_base_impl.py
cfn=_copy_dispatcher
calls=1 920
1769 200
cfl=c:\Users\Pedro\faculdade\IniciacaoCientifica\grn\.env\Lib\site-packages\numpy\lib\_function_base_impl.py
cfn=copy
calls=1 924
1769 5200
cfl=c:\Users\Pedro\faculdade\IniciacaoCientifica\grn\.env\Lib\site-packages\scipy\_lib\_util.py
cfn=rng_integers
calls=1 722
1769 32000
cfl=c:\Users\Pedro\faculdade\IniciacaoCientifica\grn\.env\Lib\site-packages\scipy\optimize\_differentialevolution.py
cfn=mutation_func
calls=1 1028
1769 1500
cfl=c:\Users\Pedro\faculdade\IniciacaoCientifica\grn\.env\Lib\site-packages\scipy\optimize\_differentialevolution.py
cfn=_best1
calls=1 1858
1769 24500
cfl=c:\Users\Pedro\faculdade\IniciacaoCientifica\grn\.env\Lib\site-packages\scipy\optimize\_differentialevolution.py
cfn=_select_samples
calls=285 1908
1769 1673300
cfl=~
cfn=<built-in method builtins.callable>
calls=1 0
1769 300
cfl=~
cfn=<built-in method builtins.len>
calls=1 0
1769 200
cfl=~
cfn=<built-in method numpy.arange>
calls=1 0
1769 1200
cfl=~
cfn=<built-in method numpy.array>
calls=1 0
1769 28900

fl=c:\Users\Pedro\faculdade\IniciacaoCientifica\grn\.env\Lib\site-packages\scipy\optimize\_differentialevolution.py
fn=_best1
1858 24500

fl=c:\Users\Pedro\faculdade\IniciacaoCientifica\grn\.env\Lib\site-packages\scipy\optimize\_differentialevolution.py
fn=_select_samples
1908 1673300

fl=c:\Users\Pedro\faculdade\IniciacaoCientifica\grn\.env\Lib\site-packages\scipy\optimize\_lbfgsb_py.py
fn=_minimize_lbfgsb
294 74800
cfl=c:\Users\Pedro\faculdade\IniciacaoCientifica\grn\.env\Lib\site-packages\numpy\_core\fromnumeric.py
cfn=_clip_dispatcher
calls=1 2202
294 200
cfl=c:\Users\Pedro\faculdade\IniciacaoCientifica\grn\.env\Lib\site-packages\numpy\_core\fromnumeric.py
cfn=clip
calls=1 2207
294 15900
cfl=c:\Users\Pedro\faculdade\IniciacaoCientifica\grn\.env\Lib\site-packages\numpy\_core\getlimits.py
cfn=__new__
calls=1 178
294 2400
cfl=c:\Users\Pedro\faculdade\IniciacaoCientifica\grn\.env\Lib\site-packages\scipy\optimize\_constraints.py
cfn=old_bound_to_new
calls=1 437
294 25200
cfl=c:\Users\Pedro\faculdade\IniciacaoCientifica\grn\.env\Lib\site-packages\scipy\optimize\_differentiable_functions.py
cfn=nfev
calls=1 325
294 500
cfl=c:\Users\Pedro\faculdade\IniciacaoCientifica\grn\.env\Lib\site-packages\scipy\optimize\_differentiable_functions.py
cfn=ngev
calls=1 329
294 200
cfl=c:\Users\Pedro\faculdade\IniciacaoCientifica\grn\.env\Lib\site-packages\scipy\optimize\_differentiable_functions.py
cfn=fun_and_grad
calls=1 409
294 19000
cfl=c:\Users\Pedro\faculdade\IniciacaoCientifica\grn\.env\Lib\site-packages\scipy\optimize\_lbfgsb_py.py
cfn=__init__
calls=1 539
294 39400
cfl=c:\Users\Pedro\faculdade\IniciacaoCientifica\grn\.env\Lib\site-packages\scipy\optimize\_optimize.py
cfn=_check_unknown_options
calls=1 176
294 300
cfl=c:\Users\Pedro\faculdade\IniciacaoCientifica\grn\.env\Lib\site-packages\scipy\optimize\_optimize.py
cfn=_prepare_scalar_function
calls=1 204
294 2880400
cfl=c:\Users\Pedro\faculdade\IniciacaoCientifica\grn\.env\Lib\site-packages\scipy\sparse\linalg\_interface.py
cfn=__new__
calls=1 158
294 6400
cfl=~
cfn=<built-in method builtins.len>
calls=1 0
294 200
cfl=~
cfn=<built-in method builtins.min>
calls=1 0
294 400
cfl=~
cfn=<built-in method numpy.array>
calls=3 0
294 2300
cfl=~
cfn=<built-in method numpy.asarray>
calls=1 0
294 100
cfl=~
cfn=<built-in method numpy.zeros>
calls=11 0
294 7800
cfl=~
cfn=<built-in method scipy.optimize._lbfgsb.setulb>
calls=2 0
294 8500
cfl=~
cfn=<method 'any' of 'numpy.ndarray' objects>
calls=1 0
294 1900
cfl=~
cfn=<method 'astype' of 'numpy.ndarray' objects>
calls=2 0
294 900
cfl=~
cfn=<method 'ravel' of 'numpy.ndarray' objects>
calls=1 0
294 500
cfl=~
cfn=<method 'reshape' of 'numpy.ndarray' objects>
calls=2 0
294 900

fl=c:\Users\Pedro\faculdade\IniciacaoCientifica\grn\.env\Lib\site-packages\scipy\optimize\_lbfgsb_py.py
fn=__init__
539 13800
cfl=c:\Users\Pedro\faculdade\IniciacaoCientifica\grn\.env\Lib\site-packages\numpy\_core\einsumfunc.py
cfn=_einsum_dispatcher
calls=5 1236
539 900
cfl=c:\Users\Pedro\faculdade\IniciacaoCientifica\grn\.env\Lib\site-packages\numpy\_core\einsumfunc.py
cfn=einsum
calls=1 1244
539 9400
cfl=c:\Users\Pedro\faculdade\IniciacaoCientifica\grn\.env\Lib\site-packages\scipy\sparse\linalg\_interface.py
cfn=__init__
calls=1 173
539 15300

fl=c:\Users\Pedro\faculdade\IniciacaoCientifica\grn\.env\Lib\site-packages\scipy\optimize\_minimize.py
fn=minimize
54 33200
cfl=c:\Users\Pedro\faculdade\IniciacaoCientifica\grn\.env\Lib\site-packages\numpy\_core\fromnumeric.py
cfn=_any_dispatcher
calls=1 2431
54 200
cfl=c:\Users\Pedro\faculdade\IniciacaoCientifica\grn\.env\Lib\site-packages\numpy\_core\fromnumeric.py
cfn=any
calls=1 2436
54 8500
cfl=c:\Users\Pedro\faculdade\IniciacaoCientifica\grn\.env\Lib\site-packages\numpy\_core\fromnumeric.py
cfn=_all_dispatcher
calls=1 2543
54 100
cfl=c:\Users\Pedro\faculdade\IniciacaoCientifica\grn\.env\Lib\site-packages\numpy\_core\fromnumeric.py
cfn=all
calls=1 2548
54 2400
cfl=c:\Users\Pedro\faculdade\IniciacaoCientifica\grn\.env\Lib\site-packages\numpy\_core\shape_base.py
cfn=_atleast_1d_dispatcher
calls=1 15
54 0
cfl=c:\Users\Pedro\faculdade\IniciacaoCientifica\grn\.env\Lib\site-packages\numpy\_core\shape_base.py
cfn=atleast_1d
calls=1 19
54 700
cfl=c:\Users\Pedro\faculdade\IniciacaoCientifica\grn\.env\Lib\site-packages\scipy\optimize\_lbfgsb_py.py
cfn=_minimize_lbfgsb
calls=1 294
54 3088200
cfl=c:\Users\Pedro\faculdade\IniciacaoCientifica\grn\.env\Lib\site-packages\scipy\optimize\_minimize.py
cfn=_validate_bounds
calls=1 1105
54 20500
cfl=c:\Users\Pedro\faculdade\IniciacaoCientifica\grn\.env\Lib\site-packages\scipy\optimize\_minimize.py
cfn=standardize_bounds
calls=2 1121
54 26600
cfl=c:\Users\Pedro\faculdade\IniciacaoCientifica\grn\.env\Lib\site-packages\scipy\optimize\_minimize.py
cfn=standardize_constraints
calls=1 1134
54 2600
cfl=c:\Users\Pedro\faculdade\IniciacaoCientifica\grn\.env\Lib\site-packages\scipy\optimize\_optimize.py
cfn=_wrap_callback
calls=1 88
54 100
cfl=~
cfn=<built-in method builtins.callable>
calls=3 0
54 300
cfl=~
cfn=<built-in method builtins.getattr>
calls=1 0
54 400
cfl=~
cfn=<built-in method builtins.isinstance>
calls=1 0
54 100
cfl=~
cfn=<built-in method numpy.asarray>
calls=1 0
54 100
cfl=~
cfn=<method 'any' of 'numpy.ndarray' objects>
calls=1 0
54 2500
cfl=~
cfn=<method 'get' of 'dict' objects>
calls=1 0
54 200
cfl=~
cfn=<method 'lower' of 'str' objects>
calls=1 0
54 400

fl=c:\Users\Pedro\faculdade\IniciacaoCientifica\grn\.env\Lib\site-packages\scipy\optimize\_minimize.py
fn=_validate_bounds
1105 5300
cfl=c:\Users\Pedro\faculdade\IniciacaoCientifica\grn\.env\Lib\site-packages\numpy\_core\fromnumeric.py
cfn=_any_dispatcher
calls=1 2431
1105 200
cfl=c:\Users\Pedro\faculdade\IniciacaoCientifica\grn\.env\Lib\site-packages\numpy\_core\fromnumeric.py
cfn=any
calls=1 2436
1105 2900
cfl=c:\Users\Pedro\faculdade\IniciacaoCientifica\grn\.env\Lib\site-packages\numpy\lib\_stride_tricks_impl.py
cfn=_broadcast_to_dispatcher
calls=2 396
1105 200
cfl=c:\Users\Pedro\faculdade\IniciacaoCientifica\grn\.env\Lib\site-packages\numpy\lib\_stride_tricks_impl.py
cfn=broadcast_to
calls=2 400
1105 11900

fl=c:\Users\Pedro\faculdade\IniciacaoCientifica\grn\.env\Lib\site-packages\scipy\optimize\_minimize.py
fn=standardize_bounds
1121 3600
cfl=c:\Users\Pedro\faculdade\IniciacaoCientifica\grn\.env\Lib\site-packages\scipy\optimize\_constraints.py
cfn=new_bounds_to_old
calls=1 419
1121 22800
cfl=~
cfn=<built-in method builtins.isinstance>
calls=2 0
1121 200

fl=c:\Users\Pedro\faculdade\IniciacaoCientifica\grn\.env\Lib\site-packages\scipy\optimize\_minimize.py
fn=standardize_constraints
1134 2300
cfl=~
cfn=<built-in method builtins.isinstance>
calls=1 0
1134 300

fl=c:\Users\Pedro\faculdade\IniciacaoCientifica\grn\.env\Lib\site-packages\scipy\optimize\_numdiff.py
fn=_adjust_scheme_to_bounds
14 23000
cfl=c:\Users\Pedro\faculdade\IniciacaoCientifica\grn\.env\Lib\site-packages\numpy\_core\fromnumeric.py
cfn=_all_dispatcher
calls=1 2543
14 100
cfl=c:\Users\Pedro\faculdade\IniciacaoCientifica\grn\.env\Lib\site-packages\numpy\_core\fromnumeric.py
cfn=all
calls=1 2548
14 2500
cfl=c:\Users\Pedro\faculdade\IniciacaoCientifica\grn\.env\Lib\site-packages\numpy\_core\numeric.py
cfn=_ones_like_dispatcher
calls=1 240
14 100
cfl=c:\Users\Pedro\faculdade\IniciacaoCientifica\grn\.env\Lib\site-packages\numpy\_core\numeric.py
cfn=ones_like
calls=1 246
14 4300
cfl=~
cfn=<method 'copy' of 'numpy.ndarray' objects>
calls=1 0
14 500

fl=c:\Users\Pedro\faculdade\IniciacaoCientifica\grn\.env\Lib\site-packages\scipy\optimize\_numdiff.py
fn=_eps_for_method
93 5300
cfl=c:\Users\Pedro\faculdade\IniciacaoCientifica\grn\.env\Lib\site-packages\numpy\_core\getlimits.py
cfn=__new__
calls=2 178
93 1000
cfl=c:\Users\Pedro\faculdade\IniciacaoCientifica\grn\.env\Lib\site-packages\numpy\_core\numerictypes.py
cfn=issubdtype
calls=2 475
93 6700

fl=c:\Users\Pedro\faculdade\IniciacaoCientifica\grn\.env\Lib\site-packages\scipy\optimize\_numdiff.py
fn=_prepare_bounds
196 2000
cfl=c:\Users\Pedro\faculdade\IniciacaoCientifica\grn\.env\Lib\site-packages\scipy\optimize\_numdiff.py
cfn=<genexpr>
calls=3 207
196 2800

fl=c:\Users\Pedro\faculdade\IniciacaoCientifica\grn\.env\Lib\site-packages\scipy\optimize\_numdiff.py
fn=<genexpr>
207 2200
cfl=~
cfn=<built-in method numpy.asarray>
calls=2 0
207 600

fl=c:\Users\Pedro\faculdade\IniciacaoCientifica\grn\.env\Lib\site-packages\scipy\optimize\_numdiff.py
fn=approx_derivative
278 51300
cfl=c:\Users\Pedro\faculdade\IniciacaoCientifica\grn\.env\Lib\site-packages\numpy\_core\fromnumeric.py
cfn=_any_dispatcher
calls=1 2431
278 200
cfl=c:\Users\Pedro\faculdade\IniciacaoCientifica\grn\.env\Lib\site-packages\numpy\_core\fromnumeric.py
cfn=any
calls=1 2436
278 3500
cfl=c:\Users\Pedro\faculdade\IniciacaoCientifica\grn\.env\Lib\site-packages\numpy\_core\multiarray.py
cfn=where
calls=1 403
278 200
cfl=c:\Users\Pedro\faculdade\IniciacaoCientifica\grn\.env\Lib\site-packages\numpy\_core\numerictypes.py
cfn=isdtype
calls=1 385
278 3800
cfl=c:\Users\Pedro\faculdade\IniciacaoCientifica\grn\.env\Lib\site-packages\numpy\_core\shape_base.py
cfn=_atleast_1d_dispatcher
calls=1 15
278 100
cfl=c:\Users\Pedro\faculdade\IniciacaoCientifica\grn\.env\Lib\site-packages\numpy\_core\shape_base.py
cfn=atleast_1d
calls=1 19
278 2200
cfl=c:\Users\Pedro\faculdade\IniciacaoCientifica\grn\.env\Lib\site-packages\scipy\_lib\_array_api_override.py
cfn=array_namespace
calls=1 69
278 100
cfl=c:\Users\Pedro\faculdade\IniciacaoCientifica\grn\.env\Lib\site-packages\scipy\_lib\_util.py
cfn=__init__:633
calls=1 633
278 1600
cfl=c:\Users\Pedro\faculdade\IniciacaoCientifica\grn\.env\Lib\site-packages\scipy\_lib\_util.py
cfn=__enter__
calls=1 669
278 100
cfl=c:\Users\Pedro\faculdade\IniciacaoCientifica\grn\.env\Lib\site-packages\scipy\_lib\_util.py
cfn=__exit__
calls=1 684
278 600
cfl=c:\Users\Pedro\faculdade\IniciacaoCientifica\grn\.env\Lib\site-packages\scipy\_lib\array_api_compat\numpy\_aliases.py
cfn=asarray
calls=1 70
278 3300
cfl=c:\Users\Pedro\faculdade\IniciacaoCientifica\grn\.env\Lib\site-packages\scipy\_lib\array_api_compat\numpy\_aliases.py
cfn=astype
calls=1 97
278 1800
cfl=c:\Users\Pedro\faculdade\IniciacaoCientifica\grn\.env\Lib\site-packages\scipy\_lib\array_api_extra\_delegation.py
cfn=atleast_nd
calls=1 34
278 3000
cfl=c:\Users\Pedro\faculdade\IniciacaoCientifica\grn\.env\Lib\site-packages\scipy\optimize\_numdiff.py
cfn=_adjust_scheme_to_bounds
calls=1 14
278 30500
cfl=c:\Users\Pedro\faculdade\IniciacaoCientifica\grn\.env\Lib\site-packages\scipy\optimize\_numdiff.py
cfn=_eps_for_method
calls=1 93
278 13000
cfl=c:\Users\Pedro\faculdade\IniciacaoCientifica\grn\.env\Lib\site-packages\scipy\optimize\_numdiff.py
cfn=_prepare_bounds
calls=1 196
278 4800
cfl=c:\Users\Pedro\faculdade\IniciacaoCientifica\grn\.env\Lib\site-packages\scipy\optimize\_numdiff.py
cfn=_dense_difference
calls=1 663
278 2488900
cfl=c:\Users\Pedro\faculdade\IniciacaoCientifica\grn\.env\Lib\site-packages\scipy\optimize\_numdiff.py
cfn=__init__
calls=1 865
278 600
cfl=~
cfn=<method 'astype' of 'numpy.ndarray' objects>
calls=1 0
278 1100

fl=c:\Users\Pedro\faculdade\IniciacaoCientifica\grn\.env\Lib\site-packages\scipy\optimize\_numdiff.py
fn=_dense_difference
663 66200
cfl=c:\Users\Pedro\faculdade\IniciacaoCientifica\grn\.env\Lib\site-packages\numpy\_core\fromnumeric.py
cfn=_ravel_dispatcher
calls=1 1875
663 100
cfl=c:\Users\Pedro\faculdade\IniciacaoCientifica\grn\.env\Lib\site-packages\numpy\_core\fromnumeric.py
cfn=ravel
calls=1 1879
663 2900
cfl=c:\Users\Pedro\faculdade\IniciacaoCientifica\grn\.env\Lib\site-packages\scipy\_lib\_util.py
cfn=__call__:689
calls=1 689
663 500
cfl=c:\Users\Pedro\faculdade\IniciacaoCientifica\grn\.env\Lib\site-packages\scipy\optimize\_numdiff.py
cfn=x_generator2
calls=20 670
663 39800
cfl=c:\Users\Pedro\faculdade\IniciacaoCientifica\grn\.env\Lib\site-packages\scipy\optimize\_numdiff.py
cfn=__call__
calls=19 871
663 2378800
cfl=~
cfn=<built-in method builtins.len>
calls=1 0
663 100
cfl=~
cfn=<built-in method numpy.empty>
calls=1 0
663 500

fl=c:\Users\Pedro\faculdade\IniciacaoCientifica\grn\.env\Lib\site-packages\scipy\optimize\_numdiff.py
fn=x_generator2
670 22200
cfl=c:\Users\Pedro\faculdade\IniciacaoCientifica\grn\.env\Lib\site-packages\numpy\lib\_function_base_impl.py
cfn=_copy_dispatcher
calls=19 920
670 2000
cfl=c:\Users\Pedro\faculdade\IniciacaoCientifica\grn\.env\Lib\site-packages\numpy\lib\_function_base_impl.py
cfn=copy
calls=19 924
670 15600

fl=c:\Users\Pedro\faculdade\IniciacaoCientifica\grn\.env\Lib\site-packages\scipy\optimize\_numdiff.py
fn=__init__
865 600

fl=c:\Users\Pedro\faculdade\IniciacaoCientifica\grn\.env\Lib\site-packages\scipy\optimize\_numdiff.py
fn=__call__
871 50400
cfl=c:\Users\Pedro\faculdade\IniciacaoCientifica\grn\.env\Lib\site-packages\numpy\_core\numerictypes.py
cfn=isdtype
calls=19 385
871 64100
cfl=c:\Users\Pedro\faculdade\IniciacaoCientifica\grn\.env\Lib\site-packages\numpy\_core\shape_base.py
cfn=_atleast_1d_dispatcher
calls=19 15
871 1800
cfl=c:\Users\Pedro\faculdade\IniciacaoCientifica\grn\.env\Lib\site-packages\numpy\_core\shape_base.py
cfn=atleast_1d
calls=19 19
871 34200
cfl=c:\Users\Pedro\faculdade\IniciacaoCientifica\grn\.env\Lib\site-packages\scipy\_lib\_array_api_override.py
cfn=array_namespace
calls=19 69
871 3200
cfl=c:\Users\Pedro\faculdade\IniciacaoCientifica\grn\.env\Lib\site-packages\scipy\_lib\_util.py
cfn=__call__:600
calls=19 600
871 2193600
cfl=c:\Users\Pedro\faculdade\IniciacaoCientifica\grn\.env\Lib\site-packages\scipy\_lib\array_api_compat\numpy\_aliases.py
cfn=astype
calls=19 97
871 31500

fl=c:\Users\Pedro\faculdade\IniciacaoCientifica\grn\.env\Lib\site-packages\scipy\optimize\_optimize.py
fn=_wrap_callback
88 200

fl=c:\Users\Pedro\faculdade\IniciacaoCientifica\grn\.env\Lib\site-packages\scipy\optimize\_optimize.py
fn=_check_unknown_options
176 300

fl=c:\Users\Pedro\faculdade\IniciacaoCientifica\grn\.env\Lib\site-packages\scipy\optimize\_optimize.py
fn=_prepare_scalar_function
204 8200
cfl=c:\Users\Pedro\faculdade\IniciacaoCientifica\grn\.env\Lib\site-packages\scipy\optimize\_differentiable_functions.py
cfn=__init__:218
calls=1 218
204 2872000
cfl=~
cfn=<built-in method builtins.callable>
calls=1 0
204 200

fl=c:\Users\Pedro\faculdade\IniciacaoCientifica\grn\.env\Lib\site-packages\scipy\optimize\_optimize.py
fn=hess
299 200

fl=c:\Users\Pedro\faculdade\IniciacaoCientifica\grn\.env\Lib\site-packages\scipy\sparse\_sputils.py
fn=isintlike
350 3600
cfl=c:\Users\Pedro\faculdade\IniciacaoCientifica\grn\.env\Lib\site-packages\numpy\_core\fromnumeric.py
cfn=_ndim_dispatcher
calls=2 3478
350 200
cfl=c:\Users\Pedro\faculdade\IniciacaoCientifica\grn\.env\Lib\site-packages\numpy\_core\fromnumeric.py
cfn=ndim
calls=2 3482
350 4100
cfl=~
cfn=<built-in method _operator.index>
calls=2 0
350 400

fl=c:\Users\Pedro\faculdade\IniciacaoCientifica\grn\.env\Lib\site-packages\scipy\sparse\_sputils.py
fn=isshape
372 3200
cfl=c:\Users\Pedro\faculdade\IniciacaoCientifica\grn\.env\Lib\site-packages\scipy\sparse\_sputils.py
cfn=isintlike
calls=2 350
372 8300
cfl=~
cfn=<built-in method builtins.len>
calls=1 0
372 100

fl=c:\Users\Pedro\faculdade\IniciacaoCientifica\grn\.env\Lib\site-packages\scipy\sparse\linalg\_interface.py
fn=__new__
158 4300
cfl=~
cfn=<built-in method __new__ of type object at 0x00007FFE69354D90>
calls=1 0
158 2100

fl=c:\Users\Pedro\faculdade\IniciacaoCientifica\grn\.env\Lib\site-packages\scipy\sparse\linalg\_interface.py
fn=__init__
173 3700
cfl=c:\Users\Pedro\faculdade\IniciacaoCientifica\grn\.env\Lib\site-packages\scipy\sparse\_sputils.py
cfn=isshape
calls=1 372
173 11600

fl=c:\Users\Pedro\faculdade\IniciacaoCientifica\grn\.env\Lib\site-packages\tornado\ioloop.py
fn=time
549 1900
cfl=~
cfn=<built-in method time.time>
calls=4 0
549 1200

fl=c:\Users\Pedro\faculdade\IniciacaoCientifica\grn\.env\Lib\site-packages\tornado\ioloop.py
fn=call_later
604 14300
cfl=c:\Users\Pedro\faculdade\IniciacaoCientifica\grn\.env\Lib\site-packages\tornado\ioloop.py
cfn=time
calls=2 549
604 2200
cfl=c:\Users\Pedro\faculdade\IniciacaoCientifica\grn\.env\Lib\site-packages\tornado\platform\asyncio.py
cfn=call_at
calls=2 216
604 34800

fl=c:\Users\Pedro\faculdade\IniciacaoCientifica\grn\.env\Lib\site-packages\tornado\platform\asyncio.py
fn=_handle_events
206 4100
cfl=c:\Users\Pedro\faculdade\IniciacaoCientifica\grn\.env\Lib\site-packages\zmq\eventloop\zmqstream.py
cfn=_handle_events
calls=2 573
206 293900

fl=c:\Users\Pedro\faculdade\IniciacaoCientifica\grn\.env\Lib\site-packages\tornado\platform\asyncio.py
fn=call_at
216 5300
cfl=C:\Users\Pedro\AppData\Local\Python\pythoncore-3.14-64\Lib\asyncio\base_events.py
cfn=call_later
calls=2 775
216 27700
cfl=c:\Users\Pedro\faculdade\IniciacaoCientifica\grn\.env\Lib\site-packages\tornado\ioloop.py
cfn=time
calls=2 549
216 900
cfl=~
cfn=<built-in method builtins.max>
calls=2 0
216 900

fl=c:\Users\Pedro\faculdade\IniciacaoCientifica\grn\.env\Lib\site-packages\traitlets\traitlets.py
fn=get
648 152200

fl=c:\Users\Pedro\faculdade\IniciacaoCientifica\grn\.env\Lib\site-packages\traitlets\traitlets.py
fn=__get__
695 285600
cfl=c:\Users\Pedro\faculdade\IniciacaoCientifica\grn\.env\Lib\site-packages\traitlets\traitlets.py
cfn=get
calls=1192 648
695 152200

fl=c:\Users\Pedro\faculdade\IniciacaoCientifica\grn\.env\Lib\site-packages\traitlets\traitlets.py
fn=set:708
708 7500
cfl=c:\Users\Pedro\faculdade\IniciacaoCientifica\grn\.env\Lib\site-packages\traitlets\traitlets.py
cfn=_validate
calls=2 737
708 20200
cfl=c:\Users\Pedro\faculdade\IniciacaoCientifica\grn\.env\Lib\site-packages\traitlets\traitlets.py
cfn=_notify_trait
calls=1 1520
708 13600

fl=c:\Users\Pedro\faculdade\IniciacaoCientifica\grn\.env\Lib\site-packages\traitlets\traitlets.py
fn=__set__
727 2800
cfl=c:\Users\Pedro\faculdade\IniciacaoCientifica\grn\.env\Lib\site-packages\traitlets\traitlets.py
cfn=set:3646
calls=2 3646
727 47100

fl=c:\Users\Pedro\faculdade\IniciacaoCientifica\grn\.env\Lib\site-packages\traitlets\traitlets.py
fn=_validate
737 4500
cfl=c:\Users\Pedro\faculdade\IniciacaoCientifica\grn\.env\Lib\site-packages\traitlets\traitlets.py
cfn=_cross_validate
calls=2 746
737 4000
cfl=c:\Users\Pedro\faculdade\IniciacaoCientifica\grn\.env\Lib\site-packages\traitlets\traitlets.py
cfn=validate:3491
calls=2 3491
737 10900
cfl=~
cfn=<built-in method builtins.hasattr>
calls=2 0
737 800

fl=c:\Users\Pedro\faculdade\IniciacaoCientifica\grn\.env\Lib\site-packages\traitlets\traitlets.py
fn=_cross_validate
746 2500
cfl=~
cfn=<built-in method builtins.hasattr>
calls=2 0
746 1500

fl=c:\Users\Pedro\faculdade\IniciacaoCientifica\grn\.env\Lib\site-packages\traitlets\traitlets.py
fn=_notify_trait
1520 2500
cfl=c:\Users\Pedro\faculdade\IniciacaoCientifica\grn\.env\Lib\site-packages\traitlets\traitlets.py
cfn=notify_change
calls=1 1531
1520 11100

fl=c:\Users\Pedro\faculdade\IniciacaoCientifica\grn\.env\Lib\site-packages\traitlets\traitlets.py
fn=notify_change
1531 3700
cfl=c:\Users\Pedro\faculdade\IniciacaoCientifica\grn\.env\Lib\site-packages\traitlets\traitlets.py
cfn=_notify_observers
calls=1 1535
1531 7400

fl=c:\Users\Pedro\faculdade\IniciacaoCientifica\grn\.env\Lib\site-packages\traitlets\traitlets.py
fn=_notify_observers
1535 5500
cfl=~
cfn=<built-in method builtins.hasattr>
calls=1 0
1535 400
cfl=~
cfn=<built-in method builtins.isinstance>
calls=1 0
1535 100
cfl=~
cfn=<method 'extend' of 'list' objects>
calls=2 0
1535 400
cfl=~
cfn=<method 'get' of 'dict' objects>
calls=4 0
1535 1000

fl=c:\Users\Pedro\faculdade\IniciacaoCientifica\grn\.env\Lib\site-packages\traitlets\traitlets.py
fn=validate:2312
2312 1000
cfl=~
cfn=<built-in method builtins.isinstance>
calls=2 0
2312 200

fl=c:\Users\Pedro\faculdade\IniciacaoCientifica\grn\.env\Lib\site-packages\traitlets\traitlets.py
fn=validate:3491
3491 4600
cfl=c:\Users\Pedro\faculdade\IniciacaoCientifica\grn\.env\Lib\site-packages\traitlets\traitlets.py
cfn=validate:2312
calls=2 2312
3491 1200
cfl=c:\Users\Pedro\faculdade\IniciacaoCientifica\grn\.env\Lib\site-packages\traitlets\traitlets.py
cfn=validate_elements:3639
calls=2 3639
3491 4700
cfl=~
cfn=<built-in method builtins.isinstance>
calls=2 0
3491 400

fl=c:\Users\Pedro\faculdade\IniciacaoCientifica\grn\.env\Lib\site-packages\traitlets\traitlets.py
fn=validate_elements:3501
3501 500

fl=c:\Users\Pedro\faculdade\IniciacaoCientifica\grn\.env\Lib\site-packages\traitlets\traitlets.py
fn=validate_elements:3639
3639 3900
cfl=c:\Users\Pedro\faculdade\IniciacaoCientifica\grn\.env\Lib\site-packages\traitlets\traitlets.py
cfn=validate_elements:3501
calls=2 3501
3639 500
cfl=~
cfn=<built-in method builtins.len>
calls=2 0
3639 300

fl=c:\Users\Pedro\faculdade\IniciacaoCientifica\grn\.env\Lib\site-packages\traitlets\traitlets.py
fn=set:3646
3646 5100
cfl=c:\Users\Pedro\faculdade\IniciacaoCientifica\grn\.env\Lib\site-packages\traitlets\traitlets.py
cfn=set:708
calls=2 708
3646 41300
cfl=~
cfn=<built-in method builtins.isinstance>
calls=2 0
3646 700

fl=c:\Users\Pedro\faculdade\IniciacaoCientifica\grn\.env\Lib\site-packages\zmq\eventloop\zmqstream.py
fn=receiving
528 500

fl=c:\Users\Pedro\faculdade\IniciacaoCientifica\grn\.env\Lib\site-packages\zmq\eventloop\zmqstream.py
fn=sending
532 1700
cfl=C:\Users\Pedro\AppData\Local\Python\pythoncore-3.14-64\Lib\queue.py
cfn=empty
calls=2 112
532 6100

fl=c:\Users\Pedro\faculdade\IniciacaoCientifica\grn\.env\Lib\site-packages\zmq\eventloop\zmqstream.py
fn=_run_callback
546 3300
cfl=c:\Users\Pedro\faculdade\IniciacaoCientifica\grn\.env\Lib\site-packages\ipykernel\iostream.py
cfn=_handle_event
calls=2 229
546 59100
cfl=~
cfn=<built-in method builtins.isinstance>
calls=2 0
546 12300

fl=c:\Users\Pedro\faculdade\IniciacaoCientifica\grn\.env\Lib\site-packages\zmq\eventloop\zmqstream.py
fn=_handle_events
573 12400
cfl=C:\Users\Pedro\AppData\Local\Python\pythoncore-3.14-64\Lib\enum.py
cfn=__and__
calls=4 1594
573 31600
cfl=c:\Users\Pedro\faculdade\IniciacaoCientifica\grn\.env\Lib\site-packages\zmq\eventloop\zmqstream.py
cfn=receiving
calls=2 528
573 300
cfl=c:\Users\Pedro\faculdade\IniciacaoCientifica\grn\.env\Lib\site-packages\zmq\eventloop\zmqstream.py
cfn=_handle_recv
calls=2 614
573 146900
cfl=c:\Users\Pedro\faculdade\IniciacaoCientifica\grn\.env\Lib\site-packages\zmq\eventloop\zmqstream.py
cfn=_rebuild_io_state
calls=2 653
573 50700
cfl=c:\Users\Pedro\faculdade\IniciacaoCientifica\grn\.env\Lib\site-packages\zmq\sugar\attrsettr.py
cfn=__getattr__
calls=2 43
573 52000

fl=c:\Users\Pedro\faculdade\IniciacaoCientifica\grn\.env\Lib\site-packages\zmq\eventloop\zmqstream.py
fn=_handle_recv
614 4900
cfl=c:\Users\Pedro\faculdade\IniciacaoCientifica\grn\.env\Lib\site-packages\zmq\eventloop\zmqstream.py
cfn=_run_callback
calls=2 546
614 74700
cfl=c:\Users\Pedro\faculdade\IniciacaoCientifica\grn\.env\Lib\site-packages\zmq\sugar\socket.py
cfn=recv_multipart
calls=2 771
614 67300

fl=c:\Users\Pedro\faculdade\IniciacaoCientifica\grn\.env\Lib\site-packages\zmq\eventloop\zmqstream.py
fn=_rebuild_io_state
653 7500
cfl=C:\Users\Pedro\AppData\Local\Python\pythoncore-3.14-64\Lib\enum.py
cfn=__or__
calls=2 1583
653 6200
cfl=c:\Users\Pedro\faculdade\IniciacaoCientifica\grn\.env\Lib\site-packages\zmq\eventloop\zmqstream.py
cfn=receiving
calls=2 528
653 200
cfl=c:\Users\Pedro\faculdade\IniciacaoCientifica\grn\.env\Lib\site-packages\zmq\eventloop\zmqstream.py
cfn=sending
calls=2 532
653 7800
cfl=c:\Users\Pedro\faculdade\IniciacaoCientifica\grn\.env\Lib\site-packages\zmq\eventloop\zmqstream.py
cfn=_update_handler
calls=2 676
653 29000

fl=c:\Users\Pedro\faculdade\IniciacaoCientifica\grn\.env\Lib\site-packages\zmq\eventloop\zmqstream.py
fn=_update_handler
676 2100
cfl=C:\Users\Pedro\AppData\Local\Python\pythoncore-3.14-64\Lib\enum.py
cfn=__and__
calls=2 1594
676 5800
cfl=c:\Users\Pedro\faculdade\IniciacaoCientifica\grn\.env\Lib\site-packages\zmq\sugar\attrsettr.py
cfn=__getattr__
calls=2 43
676 21100

fl=c:\Users\Pedro\faculdade\IniciacaoCientifica\grn\.env\Lib\site-packages\zmq\sugar\attrsettr.py
fn=__getattr__
43 16300
cfl=<frozen importlib._bootstrap>
cfn=_handle_fromlist
calls=4 1401
43 5500
cfl=c:\Users\Pedro\faculdade\IniciacaoCientifica\grn\.env\Lib\site-packages\zmq\sugar\attrsettr.py
cfn=_get_attr_opt
calls=4 66
43 47300
cfl=~
cfn=<built-in method builtins.getattr>
calls=4 0
43 2900
cfl=~
cfn=<method 'upper' of 'str' objects>
calls=4 0
43 1100

fl=c:\Users\Pedro\faculdade\IniciacaoCientifica\grn\.env\Lib\site-packages\zmq\sugar\attrsettr.py
fn=_get_attr_opt
66 39000
cfl=C:\Users\Pedro\AppData\Local\Python\pythoncore-3.14-64\Lib\enum.py
cfn=__call__
calls=4 677
66 8300

fl=c:\Users\Pedro\faculdade\IniciacaoCientifica\grn\.env\Lib\site-packages\zmq\sugar\socket.py
fn=send
623 25100
cfl=~
cfn=<method '__exit__' of 'sqlite3.Connection' objects>
calls=0 0
623 0

fl=c:\Users\Pedro\faculdade\IniciacaoCientifica\grn\.env\Lib\site-packages\zmq\sugar\socket.py
fn=recv_multipart
771 30900
cfl=C:\Users\Pedro\AppData\Local\Python\pythoncore-3.14-64\Lib\enum.py
cfn=__call__
calls=2 677
771 1300
cfl=C:\Users\Pedro\AppData\Local\Python\pythoncore-3.14-64\Lib\typing.py
cfn=_type_check
calls=4 184
771 26600
cfl=C:\Users\Pedro\AppData\Local\Python\pythoncore-3.14-64\Lib\typing.py
cfn=inner
calls=4 396
771 3600
cfl=C:\Users\Pedro\AppData\Local\Python\pythoncore-3.14-64\Lib\typing.py
cfn=__hash__
calls=12 1361
771 4700
cfl=C:\Users\Pedro\AppData\Local\Python\pythoncore-3.14-64\Lib\typing.py
cfn=cast
calls=2 2300
771 200

fl=c:\Users\Pedro\faculdade\IniciacaoCientifica\grn\PythonCode\Modules\EvolutionModules.py
fn=__init__:26
26 2021400
cfl=c:\Users\Pedro\faculdade\IniciacaoCientifica\grn\PythonCode\Modules\EvolutionModules.py
cfn=limit_val
calls=11229 31
26 4771300

fl=c:\Users\Pedro\faculdade\IniciacaoCientifica\grn\PythonCode\Modules\EvolutionModules.py
fn=limit_val
31 2873200
cfl=~
cfn=<built-in method builtins.max>
calls=11229 0
31 911300
cfl=~
cfn=<built-in method builtins.min>
calls=11229 0
31 986800

fl=c:\Users\Pedro\faculdade\IniciacaoCientifica\grn\PythonCode\Modules\EvolutionModules.py
fn=__init__:41
41 290400
cfl=C:\Users\Pedro\AppData\Local\Python\pythoncore-3.14-64\Lib\copy.py
cfn=deepcopy
calls=591 110
41 26475000

fl=c:\Users\Pedro\faculdade\IniciacaoCientifica\grn\PythonCode\Modules\EvolutionModules.py
fn=solve_ivp
50 410600
cfl=~
cfn=<method 'upper' of 'str' objects>
calls=591 0
50 89700

fl=c:\Users\Pedro\faculdade\IniciacaoCientifica\grn\PythonCode\Modules\EvolutionModules.py
fn=calculate_fitness
107 463600
cfl=c:\Users\Pedro\faculdade\IniciacaoCientifica\grn\PythonCode\Modules\EvolutionModules.py
cfn=solve_ivp
calls=590 50
107 498900
cfl=~
cfn=<built-in method builtins.print>
calls=590 0
107 7413500

fl=c:\Users\Pedro\faculdade\IniciacaoCientifica\grn\PythonCode\Modules\EvolutionModules.py
fn=calc_all_fitness
121 1100
cfl=c:\Users\Pedro\faculdade\IniciacaoCientifica\grn\PythonCode\Modules\EvolutionModules.py
cfn=solve_ivp
calls=1 50
121 1400

fl=c:\Users\Pedro\faculdade\IniciacaoCientifica\grn\PythonCode\Modules\EvolutionModules.py
fn=list_to_ind
221 6525100
cfl=c:\Users\Pedro\faculdade\IniciacaoCientifica\grn\PythonCode\Modules\EvolutionModules.py
cfn=__init__:26
calls=11229 26
221 6792700
cfl=c:\Users\Pedro\faculdade\IniciacaoCientifica\grn\PythonCode\Modules\EvolutionModules.py
cfn=__init__:41
calls=591 41
221 26765400
cfl=c:\Users\Pedro\faculdade\IniciacaoCientifica\grn\PythonCode\Modules\Models.py
cfn=is_excluded
calls=11229 54
221 2929900
cfl=~
cfn=<method 'items' of 'dict' objects>
calls=3546 0
221 431900

fl=c:\Users\Pedro\faculdade\IniciacaoCientifica\grn\PythonCode\Modules\Handlers.py
fn=run_path
29 9000
cfl=<frozen ntpath>
cfn=join
calls=6 99
29 20500

fl=c:\Users\Pedro\faculdade\IniciacaoCientifica\grn\PythonCode\Modules\Handlers.py
fn=setup_logger
33 19400
cfl=<frozen ntpath>
cfn=join
calls=1 99
33 1700
cfl=<frozen os>
cfn=makedirs
calls=1 211
33 259100
cfl=C:\Users\Pedro\AppData\Local\Python\pythoncore-3.14-64\Lib\logging\__init__.py
cfn=__init__:601
calls=1 601
33 9100
cfl=C:\Users\Pedro\AppData\Local\Python\pythoncore-3.14-64\Lib\logging\__init__.py
cfn=setFormatter
calls=1 1030
33 200
cfl=C:\Users\Pedro\AppData\Local\Python\pythoncore-3.14-64\Lib\logging\__init__.py
cfn=__init__:1194
calls=1 1194
33 228300
cfl=C:\Users\Pedro\AppData\Local\Python\pythoncore-3.14-64\Lib\logging\__init__.py
cfn=setLevel
calls=1 1491
33 38900
cfl=C:\Users\Pedro\AppData\Local\Python\pythoncore-3.14-64\Lib\logging\__init__.py
cfn=addHandler
calls=1 1683
33 1200
cfl=C:\Users\Pedro\AppData\Local\Python\pythoncore-3.14-64\Lib\logging\__init__.py
cfn=getLogger:2130
calls=1 2130
33 21400
cfl=c:\Users\Pedro\faculdade\IniciacaoCientifica\grn\PythonCode\Modules\Handlers.py
cfn=run_path
calls=2 29
33 14300

fl=c:\Users\Pedro\faculdade\IniciacaoCientifica\grn\PythonCode\Modules\Handlers.py
fn=run_serial
48 23500
cfl=C:\Users\Pedro\AppData\Local\Python\pythoncore-3.14-64\Lib\logging\__init__.py
cfn=info
calls=1 1510
48 87800
cfl=c:\Users\Pedro\faculdade\IniciacaoCientifica\grn\PythonCode\Modules\EvolutionModules.py
cfn=calc_all_fitness
calls=1 121
48 2500
cfl=c:\Users\Pedro\faculdade\IniciacaoCientifica\grn\PythonCode\Modules\Handlers.py
cfn=run_single
calls=0 93
48 0
cfl=~
cfn=<built-in method builtins.print>
calls=2 0
48 32300
cfl=~
cfn=<built-in method time.time>
calls=1 0
48 700

fl=c:\Users\Pedro\faculdade\IniciacaoCientifica\grn\PythonCode\Modules\Handlers.py
fn=run_single
93 31300
cfl=c:\Users\Pedro\faculdade\IniciacaoCientifica\grn\.env\Lib\site-packages\scipy\_lib\_util.py
cfn=__getattr__
calls=1 1016
93 200
cfl=c:\Users\Pedro\faculdade\IniciacaoCientifica\grn\PythonCode\Modules\EvolutionModules.py
cfn=list_to_ind
calls=1 221
93 86200
cfl=c:\Users\Pedro\faculdade\IniciacaoCientifica\grn\PythonCode\Modules\Handlers.py
cfn=run_path
calls=1 29
93 3600
cfl=c:\Users\Pedro\faculdade\IniciacaoCientifica\grn\PythonCode\Modules\Methods.py
cfn=run
calls=0 34
93 0
cfl=c:\Users\Pedro\faculdade\IniciacaoCientifica\grn\PythonCode\Modules\Methods.py
cfn=__init__:178
calls=1 178
93 3700

fl=c:\Users\Pedro\faculdade\IniciacaoCientifica\grn\PythonCode\Modules\Handlers.py
fn=save_results
132 27000
cfl=<frozen ntpath>
cfn=join
calls=2 99
132 3800
cfl=C:\Users\Pedro\AppData\Local\Python\pythoncore-3.14-64\Lib\logging\__init__.py
cfn=info
calls=2 1510
132 158500
cfl=c:\Users\Pedro\faculdade\IniciacaoCientifica\grn\.env\Lib\site-packages\pandas\core\frame.py
cfn=__init__
calls=2 702
132 1221400
cfl=c:\Users\Pedro\faculdade\IniciacaoCientifica\grn\.env\Lib\site-packages\pandas\core\generic.py
cfn=to_csv
calls=2 3795
132 3120100
cfl=c:\Users\Pedro\faculdade\IniciacaoCientifica\grn\PythonCode\Modules\Handlers.py
cfn=run_path
calls=2 29
132 8100

fl=c:\Users\Pedro\faculdade\IniciacaoCientifica\grn\PythonCode\Modules\Handlers.py
fn=execute
138 18700
cfl=C:\Users\Pedro\AppData\Local\Python\pythoncore-3.14-64\Lib\logging\__init__.py
cfn=info
calls=1 1510
138 45500
cfl=c:\Users\Pedro\faculdade\IniciacaoCientifica\grn\.env\Lib\site-packages\pandas\io\parsers\readers.py
cfn=read_csv
calls=1 349
138 5072500
cfl=c:\Users\Pedro\faculdade\IniciacaoCientifica\grn\PythonCode\Modules\Handlers.py
cfn=run_path
calls=1 29
138 3500
cfl=c:\Users\Pedro\faculdade\IniciacaoCientifica\grn\PythonCode\Modules\Handlers.py
cfn=setup_logger
calls=1 33
138 593600
cfl=~
cfn=<built-in method builtins.print>
calls=0 0
138 0
cfl=~
cfn=<built-in method now>
calls=1 0
138 1500
cfl=~
cfn=<built-in method time.time>
calls=1 0
138 300
cfl=~
cfn=<method 'strftime' of 'datetime.date' objects>
calls=1 0
138 6600

fl=c:\Users\Pedro\faculdade\IniciacaoCientifica\grn\PythonCode\Modules\Methods.py
fn=__init__:31
31 100

fl=c:\Users\Pedro\faculdade\IniciacaoCientifica\grn\PythonCode\Modules\Methods.py
fn=run
34 35400
cfl=C:\Users\Pedro\AppData\Local\Python\pythoncore-3.14-64\Lib\contextlib.py
cfn=__exit__:145
calls=1 145
34 3700
cfl=C:\Users\Pedro\AppData\Local\Python\pythoncore-3.14-64\Lib\logging\__init__.py
cfn=info
calls=1 1510
34 67500
cfl=C:\Users\Pedro\AppData\Local\Python\pythoncore-3.14-64\Lib\threading.py
cfn=wait
calls=0 651
34 0
cfl=c:\Users\Pedro\faculdade\IniciacaoCientifica\grn\PythonCode\Modules\Methods.py
cfn=execute
calls=0 197
34 0
cfl=~
cfn=<built-in method time.time>
calls=1 0
34 200

fl=c:\Users\Pedro\faculdade\IniciacaoCientifica\grn\PythonCode\Modules\Methods.py
fn=__init__:178
178 3600
cfl=c:\Users\Pedro\faculdade\IniciacaoCientifica\grn\PythonCode\Modules\Methods.py
cfn=__init__:31
calls=1 31
178 100

fl=c:\Users\Pedro\faculdade\IniciacaoCientifica\grn\PythonCode\Modules\Methods.py
fn=execute
197 11600
cfl=c:\Users\Pedro\faculdade\IniciacaoCientifica\grn\.env\Lib\site-packages\scipy\_lib\_util.py
cfn=wrapper
calls=0 291
197 0
cfl=c:\Users\Pedro\faculdade\IniciacaoCientifica\grn\PythonCode\Modules\Models.py
cfn=bounds_list
calls=1 125
197 18900

fl=c:\Users\Pedro\faculdade\IniciacaoCientifica\grn\PythonCode\Modules\Methods.py
fn=objective_function
199 707000
cfl=c:\Users\Pedro\faculdade\IniciacaoCientifica\grn\PythonCode\Modules\EvolutionModules.py
cfn=calculate_fitness
calls=590 107
199 8376000
cfl=c:\Users\Pedro\faculdade\IniciacaoCientifica\grn\PythonCode\Modules\EvolutionModules.py
cfn=list_to_ind
calls=590 221
199 43358800
cfl=~
cfn=<built-in method numpy.zeros>
calls=22 0
199 11300

fl=c:\Users\Pedro\faculdade\IniciacaoCientifica\grn\PythonCode\Modules\Models.py
fn=is_excluded
54 2179400
cfl=~
cfn=<built-in method builtins.isinstance>
calls=11229 0
54 750500

fl=c:\Users\Pedro\faculdade\IniciacaoCientifica\grn\PythonCode\Modules\Models.py
fn=bounds_list
125 15500
cfl=~
cfn=<method 'append' of 'list' objects>
calls=19 0
125 2500
cfl=~
cfn=<method 'items' of 'dict' objects>
calls=6 0
125 900

fl=~
fn=<built-in method __new__ of type object at 0x00007FFE69354D90>
0 18100

fl=~
fn=<built-in method _abc._abc_instancecheck>
0 24600
cfl=<frozen abc>
cfn=__subclasscheck__
calls=6 121
0 147700

fl=~
fn=<built-in method _abc._abc_subclasscheck>
0 132300
cfl=<frozen _collections_abc>
cfn=__subclasshook__
calls=13 345
0 1800
cfl=<frozen abc>
cfn=__subclasscheck__
calls=85 121
0 125600

fl=~
fn=<built-in method _asyncio.current_task>
0 3000

fl=~
fn=<built-in method _codecs.charmap_encode>
0 6900

fl=~
fn=<built-in method _codecs.lookup>
0 2100

fl=~
fn=<built-in method _codecs.lookup_error>
0 1400

fl=~
fn=<built-in method _codecs.utf_8_decode>
0 22000

fl=~
fn=<built-in method _contextvars.copy_context>
0 600

fl=~
fn=<built-in method _csv.writer>
0 7500

fl=~
fn=<built-in method _heapq.heappush>
0 2100
cfl=C:\Users\Pedro\AppData\Local\Python\pythoncore-3.14-64\Lib\asyncio\events.py
cfn=__lt__
calls=2 162
0 1000

fl=~
fn=<built-in method _imp._fix_co_filename>
0 1000

fl=~
fn=<built-in method _imp.acquire_lock>
0 1200

fl=~
fn=<built-in method _imp.create_builtin>
0 4700

fl=~
fn=<built-in method _imp.exec_builtin>
0 400

fl=~
fn=<built-in method _imp.find_frozen>
0 500

fl=~
fn=<built-in method _imp.is_builtin>
0 3000

fl=~
fn=<built-in method _imp.release_lock>
0 1000

fl=~
fn=<built-in method _io.open>
0 4605500
cfl=<frozen codecs>
cfn=__init__:189
calls=3 189
0 1700
cfl=<frozen codecs>
cfn=__init__:312
calls=1 312
0 2100

fl=~
fn=<built-in method _io.open_code>
0 249400

fl=~
fn=<built-in method _io.text_encoding>
0 200

fl=~
fn=<built-in method _operator.index>
0 1800

fl=~
fn=<built-in method _suggestions._generate_suggestions>
0 2300

fl=~
fn=<built-in method _thread.allocate_lock>
0 1100

fl=~
fn=<built-in method _thread.get_ident>
0 3300

fl=~
fn=<built-in method _warnings._acquire_lock>
0 4200

fl=~
fn=<built-in method _warnings._filters_mutated_lock_held>
0 4200

fl=~
fn=<built-in method _warnings._release_lock>
0 3700

fl=~
fn=<built-in method _warnings.warn>
0 19000
cfl=C:\Users\Pedro\AppData\Local\Python\pythoncore-3.14-64\Lib\_py_warnings.py
cfn=_showwarnmsg
calls=1 217
0 646000
cfl=C:\Users\Pedro\AppData\Local\Python\pythoncore-3.14-64\Lib\_py_warnings.py
cfn=__init__:576
calls=1 576
0 1900

fl=~
fn=<built-in method _weakref._remove_dead_weakref>
0 600

fl=~
fn=<built-in method _winapi.LCMapStringEx>
0 19200

fl=~
fn=<built-in method builtins.__build_class__>
0 15600
cfl=c:\Users\Pedro\faculdade\IniciacaoCientifica\grn\.env\Lib\site-packages\pandas\io\formats\csvs.py
cfn=CSVFormatter
calls=1 56
0 10400

fl=~
fn=<built-in method builtins.any>
0 157400

fl=~
fn=<built-in method builtins.callable>
0 4400

fl=~
fn=<built-in method builtins.compile>
0 125700

fl=~
fn=<built-in method builtins.dir>
0 11800

fl=~
fn=<built-in method builtins.exec>
0 3200
cfl=c:\Users\Pedro\faculdade\IniciacaoCientifica\grn\.env\Lib\site-packages\pandas\io\formats\csvs.py
cfn=<module>
calls=1 1
0 48300

fl=~
fn=<built-in method builtins.getattr>
0 61900

fl=~
fn=<built-in method builtins.hasattr>
0 25200

fl=~
fn=<built-in method builtins.hash>
0 3600

fl=~
fn=<built-in method builtins.id>
0 1708000

fl=~
fn=<built-in method builtins.isinstance>
0 1127200
cfl=<frozen abc>
cfn=__instancecheck__
calls=33 117
0 175700
cfl=C:\Users\Pedro\AppData\Local\Python\pythoncore-3.14-64\Lib\typing.py
cfn=__instancecheck__
calls=2 1292
0 9400
cfl=c:\Users\Pedro\faculdade\IniciacaoCientifica\grn\.env\Lib\site-packages\pandas\core\dtypes\generic.py
cfn=_instancecheck
calls=245 43
0 135200

fl=~
fn=<built-in method builtins.issubclass>
0 17200
cfl=<frozen abc>
cfn=__subclasscheck__
calls=2 121
0 2600

fl=~
fn=<built-in method builtins.iter>
0 2800

fl=~
fn=<built-in method builtins.len>
0 182500
cfl=c:\Users\Pedro\faculdade\IniciacaoCientifica\grn\.env\Lib\site-packages\pandas\core\indexes\base.py
cfn=__len__
calls=10 918
0 4200
cfl=c:\Users\Pedro\faculdade\IniciacaoCientifica\grn\.env\Lib\site-packages\pandas\core\indexes\range.py
cfn=__len__
calls=76 1265
0 20000

fl=~
fn=<built-in method builtins.locals>
0 5300

fl=~
fn=<built-in method builtins.max>
0 919200
cfl=<frozen importlib._bootstrap_external>
cfn=<genexpr>
calls=6 139
0 2200

fl=~
fn=<built-in method builtins.min>
0 990700

fl=~
fn=<built-in method builtins.next>
0 42200
cfl=c:\Users\Pedro\faculdade\IniciacaoCientifica\grn\.env\Lib\site-packages\IPython\core\history.py
cfn=hold
calls=1 1100
0 200
cfl=c:\Users\Pedro\faculdade\IniciacaoCientifica\grn\.env\Lib\site-packages\scipy\optimize\_differentialevolution.py
cfn=__next__
calls=1 1601
0 27576900

fl=~
fn=<built-in method builtins.ord>
0 200

fl=~
fn=<built-in method builtins.print>
0 465400
cfl=C:\Users\Pedro\AppData\Local\Python\pythoncore-3.14-64\Lib\logging\__init__.py
cfn=info
calls=0 1510
0 0
cfl=c:\Users\Pedro\faculdade\IniciacaoCientifica\grn\.env\Lib\site-packages\IPython\core\interactiveshell.py
cfn=write
calls=1188 3098
0 0
cfl=c:\Users\Pedro\faculdade\IniciacaoCientifica\grn\PythonCode\Modules\Handlers.py
cfn=save_results
calls=2 132
0 4538900
cfl=~
cfn=<built-in method time.time>
calls=1 0
0 400
cfl=~
cfn=<method 'append' of 'list' objects>
calls=1 0
0 300

fl=~
fn=<built-in method builtins.setattr>
0 700

fl=~
fn=<built-in method builtins.sorted>
0 4000

fl=~
fn=<built-in method from_bytes>
0 1300

fl=~
fn=<built-in method marshal.loads>
0 101400

fl=~
fn=<built-in method math.prod>
0 5700
cfl=c:\Users\Pedro\faculdade\IniciacaoCientifica\grn\.env\Lib\site-packages\numpy\_core\fromnumeric.py
cfn=<genexpr>
calls=12 3575
0 2500

fl=~
fn=<built-in method now>
0 1500

fl=~
fn=<built-in method nt._getfullpathname>
0 2400

fl=~
fn=<built-in method nt._path_exists>
0 54100

fl=~
fn=<built-in method nt._path_isdir>
0 116000
cfl=C:\Users\Pedro\AppData\Local\Python\pythoncore-3.14-64\Lib\pathlib\__init__.py
cfn=__fspath__
calls=2 190
0 2600

fl=~
fn=<built-in method nt._path_normpath>
0 700

fl=~
fn=<built-in method nt._path_splitroot>
0 1000

fl=~
fn=<built-in method nt._path_splitroot_ex>
0 10700

fl=~
fn=<built-in method nt.fspath>
0 7300

fl=~
fn=<built-in method nt.getpid>
0 121000

fl=~
fn=<built-in method nt.mkdir>
0 192900

fl=~
fn=<built-in method nt.stat>
0 258200

fl=~
fn=<built-in method nt.urandom>
0 2000

fl=~
fn=<built-in method numpy._core._multiarray_umath._make_extobj>
0 1400

fl=~
fn=<built-in method numpy._core._multiarray_umath.c_einsum>
0 8000

fl=~
fn=<built-in method numpy._core._multiarray_umath.count_nonzero>
0 6200

fl=~
fn=<built-in method numpy.arange>
0 19600

fl=~
fn=<built-in method numpy.array>
0 94700
cfl=C:\Users\Pedro\AppData\Local\Python\pythoncore-3.14-64\Lib\enum.py
cfn=__get__
calls=2 187
0 2100

fl=~
fn=<built-in method numpy.asanyarray>
0 20200

fl=~
fn=<built-in method numpy.asarray>
0 27900

fl=~
fn=<built-in method numpy.empty>
0 28400

fl=~
fn=<built-in method numpy.fromiter>
0 10600

fl=~
fn=<built-in method numpy.lib.array_utils.normalize_axis_index>
0 3000

fl=~
fn=<built-in method numpy.zeros>
0 22500

fl=~
fn=<built-in method scipy.optimize._lbfgsb.setulb>
0 8500

fl=~
fn=<built-in method select.select>
0 31100

fl=~
fn=<built-in method sys._getframe>
0 2500

fl=~
fn=<built-in method sys.exception>
0 200

fl=~
fn=<built-in method sys.getfilesystemencoding>
0 300

fl=~
fn=<built-in method time.localtime>
0 28100

fl=~
fn=<built-in method time.monotonic>
0 1200

fl=~
fn=<built-in method time.strftime>
0 10900

fl=~
fn=<built-in method time.time>
0 2800

fl=~
fn=<built-in method time.time_ns>
0 3100

fl=~
fn=<method '__enter__' of '_io._IOBase' objects>
0 3100

fl=~
fn=<method '__enter__' of '_thread.RLock' objects>
0 176500

fl=~
fn=<method '__enter__' of '_thread.lock' objects>
0 1500

fl=~
fn=<method '__enter__' of 'numpy.nditer' objects>
0 1000

fl=~
fn=<method '__enter__' of 'sqlite3.Connection' objects>
0 100

fl=~
fn=<method '__exit__' of '_io._IOBase' objects>
0 46900

fl=~
fn=<method '__exit__' of '_thread.RLock' objects>
0 158400

fl=~
fn=<method '__exit__' of '_thread.lock' objects>
0 1100

fl=~
fn=<method '__exit__' of 'numpy.nditer' objects>
0 900

fl=~
fn=<method '__exit__' of 'sqlite3.Connection' objects>
0 276500

fl=~
fn=<method 'acquire' of '_thread.lock' objects>
0 600
cfl=c:\Users\Pedro\faculdade\IniciacaoCientifica\grn\.env\Lib\site-packages\numpy\_core\multiarray.py
cfn=may_share_memory
calls=11 1397
0 1700
cfl=c:\Users\Pedro\faculdade\IniciacaoCientifica\grn\.env\Lib\site-packages\numpy\_core\numeric.py
cfn=full
calls=1 323
0 8800

fl=~
fn=<method 'add' of 'set' objects>
0 800

fl=~
fn=<method 'all' of 'numpy.generic' objects>
0 4200
cfl=c:\Users\Pedro\faculdade\IniciacaoCientifica\grn\.env\Lib\site-packages\numpy\_core\_methods.py
cfn=_all
calls=1 64
0 21000

fl=~
fn=<method 'all' of 'numpy.ndarray' objects>
0 1300
cfl=c:\Users\Pedro\faculdade\IniciacaoCientifica\grn\.env\Lib\site-packages\numpy\_core\_methods.py
cfn=_all
calls=1 64
0 6600

fl=~
fn=<method 'any' of 'numpy.generic' objects>
0 2700
cfl=c:\Users\Pedro\faculdade\IniciacaoCientifica\grn\.env\Lib\site-packages\numpy\_core\_methods.py
cfn=_any
calls=2 55
0 3300

fl=~
fn=<method 'any' of 'numpy.ndarray' objects>
0 1700
cfl=c:\Users\Pedro\faculdade\IniciacaoCientifica\grn\.env\Lib\site-packages\numpy\_core\_methods.py
cfn=_any
calls=2 55
0 2700

fl=~
fn=<method 'append' of 'collections.deque' objects>
0 800

fl=~
fn=<method 'append' of 'list' objects>
0 862600

fl=~
fn=<method 'argmin' of 'numpy.ndarray' objects>
0 10600

fl=~
fn=<method 'as_arrays' of 'numpy._core._multiarray_umath._array_converter' objects>
0 2200

fl=~
fn=<method 'astype' of 'numpy.ndarray' objects>
0 16800

fl=~
fn=<method 'clear' of 'dict' objects>
0 4800

fl=~
fn=<method 'clip' of 'numpy.ndarray' objects>
0 6100
cfl=c:\Users\Pedro\faculdade\IniciacaoCientifica\grn\.env\Lib\site-packages\numpy\_core\_methods.py
cfn=_clip
calls=1 96
0 5600

fl=~
fn=<method 'close' of '_io.TextIOWrapper' objects>
0 174700

fl=~
fn=<method 'co_positions' of 'code' objects>
0 1200

fl=~
fn=<method 'copy' of 'dict' objects>
0 1300

fl=~
fn=<method 'copy' of 'numpy.ndarray' objects>
0 9900

fl=~
fn=<method 'decode' of 'bytes' objects>
0 4700

fl=~
fn=<method 'disable' of '_lsprof.Profiler' objects>
0 84900

fl=~
fn=<method 'discard' of 'set' objects>
0 1600

fl=~
fn=<method 'encode' of 'str' objects>
0 2700

fl=~
fn=<method 'endswith' of 'str' objects>
0 6300

fl=~
fn=<method 'extend' of 'list' objects>
0 2300

fl=~
fn=<method 'find' of 'str' objects>
0 1900

fl=~
fn=<method 'flush' of '_io.TextIOWrapper' objects>
0 669600

fl=~
fn=<method 'format' of 'str' objects>
0 3300

fl=~
fn=<method 'get' of '_contextvars.ContextVar' objects>
0 130500

fl=~
fn=<method 'get' of 'dict' objects>
0 1409000

fl=~
fn=<method 'get_name' of '_asyncio.Task' objects>
0 1700

fl=~
fn=<method 'insert' of 'list' objects>
0 3200

fl=~
fn=<method 'is_done' of '_thread._ThreadHandle' objects>
0 700

fl=~
fn=<method 'isascii' of 'str' objects>
0 1900

fl=~
fn=<method 'isspace' of 'str' objects>
0 6500

fl=~
fn=<method 'items' of 'dict' objects>
0 1347700

fl=~
fn=<method 'join' of 'str' objects>
0 11200

fl=~
fn=<method 'keys' of 'dict' objects>
0 800

fl=~
fn=<method 'lower' of 'str' objects>
0 4200

fl=~
fn=<method 'lstrip' of 'str' objects>
0 1100

fl=~
fn=<method 'match' of 're.Pattern' objects>
0 9600

fl=~
fn=<method 'partition' of 'str' objects>
0 2200

fl=~
fn=<method 'pop' of 'dict' objects>
0 6100

fl=~
fn=<method 'pop' of 'list' objects>
0 1000

fl=~
fn=<method 'pop' of 'set' objects>
0 1500

fl=~
fn=<method 'popleft' of 'collections.deque' objects>
0 800

fl=~
fn=<method 'ravel' of 'numpy.ndarray' objects>
0 1000

fl=~
fn=<method 'read' of '_io.BufferedReader' objects>
0 36700

fl=~
fn=<method 'readline' of '_io.BufferedReader' objects>
0 99000

fl=~
fn=<method 'readlines' of '_io._IOBase' objects>
0 314600
cfl=<frozen codecs>
cfn=decode
calls=24 322
0 33100

fl=~
fn=<method 'reduce' of 'numpy.ufunc' objects>
0 71800

fl=~
fn=<method 'release' of '_thread.lock' objects>
0 300

fl=~
fn=<method 'remove' of 'list' objects>
0 7900

fl=~
fn=<method 'replace' of 'str' objects>
0 8000

fl=~
fn=<method 'reset' of '_contextvars.ContextVar' objects>
0 2000

fl=~
fn=<method 'reshape' of 'numpy.ndarray' objects>
0 20400

fl=~
fn=<method 'result_type' of 'numpy._core._multiarray_umath._array_converter' objects>
0 500

fl=~
fn=<method 'reverse' of 'list' objects>
0 800

fl=~
fn=<method 'rfind' of 'str' objects>
0 4600

fl=~
fn=<method 'rpartition' of 'str' objects>
0 7100

fl=~
fn=<method 'rstrip' of 'str' objects>
0 7800

fl=~
fn=<method 'run' of '_contextvars.Context' objects>
0 2100
cfl=c:\Users\Pedro\faculdade\IniciacaoCientifica\grn\.env\Lib\site-packages\tornado\platform\asyncio.py
cfn=_handle_events
calls=2 206
0 298000

fl=~
fn=<method 'search' of 're.Pattern' objects>
0 2900

fl=~
fn=<method 'seek' of '_io.BufferedReader' objects>
0 7700

fl=~
fn=<method 'set' of '_contextvars.ContextVar' objects>
0 1700

fl=~
fn=<method 'split' of 'str' objects>
0 10700

fl=~
fn=<method 'splitlines' of 'str' objects>
0 6200

fl=~
fn=<method 'squeeze' of 'numpy.ndarray' objects>
0 1300

fl=~
fn=<method 'startswith' of 'bytes' objects>
0 1500

fl=~
fn=<method 'startswith' of 'str' objects>
0 5600

fl=~
fn=<method 'strftime' of 'datetime.date' objects>
0 6600

fl=~
fn=<method 'strip' of 'str' objects>
0 3300

fl=~
fn=<method 'update' of 'dict' objects>
0 700

fl=~
fn=<method 'update' of 'set' objects>
0 8300

fl=~
fn=<method 'upper' of 'str' objects>
0 91900

fl=~
fn=<method 'values' of 'dict' objects>
0 4100

fl=~
fn=<method 'wrap' of 'numpy._core._multiarray_umath._array_converter' objects>
0 1600

fl=~
fn=<method 'write' of '_io.StringIO' objects>
0 182100

fl=~
fn=<method 'write' of '_io.TextIOWrapper' objects>
0 13500
cfl=C:\Users\Pedro\AppData\Local\Python\pythoncore-3.14-64\Lib\encodings\cp1252.py
cfn=encode
calls=7 18
0 13300

fl=~
fn=<method 'writerow' of '_csv.writer' objects>
0 13400

