event: ns : Nanoseconds
events: ns
summary: 176499700
fl=<frozen _collections_abc>
fn=__subclasshook__
345 2100

fl=<frozen _collections_abc>
fn=keys
807 33400
cfl=<frozen _collections_abc>
cfn=__init__
calls=20 834
807 5600

fl=<frozen _collections_abc>
fn=__init__
834 5600

fl=<frozen _collections_abc>
fn=__iter__
857 406700
cfl=<frozen os>
cfn=__iter__
calls=2440 727
857 432500

fl=<frozen abc>
fn=__instancecheck__
117 11700
cfl=~
cfn=<built-in method _abc._abc_instancecheck>
calls=32 0
117 76700

fl=<frozen abc>
fn=__subclasscheck__
121 5900
cfl=~
cfn=<built-in method _abc._abc_subclasscheck>
calls=24 0
121 55300

fl=<frozen codecs>
fn=__init__:189
189 1700

fl=<frozen codecs>
fn=__init__:263
263 2100

fl=<frozen codecs>
fn=__init__:312
312 8700
cfl=<frozen codecs>
cfn=__init__:263
calls=7 263
312 2100

fl=<frozen codecs>
fn=decode
322 25800
cfl=~
cfn=<built-in method _codecs.utf_8_decode>
calls=43 0
322 32400

fl=<frozen codecs>
fn=getstate
334 500

fl=<frozen genericpath>
fn=_splitext
157 12000
cfl=~
cfn=<built-in method builtins.max>
calls=8 0
157 1800
cfl=~
cfn=<method 'rfind' of 'str' objects>
calls=24 0
157 3700

fl=<frozen importlib._bootstrap>
fn=_new_module
48 8000

fl=<frozen importlib._bootstrap>
fn=__new__
74 12100
cfl=~
cfn=<built-in method __new__ of type object at 0x00007FFF81974D90>
calls=9 0
74 3700

fl=<frozen importlib._bootstrap>
fn=__init__:79
79 8600

fl=<frozen importlib._bootstrap>
fn=remove
82 8700
cfl=~
cfn=<built-in method _weakref._remove_dead_weakref>
calls=9 0
82 3000

fl=<frozen importlib._bootstrap>
fn=setdefault
124 19700
cfl=<frozen importlib._bootstrap>
cfn=__new__
calls=9 74
124 15800
cfl=<frozen importlib._bootstrap>
cfn=__init__:79
calls=9 79
124 8600

fl=<frozen importlib._bootstrap>
fn=__init__:158
158 1100

fl=<frozen importlib._bootstrap>
fn=__enter__:162
162 11300
cfl=<frozen importlib._bootstrap>
cfn=setdefault
calls=9 124
162 44100
cfl=~
cfn=<method 'append' of 'list' objects>
calls=9 0
162 2000

fl=<frozen importlib._bootstrap>
fn=__exit__:173
173 4400
cfl=~
cfn=<method 'remove' of 'list' objects>
calls=9 0
173 2400

fl=<frozen importlib._bootstrap>
fn=__init__:232
232 8100
cfl=~
cfn=<built-in method _thread.allocate_lock>
calls=9 0
232 3300

fl=<frozen importlib._bootstrap>
fn=acquire
304 35700
cfl=<frozen importlib._bootstrap>
cfn=remove
calls=9 82
304 11700
cfl=<frozen importlib._bootstrap>
cfn=__init__:158
calls=9 158
304 1100
cfl=<frozen importlib._bootstrap>
cfn=__enter__:162
calls=9 162
304 57400
cfl=<frozen importlib._bootstrap>
cfn=__exit__:173
calls=9 173
304 6800
cfl=~
cfn=<built-in method _thread.get_ident>
calls=9 0
304 1300
cfl=~
cfn=<method '__enter__' of '_thread.RLock' objects>
calls=9 0
304 2700
cfl=~
cfn=<method '__exit__' of '_thread.RLock' objects>
calls=9 0
304 2000
cfl=~
cfn=<method 'append' of 'list' objects>
calls=9 0
304 1000

fl=<frozen importlib._bootstrap>
fn=release
372 18600
cfl=~
cfn=<built-in method _thread.get_ident>
calls=9 0
372 2400
cfl=~
cfn=<built-in method builtins.len>
calls=27 0
372 3400
cfl=~
cfn=<method '__enter__' of '_thread.RLock' objects>
calls=9 0
372 2500
cfl=~
cfn=<method '__exit__' of '_thread.RLock' objects>
calls=9 0
372 2100
cfl=~
cfn=<method 'pop' of 'list' objects>
calls=9 0
372 1600

fl=<frozen importlib._bootstrap>
fn=__init__:415
415 1600

fl=<frozen importlib._bootstrap>
fn=__enter__:419
419 11500
cfl=<frozen importlib._bootstrap>
cfn=acquire
calls=9 304
419 119700
cfl=<frozen importlib._bootstrap>
cfn=_get_module_lock
calls=9 429
419 49500

fl=<frozen importlib._bootstrap>
fn=__exit__:423
423 7000
cfl=<frozen importlib._bootstrap>
cfn=release
calls=9 372
423 30600

fl=<frozen importlib._bootstrap>
fn=_get_module_lock
429 35100
cfl=<frozen importlib._bootstrap>
cfn=__init__:232
calls=9 232
429 11400
cfl=~
cfn=<built-in method _imp.acquire_lock>
calls=9 0
429 1900
cfl=~
cfn=<built-in method _imp.release_lock>
calls=9 0
429 1100

fl=<frozen importlib._bootstrap>
fn=cb
448 8200
cfl=~
cfn=<built-in method _imp.acquire_lock>
calls=9 0
448 1400
cfl=~
cfn=<built-in method _imp.release_lock>
calls=9 0
448 900
cfl=~
cfn=<method 'get' of 'dict' objects>
calls=9 0
448 2000

fl=<frozen importlib._bootstrap>
fn=_call_with_frames_removed
483 15000
cfl=~
cfn=<built-in method _imp.create_dynamic>
calls=1 0
483 2353300
cfl=~
cfn=<built-in method _imp.exec_dynamic>
calls=1 0
483 19000
cfl=~
cfn=<built-in method _imp.find_frozen>
calls=9 0
483 4100
cfl=~
cfn=<built-in method builtins.__import__>
calls=2 0
483 2266300
cfl=~
cfn=<built-in method builtins.exec>
calls=8 0
483 6449000

fl=<frozen importlib._bootstrap>
fn=_verbose_message
494 8400

fl=<frozen importlib._bootstrap>
fn=__init__:602
602 2700

fl=<frozen importlib._bootstrap>
fn=cached
635 7000
cfl=<frozen importlib._bootstrap_external>
cfn=_get_cached
calls=9 369
635 147200

fl=<frozen importlib._bootstrap>
fn=parent
648 59800
cfl=~
cfn=<method 'rpartition' of 'str' objects>
calls=100 0
648 39400

fl=<frozen importlib._bootstrap>
fn=has_location
656 1400

fl=<frozen importlib._bootstrap>
fn=_init_module_attrs
736 29500
cfl=<frozen importlib._bootstrap>
cfn=cached
calls=17 635
736 154200
cfl=<frozen importlib._bootstrap>
cfn=parent
calls=9 648
736 7200
cfl=<frozen importlib._bootstrap>
cfn=has_location
calls=9 656
736 1200
cfl=~
cfn=<built-in method builtins.getattr>
calls=54 0
736 9400

fl=<frozen importlib._bootstrap>
fn=module_from_spec
809 19100
cfl=<frozen importlib._bootstrap>
cfn=_new_module
calls=8 48
809 8000
cfl=<frozen importlib._bootstrap>
cfn=_init_module_attrs
calls=9 736
809 201500
cfl=<frozen importlib._bootstrap_external>
cfn=create_module:750
calls=8 750
809 1000
cfl=<frozen importlib._bootstrap_external>
cfn=create_module:1051
calls=1 1051
809 2360400
cfl=~
cfn=<built-in method builtins.hasattr>
calls=9 0
809 1700

fl=<frozen importlib._bootstrap>
fn=_load_unlocked
914 32300
cfl=<frozen importlib._bootstrap>
cfn=_verbose_message
calls=8 494
914 800
cfl=<frozen importlib._bootstrap>
cfn=module_from_spec
calls=9 809
914 2591700
cfl=<frozen importlib._bootstrap_external>
cfn=exec_module:753
calls=7 753
914 0
cfl=<frozen importlib._bootstrap_external>
cfn=exec_module:1059
calls=1 1059
914 22400
cfl=~
cfn=<built-in method builtins.hasattr>
calls=9 0
914 3600
cfl=~
cfn=<method 'pop' of 'dict' objects>
calls=8 0
914 3300

fl=<frozen importlib._bootstrap>
fn=find_spec:985
985 4300
cfl=~
cfn=<built-in method _imp.is_builtin>
calls=9 0
985 15000

fl=<frozen importlib._bootstrap>
fn=find_spec:1131
1131 4800
cfl=<frozen importlib._bootstrap>
cfn=_call_with_frames_removed
calls=9 483
1131 7700

fl=<frozen importlib._bootstrap>
fn=__enter__:1225
1225 5400
cfl=~
cfn=<built-in method _imp.acquire_lock>
calls=27 0
1225 2800

fl=<frozen importlib._bootstrap>
fn=__exit__:1229
1229 6600
cfl=~
cfn=<built-in method _imp.release_lock>
calls=27 0
1229 4200

fl=<frozen importlib._bootstrap>
fn=_find_spec
1243 48900
cfl=<frozen importlib._bootstrap>
cfn=find_spec:985
calls=9 985
1243 19300
cfl=<frozen importlib._bootstrap>
cfn=find_spec:1131
calls=9 1131
1243 12500
cfl=<frozen importlib._bootstrap>
cfn=__enter__:1225
calls=27 1225
1243 8200
cfl=<frozen importlib._bootstrap>
cfn=__exit__:1229
calls=27 1229
1243 10800
cfl=<frozen importlib._bootstrap_external>
cfn=find_spec:1284
calls=9 1284
1243 2125600

fl=<frozen importlib._bootstrap>
fn=_find_and_load_unlocked
1308 39800
cfl=<frozen importlib._bootstrap>
cfn=_call_with_frames_removed
calls=1 483
1308 5256500
cfl=<frozen importlib._bootstrap>
cfn=_load_unlocked
calls=8 914
1308 0
cfl=<frozen importlib._bootstrap>
cfn=_find_spec
calls=9 1243
1308 2225300
cfl=C:\Users\Pedro\AppData\Local\Python\pythoncore-3.14-64\Lib\contextlib.py
cfn=__exit__:145
calls=1 145
1308 2500
cfl=C:\Users\Pedro\AppData\Local\Python\pythoncore-3.14-64\Lib\threading.py
cfn=wait:651
calls=0 651
1308 0
cfl=~
cfn=<built-in method builtins.getattr>
calls=8 0
1308 1500
cfl=~
cfn=<built-in method builtins.setattr>
calls=7 0
1308 5500
cfl=~
cfn=<method 'append' of 'list' objects>
calls=8 0
1308 1600
cfl=~
cfn=<method 'get' of 'dict' objects>
calls=16 0
1308 3000
cfl=~
cfn=<method 'pop' of 'list' objects>
calls=7 0
1308 1800
cfl=~
cfn=<method 'rpartition' of 'str' objects>
calls=17 0
1308 3500

fl=<frozen importlib._bootstrap>
fn=_find_and_load
1360 48900
cfl=<frozen importlib._bootstrap>
cfn=__init__:415
calls=9 415
1360 1600
cfl=<frozen importlib._bootstrap>
cfn=__enter__:419
calls=9 419
1360 180700
cfl=<frozen importlib._bootstrap>
cfn=__exit__:423
calls=8 423
1360 34500
cfl=<frozen importlib._bootstrap>
cfn=cb
calls=8 448
1360 11400
cfl=<frozen importlib._bootstrap>
cfn=_verbose_message
calls=1 494
1360 100
cfl=<frozen importlib._bootstrap>
cfn=_find_and_load_unlocked
calls=8 1308
1360 0
cfl=~
cfn=<method 'get' of 'dict' objects>
calls=18 0
1360 4500
cfl=~
cfn=<method 'pop' of 'dict' objects>
calls=1 0
1360 300

fl=<frozen importlib._bootstrap>
fn=_handle_fromlist
1401 23900
cfl=<frozen importlib._bootstrap>
cfn=_call_with_frames_removed
calls=2 483
1401 2267600
cfl=~
cfn=<built-in method builtins.hasattr>
calls=31 0
1401 8800
cfl=~
cfn=<built-in method builtins.isinstance>
calls=31 0
1401 2600

fl=<frozen importlib._bootstrap_external>
fn=_relax_case
67 5300

fl=<frozen importlib._bootstrap_external>
fn=_unpack_uint32
89 16700
cfl=~
cfn=<built-in method builtins.len>
calls=24 0
89 2200
cfl=~
cfn=<built-in method from_bytes>
calls=24 0
89 6100

fl=<frozen importlib._bootstrap_external>
fn=_path_join
101 193100
cfl=~
cfn=<built-in method builtins.len>
calls=84 0
101 9700
cfl=~
cfn=<method 'append' of 'list' objects>
calls=58 0
101 8900
cfl=~
cfn=<method 'endswith' of 'str' objects>
calls=158 0
101 17400
cfl=~
cfn=<method 'join' of 'str' objects>
calls=42 0
101 10100
cfl=~
cfn=<method 'rstrip' of 'str' objects>
calls=142 0
101 19600
cfl=~
cfn=<method 'startswith' of 'str' objects>
calls=100 0
101 13400

fl=<frozen importlib._bootstrap_external>
fn=_path_split
137 20400
cfl=~
cfn=<built-in method builtins.max>
calls=16 0
137 32000

fl=<frozen importlib._bootstrap_external>
fn=<genexpr>
139 11900
cfl=~
cfn=<method 'rfind' of 'str' objects>
calls=32 0
139 5800

fl=<frozen importlib._bootstrap_external>
fn=_path_stat
145 10000
cfl=~
cfn=<built-in method nt.stat>
calls=26 0
145 1911400

fl=<frozen importlib._bootstrap_external>
fn=_path_is_mode_type
155 6600
cfl=<frozen importlib._bootstrap_external>
cfn=_path_stat
calls=9 145
155 1412900

fl=<frozen importlib._bootstrap_external>
fn=_path_isfile
164 8000
cfl=<frozen importlib._bootstrap_external>
cfn=_path_is_mode_type
calls=9 155
164 1419500

fl=<frozen importlib._bootstrap_external>
fn=_path_isabs
177 16600
cfl=~
cfn=<built-in method builtins.len>
calls=9 0
177 1700
cfl=~
cfn=<built-in method nt._path_splitroot>
calls=9 0
177 9100
cfl=~
cfn=<method 'endswith' of 'str' objects>
calls=9 0
177 1500
cfl=~
cfn=<method 'replace' of 'str' objects>
calls=9 0
177 3500
cfl=~
cfn=<method 'startswith' of 'str' objects>
calls=9 0
177 1200

fl=<frozen importlib._bootstrap_external>
fn=_path_abspath
190 6000
cfl=<frozen importlib._bootstrap_external>
cfn=_path_isabs
calls=9 177
190 33600

fl=<frozen importlib._bootstrap_external>
fn=cache_from_source
239 42500
cfl=<frozen importlib._bootstrap_external>
cfn=_path_join
calls=16 101
239 115500
cfl=<frozen importlib._bootstrap_external>
cfn=_path_split
calls=16 137
239 52400
cfl=~
cfn=<built-in method nt.fspath>
calls=16 0
239 1800
cfl=~
cfn=<method 'join' of 'str' objects>
calls=16 0
239 3400
cfl=~
cfn=<method 'rpartition' of 'str' objects>
calls=16 0
239 3100

fl=<frozen importlib._bootstrap_external>
fn=_get_cached
369 14600
cfl=<frozen importlib._bootstrap_external>
cfn=cache_from_source
calls=8 239
369 130700
cfl=~
cfn=<method 'endswith' of 'str' objects>
calls=10 0
369 1900

fl=<frozen importlib._bootstrap_external>
fn=_check_name_wrapper
401 9200
cfl=<frozen importlib._bootstrap_external>
cfn=get_filename
calls=8 942
401 1400

fl=<frozen importlib._bootstrap_external>
fn=_classify_pyc
424 20800
cfl=<frozen importlib._bootstrap_external>
cfn=_unpack_uint32
calls=8 89
424 14100
cfl=~
cfn=<built-in method builtins.len>
calls=8 0
424 2500

fl=<frozen importlib._bootstrap_external>
fn=_validate_timestamp_pyc
457 9700
cfl=<frozen importlib._bootstrap_external>
cfn=_unpack_uint32
calls=16 89
457 10900

fl=<frozen importlib._bootstrap_external>
fn=_compile_bytecode
509 17700
cfl=<frozen importlib._bootstrap>
cfn=_verbose_message
calls=8 494
509 1500
cfl=~
cfn=<built-in method _imp._fix_co_filename>
calls=8 0
509 3700
cfl=~
cfn=<built-in method builtins.isinstance>
calls=8 0
509 1900
cfl=~
cfn=<built-in method marshal.loads>
calls=8 0
509 946000

fl=<frozen importlib._bootstrap_external>
fn=spec_from_file_location
560 26400
cfl=<frozen importlib._bootstrap>
cfn=__init__:602
calls=9 602
560 2700
cfl=<frozen importlib._bootstrap_external>
cfn=_path_abspath
calls=9 190
560 39600
cfl=~
cfn=<built-in method nt.fspath>
calls=9 0
560 1900

fl=<frozen importlib._bootstrap_external>
fn=create_module:750
750 1000

fl=<frozen importlib._bootstrap_external>
fn=exec_module:753
753 34200
cfl=<frozen importlib._bootstrap>
cfn=_call_with_frames_removed
calls=7 483
753 3969000
cfl=<frozen importlib._bootstrap_external>
cfn=get_code
calls=7 826
753 0

fl=<frozen importlib._bootstrap_external>
fn=get_code
826 79300
cfl=<frozen importlib._bootstrap>
cfn=_verbose_message
calls=7 494
826 1800
cfl=<frozen importlib._bootstrap_external>
cfn=cache_from_source
calls=8 239
826 88000
cfl=<frozen importlib._bootstrap_external>
cfn=_check_name_wrapper
calls=8 401
826 10600
cfl=<frozen importlib._bootstrap_external>
cfn=_classify_pyc
calls=7 424
826 30300
cfl=<frozen importlib._bootstrap_external>
cfn=_validate_timestamp_pyc
calls=7 457
826 17800
cfl=<frozen importlib._bootstrap_external>
cfn=_compile_bytecode
calls=7 509
826 782400
cfl=<frozen importlib._bootstrap_external>
cfn=get_data
calls=7 947
826 0
cfl=<frozen importlib._bootstrap_external>
cfn=path_stats
calls=8 966
826 184900
cfl=c:\Users\Pedro\faculdade\IniciacaoCientifica\grn\.env\Lib\site-packages\IPython\core\history.py
cfn=_writeout_output_cache
calls=1 1047
826 3700
cfl=c:\Users\Pedro\faculdade\IniciacaoCientifica\grn\.env\Lib\site-packages\traitlets\traitlets.py
cfn=__set__
calls=2 727
826 48900
cfl=~
cfn=<method '__enter__' of '_thread.lock' objects>
calls=1 0
826 400
cfl=~
cfn=<method '__exit__' of '_thread.lock' objects>
calls=2 0
826 500

fl=<frozen importlib._bootstrap_external>
fn=__init__:917
917 1400

fl=<frozen importlib._bootstrap_external>
fn=get_filename
942 1400

fl=<frozen importlib._bootstrap_external>
fn=get_data
947 28000
cfl=~
cfn=<built-in method _io.open_code>
calls=8 0
947 2144000
cfl=~
cfn=<built-in method builtins.isinstance>
calls=8 0
947 2300
cfl=~
cfn=<method '__enter__' of '_io._IOBase' objects>
calls=8 0
947 5100
cfl=~
cfn=<method '__exit__' of '_io._IOBase' objects>
calls=7 0
947 171100
cfl=~
cfn=<method 'read' of '_io.BufferedReader' objects>
calls=7 0
947 0

fl=<frozen importlib._bootstrap_external>
fn=path_stats
966 5100
cfl=<frozen importlib._bootstrap_external>
cfn=_path_stat
calls=8 145
966 179800

fl=<frozen importlib._bootstrap_external>
fn=__init__:1040
1040 100

fl=<frozen importlib._bootstrap_external>
fn=create_module:1051
1051 3600
cfl=<frozen importlib._bootstrap>
cfn=_call_with_frames_removed
calls=1 483
1051 2356400
cfl=<frozen importlib._bootstrap>
cfn=_verbose_message
calls=1 494
1051 400

fl=<frozen importlib._bootstrap_external>
fn=exec_module:1059
1059 1100
cfl=<frozen importlib._bootstrap>
cfn=_call_with_frames_removed
calls=1 483
1059 21200
cfl=<frozen importlib._bootstrap>
cfn=_verbose_message
calls=1 494
1059 100

fl=<frozen importlib._bootstrap_external>
fn=_path_importer_cache
1233 5200

fl=<frozen importlib._bootstrap_external>
fn=_get_spec:1255
1255 20400
cfl=<frozen importlib._bootstrap_external>
cfn=_path_importer_cache
calls=10 1233
1255 5200
cfl=<frozen importlib._bootstrap_external>
cfn=find_spec:1357
calls=9 1357
1255 2090900
cfl=~
cfn=<built-in method builtins.isinstance>
calls=10 0
1255 1400

fl=<frozen importlib._bootstrap_external>
fn=find_spec:1284
1284 7700
cfl=<frozen importlib._bootstrap_external>
cfn=_get_spec:1255
calls=9 1255
1284 2117900

fl=<frozen importlib._bootstrap_external>
fn=_get_spec:1352
1352 21800
cfl=<frozen importlib._bootstrap_external>
cfn=spec_from_file_location
calls=9 560
1352 70600
cfl=<frozen importlib._bootstrap_external>
cfn=__init__:917
calls=8 917
1352 1400
cfl=<frozen importlib._bootstrap_external>
cfn=__init__:1040
calls=1 1040
1352 100

fl=<frozen importlib._bootstrap_external>
fn=find_spec:1357
1357 72900
cfl=<frozen importlib._bootstrap>
cfn=_verbose_message
calls=26 494
1357 3300
cfl=<frozen importlib._bootstrap_external>
cfn=_relax_case
calls=9 67
1357 5300
cfl=<frozen importlib._bootstrap_external>
cfn=_path_join
calls=26 101
1357 156700
cfl=<frozen importlib._bootstrap_external>
cfn=_path_stat
calls=9 145
1357 328700
cfl=<frozen importlib._bootstrap_external>
cfn=_path_isfile
calls=9 164
1357 1427500
cfl=<frozen importlib._bootstrap_external>
cfn=_get_spec:1352
calls=9 1352
1357 93900
cfl=~
cfn=<method 'rpartition' of 'str' objects>
calls=9 0
1357 2600

fl=<frozen ntpath>
fn=_get_bothseps
34 2900
cfl=~
cfn=<built-in method builtins.isinstance>
calls=9 0
34 1200

fl=<frozen ntpath>
fn=normcase
50 31400
cfl=~
cfn=<built-in method _winapi.LCMapStringEx>
calls=26 0
50 27100
cfl=~
cfn=<built-in method builtins.isinstance>
calls=26 0
50 3700
cfl=~
cfn=<built-in method nt.fspath>
calls=26 0
50 3600
cfl=~
cfn=<method 'replace' of 'str' objects>
calls=26 0
50 6700

fl=<frozen ntpath>
fn=join
99 23300
cfl=~
cfn=<built-in method builtins.isinstance>
calls=12 0
99 1800
cfl=~
cfn=<built-in method nt._path_splitroot_ex>
calls=24 0
99 8100
cfl=~
cfn=<built-in method nt.fspath>
calls=12 0
99 1900

fl=<frozen ntpath>
fn=splitdrive
146 1200
cfl=~
cfn=<built-in method nt._path_splitroot_ex>
calls=2 0
146 500

fl=<frozen ntpath>
fn=split
222 26500
cfl=<frozen ntpath>
cfn=_get_bothseps
calls=9 34
222 4100
cfl=~
cfn=<built-in method builtins.len>
calls=9 0
222 1300
cfl=~
cfn=<built-in method nt._path_splitroot_ex>
calls=9 0
222 5400
cfl=~
cfn=<built-in method nt.fspath>
calls=9 0
222 700
cfl=~
cfn=<method 'rstrip' of 'str' objects>
calls=9 0
222 3100

fl=<frozen ntpath>
fn=splitext
243 9000
cfl=<frozen genericpath>
cfn=_splitext
calls=8 157
243 17500
cfl=~
cfn=<built-in method builtins.isinstance>
calls=8 0
243 700
cfl=~
cfn=<built-in method nt.fspath>
calls=8 0
243 900

fl=<frozen ntpath>
fn=basename
254 5600
cfl=<frozen ntpath>
cfn=split
calls=8 222
254 35400

fl=<frozen ntpath>
fn=expanduser
343 6000
cfl=~
cfn=<built-in method builtins.isinstance>
calls=9 0
343 900
cfl=~
cfn=<built-in method nt.fspath>
calls=9 0
343 1100
cfl=~
cfn=<method 'startswith' of 'str' objects>
calls=9 0
343 1300

fl=<frozen ntpath>
fn=abspath
529 2600
cfl=~
cfn=<built-in method nt._getfullpathname>
calls=1 0
529 3000
cfl=~
cfn=<built-in method nt._path_normpath>
calls=1 0
529 900

fl=<frozen os>
fn=makedirs
211 3800
cfl=<frozen ntpath>
cfn=split
calls=1 222
211 5700
cfl=~
cfn=<built-in method nt._path_exists>
calls=0 0
211 0

fl=<frozen os>
fn=__getitem__
704 1028400
cfl=<frozen os>
cfn=encodekey
calls=2420 778
704 1836300

fl=<frozen os>
fn=__iter__
727 432500

fl=<frozen os>
fn=copy
743 946600
cfl=<frozen _collections_abc>
cfn=keys
calls=20 807
743 39000
cfl=<frozen _collections_abc>
cfn=__iter__
calls=2440 857
743 839200
cfl=<frozen os>
cfn=__getitem__
calls=2420 704
743 2864700

fl=<frozen os>
fn=check_str
772 446000
cfl=~
cfn=<built-in method builtins.isinstance>
calls=2420 0
772 200400

fl=<frozen os>
fn=encodekey
778 856700
cfl=<frozen os>
cfn=check_str
calls=2420 772
778 646400
cfl=~
cfn=<method 'upper' of 'str' objects>
calls=2420 0
778 333200

fl=<frozen os>
fn=fsdecode
863 800
cfl=~
cfn=<built-in method builtins.isinstance>
calls=1 0
863 300
cfl=~
cfn=<built-in method nt.fspath>
calls=1 0
863 200

fl=<string>
fn=<lambda>:1
1 9000
cfl=~
cfn=<built-in method __new__ of type object at 0x00007FFF81974D90>
calls=23 0
1 6300

fl=<string>
fn=<lambda>:1
1 1800
cfl=~
cfn=<built-in method __new__ of type object at 0x00007FFF81974D90>
calls=3 0
1 1400

fl=<string>
fn=__init__:2
2 300

fl=<string>
fn=__init__:2
2 1900

fl=<string>
fn=__init__:2
2 3000

fl=C:\Users\Pedro\AppData\Local\Python\pythoncore-3.14-64\Lib\_colorize.py
fn=get_theme
322 4100

fl=C:\Users\Pedro\AppData\Local\Python\pythoncore-3.14-64\Lib\_py_warnings.py
fn=_filters
71 2000

fl=C:\Users\Pedro\AppData\Local\Python\pythoncore-3.14-64\Lib\_py_warnings.py
fn=_get_context
89 1700

fl=C:\Users\Pedro\AppData\Local\Python\pythoncore-3.14-64\Lib\_py_warnings.py
fn=_get_filters
111 7100
cfl=C:\Users\Pedro\AppData\Local\Python\pythoncore-3.14-64\Lib\_py_warnings.py
cfn=_filters
calls=12 71
111 2000
cfl=C:\Users\Pedro\AppData\Local\Python\pythoncore-3.14-64\Lib\_py_warnings.py
cfn=_get_context
calls=12 89
111 1500

fl=C:\Users\Pedro\AppData\Local\Python\pythoncore-3.14-64\Lib\_py_warnings.py
fn=_showwarnmsg_impl
133 5500
cfl=C:\Users\Pedro\AppData\Local\Python\pythoncore-3.14-64\Lib\_py_warnings.py
cfn=_get_context
calls=1 89
133 200
cfl=C:\Users\Pedro\AppData\Local\Python\pythoncore-3.14-64\Lib\_py_warnings.py
cfn=_formatwarnmsg
calls=1 240
133 455200
cfl=c:\Users\Pedro\faculdade\IniciacaoCientifica\grn\.env\Lib\site-packages\IPython\core\interactiveshell.py
cfn=write
calls=1 3098
133 178000

fl=C:\Users\Pedro\AppData\Local\Python\pythoncore-3.14-64\Lib\_py_warnings.py
fn=_formatwarnmsg_impl
153 7600
cfl=C:\Users\Pedro\AppData\Local\Python\pythoncore-3.14-64\Lib\linecache.py
cfn=getline
calls=1 22
153 443400
cfl=~
cfn=<method 'strip' of 'str' objects>
calls=1 0
153 400

fl=C:\Users\Pedro\AppData\Local\Python\pythoncore-3.14-64\Lib\_py_warnings.py
fn=_showwarnmsg
217 2200
cfl=C:\Users\Pedro\AppData\Local\Python\pythoncore-3.14-64\Lib\_py_warnings.py
cfn=_showwarnmsg_impl
calls=1 133
217 638900

fl=C:\Users\Pedro\AppData\Local\Python\pythoncore-3.14-64\Lib\_py_warnings.py
fn=_formatwarnmsg
240 3800
cfl=C:\Users\Pedro\AppData\Local\Python\pythoncore-3.14-64\Lib\_py_warnings.py
cfn=_formatwarnmsg_impl
calls=1 153
240 451400

fl=C:\Users\Pedro\AppData\Local\Python\pythoncore-3.14-64\Lib\_py_warnings.py
fn=simplefilter
294 11200
cfl=C:\Users\Pedro\AppData\Local\Python\pythoncore-3.14-64\Lib\_py_warnings.py
cfn=_add_filter
calls=12 320
294 53100
cfl=~
cfn=<built-in method builtins.isinstance>
calls=12 0
294 600

fl=C:\Users\Pedro\AppData\Local\Python\pythoncore-3.14-64\Lib\_py_warnings.py
fn=_add_filter
320 21900
cfl=C:\Users\Pedro\AppData\Local\Python\pythoncore-3.14-64\Lib\_py_warnings.py
cfn=_get_filters
calls=12 111
320 10600
cfl=C:\Users\Pedro\AppData\Local\Python\pythoncore-3.14-64\Lib\warnings.py
cfn=__enter__
calls=12 80
320 4600
cfl=C:\Users\Pedro\AppData\Local\Python\pythoncore-3.14-64\Lib\warnings.py
cfn=__exit__
calls=12 84
320 3700
cfl=~
cfn=<built-in method _warnings._filters_mutated_lock_held>
calls=12 0
320 1600
cfl=~
cfn=<method 'insert' of 'list' objects>
calls=12 0
320 3300
cfl=~
cfn=<method 'remove' of 'list' objects>
calls=12 0
320 7400

fl=C:\Users\Pedro\AppData\Local\Python\pythoncore-3.14-64\Lib\_py_warnings.py
fn=__init__:576
576 1900

fl=C:\Users\Pedro\AppData\Local\Python\pythoncore-3.14-64\Lib\_py_warnings.py
fn=__init__:616
616 4400

fl=C:\Users\Pedro\AppData\Local\Python\pythoncore-3.14-64\Lib\_py_warnings.py
fn=__enter__
639 18100
cfl=C:\Users\Pedro\AppData\Local\Python\pythoncore-3.14-64\Lib\warnings.py
cfn=__enter__
calls=12 80
639 5800
cfl=C:\Users\Pedro\AppData\Local\Python\pythoncore-3.14-64\Lib\warnings.py
cfn=__exit__
calls=12 84
639 5400
cfl=~
cfn=<built-in method _warnings._filters_mutated_lock_held>
calls=12 0
639 1300

fl=C:\Users\Pedro\AppData\Local\Python\pythoncore-3.14-64\Lib\_py_warnings.py
fn=__exit__
668 11900
cfl=C:\Users\Pedro\AppData\Local\Python\pythoncore-3.14-64\Lib\warnings.py
cfn=__enter__
calls=12 80
668 3700
cfl=C:\Users\Pedro\AppData\Local\Python\pythoncore-3.14-64\Lib\warnings.py
cfn=__exit__
calls=12 84
668 3000
cfl=~
cfn=<built-in method _warnings._filters_mutated_lock_held>
calls=12 0
668 900

fl=C:\Users\Pedro\AppData\Local\Python\pythoncore-3.14-64\Lib\_weakrefset.py
fn=add
45 32400
cfl=~
cfn=<method 'add' of 'set' objects>
calls=23 0
45 10400

fl=C:\Users\Pedro\AppData\Local\Python\pythoncore-3.14-64\Lib\ast.py
fn=parse
26 23300
cfl=~
cfn=<built-in method builtins.compile>
calls=54 0
26 735200

fl=C:\Users\Pedro\AppData\Local\Python\pythoncore-3.14-64\Lib\asyncio\base_events.py
fn=_check_closed
548 300

fl=C:\Users\Pedro\AppData\Local\Python\pythoncore-3.14-64\Lib\asyncio\base_events.py
fn=time
766 4400
cfl=~
cfn=<built-in method time.monotonic>
calls=8 0
766 1600

fl=C:\Users\Pedro\AppData\Local\Python\pythoncore-3.14-64\Lib\asyncio\base_events.py
fn=call_later
775 5800
cfl=C:\Users\Pedro\AppData\Local\Python\pythoncore-3.14-64\Lib\asyncio\base_events.py
cfn=time
calls=2 766
775 800
cfl=C:\Users\Pedro\AppData\Local\Python\pythoncore-3.14-64\Lib\asyncio\base_events.py
cfn=call_at
calls=2 799
775 30600

fl=C:\Users\Pedro\AppData\Local\Python\pythoncore-3.14-64\Lib\asyncio\base_events.py
fn=call_at
799 8400
cfl=C:\Users\Pedro\AppData\Local\Python\pythoncore-3.14-64\Lib\asyncio\base_events.py
cfn=_check_closed
calls=2 548
799 300
cfl=C:\Users\Pedro\AppData\Local\Python\pythoncore-3.14-64\Lib\asyncio\events.py
cfn=__init__:146
calls=2 146
799 18500
cfl=~
cfn=<built-in method _heapq.heappush>
calls=2 0
799 3400

fl=C:\Users\Pedro\AppData\Local\Python\pythoncore-3.14-64\Lib\asyncio\base_events.py
fn=_add_callback
1951 1100
cfl=~
cfn=<method 'append' of 'collections.deque' objects>
calls=2 0
1951 500

fl=C:\Users\Pedro\AppData\Local\Python\pythoncore-3.14-64\Lib\asyncio\base_events.py
fn=_run_once
1966 22200
cfl=C:\Users\Pedro\AppData\Local\Python\pythoncore-3.14-64\Lib\asyncio\base_events.py
cfn=time
calls=3 766
1966 1400
cfl=C:\Users\Pedro\AppData\Local\Python\pythoncore-3.14-64\Lib\cProfile.py
cfn=__exit__
calls=1 120
1966 85600
cfl=C:\Users\Pedro\AppData\Local\Python\pythoncore-3.14-64\Lib\selectors.py
cfn=select
calls=0 310
1966 0
cfl=~
cfn=<built-in method builtins.len>
calls=4 0
1966 900

fl=C:\Users\Pedro\AppData\Local\Python\pythoncore-3.14-64\Lib\asyncio\base_events.py
fn=get_debug
2064 300

fl=C:\Users\Pedro\AppData\Local\Python\pythoncore-3.14-64\Lib\asyncio\events.py
fn=__init__:41
41 12800
cfl=C:\Users\Pedro\AppData\Local\Python\pythoncore-3.14-64\Lib\asyncio\base_events.py
cfn=get_debug
calls=2 2064
41 300
cfl=~
cfn=<built-in method _contextvars.copy_context>
calls=2 0
41 1000

fl=C:\Users\Pedro\AppData\Local\Python\pythoncore-3.14-64\Lib\asyncio\events.py
fn=_run
92 5600
cfl=~
cfn=<method 'run' of '_contextvars.Context' objects>
calls=3 0
92 396400

fl=C:\Users\Pedro\AppData\Local\Python\pythoncore-3.14-64\Lib\asyncio\events.py
fn=__init__:146
146 4400
cfl=C:\Users\Pedro\AppData\Local\Python\pythoncore-3.14-64\Lib\asyncio\events.py
cfn=__init__:41
calls=2 41
146 14100

fl=C:\Users\Pedro\AppData\Local\Python\pythoncore-3.14-64\Lib\asyncio\events.py
fn=__lt__
162 900
cfl=~
cfn=<built-in method builtins.isinstance>
calls=2 0
162 300

fl=C:\Users\Pedro\AppData\Local\Python\pythoncore-3.14-64\Lib\asyncio\selector_events.py
fn=_process_events
744 4900
cfl=C:\Users\Pedro\AppData\Local\Python\pythoncore-3.14-64\Lib\asyncio\base_events.py
cfn=_add_callback
calls=2 1951
744 1600

fl=C:\Users\Pedro\AppData\Local\Python\pythoncore-3.14-64\Lib\cProfile.py
fn=__exit__
120 2500
cfl=~
cfn=<method 'disable' of '_lsprof.Profiler' objects>
calls=1 0
120 83100

fl=C:\Users\Pedro\AppData\Local\Python\pythoncore-3.14-64\Lib\contextlib.py
fn=__init__:108
108 1500
cfl=~
cfn=<built-in method builtins.getattr>
calls=1 0
108 300

fl=C:\Users\Pedro\AppData\Local\Python\pythoncore-3.14-64\Lib\contextlib.py
fn=__enter__:136
136 1400
cfl=~
cfn=<built-in method builtins.next>
calls=1 0
136 1300

fl=C:\Users\Pedro\AppData\Local\Python\pythoncore-3.14-64\Lib\contextlib.py
fn=__exit__:145
145 1300
cfl=~
cfn=<built-in method builtins.next>
calls=1 0
145 1200

fl=C:\Users\Pedro\AppData\Local\Python\pythoncore-3.14-64\Lib\contextlib.py
fn=helper
303 4900
cfl=C:\Users\Pedro\AppData\Local\Python\pythoncore-3.14-64\Lib\contextlib.py
cfn=__init__:108
calls=1 108
303 1800

fl=C:\Users\Pedro\AppData\Local\Python\pythoncore-3.14-64\Lib\contextlib.py
fn=__init__:444
444 6800

fl=C:\Users\Pedro\AppData\Local\Python\pythoncore-3.14-64\Lib\contextlib.py
fn=__enter__:447
447 4500

fl=C:\Users\Pedro\AppData\Local\Python\pythoncore-3.14-64\Lib\contextlib.py
fn=__exit__:450
450 6900
cfl=~
cfn=<built-in method builtins.issubclass>
calls=3 0
450 500

fl=C:\Users\Pedro\AppData\Local\Python\pythoncore-3.14-64\Lib\copy.py
fn=copy
62 900

fl=C:\Users\Pedro\AppData\Local\Python\pythoncore-3.14-64\Lib\copyreg.py
fn=_slotnames
112 8800
cfl=~
cfn=<built-in method builtins.hasattr>
calls=3 0
112 1400
cfl=~
cfn=<method 'get' of 'mappingproxy' objects>
calls=3 0
112 1600

fl=C:\Users\Pedro\AppData\Local\Python\pythoncore-3.14-64\Lib\dataclasses.py
fn=is_dataclass
1468 2200
cfl=~
cfn=<built-in method builtins.hasattr>
calls=2 0
1468 600
cfl=~
cfn=<built-in method builtins.isinstance>
calls=2 0
1468 500

fl=C:\Users\Pedro\AppData\Local\Python\pythoncore-3.14-64\Lib\encodings\cp1252.py
fn=encode
18 7900
cfl=~
cfn=<built-in method _codecs.charmap_encode>
calls=8 0
18 20700

fl=C:\Users\Pedro\AppData\Local\Python\pythoncore-3.14-64\Lib\enum.py
fn=__get__
187 900
cfl=C:\Users\Pedro\AppData\Local\Python\pythoncore-3.14-64\Lib\enum.py
cfn=value
calls=1 1324
187 400

fl=C:\Users\Pedro\AppData\Local\Python\pythoncore-3.14-64\Lib\enum.py
fn=__call__
677 14700
cfl=C:\Users\Pedro\AppData\Local\Python\pythoncore-3.14-64\Lib\enum.py
cfn=__new__
calls=21 1146
677 8000

fl=C:\Users\Pedro\AppData\Local\Python\pythoncore-3.14-64\Lib\enum.py
fn=__new__
1146 8000

fl=C:\Users\Pedro\AppData\Local\Python\pythoncore-3.14-64\Lib\enum.py
fn=value
1324 400

fl=C:\Users\Pedro\AppData\Local\Python\pythoncore-3.14-64\Lib\enum.py
fn=_get_value
1576 16700
cfl=~
cfn=<built-in method builtins.isinstance>
calls=60 0
1576 8100

fl=C:\Users\Pedro\AppData\Local\Python\pythoncore-3.14-64\Lib\enum.py
fn=__or__
1583 4200
cfl=C:\Users\Pedro\AppData\Local\Python\pythoncore-3.14-64\Lib\enum.py
cfn=__call__
calls=3 677
1583 1800
cfl=C:\Users\Pedro\AppData\Local\Python\pythoncore-3.14-64\Lib\enum.py
cfn=_get_value
calls=9 1576
1583 4900

fl=C:\Users\Pedro\AppData\Local\Python\pythoncore-3.14-64\Lib\enum.py
fn=__and__
1594 15900
cfl=C:\Users\Pedro\AppData\Local\Python\pythoncore-3.14-64\Lib\enum.py
cfn=__call__
calls=9 677
1594 7600
cfl=C:\Users\Pedro\AppData\Local\Python\pythoncore-3.14-64\Lib\enum.py
cfn=_get_value
calls=27 1576
1594 19900

fl=C:\Users\Pedro\AppData\Local\Python\pythoncore-3.14-64\Lib\inspect.py
fn=name
2733 600

fl=C:\Users\Pedro\AppData\Local\Python\pythoncore-3.14-64\Lib\inspect.py
fn=kind
2745 700

fl=C:\Users\Pedro\AppData\Local\Python\pythoncore-3.14-64\Lib\inspect.py
fn=__init__
2831 400

fl=C:\Users\Pedro\AppData\Local\Python\pythoncore-3.14-64\Lib\inspect.py
fn=args
2839 2200
cfl=C:\Users\Pedro\AppData\Local\Python\pythoncore-3.14-64\Lib\inspect.py
cfn=kind
calls=4 2745
2839 300
cfl=C:\Users\Pedro\AppData\Local\Python\pythoncore-3.14-64\Lib\inspect.py
cfn=parameters
calls=1 3042
2839 0
cfl=~
cfn=<method 'append' of 'list' objects>
calls=2 0
2839 300
cfl=~
cfn=<method 'items' of 'mappingproxy' objects>
calls=1 0
2839 100

fl=C:\Users\Pedro\AppData\Local\Python\pythoncore-3.14-64\Lib\inspect.py
fn=kwargs
2862 1200
cfl=C:\Users\Pedro\AppData\Local\Python\pythoncore-3.14-64\Lib\inspect.py
cfn=kind
calls=2 2745
2862 100
cfl=C:\Users\Pedro\AppData\Local\Python\pythoncore-3.14-64\Lib\inspect.py
cfn=parameters
calls=1 3042
2862 0
cfl=~
cfn=<method 'items' of 'mappingproxy' objects>
calls=1 0
2862 200

fl=C:\Users\Pedro\AppData\Local\Python\pythoncore-3.14-64\Lib\inspect.py
fn=apply_defaults
2892 4200
cfl=C:\Users\Pedro\AppData\Local\Python\pythoncore-3.14-64\Lib\inspect.py
cfn=parameters
calls=1 3042
2892 100
cfl=~
cfn=<method 'append' of 'list' objects>
calls=2 0
2892 500
cfl=~
cfn=<method 'items' of 'mappingproxy' objects>
calls=1 0
2892 400

fl=C:\Users\Pedro\AppData\Local\Python\pythoncore-3.14-64\Lib\inspect.py
fn=parameters
3042 200

fl=C:\Users\Pedro\AppData\Local\Python\pythoncore-3.14-64\Lib\inspect.py
fn=_bind
3088 12300
cfl=C:\Users\Pedro\AppData\Local\Python\pythoncore-3.14-64\Lib\inspect.py
cfn=name
calls=4 2733
3088 600
cfl=C:\Users\Pedro\AppData\Local\Python\pythoncore-3.14-64\Lib\inspect.py
cfn=kind
calls=4 2745
3088 300
cfl=C:\Users\Pedro\AppData\Local\Python\pythoncore-3.14-64\Lib\inspect.py
cfn=__init__
calls=1 2831
3088 400
cfl=C:\Users\Pedro\AppData\Local\Python\pythoncore-3.14-64\Lib\inspect.py
cfn=parameters
calls=1 3042
3088 100
cfl=~
cfn=<built-in method builtins.iter>
calls=2 0
3088 500
cfl=~
cfn=<built-in method builtins.next>
calls=6 0
3088 1600
cfl=~
cfn=<method 'values' of 'mappingproxy' objects>
calls=1 0
3088 600

fl=C:\Users\Pedro\AppData\Local\Python\pythoncore-3.14-64\Lib\inspect.py
fn=bind
3230 6800
cfl=C:\Users\Pedro\AppData\Local\Python\pythoncore-3.14-64\Lib\inspect.py
cfn=_bind
calls=1 3088
3230 16400

fl=C:\Users\Pedro\AppData\Local\Python\pythoncore-3.14-64\Lib\linecache.py
fn=getline
22 38900
cfl=C:\Users\Pedro\AppData\Local\Python\pythoncore-3.14-64\Lib\linecache.py
cfn=getlines
calls=66 32
22 43077700
cfl=~
cfn=<built-in method builtins.len>
calls=66 0
22 6700

fl=C:\Users\Pedro\AppData\Local\Python\pythoncore-3.14-64\Lib\linecache.py
fn=getlines
32 43400
cfl=C:\Users\Pedro\AppData\Local\Python\pythoncore-3.14-64\Lib\linecache.py
cfn=updatecache
calls=6 106
32 43021600
cfl=~
cfn=<built-in method builtins.len>
calls=65 0
32 5100
cfl=~
cfn=<method 'get' of 'dict' objects>
calls=66 0
32 7600

fl=C:\Users\Pedro\AppData\Local\Python\pythoncore-3.14-64\Lib\linecache.py
fn=_source_unavailable
64 5100
cfl=~
cfn=<method 'startswith' of 'str' objects>
calls=6 0
64 1400

fl=C:\Users\Pedro\AppData\Local\Python\pythoncore-3.14-64\Lib\linecache.py
fn=checkcache
74 19200
cfl=~
cfn=<built-in method builtins.len>
calls=14 0
74 1500
cfl=~
cfn=<built-in method nt.stat>
calls=9 0
74 246300
cfl=~
cfn=<method 'get' of 'dict' objects>
calls=14 0
74 1700

fl=C:\Users\Pedro\AppData\Local\Python\pythoncore-3.14-64\Lib\linecache.py
fn=updatecache
106 73300
cfl=C:\Users\Pedro\AppData\Local\Python\pythoncore-3.14-64\Lib\linecache.py
cfn=_source_unavailable
calls=6 64
106 6500
cfl=C:\Users\Pedro\AppData\Local\Python\pythoncore-3.14-64\Lib\tokenize.py
cfn=open
calls=6 457
106 41907400
cfl=~
cfn=<built-in method nt.stat>
calls=6 0
106 204600
cfl=~
cfn=<method '__enter__' of '_io._IOBase' objects>
calls=6 0
106 6000
cfl=~
cfn=<method '__exit__' of '_io._IOBase' objects>
calls=6 0
106 131800
cfl=~
cfn=<method 'endswith' of 'str' objects>
calls=6 0
106 1700
cfl=~
cfn=<method 'pop' of 'dict' objects>
calls=6 0
106 2600
cfl=~
cfn=<method 'readlines' of '_io._IOBase' objects>
calls=6 0
106 686900
cfl=~
cfn=<method 'startswith' of 'str' objects>
calls=6 0
106 800

fl=C:\Users\Pedro\AppData\Local\Python\pythoncore-3.14-64\Lib\linecache.py
fn=lazycache
200 15800
cfl=C:\Users\Pedro\AppData\Local\Python\pythoncore-3.14-64\Lib\linecache.py
cfn=_make_lazycache_entry
calls=5 224
200 20800
cfl=~
cfn=<built-in method builtins.len>
calls=22 0
200 2400
cfl=~
cfn=<method 'get' of 'dict' objects>
calls=27 0
200 4600

fl=C:\Users\Pedro\AppData\Local\Python\pythoncore-3.14-64\Lib\linecache.py
fn=_make_lazycache_entry
224 14200
cfl=~
cfn=<built-in method builtins.getattr>
calls=15 0
224 4700
cfl=~
cfn=<method 'get' of 'dict' objects>
calls=5 0
224 1100
cfl=~
cfn=<method 'startswith' of 'str' objects>
calls=5 0
224 800

fl=C:\Users\Pedro\AppData\Local\Python\pythoncore-3.14-64\Lib\logging\__init__.py
fn=getLevelName
129 4000
cfl=~
cfn=<method 'get' of 'dict' objects>
calls=8 0
129 2600

fl=C:\Users\Pedro\AppData\Local\Python\pythoncore-3.14-64\Lib\logging\__init__.py
fn=<lambda>
167 7100
cfl=~
cfn=<built-in method sys._getframe>
calls=8 0
167 3700

fl=C:\Users\Pedro\AppData\Local\Python\pythoncore-3.14-64\Lib\logging\__init__.py
fn=_is_internal_frame
197 17200
cfl=<frozen ntpath>
cfn=normcase
calls=24 50
197 66800

fl=C:\Users\Pedro\AppData\Local\Python\pythoncore-3.14-64\Lib\logging\__init__.py
fn=_checkLevel
205 1500
cfl=~
cfn=<built-in method builtins.isinstance>
calls=3 0
205 400

fl=C:\Users\Pedro\AppData\Local\Python\pythoncore-3.14-64\Lib\logging\__init__.py
fn=_register_at_fork_reinit_lock
257 200

fl=C:\Users\Pedro\AppData\Local\Python\pythoncore-3.14-64\Lib\logging\__init__.py
fn=__init__:298
298 72500
cfl=<frozen ntpath>
cfn=splitext
calls=8 243
298 28100
cfl=<frozen ntpath>
cfn=basename
calls=8 254
298 41000
cfl=C:\Users\Pedro\AppData\Local\Python\pythoncore-3.14-64\Lib\logging\__init__.py
cfn=getLevelName
calls=8 129
298 6600
cfl=C:\Users\Pedro\AppData\Local\Python\pythoncore-3.14-64\Lib\multiprocessing\process.py
cfn=current_process
calls=8 37
298 1700
cfl=C:\Users\Pedro\AppData\Local\Python\pythoncore-3.14-64\Lib\multiprocessing\process.py
cfn=name:196
calls=8 196
298 900
cfl=C:\Users\Pedro\AppData\Local\Python\pythoncore-3.14-64\Lib\threading.py
cfn=name
calls=8 1135
298 1700
cfl=C:\Users\Pedro\AppData\Local\Python\pythoncore-3.14-64\Lib\threading.py
cfn=current_thread
calls=8 1470
298 5600
cfl=~
cfn=<built-in method _asyncio.current_task>
calls=8 0
298 3700
cfl=~
cfn=<built-in method _thread.get_ident>
calls=8 0
298 2200
cfl=~
cfn=<built-in method builtins.hasattr>
calls=8 0
298 2700
cfl=~
cfn=<built-in method nt.getpid>
calls=8 0
298 1500
cfl=~
cfn=<built-in method time.time_ns>
calls=8 0
298 4100
cfl=~
cfn=<method 'get' of 'dict' objects>
calls=16 0
298 7100
cfl=~
cfn=<method 'get_name' of '_asyncio.Task' objects>
calls=8 0
298 2100

fl=C:\Users\Pedro\AppData\Local\Python\pythoncore-3.14-64\Lib\logging\__init__.py
fn=getMessage
391 4400

fl=C:\Users\Pedro\AppData\Local\Python\pythoncore-3.14-64\Lib\logging\__init__.py
fn=__init__:451
451 300

fl=C:\Users\Pedro\AppData\Local\Python\pythoncore-3.14-64\Lib\logging\__init__.py
fn=usesTime:455
455 4900
cfl=~
cfn=<method 'find' of 'str' objects>
calls=8 0
455 1600

fl=C:\Users\Pedro\AppData\Local\Python\pythoncore-3.14-64\Lib\logging\__init__.py
fn=validate
458 2100
cfl=~
cfn=<method 'search' of 're.Pattern' objects>
calls=1 0
458 3100

fl=C:\Users\Pedro\AppData\Local\Python\pythoncore-3.14-64\Lib\logging\__init__.py
fn=_format
463 11300

fl=C:\Users\Pedro\AppData\Local\Python\pythoncore-3.14-64\Lib\logging\__init__.py
fn=format:470
470 4400
cfl=C:\Users\Pedro\AppData\Local\Python\pythoncore-3.14-64\Lib\logging\__init__.py
cfn=_format
calls=8 463
470 11300

fl=C:\Users\Pedro\AppData\Local\Python\pythoncore-3.14-64\Lib\logging\__init__.py
fn=__init__:601
601 4300
cfl=C:\Users\Pedro\AppData\Local\Python\pythoncore-3.14-64\Lib\logging\__init__.py
cfn=__init__:451
calls=1 451
601 300
cfl=C:\Users\Pedro\AppData\Local\Python\pythoncore-3.14-64\Lib\logging\__init__.py
cfn=validate
calls=1 458
601 5200

fl=C:\Users\Pedro\AppData\Local\Python\pythoncore-3.14-64\Lib\logging\__init__.py
fn=formatTime
631 19400
cfl=~
cfn=<built-in method time.localtime>
calls=8 0
631 38100
cfl=~
cfn=<built-in method time.strftime>
calls=8 0
631 14600

fl=C:\Users\Pedro\AppData\Local\Python\pythoncore-3.14-64\Lib\logging\__init__.py
fn=formatException
658 11500
cfl=C:\Users\Pedro\AppData\Local\Python\pythoncore-3.14-64\Lib\traceback.py
cfn=print_exception
calls=1 119
658 38854200
cfl=~
cfn=<method 'close' of '_io.StringIO' objects>
calls=1 0
658 600
cfl=~
cfn=<method 'getvalue' of '_io.StringIO' objects>
calls=1 0
658 1900

fl=C:\Users\Pedro\AppData\Local\Python\pythoncore-3.14-64\Lib\logging\__init__.py
fn=usesTime:677
677 8600
cfl=C:\Users\Pedro\AppData\Local\Python\pythoncore-3.14-64\Lib\logging\__init__.py
cfn=usesTime:455
calls=8 455
677 6500

fl=C:\Users\Pedro\AppData\Local\Python\pythoncore-3.14-64\Lib\logging\__init__.py
fn=formatMessage
683 4000
cfl=C:\Users\Pedro\AppData\Local\Python\pythoncore-3.14-64\Lib\logging\__init__.py
cfn=format:470
calls=8 470
683 15700

fl=C:\Users\Pedro\AppData\Local\Python\pythoncore-3.14-64\Lib\logging\__init__.py
fn=format:699
699 33900
cfl=C:\Users\Pedro\AppData\Local\Python\pythoncore-3.14-64\Lib\logging\__init__.py
cfn=getMessage
calls=8 391
699 4400
cfl=C:\Users\Pedro\AppData\Local\Python\pythoncore-3.14-64\Lib\logging\__init__.py
cfn=formatTime
calls=8 631
699 72100
cfl=C:\Users\Pedro\AppData\Local\Python\pythoncore-3.14-64\Lib\logging\__init__.py
cfn=formatException
calls=1 658
699 38868200
cfl=C:\Users\Pedro\AppData\Local\Python\pythoncore-3.14-64\Lib\logging\__init__.py
cfn=usesTime:677
calls=8 677
699 15100
cfl=C:\Users\Pedro\AppData\Local\Python\pythoncore-3.14-64\Lib\logging\__init__.py
cfn=formatMessage
calls=8 683
699 19700

fl=C:\Users\Pedro\AppData\Local\Python\pythoncore-3.14-64\Lib\logging\__init__.py
fn=__init__:820
820 1000

fl=C:\Users\Pedro\AppData\Local\Python\pythoncore-3.14-64\Lib\logging\__init__.py
fn=filter
840 5000

fl=C:\Users\Pedro\AppData\Local\Python\pythoncore-3.14-64\Lib\logging\__init__.py
fn=_addHandlerRef
899 2000
cfl=~
cfn=<method '__enter__' of '_thread.RLock' objects>
calls=1 0
899 400
cfl=~
cfn=<method '__exit__' of '_thread.RLock' objects>
calls=1 0
899 300
cfl=~
cfn=<method 'append' of 'list' objects>
calls=1 0
899 200

fl=C:\Users\Pedro\AppData\Local\Python\pythoncore-3.14-64\Lib\logging\__init__.py
fn=__init__:931
931 5000
cfl=C:\Users\Pedro\AppData\Local\Python\pythoncore-3.14-64\Lib\logging\__init__.py
cfn=_checkLevel
calls=1 205
931 1100
cfl=C:\Users\Pedro\AppData\Local\Python\pythoncore-3.14-64\Lib\logging\__init__.py
cfn=__init__:820
calls=1 820
931 800
cfl=C:\Users\Pedro\AppData\Local\Python\pythoncore-3.14-64\Lib\logging\__init__.py
cfn=_addHandlerRef
calls=1 899
931 2900
cfl=C:\Users\Pedro\AppData\Local\Python\pythoncore-3.14-64\Lib\logging\__init__.py
cfn=createLock
calls=1 958
931 3700

fl=C:\Users\Pedro\AppData\Local\Python\pythoncore-3.14-64\Lib\logging\__init__.py
fn=createLock
958 2600
cfl=C:\Users\Pedro\AppData\Local\Python\pythoncore-3.14-64\Lib\logging\__init__.py
cfn=_register_at_fork_reinit_lock
calls=1 257
958 200
cfl=C:\Users\Pedro\AppData\Local\Python\pythoncore-3.14-64\Lib\threading.py
cfn=RLock
calls=1 126
958 900

fl=C:\Users\Pedro\AppData\Local\Python\pythoncore-3.14-64\Lib\logging\__init__.py
fn=format:988
988 5900
cfl=C:\Users\Pedro\AppData\Local\Python\pythoncore-3.14-64\Lib\logging\__init__.py
cfn=format:699
calls=8 699
988 39013400

fl=C:\Users\Pedro\AppData\Local\Python\pythoncore-3.14-64\Lib\logging\__init__.py
fn=handle:1011
1011 13500
cfl=C:\Users\Pedro\AppData\Local\Python\pythoncore-3.14-64\Lib\asyncio\base_events.py
cfn=_run_once
calls=0 1966
1011 0
cfl=C:\Users\Pedro\AppData\Local\Python\pythoncore-3.14-64\Lib\logging\__init__.py
cfn=filter
calls=8 840
1011 2700
cfl=C:\Users\Pedro\AppData\Local\Python\pythoncore-3.14-64\Lib\logging\__init__.py
cfn=emit:1251
calls=8 1251
1011 39401400
cfl=~
cfn=<built-in method builtins.isinstance>
calls=8 0
1011 600
cfl=~
cfn=<method '__enter__' of '_thread.RLock' objects>
calls=8 0
1011 2300
cfl=~
cfn=<method '__exit__' of '_thread.RLock' objects>
calls=8 0
1011 1100

fl=C:\Users\Pedro\AppData\Local\Python\pythoncore-3.14-64\Lib\logging\__init__.py
fn=setFormatter
1030 200

fl=C:\Users\Pedro\AppData\Local\Python\pythoncore-3.14-64\Lib\logging\__init__.py
fn=__init__:1120
1120 1700
cfl=C:\Users\Pedro\AppData\Local\Python\pythoncore-3.14-64\Lib\logging\__init__.py
cfn=__init__:931
calls=1 931
1120 13500

fl=C:\Users\Pedro\AppData\Local\Python\pythoncore-3.14-64\Lib\logging\__init__.py
fn=flush
1131 15800
cfl=~
cfn=<built-in method builtins.hasattr>
calls=8 0
1131 2200
cfl=~
cfn=<method '__enter__' of '_thread.RLock' objects>
calls=8 0
1131 2000
cfl=~
cfn=<method '__exit__' of '_thread.RLock' objects>
calls=7 0
1131 1900
cfl=~
cfn=<method '__exit__' of 'sqlite3.Connection' objects>
calls=0 0
1131 0
cfl=~
cfn=<method 'flush' of '_io.TextIOWrapper' objects>
calls=7 0
1131 0

fl=C:\Users\Pedro\AppData\Local\Python\pythoncore-3.14-64\Lib\logging\__init__.py
fn=emit:1139
1139 12900
cfl=C:\Users\Pedro\AppData\Local\Python\pythoncore-3.14-64\Lib\logging\__init__.py
cfn=format:988
calls=8 988
1139 39019300
cfl=C:\Users\Pedro\AppData\Local\Python\pythoncore-3.14-64\Lib\logging\__init__.py
cfn=flush
calls=7 1131
1139 0
cfl=~
cfn=<method 'append' of 'list' objects>
calls=1 0
1139 500
cfl=~
cfn=<method 'get' of 'dict' objects>
calls=1 0
1139 600
cfl=~
cfn=<method 'write' of '_io.TextIOWrapper' objects>
calls=8 0
1139 48700

fl=C:\Users\Pedro\AppData\Local\Python\pythoncore-3.14-64\Lib\logging\__init__.py
fn=__init__:1194
1194 10200
cfl=<frozen ntpath>
cfn=abspath
calls=1 529
1194 6500
cfl=C:\Users\Pedro\AppData\Local\Python\pythoncore-3.14-64\Lib\logging\__init__.py
cfn=__init__:1120
calls=1 1120
1194 15200
cfl=C:\Users\Pedro\AppData\Local\Python\pythoncore-3.14-64\Lib\logging\__init__.py
cfn=_open
calls=1 1242
1194 188800
cfl=~
cfn=<built-in method _io.text_encoding>
calls=1 0
1194 300
cfl=~
cfn=<built-in method nt.fspath>
calls=1 0
1194 100

fl=C:\Users\Pedro\AppData\Local\Python\pythoncore-3.14-64\Lib\logging\__init__.py
fn=_open
1242 1400
cfl=~
cfn=<built-in method _io.open>
calls=1 0
1242 187400

fl=C:\Users\Pedro\AppData\Local\Python\pythoncore-3.14-64\Lib\logging\__init__.py
fn=emit:1251
1251 9400
cfl=C:\Users\Pedro\AppData\Local\Python\pythoncore-3.14-64\Lib\asyncio\base_events.py
cfn=time
calls=1 766
1251 1000
cfl=C:\Users\Pedro\AppData\Local\Python\pythoncore-3.14-64\Lib\asyncio\events.py
cfn=_run
calls=1 92
1251 184000
cfl=C:\Users\Pedro\AppData\Local\Python\pythoncore-3.14-64\Lib\asyncio\selector_events.py
cfn=_process_events
calls=1 744
1251 4200
cfl=C:\Users\Pedro\AppData\Local\Python\pythoncore-3.14-64\Lib\logging\__init__.py
cfn=emit:1139
calls=7 1139
1251 0
cfl=~
cfn=<built-in method builtins.len>
calls=1 0
1251 600
cfl=~
cfn=<method 'popleft' of 'collections.deque' objects>
calls=1 0
1251 300

fl=C:\Users\Pedro\AppData\Local\Python\pythoncore-3.14-64\Lib\logging\__init__.py
fn=disable
1354 500

fl=C:\Users\Pedro\AppData\Local\Python\pythoncore-3.14-64\Lib\logging\__init__.py
fn=getLogger:1362
1362 9000
cfl=C:\Users\Pedro\AppData\Local\Python\pythoncore-3.14-64\Lib\logging\__init__.py
cfn=_fixupParents
calls=1 1410
1362 2000
cfl=C:\Users\Pedro\AppData\Local\Python\pythoncore-3.14-64\Lib\logging\__init__.py
cfn=__init__:1478
calls=1 1478
1362 5000
cfl=~
cfn=<built-in method builtins.isinstance>
calls=1 0
1362 100
cfl=~
cfn=<method '__enter__' of '_thread.RLock' objects>
calls=1 0
1362 500
cfl=~
cfn=<method '__exit__' of '_thread.RLock' objects>
calls=1 0
1362 300

fl=C:\Users\Pedro\AppData\Local\Python\pythoncore-3.14-64\Lib\logging\__init__.py
fn=_fixupParents
1410 1600
cfl=~
cfn=<method 'rfind' of 'str' objects>
calls=1 0
1410 400

fl=C:\Users\Pedro\AppData\Local\Python\pythoncore-3.14-64\Lib\logging\__init__.py
fn=_clear_cache
1447 23200
cfl=~
cfn=<built-in method builtins.isinstance>
calls=52 0
1447 3900
cfl=~
cfn=<method '__enter__' of '_thread.RLock' objects>
calls=1 0
1447 100
cfl=~
cfn=<method '__exit__' of '_thread.RLock' objects>
calls=1 0
1447 200
cfl=~
cfn=<method 'clear' of 'dict' objects>
calls=45 0
1447 3500
cfl=~
cfn=<method 'values' of 'dict' objects>
calls=1 0
1447 400

fl=C:\Users\Pedro\AppData\Local\Python\pythoncore-3.14-64\Lib\logging\__init__.py
fn=__init__:1478
1478 4300
cfl=C:\Users\Pedro\AppData\Local\Python\pythoncore-3.14-64\Lib\logging\__init__.py
cfn=_checkLevel
calls=1 205
1478 500
cfl=C:\Users\Pedro\AppData\Local\Python\pythoncore-3.14-64\Lib\logging\__init__.py
cfn=__init__:820
calls=1 820
1478 200

fl=C:\Users\Pedro\AppData\Local\Python\pythoncore-3.14-64\Lib\logging\__init__.py
fn=setLevel
1491 1900
cfl=C:\Users\Pedro\AppData\Local\Python\pythoncore-3.14-64\Lib\logging\__init__.py
cfn=_checkLevel
calls=1 205
1491 300
cfl=C:\Users\Pedro\AppData\Local\Python\pythoncore-3.14-64\Lib\logging\__init__.py
cfn=_clear_cache
calls=1 1447
1491 31300

fl=C:\Users\Pedro\AppData\Local\Python\pythoncore-3.14-64\Lib\logging\__init__.py
fn=info
1510 17400
cfl=C:\Users\Pedro\AppData\Local\Python\pythoncore-3.14-64\Lib\logging\__init__.py
cfn=_log
calls=6 1641
1510 733300
cfl=C:\Users\Pedro\AppData\Local\Python\pythoncore-3.14-64\Lib\logging\__init__.py
cfn=isEnabledFor
calls=6 1765
1510 5800

fl=C:\Users\Pedro\AppData\Local\Python\pythoncore-3.14-64\Lib\logging\__init__.py
fn=error
1539 12300
cfl=C:\Users\Pedro\AppData\Local\Python\pythoncore-3.14-64\Lib\logging\__init__.py
cfn=_log
calls=2 1641
1539 39338200
cfl=C:\Users\Pedro\AppData\Local\Python\pythoncore-3.14-64\Lib\logging\__init__.py
cfn=isEnabledFor
calls=2 1765
1539 7900

fl=C:\Users\Pedro\AppData\Local\Python\pythoncore-3.14-64\Lib\logging\__init__.py
fn=findCaller
1592 28000
cfl=C:\Users\Pedro\AppData\Local\Python\pythoncore-3.14-64\Lib\logging\__init__.py
cfn=<lambda>
calls=8 167
1592 10800
cfl=C:\Users\Pedro\AppData\Local\Python\pythoncore-3.14-64\Lib\logging\__init__.py
cfn=_is_internal_frame
calls=24 197
1592 84000

fl=C:\Users\Pedro\AppData\Local\Python\pythoncore-3.14-64\Lib\logging\__init__.py
fn=makeRecord
1626 16100
cfl=C:\Users\Pedro\AppData\Local\Python\pythoncore-3.14-64\Lib\logging\__init__.py
cfn=__init__:298
calls=8 298
1626 181500

fl=C:\Users\Pedro\AppData\Local\Python\pythoncore-3.14-64\Lib\logging\__init__.py
fn=_log
1641 20600
cfl=C:\Users\Pedro\AppData\Local\Python\pythoncore-3.14-64\Lib\logging\__init__.py
cfn=findCaller
calls=8 1592
1641 122800
cfl=C:\Users\Pedro\AppData\Local\Python\pythoncore-3.14-64\Lib\logging\__init__.py
cfn=makeRecord
calls=8 1626
1641 197600
cfl=C:\Users\Pedro\AppData\Local\Python\pythoncore-3.14-64\Lib\logging\__init__.py
cfn=handle:1667
calls=8 1667
1641 39729100
cfl=~
cfn=<built-in method builtins.isinstance>
calls=2 0
1641 900
cfl=~
cfn=<built-in method sys.exc_info>
calls=1 0
1641 500

fl=C:\Users\Pedro\AppData\Local\Python\pythoncore-3.14-64\Lib\logging\__init__.py
fn=handle:1667
1667 12300
cfl=C:\Users\Pedro\AppData\Local\Python\pythoncore-3.14-64\Lib\logging\__init__.py
cfn=filter
calls=8 840
1667 2300
cfl=C:\Users\Pedro\AppData\Local\Python\pythoncore-3.14-64\Lib\logging\__init__.py
cfn=callHandlers
calls=8 1721
1667 39713500
cfl=~
cfn=<built-in method builtins.isinstance>
calls=8 0
1667 1000

fl=C:\Users\Pedro\AppData\Local\Python\pythoncore-3.14-64\Lib\logging\__init__.py
fn=addHandler
1683 700
cfl=~
cfn=<method '__enter__' of '_thread.RLock' objects>
calls=1 0
1683 200
cfl=~
cfn=<method '__exit__' of '_thread.RLock' objects>
calls=1 0
1683 200
cfl=~
cfn=<method 'append' of 'list' objects>
calls=1 0
1683 200

fl=C:\Users\Pedro\AppData\Local\Python\pythoncore-3.14-64\Lib\logging\__init__.py
fn=callHandlers
1721 18700
cfl=C:\Users\Pedro\AppData\Local\Python\pythoncore-3.14-64\Lib\logging\__init__.py
cfn=handle:1011
calls=8 1011
1721 39694800

fl=C:\Users\Pedro\AppData\Local\Python\pythoncore-3.14-64\Lib\logging\__init__.py
fn=getEffectiveLevel
1751 400

fl=C:\Users\Pedro\AppData\Local\Python\pythoncore-3.14-64\Lib\logging\__init__.py
fn=isEnabledFor
1765 11400
cfl=C:\Users\Pedro\AppData\Local\Python\pythoncore-3.14-64\Lib\logging\__init__.py
cfn=disable
calls=2 1354
1765 500
cfl=C:\Users\Pedro\AppData\Local\Python\pythoncore-3.14-64\Lib\logging\__init__.py
cfn=getEffectiveLevel
calls=2 1751
1765 400
cfl=~
cfn=<method '__enter__' of '_thread.RLock' objects>
calls=2 0
1765 800
cfl=~
cfn=<method '__exit__' of '_thread.RLock' objects>
calls=2 0
1765 600

fl=C:\Users\Pedro\AppData\Local\Python\pythoncore-3.14-64\Lib\logging\__init__.py
fn=getLogger:2130
2130 3700
cfl=C:\Users\Pedro\AppData\Local\Python\pythoncore-3.14-64\Lib\logging\__init__.py
cfn=getLogger:1362
calls=1 1362
2130 16900
cfl=~
cfn=<built-in method builtins.isinstance>
calls=1 0
2130 200

fl=C:\Users\Pedro\AppData\Local\Python\pythoncore-3.14-64\Lib\multiprocessing\connection.py
fn=<module>
1 37500
cfl=<frozen importlib._bootstrap>
cfn=parent
calls=3 648
1 1700
cfl=<frozen importlib._bootstrap>
cfn=_find_and_load
calls=1 1360
1 2549000
cfl=<frozen importlib._bootstrap>
cfn=_handle_fromlist
calls=2 1401
1 2500
cfl=C:\Users\Pedro\AppData\Local\Python\pythoncore-3.14-64\Lib\multiprocessing\reduction.py
cfn=register
calls=2 43
1 1500
cfl=~
cfn=<built-in method builtins.__build_class__>
calls=8 0
1 90800
cfl=~
cfn=<built-in method builtins.hasattr>
calls=1 0
1 900
cfl=~
cfn=<built-in method builtins.max>
calls=1 0
1 4700

fl=C:\Users\Pedro\AppData\Local\Python\pythoncore-3.14-64\Lib\multiprocessing\connection.py
fn=arbitrary_address
72 9400
cfl=C:\Users\Pedro\AppData\Local\Python\pythoncore-3.14-64\Lib\tempfile.py
cfn=mktemp
calls=3 401
72 136900
cfl=~
cfn=<built-in method builtins.next>
calls=3 0
72 600
cfl=~
cfn=<built-in method nt.getpid>
calls=3 0
72 900

fl=C:\Users\Pedro\AppData\Local\Python\pythoncore-3.14-64\Lib\multiprocessing\connection.py
fn=_ConnectionBase
117 9000

fl=C:\Users\Pedro\AppData\Local\Python\pythoncore-3.14-64\Lib\multiprocessing\connection.py
fn=__init__
120 4900

fl=C:\Users\Pedro\AppData\Local\Python\pythoncore-3.14-64\Lib\multiprocessing\connection.py
fn=_check_closed
137 35600

fl=C:\Users\Pedro\AppData\Local\Python\pythoncore-3.14-64\Lib\multiprocessing\connection.py
fn=_check_readable
141 3900

fl=C:\Users\Pedro\AppData\Local\Python\pythoncore-3.14-64\Lib\multiprocessing\connection.py
fn=_check_writable
145 14300

fl=C:\Users\Pedro\AppData\Local\Python\pythoncore-3.14-64\Lib\multiprocessing\connection.py
fn=readable
161 16100

fl=C:\Users\Pedro\AppData\Local\Python\pythoncore-3.14-64\Lib\multiprocessing\connection.py
fn=writable
166 16700

fl=C:\Users\Pedro\AppData\Local\Python\pythoncore-3.14-64\Lib\multiprocessing\connection.py
fn=fileno
171 35800
cfl=C:\Users\Pedro\AppData\Local\Python\pythoncore-3.14-64\Lib\multiprocessing\connection.py
cfn=_check_closed
calls=88 137
171 17900

fl=C:\Users\Pedro\AppData\Local\Python\pythoncore-3.14-64\Lib\multiprocessing\connection.py
fn=send_bytes
188 22800
cfl=C:\Users\Pedro\AppData\Local\Python\pythoncore-3.14-64\Lib\multiprocessing\connection.py
cfn=_check_closed
calls=6 137
188 1300
cfl=C:\Users\Pedro\AppData\Local\Python\pythoncore-3.14-64\Lib\multiprocessing\connection.py
cfn=_check_writable
calls=6 145
188 1100
cfl=C:\Users\Pedro\AppData\Local\Python\pythoncore-3.14-64\Lib\multiprocessing\connection.py
cfn=_send_bytes
calls=3 290
188 0
cfl=~
cfn=<method 'GetOverlappedResult' of '_winapi.Overlapped' objects>
calls=2 0
188 2100
cfl=~
cfn=<method 'add' of 'set' objects>
calls=1 0
188 400
cfl=~
cfn=<method 'cancel' of '_winapi.Overlapped' objects>
calls=2 0
188 27600
cfl=~
cfn=<method 'update' of 'set' objects>
calls=1 0
188 5100

fl=C:\Users\Pedro\AppData\Local\Python\pythoncore-3.14-64\Lib\multiprocessing\connection.py
fn=send
208 159600
cfl=C:\Users\Pedro\AppData\Local\Python\pythoncore-3.14-64\Lib\multiprocessing\connection.py
cfn=_check_closed
calls=92 137
208 13300
cfl=C:\Users\Pedro\AppData\Local\Python\pythoncore-3.14-64\Lib\multiprocessing\connection.py
cfn=_check_writable
calls=92 145
208 13200
cfl=C:\Users\Pedro\AppData\Local\Python\pythoncore-3.14-64\Lib\multiprocessing\connection.py
cfn=_send_bytes
calls=18 290
208 0
cfl=C:\Users\Pedro\AppData\Local\Python\pythoncore-3.14-64\Lib\multiprocessing\connection.py
cfn=wait
calls=1 1061
208 20600
cfl=C:\Users\Pedro\AppData\Local\Python\pythoncore-3.14-64\Lib\multiprocessing\reduction.py
cfn=dumps
calls=92 48
208 1226000
cfl=~
cfn=<built-in method _pickle.loads>
calls=1 0
208 2000
cfl=~
cfn=<method 'cancel' of '_winapi.Overlapped' objects>
calls=0 0
208 0
cfl=~
cfn=<method 'getbuffer' of '_io.BytesIO' objects>
calls=1 0
208 1100

fl=C:\Users\Pedro\AppData\Local\Python\pythoncore-3.14-64\Lib\multiprocessing\connection.py
fn=recv_bytes
214 9900
cfl=C:\Users\Pedro\AppData\Local\Python\pythoncore-3.14-64\Lib\multiprocessing\connection.py
cfn=_check_closed
calls=3 137
214 600
cfl=C:\Users\Pedro\AppData\Local\Python\pythoncore-3.14-64\Lib\multiprocessing\connection.py
cfn=_check_readable
calls=3 141
214 500
cfl=C:\Users\Pedro\AppData\Local\Python\pythoncore-3.14-64\Lib\multiprocessing\connection.py
cfn=_recv_bytes
calls=3 316
214 36200
cfl=~
cfn=<method 'getvalue' of '_io.BytesIO' objects>
calls=3 0
214 1100

fl=C:\Users\Pedro\AppData\Local\Python\pythoncore-3.14-64\Lib\multiprocessing\connection.py
fn=recv
252 15200
cfl=C:\Users\Pedro\AppData\Local\Python\pythoncore-3.14-64\Lib\multiprocessing\connection.py
cfn=_check_closed
calls=3 137
252 800
cfl=C:\Users\Pedro\AppData\Local\Python\pythoncore-3.14-64\Lib\multiprocessing\connection.py
cfn=_check_readable
calls=3 141
252 1200
cfl=C:\Users\Pedro\AppData\Local\Python\pythoncore-3.14-64\Lib\multiprocessing\connection.py
cfn=_recv_bytes
calls=2 316
252 0
cfl=C:\Users\Pedro\AppData\Local\Python\pythoncore-3.14-64\Lib\threading.py
cfn=__exit__
calls=1 316
252 1300
cfl=~
cfn=<built-in method _pickle.loads>
calls=2 0
252 3700
cfl=~
cfn=<method 'getbuffer' of '_io.BytesIO' objects>
calls=2 0
252 1900

fl=C:\Users\Pedro\AppData\Local\Python\pythoncore-3.14-64\Lib\multiprocessing\connection.py
fn=poll
259 59600
cfl=C:\Users\Pedro\AppData\Local\Python\pythoncore-3.14-64\Lib\multiprocessing\connection.py
cfn=_check_closed
calls=8 137
259 1700
cfl=C:\Users\Pedro\AppData\Local\Python\pythoncore-3.14-64\Lib\multiprocessing\connection.py
cfn=_check_readable
calls=8 141
259 2200
cfl=C:\Users\Pedro\AppData\Local\Python\pythoncore-3.14-64\Lib\multiprocessing\connection.py
cfn=send
calls=0 208
259 0
cfl=C:\Users\Pedro\AppData\Local\Python\pythoncore-3.14-64\Lib\multiprocessing\connection.py
cfn=_poll
calls=7 358
259 98200

fl=C:\Users\Pedro\AppData\Local\Python\pythoncore-3.14-64\Lib\multiprocessing\connection.py
fn=PipeConnection
274 2200

fl=C:\Users\Pedro\AppData\Local\Python\pythoncore-3.14-64\Lib\multiprocessing\connection.py
fn=_send_bytes
290 72500
cfl=C:\Users\Pedro\AppData\Local\Python\pythoncore-3.14-64\Lib\multiprocessing\connection.py
cfn=recv
calls=1 252
290 18300
cfl=C:\Users\Pedro\AppData\Local\Python\pythoncore-3.14-64\Lib\multiprocessing\connection.py
cfn=poll
calls=1 259
290 15500
cfl=C:\Users\Pedro\AppData\Local\Python\pythoncore-3.14-64\Lib\threading.py
cfn=is_alive
calls=1 1177
290 3200
cfl=~
cfn=<built-in method _winapi.WriteFile>
calls=24 0
290 20900
cfl=~
cfn=<built-in method builtins.len>
calls=22 0
290 5500
cfl=~
cfn=<built-in method time.sleep>
calls=0 0
290 0
cfl=~
cfn=<method 'GetOverlappedResult' of '_winapi.Overlapped' objects>
calls=22 0
290 0
cfl=~
cfn=<method 'append' of 'list' objects>
calls=1 0
290 500
cfl=~
cfn=<method 'getbuffer' of '_winapi.Overlapped' objects>
calls=1 0
290 200
cfl=~
cfn=<method 'write' of '_io.BytesIO' objects>
calls=1 0
290 600

fl=C:\Users\Pedro\AppData\Local\Python\pythoncore-3.14-64\Lib\multiprocessing\connection.py
fn=_recv_bytes
316 32500
cfl=C:\Users\Pedro\AppData\Local\Python\pythoncore-3.14-64\Lib\threading.py
cfn=_acquire_restore
calls=1 325
316 1600
cfl=~
cfn=<built-in method _winapi.ReadFile>
calls=5 0
316 0
cfl=~
cfn=<method 'GetOverlappedResult' of '_winapi.Overlapped' objects>
calls=5 0
316 4000
cfl=~
cfn=<method 'getbuffer' of '_winapi.Overlapped' objects>
calls=5 0
316 1600
cfl=~
cfn=<method 'write' of '_io.BytesIO' objects>
calls=5 0
316 2600

fl=C:\Users\Pedro\AppData\Local\Python\pythoncore-3.14-64\Lib\multiprocessing\connection.py
fn=_poll
358 29300
cfl=C:\Users\Pedro\AppData\Local\Python\pythoncore-3.14-64\Lib\multiprocessing\connection.py
cfn=_exhaustive_wait
calls=0 1027
358 0
cfl=C:\Users\Pedro\AppData\Local\Python\pythoncore-3.14-64\Lib\multiprocessing\connection.py
cfn=wait
calls=2 1061
358 56500
cfl=~
cfn=<built-in method _winapi.PeekNamedPipe>
calls=7 0
358 38900
cfl=~
cfn=<method 'append' of 'list' objects>
calls=1 0
358 900
cfl=~
cfn=<method 'keys' of 'dict' objects>
calls=1 0
358 400

fl=C:\Users\Pedro\AppData\Local\Python\pythoncore-3.14-64\Lib\multiprocessing\connection.py
fn=Connection
380 2200

fl=C:\Users\Pedro\AppData\Local\Python\pythoncore-3.14-64\Lib\multiprocessing\connection.py
fn=Listener
465 3100

fl=C:\Users\Pedro\AppData\Local\Python\pythoncore-3.14-64\Lib\multiprocessing\connection.py
fn=Pipe
569 27800
cfl=C:\Users\Pedro\AppData\Local\Python\pythoncore-3.14-64\Lib\multiprocessing\connection.py
cfn=arbitrary_address
calls=3 72
569 147800
cfl=C:\Users\Pedro\AppData\Local\Python\pythoncore-3.14-64\Lib\multiprocessing\connection.py
cfn=__init__
calls=6 120
569 4900
cfl=~
cfn=<built-in method _winapi.ConnectNamedPipe>
calls=3 0
569 17200
cfl=~
cfn=<built-in method _winapi.CreateFile>
calls=3 0
569 14300
cfl=~
cfn=<built-in method _winapi.CreateNamedPipe>
calls=3 0
569 40200
cfl=~
cfn=<built-in method _winapi.SetNamedPipeHandleState>
calls=3 0
569 7500
cfl=~
cfn=<method 'GetOverlappedResult' of '_winapi.Overlapped' objects>
calls=3 0
569 3200

fl=C:\Users\Pedro\AppData\Local\Python\pythoncore-3.14-64\Lib\multiprocessing\connection.py
fn=SocketListener
613 700

fl=C:\Users\Pedro\AppData\Local\Python\pythoncore-3.14-64\Lib\multiprocessing\connection.py
fn=PipeListener
673 4100

fl=C:\Users\Pedro\AppData\Local\Python\pythoncore-3.14-64\Lib\multiprocessing\connection.py
fn=<genexpr>:855
855 1900
cfl=~
cfn=<built-in method builtins.len>
calls=5 0
855 500

fl=C:\Users\Pedro\AppData\Local\Python\pythoncore-3.14-64\Lib\multiprocessing\connection.py
fn=ConnectionWrapper
987 1800

fl=C:\Users\Pedro\AppData\Local\Python\pythoncore-3.14-64\Lib\multiprocessing\connection.py
fn=XmlListener
1009 500

fl=C:\Users\Pedro\AppData\Local\Python\pythoncore-3.14-64\Lib\multiprocessing\connection.py
fn=_exhaustive_wait
1027 23800
cfl=~
cfn=<built-in method _winapi.WaitForMultipleObjects>
calls=3 0
1027 0
cfl=~
cfn=<built-in method builtins.len>
calls=12 0
1027 2600
cfl=~
cfn=<method 'GetOverlappedResult' of '_winapi.Overlapped' objects>
calls=1 0
1027 4100

fl=C:\Users\Pedro\AppData\Local\Python\pythoncore-3.14-64\Lib\multiprocessing\connection.py
fn=wait
1061 1151600
cfl=C:\Users\Pedro\AppData\Local\Python\pythoncore-3.14-64\Lib\multiprocessing\connection.py
cfn=fileno
calls=8 171
1061 5600
cfl=C:\Users\Pedro\AppData\Local\Python\pythoncore-3.14-64\Lib\multiprocessing\connection.py
cfn=poll
calls=1 259
1061 148400
cfl=C:\Users\Pedro\AppData\Local\Python\pythoncore-3.14-64\Lib\multiprocessing\connection.py
cfn=_exhaustive_wait
calls=3 1027
1061 0
cfl=C:\Users\Pedro\AppData\Local\Python\pythoncore-3.14-64\Lib\multiprocessing\util.py
cfn=debug
calls=1 49
1061 200
cfl=C:\Users\Pedro\AppData\Local\Python\pythoncore-3.14-64\Lib\threading.py
cfn=is_alive
calls=1 1177
1061 3500
cfl=~
cfn=<built-in method _winapi.ReadFile>
calls=6 0
1061 22100
cfl=~
cfn=<built-in method builtins.getattr>
calls=48 0
1061 26700
cfl=~
cfn=<built-in method builtins.len>
calls=1 0
1061 500
cfl=~
cfn=<built-in method sys.getwindowsversion>
calls=1 0
1061 426900
cfl=~
cfn=<method 'GetOverlappedResult' of '_winapi.Overlapped' objects>
calls=5 0
1061 4800
cfl=~
cfn=<method 'add' of 'set' objects>
calls=1 0
1061 400
cfl=~
cfn=<method 'append' of 'list' objects>
calls=5 0
1061 1700
cfl=~
cfn=<method 'cancel' of '_winapi.Overlapped' objects>
calls=4 0
1061 27600
cfl=~
cfn=<method 'keys' of 'dict' objects>
calls=4 0
1061 1800
cfl=~
cfn=<method 'update' of 'set' objects>
calls=4 0
1061 12200

fl=C:\Users\Pedro\AppData\Local\Python\pythoncore-3.14-64\Lib\multiprocessing\connection.py
fn=<genexpr>:1136
1136 2100

fl=C:\Users\Pedro\AppData\Local\Python\pythoncore-3.14-64\Lib\multiprocessing\connection.py
fn=reduce_pipe_connection
1190 198900
cfl=C:\Users\Pedro\AppData\Local\Python\pythoncore-3.14-64\Lib\multiprocessing\connection.py
cfn=readable
calls=160 161
1190 16100
cfl=C:\Users\Pedro\AppData\Local\Python\pythoncore-3.14-64\Lib\multiprocessing\connection.py
cfn=writable
calls=160 166
1190 16700
cfl=C:\Users\Pedro\AppData\Local\Python\pythoncore-3.14-64\Lib\multiprocessing\connection.py
cfn=fileno
calls=80 171
1190 48100
cfl=C:\Users\Pedro\AppData\Local\Python\pythoncore-3.14-64\Lib\multiprocessing\reduction.py
cfn=__init__:106
calls=80 106
1190 468700

fl=C:\Users\Pedro\AppData\Local\Python\pythoncore-3.14-64\Lib\multiprocessing\context.py
fn=Lock
65 11400
cfl=<frozen importlib._bootstrap>
cfn=parent
calls=3 648
65 2100
cfl=<frozen importlib._bootstrap>
cfn=_find_and_load
calls=1 1360
65 1124700
cfl=C:\Users\Pedro\AppData\Local\Python\pythoncore-3.14-64\Lib\multiprocessing\context.py
cfn=get_context:187
calls=3 187
65 400
cfl=C:\Users\Pedro\AppData\Local\Python\pythoncore-3.14-64\Lib\multiprocessing\synchronize.py
cfn=__init__:175
calls=3 175
65 68700

fl=C:\Users\Pedro\AppData\Local\Python\pythoncore-3.14-64\Lib\multiprocessing\context.py
fn=SimpleQueue
110 11600
cfl=<frozen importlib._bootstrap>
cfn=parent
calls=3 648
110 2300
cfl=<frozen importlib._bootstrap>
cfn=_find_and_load
calls=1 1360
110 1514400
cfl=C:\Users\Pedro\AppData\Local\Python\pythoncore-3.14-64\Lib\multiprocessing\context.py
cfn=get_context:187
calls=3 187
110 300
cfl=C:\Users\Pedro\AppData\Local\Python\pythoncore-3.14-64\Lib\multiprocessing\queues.py
cfn=__init__
calls=3 359
110 1482500

fl=C:\Users\Pedro\AppData\Local\Python\pythoncore-3.14-64\Lib\multiprocessing\context.py
fn=Pool
115 9800
cfl=<frozen importlib._bootstrap>
cfn=parent
calls=1 648
115 2800
cfl=<frozen importlib._bootstrap>
cfn=_find_and_load
calls=0 1360
115 0
cfl=~
cfn=<built-in method builtins.setattr>
calls=1 0
115 800
cfl=~
cfn=<method 'pop' of 'list' objects>
calls=1 0
115 400

fl=C:\Users\Pedro\AppData\Local\Python\pythoncore-3.14-64\Lib\multiprocessing\context.py
fn=get_context:187
187 800

fl=C:\Users\Pedro\AppData\Local\Python\pythoncore-3.14-64\Lib\multiprocessing\context.py
fn=get_start_method:197
197 800

fl=C:\Users\Pedro\AppData\Local\Python\pythoncore-3.14-64\Lib\multiprocessing\context.py
fn=get_context:237
237 500

fl=C:\Users\Pedro\AppData\Local\Python\pythoncore-3.14-64\Lib\multiprocessing\context.py
fn=get_start_method:253
253 12000

fl=C:\Users\Pedro\AppData\Local\Python\pythoncore-3.14-64\Lib\multiprocessing\context.py
fn=_Popen
334 163800
cfl=<frozen importlib._bootstrap>
cfn=parent
calls=20 648
334 19200
cfl=<frozen importlib._bootstrap>
cfn=_find_and_load
calls=1 1360
334 1894700
cfl=C:\Users\Pedro\AppData\Local\Python\pythoncore-3.14-64\Lib\multiprocessing\popen_spawn_win32.py
cfn=__init__
calls=20 46
334 88607600

fl=C:\Users\Pedro\AppData\Local\Python\pythoncore-3.14-64\Lib\multiprocessing\context.py
fn=get_spawning_popen
366 60600
cfl=~
cfn=<built-in method builtins.getattr>
calls=200 0
366 40500

fl=C:\Users\Pedro\AppData\Local\Python\pythoncore-3.14-64\Lib\multiprocessing\context.py
fn=set_spawning_popen
369 51100

fl=C:\Users\Pedro\AppData\Local\Python\pythoncore-3.14-64\Lib\multiprocessing\context.py
fn=assert_spawning
372 30900
cfl=C:\Users\Pedro\AppData\Local\Python\pythoncore-3.14-64\Lib\multiprocessing\context.py
cfn=get_spawning_popen
calls=80 366
372 39200

fl=C:\Users\Pedro\AppData\Local\Python\pythoncore-3.14-64\Lib\multiprocessing\pool.py
fn=<module>
1 19900
cfl=<frozen importlib._bootstrap>
cfn=parent
calls=3 648
1 2100
cfl=<frozen importlib._bootstrap>
cfn=_find_and_load
calls=1 1360
1 3777600
cfl=<frozen importlib._bootstrap>
cfn=_handle_fromlist
calls=2 1401
1 1344000
cfl=~
cfn=<built-in method builtins.__build_class__>
calls=10 0
1 107500

fl=C:\Users\Pedro\AppData\Local\Python\pythoncore-3.14-64\Lib\multiprocessing\pool.py
fn=RemoteTraceback
57 1000

fl=C:\Users\Pedro\AppData\Local\Python\pythoncore-3.14-64\Lib\multiprocessing\pool.py
fn=ExceptionWithTraceback
63 700

fl=C:\Users\Pedro\AppData\Local\Python\pythoncore-3.14-64\Lib\multiprocessing\pool.py
fn=MaybeEncodingError
80 1300

fl=C:\Users\Pedro\AppData\Local\Python\pythoncore-3.14-64\Lib\multiprocessing\pool.py
fn=_PoolCache
150 2200

fl=C:\Users\Pedro\AppData\Local\Python\pythoncore-3.14-64\Lib\multiprocessing\pool.py
fn=__init__:157
157 1600

fl=C:\Users\Pedro\AppData\Local\Python\pythoncore-3.14-64\Lib\multiprocessing\pool.py
fn=__delitem__
161 4900
cfl=C:\Users\Pedro\AppData\Local\Python\pythoncore-3.14-64\Lib\multiprocessing\pool.py
cfn=_maintain_pool
calls=0 333
161 0
cfl=C:\Users\Pedro\AppData\Local\Python\pythoncore-3.14-64\Lib\multiprocessing\pool.py
cfn=_guarded_task_generation
calls=1 385
161 3500
cfl=C:\Users\Pedro\AppData\Local\Python\pythoncore-3.14-64\Lib\multiprocessing\queues.py
cfn=put
calls=0 389
161 0

fl=C:\Users\Pedro\AppData\Local\Python\pythoncore-3.14-64\Lib\multiprocessing\pool.py
fn=Pool
173 15200

fl=C:\Users\Pedro\AppData\Local\Python\pythoncore-3.14-64\Lib\multiprocessing\pool.py
fn=Process
179 48500
cfl=C:\Users\Pedro\AppData\Local\Python\pythoncore-3.14-64\Lib\multiprocessing\process.py
cfn=__init__
calls=20 80
179 253100

fl=C:\Users\Pedro\AppData\Local\Python\pythoncore-3.14-64\Lib\multiprocessing\pool.py
fn=__init__:183
183 17000
cfl=C:\Users\Pedro\AppData\Local\Python\pythoncore-3.14-64\Lib\multiprocessing\context.py
cfn=SimpleQueue
calls=1 110
183 49900
cfl=C:\Users\Pedro\AppData\Local\Python\pythoncore-3.14-64\Lib\multiprocessing\pool.py
cfn=__init__:157
calls=1 157
183 1600
cfl=C:\Users\Pedro\AppData\Local\Python\pythoncore-3.14-64\Lib\multiprocessing\pool.py
cfn=_get_sentinels
calls=1 279
183 1500
cfl=C:\Users\Pedro\AppData\Local\Python\pythoncore-3.14-64\Lib\multiprocessing\pool.py
cfn=_repopulate_pool
calls=1 305
183 91809800
cfl=C:\Users\Pedro\AppData\Local\Python\pythoncore-3.14-64\Lib\multiprocessing\pool.py
cfn=_setup_queues
calls=1 345
183 2964900
cfl=C:\Users\Pedro\AppData\Local\Python\pythoncore-3.14-64\Lib\threading.py
cfn=__init__:880
calls=1 880
183 34900
cfl=C:\Users\Pedro\AppData\Local\Python\pythoncore-3.14-64\Lib\threading.py
cfn=start
calls=0 975
183 0
cfl=C:\Users\Pedro\AppData\Local\Python\pythoncore-3.14-64\Lib\threading.py
cfn=daemon:1203
calls=1 1203
183 4100
cfl=~
cfn=<built-in method nt.cpu_count>
calls=1 0
183 2000

fl=C:\Users\Pedro\AppData\Local\Python\pythoncore-3.14-64\Lib\multiprocessing\pool.py
fn=_get_sentinels
279 1500

fl=C:\Users\Pedro\AppData\Local\Python\pythoncore-3.14-64\Lib\multiprocessing\pool.py
fn=_get_worker_sentinels
284 20600
cfl=C:\Users\Pedro\AppData\Local\Python\pythoncore-3.14-64\Lib\multiprocessing\process.py
cfn=sentinel
calls=40 254
284 18500
cfl=~
cfn=<built-in method builtins.hasattr>
calls=40 0
284 39300

fl=C:\Users\Pedro\AppData\Local\Python\pythoncore-3.14-64\Lib\multiprocessing\pool.py
fn=_join_exited_workers
289 48000
cfl=C:\Users\Pedro\AppData\Local\Python\pythoncore-3.14-64\Lib\multiprocessing\process.py
cfn=exitcode
calls=21 231
289 165400
cfl=C:\Users\Pedro\AppData\Local\Python\pythoncore-3.14-64\Lib\threading.py
cfn=__init__:880
calls=1 880
289 29500
cfl=C:\Users\Pedro\AppData\Local\Python\pythoncore-3.14-64\Lib\threading.py
cfn=start
calls=0 975
289 0
cfl=C:\Users\Pedro\AppData\Local\Python\pythoncore-3.14-64\Lib\threading.py
cfn=daemon:1203
calls=1 1203
289 2000
cfl=~
cfn=<built-in method builtins.len>
calls=2 0
289 700

fl=C:\Users\Pedro\AppData\Local\Python\pythoncore-3.14-64\Lib\multiprocessing\pool.py
fn=_repopulate_pool
305 3200
cfl=C:\Users\Pedro\AppData\Local\Python\pythoncore-3.14-64\Lib\multiprocessing\pool.py
cfn=_repopulate_pool_static
calls=1 314
305 91806600

fl=C:\Users\Pedro\AppData\Local\Python\pythoncore-3.14-64\Lib\multiprocessing\pool.py
fn=_repopulate_pool_static
314 123500
cfl=C:\Users\Pedro\AppData\Local\Python\pythoncore-3.14-64\Lib\multiprocessing\pool.py
cfn=Process
calls=20 179
314 301600
cfl=C:\Users\Pedro\AppData\Local\Python\pythoncore-3.14-64\Lib\multiprocessing\process.py
cfn=start
calls=20 110
314 91326500
cfl=C:\Users\Pedro\AppData\Local\Python\pythoncore-3.14-64\Lib\multiprocessing\process.py
cfn=name:196
calls=20 196
314 5800
cfl=C:\Users\Pedro\AppData\Local\Python\pythoncore-3.14-64\Lib\multiprocessing\process.py
cfn=name:200
calls=20 200
314 14900
cfl=C:\Users\Pedro\AppData\Local\Python\pythoncore-3.14-64\Lib\multiprocessing\process.py
cfn=daemon
calls=20 212
314 7300
cfl=C:\Users\Pedro\AppData\Local\Python\pythoncore-3.14-64\Lib\multiprocessing\util.py
cfn=debug
calls=20 49
314 5500
cfl=~
cfn=<built-in method builtins.len>
calls=1 0
314 100
cfl=~
cfn=<method 'append' of 'list' objects>
calls=20 0
314 6000
cfl=~
cfn=<method 'replace' of 'str' objects>
calls=20 0
314 15400

fl=C:\Users\Pedro\AppData\Local\Python\pythoncore-3.14-64\Lib\multiprocessing\pool.py
fn=_maintain_pool
333 9700
cfl=C:\Users\Pedro\AppData\Local\Python\pythoncore-3.14-64\Lib\multiprocessing\pool.py
cfn=_join_exited_workers
calls=1 289
333 247200
cfl=C:\Users\Pedro\AppData\Local\Python\pythoncore-3.14-64\Lib\threading.py
cfn=set
calls=1 630
333 21700

fl=C:\Users\Pedro\AppData\Local\Python\pythoncore-3.14-64\Lib\multiprocessing\pool.py
fn=_setup_queues
345 3700
cfl=C:\Users\Pedro\AppData\Local\Python\pythoncore-3.14-64\Lib\multiprocessing\context.py
cfn=SimpleQueue
calls=2 110
345 2961200

fl=C:\Users\Pedro\AppData\Local\Python\pythoncore-3.14-64\Lib\multiprocessing\pool.py
fn=_check_running
351 1000

fl=C:\Users\Pedro\AppData\Local\Python\pythoncore-3.14-64\Lib\multiprocessing\pool.py
fn=map
362 2300
cfl=C:\Users\Pedro\AppData\Local\Python\pythoncore-3.14-64\Lib\multiprocessing\pool.py
cfn=_map_async
calls=1 471
362 52600
cfl=C:\Users\Pedro\AppData\Local\Python\pythoncore-3.14-64\Lib\multiprocessing\pool.py
cfn=get
calls=0 767
362 0

fl=C:\Users\Pedro\AppData\Local\Python\pythoncore-3.14-64\Lib\multiprocessing\pool.py
fn=_guarded_task_generation
385 51700
cfl=C:\Users\Pedro\AppData\Local\Python\pythoncore-3.14-64\Lib\multiprocessing\pool.py
cfn=_get_tasks
calls=73 633
385 101600

fl=C:\Users\Pedro\AppData\Local\Python\pythoncore-3.14-64\Lib\multiprocessing\pool.py
fn=_map_async
471 18600
cfl=C:\Users\Pedro\AppData\Local\Python\pythoncore-3.14-64\Lib\multiprocessing\pool.py
cfn=_check_running
calls=1 351
471 1000
cfl=C:\Users\Pedro\AppData\Local\Python\pythoncore-3.14-64\Lib\multiprocessing\pool.py
cfn=__init__:796
calls=1 796
471 25600
cfl=~
cfn=<built-in method builtins.divmod>
calls=1 0
471 500
cfl=~
cfn=<built-in method builtins.hasattr>
calls=1 0
471 1400
cfl=~
cfn=<built-in method builtins.len>
calls=4 0
471 600
cfl=~
cfn=<method 'put' of '_queue.SimpleQueue' objects>
calls=1 0
471 4900

fl=C:\Users\Pedro\AppData\Local\Python\pythoncore-3.14-64\Lib\multiprocessing\pool.py
fn=_wait_for_updates
500 22600
cfl=C:\Users\Pedro\AppData\Local\Python\pythoncore-3.14-64\Lib\multiprocessing\connection.py
cfn=recv
calls=1 252
500 19200
cfl=C:\Users\Pedro\AppData\Local\Python\pythoncore-3.14-64\Lib\multiprocessing\connection.py
cfn=wait
calls=1 1061
500 0
cfl=C:\Users\Pedro\AppData\Local\Python\pythoncore-3.14-64\Lib\multiprocessing\queues.py
cfn=empty
calls=3 372
500 52400
cfl=C:\Users\Pedro\AppData\Local\Python\pythoncore-3.14-64\Lib\multiprocessing\queues.py
cfn=get
calls=2 383
500 39100
cfl=~
cfn=<built-in method builtins.len>
calls=1 0
500 300
cfl=~
cfn=<built-in method time.sleep>
calls=0 0
500 0

fl=C:\Users\Pedro\AppData\Local\Python\pythoncore-3.14-64\Lib\multiprocessing\pool.py
fn=_handle_workers
506 9600
cfl=C:\Users\Pedro\AppData\Local\Python\pythoncore-3.14-64\Lib\multiprocessing\pool.py
cfn=_get_worker_sentinels
calls=1 284
506 42600
cfl=C:\Users\Pedro\AppData\Local\Python\pythoncore-3.14-64\Lib\multiprocessing\pool.py
cfn=_maintain_pool
calls=1 333
506 251700
cfl=C:\Users\Pedro\AppData\Local\Python\pythoncore-3.14-64\Lib\multiprocessing\pool.py
cfn=_wait_for_updates
calls=0 500
506 0
cfl=C:\Users\Pedro\AppData\Local\Python\pythoncore-3.14-64\Lib\threading.py
cfn=current_thread
calls=1 1470
506 1400

fl=C:\Users\Pedro\AppData\Local\Python\pythoncore-3.14-64\Lib\multiprocessing\pool.py
fn=_handle_tasks
527 24100
cfl=C:\Users\Pedro\AppData\Local\Python\pythoncore-3.14-64\Lib\threading.py
cfn=current_thread
calls=1 1470
527 2200
cfl=~
cfn=<built-in method builtins.iter>
calls=1 0
527 700

fl=C:\Users\Pedro\AppData\Local\Python\pythoncore-3.14-64\Lib\multiprocessing\pool.py
fn=_handle_results
573 11600
cfl=C:\Users\Pedro\AppData\Local\Python\pythoncore-3.14-64\Lib\multiprocessing\connection.py
cfn=recv
calls=0 252
573 0
cfl=C:\Users\Pedro\AppData\Local\Python\pythoncore-3.14-64\Lib\threading.py
cfn=current_thread
calls=1 1470
573 1200

fl=C:\Users\Pedro\AppData\Local\Python\pythoncore-3.14-64\Lib\multiprocessing\pool.py
fn=_get_tasks
633 100900
cfl=~
cfn=<built-in method builtins.iter>
calls=1 0
633 700

fl=C:\Users\Pedro\AppData\Local\Python\pythoncore-3.14-64\Lib\multiprocessing\pool.py
fn=close
647 5000
cfl=C:\Users\Pedro\AppData\Local\Python\pythoncore-3.14-64\Lib\multiprocessing\process.py
cfn=exitcode
calls=1 231
647 6400
cfl=C:\Users\Pedro\AppData\Local\Python\pythoncore-3.14-64\Lib\multiprocessing\queues.py
cfn=put
calls=1 389
647 5000
cfl=C:\Users\Pedro\AppData\Local\Python\pythoncore-3.14-64\Lib\multiprocessing\util.py
cfn=debug
calls=1 49
647 300

fl=C:\Users\Pedro\AppData\Local\Python\pythoncore-3.14-64\Lib\multiprocessing\pool.py
fn=terminate
654 23600
cfl=C:\Users\Pedro\AppData\Local\Python\pythoncore-3.14-64\Lib\multiprocessing\process.py
cfn=exitcode
calls=13 231
654 44100
cfl=C:\Users\Pedro\AppData\Local\Python\pythoncore-3.14-64\Lib\multiprocessing\util.py
cfn=debug
calls=1 49
654 200
cfl=C:\Users\Pedro\AppData\Local\Python\pythoncore-3.14-64\Lib\multiprocessing\util.py
cfn=__call__
calls=0 276
654 0

fl=C:\Users\Pedro\AppData\Local\Python\pythoncore-3.14-64\Lib\multiprocessing\pool.py
fn=_help_stuff_finish
671 4900
cfl=C:\Users\Pedro\AppData\Local\Python\pythoncore-3.14-64\Lib\multiprocessing\util.py
cfn=debug
calls=1 49
671 100
cfl=~
cfn=<method 'acquire' of '_multiprocessing.SemLock' objects>
calls=0 0
671 0

fl=C:\Users\Pedro\AppData\Local\Python\pythoncore-3.14-64\Lib\multiprocessing\pool.py
fn=_terminate_pool
680 144100
cfl=C:\Users\Pedro\AppData\Local\Python\pythoncore-3.14-64\Lib\multiprocessing\pool.py
cfn=_help_stuff_finish
calls=0 671
680 0
cfl=C:\Users\Pedro\AppData\Local\Python\pythoncore-3.14-64\Lib\multiprocessing\process.py
cfn=exitcode
calls=0 231
680 0
cfl=C:\Users\Pedro\AppData\Local\Python\pythoncore-3.14-64\Lib\multiprocessing\queues.py
cfn=put
calls=1 389
680 6100
cfl=C:\Users\Pedro\AppData\Local\Python\pythoncore-3.14-64\Lib\multiprocessing\util.py
cfn=debug
calls=2 49
680 300
cfl=~
cfn=<built-in method builtins.len>
calls=1 0
680 200

fl=C:\Users\Pedro\AppData\Local\Python\pythoncore-3.14-64\Lib\multiprocessing\pool.py
fn=ApplyResult
745 5500

fl=C:\Users\Pedro\AppData\Local\Python\pythoncore-3.14-64\Lib\multiprocessing\pool.py
fn=__init__:747
747 10300
cfl=C:\Users\Pedro\AppData\Local\Python\pythoncore-3.14-64\Lib\threading.py
cfn=__init__:602
calls=1 602
747 8800
cfl=~
cfn=<built-in method builtins.next>
calls=1 0
747 300

fl=C:\Users\Pedro\AppData\Local\Python\pythoncore-3.14-64\Lib\multiprocessing\pool.py
fn=ready
756 1600
cfl=C:\Users\Pedro\AppData\Local\Python\pythoncore-3.14-64\Lib\threading.py
cfn=is_set
calls=1 615
756 200

fl=C:\Users\Pedro\AppData\Local\Python\pythoncore-3.14-64\Lib\multiprocessing\pool.py
fn=wait
764 1500
cfl=C:\Users\Pedro\AppData\Local\Python\pythoncore-3.14-64\Lib\threading.py
cfn=wait:651
calls=0 651
764 0

fl=C:\Users\Pedro\AppData\Local\Python\pythoncore-3.14-64\Lib\multiprocessing\pool.py
fn=get
767 8900
cfl=C:\Users\Pedro\AppData\Local\Python\pythoncore-3.14-64\Lib\multiprocessing\pool.py
cfn=wait
calls=0 764
767 0

fl=C:\Users\Pedro\AppData\Local\Python\pythoncore-3.14-64\Lib\multiprocessing\pool.py
fn=MapResult
794 700

fl=C:\Users\Pedro\AppData\Local\Python\pythoncore-3.14-64\Lib\multiprocessing\pool.py
fn=__init__:796
796 6200
cfl=C:\Users\Pedro\AppData\Local\Python\pythoncore-3.14-64\Lib\multiprocessing\pool.py
cfn=__init__:747
calls=1 747
796 19400

fl=C:\Users\Pedro\AppData\Local\Python\pythoncore-3.14-64\Lib\multiprocessing\pool.py
fn=_set
809 29000
cfl=C:\Users\Pedro\AppData\Local\Python\pythoncore-3.14-64\Lib\multiprocessing\pool.py
cfn=__delitem__
calls=0 161
809 0

fl=C:\Users\Pedro\AppData\Local\Python\pythoncore-3.14-64\Lib\multiprocessing\pool.py
fn=IMapIterator
837 2200

fl=C:\Users\Pedro\AppData\Local\Python\pythoncore-3.14-64\Lib\multiprocessing\pool.py
fn=IMapUnorderedIterator
906 700

fl=C:\Users\Pedro\AppData\Local\Python\pythoncore-3.14-64\Lib\multiprocessing\pool.py
fn=ThreadPool
921 2300

fl=C:\Users\Pedro\AppData\Local\Python\pythoncore-3.14-64\Lib\multiprocessing\popen_spawn_win32.py
fn=<module>
1 13400
cfl=<frozen importlib._bootstrap>
cfn=parent
calls=3 648
1 2000
cfl=<frozen importlib._bootstrap>
cfn=_handle_fromlist
calls=2 1401
1 930200
cfl=C:\Users\Pedro\AppData\Local\Python\pythoncore-3.14-64\Lib\multiprocessing\popen_spawn_win32.py
cfn=_path_eq
calls=1 24
1 7600
cfl=~
cfn=<built-in method builtins.__build_class__>
calls=1 0
1 14700
cfl=~
cfn=<built-in method builtins.getattr>
calls=1 0
1 200
cfl=~
cfn=<method 'endswith' of 'str' objects>
calls=1 0
1 100
cfl=~
cfn=<method 'lower' of 'str' objects>
calls=1 0
1 200

fl=C:\Users\Pedro\AppData\Local\Python\pythoncore-3.14-64\Lib\multiprocessing\popen_spawn_win32.py
fn=_path_eq
24 6500
cfl=<frozen ntpath>
cfn=normcase
calls=2 50
24 5700

fl=C:\Users\Pedro\AppData\Local\Python\pythoncore-3.14-64\Lib\multiprocessing\popen_spawn_win32.py
fn=Popen
40 3200

fl=C:\Users\Pedro\AppData\Local\Python\pythoncore-3.14-64\Lib\multiprocessing\popen_spawn_win32.py
fn=__init__
46 795100
cfl=<frozen os>
cfn=copy
calls=20 743
46 4689500
cfl=C:\Users\Pedro\AppData\Local\Python\pythoncore-3.14-64\Lib\multiprocessing\context.py
cfn=set_spawning_popen
calls=40 369
46 51100
cfl=C:\Users\Pedro\AppData\Local\Python\pythoncore-3.14-64\Lib\multiprocessing\popen_spawn_win32.py
cfn=_path_eq
calls=20 24
46 4600
cfl=C:\Users\Pedro\AppData\Local\Python\pythoncore-3.14-64\Lib\multiprocessing\reduction.py
cfn=dump
calls=40 58
46 3266900
cfl=C:\Users\Pedro\AppData\Local\Python\pythoncore-3.14-64\Lib\multiprocessing\spawn.py
cfn=get_executable
calls=20 45
46 2100
cfl=C:\Users\Pedro\AppData\Local\Python\pythoncore-3.14-64\Lib\multiprocessing\spawn.py
cfn=get_command_line
calls=20 83
46 383700
cfl=C:\Users\Pedro\AppData\Local\Python\pythoncore-3.14-64\Lib\multiprocessing\spawn.py
cfn=get_preparation_data
calls=20 160
46 284400
cfl=C:\Users\Pedro\AppData\Local\Python\pythoncore-3.14-64\Lib\multiprocessing\util.py
cfn=__init__
calls=20 257
46 123700
cfl=C:\Users\Pedro\AppData\Local\Python\pythoncore-3.14-64\Lib\subprocess.py
cfn=__init__
calls=20 199
46 12500
cfl=~
cfn=<built-in method _io.open>
calls=20 0
46 226400
cfl=~
cfn=<built-in method _winapi.CloseHandle>
calls=20 0
46 40200
cfl=~
cfn=<built-in method _winapi.CreatePipe>
calls=20 0
46 333400
cfl=~
cfn=<built-in method _winapi.CreateProcess>
calls=20 0
46 77949100
cfl=~
cfn=<built-in method msvcrt.open_osfhandle>
calls=20 0
46 25600
cfl=~
cfn=<built-in method nt.getpid>
calls=20 0
46 3300
cfl=~
cfn=<method '__enter__' of '_io._IOBase' objects>
calls=20 0
46 12800
cfl=~
cfn=<method '__exit__' of '_io._IOBase' objects>
calls=20 0
46 324400
cfl=~
cfn=<method 'join' of 'str' objects>
calls=20 0
46 78800

fl=C:\Users\Pedro\AppData\Local\Python\pythoncore-3.14-64\Lib\multiprocessing\popen_spawn_win32.py
fn=<genexpr>
71 38200

fl=C:\Users\Pedro\AppData\Local\Python\pythoncore-3.14-64\Lib\multiprocessing\popen_spawn_win32.py
fn=duplicate_for_child
101 41400
cfl=C:\Users\Pedro\AppData\Local\Python\pythoncore-3.14-64\Lib\multiprocessing\context.py
cfn=get_spawning_popen
calls=40 366
101 14100
cfl=C:\Users\Pedro\AppData\Local\Python\pythoncore-3.14-64\Lib\multiprocessing\reduction.py
cfn=duplicate
calls=40 71
101 72500

fl=C:\Users\Pedro\AppData\Local\Python\pythoncore-3.14-64\Lib\multiprocessing\popen_spawn_win32.py
fn=wait
105 350600
cfl=C:\Users\Pedro\AppData\Local\Python\pythoncore-3.14-64\Lib\threading.py
cfn=_acquire_restore
calls=2 325
105 2400
cfl=~
cfn=<built-in method _winapi.GetExitCodeProcess>
calls=20 0
105 17000
cfl=~
cfn=<built-in method _winapi.WaitForSingleObject>
calls=268 0
105 128500
cfl=~
cfn=<built-in method builtins.len>
calls=3 0
105 1100
cfl=~
cfn=<built-in method builtins.max>
calls=270 0
105 49800
cfl=~
cfn=<method 'GetOverlappedResult' of '_winapi.Overlapped' objects>
calls=2 0
105 700

fl=C:\Users\Pedro\AppData\Local\Python\pythoncore-3.14-64\Lib\multiprocessing\popen_spawn_win32.py
fn=poll
123 358800
cfl=C:\Users\Pedro\AppData\Local\Python\pythoncore-3.14-64\Lib\multiprocessing\popen_spawn_win32.py
cfn=wait
calls=265 105
123 341700
cfl=C:\Users\Pedro\AppData\Local\Python\pythoncore-3.14-64\Lib\threading.py
cfn=__exit__
calls=2 316
123 2300

fl=C:\Users\Pedro\AppData\Local\Python\pythoncore-3.14-64\Lib\multiprocessing\popen_spawn_win32.py
fn=terminate
126 70500
cfl=~
cfn=<built-in method _winapi.TerminateProcess>
calls=20 0
126 1890900

fl=C:\Users\Pedro\AppData\Local\Python\pythoncore-3.14-64\Lib\multiprocessing\process.py
fn=current_process
37 7100

fl=C:\Users\Pedro\AppData\Local\Python\pythoncore-3.14-64\Lib\multiprocessing\process.py
fn=_cleanup
61 103600
cfl=C:\Users\Pedro\AppData\Local\Python\pythoncore-3.14-64\Lib\multiprocessing\popen_spawn_win32.py
cfn=poll
calls=190 123
61 406300

fl=C:\Users\Pedro\AppData\Local\Python\pythoncore-3.14-64\Lib\multiprocessing\process.py
fn=__init__
80 136800
cfl=C:\Users\Pedro\AppData\Local\Python\pythoncore-3.14-64\Lib\_weakrefset.py
cfn=add
calls=20 45
80 34800
cfl=C:\Users\Pedro\AppData\Local\Python\pythoncore-3.14-64\Lib\multiprocessing\process.py
cfn=name:196
calls=20 196
80 2000
cfl=~
cfn=<built-in method builtins.next>
calls=20 0
80 5100
cfl=~
cfn=<built-in method nt.getpid>
calls=20 0
80 2800
cfl=~
cfn=<method 'copy' of 'dict' objects>
calls=20 0
80 6100
cfl=~
cfn=<method 'join' of 'str' objects>
calls=20 0
80 65500

fl=C:\Users\Pedro\AppData\Local\Python\pythoncore-3.14-64\Lib\multiprocessing\process.py
fn=<genexpr>
94 28000

fl=C:\Users\Pedro\AppData\Local\Python\pythoncore-3.14-64\Lib\multiprocessing\process.py
fn=_check_closed
99 607800

fl=C:\Users\Pedro\AppData\Local\Python\pythoncore-3.14-64\Lib\multiprocessing\process.py
fn=start
110 108100
cfl=C:\Users\Pedro\AppData\Local\Python\pythoncore-3.14-64\Lib\multiprocessing\context.py
cfn=_Popen
calls=20 334
110 90685300
cfl=C:\Users\Pedro\AppData\Local\Python\pythoncore-3.14-64\Lib\multiprocessing\process.py
cfn=_cleanup
calls=20 61
110 509900
cfl=C:\Users\Pedro\AppData\Local\Python\pythoncore-3.14-64\Lib\multiprocessing\process.py
cfn=_check_closed
calls=20 99
110 4000
cfl=~
cfn=<built-in method nt.getpid>
calls=20 0
110 2500
cfl=~
cfn=<method 'add' of 'set' objects>
calls=20 0
110 9500
cfl=~
cfn=<method 'get' of 'dict' objects>
calls=20 0
110 7200

fl=C:\Users\Pedro\AppData\Local\Python\pythoncore-3.14-64\Lib\multiprocessing\process.py
fn=terminate
135 39000
cfl=C:\Users\Pedro\AppData\Local\Python\pythoncore-3.14-64\Lib\multiprocessing\popen_spawn_win32.py
cfn=terminate
calls=20 126
135 1961400
cfl=C:\Users\Pedro\AppData\Local\Python\pythoncore-3.14-64\Lib\multiprocessing\process.py
cfn=_check_closed
calls=20 99
135 2900

fl=C:\Users\Pedro\AppData\Local\Python\pythoncore-3.14-64\Lib\multiprocessing\process.py
fn=join
149 13500
cfl=C:\Users\Pedro\AppData\Local\Python\pythoncore-3.14-64\Lib\multiprocessing\popen_spawn_win32.py
cfn=wait
calls=3 105
149 1134300
cfl=C:\Users\Pedro\AppData\Local\Python\pythoncore-3.14-64\Lib\multiprocessing\process.py
cfn=_check_closed
calls=3 99
149 400
cfl=~
cfn=<built-in method nt.getpid>
calls=3 0
149 900
cfl=~
cfn=<method 'discard' of 'set' objects>
calls=3 0
149 2200

fl=C:\Users\Pedro\AppData\Local\Python\pythoncore-3.14-64\Lib\multiprocessing\process.py
fn=is_alive
160 53200
cfl=C:\Users\Pedro\AppData\Local\Python\pythoncore-3.14-64\Lib\multiprocessing\popen_spawn_win32.py
cfn=poll
calls=20 123
160 71400
cfl=C:\Users\Pedro\AppData\Local\Python\pythoncore-3.14-64\Lib\multiprocessing\process.py
cfn=_check_closed
calls=20 99
160 2400
cfl=~
cfn=<built-in method nt.getpid>
calls=20 0
160 29200
cfl=~
cfn=<method 'discard' of 'set' objects>
calls=17 0
160 7400

fl=C:\Users\Pedro\AppData\Local\Python\pythoncore-3.14-64\Lib\multiprocessing\process.py
fn=name:196
196 8700

fl=C:\Users\Pedro\AppData\Local\Python\pythoncore-3.14-64\Lib\multiprocessing\process.py
fn=name:200
200 11400
cfl=~
cfn=<built-in method builtins.isinstance>
calls=20 0
200 3500

fl=C:\Users\Pedro\AppData\Local\Python\pythoncore-3.14-64\Lib\multiprocessing\process.py
fn=daemon
212 7300

fl=C:\Users\Pedro\AppData\Local\Python\pythoncore-3.14-64\Lib\multiprocessing\process.py
fn=authkey
220 4800

fl=C:\Users\Pedro\AppData\Local\Python\pythoncore-3.14-64\Lib\multiprocessing\process.py
fn=exitcode
231 142700
cfl=C:\Users\Pedro\AppData\Local\Python\pythoncore-3.14-64\Lib\multiprocessing\popen_spawn_win32.py
cfn=poll
calls=55 123
231 15200
cfl=C:\Users\Pedro\AppData\Local\Python\pythoncore-3.14-64\Lib\multiprocessing\process.py
cfn=_check_closed
calls=60 99
231 589100

fl=C:\Users\Pedro\AppData\Local\Python\pythoncore-3.14-64\Lib\multiprocessing\process.py
fn=ident
241 3200
cfl=C:\Users\Pedro\AppData\Local\Python\pythoncore-3.14-64\Lib\multiprocessing\process.py
cfn=_check_closed
calls=3 99
241 400

fl=C:\Users\Pedro\AppData\Local\Python\pythoncore-3.14-64\Lib\multiprocessing\process.py
fn=sentinel
254 30100
cfl=C:\Users\Pedro\AppData\Local\Python\pythoncore-3.14-64\Lib\multiprocessing\process.py
cfn=_check_closed
calls=80 99
254 8600

fl=C:\Users\Pedro\AppData\Local\Python\pythoncore-3.14-64\Lib\multiprocessing\process.py
fn=__reduce__
354 185700
cfl=<frozen importlib._bootstrap>
cfn=parent
calls=40 648
354 45200
cfl=C:\Users\Pedro\AppData\Local\Python\pythoncore-3.14-64\Lib\multiprocessing\context.py
cfn=get_spawning_popen
calls=40 366
354 33200

fl=C:\Users\Pedro\AppData\Local\Python\pythoncore-3.14-64\Lib\multiprocessing\queues.py
fn=<module>
1 18100
cfl=<frozen importlib._bootstrap>
cfn=parent
calls=3 648
1 2200
cfl=<frozen importlib._bootstrap>
cfn=_handle_fromlist
calls=2 1401
1 2200
cfl=~
cfn=<built-in method builtins.__build_class__>
calls=3 0
1 46200

fl=C:\Users\Pedro\AppData\Local\Python\pythoncore-3.14-64\Lib\multiprocessing\queues.py
fn=Queue
33 8600

fl=C:\Users\Pedro\AppData\Local\Python\pythoncore-3.14-64\Lib\multiprocessing\queues.py
fn=JoinableQueue
314 1000

fl=C:\Users\Pedro\AppData\Local\Python\pythoncore-3.14-64\Lib\multiprocessing\queues.py
fn=SimpleQueue
357 4300

fl=C:\Users\Pedro\AppData\Local\Python\pythoncore-3.14-64\Lib\multiprocessing\queues.py
fn=__init__
359 12300
cfl=C:\Users\Pedro\AppData\Local\Python\pythoncore-3.14-64\Lib\multiprocessing\connection.py
cfn=Pipe
calls=3 569
359 262900
cfl=C:\Users\Pedro\AppData\Local\Python\pythoncore-3.14-64\Lib\multiprocessing\context.py
cfn=Lock
calls=3 65
359 1207300

fl=C:\Users\Pedro\AppData\Local\Python\pythoncore-3.14-64\Lib\multiprocessing\queues.py
fn=empty
372 6600
cfl=C:\Users\Pedro\AppData\Local\Python\pythoncore-3.14-64\Lib\multiprocessing\connection.py
cfn=poll
calls=5 259
372 110600

fl=C:\Users\Pedro\AppData\Local\Python\pythoncore-3.14-64\Lib\multiprocessing\queues.py
fn=__getstate__
375 37800
cfl=C:\Users\Pedro\AppData\Local\Python\pythoncore-3.14-64\Lib\multiprocessing\context.py
cfn=assert_spawning
calls=40 372
375 34200

fl=C:\Users\Pedro\AppData\Local\Python\pythoncore-3.14-64\Lib\multiprocessing\queues.py
fn=get
383 18300
cfl=C:\Users\Pedro\AppData\Local\Python\pythoncore-3.14-64\Lib\multiprocessing\connection.py
cfn=recv_bytes
calls=3 214
383 48300
cfl=C:\Users\Pedro\AppData\Local\Python\pythoncore-3.14-64\Lib\multiprocessing\synchronize.py
cfn=__enter__
calls=3 96
383 8700
cfl=C:\Users\Pedro\AppData\Local\Python\pythoncore-3.14-64\Lib\multiprocessing\synchronize.py
cfn=__exit__
calls=3 99
383 5200
cfl=~
cfn=<built-in method _pickle.loads>
calls=3 0
383 6200

fl=C:\Users\Pedro\AppData\Local\Python\pythoncore-3.14-64\Lib\multiprocessing\queues.py
fn=put
389 25000
cfl=C:\Users\Pedro\AppData\Local\Python\pythoncore-3.14-64\Lib\multiprocessing\connection.py
cfn=send_bytes
calls=3 188
389 0
cfl=C:\Users\Pedro\AppData\Local\Python\pythoncore-3.14-64\Lib\multiprocessing\queues.py
cfn=empty
calls=2 372
389 64800
cfl=C:\Users\Pedro\AppData\Local\Python\pythoncore-3.14-64\Lib\multiprocessing\queues.py
cfn=get
calls=1 383
389 47600
cfl=C:\Users\Pedro\AppData\Local\Python\pythoncore-3.14-64\Lib\multiprocessing\reduction.py
cfn=dumps
calls=6 48
389 301700

fl=C:\Users\Pedro\AppData\Local\Python\pythoncore-3.14-64\Lib\multiprocessing\reduction.py
fn=__init__:38
38 587700
cfl=~
cfn=<method 'copy' of 'dict' objects>
calls=138 0
38 96700
cfl=~
cfn=<method 'update' of 'dict' objects>
calls=138 0
38 97000

fl=C:\Users\Pedro\AppData\Local\Python\pythoncore-3.14-64\Lib\multiprocessing\reduction.py
fn=register
43 1500

fl=C:\Users\Pedro\AppData\Local\Python\pythoncore-3.14-64\Lib\multiprocessing\reduction.py
fn=dumps
48 226400
cfl=C:\Users\Pedro\AppData\Local\Python\pythoncore-3.14-64\Lib\multiprocessing\reduction.py
cfn=__init__:38
calls=98 38
48 423700
cfl=~
cfn=<method 'dump' of '_pickle.Pickler' objects>
calls=98 0
48 861600
cfl=~
cfn=<method 'getbuffer' of '_io.BytesIO' objects>
calls=26 0
48 16000

fl=C:\Users\Pedro\AppData\Local\Python\pythoncore-3.14-64\Lib\multiprocessing\reduction.py
fn=dump
58 187200
cfl=C:\Users\Pedro\AppData\Local\Python\pythoncore-3.14-64\Lib\multiprocessing\reduction.py
cfn=__init__:38
calls=40 38
58 357700
cfl=~
cfn=<method 'dump' of '_pickle.Pickler' objects>
calls=40 0
58 2722000

fl=C:\Users\Pedro\AppData\Local\Python\pythoncore-3.14-64\Lib\multiprocessing\reduction.py
fn=duplicate
71 28700
cfl=~
cfn=<built-in method _winapi.DuplicateHandle>
calls=40 0
71 38200
cfl=~
cfn=<built-in method _winapi.GetCurrentProcess>
calls=40 0
71 5600

fl=C:\Users\Pedro\AppData\Local\Python\pythoncore-3.14-64\Lib\multiprocessing\reduction.py
fn=__init__:106
106 141500
cfl=~
cfn=<built-in method _winapi.CloseHandle>
calls=80 0
106 43800
cfl=~
cfn=<built-in method _winapi.DuplicateHandle>
calls=80 0
106 81400
cfl=~
cfn=<built-in method _winapi.GetCurrentProcess>
calls=80 0
106 18100
cfl=~
cfn=<built-in method _winapi.OpenProcess>
calls=80 0
106 170300
cfl=~
cfn=<built-in method nt.getpid>
calls=80 0
106 13600

fl=C:\Users\Pedro\AppData\Local\Python\pythoncore-3.14-64\Lib\multiprocessing\spawn.py
fn=<module>
1 14800
cfl=<frozen importlib._bootstrap>
cfn=parent
calls=4 648
1 2300
cfl=<frozen importlib._bootstrap>
cfn=_handle_fromlist
calls=3 1401
1 3300
cfl=C:\Users\Pedro\AppData\Local\Python\pythoncore-3.14-64\Lib\multiprocessing\spawn.py
cfn=set_executable
calls=1 36
1 2900
cfl=~
cfn=<built-in method builtins.getattr>
calls=1 0
1 300
cfl=~
cfn=<method 'endswith' of 'str' objects>
calls=1 0
1 300
cfl=~
cfn=<method 'lower' of 'str' objects>
calls=1 0
1 400

fl=C:\Users\Pedro\AppData\Local\Python\pythoncore-3.14-64\Lib\multiprocessing\spawn.py
fn=set_executable
36 1600
cfl=<frozen os>
cfn=fsdecode
calls=1 863
36 1300

fl=C:\Users\Pedro\AppData\Local\Python\pythoncore-3.14-64\Lib\multiprocessing\spawn.py
fn=get_executable
45 5400

fl=C:\Users\Pedro\AppData\Local\Python\pythoncore-3.14-64\Lib\multiprocessing\spawn.py
fn=get_command_line
83 114300
cfl=C:\Users\Pedro\AppData\Local\Python\pythoncore-3.14-64\Lib\multiprocessing\spawn.py
cfn=get_executable
calls=20 45
83 3300
cfl=C:\Users\Pedro\AppData\Local\Python\pythoncore-3.14-64\Lib\subprocess.py
cfn=_args_from_interpreter_flags
calls=20 306
83 172200
cfl=~
cfn=<built-in method builtins.getattr>
calls=20 0
83 8200
cfl=~
cfn=<method 'items' of 'dict' objects>
calls=20 0
83 7000
cfl=~
cfn=<method 'join' of 'str' objects>
calls=20 0
83 78700

fl=C:\Users\Pedro\AppData\Local\Python\pythoncore-3.14-64\Lib\multiprocessing\spawn.py
fn=<genexpr>
92 45300

fl=C:\Users\Pedro\AppData\Local\Python\pythoncore-3.14-64\Lib\multiprocessing\spawn.py
fn=_check_not_importing_main
138 19400
cfl=C:\Users\Pedro\AppData\Local\Python\pythoncore-3.14-64\Lib\multiprocessing\process.py
cfn=current_process
calls=20 37
138 2700
cfl=~
cfn=<built-in method builtins.getattr>
calls=20 0
138 6600

fl=C:\Users\Pedro\AppData\Local\Python\pythoncore-3.14-64\Lib\multiprocessing\spawn.py
fn=get_preparation_data
160 140200
cfl=C:\Users\Pedro\AppData\Local\Python\pythoncore-3.14-64\Lib\multiprocessing\context.py
cfn=get_start_method:253
calls=20 253
160 11000
cfl=C:\Users\Pedro\AppData\Local\Python\pythoncore-3.14-64\Lib\multiprocessing\process.py
cfn=current_process
calls=20 37
160 2100
cfl=C:\Users\Pedro\AppData\Local\Python\pythoncore-3.14-64\Lib\multiprocessing\process.py
cfn=authkey
calls=20 220
160 4800
cfl=C:\Users\Pedro\AppData\Local\Python\pythoncore-3.14-64\Lib\multiprocessing\spawn.py
cfn=_check_not_importing_main
calls=20 138
160 28700
cfl=~
cfn=<built-in method builtins.getattr>
calls=40 0
160 18500
cfl=~
cfn=<built-in method nt.getcwd>
calls=20 0
160 26100
cfl=~
cfn=<method 'copy' of 'list' objects>
calls=20 0
160 11800
cfl=~
cfn=<method 'index' of 'list' objects>
calls=20 0
160 10400
cfl=~
cfn=<method 'update' of 'dict' objects>
calls=20 0
160 30800

fl=C:\Users\Pedro\AppData\Local\Python\pythoncore-3.14-64\Lib\multiprocessing\synchronize.py
fn=<module>
1 13100
cfl=<frozen importlib._bootstrap>
cfn=parent
calls=3 648
1 2500
cfl=<frozen importlib._bootstrap>
cfn=_handle_fromlist
calls=3 1401
1 3200
cfl=~
cfn=<built-in method builtins.__build_class__>
calls=8 0
1 75400

fl=C:\Users\Pedro\AppData\Local\Python\pythoncore-3.14-64\Lib\multiprocessing\synchronize.py
fn=SemLock
45 4700

fl=C:\Users\Pedro\AppData\Local\Python\pythoncore-3.14-64\Lib\multiprocessing\synchronize.py
fn=__init__:49
49 17600
cfl=C:\Users\Pedro\AppData\Local\Python\pythoncore-3.14-64\Lib\multiprocessing\context.py
cfn=get_start_method:197
calls=3 197
49 800
cfl=C:\Users\Pedro\AppData\Local\Python\pythoncore-3.14-64\Lib\multiprocessing\synchronize.py
cfn=_make_methods
calls=3 89
49 2100
cfl=C:\Users\Pedro\AppData\Local\Python\pythoncore-3.14-64\Lib\multiprocessing\synchronize.py
cfn=_make_name
calls=3 123
49 42700
cfl=C:\Users\Pedro\AppData\Local\Python\pythoncore-3.14-64\Lib\multiprocessing\util.py
cfn=debug
calls=3 49
49 800

fl=C:\Users\Pedro\AppData\Local\Python\pythoncore-3.14-64\Lib\multiprocessing\synchronize.py
fn=_make_methods
89 2100

fl=C:\Users\Pedro\AppData\Local\Python\pythoncore-3.14-64\Lib\multiprocessing\synchronize.py
fn=__enter__
96 6000
cfl=~
cfn=<method '__enter__' of '_multiprocessing.SemLock' objects>
calls=3 0
96 2700

fl=C:\Users\Pedro\AppData\Local\Python\pythoncore-3.14-64\Lib\multiprocessing\synchronize.py
fn=__exit__
99 3200
cfl=~
cfn=<method '__exit__' of '_multiprocessing.SemLock' objects>
calls=3 0
99 2000

fl=C:\Users\Pedro\AppData\Local\Python\pythoncore-3.14-64\Lib\multiprocessing\synchronize.py
fn=__getstate__
102 101800
cfl=C:\Users\Pedro\AppData\Local\Python\pythoncore-3.14-64\Lib\multiprocessing\context.py
cfn=get_spawning_popen
calls=40 366
102 14600
cfl=C:\Users\Pedro\AppData\Local\Python\pythoncore-3.14-64\Lib\multiprocessing\context.py
cfn=assert_spawning
calls=40 372
102 35900
cfl=C:\Users\Pedro\AppData\Local\Python\pythoncore-3.14-64\Lib\multiprocessing\popen_spawn_win32.py
cfn=duplicate_for_child
calls=40 101
102 128000

fl=C:\Users\Pedro\AppData\Local\Python\pythoncore-3.14-64\Lib\multiprocessing\synchronize.py
fn=_make_name
123 4000
cfl=C:\Users\Pedro\AppData\Local\Python\pythoncore-3.14-64\Lib\multiprocessing\process.py
cfn=current_process
calls=3 37
123 600
cfl=~
cfn=<built-in method builtins.next>
calls=3 0
123 38100

fl=C:\Users\Pedro\AppData\Local\Python\pythoncore-3.14-64\Lib\multiprocessing\synchronize.py
fn=Semaphore
132 800

fl=C:\Users\Pedro\AppData\Local\Python\pythoncore-3.14-64\Lib\multiprocessing\synchronize.py
fn=BoundedSemaphore
156 500

fl=C:\Users\Pedro\AppData\Local\Python\pythoncore-3.14-64\Lib\multiprocessing\synchronize.py
fn=Lock
173 500

fl=C:\Users\Pedro\AppData\Local\Python\pythoncore-3.14-64\Lib\multiprocessing\synchronize.py
fn=__init__:175
175 4700
cfl=C:\Users\Pedro\AppData\Local\Python\pythoncore-3.14-64\Lib\multiprocessing\synchronize.py
cfn=__init__:49
calls=3 49
175 64000

fl=C:\Users\Pedro\AppData\Local\Python\pythoncore-3.14-64\Lib\multiprocessing\synchronize.py
fn=RLock
198 400

fl=C:\Users\Pedro\AppData\Local\Python\pythoncore-3.14-64\Lib\multiprocessing\synchronize.py
fn=Condition
224 2300

fl=C:\Users\Pedro\AppData\Local\Python\pythoncore-3.14-64\Lib\multiprocessing\synchronize.py
fn=Event
335 900

fl=C:\Users\Pedro\AppData\Local\Python\pythoncore-3.14-64\Lib\multiprocessing\synchronize.py
fn=Barrier
377 4800
cfl=~
cfn=<method 'setter' of 'property' objects>
calls=2 0
377 1000

fl=C:\Users\Pedro\AppData\Local\Python\pythoncore-3.14-64\Lib\multiprocessing\util.py
fn=<module>
1 27000
cfl=<frozen importlib._bootstrap>
cfn=parent
calls=1 648
1 1100
cfl=<frozen importlib._bootstrap>
cfn=has_location
calls=1 656
1 200
cfl=<frozen importlib._bootstrap>
cfn=_handle_fromlist
calls=1 1401
1 1900
cfl=C:\Users\Pedro\AppData\Local\Python\pythoncore-3.14-64\Lib\multiprocessing\util.py
cfn=_platform_supports_abstract_sockets
calls=1 109
1 900
cfl=C:\Users\Pedro\AppData\Local\Python\pythoncore-3.14-64\Lib\weakref.py
cfn=__init__
calls=1 104
1 6700
cfl=~
cfn=<built-in method atexit.register>
calls=1 0
1 800
cfl=~
cfn=<built-in method builtins.__build_class__>
calls=3 0
1 31200
cfl=~
cfn=<method 'startswith' of 'str' objects>
calls=1 0
1 300

fl=C:\Users\Pedro\AppData\Local\Python\pythoncore-3.14-64\Lib\multiprocessing\util.py
fn=sub_debug
45 1000

fl=C:\Users\Pedro\AppData\Local\Python\pythoncore-3.14-64\Lib\multiprocessing\util.py
fn=debug
49 12100

fl=C:\Users\Pedro\AppData\Local\Python\pythoncore-3.14-64\Lib\multiprocessing\util.py
fn=_platform_supports_abstract_sockets
109 900

fl=C:\Users\Pedro\AppData\Local\Python\pythoncore-3.14-64\Lib\multiprocessing\util.py
fn=Finalize
253 1700

fl=C:\Users\Pedro\AppData\Local\Python\pythoncore-3.14-64\Lib\multiprocessing\util.py
fn=__init__
257 105400
cfl=~
cfn=<built-in method builtins.isinstance>
calls=1 0
257 300
cfl=~
cfn=<built-in method builtins.next>
calls=21 0
257 8900
cfl=~
cfn=<built-in method nt.getpid>
calls=21 0
257 16000

fl=C:\Users\Pedro\AppData\Local\Python\pythoncore-3.14-64\Lib\multiprocessing\util.py
fn=__call__
276 37800
cfl=C:\Users\Pedro\AppData\Local\Python\pythoncore-3.14-64\Lib\multiprocessing\pool.py
cfn=_terminate_pool
calls=0 680
276 0
cfl=C:\Users\Pedro\AppData\Local\Python\pythoncore-3.14-64\Lib\multiprocessing\util.py
cfn=sub_debug
calls=1 45
276 1000
cfl=~
cfn=<built-in method nt.getpid>
calls=1 0
276 700

fl=C:\Users\Pedro\AppData\Local\Python\pythoncore-3.14-64\Lib\multiprocessing\util.py
fn=ForkAwareThreadLock
439 700

fl=C:\Users\Pedro\AppData\Local\Python\pythoncore-3.14-64\Lib\multiprocessing\util.py
fn=ForkAwareLocal
456 500

fl=C:\Users\Pedro\AppData\Local\Python\pythoncore-3.14-64\Lib\pathlib\__init__.py
fn=__init__
135 4400
cfl=~
cfn=<built-in method builtins.isinstance>
calls=8 0
135 900
cfl=~
cfn=<built-in method nt.fspath>
calls=4 0
135 800
cfl=~
cfn=<method 'append' of 'list' objects>
calls=4 0
135 800

fl=C:\Users\Pedro\AppData\Local\Python\pythoncore-3.14-64\Lib\pathlib\__init__.py
fn=with_segments
157 2500
cfl=C:\Users\Pedro\AppData\Local\Python\pythoncore-3.14-64\Lib\pathlib\__init__.py
cfn=__init__
calls=2 135
157 3200
cfl=C:\Users\Pedro\AppData\Local\Python\pythoncore-3.14-64\Lib\pathlib\__init__.py
cfn=__new__
calls=2 632
157 1000

fl=C:\Users\Pedro\AppData\Local\Python\pythoncore-3.14-64\Lib\pathlib\__init__.py
fn=__fspath__
190 2200
cfl=C:\Users\Pedro\AppData\Local\Python\pythoncore-3.14-64\Lib\pathlib\__init__.py
cfn=__str__
calls=2 251
190 200

fl=C:\Users\Pedro\AppData\Local\Python\pythoncore-3.14-64\Lib\pathlib\__init__.py
fn=__str__
251 200

fl=C:\Users\Pedro\AppData\Local\Python\pythoncore-3.14-64\Lib\pathlib\__init__.py
fn=_format_parsed_parts
261 3700
cfl=<frozen ntpath>
cfn=splitdrive
calls=2 146
261 1700
cfl=~
cfn=<method 'join' of 'str' objects>
calls=2 0
261 900

fl=C:\Users\Pedro\AppData\Local\Python\pythoncore-3.14-64\Lib\pathlib\__init__.py
fn=_from_parsed_parts
269 3100
cfl=C:\Users\Pedro\AppData\Local\Python\pythoncore-3.14-64\Lib\pathlib\__init__.py
cfn=_format_parsed_parts
calls=2 261
269 6300
cfl=C:\Users\Pedro\AppData\Local\Python\pythoncore-3.14-64\Lib\pathlib\__init__.py
cfn=_from_parsed_string
calls=2 276
269 8100

fl=C:\Users\Pedro\AppData\Local\Python\pythoncore-3.14-64\Lib\pathlib\__init__.py
fn=_from_parsed_string
276 1400
cfl=C:\Users\Pedro\AppData\Local\Python\pythoncore-3.14-64\Lib\pathlib\__init__.py
cfn=with_segments
calls=2 157
276 6700

fl=C:\Users\Pedro\AppData\Local\Python\pythoncore-3.14-64\Lib\pathlib\__init__.py
fn=_parse_path
281 3700
cfl=~
cfn=<built-in method nt._path_splitroot_ex>
calls=2 0
281 900
cfl=~
cfn=<method 'replace' of 'str' objects>
calls=2 0
281 800
cfl=~
cfn=<method 'split' of 'str' objects>
calls=2 0
281 1000
cfl=~
cfn=<method 'startswith' of 'str' objects>
calls=2 0
281 300

fl=C:\Users\Pedro\AppData\Local\Python\pythoncore-3.14-64\Lib\pathlib\__init__.py
fn=_raw_path
330 900
cfl=~
cfn=<built-in method builtins.len>
calls=2 0
330 200

fl=C:\Users\Pedro\AppData\Local\Python\pythoncore-3.14-64\Lib\pathlib\__init__.py
fn=drive
341 9700
cfl=C:\Users\Pedro\AppData\Local\Python\pythoncore-3.14-64\Lib\pathlib\__init__.py
cfn=_parse_path
calls=2 281
341 6700
cfl=C:\Users\Pedro\AppData\Local\Python\pythoncore-3.14-64\Lib\pathlib\__init__.py
cfn=_raw_path
calls=2 330
341 1100

fl=C:\Users\Pedro\AppData\Local\Python\pythoncore-3.14-64\Lib\pathlib\__init__.py
fn=root
350 400

fl=C:\Users\Pedro\AppData\Local\Python\pythoncore-3.14-64\Lib\pathlib\__init__.py
fn=_tail
359 200

fl=C:\Users\Pedro\AppData\Local\Python\pythoncore-3.14-64\Lib\pathlib\__init__.py
fn=parent
381 5300
cfl=C:\Users\Pedro\AppData\Local\Python\pythoncore-3.14-64\Lib\pathlib\__init__.py
cfn=_from_parsed_parts
calls=2 269
381 17500
cfl=C:\Users\Pedro\AppData\Local\Python\pythoncore-3.14-64\Lib\pathlib\__init__.py
cfn=drive
calls=2 341
381 17500
cfl=C:\Users\Pedro\AppData\Local\Python\pythoncore-3.14-64\Lib\pathlib\__init__.py
cfn=root
calls=2 350
381 400
cfl=C:\Users\Pedro\AppData\Local\Python\pythoncore-3.14-64\Lib\pathlib\__init__.py
cfn=_tail
calls=2 359
381 200

fl=C:\Users\Pedro\AppData\Local\Python\pythoncore-3.14-64\Lib\pathlib\__init__.py
fn=__new__
632 2200
cfl=~
cfn=<built-in method __new__ of type object at 0x00007FFF81974D90>
calls=4 0
632 1100

fl=C:\Users\Pedro\AppData\Local\Python\pythoncore-3.14-64\Lib\pathlib\__init__.py
fn=is_dir
674 1400
cfl=~
cfn=<built-in method nt._path_isdir>
calls=2 0
674 96000

fl=C:\Users\Pedro\AppData\Local\Python\pythoncore-3.14-64\Lib\queue.py
fn=empty
112 4900
cfl=C:\Users\Pedro\AppData\Local\Python\pythoncore-3.14-64\Lib\queue.py
cfn=_qsize
calls=3 266
112 1500
cfl=~
cfn=<method '__enter__' of '_thread.lock' objects>
calls=3 0
112 1300
cfl=~
cfn=<method '__exit__' of '_thread.lock' objects>
calls=3 0
112 900

fl=C:\Users\Pedro\AppData\Local\Python\pythoncore-3.14-64\Lib\queue.py
fn=_qsize
266 1000
cfl=~
cfn=<built-in method builtins.len>
calls=3 0
266 500

fl=C:\Users\Pedro\AppData\Local\Python\pythoncore-3.14-64\Lib\random.py
fn=__init__
119 5300
cfl=C:\Users\Pedro\AppData\Local\Python\pythoncore-3.14-64\Lib\random.py
cfn=seed
calls=2 128
119 23600

fl=C:\Users\Pedro\AppData\Local\Python\pythoncore-3.14-64\Lib\random.py
fn=seed
128 8700
cfl=~
cfn=<built-in method builtins.isinstance>
calls=4 0
128 1400
cfl=~
cfn=<function Random.seed at 0x0000024B1049B060>
calls=2 0
128 13500

fl=C:\Users\Pedro\AppData\Local\Python\pythoncore-3.14-64\Lib\random.py
fn=choices
460 24300
cfl=~
cfn=<built-in method builtins.len>
calls=6 0
460 700
cfl=~
cfn=<built-in method math.floor>
calls=48 0
460 3800
cfl=~
cfn=<method 'random' of '_random.Random' objects>
calls=48 0
460 5700

fl=C:\Users\Pedro\AppData\Local\Python\pythoncore-3.14-64\Lib\random.py
fn=getrandbits
901 4200
cfl=~
cfn=<built-in method from_bytes>
calls=1 0
901 500
cfl=~
cfn=<built-in method nt.urandom>
calls=1 0
901 5000

fl=C:\Users\Pedro\AppData\Local\Python\pythoncore-3.14-64\Lib\selectors.py
fn=_select
304 6100
cfl=C:\Users\Pedro\AppData\Local\Python\pythoncore-3.14-64\Lib\threading.py
cfn=__exit__
calls=1 316
304 800
cfl=~
cfn=<built-in method nt.mkdir>
calls=0 0
304 0
cfl=~
cfn=<built-in method select.select>
calls=0 0
304 0
cfl=~
cfn=<method '__exit__' of '_thread.RLock' objects>
calls=1 0
304 600

fl=C:\Users\Pedro\AppData\Local\Python\pythoncore-3.14-64\Lib\selectors.py
fn=select
310 17300
cfl=C:\Users\Pedro\AppData\Local\Python\pythoncore-3.14-64\Lib\contextlib.py
cfn=__enter__:136
calls=1 136
310 2700
cfl=C:\Users\Pedro\AppData\Local\Python\pythoncore-3.14-64\Lib\contextlib.py
cfn=helper
calls=1 303
310 6700
cfl=C:\Users\Pedro\AppData\Local\Python\pythoncore-3.14-64\Lib\logging\__init__.py
cfn=info
calls=1 1510
310 46900
cfl=C:\Users\Pedro\AppData\Local\Python\pythoncore-3.14-64\Lib\selectors.py
cfn=_select
calls=0 304
310 0
cfl=C:\Users\Pedro\AppData\Local\Python\pythoncore-3.14-64\Lib\threading.py
cfn=clear
calls=1 641
310 2100
cfl=c:\Users\Pedro\faculdade\IniciacaoCientifica\grn\.env\Lib\site-packages\decorator\__init__.py
cfn=fun
calls=0 244
310 0
cfl=c:\Users\Pedro\faculdade\IniciacaoCientifica\grn\.env\Lib\site-packages\pandas\io\parsers\readers.py
cfn=read_csv
calls=1 349
310 5575900
cfl=c:\Users\Pedro\faculdade\IniciacaoCientifica\grn\PythonCode\Modules\Handlers.py
cfn=run_path
calls=1 29
310 3800
cfl=~
cfn=<built-in method builtins.max>
calls=3 0
310 800
cfl=~
cfn=<built-in method time.time>
calls=1 0
310 300

fl=C:\Users\Pedro\AppData\Local\Python\pythoncore-3.14-64\Lib\subprocess.py
fn=__init__
199 12500

fl=C:\Users\Pedro\AppData\Local\Python\pythoncore-3.14-64\Lib\subprocess.py
fn=_optim_args_from_interpreter_flags
296 11900

fl=C:\Users\Pedro\AppData\Local\Python\pythoncore-3.14-64\Lib\subprocess.py
fn=_args_from_interpreter_flags
306 122200
cfl=C:\Users\Pedro\AppData\Local\Python\pythoncore-3.14-64\Lib\subprocess.py
cfn=_optim_args_from_interpreter_flags
calls=20 296
306 11900
cfl=~
cfn=<built-in method builtins.getattr>
calls=140 0
306 34400
cfl=~
cfn=<method 'items' of 'dict' objects>
calls=20 0
306 3700

fl=C:\Users\Pedro\AppData\Local\Python\pythoncore-3.14-64\Lib\tempfile.py
fn=_exists
76 4000
cfl=~
cfn=<built-in method nt.lstat>
calls=3 0
76 54300

fl=C:\Users\Pedro\AppData\Local\Python\pythoncore-3.14-64\Lib\tempfile.py
fn=rng
142 9900
cfl=C:\Users\Pedro\AppData\Local\Python\pythoncore-3.14-64\Lib\random.py
cfn=__init__
calls=2 119
142 28900
cfl=~
cfn=<built-in method builtins.getattr>
calls=6 0
142 1100
cfl=~
cfn=<built-in method nt.getpid>
calls=6 0
142 1100

fl=C:\Users\Pedro\AppData\Local\Python\pythoncore-3.14-64\Lib\tempfile.py
fn=__next__
153 11100
cfl=C:\Users\Pedro\AppData\Local\Python\pythoncore-3.14-64\Lib\random.py
cfn=choices
calls=6 460
153 34500
cfl=C:\Users\Pedro\AppData\Local\Python\pythoncore-3.14-64\Lib\tempfile.py
cfn=rng
calls=6 142
153 41000
cfl=~
cfn=<method 'join' of 'str' objects>
calls=6 0
153 1700

fl=C:\Users\Pedro\AppData\Local\Python\pythoncore-3.14-64\Lib\tempfile.py
fn=_get_candidate_names
230 3000
cfl=~
cfn=<method 'acquire' of '_thread.lock' objects>
calls=1 0
230 300
cfl=~
cfn=<method 'release' of '_thread.lock' objects>
calls=1 0
230 200

fl=C:\Users\Pedro\AppData\Local\Python\pythoncore-3.14-64\Lib\tempfile.py
fn=mktemp
401 11900
cfl=<frozen ntpath>
cfn=join
calls=3 99
401 9300
cfl=C:\Users\Pedro\AppData\Local\Python\pythoncore-3.14-64\Lib\tempfile.py
cfn=_exists
calls=3 76
401 58300
cfl=C:\Users\Pedro\AppData\Local\Python\pythoncore-3.14-64\Lib\tempfile.py
cfn=_get_candidate_names
calls=3 230
401 3500
cfl=~
cfn=<built-in method builtins.next>
calls=3 0
401 53900

fl=C:\Users\Pedro\AppData\Local\Python\pythoncore-3.14-64\Lib\textwrap.py
fn=dedent
416 137100
cfl=~
cfn=<built-in method builtins.max>
calls=54 0
416 9300
cfl=~
cfn=<built-in method builtins.min>
calls=54 0
416 12600
cfl=~
cfn=<method 'isspace' of 'str' objects>
calls=296 0
416 32900
cfl=~
cfn=<method 'join' of 'str' objects>
calls=54 0
416 9900
cfl=~
cfn=<method 'split' of 'str' objects>
calls=54 0
416 14500

fl=C:\Users\Pedro\AppData\Local\Python\pythoncore-3.14-64\Lib\textwrap.py
fn=indent
447 97700
cfl=C:\Users\Pedro\AppData\Local\Python\pythoncore-3.14-64\Lib\traceback.py
cfn=<lambda>:704
calls=58 704
447 4800
cfl=C:\Users\Pedro\AppData\Local\Python\pythoncore-3.14-64\Lib\traceback.py
cfn=<lambda>:998
calls=6 998
447 400
cfl=C:\Users\Pedro\AppData\Local\Python\pythoncore-3.14-64\Lib\traceback.py
cfn=<lambda>:1001
calls=100 1001
447 6300
cfl=~
cfn=<method 'append' of 'list' objects>
calls=328 0
447 28300
cfl=~
cfn=<method 'join' of 'str' objects>
calls=73 0
447 13300
cfl=~
cfn=<method 'splitlines' of 'str' objects>
calls=73 0
447 16400

fl=C:\Users\Pedro\AppData\Local\Python\pythoncore-3.14-64\Lib\threading.py
fn=RLock
126 2000

fl=C:\Users\Pedro\AppData\Local\Python\pythoncore-3.14-64\Lib\threading.py
fn=__init__:290
290 16400
cfl=~
cfn=<built-in method builtins.hasattr>
calls=12 0
290 3400

fl=C:\Users\Pedro\AppData\Local\Python\pythoncore-3.14-64\Lib\threading.py
fn=__enter__
313 9700
cfl=~
cfn=<method '__enter__' of '_thread.lock' objects>
calls=10 0
313 6000

fl=C:\Users\Pedro\AppData\Local\Python\pythoncore-3.14-64\Lib\threading.py
fn=__exit__
316 8900
cfl=~
cfn=<method '__exit__' of '_thread.lock' objects>
calls=10 0
316 2800

fl=C:\Users\Pedro\AppData\Local\Python\pythoncore-3.14-64\Lib\threading.py
fn=_release_save
322 3500
cfl=~
cfn=<method 'release' of '_thread.lock' objects>
calls=5 0
322 1100

fl=C:\Users\Pedro\AppData\Local\Python\pythoncore-3.14-64\Lib\threading.py
fn=_acquire_restore
325 4700
cfl=~
cfn=<method 'acquire' of '_thread.lock' objects>
calls=5 0
325 2700

fl=C:\Users\Pedro\AppData\Local\Python\pythoncore-3.14-64\Lib\threading.py
fn=_is_owned
328 6300
cfl=~
cfn=<method 'acquire' of '_thread.lock' objects>
calls=9 0
328 5300

fl=C:\Users\Pedro\AppData\Local\Python\pythoncore-3.14-64\Lib\threading.py
fn=wait:337
337 44400
cfl=C:\Users\Pedro\AppData\Local\Python\pythoncore-3.14-64\Lib\threading.py
cfn=_release_save
calls=5 322
337 4600
cfl=C:\Users\Pedro\AppData\Local\Python\pythoncore-3.14-64\Lib\threading.py
cfn=_is_owned
calls=5 328
337 5100
cfl=~
cfn=<built-in method _thread.allocate_lock>
calls=5 0
337 2100
cfl=~
cfn=<method '__exit__' of '_io._IOBase' objects>
calls=1 0
337 30200
cfl=~
cfn=<method 'acquire' of '_thread.lock' objects>
calls=5 0
337 100
cfl=~
cfn=<method 'append' of 'collections.deque' objects>
calls=5 0
337 2200

fl=C:\Users\Pedro\AppData\Local\Python\pythoncore-3.14-64\Lib\threading.py
fn=notify
408 20000
cfl=C:\Users\Pedro\AppData\Local\Python\pythoncore-3.14-64\Lib\threading.py
cfn=_is_owned
calls=4 328
408 6500
cfl=~
cfn=<method 'release' of '_thread.lock' objects>
calls=4 0
408 71700
cfl=~
cfn=<method 'remove' of 'collections.deque' objects>
calls=4 0
408 2100

fl=C:\Users\Pedro\AppData\Local\Python\pythoncore-3.14-64\Lib\threading.py
fn=notify_all
438 10400
cfl=C:\Users\Pedro\AppData\Local\Python\pythoncore-3.14-64\Lib\threading.py
cfn=notify
calls=4 408
438 100300
cfl=~
cfn=<built-in method builtins.len>
calls=4 0
438 2900

fl=C:\Users\Pedro\AppData\Local\Python\pythoncore-3.14-64\Lib\threading.py
fn=__init__:602
602 13200
cfl=C:\Users\Pedro\AppData\Local\Python\pythoncore-3.14-64\Lib\threading.py
cfn=__init__:290
calls=4 290
602 19800

fl=C:\Users\Pedro\AppData\Local\Python\pythoncore-3.14-64\Lib\threading.py
fn=is_set
615 3200

fl=C:\Users\Pedro\AppData\Local\Python\pythoncore-3.14-64\Lib\threading.py
fn=set
630 15500
cfl=C:\Users\Pedro\AppData\Local\Python\pythoncore-3.14-64\Lib\threading.py
cfn=__enter__
calls=4 313
630 9900
cfl=C:\Users\Pedro\AppData\Local\Python\pythoncore-3.14-64\Lib\threading.py
cfn=__exit__
calls=4 316
630 5700
cfl=C:\Users\Pedro\AppData\Local\Python\pythoncore-3.14-64\Lib\threading.py
cfn=notify_all
calls=4 438
630 113600

fl=C:\Users\Pedro\AppData\Local\Python\pythoncore-3.14-64\Lib\threading.py
fn=clear
641 1100
cfl=C:\Users\Pedro\AppData\Local\Python\pythoncore-3.14-64\Lib\threading.py
cfn=__enter__
calls=1 313
641 500
cfl=C:\Users\Pedro\AppData\Local\Python\pythoncore-3.14-64\Lib\threading.py
cfn=__exit__
calls=1 316
641 500

fl=C:\Users\Pedro\AppData\Local\Python\pythoncore-3.14-64\Lib\threading.py
fn=wait:651
651 24100
cfl=<frozen importlib._bootstrap>
cfn=_verbose_message
calls=1 494
651 400
cfl=<frozen importlib._bootstrap_external>
cfn=_classify_pyc
calls=1 424
651 7100
cfl=<frozen importlib._bootstrap_external>
cfn=_validate_timestamp_pyc
calls=1 457
651 2800
cfl=<frozen importlib._bootstrap_external>
cfn=_compile_bytecode
calls=1 509
651 188400
cfl=C:\Users\Pedro\AppData\Local\Python\pythoncore-3.14-64\Lib\multiprocessing\connection.py
cfn=send
calls=0 208
651 0
cfl=C:\Users\Pedro\AppData\Local\Python\pythoncore-3.14-64\Lib\multiprocessing\connection.py
cfn=poll
calls=0 259
651 0
cfl=C:\Users\Pedro\AppData\Local\Python\pythoncore-3.14-64\Lib\multiprocessing\pool.py
cfn=ready
calls=1 756
651 1800
cfl=C:\Users\Pedro\AppData\Local\Python\pythoncore-3.14-64\Lib\multiprocessing\process.py
cfn=exitcode
calls=1 231
651 10700
cfl=C:\Users\Pedro\AppData\Local\Python\pythoncore-3.14-64\Lib\multiprocessing\queues.py
cfn=put
calls=1 389
651 70300
cfl=C:\Users\Pedro\AppData\Local\Python\pythoncore-3.14-64\Lib\multiprocessing\util.py
cfn=debug
calls=5 49
651 1300
cfl=C:\Users\Pedro\AppData\Local\Python\pythoncore-3.14-64\Lib\threading.py
cfn=__enter__
calls=5 313
651 5300
cfl=C:\Users\Pedro\AppData\Local\Python\pythoncore-3.14-64\Lib\threading.py
cfn=wait:337
calls=0 337
651 0
cfl=C:\Users\Pedro\AppData\Local\Python\pythoncore-3.14-64\Lib\threading.py
cfn=_delete
calls=1 1088
651 4200
cfl=C:\Users\Pedro\AppData\Local\Python\pythoncore-3.14-64\Lib\threading.py
cfn=is_alive
calls=1 1177
651 13100
cfl=~
cfn=<built-in method builtins.hasattr>
calls=1 0
651 300

fl=C:\Users\Pedro\AppData\Local\Python\pythoncore-3.14-64\Lib\threading.py
fn=_newname
854 7600

fl=C:\Users\Pedro\AppData\Local\Python\pythoncore-3.14-64\Lib\threading.py
fn=__init__:880
880 37200
cfl=C:\Users\Pedro\AppData\Local\Python\pythoncore-3.14-64\Lib\_weakrefset.py
cfn=add
calls=3 45
880 8000
cfl=C:\Users\Pedro\AppData\Local\Python\pythoncore-3.14-64\Lib\threading.py
cfn=__init__:602
calls=3 602
880 24200
cfl=C:\Users\Pedro\AppData\Local\Python\pythoncore-3.14-64\Lib\threading.py
cfn=_newname
calls=3 854
880 7600
cfl=C:\Users\Pedro\AppData\Local\Python\pythoncore-3.14-64\Lib\threading.py
cfn=daemon:1188
calls=3 1188
880 2000
cfl=C:\Users\Pedro\AppData\Local\Python\pythoncore-3.14-64\Lib\threading.py
cfn=_make_invoke_excepthook
calls=3 1308
880 7700
cfl=C:\Users\Pedro\AppData\Local\Python\pythoncore-3.14-64\Lib\threading.py
cfn=current_thread
calls=3 1470
880 5100

fl=C:\Users\Pedro\AppData\Local\Python\pythoncore-3.14-64\Lib\threading.py
fn=start
975 20000
cfl=C:\Users\Pedro\AppData\Local\Python\pythoncore-3.14-64\Lib\multiprocessing\process.py
cfn=terminate
calls=20 135
975 2003300
cfl=C:\Users\Pedro\AppData\Local\Python\pythoncore-3.14-64\Lib\multiprocessing\process.py
cfn=join
calls=3 149
975 1151300
cfl=C:\Users\Pedro\AppData\Local\Python\pythoncore-3.14-64\Lib\multiprocessing\process.py
cfn=is_alive
calls=20 160
975 163600
cfl=C:\Users\Pedro\AppData\Local\Python\pythoncore-3.14-64\Lib\multiprocessing\process.py
cfn=exitcode
calls=20 231
975 831100
cfl=C:\Users\Pedro\AppData\Local\Python\pythoncore-3.14-64\Lib\multiprocessing\process.py
cfn=ident
calls=3 241
975 3600
cfl=C:\Users\Pedro\AppData\Local\Python\pythoncore-3.14-64\Lib\multiprocessing\queues.py
cfn=put
calls=2 389
975 377700
cfl=C:\Users\Pedro\AppData\Local\Python\pythoncore-3.14-64\Lib\multiprocessing\util.py
cfn=debug
calls=8 49
975 2800
cfl=C:\Users\Pedro\AppData\Local\Python\pythoncore-3.14-64\Lib\threading.py
cfn=is_set
calls=3 615
975 400
cfl=C:\Users\Pedro\AppData\Local\Python\pythoncore-3.14-64\Lib\threading.py
cfn=wait:651
calls=0 651
975 0
cfl=C:\Users\Pedro\AppData\Local\Python\pythoncore-3.14-64\Lib\threading.py
cfn=join
calls=3 1097
975 21700
cfl=C:\Users\Pedro\AppData\Local\Python\pythoncore-3.14-64\Lib\threading.py
cfn=is_alive
calls=1 1177
975 3500
cfl=C:\Users\Pedro\AppData\Local\Python\pythoncore-3.14-64\Lib\threading.py
cfn=daemon:1188
calls=3 1188
975 1000
cfl=C:\Users\Pedro\AppData\Local\Python\pythoncore-3.14-64\Lib\threading.py
cfn=current_thread
calls=3 1470
975 5100
cfl=~
cfn=<built-in method _thread.start_joinable_thread>
calls=3 0
975 140900
cfl=~
cfn=<built-in method builtins.hasattr>
calls=2 0
975 2600
cfl=~
cfn=<built-in method builtins.len>
calls=1 0
975 600
cfl=~
cfn=<method '__enter__' of '_thread.RLock' objects>
calls=3 0
975 1400
cfl=~
cfn=<method '__exit__' of '_thread.RLock' objects>
calls=3 0
975 1100

fl=C:\Users\Pedro\AppData\Local\Python\pythoncore-3.14-64\Lib\threading.py
fn=run
1013 28500
cfl=C:\Users\Pedro\AppData\Local\Python\pythoncore-3.14-64\Lib\multiprocessing\connection.py
cfn=send
calls=18 208
1013 341400
cfl=C:\Users\Pedro\AppData\Local\Python\pythoncore-3.14-64\Lib\multiprocessing\pool.py
cfn=_handle_workers
calls=0 506
1013 0
cfl=C:\Users\Pedro\AppData\Local\Python\pythoncore-3.14-64\Lib\multiprocessing\pool.py
cfn=_handle_tasks
calls=0 527
1013 0
cfl=C:\Users\Pedro\AppData\Local\Python\pythoncore-3.14-64\Lib\multiprocessing\pool.py
cfn=_handle_results
calls=0 573
1013 0
cfl=C:\Users\Pedro\AppData\Local\Python\pythoncore-3.14-64\Lib\multiprocessing\util.py
cfn=debug
calls=1 49
1013 300
cfl=C:\Users\Pedro\AppData\Local\Python\pythoncore-3.14-64\Lib\multiprocessing\util.py
cfn=__init__
calls=1 257
1013 6900
cfl=C:\Users\Pedro\AppData\Local\Python\pythoncore-3.14-64\Lib\threading.py
cfn=_acquire_restore
calls=1 325
1013 1200

fl=C:\Users\Pedro\AppData\Local\Python\pythoncore-3.14-64\Lib\threading.py
fn=_bootstrap
1030 2446400
cfl=C:\Users\Pedro\AppData\Local\Python\pythoncore-3.14-64\Lib\threading.py
cfn=__init__:880
calls=1 880
1030 27400
cfl=C:\Users\Pedro\AppData\Local\Python\pythoncore-3.14-64\Lib\threading.py
cfn=start
calls=0 975
1030 0
cfl=C:\Users\Pedro\AppData\Local\Python\pythoncore-3.14-64\Lib\threading.py
cfn=_bootstrap_inner
calls=0 1065
1030 0
cfl=C:\Users\Pedro\AppData\Local\Python\pythoncore-3.14-64\Lib\threading.py
cfn=_delete
calls=1 1088
1030 4000
cfl=C:\Users\Pedro\AppData\Local\Python\pythoncore-3.14-64\Lib\threading.py
cfn=daemon:1203
calls=1 1203
1030 1800
cfl=c:\Users\Pedro\faculdade\IniciacaoCientifica\grn\.env\Lib\site-packages\numpy\_core\_ufunc_config.py
cfn=__init__
calls=1 462
1030 400
cfl=c:\Users\Pedro\faculdade\IniciacaoCientifica\grn\.env\Lib\site-packages\numpy\_core\_ufunc_config.py
cfn=__enter__
calls=1 472
1030 10400
cfl=c:\Users\Pedro\faculdade\IniciacaoCientifica\grn\.env\Lib\site-packages\numpy\_core\_ufunc_config.py
cfn=__exit__
calls=1 488
1030 4200
cfl=c:\Users\Pedro\faculdade\IniciacaoCientifica\grn\.env\Lib\site-packages\numpy\_core\fromnumeric.py
cfn=_sum_dispatcher
calls=1 2299
1030 300
cfl=c:\Users\Pedro\faculdade\IniciacaoCientifica\grn\.env\Lib\site-packages\numpy\_core\fromnumeric.py
cfn=sum
calls=1 2304
1030 23700
cfl=c:\Users\Pedro\faculdade\IniciacaoCientifica\grn\.env\Lib\site-packages\numpy\_core\fromnumeric.py
cfn=_any_dispatcher
calls=3 2431
1030 1100
cfl=c:\Users\Pedro\faculdade\IniciacaoCientifica\grn\.env\Lib\site-packages\numpy\_core\fromnumeric.py
cfn=any
calls=3 2436
1030 50800
cfl=c:\Users\Pedro\faculdade\IniciacaoCientifica\grn\.env\Lib\site-packages\numpy\_core\fromnumeric.py
cfn=_all_dispatcher
calls=2 2543
1030 500
cfl=c:\Users\Pedro\faculdade\IniciacaoCientifica\grn\.env\Lib\site-packages\numpy\_core\fromnumeric.py
cfn=all
calls=2 2548
1030 53500
cfl=c:\Users\Pedro\faculdade\IniciacaoCientifica\grn\.env\Lib\site-packages\numpy\_core\fromnumeric.py
cfn=_size_dispatcher
calls=2 3521
1030 400
cfl=c:\Users\Pedro\faculdade\IniciacaoCientifica\grn\.env\Lib\site-packages\numpy\_core\fromnumeric.py
cfn=size
calls=2 3525
1030 57500
cfl=c:\Users\Pedro\faculdade\IniciacaoCientifica\grn\.env\Lib\site-packages\numpy\_core\numeric.py
cfn=ones
calls=1 170
1030 7100
cfl=c:\Users\Pedro\faculdade\IniciacaoCientifica\grn\.env\Lib\site-packages\numpy\_core\numeric.py
cfn=_count_nonzero_dispatcher
calls=1 479
1030 200
cfl=c:\Users\Pedro\faculdade\IniciacaoCientifica\grn\.env\Lib\site-packages\numpy\_core\numeric.py
cfn=count_nonzero
calls=1 483
1030 4600
cfl=c:\Users\Pedro\faculdade\IniciacaoCientifica\grn\.env\Lib\site-packages\scipy\_lib\_util.py
cfn=check_random_state
calls=1 393
1030 272800
cfl=c:\Users\Pedro\faculdade\IniciacaoCientifica\grn\.env\Lib\site-packages\scipy\_lib\_util.py
cfn=__init__:583
calls=1 583
1030 1000
cfl=c:\Users\Pedro\faculdade\IniciacaoCientifica\grn\.env\Lib\site-packages\scipy\optimize\_differentialevolution.py
cfn=init_population_lhs
calls=1 1032
1030 891000
cfl=~
cfn=<built-in method _winapi.WaitForMultipleObjects>
calls=0 0
1030 0
cfl=~
cfn=<built-in method builtins.hasattr>
calls=2 0
1030 2100
cfl=~
cfn=<built-in method builtins.isinstance>
calls=2 0
1030 1200
cfl=~
cfn=<built-in method builtins.max>
calls=2 0
1030 1500
cfl=~
cfn=<built-in method numpy.arange>
calls=1 0
1030 4500
cfl=~
cfn=<built-in method numpy.array>
calls=3 0
1030 14700
cfl=~
cfn=<built-in method numpy.zeros>
calls=1 0
1030 1800

fl=C:\Users\Pedro\AppData\Local\Python\pythoncore-3.14-64\Lib\threading.py
fn=_set_ident
1050 6000
cfl=~
cfn=<built-in method _thread.get_ident>
calls=3 0
1050 1600

fl=C:\Users\Pedro\AppData\Local\Python\pythoncore-3.14-64\Lib\threading.py
fn=_set_native_id
1054 5600
cfl=~
cfn=<built-in method _thread.get_native_id>
calls=3 0
1054 1300

fl=C:\Users\Pedro\AppData\Local\Python\pythoncore-3.14-64\Lib\threading.py
fn=_set_os_name
1057 5800
cfl=~
cfn=<built-in method _thread.set_name>
calls=3 0
1057 17500

fl=C:\Users\Pedro\AppData\Local\Python\pythoncore-3.14-64\Lib\threading.py
fn=_bootstrap_inner
1065 618200
cfl=C:\Users\Pedro\AppData\Local\Python\pythoncore-3.14-64\Lib\threading.py
cfn=set
calls=3 630
1065 123000
cfl=C:\Users\Pedro\AppData\Local\Python\pythoncore-3.14-64\Lib\threading.py
cfn=_set_ident
calls=3 1050
1065 7600
cfl=C:\Users\Pedro\AppData\Local\Python\pythoncore-3.14-64\Lib\threading.py
cfn=_set_native_id
calls=3 1054
1065 6900
cfl=C:\Users\Pedro\AppData\Local\Python\pythoncore-3.14-64\Lib\threading.py
cfn=_set_os_name
calls=3 1057
1065 23300
cfl=~
cfn=<method '__enter__' of '_thread.RLock' objects>
calls=3 0
1065 1800
cfl=~
cfn=<method '__exit__' of '_thread.RLock' objects>
calls=3 0
1065 1800
cfl=~
cfn=<method 'run' of '_contextvars.Context' objects>
calls=0 0
1065 0

fl=C:\Users\Pedro\AppData\Local\Python\pythoncore-3.14-64\Lib\threading.py
fn=_delete
1088 9100
cfl=~
cfn=<built-in method _thread.get_ident>
calls=3 0
1088 1300
cfl=~
cfn=<method '__enter__' of '_thread.RLock' objects>
calls=3 0
1088 1400
cfl=~
cfn=<method '__exit__' of '_thread.RLock' objects>
calls=3 0
1088 1200

fl=C:\Users\Pedro\AppData\Local\Python\pythoncore-3.14-64\Lib\threading.py
fn=join
1097 13200
cfl=C:\Users\Pedro\AppData\Local\Python\pythoncore-3.14-64\Lib\threading.py
cfn=is_set
calls=3 615
1097 500
cfl=C:\Users\Pedro\AppData\Local\Python\pythoncore-3.14-64\Lib\threading.py
cfn=current_thread
calls=3 1470
1097 2100
cfl=~
cfn=<method 'join' of '_thread._ThreadHandle' objects>
calls=3 0
1097 5900

fl=C:\Users\Pedro\AppData\Local\Python\pythoncore-3.14-64\Lib\threading.py
fn=name
1135 1700

fl=C:\Users\Pedro\AppData\Local\Python\pythoncore-3.14-64\Lib\threading.py
fn=is_alive
1177 11300
cfl=C:\Users\Pedro\AppData\Local\Python\pythoncore-3.14-64\Lib\threading.py
cfn=is_set
calls=6 615
1177 1600
cfl=~
cfn=<method 'is_done' of '_thread._ThreadHandle' objects>
calls=6 0
1177 14700

fl=C:\Users\Pedro\AppData\Local\Python\pythoncore-3.14-64\Lib\threading.py
fn=daemon:1188
1188 3000

fl=C:\Users\Pedro\AppData\Local\Python\pythoncore-3.14-64\Lib\threading.py
fn=daemon:1203
1203 6300
cfl=C:\Users\Pedro\AppData\Local\Python\pythoncore-3.14-64\Lib\threading.py
cfn=is_set
calls=3 615
1203 500
cfl=~
cfn=<built-in method _thread.daemon_threads_allowed>
calls=3 0
1203 1100

fl=C:\Users\Pedro\AppData\Local\Python\pythoncore-3.14-64\Lib\threading.py
fn=_make_invoke_excepthook
1308 7700

fl=C:\Users\Pedro\AppData\Local\Python\pythoncore-3.14-64\Lib\threading.py
fn=current_thread
1470 17800
cfl=~
cfn=<built-in method _thread.get_ident>
calls=20 0
1470 4900

fl=C:\Users\Pedro\AppData\Local\Python\pythoncore-3.14-64\Lib\tokenize.py
fn=detect_encoding
358 46100
cfl=C:\Users\Pedro\AppData\Local\Python\pythoncore-3.14-64\Lib\tokenize.py
cfn=read_or_stop
calls=9 382
358 233900
cfl=C:\Users\Pedro\AppData\Local\Python\pythoncore-3.14-64\Lib\tokenize.py
cfn=check
calls=6 388
358 8700
cfl=C:\Users\Pedro\AppData\Local\Python\pythoncore-3.14-64\Lib\tokenize.py
cfn=find_cookie
calls=9 400
358 21400
cfl=~
cfn=<method 'match' of 're.Pattern' objects>
calls=6 0
358 7200
cfl=~
cfn=<method 'startswith' of 'bytes' objects>
calls=6 0
358 3200

fl=C:\Users\Pedro\AppData\Local\Python\pythoncore-3.14-64\Lib\tokenize.py
fn=read_or_stop
382 5600
cfl=~
cfn=<method 'readline' of '_io.BufferedReader' objects>
calls=9 0
382 228300

fl=C:\Users\Pedro\AppData\Local\Python\pythoncore-3.14-64\Lib\tokenize.py
fn=check
388 5300
cfl=~
cfn=<method 'decode' of 'bytes' objects>
calls=6 0
388 3400

fl=C:\Users\Pedro\AppData\Local\Python\pythoncore-3.14-64\Lib\tokenize.py
fn=find_cookie
400 10300
cfl=~
cfn=<method 'match' of 're.Pattern' objects>
calls=9 0
400 11100

fl=C:\Users\Pedro\AppData\Local\Python\pythoncore-3.14-64\Lib\tokenize.py
fn=open
457 81100
cfl=<frozen codecs>
cfn=__init__:312
calls=6 312
457 8400
cfl=C:\Users\Pedro\AppData\Local\Python\pythoncore-3.14-64\Lib\tokenize.py
cfn=detect_encoding
calls=6 358
457 320500
cfl=~
cfn=<built-in method _io.open>
calls=6 0
457 41494900
cfl=~
cfn=<method 'seek' of '_io.BufferedReader' objects>
calls=6 0
457 2500

fl=C:\Users\Pedro\AppData\Local\Python\pythoncore-3.14-64\Lib\traceback.py
fn=_parse_value_tb
104 2800
cfl=~
cfn=<built-in method builtins.isinstance>
calls=1 0
104 300

fl=C:\Users\Pedro\AppData\Local\Python\pythoncore-3.14-64\Lib\traceback.py
fn=print_exception
119 20800
cfl=C:\Users\Pedro\AppData\Local\Python\pythoncore-3.14-64\Lib\traceback.py
cfn=_parse_value_tb
calls=1 104
119 600
cfl=C:\Users\Pedro\AppData\Local\Python\pythoncore-3.14-64\Lib\traceback.py
cfn=__init__:1044
calls=1 1044
119 37573600
cfl=C:\Users\Pedro\AppData\Local\Python\pythoncore-3.14-64\Lib\traceback.py
cfn=print
calls=1 1569
119 1258900
cfl=~
cfn=<method 'get' of 'dict' objects>
calls=1 0
119 300

fl=C:\Users\Pedro\AppData\Local\Python\pythoncore-3.14-64\Lib\traceback.py
fn=format_exception
146 11600
cfl=C:\Users\Pedro\AppData\Local\Python\pythoncore-3.14-64\Lib\traceback.py
cfn=_parse_value_tb
calls=1 104
146 2500
cfl=C:\Users\Pedro\AppData\Local\Python\pythoncore-3.14-64\Lib\traceback.py
cfn=__init__:1044
calls=1 1044
146 6012400
cfl=C:\Users\Pedro\AppData\Local\Python\pythoncore-3.14-64\Lib\traceback.py
cfn=format:1468
calls=27 1468
146 1373600
cfl=~
cfn=<method 'get' of 'dict' objects>
calls=1 0
146 300

fl=C:\Users\Pedro\AppData\Local\Python\pythoncore-3.14-64\Lib\traceback.py
fn=_format_final_exc_line
186 5400
cfl=C:\Users\Pedro\AppData\Local\Python\pythoncore-3.14-64\Lib\_colorize.py
cfn=get_theme
calls=3 322
186 300
cfl=C:\Users\Pedro\AppData\Local\Python\pythoncore-3.14-64\Lib\traceback.py
cfn=_safe_string
calls=3 200
186 800

fl=C:\Users\Pedro\AppData\Local\Python\pythoncore-3.14-64\Lib\traceback.py
fn=_safe_string
200 3800

fl=C:\Users\Pedro\AppData\Local\Python\pythoncore-3.14-64\Lib\traceback.py
fn=format_exc
212 8400
cfl=C:\Users\Pedro\AppData\Local\Python\pythoncore-3.14-64\Lib\traceback.py
cfn=format_exception
calls=1 146
212 7400400
cfl=~
cfn=<built-in method sys.exception>
calls=1 0
212 300
cfl=~
cfn=<method 'join' of 'str' objects>
calls=1 0
212 800

fl=C:\Users\Pedro\AppData\Local\Python\pythoncore-3.14-64\Lib\traceback.py
fn=__init__:295
295 9400
cfl=~
cfn=<method 'get' of 'dict' objects>
calls=27 0
295 2600

fl=C:\Users\Pedro\AppData\Local\Python\pythoncore-3.14-64\Lib\traceback.py
fn=_set_lines
344 80700
cfl=C:\Users\Pedro\AppData\Local\Python\pythoncore-3.14-64\Lib\linecache.py
cfn=getline
calls=65 22
344 42679900
cfl=~
cfn=<method 'append' of 'list' objects>
calls=65 0
344 7500
cfl=~
cfn=<method 'join' of 'str' objects>
calls=27 0
344 4700
cfl=~
cfn=<method 'rstrip' of 'str' objects>
calls=65 0
344 11600
cfl=~
cfn=<method 'startswith' of 'str' objects>
calls=2 0
344 600

fl=C:\Users\Pedro\AppData\Local\Python\pythoncore-3.14-64\Lib\traceback.py
fn=_original_lines
359 6300
cfl=C:\Users\Pedro\AppData\Local\Python\pythoncore-3.14-64\Lib\traceback.py
cfn=_set_lines
calls=27 344
359 2700

fl=C:\Users\Pedro\AppData\Local\Python\pythoncore-3.14-64\Lib\traceback.py
fn=_dedented_lines
365 35300
cfl=C:\Users\Pedro\AppData\Local\Python\pythoncore-3.14-64\Lib\textwrap.py
cfn=dedent
calls=27 416
365 119600
cfl=C:\Users\Pedro\AppData\Local\Python\pythoncore-3.14-64\Lib\traceback.py
cfn=_set_lines
calls=81 344
365 7000

fl=C:\Users\Pedro\AppData\Local\Python\pythoncore-3.14-64\Lib\traceback.py
fn=line
373 40200
cfl=C:\Users\Pedro\AppData\Local\Python\pythoncore-3.14-64\Lib\traceback.py
cfn=_set_lines
calls=54 344
373 42775300
cfl=~
cfn=<method 'partition' of 'str' objects>
calls=54 0
373 12400
cfl=~
cfn=<method 'strip' of 'str' objects>
calls=54 0
373 7400

fl=C:\Users\Pedro\AppData\Local\Python\pythoncore-3.14-64\Lib\traceback.py
fn=_walk_tb_with_full_positions
410 24500
cfl=C:\Users\Pedro\AppData\Local\Python\pythoncore-3.14-64\Lib\traceback.py
cfn=_get_code_position
calls=27 424
410 240700

fl=C:\Users\Pedro\AppData\Local\Python\pythoncore-3.14-64\Lib\traceback.py
fn=_get_code_position
424 23700
cfl=~
cfn=<built-in method builtins.next>
calls=27 0
424 210000
cfl=~
cfn=<method 'co_positions' of 'code' objects>
calls=27 0
424 7000

fl=C:\Users\Pedro\AppData\Local\Python\pythoncore-3.14-64\Lib\traceback.py
fn=_extract_from_extended_frame_gen
459 85200
cfl=C:\Users\Pedro\AppData\Local\Python\pythoncore-3.14-64\Lib\linecache.py
cfn=checkcache
calls=14 74
459 268700
cfl=C:\Users\Pedro\AppData\Local\Python\pythoncore-3.14-64\Lib\linecache.py
cfn=lazycache
calls=27 200
459 43600
cfl=C:\Users\Pedro\AppData\Local\Python\pythoncore-3.14-64\Lib\traceback.py
cfn=__init__:295
calls=27 295
459 12000
cfl=C:\Users\Pedro\AppData\Local\Python\pythoncore-3.14-64\Lib\traceback.py
cfn=line
calls=27 373
459 42811900
cfl=C:\Users\Pedro\AppData\Local\Python\pythoncore-3.14-64\Lib\traceback.py
cfn=_walk_tb_with_full_positions
calls=30 410
459 265200
cfl=~
cfn=<built-in method builtins.getattr>
calls=3 0
459 1400
cfl=~
cfn=<method 'add' of 'set' objects>
calls=27 0
459 4800
cfl=~
cfn=<method 'append' of 'list' objects>
calls=27 0
459 3800

fl=C:\Users\Pedro\AppData\Local\Python\pythoncore-3.14-64\Lib\traceback.py
fn=format_frame_summary
528 408100
cfl=C:\Users\Pedro\AppData\Local\Python\pythoncore-3.14-64\Lib\_colorize.py
cfn=get_theme
calls=27 322
528 3800
cfl=C:\Users\Pedro\AppData\Local\Python\pythoncore-3.14-64\Lib\contextlib.py
cfn=__init__:444
calls=27 444
528 3700
cfl=C:\Users\Pedro\AppData\Local\Python\pythoncore-3.14-64\Lib\contextlib.py
cfn=__enter__:447
calls=27 447
528 2300
cfl=C:\Users\Pedro\AppData\Local\Python\pythoncore-3.14-64\Lib\contextlib.py
cfn=__exit__:450
calls=27 450
528 3200
cfl=C:\Users\Pedro\AppData\Local\Python\pythoncore-3.14-64\Lib\textwrap.py
cfn=dedent
calls=27 416
528 96700
cfl=C:\Users\Pedro\AppData\Local\Python\pythoncore-3.14-64\Lib\textwrap.py
cfn=indent
calls=27 447
528 64700
cfl=C:\Users\Pedro\AppData\Local\Python\pythoncore-3.14-64\Lib\traceback.py
cfn=_original_lines
calls=27 359
528 9000
cfl=C:\Users\Pedro\AppData\Local\Python\pythoncore-3.14-64\Lib\traceback.py
cfn=_dedented_lines
calls=81 365
528 161900
cfl=C:\Users\Pedro\AppData\Local\Python\pythoncore-3.14-64\Lib\traceback.py
cfn=output_line
calls=38 640
528 215900
cfl=C:\Users\Pedro\AppData\Local\Python\pythoncore-3.14-64\Lib\traceback.py
cfn=_should_show_carets
calls=27 712
528 394600
cfl=C:\Users\Pedro\AppData\Local\Python\pythoncore-3.14-64\Lib\traceback.py
cfn=_byte_offset_to_character_offset
calls=54 794
528 54700
cfl=C:\Users\Pedro\AppData\Local\Python\pythoncore-3.14-64\Lib\traceback.py
cfn=_extract_caret_anchors_from_line_segment
calls=27 812
528 721200
cfl=C:\Users\Pedro\AppData\Local\Python\pythoncore-3.14-64\Lib\traceback.py
cfn=_display_width
calls=100 960
528 31700
cfl=~
cfn=<built-in method builtins.len>
calls=162 0
528 12600
cfl=~
cfn=<built-in method builtins.max>
calls=54 0
528 7000
cfl=~
cfn=<built-in method builtins.sorted>
calls=27 0
528 8500
cfl=~
cfn=<method 'append' of 'list' objects>
calls=57 0
528 13300
cfl=~
cfn=<method 'discard' of 'set' objects>
calls=54 0
528 8500
cfl=~
cfn=<method 'format' of 'str' objects>
calls=27 0
528 19200
cfl=~
cfn=<method 'get' of 'dict' objects>
calls=27 0
528 3200
cfl=~
cfn=<method 'join' of 'str' objects>
calls=81 0
528 13400
cfl=~
cfn=<method 'splitlines' of 'str' objects>
calls=54 0
528 13200
cfl=~
cfn=<method 'startswith' of 'str' objects>
calls=27 0
528 3700
cfl=~
cfn=<method 'strip' of 'str' objects>
calls=27 0
528 8700
cfl=~
cfn=<method 'update' of 'set' objects>
calls=46 0
528 10400

fl=C:\Users\Pedro\AppData\Local\Python\pythoncore-3.14-64\Lib\traceback.py
fn=output_line
640 150600
cfl=C:\Users\Pedro\AppData\Local\Python\pythoncore-3.14-64\Lib\traceback.py
cfn=_display_width
calls=2 960
640 1200
cfl=~
cfn=<built-in method builtins.len>
calls=51 0
640 3800
cfl=~
cfn=<method 'append' of 'list' objects>
calls=664 0
640 53000
cfl=~
cfn=<method 'join' of 'str' objects>
calls=17 0
640 4400
cfl=~
cfn=<method 'lstrip' of 'str' objects>
calls=17 0
640 2900

fl=C:\Users\Pedro\AppData\Local\Python\pythoncore-3.14-64\Lib\traceback.py
fn=<lambda>:704
704 4800

fl=C:\Users\Pedro\AppData\Local\Python\pythoncore-3.14-64\Lib\traceback.py
fn=_should_show_carets
712 81200
cfl=C:\Users\Pedro\AppData\Local\Python\pythoncore-3.14-64\Lib\ast.py
cfn=parse
calls=27 26
712 289400
cfl=C:\Users\Pedro\AppData\Local\Python\pythoncore-3.14-64\Lib\contextlib.py
cfn=__init__:444
calls=27 444
712 3100
cfl=C:\Users\Pedro\AppData\Local\Python\pythoncore-3.14-64\Lib\contextlib.py
cfn=__enter__:447
calls=27 447
712 2200
cfl=C:\Users\Pedro\AppData\Local\Python\pythoncore-3.14-64\Lib\contextlib.py
cfn=__exit__:450
calls=27 450
712 4200
cfl=C:\Users\Pedro\AppData\Local\Python\pythoncore-3.14-64\Lib\traceback.py
cfn=_spawns_full_line
calls=9 720
712 5800
cfl=~
cfn=<built-in method builtins.isinstance>
calls=13 0
712 2100
cfl=~
cfn=<built-in method builtins.len>
calls=7 0
712 900
cfl=~
cfn=<method 'join' of 'str' objects>
calls=27 0
712 4500
cfl=~
cfn=<method 'lstrip' of 'str' objects>
calls=4 0
712 700
cfl=~
cfn=<method 'rstrip' of 'str' objects>
calls=3 0
712 500

fl=C:\Users\Pedro\AppData\Local\Python\pythoncore-3.14-64\Lib\traceback.py
fn=_spawns_full_line
720 5000
cfl=~
cfn=<built-in method builtins.len>
calls=9 0
720 800

fl=C:\Users\Pedro\AppData\Local\Python\pythoncore-3.14-64\Lib\traceback.py
fn=format:745
745 51600
cfl=C:\Users\Pedro\AppData\Local\Python\pythoncore-3.14-64\Lib\traceback.py
cfn=format_frame_summary
calls=27 528
745 2293200
cfl=~
cfn=<method 'append' of 'list' objects>
calls=27 0
745 2800
cfl=~
cfn=<method 'get' of 'dict' objects>
calls=3 0
745 300

fl=C:\Users\Pedro\AppData\Local\Python\pythoncore-3.14-64\Lib\traceback.py
fn=_byte_offset_to_character_offset
794 63700
cfl=~
cfn=<built-in method builtins.len>
calls=100 0
794 7100
cfl=~
cfn=<method 'decode' of 'bytes' objects>
calls=100 0
794 16500
cfl=~
cfn=<method 'encode' of 'str' objects>
calls=100 0
794 18500

fl=C:\Users\Pedro\AppData\Local\Python\pythoncore-3.14-64\Lib\traceback.py
fn=_extract_caret_anchors_from_line_segment
812 106600
cfl=<string>
cfn=<lambda>:1
calls=23 1
812 15300
cfl=C:\Users\Pedro\AppData\Local\Python\pythoncore-3.14-64\Lib\ast.py
cfn=parse
calls=27 26
812 469100
cfl=C:\Users\Pedro\AppData\Local\Python\pythoncore-3.14-64\Lib\traceback.py
cfn=increment_until
calls=23 878
812 11900
cfl=C:\Users\Pedro\AppData\Local\Python\pythoncore-3.14-64\Lib\traceback.py
cfn=setup_positions
calls=46 890
812 110400
cfl=~
cfn=<built-in method builtins.len>
calls=24 0
812 2200
cfl=~
cfn=<method 'splitlines' of 'str' objects>
calls=24 0
812 5700

fl=C:\Users\Pedro\AppData\Local\Python\pythoncore-3.14-64\Lib\traceback.py
fn=normalize
851 14000
cfl=C:\Users\Pedro\AppData\Local\Python\pythoncore-3.14-64\Lib\traceback.py
cfn=_byte_offset_to_character_offset
calls=46 794
851 51100

fl=C:\Users\Pedro\AppData\Local\Python\pythoncore-3.14-64\Lib\traceback.py
fn=next_valid_char
855 13800
cfl=~
cfn=<built-in method builtins.len>
calls=92 0
855 6600

fl=C:\Users\Pedro\AppData\Local\Python\pythoncore-3.14-64\Lib\traceback.py
fn=increment_until
878 9100
cfl=C:\Users\Pedro\AppData\Local\Python\pythoncore-3.14-64\Lib\traceback.py
cfn=<lambda>:951
calls=23 951
878 2800

fl=C:\Users\Pedro\AppData\Local\Python\pythoncore-3.14-64\Lib\traceback.py
fn=setup_positions
890 24900
cfl=C:\Users\Pedro\AppData\Local\Python\pythoncore-3.14-64\Lib\traceback.py
cfn=normalize
calls=46 851
890 65100
cfl=C:\Users\Pedro\AppData\Local\Python\pythoncore-3.14-64\Lib\traceback.py
cfn=next_valid_char
calls=23 855
890 20400

fl=C:\Users\Pedro\AppData\Local\Python\pythoncore-3.14-64\Lib\traceback.py
fn=<lambda>:951
951 2800

fl=C:\Users\Pedro\AppData\Local\Python\pythoncore-3.14-64\Lib\traceback.py
fn=_display_width
960 21900
cfl=~
cfn=<built-in method builtins.len>
calls=2 0
960 100
cfl=~
cfn=<method 'isascii' of 'str' objects>
calls=102 0
960 10900

fl=C:\Users\Pedro\AppData\Local\Python\pythoncore-3.14-64\Lib\traceback.py
fn=__init__:982
982 2800

fl=C:\Users\Pedro\AppData\Local\Python\pythoncore-3.14-64\Lib\traceback.py
fn=indent
987 3000

fl=C:\Users\Pedro\AppData\Local\Python\pythoncore-3.14-64\Lib\traceback.py
fn=emit
990 37700
cfl=C:\Users\Pedro\AppData\Local\Python\pythoncore-3.14-64\Lib\textwrap.py
cfn=indent
calls=46 447
990 102500
cfl=C:\Users\Pedro\AppData\Local\Python\pythoncore-3.14-64\Lib\traceback.py
cfn=indent
calls=10 987
990 3000
cfl=C:\Users\Pedro\AppData\Local\Python\pythoncore-3.14-64\Lib\traceback.py
cfn=format_exception_only
calls=18 1226
990 72300
cfl=~
cfn=<built-in method builtins.isinstance>
calls=10 0
990 2100

fl=C:\Users\Pedro\AppData\Local\Python\pythoncore-3.14-64\Lib\traceback.py
fn=<lambda>:998
998 400

fl=C:\Users\Pedro\AppData\Local\Python\pythoncore-3.14-64\Lib\traceback.py
fn=<lambda>:1001
1001 6300

fl=C:\Users\Pedro\AppData\Local\Python\pythoncore-3.14-64\Lib\traceback.py
fn=__init__:1044
1044 49800
cfl=C:\Users\Pedro\AppData\Local\Python\pythoncore-3.14-64\Lib\traceback.py
cfn=_safe_string
calls=3 200
1044 1200
cfl=C:\Users\Pedro\AppData\Local\Python\pythoncore-3.14-64\Lib\traceback.py
cfn=_extract_from_extended_frame_gen
calls=3 459
1044 43496600
cfl=C:\Users\Pedro\AppData\Local\Python\pythoncore-3.14-64\Lib\traceback.py
cfn=__init__:1044
calls=1 1044
1044 368700
cfl=C:\Users\Pedro\AppData\Local\Python\pythoncore-3.14-64\Lib\traceback.py
cfn=_load_lines
calls=3 1213
1044 30300
cfl=~
cfn=<built-in method builtins.getattr>
calls=4 0
1044 2200
cfl=~
cfn=<built-in method builtins.id>
calls=4 0
1044 1000
cfl=~
cfn=<built-in method builtins.isinstance>
calls=3 0
1044 1600
cfl=~
cfn=<built-in method builtins.issubclass>
calls=9 0
1044 1600
cfl=~
cfn=<method 'add' of 'set' objects>
calls=3 0
1044 800
cfl=~
cfn=<method 'append' of 'list' objects>
calls=1 0
1044 100
cfl=~
cfn=<method 'pop' of 'list' objects>
calls=3 0
1044 800

fl=C:\Users\Pedro\AppData\Local\Python\pythoncore-3.14-64\Lib\traceback.py
fn=exc_type_str
1201 2400
cfl=~
cfn=<built-in method builtins.isinstance>
calls=2 0
1201 300

fl=C:\Users\Pedro\AppData\Local\Python\pythoncore-3.14-64\Lib\traceback.py
fn=_load_lines
1213 6900
cfl=C:\Users\Pedro\AppData\Local\Python\pythoncore-3.14-64\Lib\traceback.py
cfn=line
calls=27 373
1213 23400

fl=C:\Users\Pedro\AppData\Local\Python\pythoncore-3.14-64\Lib\traceback.py
fn=format_exception_only
1226 21600
cfl=C:\Users\Pedro\AppData\Local\Python\pythoncore-3.14-64\Lib\traceback.py
cfn=_format_final_exc_line
calls=3 186
1226 6500
cfl=C:\Users\Pedro\AppData\Local\Python\pythoncore-3.14-64\Lib\traceback.py
cfn=_safe_string
calls=12 200
1226 1800
cfl=C:\Users\Pedro\AppData\Local\Python\pythoncore-3.14-64\Lib\traceback.py
cfn=exc_type_str
calls=3 1201
1226 2700
cfl=~
cfn=<built-in method builtins.isinstance>
calls=5 0
1226 37500
cfl=~
cfn=<method 'get' of 'dict' objects>
calls=3 0
1226 400
cfl=~
cfn=<method 'split' of 'str' objects>
calls=12 0
1226 1800

fl=C:\Users\Pedro\AppData\Local\Python\pythoncore-3.14-64\Lib\traceback.py
fn=format:1468
1468 34200
cfl=C:\Users\Pedro\AppData\Local\Python\pythoncore-3.14-64\Lib\traceback.py
cfn=format:745
calls=3 745
1468 2347900
cfl=C:\Users\Pedro\AppData\Local\Python\pythoncore-3.14-64\Lib\traceback.py
cfn=__init__:982
calls=2 982
1468 2800
cfl=C:\Users\Pedro\AppData\Local\Python\pythoncore-3.14-64\Lib\traceback.py
cfn=emit
calls=56 990
1468 217600
cfl=~
cfn=<method 'append' of 'list' objects>
calls=3 0
1468 300
cfl=~
cfn=<method 'get' of 'dict' objects>
calls=2 0
1468 200

fl=C:\Users\Pedro\AppData\Local\Python\pythoncore-3.14-64\Lib\traceback.py
fn=print
1569 20200
cfl=C:\Users\Pedro\AppData\Local\Python\pythoncore-3.14-64\Lib\traceback.py
cfn=format:1468
calls=21 1468
1569 1229400
cfl=~
cfn=<built-in method builtins.print>
calls=20 0
1569 9000
cfl=~
cfn=<method 'get' of 'dict' objects>
calls=1 0
1569 300

fl=C:\Users\Pedro\AppData\Local\Python\pythoncore-3.14-64\Lib\typing.py
fn=_type_convert
175 2100
cfl=~
cfn=<built-in method builtins.isinstance>
calls=6 0
175 1300

fl=C:\Users\Pedro\AppData\Local\Python\pythoncore-3.14-64\Lib\typing.py
fn=_type_check
184 22500
cfl=C:\Users\Pedro\AppData\Local\Python\pythoncore-3.14-64\Lib\typing.py
cfn=_type_convert
calls=6 175
184 3400
cfl=C:\Users\Pedro\AppData\Local\Python\pythoncore-3.14-64\Lib\typing.py
cfn=__eq__
calls=48 1355
184 16000
cfl=~
cfn=<built-in method builtins.isinstance>
calls=12 0
184 1000

fl=C:\Users\Pedro\AppData\Local\Python\pythoncore-3.14-64\Lib\typing.py
fn=inner
396 7200

fl=C:\Users\Pedro\AppData\Local\Python\pythoncore-3.14-64\Lib\typing.py
fn=__instancecheck__
1292 2700
cfl=C:\Users\Pedro\AppData\Local\Python\pythoncore-3.14-64\Lib\typing.py
cfn=__subclasscheck__
calls=3 1583
1292 10900

fl=C:\Users\Pedro\AppData\Local\Python\pythoncore-3.14-64\Lib\typing.py
fn=__eq__
1355 9700
cfl=~
cfn=<built-in method builtins.isinstance>
calls=48 0
1355 6300

fl=C:\Users\Pedro\AppData\Local\Python\pythoncore-3.14-64\Lib\typing.py
fn=__hash__
1361 4900
cfl=~
cfn=<built-in method builtins.hash>
calls=18 0
1361 2600

fl=C:\Users\Pedro\AppData\Local\Python\pythoncore-3.14-64\Lib\typing.py
fn=__subclasscheck__
1583 2700
cfl=~
cfn=<built-in method builtins.isinstance>
calls=6 0
1583 800
cfl=~
cfn=<built-in method builtins.issubclass>
calls=3 0
1583 7400

fl=C:\Users\Pedro\AppData\Local\Python\pythoncore-3.14-64\Lib\typing.py
fn=cast
2300 7400

fl=C:\Users\Pedro\AppData\Local\Python\pythoncore-3.14-64\Lib\typing.py
fn=__getattr__
3827 2400

fl=C:\Users\Pedro\AppData\Local\Python\pythoncore-3.14-64\Lib\urllib\parse.py
fn=_noop
108 300

fl=C:\Users\Pedro\AppData\Local\Python\pythoncore-3.14-64\Lib\urllib\parse.py
fn=_coerce_args
119 3700
cfl=~
cfn=<built-in method builtins.isinstance>
calls=3 0
119 100

fl=C:\Users\Pedro\AppData\Local\Python\pythoncore-3.14-64\Lib\urllib\parse.py
fn=urlparse
374 12600
cfl=<string>
cfn=<lambda>:1
calls=3 1
374 3200
cfl=C:\Users\Pedro\AppData\Local\Python\pythoncore-3.14-64\Lib\urllib\parse.py
cfn=_noop
calls=3 108
374 300
cfl=C:\Users\Pedro\AppData\Local\Python\pythoncore-3.14-64\Lib\urllib\parse.py
cfn=_coerce_args
calls=3 119
374 3800
cfl=C:\Users\Pedro\AppData\Local\Python\pythoncore-3.14-64\Lib\urllib\parse.py
cfn=_urlparse
calls=3 399
374 23300

fl=C:\Users\Pedro\AppData\Local\Python\pythoncore-3.14-64\Lib\urllib\parse.py
fn=_urlparse
399 5900
cfl=C:\Users\Pedro\AppData\Local\Python\pythoncore-3.14-64\Lib\urllib\parse.py
cfn=_urlsplit
calls=3 499
399 17400

fl=C:\Users\Pedro\AppData\Local\Python\pythoncore-3.14-64\Lib\urllib\parse.py
fn=_checknetloc
424 800

fl=C:\Users\Pedro\AppData\Local\Python\pythoncore-3.14-64\Lib\urllib\parse.py
fn=_urlsplit
499 12000
cfl=C:\Users\Pedro\AppData\Local\Python\pythoncore-3.14-64\Lib\urllib\parse.py
cfn=_checknetloc
calls=3 424
499 800
cfl=~
cfn=<method 'find' of 'str' objects>
calls=3 0
499 700
cfl=~
cfn=<method 'lstrip' of 'str' objects>
calls=3 0
499 800
cfl=~
cfn=<method 'replace' of 'str' objects>
calls=18 0
499 2400
cfl=~
cfn=<method 'strip' of 'str' objects>
calls=3 0
499 700

fl=C:\Users\Pedro\AppData\Local\Python\pythoncore-3.14-64\Lib\warnings.py
fn=__enter__
80 10400
cfl=~
cfn=<built-in method _warnings._acquire_lock>
calls=36 0
80 3700

fl=C:\Users\Pedro\AppData\Local\Python\pythoncore-3.14-64\Lib\warnings.py
fn=__exit__
84 8500
cfl=~
cfn=<built-in method _warnings._release_lock>
calls=36 0
84 3600

fl=C:\Users\Pedro\AppData\Local\Python\pythoncore-3.14-64\Lib\weakref.py
fn=__init__
104 3500
cfl=C:\Users\Pedro\AppData\Local\Python\pythoncore-3.14-64\Lib\weakref.py
cfn=update
calls=1 235
104 3200

fl=C:\Users\Pedro\AppData\Local\Python\pythoncore-3.14-64\Lib\weakref.py
fn=update
235 2100
cfl=~
cfn=<built-in method builtins.hasattr>
calls=1 0
235 500
cfl=~
cfn=<method 'items' of 'dict' objects>
calls=2 0
235 600

fl=c:\Users\Pedro\faculdade\IniciacaoCientifica\grn\.env\Lib\site-packages\IPython\core\displayhook.py
fn=is_active
118 700

fl=c:\Users\Pedro\faculdade\IniciacaoCientifica\grn\.env\Lib\site-packages\IPython\core\displaypub.py
fn=is_publishing
172 600

fl=c:\Users\Pedro\faculdade\IniciacaoCientifica\grn\.env\Lib\site-packages\IPython\core\history.py
fn=only_when_enabled
100 5700
cfl=C:\Users\Pedro\AppData\Local\Python\pythoncore-3.14-64\Lib\logging\__init__.py
cfn=info
calls=1 1510
100 380500
cfl=C:\Users\Pedro\AppData\Local\Python\pythoncore-3.14-64\Lib\logging\__init__.py
cfn=error
calls=1 1539
100 108600
cfl=C:\Users\Pedro\AppData\Local\Python\pythoncore-3.14-64\Lib\traceback.py
cfn=format_exc
calls=1 212
100 7409900
cfl=c:\Users\Pedro\faculdade\IniciacaoCientifica\grn\.env\Lib\site-packages\IPython\core\history.py
cfn=writeout_cache
calls=0 1055
100 0
cfl=c:\Users\Pedro\faculdade\IniciacaoCientifica\grn\.env\Lib\site-packages\traitlets\traitlets.py
cfn=__get__
calls=1 695
100 2700
cfl=c:\Users\Pedro\faculdade\IniciacaoCientifica\grn\PythonCode\Modules\Handlers.py
cfn=run_serial
calls=0 48
100 0
cfl=~
cfn=<built-in method builtins.print>
calls=1 0
100 93300
cfl=~
cfn=<built-in method time.time>
calls=1 0
100 600

fl=c:\Users\Pedro\faculdade\IniciacaoCientifica\grn\.env\Lib\site-packages\IPython\core\history.py
fn=_writeout_input_cache
1039 5400
cfl=c:\Users\Pedro\faculdade\IniciacaoCientifica\grn\.env\Lib\site-packages\traitlets\traitlets.py
cfn=__get__
calls=2 695
1039 1200
cfl=~
cfn=<method '__enter__' of 'sqlite3.Connection' objects>
calls=1 0
1039 400
cfl=~
cfn=<method 'execute' of 'sqlite3.Connection' objects>
calls=0 0
1039 0

fl=c:\Users\Pedro\faculdade\IniciacaoCientifica\grn\.env\Lib\site-packages\IPython\core\history.py
fn=_writeout_output_cache
1047 1800
cfl=c:\Users\Pedro\faculdade\IniciacaoCientifica\grn\.env\Lib\site-packages\traitlets\traitlets.py
cfn=__get__
calls=1 695
1047 1400
cfl=~
cfn=<method '__enter__' of 'sqlite3.Connection' objects>
calls=1 0
1047 100
cfl=~
cfn=<method '__exit__' of 'sqlite3.Connection' objects>
calls=1 0
1047 400

fl=c:\Users\Pedro\faculdade\IniciacaoCientifica\grn\.env\Lib\site-packages\IPython\core\history.py
fn=writeout_cache
1055 11500
cfl=<frozen ntpath>
cfn=join
calls=1 99
1055 1700
cfl=C:\Users\Pedro\AppData\Local\Python\pythoncore-3.14-64\Lib\logging\__init__.py
cfn=__init__:601
calls=1 601
1055 9800
cfl=C:\Users\Pedro\AppData\Local\Python\pythoncore-3.14-64\Lib\logging\__init__.py
cfn=setFormatter
calls=1 1030
1055 200
cfl=C:\Users\Pedro\AppData\Local\Python\pythoncore-3.14-64\Lib\logging\__init__.py
cfn=__init__:1194
calls=1 1194
1055 221100
cfl=C:\Users\Pedro\AppData\Local\Python\pythoncore-3.14-64\Lib\logging\__init__.py
cfn=setLevel
calls=1 1491
1055 33500
cfl=C:\Users\Pedro\AppData\Local\Python\pythoncore-3.14-64\Lib\logging\__init__.py
cfn=addHandler
calls=1 1683
1055 1300
cfl=C:\Users\Pedro\AppData\Local\Python\pythoncore-3.14-64\Lib\logging\__init__.py
cfn=getLogger:2130
calls=1 2130
1055 20800
cfl=c:\Users\Pedro\faculdade\IniciacaoCientifica\grn\.env\Lib\site-packages\IPython\core\history.py
cfn=_writeout_input_cache
calls=0 1039
1055 0
cfl=c:\Users\Pedro\faculdade\IniciacaoCientifica\grn\PythonCode\Modules\Handlers.py
cfn=run_path
calls=1 29
1055 5000
cfl=~
cfn=<method '__enter__' of '_thread.lock' objects>
calls=1 0
1055 200

fl=c:\Users\Pedro\faculdade\IniciacaoCientifica\grn\.env\Lib\site-packages\IPython\core\history.py
fn=hold
1100 600

fl=c:\Users\Pedro\faculdade\IniciacaoCientifica\grn\.env\Lib\site-packages\IPython\core\interactiveshell.py
fn=write
3098 34700
cfl=<string>
cfn=__init__:2
calls=2 2
3098 300
cfl=C:\Users\Pedro\AppData\Local\Python\pythoncore-3.14-64\Lib\asyncio\base_events.py
cfn=_run_once
calls=0 1966
3098 0
cfl=c:\Users\Pedro\faculdade\IniciacaoCientifica\grn\.env\Lib\site-packages\IPython\core\displayhook.py
cfn=is_active
calls=7 118
3098 700
cfl=c:\Users\Pedro\faculdade\IniciacaoCientifica\grn\.env\Lib\site-packages\IPython\core\displaypub.py
cfn=is_publishing
calls=7 172
3098 600
cfl=c:\Users\Pedro\faculdade\IniciacaoCientifica\grn\.env\Lib\site-packages\ipykernel\iostream.py
cfn=write
calls=7 721
3098 108300
cfl=c:\Users\Pedro\faculdade\IniciacaoCientifica\grn\.env\Lib\site-packages\traitlets\traitlets.py
cfn=__get__
calls=7 695
3098 5300
cfl=~
cfn=<built-in method builtins.any>
calls=7 0
3098 1900
cfl=~
cfn=<method 'append' of 'list' objects>
calls=9 0
3098 1700

fl=c:\Users\Pedro\faculdade\IniciacaoCientifica\grn\.env\Lib\site-packages\dateutil\tz\tz.py
fn=utcoffset
74 200

fl=c:\Users\Pedro\faculdade\IniciacaoCientifica\grn\.env\Lib\site-packages\decorator\__init__.py
fn=fix
213 6800
cfl=C:\Users\Pedro\AppData\Local\Python\pythoncore-3.14-64\Lib\inspect.py
cfn=args
calls=1 2839
213 2900
cfl=C:\Users\Pedro\AppData\Local\Python\pythoncore-3.14-64\Lib\inspect.py
cfn=kwargs
calls=1 2862
213 1500
cfl=C:\Users\Pedro\AppData\Local\Python\pythoncore-3.14-64\Lib\inspect.py
cfn=apply_defaults
calls=1 2892
213 5200
cfl=C:\Users\Pedro\AppData\Local\Python\pythoncore-3.14-64\Lib\inspect.py
cfn=bind
calls=1 3230
213 23200

fl=c:\Users\Pedro\faculdade\IniciacaoCientifica\grn\.env\Lib\site-packages\decorator\__init__.py
fn=fun
244 3300
cfl=c:\Users\Pedro\faculdade\IniciacaoCientifica\grn\.env\Lib\site-packages\IPython\core\history.py
cfn=only_when_enabled
calls=0 100
244 0
cfl=c:\Users\Pedro\faculdade\IniciacaoCientifica\grn\.env\Lib\site-packages\decorator\__init__.py
cfn=fix
calls=1 213
244 39600
cfl=c:\Users\Pedro\faculdade\IniciacaoCientifica\grn\PythonCode\Modules\Handlers.py
cfn=save_results
calls=2 132
244 4631300
cfl=~
cfn=<method 'append' of 'list' objects>
calls=1 0
244 200

fl=c:\Users\Pedro\faculdade\IniciacaoCientifica\grn\.env\Lib\site-packages\ipykernel\iostream.py
fn=_event_pipe
210 1600

fl=c:\Users\Pedro\faculdade\IniciacaoCientifica\grn\.env\Lib\site-packages\ipykernel\iostream.py
fn=_handle_event
229 5100
cfl=c:\Users\Pedro\faculdade\IniciacaoCientifica\grn\.env\Lib\site-packages\ipykernel\iostream.py
cfn=_schedule_in_thread
calls=2 653
229 56900
cfl=~
cfn=<built-in method builtins.len>
calls=3 0
229 600
cfl=~
cfn=<method 'popleft' of 'collections.deque' objects>
calls=2 0
229 400

fl=c:\Users\Pedro\faculdade\IniciacaoCientifica\grn\.env\Lib\site-packages\ipykernel\iostream.py
fn=schedule
331 7300
cfl=C:\Users\Pedro\AppData\Local\Python\pythoncore-3.14-64\Lib\threading.py
cfn=is_alive
calls=2 1177
331 4300
cfl=c:\Users\Pedro\faculdade\IniciacaoCientifica\grn\.env\Lib\site-packages\ipykernel\iostream.py
cfn=_event_pipe
calls=2 210
331 1600
cfl=c:\Users\Pedro\faculdade\IniciacaoCientifica\grn\.env\Lib\site-packages\zmq\sugar\socket.py
cfn=send
calls=1 623
331 29500
cfl=~
cfn=<method 'append' of 'collections.deque' objects>
calls=2 0
331 300

fl=c:\Users\Pedro\faculdade\IniciacaoCientifica\grn\.env\Lib\site-packages\ipykernel\iostream.py
fn=parent_header
581 3200
cfl=~
cfn=<method 'get' of '_contextvars.ContextVar' objects>
calls=7 0
581 1100

fl=c:\Users\Pedro\faculdade\IniciacaoCientifica\grn\.env\Lib\site-packages\ipykernel\iostream.py
fn=_is_master_process
616 6900
cfl=~
cfn=<built-in method nt.getpid>
calls=7 0
616 2500

fl=c:\Users\Pedro\faculdade\IniciacaoCientifica\grn\.env\Lib\site-packages\ipykernel\iostream.py
fn=_schedule_flush
643 3300
cfl=c:\Users\Pedro\faculdade\IniciacaoCientifica\grn\.env\Lib\site-packages\ipykernel\iostream.py
cfn=schedule
calls=1 331
643 40000
cfl=~
cfn=<method 'append' of 'list' objects>
calls=1 0
643 300
cfl=~
cfn=<method 'get' of 'dict' objects>
calls=1 0
643 300

fl=c:\Users\Pedro\faculdade\IniciacaoCientifica\grn\.env\Lib\site-packages\ipykernel\iostream.py
fn=_schedule_in_thread
653 4100
cfl=c:\Users\Pedro\faculdade\IniciacaoCientifica\grn\.env\Lib\site-packages\tornado\ioloop.py
cfn=call_later
calls=2 604
653 52800

fl=c:\Users\Pedro\faculdade\IniciacaoCientifica\grn\.env\Lib\site-packages\ipykernel\iostream.py
fn=write
721 35100
cfl=C:\Users\Pedro\AppData\Local\Python\pythoncore-3.14-64\Lib\asyncio\base_events.py
cfn=time
calls=1 766
721 700
cfl=C:\Users\Pedro\AppData\Local\Python\pythoncore-3.14-64\Lib\asyncio\events.py
cfn=_run
calls=1 92
721 98000
cfl=C:\Users\Pedro\AppData\Local\Python\pythoncore-3.14-64\Lib\asyncio\selector_events.py
cfn=_process_events
calls=1 744
721 2100
cfl=c:\Users\Pedro\faculdade\IniciacaoCientifica\grn\.env\Lib\site-packages\dateutil\tz\tz.py
cfn=utcoffset
calls=1 74
721 200
cfl=c:\Users\Pedro\faculdade\IniciacaoCientifica\grn\.env\Lib\site-packages\ipykernel\iostream.py
cfn=parent_header
calls=7 581
721 4300
cfl=c:\Users\Pedro\faculdade\IniciacaoCientifica\grn\.env\Lib\site-packages\ipykernel\iostream.py
cfn=_is_master_process
calls=7 616
721 9400
cfl=c:\Users\Pedro\faculdade\IniciacaoCientifica\grn\.env\Lib\site-packages\ipykernel\iostream.py
cfn=_schedule_flush
calls=6 643
721 42400
cfl=~
cfn=<built-in method builtins.isinstance>
calls=7 0
721 600
cfl=~
cfn=<built-in method builtins.len>
calls=7 0
721 1200
cfl=~
cfn=<method '__enter__' of '_thread.RLock' objects>
calls=7 0
721 1500
cfl=~
cfn=<method '__exit__' of '_thread.RLock' objects>
calls=7 0
721 1000
cfl=~
cfn=<method 'items' of 'dict' objects>
calls=7 0
721 1200
cfl=~
cfn=<method 'popleft' of 'collections.deque' objects>
calls=1 0
721 200
cfl=~
cfn=<method 'write' of '_io.StringIO' objects>
calls=7 0
721 2400

fl=c:\Users\Pedro\faculdade\IniciacaoCientifica\grn\.env\Lib\site-packages\numpy\_core\_asarray.py
fn=require
22 13300
cfl=~
cfn=<built-in method numpy.array>
calls=6 0
22 6500
cfl=~
cfn=<method 'upper' of 'str' objects>
calls=6 0
22 1100

fl=c:\Users\Pedro\faculdade\IniciacaoCientifica\grn\.env\Lib\site-packages\numpy\_core\_internal.py
fn=npy_ctypes_check
946 7700

fl=c:\Users\Pedro\faculdade\IniciacaoCientifica\grn\.env\Lib\site-packages\numpy\_core\_methods.py
fn=_any
55 1200
cfl=~
cfn=<method 'reduce' of 'numpy.ufunc' objects>
calls=2 0
55 6200

fl=c:\Users\Pedro\faculdade\IniciacaoCientifica\grn\.env\Lib\site-packages\numpy\_core\_methods.py
fn=_all
64 3300
cfl=~
cfn=<method 'reduce' of 'numpy.ufunc' objects>
calls=1 0
64 19000

fl=c:\Users\Pedro\faculdade\IniciacaoCientifica\grn\.env\Lib\site-packages\numpy\_core\_ufunc_config.py
fn=__init__
462 400

fl=c:\Users\Pedro\faculdade\IniciacaoCientifica\grn\.env\Lib\site-packages\numpy\_core\_ufunc_config.py
fn=__enter__
472 7100
cfl=~
cfn=<built-in method numpy._core._multiarray_umath._make_extobj>
calls=1 0
472 1200
cfl=~
cfn=<method 'set' of '_contextvars.ContextVar' objects>
calls=1 0
472 2100

fl=c:\Users\Pedro\faculdade\IniciacaoCientifica\grn\.env\Lib\site-packages\numpy\_core\_ufunc_config.py
fn=__exit__
488 2200
cfl=~
cfn=<method 'reset' of '_contextvars.ContextVar' objects>
calls=1 0
488 2000

fl=c:\Users\Pedro\faculdade\IniciacaoCientifica\grn\.env\Lib\site-packages\numpy\_core\_ufunc_config.py
fn=inner
496 98100
cfl=~
cfn=<built-in method numpy._core._multiarray_umath._make_extobj>
calls=1 0
496 900
cfl=~
cfn=<method 'reset' of '_contextvars.ContextVar' objects>
calls=1 0
496 1000
cfl=~
cfn=<method 'set' of '_contextvars.ContextVar' objects>
calls=1 0
496 900

fl=c:\Users\Pedro\faculdade\IniciacaoCientifica\grn\.env\Lib\site-packages\numpy\_core\fromnumeric.py
fn=_wrapreduction
66 5900
cfl=~
cfn=<built-in method builtins.getattr>
calls=1 0
66 2900
cfl=~
cfn=<method 'items' of 'dict' objects>
calls=1 0
66 600
cfl=~
cfn=<method 'reduce' of 'numpy.ufunc' objects>
calls=1 0
66 8000

fl=c:\Users\Pedro\faculdade\IniciacaoCientifica\grn\.env\Lib\site-packages\numpy\_core\fromnumeric.py
fn=_wrapreduction_any_all
86 25200
cfl=~
cfn=<built-in method builtins.getattr>
calls=4 0
86 5000
cfl=~
cfn=<method 'all' of 'numpy.generic' objects>
calls=1 0
86 28200
cfl=~
cfn=<method 'any' of 'numpy.generic' objects>
calls=2 0
86 12500
cfl=~
cfn=<method 'items' of 'dict' objects>
calls=6 0
86 2400
cfl=~
cfn=<method 'reduce' of 'numpy.ufunc' objects>
calls=3 0
86 26700

fl=c:\Users\Pedro\faculdade\IniciacaoCientifica\grn\.env\Lib\site-packages\numpy\_core\fromnumeric.py
fn=_shape_dispatcher
2080 800

fl=c:\Users\Pedro\faculdade\IniciacaoCientifica\grn\.env\Lib\site-packages\numpy\_core\fromnumeric.py
fn=shape
2084 2800

fl=c:\Users\Pedro\faculdade\IniciacaoCientifica\grn\.env\Lib\site-packages\numpy\_core\fromnumeric.py
fn=_sum_dispatcher
2299 300

fl=c:\Users\Pedro\faculdade\IniciacaoCientifica\grn\.env\Lib\site-packages\numpy\_core\fromnumeric.py
fn=sum
2304 5800
cfl=c:\Users\Pedro\faculdade\IniciacaoCientifica\grn\.env\Lib\site-packages\numpy\_core\fromnumeric.py
cfn=_wrapreduction
calls=1 66
2304 17400
cfl=~
cfn=<built-in method builtins.isinstance>
calls=1 0
2304 500

fl=c:\Users\Pedro\faculdade\IniciacaoCientifica\grn\.env\Lib\site-packages\numpy\_core\fromnumeric.py
fn=_any_dispatcher
2431 1100

fl=c:\Users\Pedro\faculdade\IniciacaoCientifica\grn\.env\Lib\site-packages\numpy\_core\fromnumeric.py
fn=any
2436 4400
cfl=c:\Users\Pedro\faculdade\IniciacaoCientifica\grn\.env\Lib\site-packages\numpy\_core\fromnumeric.py
cfn=_wrapreduction_any_all
calls=3 86
2436 46400

fl=c:\Users\Pedro\faculdade\IniciacaoCientifica\grn\.env\Lib\site-packages\numpy\_core\fromnumeric.py
fn=_all_dispatcher
2543 700

fl=c:\Users\Pedro\faculdade\IniciacaoCientifica\grn\.env\Lib\site-packages\numpy\_core\fromnumeric.py
fn=all
2548 9300
cfl=c:\Users\Pedro\faculdade\IniciacaoCientifica\grn\.env\Lib\site-packages\numpy\_core\fromnumeric.py
cfn=_wrapreduction_any_all
calls=3 86
2548 53600

fl=c:\Users\Pedro\faculdade\IniciacaoCientifica\grn\.env\Lib\site-packages\numpy\_core\fromnumeric.py
fn=_ndim_dispatcher
3478 200

fl=c:\Users\Pedro\faculdade\IniciacaoCientifica\grn\.env\Lib\site-packages\numpy\_core\fromnumeric.py
fn=ndim
3482 1200

fl=c:\Users\Pedro\faculdade\IniciacaoCientifica\grn\.env\Lib\site-packages\numpy\_core\fromnumeric.py
fn=_size_dispatcher
3521 800

fl=c:\Users\Pedro\faculdade\IniciacaoCientifica\grn\.env\Lib\site-packages\numpy\_core\fromnumeric.py
fn=size
3525 36200
cfl=<frozen importlib._bootstrap>
cfn=parent
calls=4 648
3525 6500
cfl=c:\Users\Pedro\faculdade\IniciacaoCientifica\grn\.env\Lib\site-packages\numpy\_core\fromnumeric.py
cfn=_shape_dispatcher
calls=4 2080
3525 800
cfl=c:\Users\Pedro\faculdade\IniciacaoCientifica\grn\.env\Lib\site-packages\numpy\_core\fromnumeric.py
cfn=shape
calls=4 2084
3525 2800
cfl=c:\Users\Pedro\faculdade\IniciacaoCientifica\grn\.env\Lib\site-packages\numpy\_core\numeric.py
cfn=normalize_axis_tuple
calls=4 1431
3525 40300
cfl=~
cfn=<built-in method builtins.len>
calls=4 0
3525 900
cfl=~
cfn=<built-in method math.prod>
calls=4 0
3525 8600

fl=c:\Users\Pedro\faculdade\IniciacaoCientifica\grn\.env\Lib\site-packages\numpy\_core\fromnumeric.py
fn=<genexpr>
3575 2300

fl=c:\Users\Pedro\faculdade\IniciacaoCientifica\grn\.env\Lib\site-packages\numpy\_core\function_base.py
fn=_linspace_dispatcher
22 400

fl=c:\Users\Pedro\faculdade\IniciacaoCientifica\grn\.env\Lib\site-packages\numpy\_core\function_base.py
fn=linspace
27 31100
cfl=c:\Users\Pedro\faculdade\IniciacaoCientifica\grn\.env\Lib\site-packages\numpy\_core\fromnumeric.py
cfn=_ndim_dispatcher
calls=1 3478
27 200
cfl=c:\Users\Pedro\faculdade\IniciacaoCientifica\grn\.env\Lib\site-packages\numpy\_core\fromnumeric.py
cfn=ndim
calls=1 3482
27 1200
cfl=c:\Users\Pedro\faculdade\IniciacaoCientifica\grn\.env\Lib\site-packages\numpy\_core\numeric.py
cfn=isscalar
calls=1 1975
27 1400
cfl=~
cfn=<built-in method _operator.index>
calls=1 0
27 300
cfl=~
cfn=<built-in method numpy.arange>
calls=1 0
27 5100
cfl=~
cfn=<method 'as_arrays' of 'numpy._core._multiarray_umath._array_converter' objects>
calls=1 0
27 700
cfl=~
cfn=<method 'astype' of 'numpy.ndarray' objects>
calls=1 0
27 1300
cfl=~
cfn=<method 'reshape' of 'numpy.ndarray' objects>
calls=1 0
27 2200
cfl=~
cfn=<method 'result_type' of 'numpy._core._multiarray_umath._array_converter' objects>
calls=1 0
27 900
cfl=~
cfn=<method 'wrap' of 'numpy._core._multiarray_umath._array_converter' objects>
calls=1 0
27 800

fl=c:\Users\Pedro\faculdade\IniciacaoCientifica\grn\.env\Lib\site-packages\numpy\_core\multiarray.py
fn=empty_like
115 300

fl=c:\Users\Pedro\faculdade\IniciacaoCientifica\grn\.env\Lib\site-packages\numpy\_core\multiarray.py
fn=concatenate
197 1000

fl=c:\Users\Pedro\faculdade\IniciacaoCientifica\grn\.env\Lib\site-packages\numpy\_core\multiarray.py
fn=copyto
1085 7900

fl=c:\Users\Pedro\faculdade\IniciacaoCientifica\grn\.env\Lib\site-packages\numpy\_core\multiarray.py
fn=putmask
1135 1000

fl=c:\Users\Pedro\faculdade\IniciacaoCientifica\grn\.env\Lib\site-packages\numpy\_core\multiarray.py
fn=may_share_memory
1397 3400

fl=c:\Users\Pedro\faculdade\IniciacaoCientifica\grn\.env\Lib\site-packages\numpy\_core\numeric.py
fn=_zeros_like_dispatcher
91 200

fl=c:\Users\Pedro\faculdade\IniciacaoCientifica\grn\.env\Lib\site-packages\numpy\_core\numeric.py
fn=zeros_like
97 12900
cfl=c:\Users\Pedro\faculdade\IniciacaoCientifica\grn\.env\Lib\site-packages\numpy\_core\multiarray.py
cfn=empty_like
calls=1 115
97 300
cfl=c:\Users\Pedro\faculdade\IniciacaoCientifica\grn\.env\Lib\site-packages\numpy\_core\multiarray.py
cfn=copyto
calls=1 1085
97 200
cfl=~
cfn=<built-in method numpy.zeros>
calls=1 0
97 900

fl=c:\Users\Pedro\faculdade\IniciacaoCientifica\grn\.env\Lib\site-packages\numpy\_core\numeric.py
fn=ones
170 8600
cfl=c:\Users\Pedro\faculdade\IniciacaoCientifica\grn\.env\Lib\site-packages\numpy\_core\multiarray.py
cfn=copyto
calls=2 1085
170 400
cfl=~
cfn=<built-in method numpy.empty>
calls=2 0
170 2700

fl=c:\Users\Pedro\faculdade\IniciacaoCientifica\grn\.env\Lib\site-packages\numpy\_core\numeric.py
fn=full
323 83700
cfl=c:\Users\Pedro\faculdade\IniciacaoCientifica\grn\.env\Lib\site-packages\numpy\_core\multiarray.py
cfn=copyto
calls=69 1085
323 7300
cfl=~
cfn=<built-in method numpy.asarray>
calls=69 0
323 23200
cfl=~
cfn=<built-in method numpy.empty>
calls=69 0
323 20200

fl=c:\Users\Pedro\faculdade\IniciacaoCientifica\grn\.env\Lib\site-packages\numpy\_core\numeric.py
fn=_count_nonzero_dispatcher
479 400

fl=c:\Users\Pedro\faculdade\IniciacaoCientifica\grn\.env\Lib\site-packages\numpy\_core\numeric.py
fn=count_nonzero
483 4100
cfl=~
cfn=<built-in method numpy._core._multiarray_umath.count_nonzero>
calls=2 0
483 3600

fl=c:\Users\Pedro\faculdade\IniciacaoCientifica\grn\.env\Lib\site-packages\numpy\_core\numeric.py
fn=normalize_axis_tuple
1431 26800
cfl=c:\Users\Pedro\faculdade\IniciacaoCientifica\grn\.env\Lib\site-packages\numpy\_core\numeric.py
cfn=<genexpr>
calls=8 1480
1431 9600
cfl=~
cfn=<built-in method _operator.index>
calls=4 0
1431 900
cfl=~
cfn=<built-in method builtins.isinstance>
calls=4 0
1431 1700
cfl=~
cfn=<built-in method builtins.len>
calls=8 0
1431 1300

fl=c:\Users\Pedro\faculdade\IniciacaoCientifica\grn\.env\Lib\site-packages\numpy\_core\numeric.py
fn=<genexpr>
1480 7700
cfl=~
cfn=<built-in method numpy.lib.array_utils.normalize_axis_index>
calls=4 0
1480 1900

fl=c:\Users\Pedro\faculdade\IniciacaoCientifica\grn\.env\Lib\site-packages\numpy\_core\numeric.py
fn=isscalar
1975 1100
cfl=~
cfn=<built-in method builtins.isinstance>
calls=1 0
1975 300

fl=c:\Users\Pedro\faculdade\IniciacaoCientifica\grn\.env\Lib\site-packages\numpy\_core\numerictypes.py
fn=issubclass_
293 8000
cfl=~
cfn=<built-in method builtins.issubclass>
calls=24 0
293 5500

fl=c:\Users\Pedro\faculdade\IniciacaoCientifica\grn\.env\Lib\site-packages\numpy\_core\numerictypes.py
fn=issubdtype
475 13700
cfl=c:\Users\Pedro\faculdade\IniciacaoCientifica\grn\.env\Lib\site-packages\numpy\_core\numerictypes.py
cfn=issubclass_
calls=24 293
475 13500
cfl=~
cfn=<built-in method builtins.issubclass>
calls=12 0
475 1300

fl=c:\Users\Pedro\faculdade\IniciacaoCientifica\grn\.env\Lib\site-packages\pandas\_config\__init__.py
fn=using_string_dtype
33 5600

fl=c:\Users\Pedro\faculdade\IniciacaoCientifica\grn\.env\Lib\site-packages\pandas\_config\config.py
fn=_get_single_key
127 30500
cfl=c:\Users\Pedro\faculdade\IniciacaoCientifica\grn\.env\Lib\site-packages\pandas\_config\config.py
cfn=_select_options
calls=27 650
127 6900
cfl=c:\Users\Pedro\faculdade\IniciacaoCientifica\grn\.env\Lib\site-packages\pandas\_config\config.py
cfn=_translate_key
calls=27 703
127 12700
cfl=c:\Users\Pedro\faculdade\IniciacaoCientifica\grn\.env\Lib\site-packages\pandas\_config\config.py
cfn=_warn_if_deprecated
calls=27 715
127 21600
cfl=~
cfn=<built-in method builtins.len>
calls=54 0
127 4600

fl=c:\Users\Pedro\faculdade\IniciacaoCientifica\grn\.env\Lib\site-packages\pandas\_config\config.py
fn=get_option
143 20200
cfl=c:\Users\Pedro\faculdade\IniciacaoCientifica\grn\.env\Lib\site-packages\pandas\_config\config.py
cfn=_get_single_key
calls=27 127
143 76300
cfl=c:\Users\Pedro\faculdade\IniciacaoCientifica\grn\.env\Lib\site-packages\pandas\_config\config.py
cfn=_get_root
calls=27 668
143 24700

fl=c:\Users\Pedro\faculdade\IniciacaoCientifica\grn\.env\Lib\site-packages\pandas\_config\config.py
fn=_select_options
650 6900

fl=c:\Users\Pedro\faculdade\IniciacaoCientifica\grn\.env\Lib\site-packages\pandas\_config\config.py
fn=_get_root
668 17600
cfl=~
cfn=<method 'split' of 'str' objects>
calls=27 0
668 7100

fl=c:\Users\Pedro\faculdade\IniciacaoCientifica\grn\.env\Lib\site-packages\pandas\_config\config.py
fn=_get_deprecated_option
676 17500

fl=c:\Users\Pedro\faculdade\IniciacaoCientifica\grn\.env\Lib\site-packages\pandas\_config\config.py
fn=_translate_key
703 6700
cfl=c:\Users\Pedro\faculdade\IniciacaoCientifica\grn\.env\Lib\site-packages\pandas\_config\config.py
cfn=_get_deprecated_option
calls=27 676
703 6000

fl=c:\Users\Pedro\faculdade\IniciacaoCientifica\grn\.env\Lib\site-packages\pandas\_config\config.py
fn=_warn_if_deprecated
715 10100
cfl=c:\Users\Pedro\faculdade\IniciacaoCientifica\grn\.env\Lib\site-packages\pandas\_config\config.py
cfn=_get_deprecated_option
calls=27 676
715 11500

fl=c:\Users\Pedro\faculdade\IniciacaoCientifica\grn\.env\Lib\site-packages\pandas\core\arrays\_mixins.py
fn=_box_func
107 900

fl=c:\Users\Pedro\faculdade\IniciacaoCientifica\grn\.env\Lib\site-packages\pandas\core\arrays\_mixins.py
fn=__getitem__
287 33600
cfl=c:\Users\Pedro\faculdade\IniciacaoCientifica\grn\.env\Lib\site-packages\pandas\core\arrays\_mixins.py
cfn=_box_func
calls=12 107
287 900
cfl=c:\Users\Pedro\faculdade\IniciacaoCientifica\grn\.env\Lib\site-packages\pandas\core\construction.py
cfn=extract_array
calls=10 430
287 4200
cfl=c:\Users\Pedro\faculdade\IniciacaoCientifica\grn\.env\Lib\site-packages\pandas\core\indexers\utils.py
cfn=getitem_returns_view
calls=10 416
287 27800
cfl=c:\Users\Pedro\faculdade\IniciacaoCientifica\grn\.env\Lib\site-packages\pandas\core\indexers\utils.py
cfn=check_array_indexer
calls=10 441
287 6100

fl=c:\Users\Pedro\faculdade\IniciacaoCientifica\grn\.env\Lib\site-packages\pandas\core\arrays\base.py
fn=__iter__
559 4300
cfl=c:\Users\Pedro\faculdade\IniciacaoCientifica\grn\.env\Lib\site-packages\pandas\core\arrays\_mixins.py
cfn=__getitem__
calls=12 287
559 7500
cfl=~
cfn=<built-in method builtins.len>
calls=1 0
559 100

fl=c:\Users\Pedro\faculdade\IniciacaoCientifica\grn\.env\Lib\site-packages\pandas\core\arrays\numpy_.py
fn=dtype
179 13100

fl=c:\Users\Pedro\faculdade\IniciacaoCientifica\grn\.env\Lib\site-packages\pandas\core\arrays\numpy_.py
fn=astype
272 24300
cfl=c:\Users\Pedro\faculdade\IniciacaoCientifica\grn\.env\Lib\site-packages\numpy\_core\_internal.py
cfn=npy_ctypes_check
calls=12 946
272 3000
cfl=c:\Users\Pedro\faculdade\IniciacaoCientifica\grn\.env\Lib\site-packages\pandas\core\arrays\numpy_.py
cfn=dtype
calls=12 179
272 1200
cfl=c:\Users\Pedro\faculdade\IniciacaoCientifica\grn\.env\Lib\site-packages\pandas\core\arrays\string_.py
cfn=__repr__
calls=12 232
272 7100
cfl=c:\Users\Pedro\faculdade\IniciacaoCientifica\grn\.env\Lib\site-packages\pandas\core\arrays\string_.py
cfn=__eq__
calls=12 236
272 7400
cfl=c:\Users\Pedro\faculdade\IniciacaoCientifica\grn\.env\Lib\site-packages\pandas\core\dtypes\astype.py
cfn=astype_array
calls=12 160
272 17500
cfl=c:\Users\Pedro\faculdade\IniciacaoCientifica\grn\.env\Lib\site-packages\pandas\core\dtypes\common.py
cfn=pandas_dtype
calls=12 1821
272 8700

fl=c:\Users\Pedro\faculdade\IniciacaoCientifica\grn\.env\Lib\site-packages\pandas\core\arrays\numpy_.py
fn=isna
283 4400
cfl=c:\Users\Pedro\faculdade\IniciacaoCientifica\grn\.env\Lib\site-packages\pandas\core\dtypes\missing.py
cfn=isna
calls=12 97
283 89900

fl=c:\Users\Pedro\faculdade\IniciacaoCientifica\grn\.env\Lib\site-packages\pandas\core\arrays\string_.py
fn=name
141 800

fl=c:\Users\Pedro\faculdade\IniciacaoCientifica\grn\.env\Lib\site-packages\pandas\core\arrays\string_.py
fn=na_value
150 1900

fl=c:\Users\Pedro\faculdade\IniciacaoCientifica\grn\.env\Lib\site-packages\pandas\core\arrays\string_.py
fn=storage
174 7400

fl=c:\Users\Pedro\faculdade\IniciacaoCientifica\grn\.env\Lib\site-packages\pandas\core\arrays\string_.py
fn=__init__
197 49000
cfl=C:\Users\Pedro\AppData\Local\Python\pythoncore-3.14-64\Lib\typing.py
cfn=cast
calls=19 2300
197 1900
cfl=c:\Users\Pedro\faculdade\IniciacaoCientifica\grn\.env\Lib\site-packages\pandas\_config\config.py
cfn=get_option
calls=19 143
197 88700
cfl=~
cfn=<built-in method builtins.isinstance>
calls=19 0
197 1600

fl=c:\Users\Pedro\faculdade\IniciacaoCientifica\grn\.env\Lib\site-packages\pandas\core\arrays\string_.py
fn=__repr__
232 17100
cfl=c:\Users\Pedro\faculdade\IniciacaoCientifica\grn\.env\Lib\site-packages\pandas\core\arrays\string_.py
cfn=storage
calls=24 174
232 1900

fl=c:\Users\Pedro\faculdade\IniciacaoCientifica\grn\.env\Lib\site-packages\pandas\core\arrays\string_.py
fn=__eq__
236 18300
cfl=c:\Users\Pedro\faculdade\IniciacaoCientifica\grn\.env\Lib\site-packages\pandas\core\arrays\string_.py
cfn=name
calls=5 141
236 800
cfl=~
cfn=<built-in method builtins.isinstance>
calls=64 0
236 6100

fl=c:\Users\Pedro\faculdade\IniciacaoCientifica\grn\.env\Lib\site-packages\pandas\core\arrays\string_.py
fn=type
265 200

fl=c:\Users\Pedro\faculdade\IniciacaoCientifica\grn\.env\Lib\site-packages\pandas\core\arrays\string_.py
fn=construct_array_type
312 25000
cfl=c:\Users\Pedro\faculdade\IniciacaoCientifica\grn\.env\Lib\site-packages\pandas\core\arrays\string_.py
cfn=storage
calls=57 174
312 3500

fl=c:\Users\Pedro\faculdade\IniciacaoCientifica\grn\.env\Lib\site-packages\pandas\core\arrays\string_.py
fn=_from_sequence
756 67600
cfl=c:\Users\Pedro\faculdade\IniciacaoCientifica\grn\.env\Lib\site-packages\pandas\core\arrays\string_.py
cfn=na_value
calls=19 150
756 1800
cfl=c:\Users\Pedro\faculdade\IniciacaoCientifica\grn\.env\Lib\site-packages\pandas\core\arrays\string_.py
cfn=storage
calls=19 174
756 1800
cfl=c:\Users\Pedro\faculdade\IniciacaoCientifica\grn\.env\Lib\site-packages\pandas\core\dtypes\common.py
cfn=pandas_dtype
calls=19 1821
756 14200
cfl=~
cfn=<built-in method __new__ of type object at 0x00007FFF81974D90>
calls=19 0
756 6500
cfl=~
cfn=<built-in method builtins.isinstance>
calls=57 0
756 6100

fl=c:\Users\Pedro\faculdade\IniciacaoCientifica\grn\.env\Lib\site-packages\pandas\core\arrays\string_.py
fn=astype
915 49600
cfl=c:\Users\Pedro\faculdade\IniciacaoCientifica\grn\.env\Lib\site-packages\numpy\_core\_internal.py
cfn=npy_ctypes_check
calls=12 946
915 4700
cfl=c:\Users\Pedro\faculdade\IniciacaoCientifica\grn\.env\Lib\site-packages\numpy\_core\numerictypes.py
cfn=issubdtype
calls=12 475
915 28500
cfl=c:\Users\Pedro\faculdade\IniciacaoCientifica\grn\.env\Lib\site-packages\pandas\core\arrays\numpy_.py
cfn=dtype
calls=12 179
915 1100
cfl=c:\Users\Pedro\faculdade\IniciacaoCientifica\grn\.env\Lib\site-packages\pandas\core\arrays\numpy_.py
cfn=astype
calls=12 272
915 69200
cfl=c:\Users\Pedro\faculdade\IniciacaoCientifica\grn\.env\Lib\site-packages\pandas\core\arrays\string_.py
cfn=__repr__
calls=12 232
915 11900
cfl=c:\Users\Pedro\faculdade\IniciacaoCientifica\grn\.env\Lib\site-packages\pandas\core\arrays\string_.py
cfn=__eq__
calls=12 236
915 9000
cfl=c:\Users\Pedro\faculdade\IniciacaoCientifica\grn\.env\Lib\site-packages\pandas\core\dtypes\common.py
cfn=pandas_dtype
calls=12 1821
915 190100
cfl=~
cfn=<built-in method builtins.isinstance>
calls=36 0
915 2700

fl=c:\Users\Pedro\faculdade\IniciacaoCientifica\grn\.env\Lib\site-packages\pandas\core\base.py
fn=__iter__
931 1700
cfl=c:\Users\Pedro\faculdade\IniciacaoCientifica\grn\.env\Lib\site-packages\pandas\core\indexes\base.py
cfn=_values
calls=2 5101
931 100
cfl=~
cfn=<built-in method builtins.isinstance>
calls=1 0
931 100
cfl=~
cfn=<built-in method builtins.iter>
calls=1 0
931 300

fl=c:\Users\Pedro\faculdade\IniciacaoCientifica\grn\.env\Lib\site-packages\pandas\core\common.py
fn=all_none
197 1800
cfl=c:\Users\Pedro\faculdade\IniciacaoCientifica\grn\.env\Lib\site-packages\pandas\core\common.py
cfn=<genexpr>
calls=2 201
197 500

fl=c:\Users\Pedro\faculdade\IniciacaoCientifica\grn\.env\Lib\site-packages\pandas\core\common.py
fn=<genexpr>
201 500

fl=c:\Users\Pedro\faculdade\IniciacaoCientifica\grn\.env\Lib\site-packages\pandas\core\common.py
fn=apply_if_callable
377 1500
cfl=~
cfn=<built-in method builtins.callable>
calls=2 0
377 200
cfl=~
cfn=<built-in method builtins.isinstance>
calls=2 0
377 100

fl=c:\Users\Pedro\faculdade\IniciacaoCientifica\grn\.env\Lib\site-packages\pandas\core\common.py
fn=require_length_match
596 11900
cfl=~
cfn=<built-in method builtins.len>
calls=72 0
596 20100

fl=c:\Users\Pedro\faculdade\IniciacaoCientifica\grn\.env\Lib\site-packages\pandas\core\construction.py
fn=extract_array
430 16600
cfl=~
cfn=<built-in method builtins.getattr>
calls=50 0
430 2800

fl=c:\Users\Pedro\faculdade\IniciacaoCientifica\grn\.env\Lib\site-packages\pandas\core\construction.py
fn=ensure_wrapped_if_datetimelike
495 10100
cfl=~
cfn=<built-in method builtins.isinstance>
calls=29 0
495 2400

fl=c:\Users\Pedro\faculdade\IniciacaoCientifica\grn\.env\Lib\site-packages\pandas\core\construction.py
fn=sanitize_array
531 206200
cfl=C:\Users\Pedro\AppData\Local\Python\pythoncore-3.14-64\Lib\typing.py
cfn=cast
calls=25 2300
531 2300
cfl=c:\Users\Pedro\faculdade\IniciacaoCientifica\grn\.env\Lib\site-packages\numpy\_core\numeric.py
cfn=full
calls=19 323
531 32100
cfl=c:\Users\Pedro\faculdade\IniciacaoCientifica\grn\.env\Lib\site-packages\pandas\_config\__init__.py
cfn=using_string_dtype
calls=9 33
531 3800
cfl=c:\Users\Pedro\faculdade\IniciacaoCientifica\grn\.env\Lib\site-packages\pandas\core\arrays\numpy_.py
cfn=dtype
calls=10 179
531 600
cfl=c:\Users\Pedro\faculdade\IniciacaoCientifica\grn\.env\Lib\site-packages\pandas\core\arrays\string_.py
cfn=storage
calls=5 174
531 200
cfl=c:\Users\Pedro\faculdade\IniciacaoCientifica\grn\.env\Lib\site-packages\pandas\core\arrays\string_.py
cfn=__init__
calls=9 197
531 85600
cfl=c:\Users\Pedro\faculdade\IniciacaoCientifica\grn\.env\Lib\site-packages\pandas\core\arrays\string_.py
cfn=__eq__
calls=5 236
531 4200
cfl=c:\Users\Pedro\faculdade\IniciacaoCientifica\grn\.env\Lib\site-packages\pandas\core\arrays\string_.py
cfn=construct_array_type
calls=9 312
531 18800
cfl=c:\Users\Pedro\faculdade\IniciacaoCientifica\grn\.env\Lib\site-packages\pandas\core\arrays\string_.py
cfn=_from_sequence
calls=9 756
531 59100
cfl=c:\Users\Pedro\faculdade\IniciacaoCientifica\grn\.env\Lib\site-packages\pandas\core\construction.py
cfn=extract_array
calls=40 430
531 15200
cfl=c:\Users\Pedro\faculdade\IniciacaoCientifica\grn\.env\Lib\site-packages\pandas\core\construction.py
cfn=_sanitize_non_ordered
calls=4 710
531 1800
cfl=c:\Users\Pedro\faculdade\IniciacaoCientifica\grn\.env\Lib\site-packages\pandas\core\construction.py
cfn=_sanitize_ndim
calls=40 718
531 63800
cfl=c:\Users\Pedro\faculdade\IniciacaoCientifica\grn\.env\Lib\site-packages\pandas\core\construction.py
cfn=_sanitize_str_dtypes
calls=21 757
531 10100
cfl=c:\Users\Pedro\faculdade\IniciacaoCientifica\grn\.env\Lib\site-packages\pandas\core\dtypes\cast.py
cfn=maybe_convert_platform
calls=4 127
531 82600
cfl=~
cfn=<built-in method builtins.hasattr>
calls=4 0
531 500
cfl=~
cfn=<built-in method builtins.isinstance>
calls=366 0
531 112600
cfl=~
cfn=<built-in method builtins.len>
calls=4 0
531 400

fl=c:\Users\Pedro\faculdade\IniciacaoCientifica\grn\.env\Lib\site-packages\pandas\core\construction.py
fn=_sanitize_non_ordered
710 1400
cfl=~
cfn=<built-in method builtins.isinstance>
calls=4 0
710 400

fl=c:\Users\Pedro\faculdade\IniciacaoCientifica\grn\.env\Lib\site-packages\pandas\core\construction.py
fn=_sanitize_ndim
718 20400
cfl=c:\Users\Pedro\faculdade\IniciacaoCientifica\grn\.env\Lib\site-packages\pandas\core\construction.py
cfn=_maybe_repeat
calls=40 780
718 38100
cfl=~
cfn=<built-in method builtins.getattr>
calls=40 0
718 5300

fl=c:\Users\Pedro\faculdade\IniciacaoCientifica\grn\.env\Lib\site-packages\pandas\core\construction.py
fn=_sanitize_str_dtypes
757 7600
cfl=~
cfn=<built-in method builtins.issubclass>
calls=21 0
757 2500

fl=c:\Users\Pedro\faculdade\IniciacaoCientifica\grn\.env\Lib\site-packages\pandas\core\construction.py
fn=_maybe_repeat
780 13200
cfl=~
cfn=<built-in method builtins.len>
calls=72 0
780 24900

fl=c:\Users\Pedro\faculdade\IniciacaoCientifica\grn\.env\Lib\site-packages\pandas\core\dtypes\astype.py
fn=astype_array
160 8100
cfl=~
cfn=<method 'copy' of 'numpy.ndarray' objects>
calls=12 0
160 9400

fl=c:\Users\Pedro\faculdade\IniciacaoCientifica\grn\.env\Lib\site-packages\pandas\core\dtypes\base.py
fn=kind
181 1300

fl=c:\Users\Pedro\faculdade\IniciacaoCientifica\grn\.env\Lib\site-packages\pandas\core\dtypes\base.py
fn=index_class
416 5300
cfl=<frozen importlib._bootstrap>
cfn=_handle_fromlist
calls=4 1401
416 4700

fl=c:\Users\Pedro\faculdade\IniciacaoCientifica\grn\.env\Lib\site-packages\pandas\core\dtypes\base.py
fn=_supports_2d
426 1700

fl=c:\Users\Pedro\faculdade\IniciacaoCientifica\grn\.env\Lib\site-packages\pandas\core\dtypes\base.py
fn=find
563 6000
cfl=~
cfn=<built-in method builtins.isinstance>
calls=24 0
563 2000
cfl=~
cfn=<built-in method builtins.issubclass>
calls=12 0
563 1100

fl=c:\Users\Pedro\faculdade\IniciacaoCientifica\grn\.env\Lib\site-packages\pandas\core\dtypes\cast.py
fn=maybe_convert_platform
127 37800
cfl=C:\Users\Pedro\AppData\Local\Python\pythoncore-3.14-64\Lib\typing.py
cfn=cast
calls=4 2300
127 500
cfl=c:\Users\Pedro\faculdade\IniciacaoCientifica\grn\.env\Lib\site-packages\numpy\_core\numeric.py
cfn=full
calls=4 323
127 25600
cfl=c:\Users\Pedro\faculdade\IniciacaoCientifica\grn\.env\Lib\site-packages\pandas\core\dtypes\cast.py
cfn=construct_1d_object_array_from_listlike
calls=4 1468
127 18300
cfl=~
cfn=<built-in method builtins.isinstance>
calls=4 0
127 400

fl=c:\Users\Pedro\faculdade\IniciacaoCientifica\grn\.env\Lib\site-packages\pandas\core\dtypes\cast.py
fn=construct_1d_object_array_from_listlike
1468 5100
cfl=~
cfn=<built-in method builtins.len>
calls=4 0
1468 300
cfl=~
cfn=<built-in method numpy.fromiter>
calls=4 0
1468 12900

fl=c:\Users\Pedro\faculdade\IniciacaoCientifica\grn\.env\Lib\site-packages\pandas\core\dtypes\common.py
fn=ensure_python_int
96 1600

fl=c:\Users\Pedro\faculdade\IniciacaoCientifica\grn\.env\Lib\site-packages\pandas\core\dtypes\common.py
fn=classes
126 400

fl=c:\Users\Pedro\faculdade\IniciacaoCientifica\grn\.env\Lib\site-packages\pandas\core\dtypes\common.py
fn=<lambda>
128 300
cfl=~
cfn=<built-in method builtins.issubclass>
calls=1 0
128 100

fl=c:\Users\Pedro\faculdade\IniciacaoCientifica\grn\.env\Lib\site-packages\pandas\core\dtypes\common.py
fn=is_object_dtype
142 3200
cfl=c:\Users\Pedro\faculdade\IniciacaoCientifica\grn\.env\Lib\site-packages\pandas\core\dtypes\common.py
cfn=classes
calls=1 126
142 400
cfl=c:\Users\Pedro\faculdade\IniciacaoCientifica\grn\.env\Lib\site-packages\pandas\core\dtypes\common.py
cfn=_is_dtype_type
calls=1 1659
142 4800

fl=c:\Users\Pedro\faculdade\IniciacaoCientifica\grn\.env\Lib\site-packages\pandas\core\dtypes\common.py
fn=is_string_or_object_np_dtype
603 7800
cfl=c:\Users\Pedro\faculdade\IniciacaoCientifica\grn\.env\Lib\site-packages\pandas\core\arrays\string_.py
cfn=__eq__
calls=1 236
603 700
cfl=c:\Users\Pedro\faculdade\IniciacaoCientifica\grn\.env\Lib\site-packages\pandas\core\dtypes\base.py
cfn=kind
calls=1 181
603 100

fl=c:\Users\Pedro\faculdade\IniciacaoCientifica\grn\.env\Lib\site-packages\pandas\core\dtypes\common.py
fn=is_string_dtype
610 2100
cfl=c:\Users\Pedro\faculdade\IniciacaoCientifica\grn\.env\Lib\site-packages\pandas\core\dtypes\common.py
cfn=_is_dtype
calls=1 1600
610 7800
cfl=~
cfn=<built-in method builtins.hasattr>
calls=1 0
610 100

fl=c:\Users\Pedro\faculdade\IniciacaoCientifica\grn\.env\Lib\site-packages\pandas\core\dtypes\common.py
fn=condition
652 700
cfl=c:\Users\Pedro\faculdade\IniciacaoCientifica\grn\.env\Lib\site-packages\pandas\core\arrays\string_.py
cfn=__eq__
calls=1 236
652 300
cfl=c:\Users\Pedro\faculdade\IniciacaoCientifica\grn\.env\Lib\site-packages\pandas\core\dtypes\common.py
cfn=is_string_or_object_np_dtype
calls=1 603
652 1600

fl=c:\Users\Pedro\faculdade\IniciacaoCientifica\grn\.env\Lib\site-packages\pandas\core\dtypes\common.py
fn=needs_i8_conversion
1204 700
cfl=~
cfn=<built-in method builtins.isinstance>
calls=2 0
1204 400

fl=c:\Users\Pedro\faculdade\IniciacaoCientifica\grn\.env\Lib\site-packages\pandas\core\dtypes\common.py
fn=is_1d_only_ea_dtype
1473 14900
cfl=c:\Users\Pedro\faculdade\IniciacaoCientifica\grn\.env\Lib\site-packages\pandas\core\dtypes\base.py
cfn=_supports_2d
calls=25 426
1473 1700
cfl=~
cfn=<built-in method builtins.isinstance>
calls=56 0
1473 4800

fl=c:\Users\Pedro\faculdade\IniciacaoCientifica\grn\.env\Lib\site-packages\pandas\core\dtypes\common.py
fn=is_ea_or_datetimelike_dtype
1547 3800
cfl=~
cfn=<built-in method builtins.isinstance>
calls=8 0
1547 800

fl=c:\Users\Pedro\faculdade\IniciacaoCientifica\grn\.env\Lib\site-packages\pandas\core\dtypes\common.py
fn=_is_dtype
1600 3200
cfl=c:\Users\Pedro\faculdade\IniciacaoCientifica\grn\.env\Lib\site-packages\pandas\core\dtypes\common.py
cfn=condition
calls=1 652
1600 2600
cfl=c:\Users\Pedro\faculdade\IniciacaoCientifica\grn\.env\Lib\site-packages\pandas\core\dtypes\common.py
cfn=_get_dtype
calls=1 1624
1600 2000

fl=c:\Users\Pedro\faculdade\IniciacaoCientifica\grn\.env\Lib\site-packages\pandas\core\dtypes\common.py
fn=_get_dtype
1624 1100
cfl=c:\Users\Pedro\faculdade\IniciacaoCientifica\grn\.env\Lib\site-packages\pandas\core\dtypes\common.py
cfn=pandas_dtype
calls=1 1821
1624 700
cfl=~
cfn=<built-in method builtins.hasattr>
calls=1 0
1624 100
cfl=~
cfn=<built-in method builtins.isinstance>
calls=2 0
1624 100

fl=c:\Users\Pedro\faculdade\IniciacaoCientifica\grn\.env\Lib\site-packages\pandas\core\dtypes\common.py
fn=_is_dtype_type
1659 3100
cfl=c:\Users\Pedro\faculdade\IniciacaoCientifica\grn\.env\Lib\site-packages\pandas\core\arrays\string_.py
cfn=type
calls=1 265
1659 200
cfl=c:\Users\Pedro\faculdade\IniciacaoCientifica\grn\.env\Lib\site-packages\pandas\core\dtypes\common.py
cfn=<lambda>
calls=1 128
1659 400
cfl=c:\Users\Pedro\faculdade\IniciacaoCientifica\grn\.env\Lib\site-packages\pandas\core\dtypes\common.py
cfn=pandas_dtype
calls=1 1821
1659 600
cfl=~
cfn=<built-in method builtins.hasattr>
calls=1 0
1659 200
cfl=~
cfn=<built-in method builtins.isinstance>
calls=2 0
1659 300

fl=c:\Users\Pedro\faculdade\IniciacaoCientifica\grn\.env\Lib\site-packages\pandas\core\dtypes\common.py
fn=pandas_dtype
1821 66800
cfl=C:\Users\Pedro\AppData\Local\Python\pythoncore-3.14-64\Lib\_py_warnings.py
cfn=simplefilter
calls=12 294
1821 64900
cfl=C:\Users\Pedro\AppData\Local\Python\pythoncore-3.14-64\Lib\_py_warnings.py
cfn=__init__:616
calls=12 616
1821 4400
cfl=C:\Users\Pedro\AppData\Local\Python\pythoncore-3.14-64\Lib\_py_warnings.py
cfn=__enter__
calls=12 639
1821 30600
cfl=C:\Users\Pedro\AppData\Local\Python\pythoncore-3.14-64\Lib\_py_warnings.py
cfn=__exit__
calls=12 668
1821 19500
cfl=c:\Users\Pedro\faculdade\IniciacaoCientifica\grn\.env\Lib\site-packages\pandas\core\dtypes\base.py
cfn=find
calls=12 563
1821 9100
cfl=c:\Users\Pedro\faculdade\IniciacaoCientifica\grn\.env\Lib\site-packages\pandas\core\dtypes\inference.py
cfn=is_hashable
calls=12 387
1821 6100
cfl=~
cfn=<built-in method builtins.isinstance>
calls=90 0
1821 12900

fl=c:\Users\Pedro\faculdade\IniciacaoCientifica\grn\.env\Lib\site-packages\pandas\core\dtypes\concat.py
fn=concat_compat
52 23900
cfl=C:\Users\Pedro\AppData\Local\Python\pythoncore-3.14-64\Lib\typing.py
cfn=cast
calls=12 2300
52 800
cfl=c:\Users\Pedro\faculdade\IniciacaoCientifica\grn\.env\Lib\site-packages\numpy\_core\multiarray.py
cfn=concatenate
calls=12 197
52 800
cfl=~
cfn=<built-in method builtins.isinstance>
calls=12 0
52 900
cfl=~
cfn=<built-in method builtins.len>
calls=12 0
52 900

fl=c:\Users\Pedro\faculdade\IniciacaoCientifica\grn\.env\Lib\site-packages\pandas\core\dtypes\generic.py
fn=_check
38 54700
cfl=~
cfn=<built-in method builtins.getattr>
calls=251 0
38 25100

fl=c:\Users\Pedro\faculdade\IniciacaoCientifica\grn\.env\Lib\site-packages\pandas\core\dtypes\generic.py
fn=_instancecheck
43 59900
cfl=c:\Users\Pedro\faculdade\IniciacaoCientifica\grn\.env\Lib\site-packages\pandas\core\dtypes\generic.py
cfn=_check
calls=251 38
43 79800
cfl=~
cfn=<built-in method builtins.isinstance>
calls=24 0
43 2100

fl=c:\Users\Pedro\faculdade\IniciacaoCientifica\grn\.env\Lib\site-packages\pandas\core\dtypes\inference.py
fn=is_file_like
106 2200
cfl=~
cfn=<built-in method builtins.hasattr>
calls=8 0
106 1000

fl=c:\Users\Pedro\faculdade\IniciacaoCientifica\grn\.env\Lib\site-packages\pandas\core\dtypes\inference.py
fn=is_named_tuple
349 1400
cfl=~
cfn=<built-in method builtins.isinstance>
calls=2 0
349 16500

fl=c:\Users\Pedro\faculdade\IniciacaoCientifica\grn\.env\Lib\site-packages\pandas\core\dtypes\inference.py
fn=is_hashable
387 6000
cfl=~
cfn=<built-in method builtins.hash>
calls=17 0
387 2700

fl=c:\Users\Pedro\faculdade\IniciacaoCientifica\grn\.env\Lib\site-packages\pandas\core\dtypes\inference.py
fn=is_dataclass
485 3600
cfl=C:\Users\Pedro\AppData\Local\Python\pythoncore-3.14-64\Lib\dataclasses.py
cfn=is_dataclass
calls=2 1468
485 3300

fl=c:\Users\Pedro\faculdade\IniciacaoCientifica\grn\.env\Lib\site-packages\pandas\core\dtypes\missing.py
fn=isna
97 11400
cfl=c:\Users\Pedro\faculdade\IniciacaoCientifica\grn\.env\Lib\site-packages\pandas\core\dtypes\missing.py
cfn=_isna
calls=30 180
97 180000

fl=c:\Users\Pedro\faculdade\IniciacaoCientifica\grn\.env\Lib\site-packages\pandas\core\dtypes\missing.py
fn=_isna
180 28300
cfl=c:\Users\Pedro\faculdade\IniciacaoCientifica\grn\.env\Lib\site-packages\pandas\core\dtypes\missing.py
cfn=_isna_array
calls=30 223
180 130500
cfl=~
cfn=<built-in method builtins.isinstance>
calls=90 0
180 42600

fl=c:\Users\Pedro\faculdade\IniciacaoCientifica\grn\.env\Lib\site-packages\pandas\core\dtypes\missing.py
fn=_isna_array
223 43400
cfl=c:\Users\Pedro\faculdade\IniciacaoCientifica\grn\.env\Lib\site-packages\pandas\core\arrays\numpy_.py
cfn=dtype
calls=12 179
223 1000
cfl=c:\Users\Pedro\faculdade\IniciacaoCientifica\grn\.env\Lib\site-packages\pandas\core\arrays\numpy_.py
cfn=isna
calls=12 283
223 94300
cfl=c:\Users\Pedro\faculdade\IniciacaoCientifica\grn\.env\Lib\site-packages\pandas\core\dtypes\common.py
cfn=is_string_or_object_np_dtype
calls=18 603
223 7000
cfl=c:\Users\Pedro\faculdade\IniciacaoCientifica\grn\.env\Lib\site-packages\pandas\core\dtypes\missing.py
cfn=_isna_string_dtype
calls=14 260
223 46300
cfl=~
cfn=<built-in method builtins.isinstance>
calls=48 0
223 3200

fl=c:\Users\Pedro\faculdade\IniciacaoCientifica\grn\.env\Lib\site-packages\pandas\core\dtypes\missing.py
fn=_isna_string_dtype
260 46300

fl=c:\Users\Pedro\faculdade\IniciacaoCientifica\grn\.env\Lib\site-packages\pandas\core\flags.py
fn=__init__
63 4700

fl=c:\Users\Pedro\faculdade\IniciacaoCientifica\grn\.env\Lib\site-packages\pandas\core\flags.py
fn=allows_duplicate_labels:67
67 400

fl=c:\Users\Pedro\faculdade\IniciacaoCientifica\grn\.env\Lib\site-packages\pandas\core\flags.py
fn=allows_duplicate_labels:99
99 1400

fl=c:\Users\Pedro\faculdade\IniciacaoCientifica\grn\.env\Lib\site-packages\pandas\core\frame.py
fn=_constructor_from_mgr
667 4300
cfl=c:\Users\Pedro\faculdade\IniciacaoCientifica\grn\.env\Lib\site-packages\pandas\core\generic.py
cfn=_from_mgr
calls=4 294
667 12700

fl=c:\Users\Pedro\faculdade\IniciacaoCientifica\grn\.env\Lib\site-packages\pandas\core\frame.py
fn=__init__
702 36200
cfl=c:\Users\Pedro\faculdade\IniciacaoCientifica\grn\.env\Lib\site-packages\pandas\core\dtypes\inference.py
cfn=is_dataclass
calls=2 485
702 6900
cfl=c:\Users\Pedro\faculdade\IniciacaoCientifica\grn\.env\Lib\site-packages\pandas\core\generic.py
cfn=__init__
calls=3 258
702 9200
cfl=c:\Users\Pedro\faculdade\IniciacaoCientifica\grn\.env\Lib\site-packages\pandas\core\internals\construction.py
cfn=arrays_to_mgr
calls=2 96
702 510400
cfl=c:\Users\Pedro\faculdade\IniciacaoCientifica\grn\.env\Lib\site-packages\pandas\core\internals\construction.py
cfn=dict_to_mgr
calls=1 375
702 563000
cfl=c:\Users\Pedro\faculdade\IniciacaoCientifica\grn\.env\Lib\site-packages\pandas\core\internals\construction.py
cfn=nested_data_to_arrays
calls=2 463
702 690700
cfl=c:\Users\Pedro\faculdade\IniciacaoCientifica\grn\.env\Lib\site-packages\pandas\core\internals\construction.py
cfn=treat_as_nested
calls=2 489
702 6400
cfl=~
cfn=<built-in method builtins.isinstance>
calls=30 0
702 6400
cfl=~
cfn=<built-in method builtins.len>
calls=2 0
702 200

fl=c:\Users\Pedro\faculdade\IniciacaoCientifica\grn\.env\Lib\site-packages\pandas\core\frame.py
fn=_get_values_for_csv
1386 3900
cfl=c:\Users\Pedro\faculdade\IniciacaoCientifica\grn\.env\Lib\site-packages\pandas\core\frame.py
cfn=_constructor_from_mgr
calls=2 667
1386 7300
cfl=c:\Users\Pedro\faculdade\IniciacaoCientifica\grn\.env\Lib\site-packages\pandas\core\internals\managers.py
cfn=get_values_for_csv
calls=2 622
1386 667200

fl=c:\Users\Pedro\faculdade\IniciacaoCientifica\grn\.env\Lib\site-packages\pandas\core\frame.py
fn=_get_column_array
4316 7400
cfl=c:\Users\Pedro\faculdade\IniciacaoCientifica\grn\.env\Lib\site-packages\pandas\core\internals\managers.py
cfn=iget_values
calls=24 1227
4316 58500

fl=c:\Users\Pedro\faculdade\IniciacaoCientifica\grn\.env\Lib\site-packages\pandas\core\frame.py
fn=_iter_column_arrays
4326 9100
cfl=c:\Users\Pedro\faculdade\IniciacaoCientifica\grn\.env\Lib\site-packages\pandas\core\frame.py
cfn=_get_column_array
calls=24 4316
4326 65900
cfl=~
cfn=<built-in method builtins.len>
calls=2 0
4326 1800

fl=c:\Users\Pedro\faculdade\IniciacaoCientifica\grn\.env\Lib\site-packages\pandas\core\generic.py
fn=__init__
258 13700
cfl=c:\Users\Pedro\faculdade\IniciacaoCientifica\grn\.env\Lib\site-packages\pandas\core\flags.py
cfn=__init__
calls=7 63
258 4700

fl=c:\Users\Pedro\faculdade\IniciacaoCientifica\grn\.env\Lib\site-packages\pandas\core\generic.py
fn=_from_mgr
294 2800
cfl=c:\Users\Pedro\faculdade\IniciacaoCientifica\grn\.env\Lib\site-packages\pandas\core\generic.py
cfn=__init__
calls=4 258
294 9200
cfl=~
cfn=<built-in method __new__ of type object at 0x00007FFF81974D90>
calls=4 0
294 700

fl=c:\Users\Pedro\faculdade\IniciacaoCientifica\grn\.env\Lib\site-packages\pandas\core\generic.py
fn=attrs
318 100

fl=c:\Users\Pedro\faculdade\IniciacaoCientifica\grn\.env\Lib\site-packages\pandas\core\generic.py
fn=flags
360 600

fl=c:\Users\Pedro\faculdade\IniciacaoCientifica\grn\.env\Lib\site-packages\pandas\core\generic.py
fn=_get_axis_number
519 1600

fl=c:\Users\Pedro\faculdade\IniciacaoCientifica\grn\.env\Lib\site-packages\pandas\core\generic.py
fn=_get_axis
535 3000
cfl=c:\Users\Pedro\faculdade\IniciacaoCientifica\grn\.env\Lib\site-packages\pandas\core\generic.py
cfn=_get_axis_number
calls=2 519
535 1200

fl=c:\Users\Pedro\faculdade\IniciacaoCientifica\grn\.env\Lib\site-packages\pandas\core\generic.py
fn=_get_block_manager_axis
541 1700
cfl=c:\Users\Pedro\faculdade\IniciacaoCientifica\grn\.env\Lib\site-packages\pandas\core\generic.py
cfn=_get_axis_number
calls=2 519
541 400

fl=c:\Users\Pedro\faculdade\IniciacaoCientifica\grn\.env\Lib\site-packages\pandas\core\generic.py
fn=to_csv
3795 17500
cfl=c:\Users\Pedro\faculdade\IniciacaoCientifica\grn\.env\Lib\site-packages\pandas\io\formats\format.py
cfn=__init__:425
calls=2 425
3795 72900
cfl=c:\Users\Pedro\faculdade\IniciacaoCientifica\grn\.env\Lib\site-packages\pandas\io\formats\format.py
cfn=__init__:892
calls=2 892
3795 400
cfl=c:\Users\Pedro\faculdade\IniciacaoCientifica\grn\.env\Lib\site-packages\pandas\io\formats\format.py
cfn=to_csv
calls=2 976
3795 3086400
cfl=~
cfn=<built-in method builtins.isinstance>
calls=2 0
3795 4300

fl=c:\Users\Pedro\faculdade\IniciacaoCientifica\grn\.env\Lib\site-packages\pandas\core\generic.py
fn=_slice
4308 278000
cfl=c:\Users\Pedro\faculdade\IniciacaoCientifica\grn\.env\Lib\site-packages\pandas\core\frame.py
cfn=_constructor_from_mgr
calls=2 667
4308 9700
cfl=c:\Users\Pedro\faculdade\IniciacaoCientifica\grn\.env\Lib\site-packages\pandas\core\generic.py
cfn=_get_block_manager_axis
calls=2 541
4308 2100
cfl=c:\Users\Pedro\faculdade\IniciacaoCientifica\grn\.env\Lib\site-packages\pandas\core\generic.py
cfn=__finalize__
calls=2 6131
4308 14100
cfl=c:\Users\Pedro\faculdade\IniciacaoCientifica\grn\.env\Lib\site-packages\pandas\core\indexes\base.py
cfn=view
calls=2 1033
4308 12000
cfl=c:\Users\Pedro\faculdade\IniciacaoCientifica\grn\.env\Lib\site-packages\pandas\core\indexes\range.py
cfn=_getitem_slice
calls=2 1311
4308 6600
cfl=c:\Users\Pedro\faculdade\IniciacaoCientifica\grn\.env\Lib\site-packages\pandas\core\internals\blocks.py
cfn=slice_block_rows
calls=10 2081
4308 82900
cfl=c:\Users\Pedro\faculdade\IniciacaoCientifica\grn\.env\Lib\site-packages\pandas\core\internals\managers.py
cfn=__init__
calls=2 1095
4308 300
cfl=~
cfn=<built-in method builtins.isinstance>
calls=2 0
4308 100

fl=c:\Users\Pedro\faculdade\IniciacaoCientifica\grn\.env\Lib\site-packages\pandas\core\generic.py
fn=__finalize__
6131 11500
cfl=c:\Users\Pedro\faculdade\IniciacaoCientifica\grn\.env\Lib\site-packages\pandas\core\flags.py
cfn=allows_duplicate_labels:67
calls=4 67
6131 400
cfl=c:\Users\Pedro\faculdade\IniciacaoCientifica\grn\.env\Lib\site-packages\pandas\core\flags.py
cfn=allows_duplicate_labels:99
calls=2 99
6131 1400
cfl=c:\Users\Pedro\faculdade\IniciacaoCientifica\grn\.env\Lib\site-packages\pandas\core\generic.py
cfn=attrs
calls=2 318
6131 100
cfl=c:\Users\Pedro\faculdade\IniciacaoCientifica\grn\.env\Lib\site-packages\pandas\core\generic.py
cfn=flags
calls=6 360
6131 600
cfl=~
cfn=<built-in method builtins.isinstance>
calls=2 0
6131 100

fl=c:\Users\Pedro\faculdade\IniciacaoCientifica\grn\.env\Lib\site-packages\pandas\core\indexers\utils.py
fn=getitem_returns_view
416 19000
cfl=c:\Users\Pedro\faculdade\IniciacaoCientifica\grn\.env\Lib\site-packages\pandas\core\indexers\utils.py
cfn=<genexpr>:425
calls=20 425
416 3900
cfl=c:\Users\Pedro\faculdade\IniciacaoCientifica\grn\.env\Lib\site-packages\pandas\core\indexers\utils.py
cfn=<genexpr>:432
calls=20 432
416 3900
cfl=~
cfn=<built-in method builtins.isinstance>
calls=10 0
416 1000

fl=c:\Users\Pedro\faculdade\IniciacaoCientifica\grn\.env\Lib\site-packages\pandas\core\indexers\utils.py
fn=<genexpr>:425
425 3900

fl=c:\Users\Pedro\faculdade\IniciacaoCientifica\grn\.env\Lib\site-packages\pandas\core\indexers\utils.py
fn=<genexpr>:432
432 3100
cfl=~
cfn=<built-in method builtins.isinstance>
calls=10 0
432 800

fl=c:\Users\Pedro\faculdade\IniciacaoCientifica\grn\.env\Lib\site-packages\pandas\core\indexers\utils.py
fn=check_array_indexer
441 6100

fl=c:\Users\Pedro\faculdade\IniciacaoCientifica\grn\.env\Lib\site-packages\pandas\core\indexes\api.py
fn=default_index
340 3200
cfl=c:\Users\Pedro\faculdade\IniciacaoCientifica\grn\.env\Lib\site-packages\pandas\core\indexes\range.py
cfn=_simple_new
calls=2 236
340 3800

fl=c:\Users\Pedro\faculdade\IniciacaoCientifica\grn\.env\Lib\site-packages\pandas\core\indexes\base.py
fn=__new__
486 52400
cfl=c:\Users\Pedro\faculdade\IniciacaoCientifica\grn\.env\Lib\site-packages\pandas\core\arrays\numpy_.py
cfn=dtype
calls=8 179
486 1600
cfl=c:\Users\Pedro\faculdade\IniciacaoCientifica\grn\.env\Lib\site-packages\pandas\core\construction.py
cfn=ensure_wrapped_if_datetimelike
calls=4 495
486 1500
cfl=c:\Users\Pedro\faculdade\IniciacaoCientifica\grn\.env\Lib\site-packages\pandas\core\construction.py
cfn=sanitize_array
calls=4 531
486 299000
cfl=c:\Users\Pedro\faculdade\IniciacaoCientifica\grn\.env\Lib\site-packages\pandas\core\dtypes\common.py
cfn=is_ea_or_datetimelike_dtype
calls=8 1547
486 4600
cfl=c:\Users\Pedro\faculdade\IniciacaoCientifica\grn\.env\Lib\site-packages\pandas\core\indexes\base.py
cfn=<genexpr>
calls=2 555
486 800
cfl=c:\Users\Pedro\faculdade\IniciacaoCientifica\grn\.env\Lib\site-packages\pandas\core\indexes\base.py
cfn=_ensure_array
calls=4 594
486 7800
cfl=c:\Users\Pedro\faculdade\IniciacaoCientifica\grn\.env\Lib\site-packages\pandas\core\indexes\base.py
cfn=_dtype_to_subclass
calls=4 612
486 16900
cfl=c:\Users\Pedro\faculdade\IniciacaoCientifica\grn\.env\Lib\site-packages\pandas\core\indexes\base.py
cfn=_simple_new
calls=4 652
486 14500
cfl=c:\Users\Pedro\faculdade\IniciacaoCientifica\grn\.env\Lib\site-packages\pandas\core\indexes\base.py
cfn=_maybe_copy_array_input
calls=4 5286
486 3600
cfl=c:\Users\Pedro\faculdade\IniciacaoCientifica\grn\.env\Lib\site-packages\pandas\core\indexes\base.py
cfn=maybe_extract_name
calls=4 8003
486 9700
cfl=~
cfn=<built-in method builtins.getattr>
calls=4 0
486 300
cfl=~
cfn=<built-in method builtins.hasattr>
calls=4 0
486 700
cfl=~
cfn=<built-in method builtins.isinstance>
calls=24 0
486 11600
cfl=~
cfn=<built-in method builtins.len>
calls=8 0
486 800

fl=c:\Users\Pedro\faculdade\IniciacaoCientifica\grn\.env\Lib\site-packages\pandas\core\indexes\base.py
fn=<genexpr>
555 700
cfl=~
cfn=<built-in method builtins.isinstance>
calls=1 0
555 100

fl=c:\Users\Pedro\faculdade\IniciacaoCientifica\grn\.env\Lib\site-packages\pandas\core\indexes\base.py
fn=_ensure_array
594 4200
cfl=c:\Users\Pedro\faculdade\IniciacaoCientifica\grn\.env\Lib\site-packages\pandas\core\arrays\string_.py
cfn=__eq__
calls=4 236
594 3600

fl=c:\Users\Pedro\faculdade\IniciacaoCientifica\grn\.env\Lib\site-packages\pandas\core\indexes\base.py
fn=_dtype_to_subclass
612 6600
cfl=c:\Users\Pedro\faculdade\IniciacaoCientifica\grn\.env\Lib\site-packages\pandas\core\dtypes\base.py
cfn=index_class
calls=4 416
612 10000
cfl=~
cfn=<built-in method builtins.isinstance>
calls=4 0
612 300

fl=c:\Users\Pedro\faculdade\IniciacaoCientifica\grn\.env\Lib\site-packages\pandas\core\indexes\base.py
fn=_simple_new
652 17800
cfl=c:\Users\Pedro\faculdade\IniciacaoCientifica\grn\.env\Lib\site-packages\pandas\core\indexes\base.py
cfn=_reset_identity
calls=8 837
652 3700
cfl=~
cfn=<built-in method __new__ of type object at 0x00007FFF81974D90>
calls=8 0
652 2100
cfl=~
cfn=<built-in method builtins.isinstance>
calls=8 0
652 1400

fl=c:\Users\Pedro\faculdade\IniciacaoCientifica\grn\.env\Lib\site-packages\pandas\core\indexes\base.py
fn=_view
779 4900
cfl=c:\Users\Pedro\faculdade\IniciacaoCientifica\grn\.env\Lib\site-packages\pandas\core\indexes\base.py
cfn=_simple_new
calls=4 652
779 10500
cfl=c:\Users\Pedro\faculdade\IniciacaoCientifica\grn\.env\Lib\site-packages\pandas\core\indexes\base.py
cfn=_values
calls=4 5101
779 700

fl=c:\Users\Pedro\faculdade\IniciacaoCientifica\grn\.env\Lib\site-packages\pandas\core\indexes\base.py
fn=_reset_identity
837 6000

fl=c:\Users\Pedro\faculdade\IniciacaoCientifica\grn\.env\Lib\site-packages\pandas\core\indexes\base.py
fn=_engine
849 13200
cfl=C:\Users\Pedro\AppData\Local\Python\pythoncore-3.14-64\Lib\typing.py
cfn=cast
calls=1 2300
849 100
cfl=c:\Users\Pedro\faculdade\IniciacaoCientifica\grn\.env\Lib\site-packages\pandas\core\arrays\string_.py
cfn=na_value
calls=1 150
849 100
cfl=c:\Users\Pedro\faculdade\IniciacaoCientifica\grn\.env\Lib\site-packages\pandas\core\dtypes\common.py
cfn=is_object_dtype
calls=1 142
849 8400
cfl=c:\Users\Pedro\faculdade\IniciacaoCientifica\grn\.env\Lib\site-packages\pandas\core\dtypes\common.py
cfn=is_string_dtype
calls=1 610
849 10000
cfl=c:\Users\Pedro\faculdade\IniciacaoCientifica\grn\.env\Lib\site-packages\pandas\core\dtypes\common.py
cfn=needs_i8_conversion
calls=1 1204
849 1100
cfl=c:\Users\Pedro\faculdade\IniciacaoCientifica\grn\.env\Lib\site-packages\pandas\core\indexes\base.py
cfn=dtype
calls=1 986
849 600
cfl=c:\Users\Pedro\faculdade\IniciacaoCientifica\grn\.env\Lib\site-packages\pandas\core\indexes\base.py
cfn=_values
calls=1 5101
849 0
cfl=c:\Users\Pedro\faculdade\IniciacaoCientifica\grn\.env\Lib\site-packages\pandas\core\indexes\base.py
cfn=_get_engine_target
calls=1 5127
849 700
cfl=~
cfn=<built-in method builtins.isinstance>
calls=2 0
849 200

fl=c:\Users\Pedro\faculdade\IniciacaoCientifica\grn\.env\Lib\site-packages\pandas\core\indexes\base.py
fn=__len__
918 2600
cfl=~
cfn=<built-in method builtins.len>
calls=10 0
918 1400

fl=c:\Users\Pedro\faculdade\IniciacaoCientifica\grn\.env\Lib\site-packages\pandas\core\indexes\base.py
fn=dtype
986 400
cfl=c:\Users\Pedro\faculdade\IniciacaoCientifica\grn\.env\Lib\site-packages\pandas\core\arrays\numpy_.py
cfn=dtype
calls=1 179
986 200

fl=c:\Users\Pedro\faculdade\IniciacaoCientifica\grn\.env\Lib\site-packages\pandas\core\indexes\base.py
fn=view
1033 7200
cfl=c:\Users\Pedro\faculdade\IniciacaoCientifica\grn\.env\Lib\site-packages\pandas\core\indexes\base.py
cfn=_view
calls=4 779
1033 16100
cfl=c:\Users\Pedro\faculdade\IniciacaoCientifica\grn\.env\Lib\site-packages\pandas\core\indexes\range.py
cfn=_view
calls=2 620
1033 4400
cfl=~
cfn=<built-in method builtins.isinstance>
calls=6 0
1033 400

fl=c:\Users\Pedro\faculdade\IniciacaoCientifica\grn\.env\Lib\site-packages\pandas\core\indexes\base.py
fn=_get_values_for_csv
1574 8600
cfl=c:\Users\Pedro\faculdade\IniciacaoCientifica\grn\.env\Lib\site-packages\pandas\core\indexes\base.py
cfn=_values
calls=2 5101
1574 200
cfl=c:\Users\Pedro\faculdade\IniciacaoCientifica\grn\.env\Lib\site-packages\pandas\core\indexes\base.py
cfn=get_values_for_csv
calls=2 8085
1574 168800

fl=c:\Users\Pedro\faculdade\IniciacaoCientifica\grn\.env\Lib\site-packages\pandas\core\indexes\base.py
fn=name
1779 500

fl=c:\Users\Pedro\faculdade\IniciacaoCientifica\grn\.env\Lib\site-packages\pandas\core\indexes\base.py
fn=get_loc
3601 18900
cfl=c:\Users\Pedro\faculdade\IniciacaoCientifica\grn\.env\Lib\site-packages\pandas\core\indexes\base.py
cfn=_engine
calls=1 849
3601 34400
cfl=c:\Users\Pedro\faculdade\IniciacaoCientifica\grn\.env\Lib\site-packages\pandas\core\indexes\base.py
cfn=_maybe_cast_indexer
calls=12 6814
3601 2300

fl=c:\Users\Pedro\faculdade\IniciacaoCientifica\grn\.env\Lib\site-packages\pandas\core\indexes\base.py
fn=_validate_positional_slice
4034 3000
cfl=c:\Users\Pedro\faculdade\IniciacaoCientifica\grn\.env\Lib\site-packages\pandas\core\indexes\base.py
cfn=_validate_indexer
calls=6 6852
4034 2600

fl=c:\Users\Pedro\faculdade\IniciacaoCientifica\grn\.env\Lib\site-packages\pandas\core\indexes\base.py
fn=_values
5101 1000

fl=c:\Users\Pedro\faculdade\IniciacaoCientifica\grn\.env\Lib\site-packages\pandas\core\indexes\base.py
fn=_get_engine_target
5127 600
cfl=c:\Users\Pedro\faculdade\IniciacaoCientifica\grn\.env\Lib\site-packages\pandas\core\indexes\base.py
cfn=_values
calls=1 5101
5127 0
cfl=~
cfn=<built-in method builtins.isinstance>
calls=1 0
5127 100

fl=c:\Users\Pedro\faculdade\IniciacaoCientifica\grn\.env\Lib\site-packages\pandas\core\indexes\base.py
fn=_maybe_copy_array_input
5286 3100
cfl=~
cfn=<built-in method builtins.isinstance>
calls=4 0
5286 500

fl=c:\Users\Pedro\faculdade\IniciacaoCientifica\grn\.env\Lib\site-packages\pandas\core\indexes\base.py
fn=_maybe_cast_indexer
6814 2300

fl=c:\Users\Pedro\faculdade\IniciacaoCientifica\grn\.env\Lib\site-packages\pandas\core\indexes\base.py
fn=_validate_indexer
6852 2600

fl=c:\Users\Pedro\faculdade\IniciacaoCientifica\grn\.env\Lib\site-packages\pandas\core\indexes\base.py
fn=ensure_index
7919 28100
cfl=c:\Users\Pedro\faculdade\IniciacaoCientifica\grn\.env\Lib\site-packages\pandas\core\dtypes\generic.py
cfn=_instancecheck
calls=6 43
7919 4500
cfl=c:\Users\Pedro\faculdade\IniciacaoCientifica\grn\.env\Lib\site-packages\pandas\core\indexes\base.py
cfn=__new__
calls=4 486
7919 425800
cfl=~
cfn=<built-in method builtins.isinstance>
calls=21 0
7919 9200

fl=c:\Users\Pedro\faculdade\IniciacaoCientifica\grn\.env\Lib\site-packages\pandas\core\indexes\base.py
fn=maybe_extract_name
8003 5700
cfl=c:\Users\Pedro\faculdade\IniciacaoCientifica\grn\.env\Lib\site-packages\pandas\core\dtypes\inference.py
cfn=is_hashable
calls=5 387
8003 2600
cfl=~
cfn=<built-in method builtins.isinstance>
calls=5 0
8003 5700

fl=c:\Users\Pedro\faculdade\IniciacaoCientifica\grn\.env\Lib\site-packages\pandas\core\indexes\base.py
fn=get_values_for_csv
8085 74200
cfl=c:\Users\Pedro\faculdade\IniciacaoCientifica\grn\.env\Lib\site-packages\pandas\core\arrays\numpy_.py
cfn=dtype
calls=36 179
8085 3500
cfl=c:\Users\Pedro\faculdade\IniciacaoCientifica\grn\.env\Lib\site-packages\pandas\core\arrays\string_.py
cfn=astype
calls=12 915
8085 366800
cfl=c:\Users\Pedro\faculdade\IniciacaoCientifica\grn\.env\Lib\site-packages\pandas\core\construction.py
cfn=ensure_wrapped_if_datetimelike
calls=18 495
8085 8400
cfl=c:\Users\Pedro\faculdade\IniciacaoCientifica\grn\.env\Lib\site-packages\pandas\core\dtypes\base.py
cfn=kind
calls=12 181
8085 1200
cfl=c:\Users\Pedro\faculdade\IniciacaoCientifica\grn\.env\Lib\site-packages\pandas\core\dtypes\missing.py
cfn=isna
calls=18 97
8085 187600
cfl=~
cfn=<built-in method builtins.isinstance>
calls=90 0
8085 10100
cfl=~
cfn=<built-in method numpy.array>
calls=6 0
8085 12700
cfl=~
cfn=<built-in method numpy.asarray>
calls=12 0
8085 2600
cfl=~
cfn=<method 'astype' of 'numpy.ndarray' objects>
calls=6 0
8085 7500

fl=c:\Users\Pedro\faculdade\IniciacaoCientifica\grn\.env\Lib\site-packages\pandas\core\indexes\range.py
fn=__new__
151 8900
cfl=c:\Users\Pedro\faculdade\IniciacaoCientifica\grn\.env\Lib\site-packages\pandas\core\common.py
cfn=all_none
calls=1 197
151 2300
cfl=c:\Users\Pedro\faculdade\IniciacaoCientifica\grn\.env\Lib\site-packages\pandas\core\dtypes\common.py
cfn=ensure_python_int
calls=2 96
151 1600
cfl=c:\Users\Pedro\faculdade\IniciacaoCientifica\grn\.env\Lib\site-packages\pandas\core\indexes\base.py
cfn=maybe_extract_name
calls=1 8003
151 4300
cfl=c:\Users\Pedro\faculdade\IniciacaoCientifica\grn\.env\Lib\site-packages\pandas\core\indexes\range.py
cfn=_simple_new
calls=1 236
151 2800
cfl=c:\Users\Pedro\faculdade\IniciacaoCientifica\grn\.env\Lib\site-packages\pandas\core\indexes\range.py
cfn=_validate_dtype
calls=1 251
151 200
cfl=~
cfn=<built-in method builtins.isinstance>
calls=2 0
151 200

fl=c:\Users\Pedro\faculdade\IniciacaoCientifica\grn\.env\Lib\site-packages\pandas\core\indexes\range.py
fn=_simple_new
236 7600
cfl=c:\Users\Pedro\faculdade\IniciacaoCientifica\grn\.env\Lib\site-packages\pandas\core\indexes\base.py
cfn=_reset_identity
calls=7 837
236 2300
cfl=~
cfn=<built-in method __new__ of type object at 0x00007FFF81974D90>
calls=7 0
236 1800
cfl=~
cfn=<built-in method builtins.isinstance>
calls=7 0
236 500

fl=c:\Users\Pedro\faculdade\IniciacaoCientifica\grn\.env\Lib\site-packages\pandas\core\indexes\range.py
fn=_validate_dtype
251 200

fl=c:\Users\Pedro\faculdade\IniciacaoCientifica\grn\.env\Lib\site-packages\pandas\core\indexes\range.py
fn=_view
620 1700
cfl=c:\Users\Pedro\faculdade\IniciacaoCientifica\grn\.env\Lib\site-packages\pandas\core\indexes\range.py
cfn=_simple_new
calls=2 236
620 2700

fl=c:\Users\Pedro\faculdade\IniciacaoCientifica\grn\.env\Lib\site-packages\pandas\core\indexes\range.py
fn=__len__
1265 16100
cfl=~
cfn=<built-in method builtins.len>
calls=76 0
1265 5300

fl=c:\Users\Pedro\faculdade\IniciacaoCientifica\grn\.env\Lib\site-packages\pandas\core\indexes\range.py
fn=_getitem_slice
1311 3700
cfl=c:\Users\Pedro\faculdade\IniciacaoCientifica\grn\.env\Lib\site-packages\pandas\core\indexes\range.py
cfn=_simple_new
calls=2 236
1311 2900

fl=c:\Users\Pedro\faculdade\IniciacaoCientifica\grn\.env\Lib\site-packages\pandas\core\indexing.py
fn=iloc
159 2200

fl=c:\Users\Pedro\faculdade\IniciacaoCientifica\grn\.env\Lib\site-packages\pandas\core\indexing.py
fn=_raise_callable_usage
1184 1600
cfl=~
cfn=<built-in method builtins.callable>
calls=2 0
1184 400

fl=c:\Users\Pedro\faculdade\IniciacaoCientifica\grn\.env\Lib\site-packages\pandas\core\indexing.py
fn=__getitem__
1192 12200
cfl=c:\Users\Pedro\faculdade\IniciacaoCientifica\grn\.env\Lib\site-packages\pandas\core\common.py
cfn=apply_if_callable
calls=2 377
1192 1800
cfl=c:\Users\Pedro\faculdade\IniciacaoCientifica\grn\.env\Lib\site-packages\pandas\core\indexing.py
cfn=_raise_callable_usage
calls=2 1184
1192 2000
cfl=c:\Users\Pedro\faculdade\IniciacaoCientifica\grn\.env\Lib\site-packages\pandas\core\indexing.py
cfn=_getitem_axis
calls=2 1740
1192 428600
cfl=c:\Users\Pedro\faculdade\IniciacaoCientifica\grn\.env\Lib\site-packages\pandas\core\indexing.py
cfn=check_dict_or_set_indexers
calls=2 2780
1192 3000

fl=c:\Users\Pedro\faculdade\IniciacaoCientifica\grn\.env\Lib\site-packages\pandas\core\indexing.py
fn=_getitem_axis
1740 2900
cfl=c:\Users\Pedro\faculdade\IniciacaoCientifica\grn\.env\Lib\site-packages\pandas\core\indexing.py
cfn=_get_slice_axis
calls=2 1777
1740 423300
cfl=~
cfn=<built-in method builtins.isinstance>
calls=4 0
1740 2400

fl=c:\Users\Pedro\faculdade\IniciacaoCientifica\grn\.env\Lib\site-packages\pandas\core\indexing.py
fn=_get_slice_axis
1777 6800
cfl=c:\Users\Pedro\faculdade\IniciacaoCientifica\grn\.env\Lib\site-packages\pandas\core\generic.py
cfn=_get_axis
calls=2 535
1777 4200
cfl=c:\Users\Pedro\faculdade\IniciacaoCientifica\grn\.env\Lib\site-packages\pandas\core\generic.py
cfn=_slice
calls=2 4308
1777 405800
cfl=c:\Users\Pedro\faculdade\IniciacaoCientifica\grn\.env\Lib\site-packages\pandas\core\indexes\base.py
cfn=_validate_positional_slice
calls=2 4034
1777 5600
cfl=c:\Users\Pedro\faculdade\IniciacaoCientifica\grn\.env\Lib\site-packages\pandas\core\indexing.py
cfn=need_slice
calls=2 2767
1777 900

fl=c:\Users\Pedro\faculdade\IniciacaoCientifica\grn\.env\Lib\site-packages\pandas\core\indexing.py
fn=need_slice
2767 900

fl=c:\Users\Pedro\faculdade\IniciacaoCientifica\grn\.env\Lib\site-packages\pandas\core\indexing.py
fn=check_dict_or_set_indexers
2780 2100
cfl=~
cfn=<built-in method builtins.isinstance>
calls=8 0
2780 900

fl=c:\Users\Pedro\faculdade\IniciacaoCientifica\grn\.env\Lib\site-packages\pandas\core\internals\blocks.py
fn=is_extension
168 13200
cfl=c:\Users\Pedro\faculdade\IniciacaoCientifica\grn\.env\Lib\site-packages\pandas\core\arrays\numpy_.py
cfn=dtype
calls=20 179
168 2000

fl=c:\Users\Pedro\faculdade\IniciacaoCientifica\grn\.env\Lib\site-packages\pandas\core\internals\blocks.py
fn=_can_consolidate
173 6600
cfl=c:\Users\Pedro\faculdade\IniciacaoCientifica\grn\.env\Lib\site-packages\pandas\core\internals\blocks.py
cfn=is_extension
calls=16 168
173 7000

fl=c:\Users\Pedro\faculdade\IniciacaoCientifica\grn\.env\Lib\site-packages\pandas\core\internals\blocks.py
fn=make_block
228 20800
cfl=c:\Users\Pedro\faculdade\IniciacaoCientifica\grn\.env\Lib\site-packages\pandas\core\internals\blocks.py
cfn=is_extension
calls=16 168
228 8200
cfl=c:\Users\Pedro\faculdade\IniciacaoCientifica\grn\.env\Lib\site-packages\pandas\core\internals\blocks.py
cfn=new_block
calls=16 2258
228 26900
cfl=c:\Users\Pedro\faculdade\IniciacaoCientifica\grn\.env\Lib\site-packages\pandas\core\internals\blocks.py
cfn=ensure_block_shape
calls=10 2352
228 18500

fl=c:\Users\Pedro\faculdade\IniciacaoCientifica\grn\.env\Lib\site-packages\pandas\core\internals\blocks.py
fn=dtype
573 900

fl=c:\Users\Pedro\faculdade\IniciacaoCientifica\grn\.env\Lib\site-packages\pandas\core\internals\blocks.py
fn=get_values_for_csv
624 15200
cfl=c:\Users\Pedro\faculdade\IniciacaoCientifica\grn\.env\Lib\site-packages\pandas\core\indexes\base.py
cfn=get_values_for_csv
calls=16 8085
624 505800
cfl=c:\Users\Pedro\faculdade\IniciacaoCientifica\grn\.env\Lib\site-packages\pandas\core\internals\blocks.py
cfn=make_block
calls=16 228
624 74400

fl=c:\Users\Pedro\faculdade\IniciacaoCientifica\grn\.env\Lib\site-packages\pandas\core\internals\blocks.py
fn=iget
961 6100

fl=c:\Users\Pedro\faculdade\IniciacaoCientifica\grn\.env\Lib\site-packages\pandas\core\internals\blocks.py
fn=slice_block_rows
2081 17800
cfl=c:\Users\Pedro\faculdade\IniciacaoCientifica\grn\.env\Lib\site-packages\pandas\core\arrays\_mixins.py
cfn=__getitem__
calls=10 287
2081 65100

fl=c:\Users\Pedro\faculdade\IniciacaoCientifica\grn\.env\Lib\site-packages\pandas\core\internals\blocks.py
fn=maybe_coerce_values
2187 7900
cfl=c:\Users\Pedro\faculdade\IniciacaoCientifica\grn\.env\Lib\site-packages\pandas\core\construction.py
cfn=ensure_wrapped_if_datetimelike
calls=7 495
2187 2600
cfl=~
cfn=<built-in method builtins.isinstance>
calls=24 0
2187 2400
cfl=~
cfn=<built-in method builtins.issubclass>
calls=7 0
2187 500

fl=c:\Users\Pedro\faculdade\IniciacaoCientifica\grn\.env\Lib\site-packages\pandas\core\internals\blocks.py
fn=get_block_type
2216 22600
cfl=~
cfn=<built-in method builtins.isinstance>
calls=132 0
2216 9100

fl=c:\Users\Pedro\faculdade\IniciacaoCientifica\grn\.env\Lib\site-packages\pandas\core\internals\blocks.py
fn=new_block_2d
2245 13200
cfl=c:\Users\Pedro\faculdade\IniciacaoCientifica\grn\.env\Lib\site-packages\pandas\core\arrays\numpy_.py
cfn=dtype
calls=5 179
2245 300
cfl=c:\Users\Pedro\faculdade\IniciacaoCientifica\grn\.env\Lib\site-packages\pandas\core\internals\blocks.py
cfn=maybe_coerce_values
calls=12 2187
2245 13400
cfl=c:\Users\Pedro\faculdade\IniciacaoCientifica\grn\.env\Lib\site-packages\pandas\core\internals\blocks.py
cfn=get_block_type
calls=12 2216
2245 8100

fl=c:\Users\Pedro\faculdade\IniciacaoCientifica\grn\.env\Lib\site-packages\pandas\core\internals\blocks.py
fn=new_block
2258 14800
cfl=c:\Users\Pedro\faculdade\IniciacaoCientifica\grn\.env\Lib\site-packages\pandas\core\internals\blocks.py
cfn=get_block_type
calls=16 2216
2258 12100

fl=c:\Users\Pedro\faculdade\IniciacaoCientifica\grn\.env\Lib\site-packages\pandas\core\internals\blocks.py
fn=extend_blocks
2336 9900
cfl=~
cfn=<built-in method builtins.isinstance>
calls=32 0
2336 2800
cfl=~
cfn=<method 'append' of 'list' objects>
calls=16 0
2336 2100

fl=c:\Users\Pedro\faculdade\IniciacaoCientifica\grn\.env\Lib\site-packages\pandas\core\internals\blocks.py
fn=ensure_block_shape
2352 16500
cfl=C:\Users\Pedro\AppData\Local\Python\pythoncore-3.14-64\Lib\typing.py
cfn=cast
calls=17 2300
2352 1400
cfl=c:\Users\Pedro\faculdade\IniciacaoCientifica\grn\.env\Lib\site-packages\pandas\core\arrays\numpy_.py
cfn=dtype
calls=5 179
2352 200
cfl=c:\Users\Pedro\faculdade\IniciacaoCientifica\grn\.env\Lib\site-packages\pandas\core\dtypes\common.py
cfn=is_1d_only_ea_dtype
calls=22 1473
2352 7900
cfl=~
cfn=<method 'reshape' of 'numpy.ndarray' objects>
calls=17 0
2352 8900

fl=c:\Users\Pedro\faculdade\IniciacaoCientifica\grn\.env\Lib\site-packages\pandas\core\internals\construction.py
fn=arrays_to_mgr
96 10800
cfl=c:\Users\Pedro\faculdade\IniciacaoCientifica\grn\.env\Lib\site-packages\pandas\core\indexes\base.py
cfn=ensure_index
calls=6 7919
96 2000
cfl=c:\Users\Pedro\faculdade\IniciacaoCientifica\grn\.env\Lib\site-packages\pandas\core\internals\construction.py
cfn=_homogenize
calls=3 553
96 521300
cfl=c:\Users\Pedro\faculdade\IniciacaoCientifica\grn\.env\Lib\site-packages\pandas\core\internals\managers.py
cfn=create_block_manager_from_column_arrays
calls=3 2319
96 270000
cfl=~
cfn=<built-in method builtins.len>
calls=6 0
96 2200

fl=c:\Users\Pedro\faculdade\IniciacaoCientifica\grn\.env\Lib\site-packages\pandas\core\internals\construction.py
fn=dict_to_mgr
375 16000
cfl=c:\Users\Pedro\faculdade\IniciacaoCientifica\grn\.env\Lib\site-packages\pandas\core\arrays\base.py
cfn=__iter__
calls=13 559
375 11900
cfl=c:\Users\Pedro\faculdade\IniciacaoCientifica\grn\.env\Lib\site-packages\pandas\core\base.py
cfn=__iter__
calls=1 931
375 2200
cfl=c:\Users\Pedro\faculdade\IniciacaoCientifica\grn\.env\Lib\site-packages\pandas\core\indexes\base.py
cfn=get_loc
calls=12 3601
375 55600
cfl=c:\Users\Pedro\faculdade\IniciacaoCientifica\grn\.env\Lib\site-packages\pandas\core\indexes\base.py
cfn=ensure_index
calls=3 7919
375 180000
cfl=c:\Users\Pedro\faculdade\IniciacaoCientifica\grn\.env\Lib\site-packages\pandas\core\internals\construction.py
cfn=arrays_to_mgr
calls=1 96
375 295900
cfl=~
cfn=<built-in method builtins.len>
calls=1 0
375 1100
cfl=~
cfn=<method 'keys' of 'dict' objects>
calls=1 0
375 200
cfl=~
cfn=<method 'values' of 'dict' objects>
calls=1 0
375 100

fl=c:\Users\Pedro\faculdade\IniciacaoCientifica\grn\.env\Lib\site-packages\pandas\core\internals\construction.py
fn=nested_data_to_arrays
463 10600
cfl=c:\Users\Pedro\faculdade\IniciacaoCientifica\grn\.env\Lib\site-packages\pandas\core\dtypes\inference.py
cfn=is_named_tuple
calls=2 349
463 17900
cfl=c:\Users\Pedro\faculdade\IniciacaoCientifica\grn\.env\Lib\site-packages\pandas\core\indexes\api.py
cfn=default_index
calls=2 340
463 7000
cfl=c:\Users\Pedro\faculdade\IniciacaoCientifica\grn\.env\Lib\site-packages\pandas\core\indexes\base.py
cfn=ensure_index
calls=2 7919
463 700
cfl=c:\Users\Pedro\faculdade\IniciacaoCientifica\grn\.env\Lib\site-packages\pandas\core\internals\construction.py
cfn=to_arrays
calls=2 759
463 651400
cfl=~
cfn=<built-in method builtins.isinstance>
calls=2 0
463 2800
cfl=~
cfn=<built-in method builtins.len>
calls=2 0
463 300

fl=c:\Users\Pedro\faculdade\IniciacaoCientifica\grn\.env\Lib\site-packages\pandas\core\internals\construction.py
fn=treat_as_nested
489 5900
cfl=~
cfn=<built-in method builtins.getattr>
calls=2 0
489 200
cfl=~
cfn=<built-in method builtins.isinstance>
calls=2 0
489 100
cfl=~
cfn=<built-in method builtins.len>
calls=2 0
489 200

fl=c:\Users\Pedro\faculdade\IniciacaoCientifica\grn\.env\Lib\site-packages\pandas\core\internals\construction.py
fn=_homogenize
553 45100
cfl=c:\Users\Pedro\faculdade\IniciacaoCientifica\grn\.env\Lib\site-packages\pandas\core\common.py
cfn=require_length_match
calls=36 596
553 32000
cfl=c:\Users\Pedro\faculdade\IniciacaoCientifica\grn\.env\Lib\site-packages\pandas\core\construction.py
cfn=sanitize_array
calls=36 531
553 400900
cfl=~
cfn=<built-in method builtins.isinstance>
calls=72 0
553 33700
cfl=~
cfn=<method 'append' of 'list' objects>
calls=72 0
553 9600

fl=c:\Users\Pedro\faculdade\IniciacaoCientifica\grn\.env\Lib\site-packages\pandas\core\internals\construction.py
fn=to_arrays
759 9200
cfl=c:\Users\Pedro\faculdade\IniciacaoCientifica\grn\.env\Lib\site-packages\pandas\core\internals\construction.py
cfn=_list_of_dict_to_arrays
calls=2 858
759 316700
cfl=c:\Users\Pedro\faculdade\IniciacaoCientifica\grn\.env\Lib\site-packages\pandas\core\internals\construction.py
cfn=_finalize_columns_and_data
calls=2 900
759 322900
cfl=~
cfn=<built-in method builtins.isinstance>
calls=6 0
759 2400
cfl=~
cfn=<built-in method builtins.len>
calls=2 0
759 200

fl=c:\Users\Pedro\faculdade\IniciacaoCientifica\grn\.env\Lib\site-packages\pandas\core\internals\construction.py
fn=_list_of_dict_to_arrays
858 25900
cfl=c:\Users\Pedro\faculdade\IniciacaoCientifica\grn\.env\Lib\site-packages\pandas\core\indexes\base.py
cfn=ensure_index
calls=2 7919
858 284900
cfl=c:\Users\Pedro\faculdade\IniciacaoCientifica\grn\.env\Lib\site-packages\pandas\core\internals\construction.py
cfn=<genexpr>:886
calls=4 886
858 3300
cfl=c:\Users\Pedro\faculdade\IniciacaoCientifica\grn\.env\Lib\site-packages\pandas\core\internals\construction.py
cfn=<genexpr>:887
calls=4 887
858 2600

fl=c:\Users\Pedro\faculdade\IniciacaoCientifica\grn\.env\Lib\site-packages\pandas\core\internals\construction.py
fn=<genexpr>:886
886 2600
cfl=~
cfn=<method 'keys' of 'dict' objects>
calls=2 0
886 700

fl=c:\Users\Pedro\faculdade\IniciacaoCientifica\grn\.env\Lib\site-packages\pandas\core\internals\construction.py
fn=<genexpr>:887
887 2400
cfl=~
cfn=<built-in method builtins.isinstance>
calls=2 0
887 200

fl=c:\Users\Pedro\faculdade\IniciacaoCientifica\grn\.env\Lib\site-packages\pandas\core\internals\construction.py
fn=_finalize_columns_and_data
900 15700
cfl=c:\Users\Pedro\faculdade\IniciacaoCientifica\grn\.env\Lib\site-packages\pandas\core\internals\construction.py
cfn=_validate_or_indexify_columns
calls=2 922
900 5300
cfl=c:\Users\Pedro\faculdade\IniciacaoCientifica\grn\.env\Lib\site-packages\pandas\core\internals\construction.py
cfn=convert_object_array
calls=2 977
900 301900

fl=c:\Users\Pedro\faculdade\IniciacaoCientifica\grn\.env\Lib\site-packages\pandas\core\internals\construction.py
fn=_validate_or_indexify_columns
922 2000
cfl=~
cfn=<built-in method builtins.isinstance>
calls=2 0
922 800
cfl=~
cfn=<built-in method builtins.len>
calls=4 0
922 2500

fl=c:\Users\Pedro\faculdade\IniciacaoCientifica\grn\.env\Lib\site-packages\pandas\core\internals\construction.py
fn=convert_object_array
977 9700
cfl=c:\Users\Pedro\faculdade\IniciacaoCientifica\grn\.env\Lib\site-packages\pandas\core\internals\construction.py
cfn=convert
calls=24 999
977 292200

fl=c:\Users\Pedro\faculdade\IniciacaoCientifica\grn\.env\Lib\site-packages\pandas\core\internals\construction.py
fn=convert
999 124000
cfl=c:\Users\Pedro\faculdade\IniciacaoCientifica\grn\.env\Lib\site-packages\numpy\_core\numeric.py
cfn=full
calls=44 323
999 60100
cfl=c:\Users\Pedro\faculdade\IniciacaoCientifica\grn\.env\Lib\site-packages\pandas\_config\__init__.py
cfn=using_string_dtype
calls=10 33
999 1800
cfl=c:\Users\Pedro\faculdade\IniciacaoCientifica\grn\.env\Lib\site-packages\pandas\core\arrays\string_.py
cfn=__init__
calls=10 197
999 55600
cfl=c:\Users\Pedro\faculdade\IniciacaoCientifica\grn\.env\Lib\site-packages\pandas\core\arrays\string_.py
cfn=construct_array_type
calls=10 312
999 9700
cfl=c:\Users\Pedro\faculdade\IniciacaoCientifica\grn\.env\Lib\site-packages\pandas\core\arrays\string_.py
cfn=_from_sequence
calls=10 756
999 38900
cfl=~
cfn=<built-in method builtins.isinstance>
calls=24 0
999 2100

fl=c:\Users\Pedro\faculdade\IniciacaoCientifica\grn\.env\Lib\site-packages\pandas\core\internals\managers.py
fn=shape
215 3300
cfl=c:\Users\Pedro\faculdade\IniciacaoCientifica\grn\.env\Lib\site-packages\pandas\core\internals\managers.py
cfn=<genexpr>
calls=6 217
215 3800

fl=c:\Users\Pedro\faculdade\IniciacaoCientifica\grn\.env\Lib\site-packages\pandas\core\internals\managers.py
fn=<genexpr>
217 1600
cfl=~
cfn=<built-in method builtins.len>
calls=4 0
217 2200

fl=c:\Users\Pedro\faculdade\IniciacaoCientifica\grn\.env\Lib\site-packages\pandas\core\internals\managers.py
fn=blknos
223 21000
cfl=c:\Users\Pedro\faculdade\IniciacaoCientifica\grn\.env\Lib\site-packages\pandas\core\internals\managers.py
cfn=shape
calls=2 215
223 7100

fl=c:\Users\Pedro\faculdade\IniciacaoCientifica\grn\.env\Lib\site-packages\pandas\core\internals\managers.py
fn=blklocs
239 3100

fl=c:\Users\Pedro\faculdade\IniciacaoCientifica\grn\.env\Lib\site-packages\pandas\core\internals\managers.py
fn=apply
399 27500
cfl=c:\Users\Pedro\faculdade\IniciacaoCientifica\grn\.env\Lib\site-packages\pandas\core\indexes\base.py
cfn=view
calls=4 1033
399 16100
cfl=c:\Users\Pedro\faculdade\IniciacaoCientifica\grn\.env\Lib\site-packages\pandas\core\internals\blocks.py
cfn=get_values_for_csv
calls=16 624
399 595400
cfl=c:\Users\Pedro\faculdade\IniciacaoCientifica\grn\.env\Lib\site-packages\pandas\core\internals\blocks.py
cfn=extend_blocks
calls=16 2336
399 14800
cfl=c:\Users\Pedro\faculdade\IniciacaoCientifica\grn\.env\Lib\site-packages\pandas\core\internals\managers.py
cfn=from_blocks
calls=2 1130
399 3600
cfl=~
cfn=<built-in method builtins.callable>
calls=16 0
399 2100
cfl=~
cfn=<built-in method builtins.getattr>
calls=16 0
399 2100

fl=c:\Users\Pedro\faculdade\IniciacaoCientifica\grn\.env\Lib\site-packages\pandas\core\internals\managers.py
fn=get_values_for_csv
622 5600
cfl=c:\Users\Pedro\faculdade\IniciacaoCientifica\grn\.env\Lib\site-packages\pandas\core\internals\managers.py
cfn=apply
calls=2 399
622 661600

fl=c:\Users\Pedro\faculdade\IniciacaoCientifica\grn\.env\Lib\site-packages\pandas\core\internals\managers.py
fn=__init__
1095 1000

fl=c:\Users\Pedro\faculdade\IniciacaoCientifica\grn\.env\Lib\site-packages\pandas\core\internals\managers.py
fn=from_blocks
1130 3300
cfl=c:\Users\Pedro\faculdade\IniciacaoCientifica\grn\.env\Lib\site-packages\pandas\core\internals\managers.py
cfn=__init__
calls=2 1095
1130 300

fl=c:\Users\Pedro\faculdade\IniciacaoCientifica\grn\.env\Lib\site-packages\pandas\core\internals\managers.py
fn=iget_values
1227 21200
cfl=c:\Users\Pedro\faculdade\IniciacaoCientifica\grn\.env\Lib\site-packages\pandas\core\internals\blocks.py
cfn=iget
calls=24 961
1227 6100
cfl=c:\Users\Pedro\faculdade\IniciacaoCientifica\grn\.env\Lib\site-packages\pandas\core\internals\managers.py
cfn=blknos
calls=24 223
1227 28100
cfl=c:\Users\Pedro\faculdade\IniciacaoCientifica\grn\.env\Lib\site-packages\pandas\core\internals\managers.py
cfn=blklocs
calls=24 239
1227 3100

fl=c:\Users\Pedro\faculdade\IniciacaoCientifica\grn\.env\Lib\site-packages\pandas\core\internals\managers.py
fn=is_consolidated
1944 3000
cfl=c:\Users\Pedro\faculdade\IniciacaoCientifica\grn\.env\Lib\site-packages\pandas\core\internals\managers.py
cfn=_consolidate_check
calls=2 1952
1944 29200

fl=c:\Users\Pedro\faculdade\IniciacaoCientifica\grn\.env\Lib\site-packages\pandas\core\internals\managers.py
fn=_consolidate_check
1952 14200
cfl=c:\Users\Pedro\faculdade\IniciacaoCientifica\grn\.env\Lib\site-packages\pandas\core\internals\blocks.py
cfn=_can_consolidate
calls=16 173
1952 13600
cfl=c:\Users\Pedro\faculdade\IniciacaoCientifica\grn\.env\Lib\site-packages\pandas\core\internals\blocks.py
cfn=dtype
calls=6 573
1952 900
cfl=~
cfn=<built-in method builtins.len>
calls=6 0
1952 500

fl=c:\Users\Pedro\faculdade\IniciacaoCientifica\grn\.env\Lib\site-packages\pandas\core\internals\managers.py
fn=_consolidate_inplace
1962 1500
cfl=c:\Users\Pedro\faculdade\IniciacaoCientifica\grn\.env\Lib\site-packages\pandas\core\internals\managers.py
cfn=is_consolidated
calls=2 1944
1962 32200

fl=c:\Users\Pedro\faculdade\IniciacaoCientifica\grn\.env\Lib\site-packages\pandas\core\internals\managers.py
fn=create_block_manager_from_column_arrays
2319 16500
cfl=c:\Users\Pedro\faculdade\IniciacaoCientifica\grn\.env\Lib\site-packages\pandas\core\internals\managers.py
cfn=__init__
calls=3 1095
2319 400
cfl=c:\Users\Pedro\faculdade\IniciacaoCientifica\grn\.env\Lib\site-packages\pandas\core\internals\managers.py
cfn=_consolidate_inplace
calls=2 1962
2319 33700
cfl=c:\Users\Pedro\faculdade\IniciacaoCientifica\grn\.env\Lib\site-packages\pandas\core\internals\managers.py
cfn=_form_blocks
calls=3 2388
2319 219400

fl=c:\Users\Pedro\faculdade\IniciacaoCientifica\grn\.env\Lib\site-packages\pandas\core\internals\managers.py
fn=_grouping_func
2375 11900
cfl=c:\Users\Pedro\faculdade\IniciacaoCientifica\grn\.env\Lib\site-packages\pandas\core\arrays\numpy_.py
cfn=dtype
calls=10 179
2375 1400
cfl=c:\Users\Pedro\faculdade\IniciacaoCientifica\grn\.env\Lib\site-packages\pandas\core\dtypes\common.py
cfn=is_1d_only_ea_dtype
calls=24 1473
2375 9000
cfl=~
cfn=<built-in method builtins.id>
calls=10 0
2375 1300

fl=c:\Users\Pedro\faculdade\IniciacaoCientifica\grn\.env\Lib\site-packages\pandas\core\internals\managers.py
fn=_form_blocks
2388 61100
cfl=c:\Users\Pedro\faculdade\IniciacaoCientifica\grn\.env\Lib\site-packages\numpy\_core\_asarray.py
cfn=require
calls=6 22
2388 20900
cfl=c:\Users\Pedro\faculdade\IniciacaoCientifica\grn\.env\Lib\site-packages\pandas\core\dtypes\common.py
cfn=is_1d_only_ea_dtype
calls=10 1473
2388 4500
cfl=c:\Users\Pedro\faculdade\IniciacaoCientifica\grn\.env\Lib\site-packages\pandas\core\internals\blocks.py
cfn=get_block_type
calls=16 2216
2388 11500
cfl=c:\Users\Pedro\faculdade\IniciacaoCientifica\grn\.env\Lib\site-packages\pandas\core\internals\managers.py
cfn=_grouping_func
calls=12 2375
2388 14500
cfl=c:\Users\Pedro\faculdade\IniciacaoCientifica\grn\.env\Lib\site-packages\pandas\core\internals\managers.py
cfn=_tuples_to_blocks_no_consolidate
calls=1 2434
2388 62700
cfl=c:\Users\Pedro\faculdade\IniciacaoCientifica\grn\.env\Lib\site-packages\pandas\core\internals\managers.py
cfn=_stack_arrays
calls=6 2444
2388 38300
cfl=~
cfn=<built-in method builtins.isinstance>
calls=16 0
2388 2500
cfl=~
cfn=<built-in method builtins.issubclass>
calls=6 0
2388 600
cfl=~
cfn=<method 'append' of 'list' objects>
calls=6 0
2388 800
cfl=~
cfn=<method 'extend' of 'list' objects>
calls=10 0
2388 2000

fl=c:\Users\Pedro\faculdade\IniciacaoCientifica\grn\.env\Lib\site-packages\pandas\core\internals\managers.py
fn=_tuples_to_blocks_no_consolidate
2434 11300
cfl=c:\Users\Pedro\faculdade\IniciacaoCientifica\grn\.env\Lib\site-packages\pandas\core\internals\blocks.py
cfn=new_block_2d
calls=12 2245
2434 35000
cfl=c:\Users\Pedro\faculdade\IniciacaoCientifica\grn\.env\Lib\site-packages\pandas\core\internals\blocks.py
cfn=ensure_block_shape
calls=12 2352
2434 16400

fl=c:\Users\Pedro\faculdade\IniciacaoCientifica\grn\.env\Lib\site-packages\pandas\core\internals\managers.py
fn=_stack_arrays
2444 26200
cfl=c:\Users\Pedro\faculdade\IniciacaoCientifica\grn\.env\Lib\site-packages\pandas\core\internals\managers.py
cfn=_grouping_func
calls=12 2375
2444 9100
cfl=~
cfn=<built-in method builtins.len>
calls=6 0
2444 400
cfl=~
cfn=<built-in method numpy.empty>
calls=6 0
2444 2600

fl=c:\Users\Pedro\faculdade\IniciacaoCientifica\grn\.env\Lib\site-packages\pandas\io\common.py
fn=close
126 6100
cfl=~
cfn=<method 'close' of '_io.TextIOWrapper' objects>
calls=3 0
126 183200

fl=c:\Users\Pedro\faculdade\IniciacaoCientifica\grn\.env\Lib\site-packages\pandas\io\common.py
fn=__enter__
143 200

fl=c:\Users\Pedro\faculdade\IniciacaoCientifica\grn\.env\Lib\site-packages\pandas\io\common.py
fn=__exit__
146 2200
cfl=c:\Users\Pedro\faculdade\IniciacaoCientifica\grn\.env\Lib\site-packages\pandas\io\common.py
cfn=close
calls=2 126
146 165300

fl=c:\Users\Pedro\faculdade\IniciacaoCientifica\grn\.env\Lib\site-packages\pandas\io\common.py
fn=is_url
155 5400
cfl=C:\Users\Pedro\AppData\Local\Python\pythoncore-3.14-64\Lib\urllib\parse.py
cfn=urlparse
calls=3 374
155 43200
cfl=~
cfn=<built-in method builtins.isinstance>
calls=3 0
155 300

fl=c:\Users\Pedro\faculdade\IniciacaoCientifica\grn\.env\Lib\site-packages\pandas\io\common.py
fn=_expand_user
181 7200
cfl=<frozen ntpath>
cfn=expanduser
calls=9 343
181 9300
cfl=~
cfn=<built-in method builtins.isinstance>
calls=9 0
181 900

fl=c:\Users\Pedro\faculdade\IniciacaoCientifica\grn\.env\Lib\site-packages\pandas\io\common.py
fn=validate_header_arg
200 1200
cfl=C:\Users\Pedro\AppData\Local\Python\pythoncore-3.14-64\Lib\typing.py
cfn=cast
calls=1 2300
200 0

fl=c:\Users\Pedro\faculdade\IniciacaoCientifica\grn\.env\Lib\site-packages\pandas\io\common.py
fn=stringify_path
241 5400
cfl=c:\Users\Pedro\faculdade\IniciacaoCientifica\grn\.env\Lib\site-packages\pandas\core\dtypes\inference.py
cfn=is_file_like
calls=3 106
241 2500
cfl=c:\Users\Pedro\faculdade\IniciacaoCientifica\grn\.env\Lib\site-packages\pandas\io\common.py
cfn=_expand_user
calls=6 181
241 12900
cfl=~
cfn=<built-in method builtins.isinstance>
calls=6 0
241 5300

fl=c:\Users\Pedro\faculdade\IniciacaoCientifica\grn\.env\Lib\site-packages\pandas\io\common.py
fn=is_fsspec_url
285 4000
cfl=~
cfn=<built-in method builtins.isinstance>
calls=3 0
285 300
cfl=~
cfn=<method 'match' of 're.Pattern' objects>
calls=3 0
285 2700

fl=c:\Users\Pedro\faculdade\IniciacaoCientifica\grn\.env\Lib\site-packages\pandas\io\common.py
fn=_get_filepath_or_buffer
297 24200
cfl=<string>
cfn=__init__:2
calls=3 2
297 3000
cfl=c:\Users\Pedro\faculdade\IniciacaoCientifica\grn\.env\Lib\site-packages\pandas\io\common.py
cfn=is_url
calls=3 155
297 48900
cfl=c:\Users\Pedro\faculdade\IniciacaoCientifica\grn\.env\Lib\site-packages\pandas\io\common.py
cfn=_expand_user
calls=3 181
297 4500
cfl=c:\Users\Pedro\faculdade\IniciacaoCientifica\grn\.env\Lib\site-packages\pandas\io\common.py
cfn=stringify_path
calls=3 241
297 18000
cfl=c:\Users\Pedro\faculdade\IniciacaoCientifica\grn\.env\Lib\site-packages\pandas\io\common.py
cfn=is_fsspec_url
calls=3 285
297 7000
cfl=c:\Users\Pedro\faculdade\IniciacaoCientifica\grn\.env\Lib\site-packages\pandas\io\common.py
cfn=get_compression_method
calls=3 539
297 3900
cfl=c:\Users\Pedro\faculdade\IniciacaoCientifica\grn\.env\Lib\site-packages\pandas\io\common.py
cfn=infer_compression
calls=3 574
297 71800
cfl=~
cfn=<built-in method builtins.isinstance>
calls=6 0
297 700

fl=c:\Users\Pedro\faculdade\IniciacaoCientifica\grn\.env\Lib\site-packages\pandas\io\common.py
fn=get_compression_method
539 1200
cfl=~
cfn=<built-in method builtins.isinstance>
calls=3 0
539 2700

fl=c:\Users\Pedro\faculdade\IniciacaoCientifica\grn\.env\Lib\site-packages\pandas\io\common.py
fn=infer_compression
574 16100
cfl=c:\Users\Pedro\faculdade\IniciacaoCientifica\grn\.env\Lib\site-packages\pandas\io\common.py
cfn=stringify_path
calls=3 241
574 8100
cfl=~
cfn=<built-in method builtins.isinstance>
calls=6 0
574 500
cfl=~
cfn=<method 'endswith' of 'str' objects>
calls=27 0
574 3800
cfl=~
cfn=<method 'items' of 'dict' objects>
calls=3 0
574 700
cfl=~
cfn=<method 'lower' of 'str' objects>
calls=27 0
574 42600

fl=c:\Users\Pedro\faculdade\IniciacaoCientifica\grn\.env\Lib\site-packages\pandas\io\common.py
fn=check_parent_directory
645 10500
cfl=C:\Users\Pedro\AppData\Local\Python\pythoncore-3.14-64\Lib\pathlib\__init__.py
cfn=__init__
calls=2 135
645 3700
cfl=C:\Users\Pedro\AppData\Local\Python\pythoncore-3.14-64\Lib\pathlib\__init__.py
cfn=parent
calls=2 381
645 40900
cfl=C:\Users\Pedro\AppData\Local\Python\pythoncore-3.14-64\Lib\pathlib\__init__.py
cfn=__new__
calls=2 632
645 2300
cfl=C:\Users\Pedro\AppData\Local\Python\pythoncore-3.14-64\Lib\pathlib\__init__.py
cfn=is_dir
calls=2 674
645 97400

fl=c:\Users\Pedro\faculdade\IniciacaoCientifica\grn\.env\Lib\site-packages\pandas\io\common.py
fn=get_handle
701 44400
cfl=<string>
cfn=__init__:2
calls=3 2
701 1900
cfl=c:\Users\Pedro\faculdade\IniciacaoCientifica\grn\.env\Lib\site-packages\pandas\io\common.py
cfn=_get_filepath_or_buffer
calls=3 297
701 182000
cfl=c:\Users\Pedro\faculdade\IniciacaoCientifica\grn\.env\Lib\site-packages\pandas\io\common.py
cfn=check_parent_directory
calls=2 645
701 154800
cfl=c:\Users\Pedro\faculdade\IniciacaoCientifica\grn\.env\Lib\site-packages\pandas\io\common.py
cfn=_maybe_memory_map
calls=3 1178
701 3300
cfl=c:\Users\Pedro\faculdade\IniciacaoCientifica\grn\.env\Lib\site-packages\pandas\io\common.py
cfn=_is_binary_mode
calls=6 1228
701 31800
cfl=~
cfn=<built-in method _codecs.lookup>
calls=3 0
701 2000
cfl=~
cfn=<built-in method _codecs.lookup_error>
calls=3 0
701 1700
cfl=~
cfn=<built-in method _io.open>
calls=3 0
701 4672400
cfl=~
cfn=<built-in method builtins.hasattr>
calls=1 0
701 600
cfl=~
cfn=<built-in method builtins.isinstance>
calls=9 0
701 1000
cfl=~
cfn=<method 'append' of 'list' objects>
calls=3 0
701 900
cfl=~
cfn=<method 'pop' of 'dict' objects>
calls=3 0
701 700
cfl=~
cfn=<method 'reverse' of 'list' objects>
calls=3 0
701 700

fl=c:\Users\Pedro\faculdade\IniciacaoCientifica\grn\.env\Lib\site-packages\pandas\io\common.py
fn=_maybe_memory_map
1178 2800
cfl=~
cfn=<built-in method builtins.hasattr>
calls=3 0
1178 400
cfl=~
cfn=<built-in method builtins.isinstance>
calls=3 0
1178 100

fl=c:\Users\Pedro\faculdade\IniciacaoCientifica\grn\.env\Lib\site-packages\pandas\io\common.py
fn=_is_binary_mode
1228 12800
cfl=~
cfn=<built-in method builtins.getattr>
calls=6 0
1228 1100
cfl=~
cfn=<built-in method builtins.isinstance>
calls=6 0
1228 16400
cfl=~
cfn=<built-in method builtins.issubclass>
calls=6 0
1228 1500

fl=c:\Users\Pedro\faculdade\IniciacaoCientifica\grn\.env\Lib\site-packages\pandas\io\common.py
fn=is_potential_multi_index
1267 5800
cfl=c:\Users\Pedro\faculdade\IniciacaoCientifica\grn\.env\Lib\site-packages\pandas\io\common.py
cfn=<genexpr>
calls=4 1294
1267 3900
cfl=~
cfn=<built-in method builtins.isinstance>
calls=2 0
1267 3600
cfl=~
cfn=<built-in method builtins.len>
calls=2 0
1267 100

fl=c:\Users\Pedro\faculdade\IniciacaoCientifica\grn\.env\Lib\site-packages\pandas\io\common.py
fn=<genexpr>
1294 3600
cfl=~
cfn=<built-in method builtins.isinstance>
calls=2 0
1294 300

fl=c:\Users\Pedro\faculdade\IniciacaoCientifica\grn\.env\Lib\site-packages\pandas\io\common.py
fn=dedup_names
1298 4900

fl=c:\Users\Pedro\faculdade\IniciacaoCientifica\grn\.env\Lib\site-packages\pandas\io\formats\csvs.py
fn=<module>
1 16500
cfl=<frozen importlib._bootstrap>
cfn=_handle_fromlist
calls=1 1401
1 1200
cfl=C:\Users\Pedro\AppData\Local\Python\pythoncore-3.14-64\Lib\typing.py
cfn=__getattr__
calls=1 3827
1 2400
cfl=~
cfn=<built-in method builtins.__build_class__>
calls=1 0
1 24900

fl=c:\Users\Pedro\faculdade\IniciacaoCientifica\grn\.env\Lib\site-packages\pandas\io\formats\csvs.py
fn=CSVFormatter
56 9400

fl=c:\Users\Pedro\faculdade\IniciacaoCientifica\grn\.env\Lib\site-packages\pandas\io\formats\csvs.py
fn=__init__
59 12000
cfl=c:\Users\Pedro\faculdade\IniciacaoCientifica\grn\.env\Lib\site-packages\pandas\io\formats\csvs.py
cfn=_initialize_index_label
calls=2 121
59 11800
cfl=c:\Users\Pedro\faculdade\IniciacaoCientifica\grn\.env\Lib\site-packages\pandas\io\formats\csvs.py
cfn=_initialize_quotechar
calls=2 143
59 600
cfl=c:\Users\Pedro\faculdade\IniciacaoCientifica\grn\.env\Lib\site-packages\pandas\io\formats\csvs.py
cfn=_initialize_columns
calls=2 153
59 191200
cfl=c:\Users\Pedro\faculdade\IniciacaoCientifica\grn\.env\Lib\site-packages\pandas\io\formats\csvs.py
cfn=_initialize_chunksize
calls=2 174
59 1400

fl=c:\Users\Pedro\faculdade\IniciacaoCientifica\grn\.env\Lib\site-packages\pandas\io\formats\csvs.py
fn=na_rep
101 700

fl=c:\Users\Pedro\faculdade\IniciacaoCientifica\grn\.env\Lib\site-packages\pandas\io\formats\csvs.py
fn=float_format
105 600

fl=c:\Users\Pedro\faculdade\IniciacaoCientifica\grn\.env\Lib\site-packages\pandas\io\formats\csvs.py
fn=decimal
109 400

fl=c:\Users\Pedro\faculdade\IniciacaoCientifica\grn\.env\Lib\site-packages\pandas\io\formats\csvs.py
fn=header
113 1100

fl=c:\Users\Pedro\faculdade\IniciacaoCientifica\grn\.env\Lib\site-packages\pandas\io\formats\csvs.py
fn=index
117 1100

fl=c:\Users\Pedro\faculdade\IniciacaoCientifica\grn\.env\Lib\site-packages\pandas\io\formats\csvs.py
fn=_initialize_index_label
121 1400
cfl=c:\Users\Pedro\faculdade\IniciacaoCientifica\grn\.env\Lib\site-packages\pandas\io\formats\csvs.py
cfn=_get_index_label_from_obj
calls=2 130
121 10400

fl=c:\Users\Pedro\faculdade\IniciacaoCientifica\grn\.env\Lib\site-packages\pandas\io\formats\csvs.py
fn=_get_index_label_from_obj
130 3400
cfl=c:\Users\Pedro\faculdade\IniciacaoCientifica\grn\.env\Lib\site-packages\pandas\io\formats\csvs.py
cfn=_get_index_label_flat
calls=2 139
130 3100
cfl=~
cfn=<built-in method builtins.isinstance>
calls=2 0
130 3900

fl=c:\Users\Pedro\faculdade\IniciacaoCientifica\grn\.env\Lib\site-packages\pandas\io\formats\csvs.py
fn=_get_index_label_flat
139 2600
cfl=c:\Users\Pedro\faculdade\IniciacaoCientifica\grn\.env\Lib\site-packages\pandas\core\indexes\base.py
cfn=name
calls=2 1779
139 500

fl=c:\Users\Pedro\faculdade\IniciacaoCientifica\grn\.env\Lib\site-packages\pandas\io\formats\csvs.py
fn=_initialize_quotechar
143 600

fl=c:\Users\Pedro\faculdade\IniciacaoCientifica\grn\.env\Lib\site-packages\pandas\io\formats\csvs.py
fn=has_mi_columns
149 4900
cfl=~
cfn=<built-in method builtins.isinstance>
calls=6 0
149 6500

fl=c:\Users\Pedro\faculdade\IniciacaoCientifica\grn\.env\Lib\site-packages\pandas\io\formats\csvs.py
fn=_initialize_columns
153 6500
cfl=c:\Users\Pedro\faculdade\IniciacaoCientifica\grn\.env\Lib\site-packages\pandas\core\indexes\base.py
cfn=_get_values_for_csv
calls=2 1574
153 177600
cfl=c:\Users\Pedro\faculdade\IniciacaoCientifica\grn\.env\Lib\site-packages\pandas\io\formats\csvs.py
cfn=has_mi_columns
calls=2 149
153 3500
cfl=c:\Users\Pedro\faculdade\IniciacaoCientifica\grn\.env\Lib\site-packages\pandas\io\formats\csvs.py
cfn=_number_format
calls=2 179
153 3600

fl=c:\Users\Pedro\faculdade\IniciacaoCientifica\grn\.env\Lib\site-packages\pandas\io\formats\csvs.py
fn=_initialize_chunksize
174 1100
cfl=~
cfn=<built-in method builtins.len>
calls=2 0
174 300

fl=c:\Users\Pedro\faculdade\IniciacaoCientifica\grn\.env\Lib\site-packages\pandas\io\formats\csvs.py
fn=_number_format
179 5100
cfl=c:\Users\Pedro\faculdade\IniciacaoCientifica\grn\.env\Lib\site-packages\pandas\io\formats\csvs.py
cfn=na_rep
calls=4 101
179 700
cfl=c:\Users\Pedro\faculdade\IniciacaoCientifica\grn\.env\Lib\site-packages\pandas\io\formats\csvs.py
cfn=float_format
calls=4 105
179 600
cfl=c:\Users\Pedro\faculdade\IniciacaoCientifica\grn\.env\Lib\site-packages\pandas\io\formats\csvs.py
cfn=decimal
calls=4 109
179 400

fl=c:\Users\Pedro\faculdade\IniciacaoCientifica\grn\.env\Lib\site-packages\pandas\io\formats\csvs.py
fn=data_index
190 2200
cfl=~
cfn=<built-in method builtins.isinstance>
calls=4 0
190 6500

fl=c:\Users\Pedro\faculdade\IniciacaoCientifica\grn\.env\Lib\site-packages\pandas\io\formats\csvs.py
fn=nlevels
204 1400
cfl=c:\Users\Pedro\faculdade\IniciacaoCientifica\grn\.env\Lib\site-packages\pandas\io\formats\csvs.py
cfn=index
calls=4 117
204 700

fl=c:\Users\Pedro\faculdade\IniciacaoCientifica\grn\.env\Lib\site-packages\pandas\io\formats\csvs.py
fn=_has_aliases
211 3500
cfl=c:\Users\Pedro\faculdade\IniciacaoCientifica\grn\.env\Lib\site-packages\pandas\io\formats\csvs.py
cfn=header
calls=4 113
211 700
cfl=~
cfn=<built-in method builtins.isinstance>
calls=4 0
211 5700

fl=c:\Users\Pedro\faculdade\IniciacaoCientifica\grn\.env\Lib\site-packages\pandas\io\formats\csvs.py
fn=_need_to_save_header
215 2200
cfl=c:\Users\Pedro\faculdade\IniciacaoCientifica\grn\.env\Lib\site-packages\pandas\io\formats\csvs.py
cfn=header
calls=2 113
215 400
cfl=c:\Users\Pedro\faculdade\IniciacaoCientifica\grn\.env\Lib\site-packages\pandas\io\formats\csvs.py
cfn=_has_aliases
calls=2 211
215 6300

fl=c:\Users\Pedro\faculdade\IniciacaoCientifica\grn\.env\Lib\site-packages\pandas\io\formats\csvs.py
fn=write_cols
219 9700
cfl=C:\Users\Pedro\AppData\Local\Python\pythoncore-3.14-64\Lib\typing.py
cfn=inner
calls=2 396
219 2400
cfl=C:\Users\Pedro\AppData\Local\Python\pythoncore-3.14-64\Lib\typing.py
cfn=cast
calls=2 2300
219 100
cfl=c:\Users\Pedro\faculdade\IniciacaoCientifica\grn\.env\Lib\site-packages\pandas\io\formats\csvs.py
cfn=_has_aliases
calls=2 211
219 3600

fl=c:\Users\Pedro\faculdade\IniciacaoCientifica\grn\.env\Lib\site-packages\pandas\io\formats\csvs.py
fn=encoded_labels
233 11800
cfl=c:\Users\Pedro\faculdade\IniciacaoCientifica\grn\.env\Lib\site-packages\pandas\io\formats\csvs.py
cfn=index
calls=2 117
233 400
cfl=c:\Users\Pedro\faculdade\IniciacaoCientifica\grn\.env\Lib\site-packages\pandas\io\formats\csvs.py
cfn=has_mi_columns
calls=2 149
233 2600
cfl=c:\Users\Pedro\faculdade\IniciacaoCientifica\grn\.env\Lib\site-packages\pandas\io\formats\csvs.py
cfn=write_cols
calls=2 219
233 15800

fl=c:\Users\Pedro\faculdade\IniciacaoCientifica\grn\.env\Lib\site-packages\pandas\io\formats\csvs.py
fn=save
246 21800
cfl=c:\Users\Pedro\faculdade\IniciacaoCientifica\grn\.env\Lib\site-packages\pandas\io\common.py
cfn=__enter__
calls=2 143
246 200
cfl=c:\Users\Pedro\faculdade\IniciacaoCientifica\grn\.env\Lib\site-packages\pandas\io\common.py
cfn=__exit__
calls=2 146
246 167500
cfl=c:\Users\Pedro\faculdade\IniciacaoCientifica\grn\.env\Lib\site-packages\pandas\io\common.py
cfn=get_handle
calls=2 701
246 695700
cfl=c:\Users\Pedro\faculdade\IniciacaoCientifica\grn\.env\Lib\site-packages\pandas\io\formats\csvs.py
cfn=_save
calls=2 274
246 1354400
cfl=~
cfn=<built-in method _csv.writer>
calls=2 0
246 6700

fl=c:\Users\Pedro\faculdade\IniciacaoCientifica\grn\.env\Lib\site-packages\pandas\io\formats\csvs.py
fn=_save
274 6100
cfl=c:\Users\Pedro\faculdade\IniciacaoCientifica\grn\.env\Lib\site-packages\pandas\io\formats\csvs.py
cfn=_need_to_save_header
calls=2 215
274 8900
cfl=c:\Users\Pedro\faculdade\IniciacaoCientifica\grn\.env\Lib\site-packages\pandas\io\formats\csvs.py
cfn=_save_header
calls=2 279
274 52200
cfl=c:\Users\Pedro\faculdade\IniciacaoCientifica\grn\.env\Lib\site-packages\pandas\io\formats\csvs.py
cfn=_save_body
calls=2 307
274 1287200

fl=c:\Users\Pedro\faculdade\IniciacaoCientifica\grn\.env\Lib\site-packages\pandas\io\formats\csvs.py
fn=_save_header
279 5500
cfl=c:\Users\Pedro\faculdade\IniciacaoCientifica\grn\.env\Lib\site-packages\pandas\io\formats\csvs.py
cfn=has_mi_columns
calls=2 149
279 5300
cfl=c:\Users\Pedro\faculdade\IniciacaoCientifica\grn\.env\Lib\site-packages\pandas\io\formats\csvs.py
cfn=encoded_labels
calls=2 233
279 30600
cfl=~
cfn=<method 'writerow' of '_csv.writer' objects>
calls=2 0
279 10800

fl=c:\Users\Pedro\faculdade\IniciacaoCientifica\grn\.env\Lib\site-packages\pandas\io\formats\csvs.py
fn=_save_body
307 19700
cfl=c:\Users\Pedro\faculdade\IniciacaoCientifica\grn\.env\Lib\site-packages\pandas\io\formats\csvs.py
cfn=data_index
calls=2 190
307 8700
cfl=c:\Users\Pedro\faculdade\IniciacaoCientifica\grn\.env\Lib\site-packages\pandas\io\formats\csvs.py
cfn=_save_chunk
calls=2 317
307 1255900
cfl=~
cfn=<built-in method builtins.len>
calls=2 0
307 2400
cfl=~
cfn=<built-in method builtins.min>
calls=2 0
307 500

fl=c:\Users\Pedro\faculdade\IniciacaoCientifica\grn\.env\Lib\site-packages\pandas\io\formats\csvs.py
fn=_save_chunk
317 44400
cfl=c:\Users\Pedro\faculdade\IniciacaoCientifica\grn\.env\Lib\site-packages\pandas\core\frame.py
cfn=_get_values_for_csv
calls=2 1386
317 678400
cfl=c:\Users\Pedro\faculdade\IniciacaoCientifica\grn\.env\Lib\site-packages\pandas\core\frame.py
cfn=_iter_column_arrays
calls=26 4326
317 76800
cfl=c:\Users\Pedro\faculdade\IniciacaoCientifica\grn\.env\Lib\site-packages\pandas\core\indexing.py
cfn=iloc
calls=2 159
317 2200
cfl=c:\Users\Pedro\faculdade\IniciacaoCientifica\grn\.env\Lib\site-packages\pandas\core\indexing.py
cfn=__getitem__
calls=2 1192
317 447600
cfl=c:\Users\Pedro\faculdade\IniciacaoCientifica\grn\.env\Lib\site-packages\pandas\io\formats\csvs.py
cfn=_number_format
calls=2 179
317 3200
cfl=c:\Users\Pedro\faculdade\IniciacaoCientifica\grn\.env\Lib\site-packages\pandas\io\formats\csvs.py
cfn=nlevels
calls=4 204
317 2100
cfl=~
cfn=<built-in method numpy.empty>
calls=2 0
317 1200

fl=c:\Users\Pedro\faculdade\IniciacaoCientifica\grn\.env\Lib\site-packages\pandas\io\formats\format.py
fn=__init__:425
425 22400
cfl=c:\Users\Pedro\faculdade\IniciacaoCientifica\grn\.env\Lib\site-packages\pandas\io\formats\format.py
cfn=_initialize_sparsify
calls=2 526
425 8000
cfl=c:\Users\Pedro\faculdade\IniciacaoCientifica\grn\.env\Lib\site-packages\pandas\io\formats\format.py
cfn=_initialize_formatters
calls=2 531
425 300
cfl=c:\Users\Pedro\faculdade\IniciacaoCientifica\grn\.env\Lib\site-packages\pandas\io\formats\format.py
cfn=_initialize_justify
calls=2 544
425 12300
cfl=c:\Users\Pedro\faculdade\IniciacaoCientifica\grn\.env\Lib\site-packages\pandas\io\formats\format.py
cfn=_initialize_columns
calls=2 550
425 1600
cfl=c:\Users\Pedro\faculdade\IniciacaoCientifica\grn\.env\Lib\site-packages\pandas\io\formats\format.py
cfn=_initialize_colspace
calls=2 558
425 400
cfl=c:\Users\Pedro\faculdade\IniciacaoCientifica\grn\.env\Lib\site-packages\pandas\io\formats\format.py
cfn=_calc_max_cols_fitted
calls=2 582
425 2600
cfl=c:\Users\Pedro\faculdade\IniciacaoCientifica\grn\.env\Lib\site-packages\pandas\io\formats\format.py
cfn=_calc_max_rows_fitted
calls=2 593
425 3200
cfl=c:\Users\Pedro\faculdade\IniciacaoCientifica\grn\.env\Lib\site-packages\pandas\io\formats\format.py
cfn=truncate
calls=2 650
425 3500
cfl=c:\Users\Pedro\faculdade\IniciacaoCientifica\grn\.env\Lib\site-packages\pandas\io\formats\format.py
cfn=_validate_float_format
calls=2 851
425 200
cfl=c:\Users\Pedro\faculdade\IniciacaoCientifica\grn\.env\Lib\site-packages\pandas\io\formats\printing.py
cfn=get_adjustment
calls=2 582
425 18400

fl=c:\Users\Pedro\faculdade\IniciacaoCientifica\grn\.env\Lib\site-packages\pandas\io\formats\format.py
fn=is_truncated_horizontally
494 600

fl=c:\Users\Pedro\faculdade\IniciacaoCientifica\grn\.env\Lib\site-packages\pandas\io\formats\format.py
fn=is_truncated_vertically
498 500

fl=c:\Users\Pedro\faculdade\IniciacaoCientifica\grn\.env\Lib\site-packages\pandas\io\formats\format.py
fn=_initialize_sparsify
526 800
cfl=c:\Users\Pedro\faculdade\IniciacaoCientifica\grn\.env\Lib\site-packages\pandas\_config\config.py
cfn=get_option
calls=2 143
526 7200

fl=c:\Users\Pedro\faculdade\IniciacaoCientifica\grn\.env\Lib\site-packages\pandas\io\formats\format.py
fn=_initialize_formatters
531 300

fl=c:\Users\Pedro\faculdade\IniciacaoCientifica\grn\.env\Lib\site-packages\pandas\io\formats\format.py
fn=_initialize_justify
544 1400
cfl=c:\Users\Pedro\faculdade\IniciacaoCientifica\grn\.env\Lib\site-packages\pandas\_config\config.py
cfn=get_option
calls=2 143
544 10900

fl=c:\Users\Pedro\faculdade\IniciacaoCientifica\grn\.env\Lib\site-packages\pandas\io\formats\format.py
fn=_initialize_columns
550 1600

fl=c:\Users\Pedro\faculdade\IniciacaoCientifica\grn\.env\Lib\site-packages\pandas\io\formats\format.py
fn=_initialize_colspace
558 400

fl=c:\Users\Pedro\faculdade\IniciacaoCientifica\grn\.env\Lib\site-packages\pandas\io\formats\format.py
fn=_calc_max_cols_fitted
582 1600
cfl=c:\Users\Pedro\faculdade\IniciacaoCientifica\grn\.env\Lib\site-packages\pandas\io\formats\format.py
cfn=_is_in_terminal
calls=2 626
582 1000

fl=c:\Users\Pedro\faculdade\IniciacaoCientifica\grn\.env\Lib\site-packages\pandas\io\formats\format.py
fn=_calc_max_rows_fitted
593 2000
cfl=c:\Users\Pedro\faculdade\IniciacaoCientifica\grn\.env\Lib\site-packages\pandas\io\formats\format.py
cfn=_adjust_max_rows
calls=2 612
593 400
cfl=c:\Users\Pedro\faculdade\IniciacaoCientifica\grn\.env\Lib\site-packages\pandas\io\formats\format.py
cfn=_is_in_terminal
calls=2 626
593 800

fl=c:\Users\Pedro\faculdade\IniciacaoCientifica\grn\.env\Lib\site-packages\pandas\io\formats\format.py
fn=_adjust_max_rows
612 400

fl=c:\Users\Pedro\faculdade\IniciacaoCientifica\grn\.env\Lib\site-packages\pandas\io\formats\format.py
fn=_is_in_terminal
626 1800

fl=c:\Users\Pedro\faculdade\IniciacaoCientifica\grn\.env\Lib\site-packages\pandas\io\formats\format.py
fn=truncate
650 2400
cfl=c:\Users\Pedro\faculdade\IniciacaoCientifica\grn\.env\Lib\site-packages\pandas\io\formats\format.py
cfn=is_truncated_horizontally
calls=2 494
650 600
cfl=c:\Users\Pedro\faculdade\IniciacaoCientifica\grn\.env\Lib\site-packages\pandas\io\formats\format.py
cfn=is_truncated_vertically
calls=2 498
650 500

fl=c:\Users\Pedro\faculdade\IniciacaoCientifica\grn\.env\Lib\site-packages\pandas\io\formats\format.py
fn=_validate_float_format
851 200

fl=c:\Users\Pedro\faculdade\IniciacaoCientifica\grn\.env\Lib\site-packages\pandas\io\formats\format.py
fn=__init__:892
892 400

fl=c:\Users\Pedro\faculdade\IniciacaoCientifica\grn\.env\Lib\site-packages\pandas\io\formats\format.py
fn=to_csv
976 13400
cfl=<frozen importlib._bootstrap>
cfn=_find_and_load
calls=1 1360
976 609700
cfl=c:\Users\Pedro\faculdade\IniciacaoCientifica\grn\.env\Lib\site-packages\pandas\io\formats\csvs.py
cfn=__init__
calls=2 59
976 217000
cfl=c:\Users\Pedro\faculdade\IniciacaoCientifica\grn\.env\Lib\site-packages\pandas\io\formats\csvs.py
cfn=save
calls=2 246
976 2246300

fl=c:\Users\Pedro\faculdade\IniciacaoCientifica\grn\.env\Lib\site-packages\pandas\io\formats\printing.py
fn=__init__
522 900
cfl=c:\Users\Pedro\faculdade\IniciacaoCientifica\grn\.env\Lib\site-packages\pandas\_config\config.py
cfn=get_option
calls=2 143
522 6500

fl=c:\Users\Pedro\faculdade\IniciacaoCientifica\grn\.env\Lib\site-packages\pandas\io\formats\printing.py
fn=get_adjustment
582 3100
cfl=c:\Users\Pedro\faculdade\IniciacaoCientifica\grn\.env\Lib\site-packages\pandas\_config\config.py
cfn=get_option
calls=2 143
582 7900
cfl=c:\Users\Pedro\faculdade\IniciacaoCientifica\grn\.env\Lib\site-packages\pandas\io\formats\printing.py
cfn=__init__
calls=2 522
582 7400

fl=c:\Users\Pedro\faculdade\IniciacaoCientifica\grn\.env\Lib\site-packages\pandas\io\parsers\base_parser.py
fn=__init__
99 16900
cfl=C:\Users\Pedro\AppData\Local\Python\pythoncore-3.14-64\Lib\copy.py
cfn=copy
calls=1 62
99 900
cfl=c:\Users\Pedro\faculdade\IniciacaoCientifica\grn\.env\Lib\site-packages\pandas\io\parsers\base_parser.py
cfn=_validate_usecols_arg
calls=1 921
99 300
cfl=~
cfn=<method 'get' of 'dict' objects>
calls=13 0
99 1400
cfl=~
cfn=<method 'pop' of 'dict' objects>
calls=5 0
99 1000

fl=c:\Users\Pedro\faculdade\IniciacaoCientifica\grn\.env\Lib\site-packages\pandas\io\parsers\base_parser.py
fn=_extract_multi_indexer_columns
189 1100
cfl=~
cfn=<built-in method builtins.len>
calls=1 0
189 200

fl=c:\Users\Pedro\faculdade\IniciacaoCientifica\grn\.env\Lib\site-packages\pandas\io\parsers\base_parser.py
fn=_maybe_make_multi_index_columns
260 500
cfl=c:\Users\Pedro\faculdade\IniciacaoCientifica\grn\.env\Lib\site-packages\pandas\io\common.py
cfn=is_potential_multi_index
calls=1 1267
260 4900

fl=c:\Users\Pedro\faculdade\IniciacaoCientifica\grn\.env\Lib\site-packages\pandas\io\parsers\base_parser.py
fn=_make_index
272 1900
cfl=c:\Users\Pedro\faculdade\IniciacaoCientifica\grn\.env\Lib\site-packages\pandas\io\parsers\base_parser.py
cfn=_maybe_make_multi_index_columns
calls=1 260
272 5400
cfl=~
cfn=<built-in method builtins.isinstance>
calls=1 0
272 0

fl=c:\Users\Pedro\faculdade\IniciacaoCientifica\grn\.env\Lib\site-packages\pandas\io\parsers\base_parser.py
fn=_set_noconvert_dtype_columns
390 2400
cfl=~
cfn=<built-in method builtins.callable>
calls=1 0
390 200
cfl=~
cfn=<built-in method builtins.isinstance>
calls=1 0
390 200

fl=c:\Users\Pedro\faculdade\IniciacaoCientifica\grn\.env\Lib\site-packages\pandas\io\parsers\base_parser.py
fn=_do_date_conversions
579 500
cfl=~
cfn=<built-in method builtins.isinstance>
calls=1 0
579 200

fl=c:\Users\Pedro\faculdade\IniciacaoCientifica\grn\.env\Lib\site-packages\pandas\io\parsers\base_parser.py
fn=_check_data_length
607 600
cfl=~
cfn=<built-in method builtins.len>
calls=2 0
607 200

fl=c:\Users\Pedro\faculdade\IniciacaoCientifica\grn\.env\Lib\site-packages\pandas\io\parsers\base_parser.py
fn=is_index_col
871 400

fl=c:\Users\Pedro\faculdade\IniciacaoCientifica\grn\.env\Lib\site-packages\pandas\io\parsers\base_parser.py
fn=validate_parse_dates_presence
875 700
cfl=~
cfn=<built-in method builtins.isinstance>
calls=1 0
875 200

fl=c:\Users\Pedro\faculdade\IniciacaoCientifica\grn\.env\Lib\site-packages\pandas\io\parsers\base_parser.py
fn=_validate_usecols_arg
921 300

fl=c:\Users\Pedro\faculdade\IniciacaoCientifica\grn\.env\Lib\site-packages\pandas\io\parsers\base_parser.py
fn=evaluate_callable_usecols
984 500
cfl=~
cfn=<built-in method builtins.callable>
calls=1 0
984 100

fl=c:\Users\Pedro\faculdade\IniciacaoCientifica\grn\.env\Lib\site-packages\pandas\io\parsers\c_parser_wrapper.py
fn=__init__
65 134200
cfl=<frozen codecs>
cfn=decode
calls=2 322
65 2800
cfl=<frozen codecs>
cfn=getstate
calls=2 334
65 300
cfl=C:\Users\Pedro\AppData\Local\Python\pythoncore-3.14-64\Lib\enum.py
cfn=__get__
calls=1 187
65 1300
cfl=c:\Users\Pedro\faculdade\IniciacaoCientifica\grn\.env\Lib\site-packages\pandas\io\parsers\base_parser.py
cfn=__init__
calls=1 99
65 20500
cfl=c:\Users\Pedro\faculdade\IniciacaoCientifica\grn\.env\Lib\site-packages\pandas\io\parsers\base_parser.py
cfn=_extract_multi_indexer_columns
calls=1 189
65 1300
cfl=c:\Users\Pedro\faculdade\IniciacaoCientifica\grn\.env\Lib\site-packages\pandas\io\parsers\base_parser.py
cfn=is_index_col
calls=1 871
65 200
cfl=c:\Users\Pedro\faculdade\IniciacaoCientifica\grn\.env\Lib\site-packages\pandas\io\parsers\base_parser.py
cfn=validate_parse_dates_presence
calls=1 875
65 900
cfl=c:\Users\Pedro\faculdade\IniciacaoCientifica\grn\.env\Lib\site-packages\pandas\io\parsers\c_parser_wrapper.py
cfn=_set_noconvert_columns
calls=1 183
65 9500
cfl=c:\Users\Pedro\faculdade\IniciacaoCientifica\grn\.env\Lib\site-packages\pandas\io\parsers\c_parser_wrapper.py
cfn=ensure_dtype_objs
calls=1 377
65 1400
cfl=~
cfn=<method 'copy' of 'dict' objects>
calls=1 0
65 600
cfl=~
cfn=<method 'get' of 'dict' objects>
calls=1 0
65 100
cfl=~
cfn=<method 'pop' of 'dict' objects>
calls=5 0
65 800

fl=c:\Users\Pedro\faculdade\IniciacaoCientifica\grn\.env\Lib\site-packages\pandas\io\parsers\c_parser_wrapper.py
fn=close
176 1700

fl=c:\Users\Pedro\faculdade\IniciacaoCientifica\grn\.env\Lib\site-packages\pandas\io\parsers\c_parser_wrapper.py
fn=_set_noconvert_columns
183 6700
cfl=c:\Users\Pedro\faculdade\IniciacaoCientifica\grn\.env\Lib\site-packages\pandas\io\parsers\base_parser.py
cfn=_set_noconvert_dtype_columns
calls=1 390
183 2800

fl=c:\Users\Pedro\faculdade\IniciacaoCientifica\grn\.env\Lib\site-packages\pandas\io\parsers\c_parser_wrapper.py
fn=read
203 139100
cfl=<frozen codecs>
cfn=decode
calls=1 322
203 700
cfl=<frozen codecs>
cfn=getstate
calls=1 334
203 200
cfl=c:\Users\Pedro\faculdade\IniciacaoCientifica\grn\.env\Lib\site-packages\numpy\_core\multiarray.py
cfn=putmask
calls=5 1135
203 1000
cfl=c:\Users\Pedro\faculdade\IniciacaoCientifica\grn\.env\Lib\site-packages\pandas\io\common.py
cfn=is_potential_multi_index
calls=1 1267
203 8500
cfl=c:\Users\Pedro\faculdade\IniciacaoCientifica\grn\.env\Lib\site-packages\pandas\io\common.py
cfn=dedup_names
calls=1 1298
203 4900
cfl=c:\Users\Pedro\faculdade\IniciacaoCientifica\grn\.env\Lib\site-packages\pandas\io\parsers\base_parser.py
cfn=_make_index
calls=1 272
203 7300
cfl=c:\Users\Pedro\faculdade\IniciacaoCientifica\grn\.env\Lib\site-packages\pandas\io\parsers\base_parser.py
cfn=_do_date_conversions
calls=1 579
203 700
cfl=c:\Users\Pedro\faculdade\IniciacaoCientifica\grn\.env\Lib\site-packages\pandas\io\parsers\base_parser.py
cfn=_check_data_length
calls=1 607
203 800
cfl=c:\Users\Pedro\faculdade\IniciacaoCientifica\grn\.env\Lib\site-packages\pandas\io\parsers\c_parser_wrapper.py
cfn=_filter_usecols
calls=1 328
203 1900
cfl=c:\Users\Pedro\faculdade\IniciacaoCientifica\grn\.env\Lib\site-packages\pandas\io\parsers\c_parser_wrapper.py
cfn=_concatenate_chunks
calls=1 336
203 59600
cfl=~
cfn=<built-in method builtins.sorted>
calls=1 0
203 1300
cfl=~
cfn=<method 'items' of 'dict' objects>
calls=1 0
203 200

fl=c:\Users\Pedro\faculdade\IniciacaoCientifica\grn\.env\Lib\site-packages\pandas\io\parsers\c_parser_wrapper.py
fn=_filter_usecols
328 1300
cfl=c:\Users\Pedro\faculdade\IniciacaoCientifica\grn\.env\Lib\site-packages\pandas\io\parsers\base_parser.py
cfn=evaluate_callable_usecols
calls=1 984
328 600

fl=c:\Users\Pedro\faculdade\IniciacaoCientifica\grn\.env\Lib\site-packages\pandas\io\parsers\c_parser_wrapper.py
fn=_concatenate_chunks
336 25700
cfl=c:\Users\Pedro\faculdade\IniciacaoCientifica\grn\.env\Lib\site-packages\pandas\core\dtypes\concat.py
cfn=concat_compat
calls=12 52
336 27300
cfl=~
cfn=<built-in method builtins.isinstance>
calls=24 0
336 2300
cfl=~
cfn=<built-in method builtins.len>
calls=12 0
336 900
cfl=~
cfn=<method 'keys' of 'dict' objects>
calls=1 0
336 300
cfl=~
cfn=<method 'pop' of 'dict' objects>
calls=12 0
336 1400
cfl=~
cfn=<method 'pop' of 'set' objects>
calls=12 0
336 1700

fl=c:\Users\Pedro\faculdade\IniciacaoCientifica\grn\.env\Lib\site-packages\pandas\io\parsers\c_parser_wrapper.py
fn=ensure_dtype_objs
377 1000
cfl=~
cfn=<built-in method builtins.isinstance>
calls=2 0
377 400

fl=c:\Users\Pedro\faculdade\IniciacaoCientifica\grn\.env\Lib\site-packages\pandas\io\parsers\readers.py
fn=validate_integer
202 300

fl=c:\Users\Pedro\faculdade\IniciacaoCientifica\grn\.env\Lib\site-packages\pandas\io\parsers\readers.py
fn=_validate_names
234 200

fl=c:\Users\Pedro\faculdade\IniciacaoCientifica\grn\.env\Lib\site-packages\pandas\io\parsers\readers.py
fn=_read
258 19900
cfl=c:\Users\Pedro\faculdade\IniciacaoCientifica\grn\.env\Lib\site-packages\pandas\io\parsers\readers.py
cfn=validate_integer
calls=1 202
258 200
cfl=c:\Users\Pedro\faculdade\IniciacaoCientifica\grn\.env\Lib\site-packages\pandas\io\parsers\readers.py
cfn=_validate_names
calls=1 234
258 200
cfl=c:\Users\Pedro\faculdade\IniciacaoCientifica\grn\.env\Lib\site-packages\pandas\io\parsers\readers.py
cfn=__init__
calls=1 1600
258 4653000
cfl=c:\Users\Pedro\faculdade\IniciacaoCientifica\grn\.env\Lib\site-packages\pandas\io\parsers\readers.py
cfn=read
calls=1 1931
258 844100
cfl=c:\Users\Pedro\faculdade\IniciacaoCientifica\grn\.env\Lib\site-packages\pandas\io\parsers\readers.py
cfn=__enter__
calls=1 2014
258 400
cfl=c:\Users\Pedro\faculdade\IniciacaoCientifica\grn\.env\Lib\site-packages\pandas\io\parsers\readers.py
cfn=__exit__
calls=1 2017
258 29500
cfl=~
cfn=<built-in method builtins.isinstance>
calls=1 0
258 0
cfl=~
cfn=<method 'get' of 'dict' objects>
calls=8 0
258 1000

fl=c:\Users\Pedro\faculdade\IniciacaoCientifica\grn\.env\Lib\site-packages\pandas\io\parsers\readers.py
fn=read_csv
349 15200
cfl=c:\Users\Pedro\faculdade\IniciacaoCientifica\grn\.env\Lib\site-packages\pandas\io\parsers\readers.py
cfn=_read
calls=1 258
349 5548300
cfl=c:\Users\Pedro\faculdade\IniciacaoCientifica\grn\.env\Lib\site-packages\pandas\io\parsers\readers.py
cfn=_refine_defaults_read
calls=1 2156
349 5700
cfl=~
cfn=<built-in method builtins.locals>
calls=1 0
349 5600
cfl=~
cfn=<method 'copy' of 'dict' objects>
calls=1 0
349 400
cfl=~
cfn=<method 'update' of 'dict' objects>
calls=1 0
349 700

fl=c:\Users\Pedro\faculdade\IniciacaoCientifica\grn\.env\Lib\site-packages\pandas\io\parsers\readers.py
fn=__init__
1600 24400
cfl=c:\Users\Pedro\faculdade\IniciacaoCientifica\grn\.env\Lib\site-packages\pandas\io\parsers\readers.py
cfn=_get_options_with_defaults
calls=1 1652
1600 11100
cfl=c:\Users\Pedro\faculdade\IniciacaoCientifica\grn\.env\Lib\site-packages\pandas\io\parsers\readers.py
cfn=_check_file_or_buffer
calls=1 1698
1600 1700
cfl=c:\Users\Pedro\faculdade\IniciacaoCientifica\grn\.env\Lib\site-packages\pandas\io\parsers\readers.py
cfn=_clean_options
calls=1 1719
1600 17600
cfl=c:\Users\Pedro\faculdade\IniciacaoCientifica\grn\.env\Lib\site-packages\pandas\io\parsers\readers.py
cfn=_make_engine
calls=1 1871
1600 4596400
cfl=c:\Users\Pedro\faculdade\IniciacaoCientifica\grn\.env\Lib\site-packages\pandas\io\parsers\readers.py
cfn=_extract_dialect
calls=1 2269
1600 500
cfl=c:\Users\Pedro\faculdade\IniciacaoCientifica\grn\.env\Lib\site-packages\pandas\io\parsers\readers.py
cfn=_validate_skipfooter
calls=1 2371
1600 500
cfl=~
cfn=<method 'get' of 'dict' objects>
calls=4 0
1600 400
cfl=~
cfn=<method 'pop' of 'dict' objects>
calls=2 0
1600 400

fl=c:\Users\Pedro\faculdade\IniciacaoCientifica\grn\.env\Lib\site-packages\pandas\io\parsers\readers.py
fn=close
1647 2400
cfl=c:\Users\Pedro\faculdade\IniciacaoCientifica\grn\.env\Lib\site-packages\pandas\io\common.py
cfn=close
calls=1 126
1647 24000
cfl=c:\Users\Pedro\faculdade\IniciacaoCientifica\grn\.env\Lib\site-packages\pandas\io\parsers\c_parser_wrapper.py
cfn=close
calls=1 176
1647 1700

fl=c:\Users\Pedro\faculdade\IniciacaoCientifica\grn\.env\Lib\site-packages\pandas\io\parsers\readers.py
fn=_get_options_with_defaults
1652 8200
cfl=~
cfn=<method 'get' of 'dict' objects>
calls=34 0
1652 2500
cfl=~
cfn=<method 'items' of 'dict' objects>
calls=2 0
1652 400

fl=c:\Users\Pedro\faculdade\IniciacaoCientifica\grn\.env\Lib\site-packages\pandas\io\parsers\readers.py
fn=_check_file_or_buffer
1698 900
cfl=c:\Users\Pedro\faculdade\IniciacaoCientifica\grn\.env\Lib\site-packages\pandas\core\dtypes\inference.py
cfn=is_file_like
calls=1 106
1698 700
cfl=~
cfn=<built-in method builtins.hasattr>
calls=1 0
1698 100

fl=c:\Users\Pedro\faculdade\IniciacaoCientifica\grn\.env\Lib\site-packages\pandas\io\parsers\readers.py
fn=_clean_options
1719 13000
cfl=c:\Users\Pedro\faculdade\IniciacaoCientifica\grn\.env\Lib\site-packages\pandas\io\common.py
cfn=validate_header_arg
calls=1 200
1719 1200
cfl=c:\Users\Pedro\faculdade\IniciacaoCientifica\grn\.env\Lib\site-packages\pandas\io\parsers\base_parser.py
cfn=is_index_col
calls=1 871
1719 200
cfl=c:\Users\Pedro\faculdade\IniciacaoCientifica\grn\.env\Lib\site-packages\pandas\io\parsers\readers.py
cfn=_clean_na_values
calls=1 2079
1719 1100
cfl=~
cfn=<built-in method builtins.isinstance>
calls=1 0
1719 100
cfl=~
cfn=<built-in method builtins.len>
calls=3 0
1719 500
cfl=~
cfn=<built-in method builtins.ord>
calls=1 0
1719 400
cfl=~
cfn=<built-in method sys.getfilesystemencoding>
calls=1 0
1719 300
cfl=~
cfn=<method 'copy' of 'dict' objects>
calls=1 0
1719 300
cfl=~
cfn=<method 'encode' of 'str' objects>
calls=1 0
1719 500

fl=c:\Users\Pedro\faculdade\IniciacaoCientifica\grn\.env\Lib\site-packages\pandas\io\parsers\readers.py
fn=_make_engine
1871 19200
cfl=c:\Users\Pedro\faculdade\IniciacaoCientifica\grn\.env\Lib\site-packages\pandas\io\common.py
cfn=get_handle
calls=1 701
1871 4402500
cfl=c:\Users\Pedro\faculdade\IniciacaoCientifica\grn\.env\Lib\site-packages\pandas\io\parsers\c_parser_wrapper.py
cfn=__init__
calls=1 65
1871 173900
cfl=~
cfn=<built-in method builtins.isinstance>
calls=1 0
1871 100
cfl=~
cfn=<method 'get' of 'dict' objects>
calls=6 0
1871 700

fl=c:\Users\Pedro\faculdade\IniciacaoCientifica\grn\.env\Lib\site-packages\pandas\io\parsers\readers.py
fn=read
1931 18900
cfl=c:\Users\Pedro\faculdade\IniciacaoCientifica\grn\.env\Lib\site-packages\pandas\core\frame.py
cfn=__init__
calls=1 702
1931 577200
cfl=c:\Users\Pedro\faculdade\IniciacaoCientifica\grn\.env\Lib\site-packages\pandas\core\indexes\range.py
cfn=__new__
calls=1 151
1931 20300
cfl=c:\Users\Pedro\faculdade\IniciacaoCientifica\grn\.env\Lib\site-packages\pandas\io\parsers\c_parser_wrapper.py
cfn=read
calls=1 203
1931 226200
cfl=c:\Users\Pedro\faculdade\IniciacaoCientifica\grn\.env\Lib\site-packages\pandas\io\parsers\readers.py
cfn=validate_integer
calls=1 202
1931 100
cfl=~
cfn=<built-in method builtins.hasattr>
calls=1 0
1931 300
cfl=~
cfn=<built-in method builtins.isinstance>
calls=1 0
1931 100
cfl=~
cfn=<built-in method builtins.iter>
calls=1 0
1931 400
cfl=~
cfn=<built-in method builtins.len>
calls=1 0
1931 100
cfl=~
cfn=<built-in method builtins.next>
calls=1 0
1931 200
cfl=~
cfn=<method 'get' of 'dict' objects>
calls=1 0
1931 200
cfl=~
cfn=<method 'values' of 'dict' objects>
calls=1 0
1931 100

fl=c:\Users\Pedro\faculdade\IniciacaoCientifica\grn\.env\Lib\site-packages\pandas\io\parsers\readers.py
fn=__enter__
2014 400

fl=c:\Users\Pedro\faculdade\IniciacaoCientifica\grn\.env\Lib\site-packages\pandas\io\parsers\readers.py
fn=__exit__
2017 1400
cfl=c:\Users\Pedro\faculdade\IniciacaoCientifica\grn\.env\Lib\site-packages\pandas\io\parsers\readers.py
cfn=close
calls=1 1647
2017 28100

fl=c:\Users\Pedro\faculdade\IniciacaoCientifica\grn\.env\Lib\site-packages\pandas\io\parsers\readers.py
fn=_clean_na_values
2079 1100

fl=c:\Users\Pedro\faculdade\IniciacaoCientifica\grn\.env\Lib\site-packages\pandas\io\parsers\readers.py
fn=_refine_defaults_read
2156 5200
cfl=c:\Users\Pedro\faculdade\IniciacaoCientifica\grn\.env\Lib\site-packages\pandas\util\_validators.py
cfn=check_dtype_backend
calls=1 476
2156 500

fl=c:\Users\Pedro\faculdade\IniciacaoCientifica\grn\.env\Lib\site-packages\pandas\io\parsers\readers.py
fn=_extract_dialect
2269 400
cfl=~
cfn=<method 'get' of 'dict' objects>
calls=1 0
2269 100

fl=c:\Users\Pedro\faculdade\IniciacaoCientifica\grn\.env\Lib\site-packages\pandas\io\parsers\readers.py
fn=_validate_skipfooter
2371 400
cfl=~
cfn=<method 'get' of 'dict' objects>
calls=1 0
2371 100

fl=c:\Users\Pedro\faculdade\IniciacaoCientifica\grn\.env\Lib\site-packages\pandas\util\_validators.py
fn=check_dtype_backend
476 500

fl=c:\Users\Pedro\faculdade\IniciacaoCientifica\grn\.env\Lib\site-packages\scipy\_lib\_util.py
fn=wrapper
291 7800
cfl=c:\Users\Pedro\faculdade\IniciacaoCientifica\grn\.env\Lib\site-packages\scipy\optimize\_differentialevolution.py
cfn=differential_evolution
calls=0 25
291 0
cfl=~
cfn=<built-in method builtins.len>
calls=1 0
291 200
cfl=~
cfn=<method 'pop' of 'dict' objects>
calls=1 0
291 600

fl=c:\Users\Pedro\faculdade\IniciacaoCientifica\grn\.env\Lib\site-packages\scipy\_lib\_util.py
fn=check_random_state
393 127000
cfl=<frozen abc>
cfn=__instancecheck__
calls=1 117
393 11800
cfl=C:\Users\Pedro\AppData\Local\Python\pythoncore-3.14-64\Lib\random.py
cfn=getrandbits
calls=1 901
393 9700
cfl=C:\Users\Pedro\AppData\Local\Python\pythoncore-3.14-64\Lib\threading.py
cfn=RLock
calls=1 126
393 1100
cfl=c:\Users\Pedro\faculdade\IniciacaoCientifica\grn\.env\Lib\site-packages\numpy\_core\_ufunc_config.py
cfn=inner
calls=1 496
393 100900
cfl=c:\Users\Pedro\faculdade\IniciacaoCientifica\grn\.env\Lib\site-packages\numpy\_core\multiarray.py
cfn=concatenate
calls=1 197
393 200
cfl=~
cfn=<built-in method builtins.isinstance>
calls=1 0
393 22100

fl=c:\Users\Pedro\faculdade\IniciacaoCientifica\grn\.env\Lib\site-packages\scipy\_lib\_util.py
fn=__init__:583
583 1000

fl=c:\Users\Pedro\faculdade\IniciacaoCientifica\grn\.env\Lib\site-packages\scipy\_lib\_util.py
fn=__init__:633
633 10100
cfl=<frozen importlib._bootstrap>
cfn=__exit__:423
calls=1 423
633 3100
cfl=<frozen importlib._bootstrap>
cfn=cb
calls=1 448
633 1100
cfl=<frozen importlib._bootstrap>
cfn=_handle_fromlist
calls=1 1401
633 1900
cfl=C:\Users\Pedro\AppData\Local\Python\pythoncore-3.14-64\Lib\multiprocessing\context.py
cfn=Pool
calls=0 115
633 0
cfl=C:\Users\Pedro\AppData\Local\Python\pythoncore-3.14-64\Lib\multiprocessing\context.py
cfn=get_context:237
calls=1 237
633 500
cfl=C:\Users\Pedro\AppData\Local\Python\pythoncore-3.14-64\Lib\multiprocessing\context.py
cfn=get_start_method:253
calls=1 253
633 1000
cfl=~
cfn=<built-in method builtins.callable>
calls=1 0
633 100

fl=c:\Users\Pedro\faculdade\IniciacaoCientifica\grn\.env\Lib\site-packages\scipy\_lib\_util.py
fn=__exit__
684 16500
cfl=C:\Users\Pedro\AppData\Local\Python\pythoncore-3.14-64\Lib\multiprocessing\pool.py
cfn=close
calls=1 647
684 55400
cfl=C:\Users\Pedro\AppData\Local\Python\pythoncore-3.14-64\Lib\multiprocessing\pool.py
cfn=terminate
calls=0 654
684 0

fl=c:\Users\Pedro\faculdade\IniciacaoCientifica\grn\.env\Lib\site-packages\scipy\_lib\_util.py
fn=__call__
689 3500
cfl=C:\Users\Pedro\AppData\Local\Python\pythoncore-3.14-64\Lib\multiprocessing\pool.py
cfn=map
calls=0 362
689 0

fl=c:\Users\Pedro\faculdade\IniciacaoCientifica\grn\.env\Lib\site-packages\scipy\optimize\_differentialevolution.py
fn=differential_evolution
25 11700
cfl=c:\Users\Pedro\faculdade\IniciacaoCientifica\grn\.env\Lib\site-packages\scipy\optimize\_differentialevolution.py
cfn=__init__
calls=0 805
25 0

fl=c:\Users\Pedro\faculdade\IniciacaoCientifica\grn\.env\Lib\site-packages\scipy\optimize\_differentialevolution.py
fn=__init__
805 192700
cfl=C:\Users\Pedro\AppData\Local\Python\pythoncore-3.14-64\Lib\multiprocessing\context.py
cfn=get_context:187
calls=1 187
805 100
cfl=C:\Users\Pedro\AppData\Local\Python\pythoncore-3.14-64\Lib\multiprocessing\pool.py
cfn=__init__:183
calls=0 183
805 0
cfl=c:\Users\Pedro\faculdade\IniciacaoCientifica\grn\.env\Lib\site-packages\scipy\_lib\_util.py
cfn=__init__:633
calls=0 633
805 0
cfl=c:\Users\Pedro\faculdade\IniciacaoCientifica\grn\.env\Lib\site-packages\scipy\optimize\_optimize.py
cfn=_wrap_callback
calls=1 88
805 300
cfl=~
cfn=<built-in method _warnings.warn>
calls=1 0
805 663000
cfl=~
cfn=<built-in method builtins.callable>
calls=1 0
805 200

fl=c:\Users\Pedro\faculdade\IniciacaoCientifica\grn\.env\Lib\site-packages\scipy\optimize\_differentialevolution.py
fn=init_population_lhs
1032 816100

fl=c:\Users\Pedro\faculdade\IniciacaoCientifica\grn\.env\Lib\site-packages\scipy\optimize\_differentialevolution.py
fn=solve
1185 3200
cfl=c:\Users\Pedro\faculdade\IniciacaoCientifica\grn\.env\Lib\site-packages\numpy\_core\fromnumeric.py
cfn=_all_dispatcher
calls=1 2543
1185 200
cfl=c:\Users\Pedro\faculdade\IniciacaoCientifica\grn\.env\Lib\site-packages\numpy\_core\fromnumeric.py
cfn=all
calls=1 2548
1185 9400
cfl=c:\Users\Pedro\faculdade\IniciacaoCientifica\grn\.env\Lib\site-packages\scipy\optimize\_differentialevolution.py
cfn=_calculate_population_energies
calls=0 1368
1185 0
cfl=c:\Users\Pedro\faculdade\IniciacaoCientifica\grn\.env\Lib\site-packages\scipy\optimize\_differentialevolution.py
cfn=_calculate_population_feasibilities
calls=1 1502
1185 35500

fl=c:\Users\Pedro\faculdade\IniciacaoCientifica\grn\.env\Lib\site-packages\scipy\optimize\_differentialevolution.py
fn=_calculate_population_energies
1368 10600
cfl=c:\Users\Pedro\faculdade\IniciacaoCientifica\grn\.env\Lib\site-packages\numpy\_core\fromnumeric.py
cfn=_size_dispatcher
calls=1 3521
1368 200
cfl=c:\Users\Pedro\faculdade\IniciacaoCientifica\grn\.env\Lib\site-packages\numpy\_core\fromnumeric.py
cfn=size
calls=1 3525
1368 13700
cfl=c:\Users\Pedro\faculdade\IniciacaoCientifica\grn\.env\Lib\site-packages\numpy\_core\numeric.py
cfn=full
calls=1 323
1368 5200
cfl=c:\Users\Pedro\faculdade\IniciacaoCientifica\grn\.env\Lib\site-packages\scipy\_lib\_util.py
cfn=__call__
calls=0 689
1368 0
cfl=c:\Users\Pedro\faculdade\IniciacaoCientifica\grn\.env\Lib\site-packages\scipy\optimize\_differentialevolution.py
cfn=__exit__
calls=0 1553
1368 0
cfl=c:\Users\Pedro\faculdade\IniciacaoCientifica\grn\.env\Lib\site-packages\scipy\optimize\_differentialevolution.py
cfn=_scale_parameters
calls=1 1726
1368 47600
cfl=~
cfn=<built-in method builtins.min>
calls=1 0
1368 400

fl=c:\Users\Pedro\faculdade\IniciacaoCientifica\grn\.env\Lib\site-packages\scipy\optimize\_differentialevolution.py
fn=_calculate_population_feasibilities
1502 4300
cfl=c:\Users\Pedro\faculdade\IniciacaoCientifica\grn\.env\Lib\site-packages\numpy\_core\fromnumeric.py
cfn=_size_dispatcher
calls=1 3521
1502 200
cfl=c:\Users\Pedro\faculdade\IniciacaoCientifica\grn\.env\Lib\site-packages\numpy\_core\fromnumeric.py
cfn=size
calls=1 3525
1502 24900
cfl=c:\Users\Pedro\faculdade\IniciacaoCientifica\grn\.env\Lib\site-packages\numpy\_core\numeric.py
cfn=ones
calls=1 170
1502 4600
cfl=~
cfn=<built-in method numpy.zeros>
calls=1 0
1502 1500

fl=c:\Users\Pedro\faculdade\IniciacaoCientifica\grn\.env\Lib\site-packages\scipy\optimize\_differentialevolution.py
fn=__enter__
1550 200

fl=c:\Users\Pedro\faculdade\IniciacaoCientifica\grn\.env\Lib\site-packages\scipy\optimize\_differentialevolution.py
fn=__exit__
1553 9900
cfl=C:\Users\Pedro\AppData\Local\Python\pythoncore-3.14-64\Lib\multiprocessing\pool.py
cfn=_get_worker_sentinels
calls=1 284
1553 35800
cfl=C:\Users\Pedro\AppData\Local\Python\pythoncore-3.14-64\Lib\multiprocessing\pool.py
cfn=_wait_for_updates
calls=1 500
1553 610700
cfl=C:\Users\Pedro\AppData\Local\Python\pythoncore-3.14-64\Lib\multiprocessing\util.py
cfn=debug
calls=1 49
1553 300
cfl=c:\Users\Pedro\faculdade\IniciacaoCientifica\grn\.env\Lib\site-packages\scipy\_lib\_util.py
cfn=__exit__
calls=0 684
1553 0
cfl=~
cfn=<method 'put' of '_queue.SimpleQueue' objects>
calls=1 0
1553 3300

fl=c:\Users\Pedro\faculdade\IniciacaoCientifica\grn\.env\Lib\site-packages\scipy\optimize\_differentialevolution.py
fn=_scale_parameters
1726 44300
cfl=c:\Users\Pedro\faculdade\IniciacaoCientifica\grn\.env\Lib\site-packages\numpy\_core\numeric.py
cfn=_count_nonzero_dispatcher
calls=1 479
1726 200
cfl=c:\Users\Pedro\faculdade\IniciacaoCientifica\grn\.env\Lib\site-packages\numpy\_core\numeric.py
cfn=count_nonzero
calls=1 483
1726 3100

fl=c:\Users\Pedro\faculdade\IniciacaoCientifica\grn\.env\Lib\site-packages\scipy\optimize\_optimize.py
fn=_wrap_callback
88 300

fl=c:\Users\Pedro\faculdade\IniciacaoCientifica\grn\.env\Lib\site-packages\tornado\ioloop.py
fn=time
549 1800
cfl=~
cfn=<built-in method time.time>
calls=4 0
549 1300

fl=c:\Users\Pedro\faculdade\IniciacaoCientifica\grn\.env\Lib\site-packages\tornado\ioloop.py
fn=call_later
604 5400
cfl=c:\Users\Pedro\faculdade\IniciacaoCientifica\grn\.env\Lib\site-packages\tornado\ioloop.py
cfn=time
calls=2 549
604 2000
cfl=c:\Users\Pedro\faculdade\IniciacaoCientifica\grn\.env\Lib\site-packages\tornado\platform\asyncio.py
cfn=call_at
calls=2 216
604 45400

fl=c:\Users\Pedro\faculdade\IniciacaoCientifica\grn\.env\Lib\site-packages\tornado\ioloop.py
fn=_run_callback
750 1300
cfl=c:\Users\Pedro\faculdade\IniciacaoCientifica\grn\.env\Lib\site-packages\zmq\eventloop\zmqstream.py
cfn=<lambda>
calls=1 684
750 113500

fl=c:\Users\Pedro\faculdade\IniciacaoCientifica\grn\.env\Lib\site-packages\tornado\platform\asyncio.py
fn=_handle_events
206 1800
cfl=c:\Users\Pedro\faculdade\IniciacaoCientifica\grn\.env\Lib\site-packages\zmq\eventloop\zmqstream.py
cfn=_handle_events
calls=2 573
206 274900

fl=c:\Users\Pedro\faculdade\IniciacaoCientifica\grn\.env\Lib\site-packages\tornado\platform\asyncio.py
fn=call_at
216 6400
cfl=C:\Users\Pedro\AppData\Local\Python\pythoncore-3.14-64\Lib\asyncio\base_events.py
cfn=call_later
calls=2 775
216 37200
cfl=c:\Users\Pedro\faculdade\IniciacaoCientifica\grn\.env\Lib\site-packages\tornado\ioloop.py
cfn=time
calls=2 549
216 1100
cfl=~
cfn=<built-in method builtins.max>
calls=2 0
216 700

fl=c:\Users\Pedro\faculdade\IniciacaoCientifica\grn\.env\Lib\site-packages\traitlets\traitlets.py
fn=get
648 4400

fl=c:\Users\Pedro\faculdade\IniciacaoCientifica\grn\.env\Lib\site-packages\traitlets\traitlets.py
fn=__get__
695 6200
cfl=c:\Users\Pedro\faculdade\IniciacaoCientifica\grn\.env\Lib\site-packages\traitlets\traitlets.py
cfn=get
calls=11 648
695 4400

fl=c:\Users\Pedro\faculdade\IniciacaoCientifica\grn\.env\Lib\site-packages\traitlets\traitlets.py
fn=set:708
708 4100
cfl=c:\Users\Pedro\faculdade\IniciacaoCientifica\grn\.env\Lib\site-packages\traitlets\traitlets.py
cfn=_validate
calls=2 737
708 20200
cfl=c:\Users\Pedro\faculdade\IniciacaoCientifica\grn\.env\Lib\site-packages\traitlets\traitlets.py
cfn=_notify_trait
calls=1 1520
708 16100

fl=c:\Users\Pedro\faculdade\IniciacaoCientifica\grn\.env\Lib\site-packages\traitlets\traitlets.py
fn=__set__
727 3000
cfl=c:\Users\Pedro\faculdade\IniciacaoCientifica\grn\.env\Lib\site-packages\traitlets\traitlets.py
cfn=set:3646
calls=2 3646
727 45900

fl=c:\Users\Pedro\faculdade\IniciacaoCientifica\grn\.env\Lib\site-packages\traitlets\traitlets.py
fn=_validate
737 4800
cfl=c:\Users\Pedro\faculdade\IniciacaoCientifica\grn\.env\Lib\site-packages\traitlets\traitlets.py
cfn=_cross_validate
calls=2 746
737 3800
cfl=c:\Users\Pedro\faculdade\IniciacaoCientifica\grn\.env\Lib\site-packages\traitlets\traitlets.py
cfn=validate:3491
calls=2 3491
737 10900
cfl=~
cfn=<built-in method builtins.hasattr>
calls=2 0
737 700

fl=c:\Users\Pedro\faculdade\IniciacaoCientifica\grn\.env\Lib\site-packages\traitlets\traitlets.py
fn=_cross_validate
746 2200
cfl=~
cfn=<built-in method builtins.hasattr>
calls=2 0
746 1600

fl=c:\Users\Pedro\faculdade\IniciacaoCientifica\grn\.env\Lib\site-packages\traitlets\traitlets.py
fn=_notify_trait
1520 2600
cfl=c:\Users\Pedro\faculdade\IniciacaoCientifica\grn\.env\Lib\site-packages\traitlets\traitlets.py
cfn=notify_change
calls=1 1531
1520 13500

fl=c:\Users\Pedro\faculdade\IniciacaoCientifica\grn\.env\Lib\site-packages\traitlets\traitlets.py
fn=notify_change
1531 3900
cfl=c:\Users\Pedro\faculdade\IniciacaoCientifica\grn\.env\Lib\site-packages\traitlets\traitlets.py
cfn=_notify_observers
calls=1 1535
1531 9600

fl=c:\Users\Pedro\faculdade\IniciacaoCientifica\grn\.env\Lib\site-packages\traitlets\traitlets.py
fn=_notify_observers
1535 7100
cfl=~
cfn=<built-in method builtins.hasattr>
calls=1 0
1535 700
cfl=~
cfn=<built-in method builtins.isinstance>
calls=1 0
1535 100
cfl=~
cfn=<method 'extend' of 'list' objects>
calls=2 0
1535 400
cfl=~
cfn=<method 'get' of 'dict' objects>
calls=4 0
1535 1300

fl=c:\Users\Pedro\faculdade\IniciacaoCientifica\grn\.env\Lib\site-packages\traitlets\traitlets.py
fn=validate:2312
2312 1100
cfl=~
cfn=<built-in method builtins.isinstance>
calls=2 0
2312 200

fl=c:\Users\Pedro\faculdade\IniciacaoCientifica\grn\.env\Lib\site-packages\traitlets\traitlets.py
fn=validate:3491
3491 4600
cfl=c:\Users\Pedro\faculdade\IniciacaoCientifica\grn\.env\Lib\site-packages\traitlets\traitlets.py
cfn=validate:2312
calls=2 2312
3491 1300
cfl=c:\Users\Pedro\faculdade\IniciacaoCientifica\grn\.env\Lib\site-packages\traitlets\traitlets.py
cfn=validate_elements:3639
calls=2 3639
3491 4600
cfl=~
cfn=<built-in method builtins.isinstance>
calls=2 0
3491 400

fl=c:\Users\Pedro\faculdade\IniciacaoCientifica\grn\.env\Lib\site-packages\traitlets\traitlets.py
fn=validate_elements:3501
3501 400

fl=c:\Users\Pedro\faculdade\IniciacaoCientifica\grn\.env\Lib\site-packages\traitlets\traitlets.py
fn=validate_elements:3639
3639 4000
cfl=c:\Users\Pedro\faculdade\IniciacaoCientifica\grn\.env\Lib\site-packages\traitlets\traitlets.py
cfn=validate_elements:3501
calls=2 3501
3639 400
cfl=~
cfn=<built-in method builtins.len>
calls=2 0
3639 200

fl=c:\Users\Pedro\faculdade\IniciacaoCientifica\grn\.env\Lib\site-packages\traitlets\traitlets.py
fn=set:3646
3646 5100
cfl=c:\Users\Pedro\faculdade\IniciacaoCientifica\grn\.env\Lib\site-packages\traitlets\traitlets.py
cfn=set:708
calls=2 708
3646 40400
cfl=~
cfn=<built-in method builtins.isinstance>
calls=2 0
3646 400

fl=c:\Users\Pedro\faculdade\IniciacaoCientifica\grn\.env\Lib\site-packages\zmq\eventloop\zmqstream.py
fn=receiving
528 800

fl=c:\Users\Pedro\faculdade\IniciacaoCientifica\grn\.env\Lib\site-packages\zmq\eventloop\zmqstream.py
fn=sending
532 2100
cfl=C:\Users\Pedro\AppData\Local\Python\pythoncore-3.14-64\Lib\queue.py
cfn=empty
calls=3 112
532 8600

fl=c:\Users\Pedro\faculdade\IniciacaoCientifica\grn\.env\Lib\site-packages\zmq\eventloop\zmqstream.py
fn=_run_callback
546 3800
cfl=c:\Users\Pedro\faculdade\IniciacaoCientifica\grn\.env\Lib\site-packages\ipykernel\iostream.py
cfn=_handle_event
calls=3 229
546 63000
cfl=~
cfn=<built-in method builtins.isinstance>
calls=3 0
546 16400

fl=c:\Users\Pedro\faculdade\IniciacaoCientifica\grn\.env\Lib\site-packages\zmq\eventloop\zmqstream.py
fn=_handle_events
573 16900
cfl=C:\Users\Pedro\AppData\Local\Python\pythoncore-3.14-64\Lib\enum.py
cfn=__and__
calls=6 1594
573 32700
cfl=c:\Users\Pedro\faculdade\IniciacaoCientifica\grn\.env\Lib\site-packages\zmq\eventloop\zmqstream.py
cfn=receiving
calls=3 528
573 400
cfl=c:\Users\Pedro\faculdade\IniciacaoCientifica\grn\.env\Lib\site-packages\zmq\eventloop\zmqstream.py
cfn=_handle_recv
calls=3 614
573 198800
cfl=c:\Users\Pedro\faculdade\IniciacaoCientifica\grn\.env\Lib\site-packages\zmq\eventloop\zmqstream.py
cfn=_rebuild_io_state
calls=3 653
573 68000
cfl=c:\Users\Pedro\faculdade\IniciacaoCientifica\grn\.env\Lib\site-packages\zmq\sugar\attrsettr.py
cfn=__getattr__
calls=3 43
573 68600

fl=c:\Users\Pedro\faculdade\IniciacaoCientifica\grn\.env\Lib\site-packages\zmq\eventloop\zmqstream.py
fn=_handle_recv
614 6500
cfl=c:\Users\Pedro\faculdade\IniciacaoCientifica\grn\.env\Lib\site-packages\zmq\eventloop\zmqstream.py
cfn=_run_callback
calls=3 546
614 83200
cfl=c:\Users\Pedro\faculdade\IniciacaoCientifica\grn\.env\Lib\site-packages\zmq\sugar\socket.py
cfn=recv_multipart
calls=3 771
614 109100

fl=c:\Users\Pedro\faculdade\IniciacaoCientifica\grn\.env\Lib\site-packages\zmq\eventloop\zmqstream.py
fn=_rebuild_io_state
653 8600
cfl=C:\Users\Pedro\AppData\Local\Python\pythoncore-3.14-64\Lib\enum.py
cfn=__or__
calls=3 1583
653 10900
cfl=c:\Users\Pedro\faculdade\IniciacaoCientifica\grn\.env\Lib\site-packages\zmq\eventloop\zmqstream.py
cfn=receiving
calls=3 528
653 400
cfl=c:\Users\Pedro\faculdade\IniciacaoCientifica\grn\.env\Lib\site-packages\zmq\eventloop\zmqstream.py
cfn=sending
calls=3 532
653 10700
cfl=c:\Users\Pedro\faculdade\IniciacaoCientifica\grn\.env\Lib\site-packages\zmq\eventloop\zmqstream.py
cfn=_update_handler
calls=3 676
653 37400

fl=c:\Users\Pedro\faculdade\IniciacaoCientifica\grn\.env\Lib\site-packages\zmq\eventloop\zmqstream.py
fn=_update_handler
676 3300
cfl=C:\Users\Pedro\AppData\Local\Python\pythoncore-3.14-64\Lib\enum.py
cfn=__and__
calls=3 1594
676 10700
cfl=c:\Users\Pedro\faculdade\IniciacaoCientifica\grn\.env\Lib\site-packages\zmq\sugar\attrsettr.py
cfn=__getattr__
calls=3 43
676 23400

fl=c:\Users\Pedro\faculdade\IniciacaoCientifica\grn\.env\Lib\site-packages\zmq\eventloop\zmqstream.py
fn=<lambda>
684 3000
cfl=c:\Users\Pedro\faculdade\IniciacaoCientifica\grn\.env\Lib\site-packages\zmq\eventloop\zmqstream.py
cfn=_handle_events
calls=1 573
684 110500

fl=c:\Users\Pedro\faculdade\IniciacaoCientifica\grn\.env\Lib\site-packages\zmq\sugar\attrsettr.py
fn=__getattr__
43 18900
cfl=<frozen importlib._bootstrap>
cfn=_handle_fromlist
calls=6 1401
43 7800
cfl=c:\Users\Pedro\faculdade\IniciacaoCientifica\grn\.env\Lib\site-packages\zmq\sugar\attrsettr.py
cfn=_get_attr_opt
calls=6 66
43 60400
cfl=~
cfn=<built-in method builtins.getattr>
calls=6 0
43 3100
cfl=~
cfn=<method 'upper' of 'str' objects>
calls=6 0
43 1800

fl=c:\Users\Pedro\faculdade\IniciacaoCientifica\grn\.env\Lib\site-packages\zmq\sugar\attrsettr.py
fn=_get_attr_opt
66 49900
cfl=C:\Users\Pedro\AppData\Local\Python\pythoncore-3.14-64\Lib\enum.py
cfn=__call__
calls=6 677
66 10500

fl=c:\Users\Pedro\faculdade\IniciacaoCientifica\grn\.env\Lib\site-packages\zmq\sugar\socket.py
fn=send
623 38600

fl=c:\Users\Pedro\faculdade\IniciacaoCientifica\grn\.env\Lib\site-packages\zmq\sugar\socket.py
fn=recv_multipart
771 50800
cfl=C:\Users\Pedro\AppData\Local\Python\pythoncore-3.14-64\Lib\enum.py
cfn=__call__
calls=3 677
771 2800
cfl=C:\Users\Pedro\AppData\Local\Python\pythoncore-3.14-64\Lib\typing.py
cfn=_type_check
calls=6 184
771 42900
cfl=C:\Users\Pedro\AppData\Local\Python\pythoncore-3.14-64\Lib\typing.py
cfn=inner
calls=6 396
771 4800
cfl=C:\Users\Pedro\AppData\Local\Python\pythoncore-3.14-64\Lib\typing.py
cfn=__hash__
calls=18 1361
771 7500
cfl=C:\Users\Pedro\AppData\Local\Python\pythoncore-3.14-64\Lib\typing.py
cfn=cast
calls=3 2300
771 300

fl=c:\Users\Pedro\faculdade\IniciacaoCientifica\grn\PythonCode\Modules\Handlers.py
fn=run_path
29 8900
cfl=<frozen ntpath>
cfn=join
calls=6 99
29 20600

fl=c:\Users\Pedro\faculdade\IniciacaoCientifica\grn\PythonCode\Modules\Handlers.py
fn=setup_logger
33 18300
cfl=<frozen os>
cfn=makedirs
calls=0 211
33 0
cfl=C:\Users\Pedro\AppData\Local\Python\pythoncore-3.14-64\Lib\asyncio\base_events.py
cfn=time
calls=1 766
33 2100
cfl=C:\Users\Pedro\AppData\Local\Python\pythoncore-3.14-64\Lib\asyncio\events.py
cfn=_run
calls=1 92
33 120000
cfl=C:\Users\Pedro\AppData\Local\Python\pythoncore-3.14-64\Lib\asyncio\selector_events.py
cfn=_process_events
calls=1 744
33 200
cfl=c:\Users\Pedro\faculdade\IniciacaoCientifica\grn\PythonCode\Modules\Handlers.py
cfn=run_path
calls=1 29
33 9100
cfl=~
cfn=<built-in method builtins.len>
calls=1 0
33 300
cfl=~
cfn=<method 'popleft' of 'collections.deque' objects>
calls=1 0
33 300

fl=c:\Users\Pedro\faculdade\IniciacaoCientifica\grn\PythonCode\Modules\Handlers.py
fn=run_serial
48 17800
cfl=C:\Users\Pedro\AppData\Local\Python\pythoncore-3.14-64\Lib\logging\__init__.py
cfn=info
calls=1 1510
48 101900
cfl=C:\Users\Pedro\AppData\Local\Python\pythoncore-3.14-64\Lib\logging\__init__.py
cfn=error
calls=1 1539
48 39249800
cfl=c:\Users\Pedro\faculdade\IniciacaoCientifica\grn\PythonCode\Modules\Handlers.py
cfn=run_single
calls=0 93
48 0
cfl=~
cfn=<built-in method builtins.print>
calls=2 0
48 41500
cfl=~
cfn=<built-in method time.time>
calls=1 0
48 700

fl=c:\Users\Pedro\faculdade\IniciacaoCientifica\grn\PythonCode\Modules\Handlers.py
fn=run_single
93 25300
cfl=c:\Users\Pedro\faculdade\IniciacaoCientifica\grn\PythonCode\Modules\Handlers.py
cfn=run_path
calls=1 29
93 3400
cfl=c:\Users\Pedro\faculdade\IniciacaoCientifica\grn\PythonCode\Modules\Methods.py
cfn=run
calls=0 32
93 0
cfl=c:\Users\Pedro\faculdade\IniciacaoCientifica\grn\PythonCode\Modules\Methods.py
cfn=__init__:176
calls=1 176
93 4500

fl=c:\Users\Pedro\faculdade\IniciacaoCientifica\grn\PythonCode\Modules\Handlers.py
fn=save_results
132 25800
cfl=<frozen ntpath>
cfn=join
calls=2 99
132 3500
cfl=C:\Users\Pedro\AppData\Local\Python\pythoncore-3.14-64\Lib\logging\__init__.py
cfn=info
calls=2 1510
132 160100
cfl=c:\Users\Pedro\faculdade\IniciacaoCientifica\grn\.env\Lib\site-packages\pandas\core\frame.py
cfn=__init__
calls=2 702
132 1252200
cfl=c:\Users\Pedro\faculdade\IniciacaoCientifica\grn\.env\Lib\site-packages\pandas\core\generic.py
cfn=to_csv
calls=2 3795
132 3181500
cfl=c:\Users\Pedro\faculdade\IniciacaoCientifica\grn\PythonCode\Modules\Handlers.py
cfn=run_path
calls=2 29
132 8200

fl=c:\Users\Pedro\faculdade\IniciacaoCientifica\grn\PythonCode\Modules\Handlers.py
fn=execute
138 340900
cfl=C:\Users\Pedro\AppData\Local\Python\pythoncore-3.14-64\Lib\asyncio\base_events.py
cfn=_run_once
calls=1 1966
138 176074400
cfl=c:\Users\Pedro\faculdade\IniciacaoCientifica\grn\PythonCode\Modules\Handlers.py
cfn=setup_logger
calls=0 33
138 0
cfl=~
cfn=<built-in method now>
calls=1 0
138 1200
cfl=~
cfn=<method 'strftime' of 'datetime.date' objects>
calls=1 0
138 7400

fl=c:\Users\Pedro\faculdade\IniciacaoCientifica\grn\PythonCode\Modules\Methods.py
fn=__init__:29
29 300

fl=c:\Users\Pedro\faculdade\IniciacaoCientifica\grn\PythonCode\Modules\Methods.py
fn=run
32 48700
cfl=C:\Users\Pedro\AppData\Local\Python\pythoncore-3.14-64\Lib\logging\__init__.py
cfn=info
calls=1 1510
32 67100
cfl=c:\Users\Pedro\faculdade\IniciacaoCientifica\grn\PythonCode\Modules\Methods.py
cfn=execute
calls=0 195
32 0
cfl=~
cfn=<built-in method time.time>
calls=1 0
32 200

fl=c:\Users\Pedro\faculdade\IniciacaoCientifica\grn\PythonCode\Modules\Methods.py
fn=__init__:176
176 4200
cfl=c:\Users\Pedro\faculdade\IniciacaoCientifica\grn\PythonCode\Modules\Methods.py
cfn=__init__:29
calls=1 29
176 300

fl=c:\Users\Pedro\faculdade\IniciacaoCientifica\grn\PythonCode\Modules\Methods.py
fn=execute
195 11600
cfl=c:\Users\Pedro\faculdade\IniciacaoCientifica\grn\.env\Lib\site-packages\scipy\_lib\_util.py
cfn=wrapper
calls=0 291
195 0
cfl=c:\Users\Pedro\faculdade\IniciacaoCientifica\grn\PythonCode\Modules\Models.py
cfn=bounds_list
calls=1 111
195 10500

fl=c:\Users\Pedro\faculdade\IniciacaoCientifica\grn\PythonCode\Modules\Models.py
fn=bounds_list
111 8000
cfl=~
cfn=<method 'append' of 'list' objects>
calls=19 0
111 1700
cfl=~
cfn=<method 'items' of 'dict' objects>
calls=6 0
111 800

fl=~
fn=<built-in method __new__ of type object at 0x00007FFF81974D90>
0 23600

fl=~
fn=<built-in method _abc._abc_instancecheck>
0 22400
cfl=<frozen abc>
cfn=__subclasscheck__
calls=4 121
0 54300

fl=~
fn=<built-in method _abc._abc_subclasscheck>
0 50300
cfl=<frozen _collections_abc>
cfn=__subclasshook__
calls=18 345
0 2100
cfl=<frozen abc>
cfn=__subclasscheck__
calls=17 121
0 33200

fl=~
fn=<built-in method _asyncio.current_task>
0 3700

fl=~
fn=<built-in method _codecs.charmap_encode>
0 20700

fl=~
fn=<built-in method _codecs.lookup>
0 2000

fl=~
fn=<built-in method _codecs.lookup_error>
0 1700

fl=~
fn=<built-in method _codecs.utf_8_decode>
0 32400

fl=~
fn=<built-in method _contextvars.copy_context>
0 1000

fl=~
fn=<built-in method _csv.writer>
0 6700

fl=~
fn=<built-in method _heapq.heappush>
0 2200
cfl=C:\Users\Pedro\AppData\Local\Python\pythoncore-3.14-64\Lib\asyncio\events.py
cfn=__lt__
calls=2 162
0 1200

fl=~
fn=<built-in method _imp._fix_co_filename>
0 3700

fl=~
fn=<built-in method _imp.acquire_lock>
0 6100

fl=~
fn=<built-in method _imp.create_dynamic>
0 2353300

fl=~
fn=<built-in method _imp.exec_dynamic>
0 19000

fl=~
fn=<built-in method _imp.find_frozen>
0 4100

fl=~
fn=<built-in method _imp.is_builtin>
0 15000

fl=~
fn=<built-in method _imp.release_lock>
0 6200

fl=~
fn=<built-in method _io.open>
0 46577000
cfl=<frozen codecs>
cfn=__init__:189
calls=3 189
0 1700
cfl=<frozen codecs>
cfn=__init__:312
calls=1 312
0 2400

fl=~
fn=<built-in method _io.open_code>
0 2144000

fl=~
fn=<built-in method _io.text_encoding>
0 300

fl=~
fn=<built-in method _operator.index>
0 1200

fl=~
fn=<built-in method _pickle.loads>
0 11900

fl=~
fn=<built-in method _thread.allocate_lock>
0 5400

fl=~
fn=<built-in method _thread.daemon_threads_allowed>
0 1100

fl=~
fn=<built-in method _thread.get_ident>
0 13700

fl=~
fn=<built-in method _thread.get_native_id>
0 1300

fl=~
fn=<built-in method _thread.set_name>
0 17500

fl=~
fn=<built-in method _thread.start_joinable_thread>
0 140900

fl=~
fn=<built-in method _warnings._acquire_lock>
0 3700

fl=~
fn=<built-in method _warnings._filters_mutated_lock_held>
0 3800

fl=~
fn=<built-in method _warnings._release_lock>
0 3600

fl=~
fn=<built-in method _warnings.warn>
0 20000
cfl=C:\Users\Pedro\AppData\Local\Python\pythoncore-3.14-64\Lib\_py_warnings.py
cfn=_showwarnmsg
calls=1 217
0 641100
cfl=C:\Users\Pedro\AppData\Local\Python\pythoncore-3.14-64\Lib\_py_warnings.py
cfn=__init__:576
calls=1 576
0 1900

fl=~
fn=<built-in method _weakref._remove_dead_weakref>
0 3000

fl=~
fn=<built-in method _winapi.CloseHandle>
0 84000

fl=~
fn=<built-in method _winapi.ConnectNamedPipe>
0 17200

fl=~
fn=<built-in method _winapi.CreateFile>
0 14300

fl=~
fn=<built-in method _winapi.CreateNamedPipe>
0 40200

fl=~
fn=<built-in method _winapi.CreatePipe>
0 333400

fl=~
fn=<built-in method _winapi.CreateProcess>
0 77949100

fl=~
fn=<built-in method _winapi.DuplicateHandle>
0 119600

fl=~
fn=<built-in method _winapi.GetCurrentProcess>
0 23700

fl=~
fn=<built-in method _winapi.GetExitCodeProcess>
0 17000

fl=~
fn=<built-in method _winapi.LCMapStringEx>
0 27100

fl=~
fn=<built-in method _winapi.OpenProcess>
0 170300

fl=~
fn=<built-in method _winapi.PeekNamedPipe>
0 59100

fl=~
fn=<built-in method _winapi.ReadFile>
0 131600

fl=~
fn=<built-in method _winapi.SetNamedPipeHandleState>
0 7500

fl=~
fn=<built-in method _winapi.TerminateProcess>
0 1890900

fl=~
fn=<built-in method _winapi.WaitForMultipleObjects>
0 29000
cfl=C:\Users\Pedro\AppData\Local\Python\pythoncore-3.14-64\Lib\multiprocessing\connection.py
cfn=_exhaustive_wait
calls=1 1027
0 1800
cfl=C:\Users\Pedro\AppData\Local\Python\pythoncore-3.14-64\Lib\threading.py
cfn=_bootstrap
calls=0 1030
0 0
cfl=c:\Users\Pedro\faculdade\IniciacaoCientifica\grn\.env\Lib\site-packages\numpy\_core\function_base.py
cfn=_linspace_dispatcher
calls=1 22
0 400
cfl=c:\Users\Pedro\faculdade\IniciacaoCientifica\grn\.env\Lib\site-packages\numpy\_core\function_base.py
cfn=linspace
calls=1 27
0 45200
cfl=c:\Users\Pedro\faculdade\IniciacaoCientifica\grn\.env\Lib\site-packages\numpy\_core\multiarray.py
cfn=may_share_memory
calls=19 1397
0 3400
cfl=c:\Users\Pedro\faculdade\IniciacaoCientifica\grn\.env\Lib\site-packages\numpy\_core\numeric.py
cfn=_zeros_like_dispatcher
calls=1 91
0 200
cfl=c:\Users\Pedro\faculdade\IniciacaoCientifica\grn\.env\Lib\site-packages\numpy\_core\numeric.py
cfn=zeros_like
calls=1 97
0 14300
cfl=c:\Users\Pedro\faculdade\IniciacaoCientifica\grn\.env\Lib\site-packages\numpy\_core\numeric.py
cfn=full
calls=1 323
0 11400
cfl=~
cfn=<built-in method sys.getwindowsversion>
calls=1 0
0 1700
cfl=~
cfn=<method 'GetOverlappedResult' of '_winapi.Overlapped' objects>
calls=1 0
0 3000
cfl=~
cfn=<method 'add' of 'set' objects>
calls=1 0
0 400
cfl=~
cfn=<method 'keys' of 'dict' objects>
calls=1 0
0 400
cfl=~
cfn=<method 'update' of 'set' objects>
calls=1 0
0 2100

fl=~
fn=<built-in method _winapi.WaitForSingleObject>
0 1388700

fl=~
fn=<built-in method _winapi.WriteFile>
0 256200

fl=~
fn=<built-in method atexit.register>
0 800

fl=~
fn=<built-in method builtins.__build_class__>
0 290000
cfl=C:\Users\Pedro\AppData\Local\Python\pythoncore-3.14-64\Lib\multiprocessing\connection.py
cfn=_ConnectionBase
calls=1 117
0 9000
cfl=C:\Users\Pedro\AppData\Local\Python\pythoncore-3.14-64\Lib\multiprocessing\connection.py
cfn=PipeConnection
calls=1 274
0 2200
cfl=C:\Users\Pedro\AppData\Local\Python\pythoncore-3.14-64\Lib\multiprocessing\connection.py
cfn=Connection
calls=1 380
0 2200
cfl=C:\Users\Pedro\AppData\Local\Python\pythoncore-3.14-64\Lib\multiprocessing\connection.py
cfn=Listener
calls=1 465
0 3100
cfl=C:\Users\Pedro\AppData\Local\Python\pythoncore-3.14-64\Lib\multiprocessing\connection.py
cfn=SocketListener
calls=1 613
0 700
cfl=C:\Users\Pedro\AppData\Local\Python\pythoncore-3.14-64\Lib\multiprocessing\connection.py
cfn=PipeListener
calls=1 673
0 4100
cfl=C:\Users\Pedro\AppData\Local\Python\pythoncore-3.14-64\Lib\multiprocessing\connection.py
cfn=ConnectionWrapper
calls=1 987
0 1800
cfl=C:\Users\Pedro\AppData\Local\Python\pythoncore-3.14-64\Lib\multiprocessing\connection.py
cfn=XmlListener
calls=1 1009
0 500
cfl=C:\Users\Pedro\AppData\Local\Python\pythoncore-3.14-64\Lib\multiprocessing\pool.py
cfn=RemoteTraceback
calls=1 57
0 1000
cfl=C:\Users\Pedro\AppData\Local\Python\pythoncore-3.14-64\Lib\multiprocessing\pool.py
cfn=ExceptionWithTraceback
calls=1 63
0 700
cfl=C:\Users\Pedro\AppData\Local\Python\pythoncore-3.14-64\Lib\multiprocessing\pool.py
cfn=MaybeEncodingError
calls=1 80
0 1300
cfl=C:\Users\Pedro\AppData\Local\Python\pythoncore-3.14-64\Lib\multiprocessing\pool.py
cfn=_PoolCache
calls=1 150
0 2200
cfl=C:\Users\Pedro\AppData\Local\Python\pythoncore-3.14-64\Lib\multiprocessing\pool.py
cfn=Pool
calls=1 173
0 15200
cfl=C:\Users\Pedro\AppData\Local\Python\pythoncore-3.14-64\Lib\multiprocessing\pool.py
cfn=ApplyResult
calls=1 745
0 5500
cfl=C:\Users\Pedro\AppData\Local\Python\pythoncore-3.14-64\Lib\multiprocessing\pool.py
cfn=MapResult
calls=1 794
0 700
cfl=C:\Users\Pedro\AppData\Local\Python\pythoncore-3.14-64\Lib\multiprocessing\pool.py
cfn=IMapIterator
calls=1 837
0 2200
cfl=C:\Users\Pedro\AppData\Local\Python\pythoncore-3.14-64\Lib\multiprocessing\pool.py
cfn=IMapUnorderedIterator
calls=1 906
0 700
cfl=C:\Users\Pedro\AppData\Local\Python\pythoncore-3.14-64\Lib\multiprocessing\pool.py
cfn=ThreadPool
calls=1 921
0 2300
cfl=C:\Users\Pedro\AppData\Local\Python\pythoncore-3.14-64\Lib\multiprocessing\popen_spawn_win32.py
cfn=Popen
calls=1 40
0 3200
cfl=C:\Users\Pedro\AppData\Local\Python\pythoncore-3.14-64\Lib\multiprocessing\queues.py
cfn=Queue
calls=1 33
0 8600
cfl=C:\Users\Pedro\AppData\Local\Python\pythoncore-3.14-64\Lib\multiprocessing\queues.py
cfn=JoinableQueue
calls=1 314
0 1000
cfl=C:\Users\Pedro\AppData\Local\Python\pythoncore-3.14-64\Lib\multiprocessing\queues.py
cfn=SimpleQueue
calls=1 357
0 4300
cfl=C:\Users\Pedro\AppData\Local\Python\pythoncore-3.14-64\Lib\multiprocessing\synchronize.py
cfn=SemLock
calls=1 45
0 4700
cfl=C:\Users\Pedro\AppData\Local\Python\pythoncore-3.14-64\Lib\multiprocessing\synchronize.py
cfn=Semaphore
calls=1 132
0 800
cfl=C:\Users\Pedro\AppData\Local\Python\pythoncore-3.14-64\Lib\multiprocessing\synchronize.py
cfn=BoundedSemaphore
calls=1 156
0 500
cfl=C:\Users\Pedro\AppData\Local\Python\pythoncore-3.14-64\Lib\multiprocessing\synchronize.py
cfn=Lock
calls=1 173
0 500
cfl=C:\Users\Pedro\AppData\Local\Python\pythoncore-3.14-64\Lib\multiprocessing\synchronize.py
cfn=RLock
calls=1 198
0 400
cfl=C:\Users\Pedro\AppData\Local\Python\pythoncore-3.14-64\Lib\multiprocessing\synchronize.py
cfn=Condition
calls=1 224
0 2300
cfl=C:\Users\Pedro\AppData\Local\Python\pythoncore-3.14-64\Lib\multiprocessing\synchronize.py
cfn=Event
calls=1 335
0 900
cfl=C:\Users\Pedro\AppData\Local\Python\pythoncore-3.14-64\Lib\multiprocessing\synchronize.py
cfn=Barrier
calls=1 377
0 5800
cfl=C:\Users\Pedro\AppData\Local\Python\pythoncore-3.14-64\Lib\multiprocessing\util.py
cfn=Finalize
calls=1 253
0 1700
cfl=C:\Users\Pedro\AppData\Local\Python\pythoncore-3.14-64\Lib\multiprocessing\util.py
cfn=ForkAwareThreadLock
calls=1 439
0 700
cfl=C:\Users\Pedro\AppData\Local\Python\pythoncore-3.14-64\Lib\multiprocessing\util.py
cfn=ForkAwareLocal
calls=1 456
0 500
cfl=c:\Users\Pedro\faculdade\IniciacaoCientifica\grn\.env\Lib\site-packages\pandas\io\formats\csvs.py
cfn=CSVFormatter
calls=1 56
0 9400

fl=~
fn=<built-in method builtins.__import__>
0 4200
cfl=<frozen importlib._bootstrap>
cfn=_find_and_load
calls=2 1360
0 2262100

fl=~
fn=<built-in method builtins.any>
0 1900

fl=~
fn=<built-in method builtins.callable>
0 3300

fl=~
fn=<built-in method builtins.compile>
0 735200

fl=~
fn=<built-in method builtins.divmod>
0 500

fl=~
fn=<built-in method builtins.exec>
0 39800
cfl=C:\Users\Pedro\AppData\Local\Python\pythoncore-3.14-64\Lib\multiprocessing\connection.py
cfn=<module>
calls=1 1
0 2688600
cfl=C:\Users\Pedro\AppData\Local\Python\pythoncore-3.14-64\Lib\multiprocessing\pool.py
cfn=<module>
calls=1 1
0 5251100
cfl=C:\Users\Pedro\AppData\Local\Python\pythoncore-3.14-64\Lib\multiprocessing\popen_spawn_win32.py
cfn=<module>
calls=1 1
0 968400
cfl=C:\Users\Pedro\AppData\Local\Python\pythoncore-3.14-64\Lib\multiprocessing\queues.py
cfn=<module>
calls=1 1
0 68700
cfl=C:\Users\Pedro\AppData\Local\Python\pythoncore-3.14-64\Lib\multiprocessing\spawn.py
cfn=<module>
calls=1 1
0 24300
cfl=C:\Users\Pedro\AppData\Local\Python\pythoncore-3.14-64\Lib\multiprocessing\synchronize.py
cfn=<module>
calls=1 1
0 94200
cfl=C:\Users\Pedro\AppData\Local\Python\pythoncore-3.14-64\Lib\multiprocessing\util.py
cfn=<module>
calls=1 1
0 70100
cfl=c:\Users\Pedro\faculdade\IniciacaoCientifica\grn\.env\Lib\site-packages\pandas\io\formats\csvs.py
cfn=<module>
calls=1 1
0 45000

fl=~
fn=<built-in method builtins.getattr>
0 203900

fl=~
fn=<built-in method builtins.hasattr>
0 58300
cfl=C:\Users\Pedro\AppData\Local\Python\pythoncore-3.14-64\Lib\multiprocessing\process.py
cfn=sentinel
calls=40 254
0 20200

fl=~
fn=<built-in method builtins.hash>
0 5300

fl=~
fn=<built-in method builtins.id>
0 2300

fl=~
fn=<built-in method builtins.isinstance>
0 502300
cfl=<frozen abc>
cfn=__instancecheck__
calls=31 117
0 76600
cfl=C:\Users\Pedro\AppData\Local\Python\pythoncore-3.14-64\Lib\typing.py
cfn=__instancecheck__
calls=3 1292
0 13600
cfl=c:\Users\Pedro\faculdade\IniciacaoCientifica\grn\.env\Lib\site-packages\pandas\core\dtypes\generic.py
cfn=_instancecheck
calls=245 43
0 137300

fl=~
fn=<built-in method builtins.issubclass>
0 18600
cfl=<frozen abc>
cfn=__subclasscheck__
calls=3 121
0 4000

fl=~
fn=<built-in method builtins.iter>
0 2600

fl=~
fn=<built-in method builtins.len>
0 143500
cfl=c:\Users\Pedro\faculdade\IniciacaoCientifica\grn\.env\Lib\site-packages\pandas\core\indexes\base.py
cfn=__len__
calls=10 918
0 4000
cfl=c:\Users\Pedro\faculdade\IniciacaoCientifica\grn\.env\Lib\site-packages\pandas\core\indexes\range.py
cfn=__len__
calls=76 1265
0 21400

fl=~
fn=<built-in method builtins.locals>
0 5600

fl=~
fn=<built-in method builtins.max>
0 87500
cfl=<frozen importlib._bootstrap_external>
cfn=<genexpr>
calls=48 139
0 17700
cfl=C:\Users\Pedro\AppData\Local\Python\pythoncore-3.14-64\Lib\multiprocessing\connection.py
cfn=<genexpr>:855
calls=6 855
0 2400

fl=~
fn=<built-in method builtins.min>
0 13500

fl=~
fn=<built-in method builtins.next>
0 232300
cfl=C:\Users\Pedro\AppData\Local\Python\pythoncore-3.14-64\Lib\tempfile.py
cfn=__next__
calls=6 153
0 88300
cfl=c:\Users\Pedro\faculdade\IniciacaoCientifica\grn\.env\Lib\site-packages\IPython\core\history.py
cfn=hold
calls=2 1100
0 600

fl=~
fn=<built-in method builtins.ord>
0 400

fl=~
fn=<built-in method builtins.print>
0 16200
cfl=c:\Users\Pedro\faculdade\IniciacaoCientifica\grn\.env\Lib\site-packages\IPython\core\interactiveshell.py
cfn=write
calls=6 3098
0 127600

fl=~
fn=<built-in method builtins.setattr>
0 6300

fl=~
fn=<built-in method builtins.sorted>
0 9800

fl=~
fn=<built-in method from_bytes>
0 6600

fl=~
fn=<built-in method marshal.loads>
0 946000

fl=~
fn=<built-in method math.floor>
0 3800

fl=~
fn=<built-in method math.prod>
0 6300
cfl=c:\Users\Pedro\faculdade\IniciacaoCientifica\grn\.env\Lib\site-packages\numpy\_core\fromnumeric.py
cfn=<genexpr>
calls=8 3575
0 2300

fl=~
fn=<built-in method msvcrt.open_osfhandle>
0 25600

fl=~
fn=<built-in method now>
0 1200

fl=~
fn=<built-in method nt._getfullpathname>
0 3000

fl=~
fn=<built-in method nt._path_exists>
0 6800

fl=~
fn=<built-in method nt._path_isdir>
0 93600
cfl=C:\Users\Pedro\AppData\Local\Python\pythoncore-3.14-64\Lib\pathlib\__init__.py
cfn=__fspath__
calls=2 190
0 2400

fl=~
fn=<built-in method nt._path_normpath>
0 900

fl=~
fn=<built-in method nt._path_splitroot>
0 9100

fl=~
fn=<built-in method nt._path_splitroot_ex>
0 14900

fl=~
fn=<built-in method nt.cpu_count>
0 2000

fl=~
fn=<built-in method nt.fspath>
0 13000

fl=~
fn=<built-in method nt.getcwd>
0 26100

fl=~
fn=<built-in method nt.getpid>
0 75000

fl=~
fn=<built-in method nt.lstat>
0 54300

fl=~
fn=<built-in method nt.mkdir>
0 81300
cfl=C:\Users\Pedro\AppData\Local\Python\pythoncore-3.14-64\Lib\threading.py
cfn=_acquire_restore
calls=1 325
0 2200

fl=~
fn=<built-in method nt.stat>
0 2362300

fl=~
fn=<built-in method nt.urandom>
0 5000

fl=~
fn=<built-in method numpy._core._multiarray_umath._make_extobj>
0 2100

fl=~
fn=<built-in method numpy._core._multiarray_umath.count_nonzero>
0 3600

fl=~
fn=<built-in method numpy.arange>
0 9600

fl=~
fn=<built-in method numpy.array>
0 33900

fl=~
fn=<built-in method numpy.asarray>
0 25800

fl=~
fn=<built-in method numpy.empty>
0 26700

fl=~
fn=<built-in method numpy.fromiter>
0 12900

fl=~
fn=<built-in method numpy.lib.array_utils.normalize_axis_index>
0 1900

fl=~
fn=<built-in method numpy.zeros>
0 4200

fl=~
fn=<built-in method select.select>
0 45700

fl=~
fn=<built-in method sys._getframe>
0 3700

fl=~
fn=<built-in method sys.exc_info>
0 500

fl=~
fn=<built-in method sys.exception>
0 300

fl=~
fn=<built-in method sys.getfilesystemencoding>
0 300

fl=~
fn=<built-in method sys.getwindowsversion>
0 428600

fl=~
fn=<built-in method time.localtime>
0 38100

fl=~
fn=<built-in method time.monotonic>
0 1600

fl=~
fn=<built-in method time.sleep>
0 254100

fl=~
fn=<built-in method time.strftime>
0 14600

fl=~
fn=<built-in method time.time>
0 3100

fl=~
fn=<built-in method time.time_ns>
0 4100

fl=~
fn=<function Random.seed at 0x0000024B1049B060>
0 13500

fl=~
fn=<method 'GetOverlappedResult' of '_winapi.Overlapped' objects>
0 70500

fl=~
fn=<method '__enter__' of '_io._IOBase' objects>
0 23900

fl=~
fn=<method '__enter__' of '_multiprocessing.SemLock' objects>
0 2700

fl=~
fn=<method '__enter__' of '_thread.RLock' objects>
0 17600

fl=~
fn=<method '__enter__' of '_thread.lock' objects>
0 7900

fl=~
fn=<method '__enter__' of 'sqlite3.Connection' objects>
0 500

fl=~
fn=<method '__exit__' of '_io._IOBase' objects>
0 657500

fl=~
fn=<method '__exit__' of '_multiprocessing.SemLock' objects>
0 2000

fl=~
fn=<method '__exit__' of '_thread.RLock' objects>
0 14400

fl=~
fn=<method '__exit__' of '_thread.lock' objects>
0 4200

fl=~
fn=<method '__exit__' of 'sqlite3.Connection' objects>
0 219000

fl=~
fn=<method 'acquire' of '_multiprocessing.SemLock' objects>
0 3900

fl=~
fn=<method 'acquire' of '_thread.lock' objects>
0 48700
cfl=C:\Users\Pedro\AppData\Local\Python\pythoncore-3.14-64\Lib\multiprocessing\connection.py
cfn=send
calls=72 208
0 1133200
cfl=C:\Users\Pedro\AppData\Local\Python\pythoncore-3.14-64\Lib\multiprocessing\pool.py
cfn=_guarded_task_generation
calls=72 385
0 149800
cfl=C:\Users\Pedro\AppData\Local\Python\pythoncore-3.14-64\Lib\multiprocessing\pool.py
cfn=_set
calls=71 809
0 23700
cfl=C:\Users\Pedro\AppData\Local\Python\pythoncore-3.14-64\Lib\threading.py
cfn=_bootstrap
calls=0 1030
0 0
cfl=C:\Users\Pedro\AppData\Local\Python\pythoncore-3.14-64\Lib\threading.py
cfn=_delete
calls=1 1088
0 4800
cfl=c:\Users\Pedro\faculdade\IniciacaoCientifica\grn\.env\Lib\site-packages\scipy\optimize\_differentialevolution.py
cfn=solve
calls=0 1185
0 0
cfl=c:\Users\Pedro\faculdade\IniciacaoCientifica\grn\.env\Lib\site-packages\scipy\optimize\_differentialevolution.py
cfn=__enter__
calls=1 1550
0 200

fl=~
fn=<method 'add' of 'set' objects>
0 26700

fl=~
fn=<method 'all' of 'numpy.generic' objects>
0 5900
cfl=c:\Users\Pedro\faculdade\IniciacaoCientifica\grn\.env\Lib\site-packages\numpy\_core\_methods.py
cfn=_all
calls=1 64
0 22300

fl=~
fn=<method 'any' of 'numpy.generic' objects>
0 5100
cfl=c:\Users\Pedro\faculdade\IniciacaoCientifica\grn\.env\Lib\site-packages\numpy\_core\_methods.py
cfn=_any
calls=2 55
0 7400

fl=~
fn=<method 'append' of 'collections.deque' objects>
0 3000

fl=~
fn=<method 'append' of 'list' objects>
0 151500

fl=~
fn=<method 'as_arrays' of 'numpy._core._multiarray_umath._array_converter' objects>
0 700

fl=~
fn=<method 'astype' of 'numpy.ndarray' objects>
0 8800

fl=~
fn=<method 'cancel' of '_winapi.Overlapped' objects>
0 58200

fl=~
fn=<method 'clear' of 'dict' objects>
0 3500

fl=~
fn=<method 'close' of '_io.StringIO' objects>
0 600

fl=~
fn=<method 'close' of '_io.TextIOWrapper' objects>
0 183200

fl=~
fn=<method 'co_positions' of 'code' objects>
0 7000

fl=~
fn=<method 'copy' of 'dict' objects>
0 104100

fl=~
fn=<method 'copy' of 'list' objects>
0 11800

fl=~
fn=<method 'copy' of 'numpy.ndarray' objects>
0 9400

fl=~
fn=<method 'decode' of 'bytes' objects>
0 19900

fl=~
fn=<method 'disable' of '_lsprof.Profiler' objects>
0 83100

fl=~
fn=<method 'discard' of 'set' objects>
0 18100

fl=~
fn=<method 'dump' of '_pickle.Pickler' objects>
0 2206900
cfl=C:\Users\Pedro\AppData\Local\Python\pythoncore-3.14-64\Lib\copyreg.py
cfn=_slotnames
calls=3 112
0 11800
cfl=C:\Users\Pedro\AppData\Local\Python\pythoncore-3.14-64\Lib\multiprocessing\connection.py
cfn=reduce_pipe_connection
calls=80 1190
0 748500
cfl=C:\Users\Pedro\AppData\Local\Python\pythoncore-3.14-64\Lib\multiprocessing\process.py
cfn=__reduce__
calls=40 354
0 264100
cfl=C:\Users\Pedro\AppData\Local\Python\pythoncore-3.14-64\Lib\multiprocessing\queues.py
cfn=__getstate__
calls=40 375
0 72000
cfl=C:\Users\Pedro\AppData\Local\Python\pythoncore-3.14-64\Lib\multiprocessing\synchronize.py
cfn=__getstate__
calls=40 102
0 280300

fl=~
fn=<method 'encode' of 'str' objects>
0 19000

fl=~
fn=<method 'endswith' of 'str' objects>
0 26700

fl=~
fn=<method 'execute' of 'sqlite3.Connection' objects>
0 12200

fl=~
fn=<method 'extend' of 'list' objects>
0 2400

fl=~
fn=<method 'find' of 'str' objects>
0 2300

fl=~
fn=<method 'flush' of '_io.TextIOWrapper' objects>
0 315200

fl=~
fn=<method 'format' of 'str' objects>
0 19200

fl=~
fn=<method 'get' of '_contextvars.ContextVar' objects>
0 1100

fl=~
fn=<method 'get' of 'dict' objects>
0 57700

fl=~
fn=<method 'get' of 'mappingproxy' objects>
0 1600

fl=~
fn=<method 'get_name' of '_asyncio.Task' objects>
0 2100

fl=~
fn=<method 'getbuffer' of '_io.BytesIO' objects>
0 19000

fl=~
fn=<method 'getbuffer' of '_winapi.Overlapped' objects>
0 1800

fl=~
fn=<method 'getvalue' of '_io.BytesIO' objects>
0 1100

fl=~
fn=<method 'getvalue' of '_io.StringIO' objects>
0 1900

fl=~
fn=<method 'index' of 'list' objects>
0 10400

fl=~
fn=<method 'insert' of 'list' objects>
0 3300

fl=~
fn=<method 'is_done' of '_thread._ThreadHandle' objects>
0 14700

fl=~
fn=<method 'isascii' of 'str' objects>
0 10900

fl=~
fn=<method 'isspace' of 'str' objects>
0 32900

fl=~
fn=<method 'items' of 'dict' objects>
0 17600

fl=~
fn=<method 'items' of 'mappingproxy' objects>
0 700

fl=~
fn=<method 'join' of '_thread._ThreadHandle' objects>
0 5900

fl=~
fn=<method 'join' of 'str' objects>
0 178600
cfl=C:\Users\Pedro\AppData\Local\Python\pythoncore-3.14-64\Lib\multiprocessing\popen_spawn_win32.py
cfn=<genexpr>
calls=100 71
0 38200
cfl=C:\Users\Pedro\AppData\Local\Python\pythoncore-3.14-64\Lib\multiprocessing\process.py
cfn=<genexpr>
calls=40 94
0 28000
cfl=C:\Users\Pedro\AppData\Local\Python\pythoncore-3.14-64\Lib\multiprocessing\spawn.py
cfn=<genexpr>
calls=60 92
0 45300

fl=~
fn=<method 'keys' of 'dict' objects>
0 3800

fl=~
fn=<method 'lower' of 'str' objects>
0 43200

fl=~
fn=<method 'lstrip' of 'str' objects>
0 4400

fl=~
fn=<method 'match' of 're.Pattern' objects>
0 21000

fl=~
fn=<method 'partition' of 'str' objects>
0 12400

fl=~
fn=<method 'pop' of 'dict' objects>
0 11100

fl=~
fn=<method 'pop' of 'list' objects>
0 4600

fl=~
fn=<method 'pop' of 'set' objects>
0 1700

fl=~
fn=<method 'popleft' of 'collections.deque' objects>
0 1200

fl=~
fn=<method 'put' of '_queue.SimpleQueue' objects>
0 8200

fl=~
fn=<method 'random' of '_random.Random' objects>
0 5700

fl=~
fn=<method 'read' of '_io.BufferedReader' objects>
0 1689600

fl=~
fn=<method 'readline' of '_io.BufferedReader' objects>
0 228300

fl=~
fn=<method 'readlines' of '_io._IOBase' objects>
0 632200
cfl=<frozen codecs>
cfn=decode
calls=40 322
0 54700

fl=~
fn=<method 'reduce' of 'numpy.ufunc' objects>
0 59900

fl=~
fn=<method 'release' of '_thread.lock' objects>
0 73000

fl=~
fn=<method 'remove' of 'collections.deque' objects>
0 2100

fl=~
fn=<method 'remove' of 'list' objects>
0 9800

fl=~
fn=<method 'replace' of 'str' objects>
0 28800

fl=~
fn=<method 'reset' of '_contextvars.ContextVar' objects>
0 3000

fl=~
fn=<method 'reshape' of 'numpy.ndarray' objects>
0 11100

fl=~
fn=<method 'result_type' of 'numpy._core._multiarray_umath._array_converter' objects>
0 900

fl=~
fn=<method 'reverse' of 'list' objects>
0 700

fl=~
fn=<method 'rfind' of 'str' objects>
0 9900

fl=~
fn=<method 'rpartition' of 'str' objects>
0 48600

fl=~
fn=<method 'rstrip' of 'str' objects>
0 34800

fl=~
fn=<method 'run' of '_contextvars.Context' objects>
0 65700
cfl=C:\Users\Pedro\AppData\Local\Python\pythoncore-3.14-64\Lib\threading.py
cfn=__exit__
calls=1 316
0 1100
cfl=C:\Users\Pedro\AppData\Local\Python\pythoncore-3.14-64\Lib\threading.py
cfn=run
calls=0 1013
0 0
cfl=c:\Users\Pedro\faculdade\IniciacaoCientifica\grn\.env\Lib\site-packages\tornado\ioloop.py
cfn=_run_callback
calls=1 750
0 114800
cfl=c:\Users\Pedro\faculdade\IniciacaoCientifica\grn\.env\Lib\site-packages\tornado\platform\asyncio.py
cfn=_handle_events
calls=2 206
0 276700

fl=~
fn=<method 'search' of 're.Pattern' objects>
0 3100

fl=~
fn=<method 'seek' of '_io.BufferedReader' objects>
0 2500

fl=~
fn=<method 'set' of '_contextvars.ContextVar' objects>
0 3000

fl=~
fn=<method 'setter' of 'property' objects>
0 1000

fl=~
fn=<method 'split' of 'str' objects>
0 24400

fl=~
fn=<method 'splitlines' of 'str' objects>
0 35300

fl=~
fn=<method 'startswith' of 'bytes' objects>
0 3200

fl=~
fn=<method 'startswith' of 'str' objects>
0 23800

fl=~
fn=<method 'strftime' of 'datetime.date' objects>
0 7400

fl=~
fn=<method 'strip' of 'str' objects>
0 17200

fl=~
fn=<method 'update' of 'dict' objects>
0 128500

fl=~
fn=<method 'update' of 'set' objects>
0 27700
cfl=C:\Users\Pedro\AppData\Local\Python\pythoncore-3.14-64\Lib\multiprocessing\connection.py
cfn=<genexpr>:1136
calls=7 1136
0 2100

fl=~
fn=<method 'upper' of 'str' objects>
0 336100

fl=~
fn=<method 'values' of 'dict' objects>
0 600

fl=~
fn=<method 'values' of 'mappingproxy' objects>
0 600

fl=~
fn=<method 'wrap' of 'numpy._core._multiarray_umath._array_converter' objects>
0 800

fl=~
fn=<method 'write' of '_io.BytesIO' objects>
0 3200

fl=~
fn=<method 'write' of '_io.StringIO' objects>
0 2400

fl=~
fn=<method 'write' of '_io.TextIOWrapper' objects>
0 20100
cfl=C:\Users\Pedro\AppData\Local\Python\pythoncore-3.14-64\Lib\encodings\cp1252.py
cfn=encode
calls=8 18
0 28600

fl=~
fn=<method 'writerow' of '_csv.writer' objects>
0 10800

