event: ns : Nanoseconds
events: ns
summary: 88779000
fl=<frozen _collections_abc>
fn=__subclasshook__
345 1800

fl=<frozen abc>
fn=__instancecheck__
117 11600
cfl=~
cfn=<built-in method _abc._abc_instancecheck>
calls=34 0
117 164300

fl=<frozen abc>
fn=__subclasscheck__
121 19100
cfl=~
cfn=<built-in method _abc._abc_subclasscheck>
calls=93 0
121 142300

fl=<frozen codecs>
fn=__init__:189
189 2000

fl=<frozen codecs>
fn=__init__:263
263 1000

fl=<frozen codecs>
fn=__init__:312
312 5200
cfl=<frozen codecs>
cfn=__init__:263
calls=5 263
312 1000

fl=<frozen codecs>
fn=decode
322 14500
cfl=~
cfn=<built-in method _codecs.utf_8_decode>
calls=27 0
322 22500

fl=<frozen codecs>
fn=getstate
334 500

fl=<frozen genericpath>
fn=_splitext
157 8900
cfl=~
cfn=<built-in method builtins.max>
calls=7 0
157 1700
cfl=~
cfn=<method 'rfind' of 'str' objects>
calls=21 0
157 3500

fl=<frozen importlib._bootstrap>
fn=_new_module
48 800

fl=<frozen importlib._bootstrap>
fn=__new__
74 2300
cfl=~
cfn=<built-in method __new__ of type object at 0x00007FFE69354D90>
calls=2 0
74 700

fl=<frozen importlib._bootstrap>
fn=__init__:79
79 1800

fl=<frozen importlib._bootstrap>
fn=remove
82 2200
cfl=~
cfn=<built-in method _weakref._remove_dead_weakref>
calls=2 0
82 500

fl=<frozen importlib._bootstrap>
fn=setdefault
124 4600
cfl=<frozen importlib._bootstrap>
cfn=__new__
calls=2 74
124 3000
cfl=<frozen importlib._bootstrap>
cfn=__init__:79
calls=2 79
124 1800

fl=<frozen importlib._bootstrap>
fn=__init__:158
158 400

fl=<frozen importlib._bootstrap>
fn=__enter__:162
162 3200
cfl=<frozen importlib._bootstrap>
cfn=setdefault
calls=2 124
162 9400
cfl=~
cfn=<method 'append' of 'list' objects>
calls=2 0
162 400

fl=<frozen importlib._bootstrap>
fn=__exit__:173
173 1800
cfl=~
cfn=<method 'remove' of 'list' objects>
calls=2 0
173 700

fl=<frozen importlib._bootstrap>
fn=__init__:232
232 1700
cfl=~
cfn=<built-in method _thread.allocate_lock>
calls=2 0
232 800

fl=<frozen importlib._bootstrap>
fn=acquire
304 8900
cfl=<frozen importlib._bootstrap>
cfn=remove
calls=2 82
304 2700
cfl=<frozen importlib._bootstrap>
cfn=__init__:158
calls=2 158
304 400
cfl=<frozen importlib._bootstrap>
cfn=__enter__:162
calls=2 162
304 13000
cfl=<frozen importlib._bootstrap>
cfn=__exit__:173
calls=2 173
304 2500
cfl=~
cfn=<built-in method _thread.get_ident>
calls=2 0
304 500
cfl=~
cfn=<method '__enter__' of '_thread.RLock' objects>
calls=2 0
304 700
cfl=~
cfn=<method '__exit__' of '_thread.RLock' objects>
calls=2 0
304 600
cfl=~
cfn=<method 'append' of 'list' objects>
calls=2 0
304 300

fl=<frozen importlib._bootstrap>
fn=release
372 4400
cfl=~
cfn=<built-in method _thread.get_ident>
calls=2 0
372 500
cfl=~
cfn=<built-in method builtins.len>
calls=6 0
372 500
cfl=~
cfn=<method '__enter__' of '_thread.RLock' objects>
calls=2 0
372 500
cfl=~
cfn=<method '__exit__' of '_thread.RLock' objects>
calls=2 0
372 300
cfl=~
cfn=<method 'pop' of 'list' objects>
calls=2 0
372 400

fl=<frozen importlib._bootstrap>
fn=__init__:415
415 400

fl=<frozen importlib._bootstrap>
fn=__enter__:419
419 5200
cfl=<frozen importlib._bootstrap>
cfn=acquire
calls=2 304
419 29600
cfl=<frozen importlib._bootstrap>
cfn=_get_module_lock
calls=2 429
419 13500

fl=<frozen importlib._bootstrap>
fn=__exit__:423
423 2200
cfl=<frozen importlib._bootstrap>
cfn=release
calls=2 372
423 6600

fl=<frozen importlib._bootstrap>
fn=_get_module_lock
429 10400
cfl=<frozen importlib._bootstrap>
cfn=__init__:232
calls=2 232
429 2500
cfl=~
cfn=<built-in method _imp.acquire_lock>
calls=2 0
429 400
cfl=~
cfn=<built-in method _imp.release_lock>
calls=2 0
429 200

fl=<frozen importlib._bootstrap>
fn=cb
448 1900
cfl=~
cfn=<built-in method _imp.acquire_lock>
calls=2 0
448 200
cfl=~
cfn=<built-in method _imp.release_lock>
calls=2 0
448 200
cfl=~
cfn=<method 'get' of 'dict' objects>
calls=2 0
448 300

fl=<frozen importlib._bootstrap>
fn=_call_with_frames_removed
483 4300
cfl=~
cfn=<built-in method _imp.create_builtin>
calls=1 0
483 4200
cfl=~
cfn=<built-in method _imp.exec_builtin>
calls=1 0
483 400
cfl=~
cfn=<built-in method _imp.find_frozen>
calls=1 0
483 500
cfl=~
cfn=<built-in method builtins.exec>
calls=1 0
483 51400

fl=<frozen importlib._bootstrap>
fn=_verbose_message
494 1400

fl=<frozen importlib._bootstrap>
fn=_requires_builtin_wrapper
504 1500
cfl=<frozen importlib._bootstrap>
cfn=is_package
calls=1 1017
504 100

fl=<frozen importlib._bootstrap>
fn=__init__:602
602 900

fl=<frozen importlib._bootstrap>
fn=cached
635 1400
cfl=<frozen importlib._bootstrap_external>
cfn=_get_cached
calls=1 369
635 24400

fl=<frozen importlib._bootstrap>
fn=parent
648 5900
cfl=~
cfn=<method 'rpartition' of 'str' objects>
calls=8 0
648 2900

fl=<frozen importlib._bootstrap>
fn=has_location
656 300

fl=<frozen importlib._bootstrap>
fn=spec_from_loader
665 3300
cfl=<frozen importlib._bootstrap>
cfn=_requires_builtin_wrapper
calls=1 504
665 1600
cfl=<frozen importlib._bootstrap>
cfn=__init__:602
calls=1 602
665 400
cfl=~
cfn=<built-in method builtins.hasattr>
calls=1 0
665 700

fl=<frozen importlib._bootstrap>
fn=_init_module_attrs
736 5400
cfl=<frozen importlib._bootstrap>
cfn=cached
calls=2 635
736 25800
cfl=<frozen importlib._bootstrap>
cfn=parent
calls=2 648
736 1400
cfl=<frozen importlib._bootstrap>
cfn=has_location
calls=2 656
736 300
cfl=~
cfn=<built-in method builtins.getattr>
calls=10 0
736 1400

fl=<frozen importlib._bootstrap>
fn=module_from_spec
809 7100
cfl=<frozen importlib._bootstrap>
cfn=_new_module
calls=1 48
809 800
cfl=<frozen importlib._bootstrap>
cfn=_init_module_attrs
calls=2 736
809 34300
cfl=<frozen importlib._bootstrap>
cfn=create_module
calls=1 992
809 6500
cfl=<frozen importlib._bootstrap_external>
cfn=create_module
calls=1 750
809 100
cfl=~
cfn=<built-in method builtins.hasattr>
calls=2 0
809 400

fl=<frozen importlib._bootstrap>
fn=_load_unlocked
914 8400
cfl=<frozen importlib._bootstrap>
cfn=_verbose_message
calls=2 494
914 500
cfl=<frozen importlib._bootstrap>
cfn=module_from_spec
calls=2 809
914 49200
cfl=<frozen importlib._bootstrap>
cfn=exec_module
calls=1 1000
914 1600
cfl=<frozen importlib._bootstrap_external>
cfn=exec_module
calls=1 753
914 517400
cfl=~
cfn=<built-in method builtins.hasattr>
calls=2 0
914 900
cfl=~
cfn=<method 'pop' of 'dict' objects>
calls=2 0
914 600

fl=<frozen importlib._bootstrap>
fn=find_spec:985
985 3400
cfl=<frozen importlib._bootstrap>
cfn=spec_from_loader
calls=1 665
985 6000
cfl=~
cfn=<built-in method _imp.is_builtin>
calls=2 0
985 2600

fl=<frozen importlib._bootstrap>
fn=create_module
992 1200
cfl=<frozen importlib._bootstrap>
cfn=_call_with_frames_removed
calls=1 483
992 5300

fl=<frozen importlib._bootstrap>
fn=exec_module
1000 400
cfl=<frozen importlib._bootstrap>
cfn=_call_with_frames_removed
calls=1 483
1000 1200

fl=<frozen importlib._bootstrap>
fn=is_package
1017 100

fl=<frozen importlib._bootstrap>
fn=find_spec:1131
1131 500
cfl=<frozen importlib._bootstrap>
cfn=_call_with_frames_removed
calls=1 483
1131 1700

fl=<frozen importlib._bootstrap>
fn=__enter__:1225
1225 800
cfl=~
cfn=<built-in method _imp.acquire_lock>
calls=4 0
1225 400

fl=<frozen importlib._bootstrap>
fn=__exit__:1229
1229 900
cfl=~
cfn=<built-in method _imp.release_lock>
calls=4 0
1229 400

fl=<frozen importlib._bootstrap>
fn=_find_spec
1243 10900
cfl=<frozen importlib._bootstrap>
cfn=find_spec:985
calls=2 985
1243 12000
cfl=<frozen importlib._bootstrap>
cfn=find_spec:1131
calls=1 1131
1243 2200
cfl=<frozen importlib._bootstrap>
cfn=__enter__:1225
calls=4 1225
1243 1200
cfl=<frozen importlib._bootstrap>
cfn=__exit__:1229
calls=4 1229
1243 1300
cfl=<frozen importlib._bootstrap_external>
cfn=find_spec:1284
calls=1 1284
1243 125700

fl=<frozen importlib._bootstrap>
fn=_find_and_load_unlocked
1308 11100
cfl=<frozen importlib._bootstrap>
cfn=_load_unlocked
calls=2 914
1308 578600
cfl=<frozen importlib._bootstrap>
cfn=_find_spec
calls=2 1243
1308 153300
cfl=~
cfn=<built-in method builtins.getattr>
calls=1 0
1308 200
cfl=~
cfn=<built-in method builtins.setattr>
calls=1 0
1308 600
cfl=~
cfn=<method 'append' of 'list' objects>
calls=1 0
1308 100
cfl=~
cfn=<method 'get' of 'dict' objects>
calls=2 0
1308 200
cfl=~
cfn=<method 'pop' of 'list' objects>
calls=1 0
1308 500
cfl=~
cfn=<method 'rpartition' of 'str' objects>
calls=3 0
1308 1000

fl=<frozen importlib._bootstrap>
fn=_find_and_load
1360 12400
cfl=<frozen importlib._bootstrap>
cfn=__init__:415
calls=2 415
1360 400
cfl=<frozen importlib._bootstrap>
cfn=__enter__:419
calls=2 419
1360 48300
cfl=<frozen importlib._bootstrap>
cfn=__exit__:423
calls=2 423
1360 8800
cfl=<frozen importlib._bootstrap>
cfn=cb
calls=2 448
1360 2600
cfl=<frozen importlib._bootstrap>
cfn=_find_and_load_unlocked
calls=2 1308
1360 745600
cfl=~
cfn=<method 'get' of 'dict' objects>
calls=4 0
1360 1200

fl=<frozen importlib._bootstrap>
fn=_handle_fromlist
1401 9800
cfl=~
cfn=<built-in method builtins.hasattr>
calls=9 0
1401 2800
cfl=~
cfn=<built-in method builtins.isinstance>
calls=9 0
1401 1300

fl=<frozen importlib._bootstrap_external>
fn=_relax_case
67 900

fl=<frozen importlib._bootstrap_external>
fn=_unpack_uint32
89 2200
cfl=~
cfn=<built-in method builtins.len>
calls=3 0
89 200
cfl=~
cfn=<built-in method from_bytes>
calls=3 0
89 700

fl=<frozen importlib._bootstrap_external>
fn=_path_join
101 21000
cfl=~
cfn=<built-in method builtins.len>
calls=10 0
101 1000
cfl=~
cfn=<method 'append' of 'list' objects>
calls=7 0
101 2000
cfl=~
cfn=<method 'endswith' of 'str' objects>
calls=19 0
101 2500
cfl=~
cfn=<method 'join' of 'str' objects>
calls=5 0
101 1400
cfl=~
cfn=<method 'rstrip' of 'str' objects>
calls=17 0
101 2000
cfl=~
cfn=<method 'startswith' of 'str' objects>
calls=12 0
101 1300

fl=<frozen importlib._bootstrap_external>
fn=_path_split
137 2200
cfl=~
cfn=<built-in method builtins.max>
calls=2 0
137 4400

fl=<frozen importlib._bootstrap_external>
fn=<genexpr>
139 1700
cfl=~
cfn=<method 'rfind' of 'str' objects>
calls=4 0
139 700

fl=<frozen importlib._bootstrap_external>
fn=_path_stat
145 1500
cfl=~
cfn=<built-in method nt.stat>
calls=3 0
145 84900

fl=<frozen importlib._bootstrap_external>
fn=_path_is_mode_type
155 700
cfl=<frozen importlib._bootstrap_external>
cfn=_path_stat
calls=1 145
155 22800

fl=<frozen importlib._bootstrap_external>
fn=_path_isfile
164 1300
cfl=<frozen importlib._bootstrap_external>
cfn=_path_is_mode_type
calls=1 155
164 23500

fl=<frozen importlib._bootstrap_external>
fn=_path_isabs
177 2300
cfl=~
cfn=<built-in method builtins.len>
calls=1 0
177 100
cfl=~
cfn=<built-in method nt._path_splitroot>
calls=1 0
177 600
cfl=~
cfn=<method 'endswith' of 'str' objects>
calls=1 0
177 100
cfl=~
cfn=<method 'replace' of 'str' objects>
calls=1 0
177 300
cfl=~
cfn=<method 'startswith' of 'str' objects>
calls=1 0
177 200

fl=<frozen importlib._bootstrap_external>
fn=_path_abspath
190 1300
cfl=<frozen importlib._bootstrap_external>
cfn=_path_isabs
calls=1 177
190 3600

fl=<frozen importlib._bootstrap_external>
fn=cache_from_source
239 9600
cfl=<frozen importlib._bootstrap_external>
cfn=_path_join
calls=2 101
239 13000
cfl=<frozen importlib._bootstrap_external>
cfn=_path_split
calls=2 137
239 6600
cfl=~
cfn=<built-in method nt.fspath>
calls=2 0
239 200
cfl=~
cfn=<method 'join' of 'str' objects>
calls=2 0
239 500
cfl=~
cfn=<method 'rpartition' of 'str' objects>
calls=2 0
239 400

fl=<frozen importlib._bootstrap_external>
fn=_get_cached
369 4100
cfl=<frozen importlib._bootstrap_external>
cfn=cache_from_source
calls=1 239
369 20200
cfl=~
cfn=<method 'endswith' of 'str' objects>
calls=1 0
369 100

fl=<frozen importlib._bootstrap_external>
fn=_check_name_wrapper
401 1000
cfl=<frozen importlib._bootstrap_external>
cfn=get_filename
calls=1 942
401 100

fl=<frozen importlib._bootstrap_external>
fn=_classify_pyc
424 5300
cfl=<frozen importlib._bootstrap_external>
cfn=_unpack_uint32
calls=1 89
424 1700
cfl=~
cfn=<built-in method builtins.len>
calls=1 0
424 300

fl=<frozen importlib._bootstrap_external>
fn=_validate_timestamp_pyc
457 1400
cfl=<frozen importlib._bootstrap_external>
cfn=_unpack_uint32
calls=2 89
457 1400

fl=<frozen importlib._bootstrap_external>
fn=_compile_bytecode
509 3600
cfl=<frozen importlib._bootstrap>
cfn=_verbose_message
calls=1 494
509 200
cfl=~
cfn=<built-in method _imp._fix_co_filename>
calls=1 0
509 1200
cfl=~
cfn=<built-in method builtins.isinstance>
calls=1 0
509 300
cfl=~
cfn=<built-in method marshal.loads>
calls=1 0
509 95800

fl=<frozen importlib._bootstrap_external>
fn=spec_from_file_location
560 2900
cfl=<frozen importlib._bootstrap>
cfn=__init__:602
calls=1 602
560 500
cfl=<frozen importlib._bootstrap_external>
cfn=_path_abspath
calls=1 190
560 4900
cfl=~
cfn=<built-in method nt.fspath>
calls=1 0
560 200

fl=<frozen importlib._bootstrap_external>
fn=create_module
750 100

fl=<frozen importlib._bootstrap_external>
fn=exec_module
753 6400
cfl=<frozen importlib._bootstrap>
cfn=_call_with_frames_removed
calls=1 483
753 52600
cfl=<frozen importlib._bootstrap_external>
cfn=get_code
calls=1 826
753 458400

fl=<frozen importlib._bootstrap_external>
fn=get_code
826 14700
cfl=<frozen importlib._bootstrap>
cfn=_verbose_message
calls=1 494
826 300
cfl=<frozen importlib._bootstrap_external>
cfn=cache_from_source
calls=1 239
826 10100
cfl=<frozen importlib._bootstrap_external>
cfn=_check_name_wrapper
calls=1 401
826 1100
cfl=<frozen importlib._bootstrap_external>
cfn=_classify_pyc
calls=1 424
826 7300
cfl=<frozen importlib._bootstrap_external>
cfn=_validate_timestamp_pyc
calls=1 457
826 2800
cfl=<frozen importlib._bootstrap_external>
cfn=_compile_bytecode
calls=1 509
826 101100
cfl=<frozen importlib._bootstrap_external>
cfn=get_data
calls=1 947
826 303700
cfl=<frozen importlib._bootstrap_external>
cfn=path_stats
calls=1 966
826 17300

fl=<frozen importlib._bootstrap_external>
fn=__init__
917 200

fl=<frozen importlib._bootstrap_external>
fn=get_filename
942 100

fl=<frozen importlib._bootstrap_external>
fn=get_data
947 5600
cfl=~
cfn=<built-in method _io.open_code>
calls=1 0
947 258300
cfl=~
cfn=<built-in method builtins.isinstance>
calls=1 0
947 200
cfl=~
cfn=<method '__enter__' of '_io._IOBase' objects>
calls=1 0
947 700
cfl=~
cfn=<method '__exit__' of '_io._IOBase' objects>
calls=1 0
947 11000
cfl=~
cfn=<method 'read' of '_io.BufferedReader' objects>
calls=1 0
947 27900

fl=<frozen importlib._bootstrap_external>
fn=path_stats
966 500
cfl=<frozen importlib._bootstrap_external>
cfn=_path_stat
calls=1 145
966 16800

fl=<frozen importlib._bootstrap_external>
fn=_path_importer_cache
1233 800

fl=<frozen importlib._bootstrap_external>
fn=_get_spec:1255
1255 6300
cfl=<frozen importlib._bootstrap_external>
cfn=_path_importer_cache
calls=1 1233
1255 800
cfl=<frozen importlib._bootstrap_external>
cfn=find_spec:1357
calls=1 1357
1255 116500
cfl=~
cfn=<built-in method builtins.isinstance>
calls=1 0
1255 100

fl=<frozen importlib._bootstrap_external>
fn=find_spec:1284
1284 2000
cfl=<frozen importlib._bootstrap_external>
cfn=_get_spec:1255
calls=1 1255
1284 123700

fl=<frozen importlib._bootstrap_external>
fn=_get_spec:1352
1352 5700
cfl=<frozen importlib._bootstrap_external>
cfn=spec_from_file_location
calls=1 560
1352 8500
cfl=<frozen importlib._bootstrap_external>
cfn=__init__
calls=1 917
1352 200

fl=<frozen importlib._bootstrap_external>
fn=find_spec:1357
1357 10800
cfl=<frozen importlib._bootstrap>
cfn=_verbose_message
calls=3 494
1357 400
cfl=<frozen importlib._bootstrap_external>
cfn=_relax_case
calls=1 67
1357 900
cfl=<frozen importlib._bootstrap_external>
cfn=_path_join
calls=3 101
1357 18200
cfl=<frozen importlib._bootstrap_external>
cfn=_path_stat
calls=1 145
1357 46800
cfl=<frozen importlib._bootstrap_external>
cfn=_path_isfile
calls=1 164
1357 24800
cfl=<frozen importlib._bootstrap_external>
cfn=_get_spec:1352
calls=1 1352
1357 14400
cfl=~
cfn=<method 'rpartition' of 'str' objects>
calls=1 0
1357 200

fl=<frozen ntpath>
fn=_get_bothseps
34 2800
cfl=~
cfn=<built-in method builtins.isinstance>
calls=8 0
34 900

fl=<frozen ntpath>
fn=normcase
50 17600
cfl=~
cfn=<built-in method _winapi.LCMapStringEx>
calls=21 0
50 19200
cfl=~
cfn=<built-in method builtins.isinstance>
calls=21 0
50 3200
cfl=~
cfn=<built-in method nt.fspath>
calls=21 0
50 2200
cfl=~
cfn=<method 'replace' of 'str' objects>
calls=21 0
50 4800

fl=<frozen ntpath>
fn=join
99 20300
cfl=~
cfn=<built-in method builtins.isinstance>
calls=9 0
99 1500
cfl=~
cfn=<built-in method nt._path_splitroot_ex>
calls=18 0
99 6500
cfl=~
cfn=<built-in method nt.fspath>
calls=9 0
99 1500

fl=<frozen ntpath>
fn=splitdrive
146 900
cfl=~
cfn=<built-in method nt._path_splitroot_ex>
calls=2 0
146 500

fl=<frozen ntpath>
fn=split
222 21300
cfl=<frozen ntpath>
cfn=_get_bothseps
calls=8 34
222 3700
cfl=~
cfn=<built-in method builtins.len>
calls=8 0
222 1200
cfl=~
cfn=<built-in method nt._path_splitroot_ex>
calls=8 0
222 5600
cfl=~
cfn=<built-in method nt.fspath>
calls=8 0
222 600
cfl=~
cfn=<method 'rstrip' of 'str' objects>
calls=8 0
222 2600

fl=<frozen ntpath>
fn=splitext
243 7300
cfl=<frozen genericpath>
cfn=_splitext
calls=7 157
243 14100
cfl=~
cfn=<built-in method builtins.isinstance>
calls=7 0
243 700
cfl=~
cfn=<built-in method nt.fspath>
calls=7 0
243 800

fl=<frozen ntpath>
fn=basename
254 4100
cfl=<frozen ntpath>
cfn=split
calls=7 222
254 29200

fl=<frozen ntpath>
fn=expanduser
343 5300
cfl=~
cfn=<built-in method builtins.isinstance>
calls=9 0
343 1000
cfl=~
cfn=<built-in method nt.fspath>
calls=9 0
343 1500
cfl=~
cfn=<method 'startswith' of 'str' objects>
calls=9 0
343 1500

fl=<frozen ntpath>
fn=abspath
529 3000
cfl=~
cfn=<built-in method nt._getfullpathname>
calls=1 0
529 5400
cfl=~
cfn=<built-in method nt._path_normpath>
calls=1 0
529 1200

fl=<frozen os>
fn=makedirs
211 11400
cfl=<frozen ntpath>
cfn=split
calls=1 222
211 5800
cfl=C:\Users\Pedro\AppData\Local\Python\pythoncore-3.14-64\Lib\threading.py
cfn=__exit__
calls=1 316
211 1300
cfl=~
cfn=<built-in method nt._path_exists>
calls=1 0
211 52000
cfl=~
cfn=<built-in method nt.mkdir>
calls=0 0
211 0

fl=<string>
fn=<lambda>:1
1 1300
cfl=~
cfn=<built-in method __new__ of type object at 0x00007FFE69354D90>
calls=3 0
1 1000

fl=<string>
fn=<lambda>:1
1 1400
cfl=~
cfn=<built-in method __new__ of type object at 0x00007FFE69354D90>
calls=3 0
1 1300

fl=<string>
fn=__init__:2
2 800

fl=<string>
fn=__init__:2
2 2700

fl=<string>
fn=__init__:2
2 2800

fl=C:\Users\Pedro\AppData\Local\Python\pythoncore-3.14-64\Lib\_colorize.py
fn=get_theme
322 700

fl=C:\Users\Pedro\AppData\Local\Python\pythoncore-3.14-64\Lib\_py_warnings.py
fn=_filters
71 1400

fl=C:\Users\Pedro\AppData\Local\Python\pythoncore-3.14-64\Lib\_py_warnings.py
fn=_get_context
89 1500

fl=C:\Users\Pedro\AppData\Local\Python\pythoncore-3.14-64\Lib\_py_warnings.py
fn=_get_filters
111 7300
cfl=C:\Users\Pedro\AppData\Local\Python\pythoncore-3.14-64\Lib\_py_warnings.py
cfn=_filters
calls=12 71
111 1400
cfl=C:\Users\Pedro\AppData\Local\Python\pythoncore-3.14-64\Lib\_py_warnings.py
cfn=_get_context
calls=12 89
111 1300

fl=C:\Users\Pedro\AppData\Local\Python\pythoncore-3.14-64\Lib\_py_warnings.py
fn=_showwarnmsg_impl
133 5300
cfl=C:\Users\Pedro\AppData\Local\Python\pythoncore-3.14-64\Lib\_py_warnings.py
cfn=_get_context
calls=1 89
133 200
cfl=C:\Users\Pedro\AppData\Local\Python\pythoncore-3.14-64\Lib\_py_warnings.py
cfn=_formatwarnmsg
calls=1 240
133 432100
cfl=c:\Users\Pedro\faculdade\IniciacaoCientifica\grn\.env\Lib\site-packages\IPython\core\interactiveshell.py
cfn=write
calls=1 3098
133 69700

fl=C:\Users\Pedro\AppData\Local\Python\pythoncore-3.14-64\Lib\_py_warnings.py
fn=_formatwarnmsg_impl
153 7000
cfl=C:\Users\Pedro\AppData\Local\Python\pythoncore-3.14-64\Lib\linecache.py
cfn=getline
calls=1 22
153 420300
cfl=~
cfn=<method 'strip' of 'str' objects>
calls=1 0
153 500

fl=C:\Users\Pedro\AppData\Local\Python\pythoncore-3.14-64\Lib\_py_warnings.py
fn=_showwarnmsg
217 2400
cfl=C:\Users\Pedro\AppData\Local\Python\pythoncore-3.14-64\Lib\_py_warnings.py
cfn=_showwarnmsg_impl
calls=1 133
217 507300

fl=C:\Users\Pedro\AppData\Local\Python\pythoncore-3.14-64\Lib\_py_warnings.py
fn=_formatwarnmsg
240 4300
cfl=C:\Users\Pedro\AppData\Local\Python\pythoncore-3.14-64\Lib\_py_warnings.py
cfn=_formatwarnmsg_impl
calls=1 153
240 427800

fl=C:\Users\Pedro\AppData\Local\Python\pythoncore-3.14-64\Lib\_py_warnings.py
fn=simplefilter
294 11100
cfl=C:\Users\Pedro\AppData\Local\Python\pythoncore-3.14-64\Lib\_py_warnings.py
cfn=_add_filter
calls=12 320
294 51500
cfl=~
cfn=<built-in method builtins.isinstance>
calls=12 0
294 1000

fl=C:\Users\Pedro\AppData\Local\Python\pythoncore-3.14-64\Lib\_py_warnings.py
fn=_add_filter
320 23200
cfl=C:\Users\Pedro\AppData\Local\Python\pythoncore-3.14-64\Lib\_py_warnings.py
cfn=_get_filters
calls=12 111
320 10000
cfl=C:\Users\Pedro\AppData\Local\Python\pythoncore-3.14-64\Lib\warnings.py
cfn=__enter__
calls=12 80
320 3600
cfl=C:\Users\Pedro\AppData\Local\Python\pythoncore-3.14-64\Lib\warnings.py
cfn=__exit__
calls=12 84
320 3200
cfl=~
cfn=<built-in method _warnings._filters_mutated_lock_held>
calls=12 0
320 1100
cfl=~
cfn=<method 'insert' of 'list' objects>
calls=12 0
320 2800
cfl=~
cfn=<method 'remove' of 'list' objects>
calls=12 0
320 7600

fl=C:\Users\Pedro\AppData\Local\Python\pythoncore-3.14-64\Lib\_py_warnings.py
fn=__init__:576
576 2000

fl=C:\Users\Pedro\AppData\Local\Python\pythoncore-3.14-64\Lib\_py_warnings.py
fn=__init__:616
616 4100

fl=C:\Users\Pedro\AppData\Local\Python\pythoncore-3.14-64\Lib\_py_warnings.py
fn=__enter__
639 17400
cfl=C:\Users\Pedro\AppData\Local\Python\pythoncore-3.14-64\Lib\warnings.py
cfn=__enter__
calls=12 80
639 5700
cfl=C:\Users\Pedro\AppData\Local\Python\pythoncore-3.14-64\Lib\warnings.py
cfn=__exit__
calls=12 84
639 4200
cfl=~
cfn=<built-in method _warnings._filters_mutated_lock_held>
calls=12 0
639 1600

fl=C:\Users\Pedro\AppData\Local\Python\pythoncore-3.14-64\Lib\_py_warnings.py
fn=__exit__
668 11200
cfl=C:\Users\Pedro\AppData\Local\Python\pythoncore-3.14-64\Lib\warnings.py
cfn=__enter__
calls=12 80
668 3200
cfl=C:\Users\Pedro\AppData\Local\Python\pythoncore-3.14-64\Lib\warnings.py
cfn=__exit__
calls=12 84
668 2900
cfl=~
cfn=<built-in method _warnings._filters_mutated_lock_held>
calls=12 0
668 1200

fl=C:\Users\Pedro\AppData\Local\Python\pythoncore-3.14-64\Lib\ast.py
fn=parse
26 4900
cfl=~
cfn=<built-in method builtins.compile>
calls=8 0
26 127300

fl=C:\Users\Pedro\AppData\Local\Python\pythoncore-3.14-64\Lib\asyncio\base_events.py
fn=_check_closed
548 400

fl=C:\Users\Pedro\AppData\Local\Python\pythoncore-3.14-64\Lib\asyncio\base_events.py
fn=time
766 6200
cfl=~
cfn=<built-in method time.monotonic>
calls=6 0
766 2200

fl=C:\Users\Pedro\AppData\Local\Python\pythoncore-3.14-64\Lib\asyncio\base_events.py
fn=call_later
775 7900
cfl=C:\Users\Pedro\AppData\Local\Python\pythoncore-3.14-64\Lib\asyncio\base_events.py
cfn=time
calls=2 766
775 1400
cfl=C:\Users\Pedro\AppData\Local\Python\pythoncore-3.14-64\Lib\asyncio\base_events.py
cfn=call_at
calls=2 799
775 33500

fl=C:\Users\Pedro\AppData\Local\Python\pythoncore-3.14-64\Lib\asyncio\base_events.py
fn=call_at
799 10700
cfl=C:\Users\Pedro\AppData\Local\Python\pythoncore-3.14-64\Lib\asyncio\base_events.py
cfn=_check_closed
calls=2 548
799 400
cfl=C:\Users\Pedro\AppData\Local\Python\pythoncore-3.14-64\Lib\asyncio\events.py
cfn=__init__:146
calls=2 146
799 17800
cfl=~
cfn=<built-in method _heapq.heappush>
calls=2 0
799 4600

fl=C:\Users\Pedro\AppData\Local\Python\pythoncore-3.14-64\Lib\asyncio\base_events.py
fn=_add_callback
1951 1700
cfl=~
cfn=<method 'append' of 'collections.deque' objects>
calls=2 0
1951 700

fl=C:\Users\Pedro\AppData\Local\Python\pythoncore-3.14-64\Lib\asyncio\base_events.py
fn=_run_once
1966 16500
cfl=C:\Users\Pedro\AppData\Local\Python\pythoncore-3.14-64\Lib\asyncio\base_events.py
cfn=time
calls=2 766
1966 1500
cfl=C:\Users\Pedro\AppData\Local\Python\pythoncore-3.14-64\Lib\selectors.py
cfn=select
calls=0 310
1966 0
cfl=~
cfn=<built-in method builtins.len>
calls=2 0
1966 400

fl=C:\Users\Pedro\AppData\Local\Python\pythoncore-3.14-64\Lib\asyncio\base_events.py
fn=get_debug
2064 400

fl=C:\Users\Pedro\AppData\Local\Python\pythoncore-3.14-64\Lib\asyncio\events.py
fn=__init__:41
41 9700
cfl=C:\Users\Pedro\AppData\Local\Python\pythoncore-3.14-64\Lib\asyncio\base_events.py
cfn=get_debug
calls=2 2064
41 400
cfl=~
cfn=<built-in method _contextvars.copy_context>
calls=2 0
41 1000

fl=C:\Users\Pedro\AppData\Local\Python\pythoncore-3.14-64\Lib\asyncio\events.py
fn=_run
92 5100
cfl=~
cfn=<method 'run' of '_contextvars.Context' objects>
calls=2 0
92 471100

fl=C:\Users\Pedro\AppData\Local\Python\pythoncore-3.14-64\Lib\asyncio\events.py
fn=__init__:146
146 6700
cfl=C:\Users\Pedro\AppData\Local\Python\pythoncore-3.14-64\Lib\asyncio\events.py
cfn=__init__:41
calls=2 41
146 11100

fl=C:\Users\Pedro\AppData\Local\Python\pythoncore-3.14-64\Lib\asyncio\events.py
fn=__lt__
162 1300
cfl=~
cfn=<built-in method builtins.isinstance>
calls=2 0
162 300

fl=C:\Users\Pedro\AppData\Local\Python\pythoncore-3.14-64\Lib\asyncio\selector_events.py
fn=_process_events
744 6300
cfl=C:\Users\Pedro\AppData\Local\Python\pythoncore-3.14-64\Lib\asyncio\base_events.py
cfn=_add_callback
calls=2 1951
744 2400

fl=C:\Users\Pedro\AppData\Local\Python\pythoncore-3.14-64\Lib\cProfile.py
fn=__exit__
120 2900
cfl=~
cfn=<method 'disable' of '_lsprof.Profiler' objects>
calls=1 0
120 85500

fl=C:\Users\Pedro\AppData\Local\Python\pythoncore-3.14-64\Lib\contextlib.py
fn=__init__:108
108 2000
cfl=~
cfn=<built-in method builtins.getattr>
calls=1 0
108 300

fl=C:\Users\Pedro\AppData\Local\Python\pythoncore-3.14-64\Lib\contextlib.py
fn=__enter__:136
136 1200
cfl=~
cfn=<built-in method builtins.next>
calls=1 0
136 1000

fl=C:\Users\Pedro\AppData\Local\Python\pythoncore-3.14-64\Lib\contextlib.py
fn=__exit__:145
145 1500
cfl=~
cfn=<built-in method builtins.next>
calls=1 0
145 1500

fl=C:\Users\Pedro\AppData\Local\Python\pythoncore-3.14-64\Lib\contextlib.py
fn=helper
303 2100
cfl=C:\Users\Pedro\AppData\Local\Python\pythoncore-3.14-64\Lib\contextlib.py
cfn=__init__:108
calls=1 108
303 2300

fl=C:\Users\Pedro\AppData\Local\Python\pythoncore-3.14-64\Lib\contextlib.py
fn=__init__:444
444 1300

fl=C:\Users\Pedro\AppData\Local\Python\pythoncore-3.14-64\Lib\contextlib.py
fn=__enter__:447
447 900

fl=C:\Users\Pedro\AppData\Local\Python\pythoncore-3.14-64\Lib\contextlib.py
fn=__exit__:450
450 900

fl=C:\Users\Pedro\AppData\Local\Python\pythoncore-3.14-64\Lib\copy.py
fn=copy
62 1100

fl=C:\Users\Pedro\AppData\Local\Python\pythoncore-3.14-64\Lib\copy.py
fn=deepcopy
110 11612100
cfl=C:\Users\Pedro\AppData\Local\Python\pythoncore-3.14-64\Lib\copy.py
cfn=_deepcopy_dict
calls=7683 198
110 29293200
cfl=C:\Users\Pedro\AppData\Local\Python\pythoncore-3.14-64\Lib\copy.py
cfn=_keep_alive
calls=7683 212
110 4245600
cfl=~
cfn=<built-in method builtins.id>
calls=7683 0
110 671900
cfl=~
cfn=<method 'get' of 'dict' objects>
calls=14775 0
110 1612200

fl=C:\Users\Pedro\AppData\Local\Python\pythoncore-3.14-64\Lib\copy.py
fn=_deepcopy_dict
198 10668000
cfl=C:\Users\Pedro\AppData\Local\Python\pythoncore-3.14-64\Lib\copy.py
cfn=deepcopy
calls=44916 110
198 27804900
cfl=~
cfn=<built-in method builtins.id>
calls=7683 0
198 608000
cfl=~
cfn=<method 'items' of 'dict' objects>
calls=7683 0
198 909100

fl=C:\Users\Pedro\AppData\Local\Python\pythoncore-3.14-64\Lib\copy.py
fn=_keep_alive
212 2801500
cfl=~
cfn=<built-in method builtins.id>
calls=8274 0
212 662800
cfl=~
cfn=<method 'append' of 'list' objects>
calls=7092 0
212 781300

fl=C:\Users\Pedro\AppData\Local\Python\pythoncore-3.14-64\Lib\dataclasses.py
fn=is_dataclass
1468 2100
cfl=~
cfn=<built-in method builtins.hasattr>
calls=2 0
1468 900
cfl=~
cfn=<built-in method builtins.isinstance>
calls=2 0
1468 200

fl=C:\Users\Pedro\AppData\Local\Python\pythoncore-3.14-64\Lib\encodings\cp1252.py
fn=encode
18 6300
cfl=~
cfn=<built-in method _codecs.charmap_encode>
calls=7 0
18 6900

fl=C:\Users\Pedro\AppData\Local\Python\pythoncore-3.14-64\Lib\enum.py
fn=__get__
187 2300
cfl=C:\Users\Pedro\AppData\Local\Python\pythoncore-3.14-64\Lib\enum.py
cfn=value
calls=3 1324
187 1300

fl=C:\Users\Pedro\AppData\Local\Python\pythoncore-3.14-64\Lib\enum.py
fn=__call__
677 15400
cfl=C:\Users\Pedro\AppData\Local\Python\pythoncore-3.14-64\Lib\enum.py
cfn=__new__
calls=14 1146
677 7800

fl=C:\Users\Pedro\AppData\Local\Python\pythoncore-3.14-64\Lib\enum.py
fn=__new__
1146 7800

fl=C:\Users\Pedro\AppData\Local\Python\pythoncore-3.14-64\Lib\enum.py
fn=value
1324 1300

fl=C:\Users\Pedro\AppData\Local\Python\pythoncore-3.14-64\Lib\enum.py
fn=_get_value
1576 13700
cfl=~
cfn=<built-in method builtins.isinstance>
calls=40 0
1576 8700

fl=C:\Users\Pedro\AppData\Local\Python\pythoncore-3.14-64\Lib\enum.py
fn=__or__
1583 4400
cfl=C:\Users\Pedro\AppData\Local\Python\pythoncore-3.14-64\Lib\enum.py
cfn=__call__
calls=2 677
1583 1600
cfl=C:\Users\Pedro\AppData\Local\Python\pythoncore-3.14-64\Lib\enum.py
cfn=_get_value
calls=6 1576
1583 4300

fl=C:\Users\Pedro\AppData\Local\Python\pythoncore-3.14-64\Lib\enum.py
fn=__and__
1594 16100
cfl=C:\Users\Pedro\AppData\Local\Python\pythoncore-3.14-64\Lib\enum.py
cfn=__call__
calls=6 677
1594 8200
cfl=C:\Users\Pedro\AppData\Local\Python\pythoncore-3.14-64\Lib\enum.py
cfn=_get_value
calls=18 1576
1594 18100

fl=C:\Users\Pedro\AppData\Local\Python\pythoncore-3.14-64\Lib\inspect.py
fn=name
2733 500

fl=C:\Users\Pedro\AppData\Local\Python\pythoncore-3.14-64\Lib\inspect.py
fn=kind
2745 1000

fl=C:\Users\Pedro\AppData\Local\Python\pythoncore-3.14-64\Lib\inspect.py
fn=__init__
2831 100

fl=C:\Users\Pedro\AppData\Local\Python\pythoncore-3.14-64\Lib\inspect.py
fn=args
2839 2600
cfl=C:\Users\Pedro\AppData\Local\Python\pythoncore-3.14-64\Lib\inspect.py
cfn=kind
calls=4 2745
2839 300
cfl=C:\Users\Pedro\AppData\Local\Python\pythoncore-3.14-64\Lib\inspect.py
cfn=parameters
calls=1 3042
2839 100
cfl=~
cfn=<method 'append' of 'list' objects>
calls=2 0
2839 300
cfl=~
cfn=<method 'items' of 'mappingproxy' objects>
calls=1 0
2839 100

fl=C:\Users\Pedro\AppData\Local\Python\pythoncore-3.14-64\Lib\inspect.py
fn=kwargs
2862 2200
cfl=C:\Users\Pedro\AppData\Local\Python\pythoncore-3.14-64\Lib\inspect.py
cfn=kind
calls=2 2745
2862 0
cfl=C:\Users\Pedro\AppData\Local\Python\pythoncore-3.14-64\Lib\inspect.py
cfn=parameters
calls=1 3042
2862 100
cfl=~
cfn=<method 'items' of 'mappingproxy' objects>
calls=1 0
2862 200

fl=C:\Users\Pedro\AppData\Local\Python\pythoncore-3.14-64\Lib\inspect.py
fn=apply_defaults
2892 3600
cfl=C:\Users\Pedro\AppData\Local\Python\pythoncore-3.14-64\Lib\inspect.py
cfn=parameters
calls=1 3042
2892 100
cfl=~
cfn=<method 'append' of 'list' objects>
calls=2 0
2892 400
cfl=~
cfn=<method 'items' of 'mappingproxy' objects>
calls=1 0
2892 400

fl=C:\Users\Pedro\AppData\Local\Python\pythoncore-3.14-64\Lib\inspect.py
fn=parameters
3042 500

fl=C:\Users\Pedro\AppData\Local\Python\pythoncore-3.14-64\Lib\inspect.py
fn=_bind
3088 10700
cfl=C:\Users\Pedro\AppData\Local\Python\pythoncore-3.14-64\Lib\inspect.py
cfn=name
calls=4 2733
3088 500
cfl=C:\Users\Pedro\AppData\Local\Python\pythoncore-3.14-64\Lib\inspect.py
cfn=kind
calls=4 2745
3088 700
cfl=C:\Users\Pedro\AppData\Local\Python\pythoncore-3.14-64\Lib\inspect.py
cfn=__init__
calls=1 2831
3088 100
cfl=C:\Users\Pedro\AppData\Local\Python\pythoncore-3.14-64\Lib\inspect.py
cfn=parameters
calls=1 3042
3088 200
cfl=~
cfn=<built-in method builtins.iter>
calls=2 0
3088 400
cfl=~
cfn=<built-in method builtins.next>
calls=6 0
3088 1400
cfl=~
cfn=<method 'values' of 'mappingproxy' objects>
calls=1 0
3088 600

fl=C:\Users\Pedro\AppData\Local\Python\pythoncore-3.14-64\Lib\inspect.py
fn=bind
3230 8100
cfl=C:\Users\Pedro\AppData\Local\Python\pythoncore-3.14-64\Lib\inspect.py
cfn=_bind
calls=1 3088
3230 14600

fl=C:\Users\Pedro\AppData\Local\Python\pythoncore-3.14-64\Lib\linecache.py
fn=getline
22 9300
cfl=C:\Users\Pedro\AppData\Local\Python\pythoncore-3.14-64\Lib\linecache.py
cfn=getlines
calls=13 32
22 927700
cfl=~
cfn=<built-in method builtins.len>
calls=13 0
22 1200

fl=C:\Users\Pedro\AppData\Local\Python\pythoncore-3.14-64\Lib\linecache.py
fn=getlines
32 18000
cfl=C:\Users\Pedro\AppData\Local\Python\pythoncore-3.14-64\Lib\linecache.py
cfn=updatecache
calls=4 106
32 906900
cfl=~
cfn=<built-in method builtins.len>
calls=12 0
32 1100
cfl=~
cfn=<method 'get' of 'dict' objects>
calls=13 0
32 1700

fl=C:\Users\Pedro\AppData\Local\Python\pythoncore-3.14-64\Lib\linecache.py
fn=_source_unavailable
64 2300
cfl=~
cfn=<method 'startswith' of 'str' objects>
calls=4 0
64 600

fl=C:\Users\Pedro\AppData\Local\Python\pythoncore-3.14-64\Lib\linecache.py
fn=checkcache
74 1600
cfl=~
cfn=<built-in method builtins.len>
calls=3 0
74 300
cfl=~
cfn=<method 'get' of 'dict' objects>
calls=3 0
74 200

fl=C:\Users\Pedro\AppData\Local\Python\pythoncore-3.14-64\Lib\linecache.py
fn=updatecache
106 29800
cfl=C:\Users\Pedro\AppData\Local\Python\pythoncore-3.14-64\Lib\linecache.py
cfn=_source_unavailable
calls=4 64
106 2900
cfl=C:\Users\Pedro\AppData\Local\Python\pythoncore-3.14-64\Lib\tokenize.py
cfn=open
calls=4 457
106 316600
cfl=~
cfn=<built-in method nt.stat>
calls=4 0
106 171300
cfl=~
cfn=<method '__enter__' of '_io._IOBase' objects>
calls=4 0
106 2700
cfl=~
cfn=<method '__exit__' of '_io._IOBase' objects>
calls=4 0
106 34500
cfl=~
cfn=<method 'endswith' of 'str' objects>
calls=4 0
106 1200
cfl=~
cfn=<method 'pop' of 'dict' objects>
calls=4 0
106 900
cfl=~
cfn=<method 'readlines' of '_io._IOBase' objects>
calls=4 0
106 346600
cfl=~
cfn=<method 'startswith' of 'str' objects>
calls=4 0
106 400

fl=C:\Users\Pedro\AppData\Local\Python\pythoncore-3.14-64\Lib\linecache.py
fn=lazycache
200 5400
cfl=C:\Users\Pedro\AppData\Local\Python\pythoncore-3.14-64\Lib\linecache.py
cfn=_make_lazycache_entry
calls=3 224
200 8500
cfl=~
cfn=<built-in method builtins.len>
calls=1 0
200 100
cfl=~
cfn=<method 'get' of 'dict' objects>
calls=4 0
200 800

fl=C:\Users\Pedro\AppData\Local\Python\pythoncore-3.14-64\Lib\linecache.py
fn=_make_lazycache_entry
224 4900
cfl=~
cfn=<built-in method builtins.getattr>
calls=9 0
224 2600
cfl=~
cfn=<method 'get' of 'dict' objects>
calls=3 0
224 500
cfl=~
cfn=<method 'startswith' of 'str' objects>
calls=3 0
224 500

fl=C:\Users\Pedro\AppData\Local\Python\pythoncore-3.14-64\Lib\logging\__init__.py
fn=getLevelName
129 3200
cfl=~
cfn=<method 'get' of 'dict' objects>
calls=7 0
129 2000

fl=C:\Users\Pedro\AppData\Local\Python\pythoncore-3.14-64\Lib\logging\__init__.py
fn=<lambda>
167 4700
cfl=~
cfn=<built-in method sys._getframe>
calls=7 0
167 2700

fl=C:\Users\Pedro\AppData\Local\Python\pythoncore-3.14-64\Lib\logging\__init__.py
fn=_is_internal_frame
197 13100
cfl=<frozen ntpath>
cfn=normcase
calls=21 50
197 47000

fl=C:\Users\Pedro\AppData\Local\Python\pythoncore-3.14-64\Lib\logging\__init__.py
fn=_checkLevel
205 1500
cfl=~
cfn=<built-in method builtins.isinstance>
calls=3 0
205 400

fl=C:\Users\Pedro\AppData\Local\Python\pythoncore-3.14-64\Lib\logging\__init__.py
fn=_register_at_fork_reinit_lock
257 200

fl=C:\Users\Pedro\AppData\Local\Python\pythoncore-3.14-64\Lib\logging\__init__.py
fn=__init__:298
298 61100
cfl=<frozen ntpath>
cfn=splitext
calls=7 243
298 22900
cfl=<frozen ntpath>
cfn=basename
calls=7 254
298 33300
cfl=C:\Users\Pedro\AppData\Local\Python\pythoncore-3.14-64\Lib\logging\__init__.py
cfn=getLevelName
calls=7 129
298 5200
cfl=C:\Users\Pedro\AppData\Local\Python\pythoncore-3.14-64\Lib\multiprocessing\process.py
cfn=current_process
calls=7 37
298 1500
cfl=C:\Users\Pedro\AppData\Local\Python\pythoncore-3.14-64\Lib\multiprocessing\process.py
cfn=name
calls=7 196
298 800
cfl=C:\Users\Pedro\AppData\Local\Python\pythoncore-3.14-64\Lib\threading.py
cfn=name
calls=7 1135
298 1400
cfl=C:\Users\Pedro\AppData\Local\Python\pythoncore-3.14-64\Lib\threading.py
cfn=current_thread
calls=7 1470
298 5400
cfl=~
cfn=<built-in method _asyncio.current_task>
calls=7 0
298 3100
cfl=~
cfn=<built-in method _thread.get_ident>
calls=7 0
298 1600
cfl=~
cfn=<built-in method builtins.hasattr>
calls=7 0
298 2500
cfl=~
cfn=<built-in method nt.getpid>
calls=7 0
298 1400
cfl=~
cfn=<built-in method time.time_ns>
calls=7 0
298 3000
cfl=~
cfn=<method 'get' of 'dict' objects>
calls=14 0
298 5900
cfl=~
cfn=<method 'get_name' of '_asyncio.Task' objects>
calls=7 0
298 1800

fl=C:\Users\Pedro\AppData\Local\Python\pythoncore-3.14-64\Lib\logging\__init__.py
fn=getMessage
391 3300

fl=C:\Users\Pedro\AppData\Local\Python\pythoncore-3.14-64\Lib\logging\__init__.py
fn=__init__:451
451 300

fl=C:\Users\Pedro\AppData\Local\Python\pythoncore-3.14-64\Lib\logging\__init__.py
fn=usesTime:455
455 4200
cfl=~
cfn=<method 'find' of 'str' objects>
calls=7 0
455 1400

fl=C:\Users\Pedro\AppData\Local\Python\pythoncore-3.14-64\Lib\logging\__init__.py
fn=validate
458 2900
cfl=~
cfn=<method 'search' of 're.Pattern' objects>
calls=1 0
458 4800

fl=C:\Users\Pedro\AppData\Local\Python\pythoncore-3.14-64\Lib\logging\__init__.py
fn=_format
463 9800

fl=C:\Users\Pedro\AppData\Local\Python\pythoncore-3.14-64\Lib\logging\__init__.py
fn=format:470
470 3600
cfl=C:\Users\Pedro\AppData\Local\Python\pythoncore-3.14-64\Lib\logging\__init__.py
cfn=_format
calls=7 463
470 9800

fl=C:\Users\Pedro\AppData\Local\Python\pythoncore-3.14-64\Lib\logging\__init__.py
fn=__init__:601
601 8400
cfl=C:\Users\Pedro\AppData\Local\Python\pythoncore-3.14-64\Lib\logging\__init__.py
cfn=__init__:451
calls=1 451
601 300
cfl=C:\Users\Pedro\AppData\Local\Python\pythoncore-3.14-64\Lib\logging\__init__.py
cfn=validate
calls=1 458
601 7700

fl=C:\Users\Pedro\AppData\Local\Python\pythoncore-3.14-64\Lib\logging\__init__.py
fn=formatTime
631 15900
cfl=~
cfn=<built-in method time.localtime>
calls=7 0
631 32700
cfl=~
cfn=<built-in method time.strftime>
calls=7 0
631 11100

fl=C:\Users\Pedro\AppData\Local\Python\pythoncore-3.14-64\Lib\logging\__init__.py
fn=usesTime:677
677 3700
cfl=C:\Users\Pedro\AppData\Local\Python\pythoncore-3.14-64\Lib\logging\__init__.py
cfn=usesTime:455
calls=7 455
677 5600

fl=C:\Users\Pedro\AppData\Local\Python\pythoncore-3.14-64\Lib\logging\__init__.py
fn=formatMessage
683 3300
cfl=C:\Users\Pedro\AppData\Local\Python\pythoncore-3.14-64\Lib\logging\__init__.py
cfn=format:470
calls=7 470
683 13400

fl=C:\Users\Pedro\AppData\Local\Python\pythoncore-3.14-64\Lib\logging\__init__.py
fn=format:699
699 21900
cfl=C:\Users\Pedro\AppData\Local\Python\pythoncore-3.14-64\Lib\logging\__init__.py
cfn=getMessage
calls=7 391
699 3300
cfl=C:\Users\Pedro\AppData\Local\Python\pythoncore-3.14-64\Lib\logging\__init__.py
cfn=formatTime
calls=7 631
699 59700
cfl=C:\Users\Pedro\AppData\Local\Python\pythoncore-3.14-64\Lib\logging\__init__.py
cfn=usesTime:677
calls=7 677
699 9300
cfl=C:\Users\Pedro\AppData\Local\Python\pythoncore-3.14-64\Lib\logging\__init__.py
cfn=formatMessage
calls=7 683
699 16700

fl=C:\Users\Pedro\AppData\Local\Python\pythoncore-3.14-64\Lib\logging\__init__.py
fn=__init__:820
820 1000

fl=C:\Users\Pedro\AppData\Local\Python\pythoncore-3.14-64\Lib\logging\__init__.py
fn=filter
840 3500

fl=C:\Users\Pedro\AppData\Local\Python\pythoncore-3.14-64\Lib\logging\__init__.py
fn=_addHandlerRef
899 2400
cfl=~
cfn=<method '__enter__' of '_thread.RLock' objects>
calls=1 0
899 300
cfl=~
cfn=<method '__exit__' of '_thread.RLock' objects>
calls=1 0
899 200
cfl=~
cfn=<method 'append' of 'list' objects>
calls=1 0
899 400

fl=C:\Users\Pedro\AppData\Local\Python\pythoncore-3.14-64\Lib\logging\__init__.py
fn=__init__:931
931 4800
cfl=C:\Users\Pedro\AppData\Local\Python\pythoncore-3.14-64\Lib\logging\__init__.py
cfn=_checkLevel
calls=1 205
931 800
cfl=C:\Users\Pedro\AppData\Local\Python\pythoncore-3.14-64\Lib\logging\__init__.py
cfn=__init__:820
calls=1 820
931 700
cfl=C:\Users\Pedro\AppData\Local\Python\pythoncore-3.14-64\Lib\logging\__init__.py
cfn=_addHandlerRef
calls=1 899
931 3300
cfl=C:\Users\Pedro\AppData\Local\Python\pythoncore-3.14-64\Lib\logging\__init__.py
cfn=createLock
calls=1 958
931 5000

fl=C:\Users\Pedro\AppData\Local\Python\pythoncore-3.14-64\Lib\logging\__init__.py
fn=createLock
958 3400
cfl=C:\Users\Pedro\AppData\Local\Python\pythoncore-3.14-64\Lib\logging\__init__.py
cfn=_register_at_fork_reinit_lock
calls=1 257
958 200
cfl=C:\Users\Pedro\AppData\Local\Python\pythoncore-3.14-64\Lib\threading.py
cfn=RLock
calls=1 126
958 1400

fl=C:\Users\Pedro\AppData\Local\Python\pythoncore-3.14-64\Lib\logging\__init__.py
fn=format:988
988 5700
cfl=C:\Users\Pedro\AppData\Local\Python\pythoncore-3.14-64\Lib\logging\__init__.py
cfn=format:699
calls=7 699
988 110900

fl=C:\Users\Pedro\AppData\Local\Python\pythoncore-3.14-64\Lib\logging\__init__.py
fn=handle:1011
1011 397900
cfl=C:\Users\Pedro\AppData\Local\Python\pythoncore-3.14-64\Lib\logging\__init__.py
cfn=filter
calls=7 840
1011 1700
cfl=C:\Users\Pedro\AppData\Local\Python\pythoncore-3.14-64\Lib\logging\__init__.py
cfn=emit:1251
calls=6 1251
1011 0
cfl=~
cfn=<built-in method builtins.isinstance>
calls=7 0
1011 600
cfl=~
cfn=<method '__enter__' of '_thread.RLock' objects>
calls=7 0
1011 1700
cfl=~
cfn=<method '__exit__' of '_thread.RLock' objects>
calls=6 0
1011 700

fl=C:\Users\Pedro\AppData\Local\Python\pythoncore-3.14-64\Lib\logging\__init__.py
fn=setFormatter
1030 300

fl=C:\Users\Pedro\AppData\Local\Python\pythoncore-3.14-64\Lib\logging\__init__.py
fn=__init__:1120
1120 2000
cfl=C:\Users\Pedro\AppData\Local\Python\pythoncore-3.14-64\Lib\logging\__init__.py
cfn=__init__:931
calls=1 931
1120 14600

fl=C:\Users\Pedro\AppData\Local\Python\pythoncore-3.14-64\Lib\logging\__init__.py
fn=flush
1131 10700
cfl=~
cfn=<built-in method builtins.hasattr>
calls=7 0
1131 1700
cfl=~
cfn=<method '__enter__' of '_thread.RLock' objects>
calls=7 0
1131 1200
cfl=~
cfn=<method '__exit__' of '_thread.RLock' objects>
calls=6 0
1131 1700
cfl=~
cfn=<method 'append' of 'list' objects>
calls=1 0
1131 700
cfl=~
cfn=<method 'flush' of '_io.TextIOWrapper' objects>
calls=6 0
1131 0
cfl=~
cfn=<method 'get' of 'dict' objects>
calls=1 0
1131 700

fl=C:\Users\Pedro\AppData\Local\Python\pythoncore-3.14-64\Lib\logging\__init__.py
fn=emit:1139
1139 9500
cfl=C:\Users\Pedro\AppData\Local\Python\pythoncore-3.14-64\Lib\asyncio\base_events.py
cfn=time
calls=1 766
1139 4300
cfl=C:\Users\Pedro\AppData\Local\Python\pythoncore-3.14-64\Lib\asyncio\events.py
cfn=_run
calls=1 92
1139 282200
cfl=C:\Users\Pedro\AppData\Local\Python\pythoncore-3.14-64\Lib\asyncio\selector_events.py
cfn=_process_events
calls=1 744
1139 5600
cfl=C:\Users\Pedro\AppData\Local\Python\pythoncore-3.14-64\Lib\logging\__init__.py
cfn=format:988
calls=7 988
1139 116600
cfl=C:\Users\Pedro\AppData\Local\Python\pythoncore-3.14-64\Lib\logging\__init__.py
cfn=flush
calls=6 1131
1139 0
cfl=~
cfn=<built-in method builtins.len>
calls=1 0
1139 800
cfl=~
cfn=<method 'popleft' of 'collections.deque' objects>
calls=1 0
1139 500
cfl=~
cfn=<method 'write' of '_io.TextIOWrapper' objects>
calls=7 0
1139 25600

fl=C:\Users\Pedro\AppData\Local\Python\pythoncore-3.14-64\Lib\logging\__init__.py
fn=__init__:1194
1194 12000
cfl=<frozen ntpath>
cfn=abspath
calls=1 529
1194 9600
cfl=C:\Users\Pedro\AppData\Local\Python\pythoncore-3.14-64\Lib\logging\__init__.py
cfn=__init__:1120
calls=1 1120
1194 16600
cfl=C:\Users\Pedro\AppData\Local\Python\pythoncore-3.14-64\Lib\logging\__init__.py
cfn=_open
calls=1 1242
1194 267900
cfl=~
cfn=<built-in method _io.text_encoding>
calls=1 0
1194 700
cfl=~
cfn=<built-in method nt.fspath>
calls=1 0
1194 0

fl=C:\Users\Pedro\AppData\Local\Python\pythoncore-3.14-64\Lib\logging\__init__.py
fn=_open
1242 1600
cfl=~
cfn=<built-in method _io.open>
calls=1 0
1242 266300

fl=C:\Users\Pedro\AppData\Local\Python\pythoncore-3.14-64\Lib\logging\__init__.py
fn=emit:1251
1251 8100
cfl=C:\Users\Pedro\AppData\Local\Python\pythoncore-3.14-64\Lib\asyncio\base_events.py
cfn=_run_once
calls=0 1966
1251 0
cfl=C:\Users\Pedro\AppData\Local\Python\pythoncore-3.14-64\Lib\logging\__init__.py
cfn=emit:1139
calls=6 1139
1251 0
cfl=~
cfn=<method '__exit__' of '_thread.RLock' objects>
calls=1 0
1251 100

fl=C:\Users\Pedro\AppData\Local\Python\pythoncore-3.14-64\Lib\logging\__init__.py
fn=disable
1354 400

fl=C:\Users\Pedro\AppData\Local\Python\pythoncore-3.14-64\Lib\logging\__init__.py
fn=getLogger:1362
1362 17300
cfl=C:\Users\Pedro\AppData\Local\Python\pythoncore-3.14-64\Lib\logging\__init__.py
cfn=_fixupParents
calls=1 1410
1362 6400
cfl=C:\Users\Pedro\AppData\Local\Python\pythoncore-3.14-64\Lib\logging\__init__.py
cfn=__init__:1478
calls=1 1478
1362 5400
cfl=~
cfn=<built-in method builtins.isinstance>
calls=1 0
1362 200
cfl=~
cfn=<method '__enter__' of '_thread.RLock' objects>
calls=1 0
1362 1400
cfl=~
cfn=<method '__exit__' of '_thread.RLock' objects>
calls=1 0
1362 500

fl=C:\Users\Pedro\AppData\Local\Python\pythoncore-3.14-64\Lib\logging\__init__.py
fn=_fixupParents
1410 5500
cfl=~
cfn=<method 'rfind' of 'str' objects>
calls=1 0
1410 900

fl=C:\Users\Pedro\AppData\Local\Python\pythoncore-3.14-64\Lib\logging\__init__.py
fn=_clear_cache
1447 41200
cfl=~
cfn=<built-in method builtins.isinstance>
calls=63 0
1447 4300
cfl=~
cfn=<method '__enter__' of '_thread.RLock' objects>
calls=1 0
1447 100
cfl=~
cfn=<method '__exit__' of '_thread.RLock' objects>
calls=1 0
1447 200
cfl=~
cfn=<method 'clear' of 'dict' objects>
calls=53 0
1447 5200
cfl=~
cfn=<method 'values' of 'dict' objects>
calls=1 0
1447 700

fl=C:\Users\Pedro\AppData\Local\Python\pythoncore-3.14-64\Lib\logging\__init__.py
fn=__init__:1478
1478 4300
cfl=C:\Users\Pedro\AppData\Local\Python\pythoncore-3.14-64\Lib\logging\__init__.py
cfn=_checkLevel
calls=1 205
1478 800
cfl=C:\Users\Pedro\AppData\Local\Python\pythoncore-3.14-64\Lib\logging\__init__.py
cfn=__init__:820
calls=1 820
1478 300

fl=C:\Users\Pedro\AppData\Local\Python\pythoncore-3.14-64\Lib\logging\__init__.py
fn=setLevel
1491 2700
cfl=C:\Users\Pedro\AppData\Local\Python\pythoncore-3.14-64\Lib\logging\__init__.py
cfn=_checkLevel
calls=1 205
1491 300
cfl=C:\Users\Pedro\AppData\Local\Python\pythoncore-3.14-64\Lib\logging\__init__.py
cfn=_clear_cache
calls=1 1447
1491 51700

fl=C:\Users\Pedro\AppData\Local\Python\pythoncore-3.14-64\Lib\logging\__init__.py
fn=info
1510 16200
cfl=C:\Users\Pedro\AppData\Local\Python\pythoncore-3.14-64\Lib\logging\__init__.py
cfn=error
calls=1 1539
1510 400300
cfl=C:\Users\Pedro\AppData\Local\Python\pythoncore-3.14-64\Lib\logging\__init__.py
cfn=_log
calls=5 1641
1510 0
cfl=C:\Users\Pedro\AppData\Local\Python\pythoncore-3.14-64\Lib\logging\__init__.py
cfn=isEnabledFor
calls=6 1765
1510 6500
cfl=C:\Users\Pedro\AppData\Local\Python\pythoncore-3.14-64\Lib\traceback.py
cfn=format_exc
calls=1 212
1510 1351300
cfl=c:\Users\Pedro\faculdade\IniciacaoCientifica\grn\PythonCode\Modules\Handlers.py
cfn=run_serial
calls=0 48
1510 0

fl=C:\Users\Pedro\AppData\Local\Python\pythoncore-3.14-64\Lib\logging\__init__.py
fn=error
1539 3300
cfl=C:\Users\Pedro\AppData\Local\Python\pythoncore-3.14-64\Lib\logging\__init__.py
cfn=_log
calls=1 1641
1539 393500
cfl=C:\Users\Pedro\AppData\Local\Python\pythoncore-3.14-64\Lib\logging\__init__.py
cfn=isEnabledFor
calls=1 1765
1539 3500

fl=C:\Users\Pedro\AppData\Local\Python\pythoncore-3.14-64\Lib\logging\__init__.py
fn=findCaller
1592 21400
cfl=C:\Users\Pedro\AppData\Local\Python\pythoncore-3.14-64\Lib\logging\__init__.py
cfn=<lambda>
calls=7 167
1592 7400
cfl=C:\Users\Pedro\AppData\Local\Python\pythoncore-3.14-64\Lib\logging\__init__.py
cfn=_is_internal_frame
calls=21 197
1592 60100

fl=C:\Users\Pedro\AppData\Local\Python\pythoncore-3.14-64\Lib\logging\__init__.py
fn=makeRecord
1626 13100
cfl=C:\Users\Pedro\AppData\Local\Python\pythoncore-3.14-64\Lib\logging\__init__.py
cfn=__init__:298
calls=7 298
1626 150900

fl=C:\Users\Pedro\AppData\Local\Python\pythoncore-3.14-64\Lib\logging\__init__.py
fn=_log
1641 15000
cfl=C:\Users\Pedro\AppData\Local\Python\pythoncore-3.14-64\Lib\logging\__init__.py
cfn=findCaller
calls=7 1592
1641 88900
cfl=C:\Users\Pedro\AppData\Local\Python\pythoncore-3.14-64\Lib\logging\__init__.py
cfn=makeRecord
calls=7 1626
1641 164000
cfl=C:\Users\Pedro\AppData\Local\Python\pythoncore-3.14-64\Lib\logging\__init__.py
cfn=handle:1667
calls=6 1667
1641 0

fl=C:\Users\Pedro\AppData\Local\Python\pythoncore-3.14-64\Lib\logging\__init__.py
fn=handle:1667
1667 7600
cfl=C:\Users\Pedro\AppData\Local\Python\pythoncore-3.14-64\Lib\logging\__init__.py
cfn=filter
calls=7 840
1667 1800
cfl=C:\Users\Pedro\AppData\Local\Python\pythoncore-3.14-64\Lib\logging\__init__.py
cfn=callHandlers
calls=6 1721
1667 0
cfl=~
cfn=<built-in method builtins.isinstance>
calls=7 0
1667 800

fl=C:\Users\Pedro\AppData\Local\Python\pythoncore-3.14-64\Lib\logging\__init__.py
fn=addHandler
1683 900
cfl=~
cfn=<method '__enter__' of '_thread.RLock' objects>
calls=1 0
1683 200
cfl=~
cfn=<method '__exit__' of '_thread.RLock' objects>
calls=1 0
1683 400
cfl=~
cfn=<method 'append' of 'list' objects>
calls=1 0
1683 100

fl=C:\Users\Pedro\AppData\Local\Python\pythoncore-3.14-64\Lib\logging\__init__.py
fn=callHandlers
1721 16500
cfl=C:\Users\Pedro\AppData\Local\Python\pythoncore-3.14-64\Lib\logging\__init__.py
cfn=handle:1011
calls=6 1011
1721 0

fl=C:\Users\Pedro\AppData\Local\Python\pythoncore-3.14-64\Lib\logging\__init__.py
fn=getEffectiveLevel
1751 500

fl=C:\Users\Pedro\AppData\Local\Python\pythoncore-3.14-64\Lib\logging\__init__.py
fn=isEnabledFor
1765 8300
cfl=C:\Users\Pedro\AppData\Local\Python\pythoncore-3.14-64\Lib\logging\__init__.py
cfn=disable
calls=2 1354
1765 400
cfl=C:\Users\Pedro\AppData\Local\Python\pythoncore-3.14-64\Lib\logging\__init__.py
cfn=getEffectiveLevel
calls=2 1751
1765 500
cfl=~
cfn=<method '__enter__' of '_thread.RLock' objects>
calls=2 0
1765 500
cfl=~
cfn=<method '__exit__' of '_thread.RLock' objects>
calls=2 0
1765 300

fl=C:\Users\Pedro\AppData\Local\Python\pythoncore-3.14-64\Lib\logging\__init__.py
fn=getLogger:2130
2130 8300
cfl=C:\Users\Pedro\AppData\Local\Python\pythoncore-3.14-64\Lib\logging\__init__.py
cfn=getLogger:1362
calls=1 1362
2130 31200
cfl=~
cfn=<built-in method builtins.isinstance>
calls=1 0
2130 700

fl=C:\Users\Pedro\AppData\Local\Python\pythoncore-3.14-64\Lib\multiprocessing\process.py
fn=current_process
37 1500

fl=C:\Users\Pedro\AppData\Local\Python\pythoncore-3.14-64\Lib\multiprocessing\process.py
fn=name
196 800

fl=C:\Users\Pedro\AppData\Local\Python\pythoncore-3.14-64\Lib\pathlib\__init__.py
fn=__init__
135 4800
cfl=~
cfn=<built-in method builtins.isinstance>
calls=8 0
135 800
cfl=~
cfn=<built-in method nt.fspath>
calls=4 0
135 600
cfl=~
cfn=<method 'append' of 'list' objects>
calls=4 0
135 700

fl=C:\Users\Pedro\AppData\Local\Python\pythoncore-3.14-64\Lib\pathlib\__init__.py
fn=with_segments
157 2300
cfl=C:\Users\Pedro\AppData\Local\Python\pythoncore-3.14-64\Lib\pathlib\__init__.py
cfn=__init__
calls=2 135
157 2900
cfl=C:\Users\Pedro\AppData\Local\Python\pythoncore-3.14-64\Lib\pathlib\__init__.py
cfn=__new__
calls=2 632
157 1100

fl=C:\Users\Pedro\AppData\Local\Python\pythoncore-3.14-64\Lib\pathlib\__init__.py
fn=__fspath__
190 2300
cfl=C:\Users\Pedro\AppData\Local\Python\pythoncore-3.14-64\Lib\pathlib\__init__.py
cfn=__str__
calls=2 251
190 200

fl=C:\Users\Pedro\AppData\Local\Python\pythoncore-3.14-64\Lib\pathlib\__init__.py
fn=__str__
251 200

fl=C:\Users\Pedro\AppData\Local\Python\pythoncore-3.14-64\Lib\pathlib\__init__.py
fn=_format_parsed_parts
261 4000
cfl=<frozen ntpath>
cfn=splitdrive
calls=2 146
261 1400
cfl=~
cfn=<method 'join' of 'str' objects>
calls=2 0
261 600

fl=C:\Users\Pedro\AppData\Local\Python\pythoncore-3.14-64\Lib\pathlib\__init__.py
fn=_from_parsed_parts
269 3900
cfl=C:\Users\Pedro\AppData\Local\Python\pythoncore-3.14-64\Lib\pathlib\__init__.py
cfn=_format_parsed_parts
calls=2 261
269 6000
cfl=C:\Users\Pedro\AppData\Local\Python\pythoncore-3.14-64\Lib\pathlib\__init__.py
cfn=_from_parsed_string
calls=2 276
269 7500

fl=C:\Users\Pedro\AppData\Local\Python\pythoncore-3.14-64\Lib\pathlib\__init__.py
fn=_from_parsed_string
276 1200
cfl=C:\Users\Pedro\AppData\Local\Python\pythoncore-3.14-64\Lib\pathlib\__init__.py
cfn=with_segments
calls=2 157
276 6300

fl=C:\Users\Pedro\AppData\Local\Python\pythoncore-3.14-64\Lib\pathlib\__init__.py
fn=_parse_path
281 3300
cfl=~
cfn=<built-in method nt._path_splitroot_ex>
calls=2 0
281 900
cfl=~
cfn=<method 'replace' of 'str' objects>
calls=2 0
281 900
cfl=~
cfn=<method 'split' of 'str' objects>
calls=2 0
281 900
cfl=~
cfn=<method 'startswith' of 'str' objects>
calls=2 0
281 400

fl=C:\Users\Pedro\AppData\Local\Python\pythoncore-3.14-64\Lib\pathlib\__init__.py
fn=_raw_path
330 1000
cfl=~
cfn=<built-in method builtins.len>
calls=2 0
330 200

fl=C:\Users\Pedro\AppData\Local\Python\pythoncore-3.14-64\Lib\pathlib\__init__.py
fn=drive
341 8900
cfl=C:\Users\Pedro\AppData\Local\Python\pythoncore-3.14-64\Lib\pathlib\__init__.py
cfn=_parse_path
calls=2 281
341 6400
cfl=C:\Users\Pedro\AppData\Local\Python\pythoncore-3.14-64\Lib\pathlib\__init__.py
cfn=_raw_path
calls=2 330
341 1200

fl=C:\Users\Pedro\AppData\Local\Python\pythoncore-3.14-64\Lib\pathlib\__init__.py
fn=root
350 300

fl=C:\Users\Pedro\AppData\Local\Python\pythoncore-3.14-64\Lib\pathlib\__init__.py
fn=_tail
359 500

fl=C:\Users\Pedro\AppData\Local\Python\pythoncore-3.14-64\Lib\pathlib\__init__.py
fn=parent
381 5100
cfl=C:\Users\Pedro\AppData\Local\Python\pythoncore-3.14-64\Lib\pathlib\__init__.py
cfn=_from_parsed_parts
calls=2 269
381 17400
cfl=C:\Users\Pedro\AppData\Local\Python\pythoncore-3.14-64\Lib\pathlib\__init__.py
cfn=drive
calls=2 341
381 16500
cfl=C:\Users\Pedro\AppData\Local\Python\pythoncore-3.14-64\Lib\pathlib\__init__.py
cfn=root
calls=2 350
381 300
cfl=C:\Users\Pedro\AppData\Local\Python\pythoncore-3.14-64\Lib\pathlib\__init__.py
cfn=_tail
calls=2 359
381 500

fl=C:\Users\Pedro\AppData\Local\Python\pythoncore-3.14-64\Lib\pathlib\__init__.py
fn=__new__
632 2500
cfl=~
cfn=<built-in method __new__ of type object at 0x00007FFE69354D90>
calls=4 0
632 1400

fl=C:\Users\Pedro\AppData\Local\Python\pythoncore-3.14-64\Lib\pathlib\__init__.py
fn=is_dir
674 1400
cfl=~
cfn=<built-in method nt._path_isdir>
calls=2 0
674 128600

fl=C:\Users\Pedro\AppData\Local\Python\pythoncore-3.14-64\Lib\queue.py
fn=empty
112 4300
cfl=C:\Users\Pedro\AppData\Local\Python\pythoncore-3.14-64\Lib\queue.py
cfn=_qsize
calls=2 266
112 2000
cfl=~
cfn=<method '__enter__' of '_thread.lock' objects>
calls=2 0
112 1600
cfl=~
cfn=<method '__exit__' of '_thread.lock' objects>
calls=2 0
112 800

fl=C:\Users\Pedro\AppData\Local\Python\pythoncore-3.14-64\Lib\queue.py
fn=_qsize
266 1600
cfl=~
cfn=<built-in method builtins.len>
calls=2 0
266 400

fl=C:\Users\Pedro\AppData\Local\Python\pythoncore-3.14-64\Lib\random.py
fn=getrandbits
901 4900
cfl=~
cfn=<built-in method from_bytes>
calls=1 0
901 600
cfl=~
cfn=<built-in method nt.urandom>
calls=1 0
901 3000

fl=C:\Users\Pedro\AppData\Local\Python\pythoncore-3.14-64\Lib\selectors.py
fn=_select
304 115000
cfl=~
cfn=<built-in method select.select>
calls=0 0
304 0
cfl=~
cfn=<method '__exit__' of '_thread.RLock' objects>
calls=1 0
304 300

fl=C:\Users\Pedro\AppData\Local\Python\pythoncore-3.14-64\Lib\selectors.py
fn=select
310 24300
cfl=C:\Users\Pedro\AppData\Local\Python\pythoncore-3.14-64\Lib\selectors.py
cfn=_select
calls=0 304
310 0
cfl=c:\Users\Pedro\faculdade\IniciacaoCientifica\grn\.env\Lib\site-packages\IPython\core\history.py
cfn=_writeout_output_cache
calls=1 1047
310 3500
cfl=c:\Users\Pedro\faculdade\IniciacaoCientifica\grn\.env\Lib\site-packages\traitlets\traitlets.py
cfn=__set__
calls=2 727
310 54100
cfl=~
cfn=<built-in method builtins.max>
calls=2 0
310 1000
cfl=~
cfn=<method '__enter__' of '_thread.lock' objects>
calls=1 0
310 400
cfl=~
cfn=<method '__exit__' of '_thread.lock' objects>
calls=2 0
310 500

fl=C:\Users\Pedro\AppData\Local\Python\pythoncore-3.14-64\Lib\textwrap.py
fn=dedent
416 25200
cfl=~
cfn=<built-in method builtins.max>
calls=8 0
416 1700
cfl=~
cfn=<built-in method builtins.min>
calls=8 0
416 2500
cfl=~
cfn=<method 'isspace' of 'str' objects>
calls=50 0
416 6700
cfl=~
cfn=<method 'join' of 'str' objects>
calls=8 0
416 1700
cfl=~
cfn=<method 'split' of 'str' objects>
calls=8 0
416 3400

fl=C:\Users\Pedro\AppData\Local\Python\pythoncore-3.14-64\Lib\textwrap.py
fn=indent
447 18200
cfl=C:\Users\Pedro\AppData\Local\Python\pythoncore-3.14-64\Lib\traceback.py
cfn=<lambda>:704
calls=9 704
447 1000
cfl=C:\Users\Pedro\AppData\Local\Python\pythoncore-3.14-64\Lib\traceback.py
cfn=<lambda>:998
calls=1 998
447 300
cfl=C:\Users\Pedro\AppData\Local\Python\pythoncore-3.14-64\Lib\traceback.py
cfn=<lambda>:1001
calls=14 1001
447 1000
cfl=~
cfn=<method 'append' of 'list' objects>
calls=48 0
447 4200
cfl=~
cfn=<method 'join' of 'str' objects>
calls=10 0
447 2000
cfl=~
cfn=<method 'splitlines' of 'str' objects>
calls=10 0
447 3000

fl=C:\Users\Pedro\AppData\Local\Python\pythoncore-3.14-64\Lib\threading.py
fn=RLock
126 2200

fl=C:\Users\Pedro\AppData\Local\Python\pythoncore-3.14-64\Lib\threading.py
fn=__enter__
313 1000
cfl=~
cfn=<method '__enter__' of '_thread.lock' objects>
calls=2 0
313 400

fl=C:\Users\Pedro\AppData\Local\Python\pythoncore-3.14-64\Lib\threading.py
fn=__exit__
316 1400
cfl=~
cfn=<method '__exit__' of '_thread.lock' objects>
calls=2 0
316 300

fl=C:\Users\Pedro\AppData\Local\Python\pythoncore-3.14-64\Lib\threading.py
fn=_release_save
322 1500
cfl=~
cfn=<method 'release' of '_thread.lock' objects>
calls=1 0
322 200

fl=C:\Users\Pedro\AppData\Local\Python\pythoncore-3.14-64\Lib\threading.py
fn=_acquire_restore
325 2000
cfl=~
cfn=<method 'acquire' of '_thread.lock' objects>
calls=1 0
325 400

fl=C:\Users\Pedro\AppData\Local\Python\pythoncore-3.14-64\Lib\threading.py
fn=_is_owned
328 500
cfl=~
cfn=<method 'acquire' of '_thread.lock' objects>
calls=1 0
328 300

fl=C:\Users\Pedro\AppData\Local\Python\pythoncore-3.14-64\Lib\threading.py
fn=is_set
615 300

fl=C:\Users\Pedro\AppData\Local\Python\pythoncore-3.14-64\Lib\threading.py
fn=clear
641 900
cfl=C:\Users\Pedro\AppData\Local\Python\pythoncore-3.14-64\Lib\threading.py
cfn=__enter__
calls=1 313
641 900
cfl=C:\Users\Pedro\AppData\Local\Python\pythoncore-3.14-64\Lib\threading.py
cfn=__exit__
calls=1 316
641 400

fl=C:\Users\Pedro\AppData\Local\Python\pythoncore-3.14-64\Lib\threading.py
fn=name
1135 1400

fl=C:\Users\Pedro\AppData\Local\Python\pythoncore-3.14-64\Lib\threading.py
fn=is_alive
1177 4800
cfl=C:\Users\Pedro\AppData\Local\Python\pythoncore-3.14-64\Lib\threading.py
cfn=is_set
calls=2 615
1177 300
cfl=~
cfn=<method 'is_done' of '_thread._ThreadHandle' objects>
calls=2 0
1177 800

fl=C:\Users\Pedro\AppData\Local\Python\pythoncore-3.14-64\Lib\threading.py
fn=current_thread
1470 4500
cfl=~
cfn=<built-in method _thread.get_ident>
calls=7 0
1470 900

fl=C:\Users\Pedro\AppData\Local\Python\pythoncore-3.14-64\Lib\tokenize.py
fn=detect_encoding
358 16700
cfl=C:\Users\Pedro\AppData\Local\Python\pythoncore-3.14-64\Lib\tokenize.py
cfn=read_or_stop
calls=4 382
358 106600
cfl=C:\Users\Pedro\AppData\Local\Python\pythoncore-3.14-64\Lib\tokenize.py
cfn=check
calls=4 388
358 4400
cfl=C:\Users\Pedro\AppData\Local\Python\pythoncore-3.14-64\Lib\tokenize.py
cfn=find_cookie
calls=4 400
358 6900
cfl=~
cfn=<method 'match' of 're.Pattern' objects>
calls=4 0
358 3300
cfl=~
cfn=<method 'startswith' of 'bytes' objects>
calls=4 0
358 1300

fl=C:\Users\Pedro\AppData\Local\Python\pythoncore-3.14-64\Lib\tokenize.py
fn=read_or_stop
382 2200
cfl=~
cfn=<method 'readline' of '_io.BufferedReader' objects>
calls=4 0
382 104400

fl=C:\Users\Pedro\AppData\Local\Python\pythoncore-3.14-64\Lib\tokenize.py
fn=check
388 3100
cfl=~
cfn=<method 'decode' of 'bytes' objects>
calls=4 0
388 1300

fl=C:\Users\Pedro\AppData\Local\Python\pythoncore-3.14-64\Lib\tokenize.py
fn=find_cookie
400 2900
cfl=~
cfn=<method 'match' of 're.Pattern' objects>
calls=4 0
400 4000

fl=C:\Users\Pedro\AppData\Local\Python\pythoncore-3.14-64\Lib\tokenize.py
fn=open
457 33500
cfl=<frozen codecs>
cfn=__init__:312
calls=4 312
457 2700
cfl=C:\Users\Pedro\AppData\Local\Python\pythoncore-3.14-64\Lib\tokenize.py
cfn=detect_encoding
calls=4 358
457 139200
cfl=~
cfn=<built-in method _io.open>
calls=4 0
457 139800
cfl=~
cfn=<method 'seek' of '_io.BufferedReader' objects>
calls=4 0
457 1400

fl=C:\Users\Pedro\AppData\Local\Python\pythoncore-3.14-64\Lib\traceback.py
fn=_parse_value_tb
104 1500
cfl=~
cfn=<built-in method builtins.isinstance>
calls=1 0
104 100

fl=C:\Users\Pedro\AppData\Local\Python\pythoncore-3.14-64\Lib\traceback.py
fn=format_exception
146 24100
cfl=C:\Users\Pedro\AppData\Local\Python\pythoncore-3.14-64\Lib\traceback.py
cfn=_parse_value_tb
calls=1 104
146 1600
cfl=C:\Users\Pedro\AppData\Local\Python\pythoncore-3.14-64\Lib\traceback.py
cfn=__init__:1044
calls=1 1044
146 793200
cfl=C:\Users\Pedro\AppData\Local\Python\pythoncore-3.14-64\Lib\traceback.py
cfn=format:1468
calls=7 1468
146 527300
cfl=~
cfn=<method 'get' of 'dict' objects>
calls=1 0
146 200

fl=C:\Users\Pedro\AppData\Local\Python\pythoncore-3.14-64\Lib\traceback.py
fn=_format_final_exc_line
186 2500
cfl=C:\Users\Pedro\AppData\Local\Python\pythoncore-3.14-64\Lib\_colorize.py
cfn=get_theme
calls=1 322
186 100
cfl=C:\Users\Pedro\AppData\Local\Python\pythoncore-3.14-64\Lib\traceback.py
cfn=_safe_string
calls=1 200
186 300

fl=C:\Users\Pedro\AppData\Local\Python\pythoncore-3.14-64\Lib\traceback.py
fn=_safe_string
200 800

fl=C:\Users\Pedro\AppData\Local\Python\pythoncore-3.14-64\Lib\traceback.py
fn=format_exc
212 4100
cfl=C:\Users\Pedro\AppData\Local\Python\pythoncore-3.14-64\Lib\traceback.py
cfn=format_exception
calls=1 146
212 1346400
cfl=~
cfn=<built-in method sys.exception>
calls=1 0
212 200
cfl=~
cfn=<method 'join' of 'str' objects>
calls=1 0
212 600

fl=C:\Users\Pedro\AppData\Local\Python\pythoncore-3.14-64\Lib\traceback.py
fn=__init__:295
295 1500
cfl=~
cfn=<method 'get' of 'dict' objects>
calls=4 0
295 300

fl=C:\Users\Pedro\AppData\Local\Python\pythoncore-3.14-64\Lib\traceback.py
fn=_set_lines
344 13800
cfl=C:\Users\Pedro\AppData\Local\Python\pythoncore-3.14-64\Lib\linecache.py
cfn=getline
calls=12 22
344 517900
cfl=~
cfn=<method 'append' of 'list' objects>
calls=12 0
344 1200
cfl=~
cfn=<method 'join' of 'str' objects>
calls=4 0
344 900
cfl=~
cfn=<method 'rstrip' of 'str' objects>
calls=12 0
344 2000

fl=C:\Users\Pedro\AppData\Local\Python\pythoncore-3.14-64\Lib\traceback.py
fn=_original_lines
359 1000
cfl=C:\Users\Pedro\AppData\Local\Python\pythoncore-3.14-64\Lib\traceback.py
cfn=_set_lines
calls=4 344
359 300

fl=C:\Users\Pedro\AppData\Local\Python\pythoncore-3.14-64\Lib\traceback.py
fn=_dedented_lines
365 9000
cfl=C:\Users\Pedro\AppData\Local\Python\pythoncore-3.14-64\Lib\textwrap.py
cfn=dedent
calls=4 416
365 24100
cfl=C:\Users\Pedro\AppData\Local\Python\pythoncore-3.14-64\Lib\traceback.py
cfn=_set_lines
calls=12 344
365 1000

fl=C:\Users\Pedro\AppData\Local\Python\pythoncore-3.14-64\Lib\traceback.py
fn=line
373 8900
cfl=C:\Users\Pedro\AppData\Local\Python\pythoncore-3.14-64\Lib\traceback.py
cfn=_set_lines
calls=8 344
373 534500
cfl=~
cfn=<method 'partition' of 'str' objects>
calls=8 0
373 2100
cfl=~
cfn=<method 'strip' of 'str' objects>
calls=8 0
373 2200

fl=C:\Users\Pedro\AppData\Local\Python\pythoncore-3.14-64\Lib\traceback.py
fn=_walk_tb_with_full_positions
410 5000
cfl=C:\Users\Pedro\AppData\Local\Python\pythoncore-3.14-64\Lib\traceback.py
cfn=_get_code_position
calls=4 424
410 37600

fl=C:\Users\Pedro\AppData\Local\Python\pythoncore-3.14-64\Lib\traceback.py
fn=_get_code_position
424 5300
cfl=~
cfn=<built-in method builtins.next>
calls=4 0
424 30800
cfl=~
cfn=<method 'co_positions' of 'code' objects>
calls=4 0
424 1500

fl=C:\Users\Pedro\AppData\Local\Python\pythoncore-3.14-64\Lib\traceback.py
fn=_extract_from_extended_frame_gen
459 20600
cfl=C:\Users\Pedro\AppData\Local\Python\pythoncore-3.14-64\Lib\linecache.py
cfn=checkcache
calls=3 74
459 2100
cfl=C:\Users\Pedro\AppData\Local\Python\pythoncore-3.14-64\Lib\linecache.py
cfn=lazycache
calls=4 200
459 14800
cfl=C:\Users\Pedro\AppData\Local\Python\pythoncore-3.14-64\Lib\traceback.py
cfn=__init__:295
calls=4 295
459 1800
cfl=C:\Users\Pedro\AppData\Local\Python\pythoncore-3.14-64\Lib\traceback.py
cfn=line
calls=4 373
459 543400
cfl=C:\Users\Pedro\AppData\Local\Python\pythoncore-3.14-64\Lib\traceback.py
cfn=_walk_tb_with_full_positions
calls=5 410
459 42600
cfl=~
cfn=<built-in method builtins.getattr>
calls=1 0
459 300
cfl=~
cfn=<method 'add' of 'set' objects>
calls=4 0
459 1000
cfl=~
cfn=<method 'append' of 'list' objects>
calls=4 0
459 600

fl=C:\Users\Pedro\AppData\Local\Python\pythoncore-3.14-64\Lib\traceback.py
fn=format_frame_summary
528 94400
cfl=C:\Users\Pedro\AppData\Local\Python\pythoncore-3.14-64\Lib\_colorize.py
cfn=get_theme
calls=4 322
528 600
cfl=C:\Users\Pedro\AppData\Local\Python\pythoncore-3.14-64\Lib\contextlib.py
cfn=__init__:444
calls=4 444
528 800
cfl=C:\Users\Pedro\AppData\Local\Python\pythoncore-3.14-64\Lib\contextlib.py
cfn=__enter__:447
calls=4 447
528 600
cfl=C:\Users\Pedro\AppData\Local\Python\pythoncore-3.14-64\Lib\contextlib.py
cfn=__exit__:450
calls=4 450
528 500
cfl=C:\Users\Pedro\AppData\Local\Python\pythoncore-3.14-64\Lib\textwrap.py
cfn=dedent
calls=4 416
528 17100
cfl=C:\Users\Pedro\AppData\Local\Python\pythoncore-3.14-64\Lib\textwrap.py
cfn=indent
calls=4 447
528 11600
cfl=C:\Users\Pedro\AppData\Local\Python\pythoncore-3.14-64\Lib\traceback.py
cfn=_original_lines
calls=4 359
528 1300
cfl=C:\Users\Pedro\AppData\Local\Python\pythoncore-3.14-64\Lib\traceback.py
cfn=_dedented_lines
calls=12 365
528 34100
cfl=C:\Users\Pedro\AppData\Local\Python\pythoncore-3.14-64\Lib\traceback.py
cfn=output_line
calls=7 640
528 15600
cfl=C:\Users\Pedro\AppData\Local\Python\pythoncore-3.14-64\Lib\traceback.py
cfn=_should_show_carets
calls=4 712
528 76700
cfl=C:\Users\Pedro\AppData\Local\Python\pythoncore-3.14-64\Lib\traceback.py
cfn=_byte_offset_to_character_offset
calls=8 794
528 10200
cfl=C:\Users\Pedro\AppData\Local\Python\pythoncore-3.14-64\Lib\traceback.py
cfn=_extract_caret_anchors_from_line_segment
calls=4 812
528 125800
cfl=C:\Users\Pedro\AppData\Local\Python\pythoncore-3.14-64\Lib\traceback.py
cfn=_display_width
calls=14 960
528 5600
cfl=~
cfn=<built-in method builtins.len>
calls=24 0
528 2100
cfl=~
cfn=<built-in method builtins.max>
calls=8 0
528 1200
cfl=~
cfn=<built-in method builtins.sorted>
calls=4 0
528 1500
cfl=~
cfn=<method 'append' of 'list' objects>
calls=9 0
528 1000
cfl=~
cfn=<method 'discard' of 'set' objects>
calls=8 0
528 1600
cfl=~
cfn=<method 'format' of 'str' objects>
calls=4 0
528 3400
cfl=~
cfn=<method 'get' of 'dict' objects>
calls=4 0
528 600
cfl=~
cfn=<method 'join' of 'str' objects>
calls=12 0
528 2000
cfl=~
cfn=<method 'splitlines' of 'str' objects>
calls=8 0
528 2500
cfl=~
cfn=<method 'startswith' of 'str' objects>
calls=4 0
528 500
cfl=~
cfn=<method 'strip' of 'str' objects>
calls=4 0
528 400
cfl=~
cfn=<method 'update' of 'set' objects>
calls=6 0
528 1700

fl=C:\Users\Pedro\AppData\Local\Python\pythoncore-3.14-64\Lib\traceback.py
fn=output_line
640 10200
cfl=~
cfn=<built-in method builtins.len>
calls=3 0
640 300
cfl=~
cfn=<method 'append' of 'list' objects>
calls=54 0
640 4500
cfl=~
cfn=<method 'join' of 'str' objects>
calls=1 0
640 400
cfl=~
cfn=<method 'lstrip' of 'str' objects>
calls=1 0
640 200

fl=C:\Users\Pedro\AppData\Local\Python\pythoncore-3.14-64\Lib\traceback.py
fn=<lambda>:704
704 1000

fl=C:\Users\Pedro\AppData\Local\Python\pythoncore-3.14-64\Lib\traceback.py
fn=_should_show_carets
712 17700
cfl=C:\Users\Pedro\AppData\Local\Python\pythoncore-3.14-64\Lib\ast.py
cfn=parse
calls=4 26
712 53900
cfl=C:\Users\Pedro\AppData\Local\Python\pythoncore-3.14-64\Lib\contextlib.py
cfn=__init__:444
calls=4 444
712 500
cfl=C:\Users\Pedro\AppData\Local\Python\pythoncore-3.14-64\Lib\contextlib.py
cfn=__enter__:447
calls=4 447
712 300
cfl=C:\Users\Pedro\AppData\Local\Python\pythoncore-3.14-64\Lib\contextlib.py
cfn=__exit__:450
calls=4 450
712 400
cfl=C:\Users\Pedro\AppData\Local\Python\pythoncore-3.14-64\Lib\traceback.py
cfn=_spawns_full_line
calls=3 720
712 2000
cfl=~
cfn=<built-in method builtins.isinstance>
calls=3 0
712 500
cfl=~
cfn=<built-in method builtins.len>
calls=3 0
712 400
cfl=~
cfn=<method 'join' of 'str' objects>
calls=4 0
712 700
cfl=~
cfn=<method 'lstrip' of 'str' objects>
calls=1 0
712 300

fl=C:\Users\Pedro\AppData\Local\Python\pythoncore-3.14-64\Lib\traceback.py
fn=_spawns_full_line
720 1800
cfl=~
cfn=<built-in method builtins.len>
calls=3 0
720 200

fl=C:\Users\Pedro\AppData\Local\Python\pythoncore-3.14-64\Lib\traceback.py
fn=format:745
745 15600
cfl=C:\Users\Pedro\AppData\Local\Python\pythoncore-3.14-64\Lib\traceback.py
cfn=format_frame_summary
calls=4 528
745 413400
cfl=~
cfn=<method 'append' of 'list' objects>
calls=4 0
745 400
cfl=~
cfn=<method 'get' of 'dict' objects>
calls=1 0
745 100

fl=C:\Users\Pedro\AppData\Local\Python\pythoncore-3.14-64\Lib\traceback.py
fn=_byte_offset_to_character_offset
794 10500
cfl=~
cfn=<built-in method builtins.len>
calls=14 0
794 900
cfl=~
cfn=<method 'decode' of 'bytes' objects>
calls=14 0
794 3200
cfl=~
cfn=<method 'encode' of 'str' objects>
calls=14 0
794 2300

fl=C:\Users\Pedro\AppData\Local\Python\pythoncore-3.14-64\Lib\traceback.py
fn=_extract_caret_anchors_from_line_segment
812 23900
cfl=<string>
cfn=<lambda>:1
calls=3 1
812 2300
cfl=C:\Users\Pedro\AppData\Local\Python\pythoncore-3.14-64\Lib\ast.py
cfn=parse
calls=4 26
812 78300
cfl=C:\Users\Pedro\AppData\Local\Python\pythoncore-3.14-64\Lib\traceback.py
cfn=increment_until
calls=3 878
812 2100
cfl=C:\Users\Pedro\AppData\Local\Python\pythoncore-3.14-64\Lib\traceback.py
cfn=setup_positions
calls=6 890
812 17600
cfl=~
cfn=<built-in method builtins.len>
calls=4 0
812 400
cfl=~
cfn=<method 'splitlines' of 'str' objects>
calls=4 0
812 1200

fl=C:\Users\Pedro\AppData\Local\Python\pythoncore-3.14-64\Lib\traceback.py
fn=normalize
851 2200
cfl=C:\Users\Pedro\AppData\Local\Python\pythoncore-3.14-64\Lib\traceback.py
cfn=_byte_offset_to_character_offset
calls=6 794
851 6700

fl=C:\Users\Pedro\AppData\Local\Python\pythoncore-3.14-64\Lib\traceback.py
fn=next_valid_char
855 2300
cfl=~
cfn=<built-in method builtins.len>
calls=12 0
855 600

fl=C:\Users\Pedro\AppData\Local\Python\pythoncore-3.14-64\Lib\traceback.py
fn=increment_until
878 1700
cfl=C:\Users\Pedro\AppData\Local\Python\pythoncore-3.14-64\Lib\traceback.py
cfn=<lambda>:951
calls=3 951
878 400

fl=C:\Users\Pedro\AppData\Local\Python\pythoncore-3.14-64\Lib\traceback.py
fn=setup_positions
890 5800
cfl=C:\Users\Pedro\AppData\Local\Python\pythoncore-3.14-64\Lib\traceback.py
cfn=normalize
calls=6 851
890 8900
cfl=C:\Users\Pedro\AppData\Local\Python\pythoncore-3.14-64\Lib\traceback.py
cfn=next_valid_char
calls=3 855
890 2900

fl=C:\Users\Pedro\AppData\Local\Python\pythoncore-3.14-64\Lib\traceback.py
fn=<lambda>:951
951 400

fl=C:\Users\Pedro\AppData\Local\Python\pythoncore-3.14-64\Lib\traceback.py
fn=_display_width
960 3800
cfl=~
cfn=<method 'isascii' of 'str' objects>
calls=14 0
960 1800

fl=C:\Users\Pedro\AppData\Local\Python\pythoncore-3.14-64\Lib\traceback.py
fn=__init__:982
982 1100

fl=C:\Users\Pedro\AppData\Local\Python\pythoncore-3.14-64\Lib\traceback.py
fn=indent
987 1200

fl=C:\Users\Pedro\AppData\Local\Python\pythoncore-3.14-64\Lib\traceback.py
fn=emit
990 14000
cfl=C:\Users\Pedro\AppData\Local\Python\pythoncore-3.14-64\Lib\textwrap.py
cfn=indent
calls=6 447
990 18100
cfl=C:\Users\Pedro\AppData\Local\Python\pythoncore-3.14-64\Lib\traceback.py
cfn=indent
calls=3 987
990 1200
cfl=C:\Users\Pedro\AppData\Local\Python\pythoncore-3.14-64\Lib\traceback.py
cfn=format_exception_only
calls=2 1226
990 42600
cfl=~
cfn=<built-in method builtins.isinstance>
calls=3 0
990 800

fl=C:\Users\Pedro\AppData\Local\Python\pythoncore-3.14-64\Lib\traceback.py
fn=<lambda>:998
998 300

fl=C:\Users\Pedro\AppData\Local\Python\pythoncore-3.14-64\Lib\traceback.py
fn=<lambda>:1001
1001 1000

fl=C:\Users\Pedro\AppData\Local\Python\pythoncore-3.14-64\Lib\traceback.py
fn=__init__:1044
1044 26900
cfl=C:\Users\Pedro\AppData\Local\Python\pythoncore-3.14-64\Lib\traceback.py
cfn=_safe_string
calls=1 200
1044 500
cfl=C:\Users\Pedro\AppData\Local\Python\pythoncore-3.14-64\Lib\traceback.py
cfn=_extract_from_extended_frame_gen
calls=1 459
1044 627200
cfl=C:\Users\Pedro\AppData\Local\Python\pythoncore-3.14-64\Lib\traceback.py
cfn=_load_lines
calls=1 1213
1044 6000
cfl=C:\Users\Pedro\AppData\Local\Python\pythoncore-3.14-64\Lib\traceback.py
cfn=_compute_suggestion_error
calls=1 1592
1044 130400
cfl=~
cfn=<built-in method builtins.getattr>
calls=3 0
1044 500
cfl=~
cfn=<built-in method builtins.id>
calls=1 0
1044 100
cfl=~
cfn=<built-in method builtins.isinstance>
calls=1 0
1044 400
cfl=~
cfn=<built-in method builtins.issubclass>
calls=4 0
1044 700
cfl=~
cfn=<method 'add' of 'set' objects>
calls=1 0
1044 300
cfl=~
cfn=<method 'pop' of 'list' objects>
calls=1 0
1044 200

fl=C:\Users\Pedro\AppData\Local\Python\pythoncore-3.14-64\Lib\traceback.py
fn=exc_type_str
1201 400

fl=C:\Users\Pedro\AppData\Local\Python\pythoncore-3.14-64\Lib\traceback.py
fn=_load_lines
1213 1700
cfl=C:\Users\Pedro\AppData\Local\Python\pythoncore-3.14-64\Lib\traceback.py
cfn=line
calls=4 373
1213 4300

fl=C:\Users\Pedro\AppData\Local\Python\pythoncore-3.14-64\Lib\traceback.py
fn=format_exception_only
1226 5300
cfl=C:\Users\Pedro\AppData\Local\Python\pythoncore-3.14-64\Lib\traceback.py
cfn=_format_final_exc_line
calls=1 186
1226 2900
cfl=C:\Users\Pedro\AppData\Local\Python\pythoncore-3.14-64\Lib\traceback.py
cfn=exc_type_str
calls=1 1201
1226 400
cfl=~
cfn=<built-in method builtins.isinstance>
calls=1 0
1226 33900
cfl=~
cfn=<method 'get' of 'dict' objects>
calls=1 0
1226 100

fl=C:\Users\Pedro\AppData\Local\Python\pythoncore-3.14-64\Lib\traceback.py
fn=format:1468
1468 19600
cfl=C:\Users\Pedro\AppData\Local\Python\pythoncore-3.14-64\Lib\traceback.py
cfn=format:745
calls=1 745
1468 429500
cfl=C:\Users\Pedro\AppData\Local\Python\pythoncore-3.14-64\Lib\traceback.py
cfn=__init__:982
calls=1 982
1468 1100
cfl=C:\Users\Pedro\AppData\Local\Python\pythoncore-3.14-64\Lib\traceback.py
cfn=emit
calls=9 990
1468 76700
cfl=~
cfn=<method 'append' of 'list' objects>
calls=1 0
1468 200
cfl=~
cfn=<method 'get' of 'dict' objects>
calls=1 0
1468 200

fl=C:\Users\Pedro\AppData\Local\Python\pythoncore-3.14-64\Lib\traceback.py
fn=_compute_suggestion_error
1592 18900
cfl=<frozen importlib._bootstrap>
cfn=_find_and_load
calls=1 1360
1592 92600
cfl=~
cfn=<built-in method _suggestions._generate_suggestions>
calls=1 0
1592 1200
cfl=~
cfn=<built-in method builtins.dir>
calls=1 0
1592 12800
cfl=~
cfn=<built-in method builtins.isinstance>
calls=62 0
1592 3600
cfl=~
cfn=<built-in method builtins.sorted>
calls=1 0
1592 1300

fl=C:\Users\Pedro\AppData\Local\Python\pythoncore-3.14-64\Lib\typing.py
fn=_type_convert
175 2300
cfl=~
cfn=<built-in method builtins.isinstance>
calls=4 0
175 1800

fl=C:\Users\Pedro\AppData\Local\Python\pythoncore-3.14-64\Lib\typing.py
fn=_type_check
184 24100
cfl=C:\Users\Pedro\AppData\Local\Python\pythoncore-3.14-64\Lib\typing.py
cfn=_type_convert
calls=4 175
184 4100
cfl=C:\Users\Pedro\AppData\Local\Python\pythoncore-3.14-64\Lib\typing.py
cfn=__eq__
calls=32 1355
184 15200
cfl=~
cfn=<built-in method builtins.isinstance>
calls=8 0
184 1000

fl=C:\Users\Pedro\AppData\Local\Python\pythoncore-3.14-64\Lib\typing.py
fn=inner
396 9200

fl=C:\Users\Pedro\AppData\Local\Python\pythoncore-3.14-64\Lib\typing.py
fn=__instancecheck__
1292 3000
cfl=C:\Users\Pedro\AppData\Local\Python\pythoncore-3.14-64\Lib\typing.py
cfn=__subclasscheck__
calls=2 1583
1292 14600

fl=C:\Users\Pedro\AppData\Local\Python\pythoncore-3.14-64\Lib\typing.py
fn=__eq__
1355 9100
cfl=~
cfn=<built-in method builtins.isinstance>
calls=32 0
1355 6100

fl=C:\Users\Pedro\AppData\Local\Python\pythoncore-3.14-64\Lib\typing.py
fn=__hash__
1361 5700
cfl=~
cfn=<built-in method builtins.hash>
calls=12 0
1361 2200

fl=C:\Users\Pedro\AppData\Local\Python\pythoncore-3.14-64\Lib\typing.py
fn=__subclasscheck__
1583 3500
cfl=~
cfn=<built-in method builtins.isinstance>
calls=4 0
1583 800
cfl=~
cfn=<built-in method builtins.issubclass>
calls=2 0
1583 10300

fl=C:\Users\Pedro\AppData\Local\Python\pythoncore-3.14-64\Lib\typing.py
fn=cast
2300 7300

fl=C:\Users\Pedro\AppData\Local\Python\pythoncore-3.14-64\Lib\typing.py
fn=__getattr__
3827 2600

fl=C:\Users\Pedro\AppData\Local\Python\pythoncore-3.14-64\Lib\urllib\parse.py
fn=_noop
108 400

fl=C:\Users\Pedro\AppData\Local\Python\pythoncore-3.14-64\Lib\urllib\parse.py
fn=_coerce_args
119 4000
cfl=~
cfn=<built-in method builtins.isinstance>
calls=3 0
119 100

fl=C:\Users\Pedro\AppData\Local\Python\pythoncore-3.14-64\Lib\urllib\parse.py
fn=urlparse
374 13100
cfl=<string>
cfn=<lambda>:1
calls=3 1
374 2700
cfl=C:\Users\Pedro\AppData\Local\Python\pythoncore-3.14-64\Lib\urllib\parse.py
cfn=_noop
calls=3 108
374 400
cfl=C:\Users\Pedro\AppData\Local\Python\pythoncore-3.14-64\Lib\urllib\parse.py
cfn=_coerce_args
calls=3 119
374 4100
cfl=C:\Users\Pedro\AppData\Local\Python\pythoncore-3.14-64\Lib\urllib\parse.py
cfn=_urlparse
calls=3 399
374 23700

fl=C:\Users\Pedro\AppData\Local\Python\pythoncore-3.14-64\Lib\urllib\parse.py
fn=_urlparse
399 6300
cfl=C:\Users\Pedro\AppData\Local\Python\pythoncore-3.14-64\Lib\urllib\parse.py
cfn=_urlsplit
calls=3 499
399 17400

fl=C:\Users\Pedro\AppData\Local\Python\pythoncore-3.14-64\Lib\urllib\parse.py
fn=_checknetloc
424 600

fl=C:\Users\Pedro\AppData\Local\Python\pythoncore-3.14-64\Lib\urllib\parse.py
fn=_urlsplit
499 12300
cfl=C:\Users\Pedro\AppData\Local\Python\pythoncore-3.14-64\Lib\urllib\parse.py
cfn=_checknetloc
calls=3 424
499 600
cfl=~
cfn=<method 'find' of 'str' objects>
calls=3 0
499 500
cfl=~
cfn=<method 'lstrip' of 'str' objects>
calls=3 0
499 800
cfl=~
cfn=<method 'replace' of 'str' objects>
calls=18 0
499 2400
cfl=~
cfn=<method 'strip' of 'str' objects>
calls=3 0
499 800

fl=C:\Users\Pedro\AppData\Local\Python\pythoncore-3.14-64\Lib\warnings.py
fn=__enter__
80 8300
cfl=~
cfn=<built-in method _warnings._acquire_lock>
calls=36 0
80 4200

fl=C:\Users\Pedro\AppData\Local\Python\pythoncore-3.14-64\Lib\warnings.py
fn=__exit__
84 6700
cfl=~
cfn=<built-in method _warnings._release_lock>
calls=36 0
84 3600

fl=c:\Users\Pedro\faculdade\IniciacaoCientifica\grn\.env\Lib\site-packages\IPython\core\displayhook.py
fn=is_active
118 105800

fl=c:\Users\Pedro\faculdade\IniciacaoCientifica\grn\.env\Lib\site-packages\IPython\core\displaypub.py
fn=is_publishing
172 109400

fl=c:\Users\Pedro\faculdade\IniciacaoCientifica\grn\.env\Lib\site-packages\IPython\core\history.py
fn=only_when_enabled
100 3200
cfl=C:\Users\Pedro\AppData\Local\Python\pythoncore-3.14-64\Lib\logging\__init__.py
cfn=info
calls=0 1510
100 0
cfl=c:\Users\Pedro\faculdade\IniciacaoCientifica\grn\.env\Lib\site-packages\IPython\core\history.py
cfn=writeout_cache
calls=0 1055
100 0
cfl=c:\Users\Pedro\faculdade\IniciacaoCientifica\grn\.env\Lib\site-packages\traitlets\traitlets.py
cfn=__get__
calls=1 695
100 2600
cfl=c:\Users\Pedro\faculdade\IniciacaoCientifica\grn\PythonCode\Modules\Handlers.py
cfn=save_results
calls=2 132
100 4592300
cfl=~
cfn=<built-in method builtins.print>
calls=1 0
100 153800
cfl=~
cfn=<built-in method time.time>
calls=1 0
100 900
cfl=~
cfn=<method 'append' of 'list' objects>
calls=1 0
100 300

fl=c:\Users\Pedro\faculdade\IniciacaoCientifica\grn\.env\Lib\site-packages\IPython\core\history.py
fn=_writeout_input_cache
1039 1300
cfl=c:\Users\Pedro\faculdade\IniciacaoCientifica\grn\.env\Lib\site-packages\traitlets\traitlets.py
cfn=__get__
calls=2 695
1039 1700
cfl=~
cfn=<method '__enter__' of 'sqlite3.Connection' objects>
calls=1 0
1039 300
cfl=~
cfn=<method '__exit__' of 'sqlite3.Connection' objects>
calls=0 0
1039 0
cfl=~
cfn=<method 'execute' of 'sqlite3.Connection' objects>
calls=1 0
1039 589700

fl=c:\Users\Pedro\faculdade\IniciacaoCientifica\grn\.env\Lib\site-packages\IPython\core\history.py
fn=_writeout_output_cache
1047 1800
cfl=c:\Users\Pedro\faculdade\IniciacaoCientifica\grn\.env\Lib\site-packages\traitlets\traitlets.py
cfn=__get__
calls=1 695
1047 1000
cfl=~
cfn=<method '__enter__' of 'sqlite3.Connection' objects>
calls=1 0
1047 100
cfl=~
cfn=<method '__exit__' of 'sqlite3.Connection' objects>
calls=1 0
1047 600

fl=c:\Users\Pedro\faculdade\IniciacaoCientifica\grn\.env\Lib\site-packages\IPython\core\history.py
fn=writeout_cache
1055 8100
cfl=<frozen ntpath>
cfn=join
calls=1 99
1055 2000
cfl=C:\Users\Pedro\AppData\Local\Python\pythoncore-3.14-64\Lib\logging\__init__.py
cfn=__init__:601
calls=1 601
1055 16400
cfl=C:\Users\Pedro\AppData\Local\Python\pythoncore-3.14-64\Lib\logging\__init__.py
cfn=setFormatter
calls=1 1030
1055 300
cfl=C:\Users\Pedro\AppData\Local\Python\pythoncore-3.14-64\Lib\logging\__init__.py
cfn=__init__:1194
calls=1 1194
1055 306800
cfl=C:\Users\Pedro\AppData\Local\Python\pythoncore-3.14-64\Lib\logging\__init__.py
cfn=setLevel
calls=1 1491
1055 54700
cfl=C:\Users\Pedro\AppData\Local\Python\pythoncore-3.14-64\Lib\logging\__init__.py
cfn=addHandler
calls=1 1683
1055 1600
cfl=C:\Users\Pedro\AppData\Local\Python\pythoncore-3.14-64\Lib\logging\__init__.py
cfn=getLogger:2130
calls=1 2130
1055 40200
cfl=c:\Users\Pedro\faculdade\IniciacaoCientifica\grn\.env\Lib\site-packages\IPython\core\history.py
cfn=_writeout_input_cache
calls=0 1039
1055 0
cfl=c:\Users\Pedro\faculdade\IniciacaoCientifica\grn\PythonCode\Modules\Handlers.py
cfn=run_path
calls=1 29
1055 10400
cfl=~
cfn=<method '__enter__' of '_thread.lock' objects>
calls=1 0
1055 400

fl=c:\Users\Pedro\faculdade\IniciacaoCientifica\grn\.env\Lib\site-packages\IPython\core\history.py
fn=hold
1100 800

fl=c:\Users\Pedro\faculdade\IniciacaoCientifica\grn\.env\Lib\site-packages\IPython\core\interactiveshell.py
fn=write
3098 2343000
cfl=<string>
cfn=__init__:2
calls=3 2
3098 800
cfl=c:\Users\Pedro\faculdade\IniciacaoCientifica\grn\.env\Lib\site-packages\IPython\core\displayhook.py
cfn=is_active
calls=1191 118
3098 105800
cfl=c:\Users\Pedro\faculdade\IniciacaoCientifica\grn\.env\Lib\site-packages\IPython\core\displaypub.py
cfn=is_publishing
calls=1191 172
3098 109400
cfl=c:\Users\Pedro\faculdade\IniciacaoCientifica\grn\.env\Lib\site-packages\ipykernel\iostream.py
cfn=write
calls=1191 721
3098 5853800
cfl=c:\Users\Pedro\faculdade\IniciacaoCientifica\grn\.env\Lib\site-packages\traitlets\traitlets.py
cfn=__get__
calls=1191 695
3098 512500
cfl=~
cfn=<built-in method builtins.any>
calls=1191 0
3098 195100
cfl=~
cfn=<method 'append' of 'list' objects>
calls=1194 0
3098 186700

fl=c:\Users\Pedro\faculdade\IniciacaoCientifica\grn\.env\Lib\site-packages\dateutil\tz\tz.py
fn=utcoffset
74 500

fl=c:\Users\Pedro\faculdade\IniciacaoCientifica\grn\.env\Lib\site-packages\decorator\__init__.py
fn=fix
213 6500
cfl=C:\Users\Pedro\AppData\Local\Python\pythoncore-3.14-64\Lib\inspect.py
cfn=args
calls=1 2839
213 3400
cfl=C:\Users\Pedro\AppData\Local\Python\pythoncore-3.14-64\Lib\inspect.py
cfn=kwargs
calls=1 2862
213 2500
cfl=C:\Users\Pedro\AppData\Local\Python\pythoncore-3.14-64\Lib\inspect.py
cfn=apply_defaults
calls=1 2892
213 4500
cfl=C:\Users\Pedro\AppData\Local\Python\pythoncore-3.14-64\Lib\inspect.py
cfn=bind
calls=1 3230
213 22700

fl=c:\Users\Pedro\faculdade\IniciacaoCientifica\grn\.env\Lib\site-packages\decorator\__init__.py
fn=fun
244 10000
cfl=C:\Users\Pedro\AppData\Local\Python\pythoncore-3.14-64\Lib\logging\__init__.py
cfn=info
calls=1 1510
244 46800
cfl=c:\Users\Pedro\faculdade\IniciacaoCientifica\grn\.env\Lib\site-packages\IPython\core\history.py
cfn=only_when_enabled
calls=0 100
244 0
cfl=c:\Users\Pedro\faculdade\IniciacaoCientifica\grn\.env\Lib\site-packages\decorator\__init__.py
cfn=fix
calls=1 213
244 39600
cfl=c:\Users\Pedro\faculdade\IniciacaoCientifica\grn\.env\Lib\site-packages\pandas\io\parsers\readers.py
cfn=read_csv
calls=1 349
244 7409300
cfl=c:\Users\Pedro\faculdade\IniciacaoCientifica\grn\PythonCode\Modules\Handlers.py
cfn=run_path
calls=1 29
244 2900
cfl=~
cfn=<built-in method time.time>
calls=1 0
244 200

fl=c:\Users\Pedro\faculdade\IniciacaoCientifica\grn\.env\Lib\site-packages\ipykernel\iostream.py
fn=_event_pipe
210 2100

fl=c:\Users\Pedro\faculdade\IniciacaoCientifica\grn\.env\Lib\site-packages\ipykernel\iostream.py
fn=_handle_event
229 5600
cfl=c:\Users\Pedro\faculdade\IniciacaoCientifica\grn\.env\Lib\site-packages\ipykernel\iostream.py
cfn=_schedule_in_thread
calls=2 653
229 70800
cfl=~
cfn=<built-in method builtins.len>
calls=2 0
229 400
cfl=~
cfn=<method 'popleft' of 'collections.deque' objects>
calls=2 0
229 1200

fl=c:\Users\Pedro\faculdade\IniciacaoCientifica\grn\.env\Lib\site-packages\ipykernel\iostream.py
fn=schedule
331 8800
cfl=C:\Users\Pedro\AppData\Local\Python\pythoncore-3.14-64\Lib\threading.py
cfn=is_alive
calls=2 1177
331 5900
cfl=c:\Users\Pedro\faculdade\IniciacaoCientifica\grn\.env\Lib\site-packages\ipykernel\iostream.py
cfn=_event_pipe
calls=2 210
331 2100
cfl=c:\Users\Pedro\faculdade\IniciacaoCientifica\grn\.env\Lib\site-packages\zmq\sugar\socket.py
cfn=send
calls=2 623
331 116700
cfl=~
cfn=<method 'append' of 'collections.deque' objects>
calls=2 0
331 400

fl=c:\Users\Pedro\faculdade\IniciacaoCientifica\grn\.env\Lib\site-packages\ipykernel\iostream.py
fn=parent_header
581 348700
cfl=~
cfn=<method 'get' of '_contextvars.ContextVar' objects>
calls=1191 0
581 153900

fl=c:\Users\Pedro\faculdade\IniciacaoCientifica\grn\.env\Lib\site-packages\ipykernel\iostream.py
fn=_is_master_process
616 375500
cfl=~
cfn=<built-in method nt.getpid>
calls=1191 0
616 142500

fl=c:\Users\Pedro\faculdade\IniciacaoCientifica\grn\.env\Lib\site-packages\ipykernel\iostream.py
fn=_schedule_flush
643 162900
cfl=c:\Users\Pedro\faculdade\IniciacaoCientifica\grn\.env\Lib\site-packages\ipykernel\iostream.py
cfn=schedule
calls=2 331
643 133900

fl=c:\Users\Pedro\faculdade\IniciacaoCientifica\grn\.env\Lib\site-packages\ipykernel\iostream.py
fn=_schedule_in_thread
653 5900
cfl=c:\Users\Pedro\faculdade\IniciacaoCientifica\grn\.env\Lib\site-packages\tornado\ioloop.py
cfn=call_later
calls=2 604
653 64900

fl=c:\Users\Pedro\faculdade\IniciacaoCientifica\grn\.env\Lib\site-packages\ipykernel\iostream.py
fn=write
721 3458500
cfl=c:\Users\Pedro\faculdade\IniciacaoCientifica\grn\.env\Lib\site-packages\dateutil\tz\tz.py
cfn=utcoffset
calls=1 74
721 500
cfl=c:\Users\Pedro\faculdade\IniciacaoCientifica\grn\.env\Lib\site-packages\ipykernel\iostream.py
cfn=parent_header
calls=1191 581
721 502600
cfl=c:\Users\Pedro\faculdade\IniciacaoCientifica\grn\.env\Lib\site-packages\ipykernel\iostream.py
cfn=_is_master_process
calls=1191 616
721 518000
cfl=c:\Users\Pedro\faculdade\IniciacaoCientifica\grn\.env\Lib\site-packages\ipykernel\iostream.py
cfn=_schedule_flush
calls=1191 643
721 296800
cfl=~
cfn=<built-in method builtins.isinstance>
calls=1191 0
721 104900
cfl=~
cfn=<built-in method builtins.len>
calls=1191 0
721 134500
cfl=~
cfn=<method '__enter__' of '_thread.RLock' objects>
calls=1191 0
721 230600
cfl=~
cfn=<method '__exit__' of '_thread.RLock' objects>
calls=1191 0
721 188600
cfl=~
cfn=<method 'items' of 'dict' objects>
calls=1191 0
721 161000
cfl=~
cfn=<method 'write' of '_io.StringIO' objects>
calls=1191 0
721 257800

fl=c:\Users\Pedro\faculdade\IniciacaoCientifica\grn\.env\Lib\site-packages\numpy\_core\_asarray.py
fn=require
22 11700
cfl=~
cfn=<built-in method numpy.array>
calls=6 0
22 6100
cfl=~
cfn=<method 'upper' of 'str' objects>
calls=6 0
22 1100

fl=c:\Users\Pedro\faculdade\IniciacaoCientifica\grn\.env\Lib\site-packages\numpy\_core\_internal.py
fn=npy_ctypes_check
946 8000

fl=c:\Users\Pedro\faculdade\IniciacaoCientifica\grn\.env\Lib\site-packages\numpy\_core\_methods.py
fn=_any
55 1700
cfl=~
cfn=<method 'reduce' of 'numpy.ufunc' objects>
calls=4 0
55 4500

fl=c:\Users\Pedro\faculdade\IniciacaoCientifica\grn\.env\Lib\site-packages\numpy\_core\_methods.py
fn=_all
64 2800
cfl=~
cfn=<method 'reduce' of 'numpy.ufunc' objects>
calls=2 0
64 17400

fl=c:\Users\Pedro\faculdade\IniciacaoCientifica\grn\.env\Lib\site-packages\numpy\_core\_methods.py
fn=_count_reduce_items
73 7800
cfl=~
cfn=<built-in method numpy.lib.array_utils.normalize_axis_index>
calls=2 0
73 700

fl=c:\Users\Pedro\faculdade\IniciacaoCientifica\grn\.env\Lib\site-packages\numpy\_core\_methods.py
fn=_clip
96 9400

fl=c:\Users\Pedro\faculdade\IniciacaoCientifica\grn\.env\Lib\site-packages\numpy\_core\_methods.py
fn=_mean
115 7800
cfl=c:\Users\Pedro\faculdade\IniciacaoCientifica\grn\.env\Lib\site-packages\numpy\_core\_methods.py
cfn=_count_reduce_items
calls=1 73
115 2800
cfl=~
cfn=<built-in method builtins.hasattr>
calls=1 0
115 200
cfl=~
cfn=<built-in method builtins.isinstance>
calls=1 0
115 200
cfl=~
cfn=<built-in method builtins.issubclass>
calls=2 0
115 400
cfl=~
cfn=<built-in method numpy.asanyarray>
calls=1 0
115 200
cfl=~
cfn=<method 'reduce' of 'numpy.ufunc' objects>
calls=1 0
115 1500

fl=c:\Users\Pedro\faculdade\IniciacaoCientifica\grn\.env\Lib\site-packages\numpy\_core\_methods.py
fn=_var
148 29300
cfl=c:\Users\Pedro\faculdade\IniciacaoCientifica\grn\.env\Lib\site-packages\numpy\_core\_methods.py
cfn=_count_reduce_items
calls=1 73
148 5700
cfl=~
cfn=<built-in method builtins.hasattr>
calls=1 0
148 800
cfl=~
cfn=<built-in method builtins.isinstance>
calls=2 0
148 800
cfl=~
cfn=<built-in method builtins.issubclass>
calls=2 0
148 600
cfl=~
cfn=<built-in method numpy.asanyarray>
calls=1 0
148 200
cfl=~
cfn=<method 'reduce' of 'numpy.ufunc' objects>
calls=2 0
148 4200

fl=c:\Users\Pedro\faculdade\IniciacaoCientifica\grn\.env\Lib\site-packages\numpy\_core\_methods.py
fn=_std
217 8900
cfl=c:\Users\Pedro\faculdade\IniciacaoCientifica\grn\.env\Lib\site-packages\numpy\_core\_methods.py
cfn=_var
calls=1 148
217 41600
cfl=~
cfn=<built-in method builtins.hasattr>
calls=1 0
217 300
cfl=~
cfn=<built-in method builtins.isinstance>
calls=1 0
217 300

fl=c:\Users\Pedro\faculdade\IniciacaoCientifica\grn\.env\Lib\site-packages\numpy\_core\_ufunc_config.py
fn=__init__
462 300

fl=c:\Users\Pedro\faculdade\IniciacaoCientifica\grn\.env\Lib\site-packages\numpy\_core\_ufunc_config.py
fn=__enter__
472 3300
cfl=~
cfn=<built-in method numpy._core._multiarray_umath._make_extobj>
calls=1 0
472 1100
cfl=~
cfn=<method 'set' of '_contextvars.ContextVar' objects>
calls=1 0
472 1400

fl=c:\Users\Pedro\faculdade\IniciacaoCientifica\grn\.env\Lib\site-packages\numpy\_core\_ufunc_config.py
fn=__exit__
488 1100
cfl=~
cfn=<method 'reset' of '_contextvars.ContextVar' objects>
calls=1 0
488 1500

fl=c:\Users\Pedro\faculdade\IniciacaoCientifica\grn\.env\Lib\site-packages\numpy\_core\_ufunc_config.py
fn=inner
496 53500
cfl=~
cfn=<built-in method numpy._core._multiarray_umath._make_extobj>
calls=1 0
496 500
cfl=~
cfn=<method 'reset' of '_contextvars.ContextVar' objects>
calls=1 0
496 400
cfl=~
cfn=<method 'set' of '_contextvars.ContextVar' objects>
calls=1 0
496 300

fl=c:\Users\Pedro\faculdade\IniciacaoCientifica\grn\.env\Lib\site-packages\numpy\_core\einsumfunc.py
fn=_einsum_dispatcher
1236 1500

fl=c:\Users\Pedro\faculdade\IniciacaoCientifica\grn\.env\Lib\site-packages\numpy\_core\einsumfunc.py
fn=einsum
1244 1700
cfl=~
cfn=<built-in method numpy._core._multiarray_umath.c_einsum>
calls=1 0
1244 8300

fl=c:\Users\Pedro\faculdade\IniciacaoCientifica\grn\.env\Lib\site-packages\numpy\_core\fromnumeric.py
fn=_wrapit
38 27500
cfl=~
cfn=<built-in method builtins.getattr>
calls=2 0
38 1500
cfl=~
cfn=<method 'as_arrays' of 'numpy._core._multiarray_umath._array_converter' objects>
calls=2 0
38 2200
cfl=~
cfn=<method 'squeeze' of 'numpy.ndarray' objects>
calls=2 0
38 1600
cfl=~
cfn=<method 'wrap' of 'numpy._core._multiarray_umath._array_converter' objects>
calls=2 0
38 1600

fl=c:\Users\Pedro\faculdade\IniciacaoCientifica\grn\.env\Lib\site-packages\numpy\_core\fromnumeric.py
fn=_wrapfunc
48 4300
cfl=~
cfn=<built-in method builtins.getattr>
calls=3 0
48 1500
cfl=~
cfn=<method 'argmin' of 'numpy.ndarray' objects>
calls=2 0
48 14100
cfl=~
cfn=<method 'clip' of 'numpy.ndarray' objects>
calls=1 0
48 15100

fl=c:\Users\Pedro\faculdade\IniciacaoCientifica\grn\.env\Lib\site-packages\numpy\_core\fromnumeric.py
fn=_wrapreduction
66 10800
cfl=~
cfn=<built-in method builtins.getattr>
calls=2 0
66 5000
cfl=~
cfn=<method 'items' of 'dict' objects>
calls=2 0
66 800
cfl=~
cfn=<method 'reduce' of 'numpy.ufunc' objects>
calls=2 0
66 14500

fl=c:\Users\Pedro\faculdade\IniciacaoCientifica\grn\.env\Lib\site-packages\numpy\_core\fromnumeric.py
fn=_wrapreduction_any_all
86 34900
cfl=~
cfn=<built-in method builtins.getattr>
calls=7 0
86 6000
cfl=~
cfn=<method 'all' of 'numpy.generic' objects>
calls=1 0
86 18300
cfl=~
cfn=<method 'any' of 'numpy.generic' objects>
calls=2 0
86 6200
cfl=~
cfn=<method 'items' of 'dict' objects>
calls=15 0
86 3300
cfl=~
cfn=<method 'reduce' of 'numpy.ufunc' objects>
calls=12 0
86 65000

fl=c:\Users\Pedro\faculdade\IniciacaoCientifica\grn\.env\Lib\site-packages\numpy\_core\fromnumeric.py
fn=_argmin_dispatcher
1317 300

fl=c:\Users\Pedro\faculdade\IniciacaoCientifica\grn\.env\Lib\site-packages\numpy\_core\fromnumeric.py
fn=argmin
1321 4600
cfl=c:\Users\Pedro\faculdade\IniciacaoCientifica\grn\.env\Lib\site-packages\numpy\_core\fromnumeric.py
cfn=_wrapfunc
calls=2 48
1321 17800

fl=c:\Users\Pedro\faculdade\IniciacaoCientifica\grn\.env\Lib\site-packages\numpy\_core\fromnumeric.py
fn=_squeeze_dispatcher
1592 300

fl=c:\Users\Pedro\faculdade\IniciacaoCientifica\grn\.env\Lib\site-packages\numpy\_core\fromnumeric.py
fn=squeeze
1596 7500
cfl=c:\Users\Pedro\faculdade\IniciacaoCientifica\grn\.env\Lib\site-packages\numpy\_core\fromnumeric.py
cfn=_wrapit
calls=2 38
1596 34400

fl=c:\Users\Pedro\faculdade\IniciacaoCientifica\grn\.env\Lib\site-packages\numpy\_core\fromnumeric.py
fn=_ravel_dispatcher
1875 300

fl=c:\Users\Pedro\faculdade\IniciacaoCientifica\grn\.env\Lib\site-packages\numpy\_core\fromnumeric.py
fn=ravel
1879 1500
cfl=~
cfn=<built-in method builtins.isinstance>
calls=1 0
1879 100
cfl=~
cfn=<built-in method numpy.asanyarray>
calls=1 0
1879 100
cfl=~
cfn=<method 'ravel' of 'numpy.ndarray' objects>
calls=1 0
1879 500

fl=c:\Users\Pedro\faculdade\IniciacaoCientifica\grn\.env\Lib\site-packages\numpy\_core\fromnumeric.py
fn=_shape_dispatcher
2080 900

fl=c:\Users\Pedro\faculdade\IniciacaoCientifica\grn\.env\Lib\site-packages\numpy\_core\fromnumeric.py
fn=shape
2084 2500

fl=c:\Users\Pedro\faculdade\IniciacaoCientifica\grn\.env\Lib\site-packages\numpy\_core\fromnumeric.py
fn=_clip_dispatcher
2202 200

fl=c:\Users\Pedro\faculdade\IniciacaoCientifica\grn\.env\Lib\site-packages\numpy\_core\fromnumeric.py
fn=clip
2207 1400
cfl=c:\Users\Pedro\faculdade\IniciacaoCientifica\grn\.env\Lib\site-packages\numpy\_core\fromnumeric.py
cfn=_wrapfunc
calls=1 48
2207 17200

fl=c:\Users\Pedro\faculdade\IniciacaoCientifica\grn\.env\Lib\site-packages\numpy\_core\fromnumeric.py
fn=_sum_dispatcher
2299 300

fl=c:\Users\Pedro\faculdade\IniciacaoCientifica\grn\.env\Lib\site-packages\numpy\_core\fromnumeric.py
fn=sum
2304 7300
cfl=c:\Users\Pedro\faculdade\IniciacaoCientifica\grn\.env\Lib\site-packages\numpy\_core\fromnumeric.py
cfn=_wrapreduction
calls=1 66
2304 24000
cfl=~
cfn=<built-in method builtins.isinstance>
calls=1 0
2304 700

fl=c:\Users\Pedro\faculdade\IniciacaoCientifica\grn\.env\Lib\site-packages\numpy\_core\fromnumeric.py
fn=_any_dispatcher
2431 1300

fl=c:\Users\Pedro\faculdade\IniciacaoCientifica\grn\.env\Lib\site-packages\numpy\_core\fromnumeric.py
fn=any
2436 6400
cfl=c:\Users\Pedro\faculdade\IniciacaoCientifica\grn\.env\Lib\site-packages\numpy\_core\fromnumeric.py
cfn=_wrapreduction_any_all
calls=8 86
2436 47000

fl=c:\Users\Pedro\faculdade\IniciacaoCientifica\grn\.env\Lib\site-packages\numpy\_core\fromnumeric.py
fn=_all_dispatcher
2543 1600

fl=c:\Users\Pedro\faculdade\IniciacaoCientifica\grn\.env\Lib\site-packages\numpy\_core\fromnumeric.py
fn=all
2548 13000
cfl=c:\Users\Pedro\faculdade\IniciacaoCientifica\grn\.env\Lib\site-packages\numpy\_core\fromnumeric.py
cfn=_wrapreduction_any_all
calls=7 86
2548 86700

fl=c:\Users\Pedro\faculdade\IniciacaoCientifica\grn\.env\Lib\site-packages\numpy\_core\fromnumeric.py
fn=_prod_dispatcher
3282 200

fl=c:\Users\Pedro\faculdade\IniciacaoCientifica\grn\.env\Lib\site-packages\numpy\_core\fromnumeric.py
fn=prod
3287 1700
cfl=c:\Users\Pedro\faculdade\IniciacaoCientifica\grn\.env\Lib\site-packages\numpy\_core\fromnumeric.py
cfn=_wrapreduction
calls=1 66
3287 7100

fl=c:\Users\Pedro\faculdade\IniciacaoCientifica\grn\.env\Lib\site-packages\numpy\_core\fromnumeric.py
fn=_ndim_dispatcher
3478 400

fl=c:\Users\Pedro\faculdade\IniciacaoCientifica\grn\.env\Lib\site-packages\numpy\_core\fromnumeric.py
fn=ndim
3482 3900
cfl=~
cfn=<built-in method numpy.asarray>
calls=2 0
3482 1300

fl=c:\Users\Pedro\faculdade\IniciacaoCientifica\grn\.env\Lib\site-packages\numpy\_core\fromnumeric.py
fn=_size_dispatcher
3521 1100

fl=c:\Users\Pedro\faculdade\IniciacaoCientifica\grn\.env\Lib\site-packages\numpy\_core\fromnumeric.py
fn=size
3525 42300
cfl=<frozen importlib._bootstrap>
cfn=parent
calls=6 648
3525 7400
cfl=c:\Users\Pedro\faculdade\IniciacaoCientifica\grn\.env\Lib\site-packages\numpy\_core\fromnumeric.py
cfn=_shape_dispatcher
calls=6 2080
3525 900
cfl=c:\Users\Pedro\faculdade\IniciacaoCientifica\grn\.env\Lib\site-packages\numpy\_core\fromnumeric.py
cfn=shape
calls=6 2084
3525 2500
cfl=c:\Users\Pedro\faculdade\IniciacaoCientifica\grn\.env\Lib\site-packages\numpy\_core\numeric.py
cfn=normalize_axis_tuple
calls=6 1431
3525 45500
cfl=~
cfn=<built-in method builtins.len>
calls=6 0
3525 1400
cfl=~
cfn=<built-in method math.prod>
calls=6 0
3525 8000

fl=c:\Users\Pedro\faculdade\IniciacaoCientifica\grn\.env\Lib\site-packages\numpy\_core\fromnumeric.py
fn=<genexpr>
3575 2300

fl=c:\Users\Pedro\faculdade\IniciacaoCientifica\grn\.env\Lib\site-packages\numpy\_core\fromnumeric.py
fn=_mean_dispatcher
3694 300

fl=c:\Users\Pedro\faculdade\IniciacaoCientifica\grn\.env\Lib\site-packages\numpy\_core\fromnumeric.py
fn=mean
3699 5300
cfl=c:\Users\Pedro\faculdade\IniciacaoCientifica\grn\.env\Lib\site-packages\numpy\_core\_methods.py
cfn=_mean
calls=1 115
3699 13100

fl=c:\Users\Pedro\faculdade\IniciacaoCientifica\grn\.env\Lib\site-packages\numpy\_core\fromnumeric.py
fn=_std_dispatcher
3828 200

fl=c:\Users\Pedro\faculdade\IniciacaoCientifica\grn\.env\Lib\site-packages\numpy\_core\fromnumeric.py
fn=std
3833 4500
cfl=c:\Users\Pedro\faculdade\IniciacaoCientifica\grn\.env\Lib\site-packages\numpy\_core\_methods.py
cfn=_std
calls=1 217
3833 51100

fl=c:\Users\Pedro\faculdade\IniciacaoCientifica\grn\.env\Lib\site-packages\numpy\_core\function_base.py
fn=_linspace_dispatcher
22 200

fl=c:\Users\Pedro\faculdade\IniciacaoCientifica\grn\.env\Lib\site-packages\numpy\_core\function_base.py
fn=linspace
27 21100
cfl=c:\Users\Pedro\faculdade\IniciacaoCientifica\grn\.env\Lib\site-packages\numpy\_core\fromnumeric.py
cfn=_ndim_dispatcher
calls=1 3478
27 100
cfl=c:\Users\Pedro\faculdade\IniciacaoCientifica\grn\.env\Lib\site-packages\numpy\_core\fromnumeric.py
cfn=ndim
calls=1 3482
27 600
cfl=c:\Users\Pedro\faculdade\IniciacaoCientifica\grn\.env\Lib\site-packages\numpy\_core\numeric.py
cfn=isscalar
calls=1 1975
27 700
cfl=~
cfn=<built-in method _operator.index>
calls=1 0
27 500
cfl=~
cfn=<built-in method numpy.arange>
calls=1 0
27 3800
cfl=~
cfn=<method 'as_arrays' of 'numpy._core._multiarray_umath._array_converter' objects>
calls=1 0
27 700
cfl=~
cfn=<method 'astype' of 'numpy.ndarray' objects>
calls=1 0
27 600
cfl=~
cfn=<method 'reshape' of 'numpy.ndarray' objects>
calls=1 0
27 1400
cfl=~
cfn=<method 'result_type' of 'numpy._core._multiarray_umath._array_converter' objects>
calls=1 0
27 1000
cfl=~
cfn=<method 'wrap' of 'numpy._core._multiarray_umath._array_converter' objects>
calls=1 0
27 400

fl=c:\Users\Pedro\faculdade\IniciacaoCientifica\grn\.env\Lib\site-packages\numpy\_core\getlimits.py
fn=__new__
178 2300
cfl=~
cfn=<method 'get' of 'dict' objects>
calls=4 0
178 1300

fl=c:\Users\Pedro\faculdade\IniciacaoCientifica\grn\.env\Lib\site-packages\numpy\_core\multiarray.py
fn=empty_like
115 200

fl=c:\Users\Pedro\faculdade\IniciacaoCientifica\grn\.env\Lib\site-packages\numpy\_core\multiarray.py
fn=concatenate
197 1300

fl=c:\Users\Pedro\faculdade\IniciacaoCientifica\grn\.env\Lib\site-packages\numpy\_core\multiarray.py
fn=where
403 1000

fl=c:\Users\Pedro\faculdade\IniciacaoCientifica\grn\.env\Lib\site-packages\numpy\_core\multiarray.py
fn=copyto
1085 8800

fl=c:\Users\Pedro\faculdade\IniciacaoCientifica\grn\.env\Lib\site-packages\numpy\_core\multiarray.py
fn=putmask
1135 900

fl=c:\Users\Pedro\faculdade\IniciacaoCientifica\grn\.env\Lib\site-packages\numpy\_core\multiarray.py
fn=may_share_memory
1397 6000

fl=c:\Users\Pedro\faculdade\IniciacaoCientifica\grn\.env\Lib\site-packages\numpy\_core\numeric.py
fn=_zeros_like_dispatcher
91 200

fl=c:\Users\Pedro\faculdade\IniciacaoCientifica\grn\.env\Lib\site-packages\numpy\_core\numeric.py
fn=zeros_like
97 7700
cfl=c:\Users\Pedro\faculdade\IniciacaoCientifica\grn\.env\Lib\site-packages\numpy\_core\multiarray.py
cfn=empty_like
calls=1 115
97 100
cfl=c:\Users\Pedro\faculdade\IniciacaoCientifica\grn\.env\Lib\site-packages\numpy\_core\multiarray.py
cfn=copyto
calls=1 1085
97 100
cfl=~
cfn=<built-in method numpy.zeros>
calls=1 0
97 700

fl=c:\Users\Pedro\faculdade\IniciacaoCientifica\grn\.env\Lib\site-packages\numpy\_core\numeric.py
fn=ones
170 15600
cfl=c:\Users\Pedro\faculdade\IniciacaoCientifica\grn\.env\Lib\site-packages\numpy\_core\multiarray.py
cfn=copyto
calls=3 1085
170 500
cfl=~
cfn=<built-in method numpy.empty>
calls=3 0
170 5800

fl=c:\Users\Pedro\faculdade\IniciacaoCientifica\grn\.env\Lib\site-packages\numpy\_core\numeric.py
fn=_ones_like_dispatcher
240 200

fl=c:\Users\Pedro\faculdade\IniciacaoCientifica\grn\.env\Lib\site-packages\numpy\_core\numeric.py
fn=ones_like
246 4700
cfl=c:\Users\Pedro\faculdade\IniciacaoCientifica\grn\.env\Lib\site-packages\numpy\_core\multiarray.py
cfn=empty_like
calls=1 115
246 100
cfl=c:\Users\Pedro\faculdade\IniciacaoCientifica\grn\.env\Lib\site-packages\numpy\_core\multiarray.py
cfn=copyto
calls=1 1085
246 100

fl=c:\Users\Pedro\faculdade\IniciacaoCientifica\grn\.env\Lib\site-packages\numpy\_core\numeric.py
fn=full
323 85300
cfl=c:\Users\Pedro\faculdade\IniciacaoCientifica\grn\.env\Lib\site-packages\numpy\_core\multiarray.py
cfn=copyto
calls=71 1085
323 8100
cfl=~
cfn=<built-in method numpy.asarray>
calls=71 0
323 23200
cfl=~
cfn=<built-in method numpy.empty>
calls=71 0
323 21600

fl=c:\Users\Pedro\faculdade\IniciacaoCientifica\grn\.env\Lib\site-packages\numpy\_core\numeric.py
fn=_count_nonzero_dispatcher
479 1100

fl=c:\Users\Pedro\faculdade\IniciacaoCientifica\grn\.env\Lib\site-packages\numpy\_core\numeric.py
fn=count_nonzero
483 6200
cfl=~
cfn=<built-in method numpy._core._multiarray_umath.count_nonzero>
calls=7 0
483 5900

fl=c:\Users\Pedro\faculdade\IniciacaoCientifica\grn\.env\Lib\site-packages\numpy\_core\numeric.py
fn=normalize_axis_tuple
1431 33300
cfl=c:\Users\Pedro\faculdade\IniciacaoCientifica\grn\.env\Lib\site-packages\numpy\_core\numeric.py
cfn=<genexpr>
calls=12 1480
1431 7700
cfl=~
cfn=<built-in method _operator.index>
calls=6 0
1431 1000
cfl=~
cfn=<built-in method builtins.isinstance>
calls=6 0
1431 1900
cfl=~
cfn=<built-in method builtins.len>
calls=12 0
1431 1600

fl=c:\Users\Pedro\faculdade\IniciacaoCientifica\grn\.env\Lib\site-packages\numpy\_core\numeric.py
fn=<genexpr>
1480 5500
cfl=~
cfn=<built-in method numpy.lib.array_utils.normalize_axis_index>
calls=6 0
1480 2200

fl=c:\Users\Pedro\faculdade\IniciacaoCientifica\grn\.env\Lib\site-packages\numpy\_core\numeric.py
fn=isscalar
1975 6500
cfl=~
cfn=<built-in method builtins.isinstance>
calls=21 0
1975 2400

fl=c:\Users\Pedro\faculdade\IniciacaoCientifica\grn\.env\Lib\site-packages\numpy\_core\numeric.py
fn=_array_equal_dispatcher
2516 100

fl=c:\Users\Pedro\faculdade\IniciacaoCientifica\grn\.env\Lib\site-packages\numpy\_core\numeric.py
fn=array_equal
2535 6100
cfl=~
cfn=<built-in method numpy.asanyarray>
calls=1 0
2535 100
cfl=~
cfn=<built-in method numpy.asarray>
calls=2 0
2535 200
cfl=~
cfn=<method 'all' of 'numpy.ndarray' objects>
calls=1 0
2535 9100

fl=c:\Users\Pedro\faculdade\IniciacaoCientifica\grn\.env\Lib\site-packages\numpy\_core\numerictypes.py
fn=issubclass_
293 9900
cfl=~
cfn=<built-in method builtins.issubclass>
calls=28 0
293 6900

fl=c:\Users\Pedro\faculdade\IniciacaoCientifica\grn\.env\Lib\site-packages\numpy\_core\numerictypes.py
fn=_preprocess_dtype
372 22300
cfl=~
cfn=<built-in method builtins.isinstance>
calls=42 0
372 6400
cfl=~
cfn=<method 'values' of 'dict' objects>
calls=21 0
372 2600

fl=c:\Users\Pedro\faculdade\IniciacaoCientifica\grn\.env\Lib\site-packages\numpy\_core\numerictypes.py
fn=isdtype
385 31100
cfl=c:\Users\Pedro\faculdade\IniciacaoCientifica\grn\.env\Lib\site-packages\numpy\_core\numerictypes.py
cfn=_preprocess_dtype
calls=21 372
385 31300
cfl=~
cfn=<built-in method builtins.isinstance>
calls=21 0
385 2400
cfl=~
cfn=<method 'update' of 'set' objects>
calls=21 0
385 6100

fl=c:\Users\Pedro\faculdade\IniciacaoCientifica\grn\.env\Lib\site-packages\numpy\_core\numerictypes.py
fn=issubdtype
475 15900
cfl=c:\Users\Pedro\faculdade\IniciacaoCientifica\grn\.env\Lib\site-packages\numpy\_core\numerictypes.py
cfn=issubclass_
calls=28 293
475 16800
cfl=~
cfn=<built-in method builtins.issubclass>
calls=14 0
475 1500

fl=c:\Users\Pedro\faculdade\IniciacaoCientifica\grn\.env\Lib\site-packages\numpy\_core\shape_base.py
fn=_atleast_1d_dispatcher
15 4300

fl=c:\Users\Pedro\faculdade\IniciacaoCientifica\grn\.env\Lib\site-packages\numpy\_core\shape_base.py
fn=atleast_1d
19 33100
cfl=~
cfn=<built-in method builtins.len>
calls=48 0
19 5000
cfl=~
cfn=<built-in method numpy.asanyarray>
calls=48 0
19 10700
cfl=~
cfn=<method 'reshape' of 'numpy.ndarray' objects>
calls=21 0
19 8100

fl=c:\Users\Pedro\faculdade\IniciacaoCientifica\grn\.env\Lib\site-packages\numpy\_core\shape_base.py
fn=_atleast_2d_dispatcher
74 1600

fl=c:\Users\Pedro\faculdade\IniciacaoCientifica\grn\.env\Lib\site-packages\numpy\_core\shape_base.py
fn=atleast_2d
78 26500
cfl=~
cfn=<built-in method builtins.len>
calls=21 0
78 2000
cfl=~
cfn=<built-in method numpy.asanyarray>
calls=21 0
78 2600
cfl=~
cfn=<method 'append' of 'list' objects>
calls=21 0
78 3200
cfl=~
cfn=<method 'reshape' of 'numpy.ndarray' objects>
calls=1 0
78 600

fl=c:\Users\Pedro\faculdade\IniciacaoCientifica\grn\.env\Lib\site-packages\numpy\lib\_function_base_impl.py
fn=iterable
363 9200
cfl=~
cfn=<built-in method builtins.iter>
calls=5 0
363 1300

fl=c:\Users\Pedro\faculdade\IniciacaoCientifica\grn\.env\Lib\site-packages\numpy\lib\_function_base_impl.py
fn=_copy_dispatcher
920 4600

fl=c:\Users\Pedro\faculdade\IniciacaoCientifica\grn\.env\Lib\site-packages\numpy\lib\_function_base_impl.py
fn=copy
924 11400
cfl=~
cfn=<built-in method numpy.array>
calls=42 0
924 19200

fl=c:\Users\Pedro\faculdade\IniciacaoCientifica\grn\.env\Lib\site-packages\numpy\lib\_stride_tricks_impl.py
fn=_maybe_view_as_subclass
24 1500

fl=c:\Users\Pedro\faculdade\IniciacaoCientifica\grn\.env\Lib\site-packages\numpy\lib\_stride_tricks_impl.py
fn=_broadcast_to
373 31600
cfl=c:\Users\Pedro\faculdade\IniciacaoCientifica\grn\.env\Lib\site-packages\numpy\lib\_function_base_impl.py
cfn=iterable
calls=5 363
373 10500
cfl=c:\Users\Pedro\faculdade\IniciacaoCientifica\grn\.env\Lib\site-packages\numpy\lib\_stride_tricks_impl.py
cfn=_maybe_view_as_subclass
calls=5 24
373 1500
cfl=c:\Users\Pedro\faculdade\IniciacaoCientifica\grn\.env\Lib\site-packages\numpy\lib\_stride_tricks_impl.py
cfn=<genexpr>
calls=10 378
373 1600
cfl=~
cfn=<built-in method numpy.array>
calls=5 0
373 900
cfl=~
cfn=<method '__enter__' of 'numpy.nditer' objects>
calls=5 0
373 1000
cfl=~
cfn=<method '__exit__' of 'numpy.nditer' objects>
calls=5 0
373 1100

fl=c:\Users\Pedro\faculdade\IniciacaoCientifica\grn\.env\Lib\site-packages\numpy\lib\_stride_tricks_impl.py
fn=<genexpr>
378 1600

fl=c:\Users\Pedro\faculdade\IniciacaoCientifica\grn\.env\Lib\site-packages\numpy\lib\_stride_tricks_impl.py
fn=_broadcast_to_dispatcher
396 400

fl=c:\Users\Pedro\faculdade\IniciacaoCientifica\grn\.env\Lib\site-packages\numpy\lib\_stride_tricks_impl.py
fn=broadcast_to
400 1600
cfl=c:\Users\Pedro\faculdade\IniciacaoCientifica\grn\.env\Lib\site-packages\numpy\lib\_stride_tricks_impl.py
cfn=_broadcast_to
calls=4 373
400 29500

fl=c:\Users\Pedro\faculdade\IniciacaoCientifica\grn\.env\Lib\site-packages\numpy\lib\_stride_tricks_impl.py
fn=_broadcast_shape
446 4000
cfl=~
cfn=<built-in method builtins.len>
calls=1 0
446 100

fl=c:\Users\Pedro\faculdade\IniciacaoCientifica\grn\.env\Lib\site-packages\numpy\lib\_stride_tricks_impl.py
fn=_broadcast_arrays_dispatcher
510 100

fl=c:\Users\Pedro\faculdade\IniciacaoCientifica\grn\.env\Lib\site-packages\numpy\lib\_stride_tricks_impl.py
fn=broadcast_arrays
514 7600
cfl=c:\Users\Pedro\faculdade\IniciacaoCientifica\grn\.env\Lib\site-packages\numpy\lib\_stride_tricks_impl.py
cfn=_broadcast_to
calls=1 373
514 18700
cfl=c:\Users\Pedro\faculdade\IniciacaoCientifica\grn\.env\Lib\site-packages\numpy\lib\_stride_tricks_impl.py
cfn=_broadcast_shape
calls=1 446
514 4100
cfl=~
cfn=<built-in method numpy.array>
calls=3 0
514 500

fl=c:\Users\Pedro\faculdade\IniciacaoCientifica\grn\.env\Lib\site-packages\pandas\_config\__init__.py
fn=using_string_dtype
33 5900

fl=c:\Users\Pedro\faculdade\IniciacaoCientifica\grn\.env\Lib\site-packages\pandas\_config\config.py
fn=_get_single_key
127 34200
cfl=c:\Users\Pedro\faculdade\IniciacaoCientifica\grn\.env\Lib\site-packages\pandas\_config\config.py
cfn=_select_options
calls=27 650
127 6800
cfl=c:\Users\Pedro\faculdade\IniciacaoCientifica\grn\.env\Lib\site-packages\pandas\_config\config.py
cfn=_translate_key
calls=27 703
127 12600
cfl=c:\Users\Pedro\faculdade\IniciacaoCientifica\grn\.env\Lib\site-packages\pandas\_config\config.py
cfn=_warn_if_deprecated
calls=27 715
127 21200
cfl=~
cfn=<built-in method builtins.len>
calls=54 0
127 4100

fl=c:\Users\Pedro\faculdade\IniciacaoCientifica\grn\.env\Lib\site-packages\pandas\_config\config.py
fn=get_option
143 22200
cfl=c:\Users\Pedro\faculdade\IniciacaoCientifica\grn\.env\Lib\site-packages\pandas\_config\config.py
cfn=_get_single_key
calls=27 127
143 78900
cfl=c:\Users\Pedro\faculdade\IniciacaoCientifica\grn\.env\Lib\site-packages\pandas\_config\config.py
cfn=_get_root
calls=27 668
143 25900

fl=c:\Users\Pedro\faculdade\IniciacaoCientifica\grn\.env\Lib\site-packages\pandas\_config\config.py
fn=_select_options
650 6800

fl=c:\Users\Pedro\faculdade\IniciacaoCientifica\grn\.env\Lib\site-packages\pandas\_config\config.py
fn=_get_root
668 18500
cfl=~
cfn=<method 'split' of 'str' objects>
calls=27 0
668 7400

fl=c:\Users\Pedro\faculdade\IniciacaoCientifica\grn\.env\Lib\site-packages\pandas\_config\config.py
fn=_get_deprecated_option
676 18200

fl=c:\Users\Pedro\faculdade\IniciacaoCientifica\grn\.env\Lib\site-packages\pandas\_config\config.py
fn=_translate_key
703 6400
cfl=c:\Users\Pedro\faculdade\IniciacaoCientifica\grn\.env\Lib\site-packages\pandas\_config\config.py
cfn=_get_deprecated_option
calls=27 676
703 6200

fl=c:\Users\Pedro\faculdade\IniciacaoCientifica\grn\.env\Lib\site-packages\pandas\_config\config.py
fn=_warn_if_deprecated
715 9200
cfl=c:\Users\Pedro\faculdade\IniciacaoCientifica\grn\.env\Lib\site-packages\pandas\_config\config.py
cfn=_get_deprecated_option
calls=27 676
715 12000

fl=c:\Users\Pedro\faculdade\IniciacaoCientifica\grn\.env\Lib\site-packages\pandas\core\arrays\_mixins.py
fn=_box_func
107 1000

fl=c:\Users\Pedro\faculdade\IniciacaoCientifica\grn\.env\Lib\site-packages\pandas\core\arrays\_mixins.py
fn=__getitem__
287 35100
cfl=c:\Users\Pedro\faculdade\IniciacaoCientifica\grn\.env\Lib\site-packages\pandas\core\arrays\_mixins.py
cfn=_box_func
calls=12 107
287 1000
cfl=c:\Users\Pedro\faculdade\IniciacaoCientifica\grn\.env\Lib\site-packages\pandas\core\construction.py
cfn=extract_array
calls=10 430
287 4700
cfl=c:\Users\Pedro\faculdade\IniciacaoCientifica\grn\.env\Lib\site-packages\pandas\core\indexers\utils.py
cfn=getitem_returns_view
calls=10 416
287 26000
cfl=c:\Users\Pedro\faculdade\IniciacaoCientifica\grn\.env\Lib\site-packages\pandas\core\indexers\utils.py
cfn=check_array_indexer
calls=10 441
287 6900

fl=c:\Users\Pedro\faculdade\IniciacaoCientifica\grn\.env\Lib\site-packages\pandas\core\arrays\base.py
fn=__iter__
559 3800
cfl=c:\Users\Pedro\faculdade\IniciacaoCientifica\grn\.env\Lib\site-packages\pandas\core\arrays\_mixins.py
cfn=__getitem__
calls=12 287
559 8000
cfl=~
cfn=<built-in method builtins.len>
calls=1 0
559 100

fl=c:\Users\Pedro\faculdade\IniciacaoCientifica\grn\.env\Lib\site-packages\pandas\core\arrays\numpy_.py
fn=dtype
179 14800

fl=c:\Users\Pedro\faculdade\IniciacaoCientifica\grn\.env\Lib\site-packages\pandas\core\arrays\numpy_.py
fn=astype
272 25400
cfl=c:\Users\Pedro\faculdade\IniciacaoCientifica\grn\.env\Lib\site-packages\numpy\_core\_internal.py
cfn=npy_ctypes_check
calls=12 946
272 2700
cfl=c:\Users\Pedro\faculdade\IniciacaoCientifica\grn\.env\Lib\site-packages\pandas\core\arrays\numpy_.py
cfn=dtype
calls=12 179
272 1300
cfl=c:\Users\Pedro\faculdade\IniciacaoCientifica\grn\.env\Lib\site-packages\pandas\core\arrays\string_.py
cfn=__repr__
calls=12 232
272 6800
cfl=c:\Users\Pedro\faculdade\IniciacaoCientifica\grn\.env\Lib\site-packages\pandas\core\arrays\string_.py
cfn=__eq__
calls=12 236
272 7100
cfl=c:\Users\Pedro\faculdade\IniciacaoCientifica\grn\.env\Lib\site-packages\pandas\core\dtypes\astype.py
cfn=astype_array
calls=12 160
272 16700
cfl=c:\Users\Pedro\faculdade\IniciacaoCientifica\grn\.env\Lib\site-packages\pandas\core\dtypes\common.py
cfn=pandas_dtype
calls=12 1821
272 7700

fl=c:\Users\Pedro\faculdade\IniciacaoCientifica\grn\.env\Lib\site-packages\pandas\core\arrays\numpy_.py
fn=isna
283 4500
cfl=c:\Users\Pedro\faculdade\IniciacaoCientifica\grn\.env\Lib\site-packages\pandas\core\dtypes\missing.py
cfn=isna
calls=12 97
283 95000

fl=c:\Users\Pedro\faculdade\IniciacaoCientifica\grn\.env\Lib\site-packages\pandas\core\arrays\string_.py
fn=name
141 700

fl=c:\Users\Pedro\faculdade\IniciacaoCientifica\grn\.env\Lib\site-packages\pandas\core\arrays\string_.py
fn=na_value
150 1700

fl=c:\Users\Pedro\faculdade\IniciacaoCientifica\grn\.env\Lib\site-packages\pandas\core\arrays\string_.py
fn=storage
174 9100

fl=c:\Users\Pedro\faculdade\IniciacaoCientifica\grn\.env\Lib\site-packages\pandas\core\arrays\string_.py
fn=__init__
197 54200
cfl=C:\Users\Pedro\AppData\Local\Python\pythoncore-3.14-64\Lib\typing.py
cfn=cast
calls=19 2300
197 1800
cfl=c:\Users\Pedro\faculdade\IniciacaoCientifica\grn\.env\Lib\site-packages\pandas\_config\config.py
cfn=get_option
calls=19 143
197 95100
cfl=~
cfn=<built-in method builtins.isinstance>
calls=19 0
197 1500

fl=c:\Users\Pedro\faculdade\IniciacaoCientifica\grn\.env\Lib\site-packages\pandas\core\arrays\string_.py
fn=__repr__
232 17000
cfl=c:\Users\Pedro\faculdade\IniciacaoCientifica\grn\.env\Lib\site-packages\pandas\core\arrays\string_.py
cfn=storage
calls=24 174
232 2300

fl=c:\Users\Pedro\faculdade\IniciacaoCientifica\grn\.env\Lib\site-packages\pandas\core\arrays\string_.py
fn=__eq__
236 17600
cfl=c:\Users\Pedro\faculdade\IniciacaoCientifica\grn\.env\Lib\site-packages\pandas\core\arrays\string_.py
cfn=name
calls=5 141
236 700
cfl=~
cfn=<built-in method builtins.isinstance>
calls=64 0
236 5800

fl=c:\Users\Pedro\faculdade\IniciacaoCientifica\grn\.env\Lib\site-packages\pandas\core\arrays\string_.py
fn=type
265 200

fl=c:\Users\Pedro\faculdade\IniciacaoCientifica\grn\.env\Lib\site-packages\pandas\core\arrays\string_.py
fn=construct_array_type
312 20400
cfl=c:\Users\Pedro\faculdade\IniciacaoCientifica\grn\.env\Lib\site-packages\pandas\core\arrays\string_.py
cfn=storage
calls=57 174
312 4800

fl=c:\Users\Pedro\faculdade\IniciacaoCientifica\grn\.env\Lib\site-packages\pandas\core\arrays\string_.py
fn=_from_sequence
756 70200
cfl=c:\Users\Pedro\faculdade\IniciacaoCientifica\grn\.env\Lib\site-packages\pandas\core\arrays\string_.py
cfn=na_value
calls=19 150
756 1600
cfl=c:\Users\Pedro\faculdade\IniciacaoCientifica\grn\.env\Lib\site-packages\pandas\core\arrays\string_.py
cfn=storage
calls=19 174
756 1600
cfl=c:\Users\Pedro\faculdade\IniciacaoCientifica\grn\.env\Lib\site-packages\pandas\core\dtypes\common.py
cfn=pandas_dtype
calls=19 1821
756 13900
cfl=~
cfn=<built-in method __new__ of type object at 0x00007FFE69354D90>
calls=19 0
756 6700
cfl=~
cfn=<built-in method builtins.isinstance>
calls=57 0
756 6600

fl=c:\Users\Pedro\faculdade\IniciacaoCientifica\grn\.env\Lib\site-packages\pandas\core\arrays\string_.py
fn=astype
915 52100
cfl=c:\Users\Pedro\faculdade\IniciacaoCientifica\grn\.env\Lib\site-packages\numpy\_core\_internal.py
cfn=npy_ctypes_check
calls=12 946
915 5300
cfl=c:\Users\Pedro\faculdade\IniciacaoCientifica\grn\.env\Lib\site-packages\numpy\_core\numerictypes.py
cfn=issubdtype
calls=12 475
915 28000
cfl=c:\Users\Pedro\faculdade\IniciacaoCientifica\grn\.env\Lib\site-packages\pandas\core\arrays\numpy_.py
cfn=dtype
calls=12 179
915 1400
cfl=c:\Users\Pedro\faculdade\IniciacaoCientifica\grn\.env\Lib\site-packages\pandas\core\arrays\numpy_.py
cfn=astype
calls=12 272
915 67700
cfl=c:\Users\Pedro\faculdade\IniciacaoCientifica\grn\.env\Lib\site-packages\pandas\core\arrays\string_.py
cfn=__repr__
calls=12 232
915 12500
cfl=c:\Users\Pedro\faculdade\IniciacaoCientifica\grn\.env\Lib\site-packages\pandas\core\arrays\string_.py
cfn=__eq__
calls=12 236
915 8700
cfl=c:\Users\Pedro\faculdade\IniciacaoCientifica\grn\.env\Lib\site-packages\pandas\core\dtypes\common.py
cfn=pandas_dtype
calls=12 1821
915 188700
cfl=~
cfn=<built-in method builtins.isinstance>
calls=36 0
915 3200

fl=c:\Users\Pedro\faculdade\IniciacaoCientifica\grn\.env\Lib\site-packages\pandas\core\base.py
fn=__iter__
931 2000
cfl=c:\Users\Pedro\faculdade\IniciacaoCientifica\grn\.env\Lib\site-packages\pandas\core\indexes\base.py
cfn=_values
calls=2 5101
931 100
cfl=~
cfn=<built-in method builtins.isinstance>
calls=1 0
931 200
cfl=~
cfn=<built-in method builtins.iter>
calls=1 0
931 600

fl=c:\Users\Pedro\faculdade\IniciacaoCientifica\grn\.env\Lib\site-packages\pandas\core\common.py
fn=all_none
197 2200
cfl=c:\Users\Pedro\faculdade\IniciacaoCientifica\grn\.env\Lib\site-packages\pandas\core\common.py
cfn=<genexpr>
calls=2 201
197 600

fl=c:\Users\Pedro\faculdade\IniciacaoCientifica\grn\.env\Lib\site-packages\pandas\core\common.py
fn=<genexpr>
201 600

fl=c:\Users\Pedro\faculdade\IniciacaoCientifica\grn\.env\Lib\site-packages\pandas\core\common.py
fn=apply_if_callable
377 1300
cfl=~
cfn=<built-in method builtins.callable>
calls=2 0
377 200
cfl=~
cfn=<built-in method builtins.isinstance>
calls=2 0
377 100

fl=c:\Users\Pedro\faculdade\IniciacaoCientifica\grn\.env\Lib\site-packages\pandas\core\common.py
fn=require_length_match
596 11100
cfl=~
cfn=<built-in method builtins.len>
calls=72 0
596 20200

fl=c:\Users\Pedro\faculdade\IniciacaoCientifica\grn\.env\Lib\site-packages\pandas\core\construction.py
fn=extract_array
430 16200
cfl=~
cfn=<built-in method builtins.getattr>
calls=50 0
430 3900

fl=c:\Users\Pedro\faculdade\IniciacaoCientifica\grn\.env\Lib\site-packages\pandas\core\construction.py
fn=ensure_wrapped_if_datetimelike
495 11100
cfl=~
cfn=<built-in method builtins.isinstance>
calls=29 0
495 2700

fl=c:\Users\Pedro\faculdade\IniciacaoCientifica\grn\.env\Lib\site-packages\pandas\core\construction.py
fn=sanitize_array
531 226700
cfl=C:\Users\Pedro\AppData\Local\Python\pythoncore-3.14-64\Lib\typing.py
cfn=cast
calls=25 2300
531 2500
cfl=c:\Users\Pedro\faculdade\IniciacaoCientifica\grn\.env\Lib\site-packages\numpy\_core\numeric.py
cfn=full
calls=19 323
531 31300
cfl=c:\Users\Pedro\faculdade\IniciacaoCientifica\grn\.env\Lib\site-packages\pandas\_config\__init__.py
cfn=using_string_dtype
calls=9 33
531 4100
cfl=c:\Users\Pedro\faculdade\IniciacaoCientifica\grn\.env\Lib\site-packages\pandas\core\arrays\numpy_.py
cfn=dtype
calls=10 179
531 1000
cfl=c:\Users\Pedro\faculdade\IniciacaoCientifica\grn\.env\Lib\site-packages\pandas\core\arrays\string_.py
cfn=storage
calls=5 174
531 400
cfl=c:\Users\Pedro\faculdade\IniciacaoCientifica\grn\.env\Lib\site-packages\pandas\core\arrays\string_.py
cfn=__init__
calls=9 197
531 95500
cfl=c:\Users\Pedro\faculdade\IniciacaoCientifica\grn\.env\Lib\site-packages\pandas\core\arrays\string_.py
cfn=__eq__
calls=5 236
531 3700
cfl=c:\Users\Pedro\faculdade\IniciacaoCientifica\grn\.env\Lib\site-packages\pandas\core\arrays\string_.py
cfn=construct_array_type
calls=9 312
531 16200
cfl=c:\Users\Pedro\faculdade\IniciacaoCientifica\grn\.env\Lib\site-packages\pandas\core\arrays\string_.py
cfn=_from_sequence
calls=9 756
531 62300
cfl=c:\Users\Pedro\faculdade\IniciacaoCientifica\grn\.env\Lib\site-packages\pandas\core\construction.py
cfn=extract_array
calls=40 430
531 15400
cfl=c:\Users\Pedro\faculdade\IniciacaoCientifica\grn\.env\Lib\site-packages\pandas\core\construction.py
cfn=_sanitize_non_ordered
calls=4 710
531 2200
cfl=c:\Users\Pedro\faculdade\IniciacaoCientifica\grn\.env\Lib\site-packages\pandas\core\construction.py
cfn=_sanitize_ndim
calls=40 718
531 62500
cfl=c:\Users\Pedro\faculdade\IniciacaoCientifica\grn\.env\Lib\site-packages\pandas\core\construction.py
cfn=_sanitize_str_dtypes
calls=21 757
531 9600
cfl=c:\Users\Pedro\faculdade\IniciacaoCientifica\grn\.env\Lib\site-packages\pandas\core\dtypes\cast.py
cfn=maybe_convert_platform
calls=4 127
531 80800
cfl=~
cfn=<built-in method builtins.hasattr>
calls=4 0
531 500
cfl=~
cfn=<built-in method builtins.isinstance>
calls=366 0
531 108900
cfl=~
cfn=<built-in method builtins.len>
calls=4 0
531 400

fl=c:\Users\Pedro\faculdade\IniciacaoCientifica\grn\.env\Lib\site-packages\pandas\core\construction.py
fn=_sanitize_non_ordered
710 1600
cfl=~
cfn=<built-in method builtins.isinstance>
calls=4 0
710 600

fl=c:\Users\Pedro\faculdade\IniciacaoCientifica\grn\.env\Lib\site-packages\pandas\core\construction.py
fn=_sanitize_ndim
718 18900
cfl=c:\Users\Pedro\faculdade\IniciacaoCientifica\grn\.env\Lib\site-packages\pandas\core\construction.py
cfn=_maybe_repeat
calls=40 780
718 37100
cfl=~
cfn=<built-in method builtins.getattr>
calls=40 0
718 6500

fl=c:\Users\Pedro\faculdade\IniciacaoCientifica\grn\.env\Lib\site-packages\pandas\core\construction.py
fn=_sanitize_str_dtypes
757 7200
cfl=~
cfn=<built-in method builtins.issubclass>
calls=21 0
757 2400

fl=c:\Users\Pedro\faculdade\IniciacaoCientifica\grn\.env\Lib\site-packages\pandas\core\construction.py
fn=_maybe_repeat
780 11700
cfl=~
cfn=<built-in method builtins.len>
calls=72 0
780 25400

fl=c:\Users\Pedro\faculdade\IniciacaoCientifica\grn\.env\Lib\site-packages\pandas\core\dtypes\astype.py
fn=astype_array
160 6600
cfl=~
cfn=<method 'copy' of 'numpy.ndarray' objects>
calls=12 0
160 10100

fl=c:\Users\Pedro\faculdade\IniciacaoCientifica\grn\.env\Lib\site-packages\pandas\core\dtypes\base.py
fn=kind
181 1200

fl=c:\Users\Pedro\faculdade\IniciacaoCientifica\grn\.env\Lib\site-packages\pandas\core\dtypes\base.py
fn=index_class
416 6000
cfl=<frozen importlib._bootstrap>
cfn=_handle_fromlist
calls=4 1401
416 4500

fl=c:\Users\Pedro\faculdade\IniciacaoCientifica\grn\.env\Lib\site-packages\pandas\core\dtypes\base.py
fn=_supports_2d
426 1600

fl=c:\Users\Pedro\faculdade\IniciacaoCientifica\grn\.env\Lib\site-packages\pandas\core\dtypes\base.py
fn=find
563 7400
cfl=~
cfn=<built-in method builtins.isinstance>
calls=24 0
563 1900
cfl=~
cfn=<built-in method builtins.issubclass>
calls=12 0
563 900

fl=c:\Users\Pedro\faculdade\IniciacaoCientifica\grn\.env\Lib\site-packages\pandas\core\dtypes\cast.py
fn=maybe_convert_platform
127 37500
cfl=C:\Users\Pedro\AppData\Local\Python\pythoncore-3.14-64\Lib\typing.py
cfn=cast
calls=4 2300
127 500
cfl=c:\Users\Pedro\faculdade\IniciacaoCientifica\grn\.env\Lib\site-packages\numpy\_core\numeric.py
cfn=full
calls=4 323
127 24200
cfl=c:\Users\Pedro\faculdade\IniciacaoCientifica\grn\.env\Lib\site-packages\pandas\core\dtypes\cast.py
cfn=construct_1d_object_array_from_listlike
calls=4 1468
127 18400
cfl=~
cfn=<built-in method builtins.isinstance>
calls=4 0
127 200

fl=c:\Users\Pedro\faculdade\IniciacaoCientifica\grn\.env\Lib\site-packages\pandas\core\dtypes\cast.py
fn=construct_1d_object_array_from_listlike
1468 6600
cfl=~
cfn=<built-in method builtins.len>
calls=4 0
1468 200
cfl=~
cfn=<built-in method numpy.fromiter>
calls=4 0
1468 11600

fl=c:\Users\Pedro\faculdade\IniciacaoCientifica\grn\.env\Lib\site-packages\pandas\core\dtypes\common.py
fn=ensure_python_int
96 1800

fl=c:\Users\Pedro\faculdade\IniciacaoCientifica\grn\.env\Lib\site-packages\pandas\core\dtypes\common.py
fn=classes
126 500

fl=c:\Users\Pedro\faculdade\IniciacaoCientifica\grn\.env\Lib\site-packages\pandas\core\dtypes\common.py
fn=<lambda>
128 400
cfl=~
cfn=<built-in method builtins.issubclass>
calls=1 0
128 100

fl=c:\Users\Pedro\faculdade\IniciacaoCientifica\grn\.env\Lib\site-packages\pandas\core\dtypes\common.py
fn=is_object_dtype
142 3200
cfl=c:\Users\Pedro\faculdade\IniciacaoCientifica\grn\.env\Lib\site-packages\pandas\core\dtypes\common.py
cfn=classes
calls=1 126
142 500
cfl=c:\Users\Pedro\faculdade\IniciacaoCientifica\grn\.env\Lib\site-packages\pandas\core\dtypes\common.py
cfn=_is_dtype_type
calls=1 1659
142 4200

fl=c:\Users\Pedro\faculdade\IniciacaoCientifica\grn\.env\Lib\site-packages\pandas\core\dtypes\common.py
fn=is_string_or_object_np_dtype
603 8600
cfl=c:\Users\Pedro\faculdade\IniciacaoCientifica\grn\.env\Lib\site-packages\pandas\core\arrays\string_.py
cfn=__eq__
calls=1 236
603 700
cfl=c:\Users\Pedro\faculdade\IniciacaoCientifica\grn\.env\Lib\site-packages\pandas\core\dtypes\base.py
cfn=kind
calls=1 181
603 200

fl=c:\Users\Pedro\faculdade\IniciacaoCientifica\grn\.env\Lib\site-packages\pandas\core\dtypes\common.py
fn=is_string_dtype
610 1800
cfl=c:\Users\Pedro\faculdade\IniciacaoCientifica\grn\.env\Lib\site-packages\pandas\core\dtypes\common.py
cfn=_is_dtype
calls=1 1600
610 7300
cfl=~
cfn=<built-in method builtins.hasattr>
calls=1 0
610 200

fl=c:\Users\Pedro\faculdade\IniciacaoCientifica\grn\.env\Lib\site-packages\pandas\core\dtypes\common.py
fn=condition
652 700
cfl=c:\Users\Pedro\faculdade\IniciacaoCientifica\grn\.env\Lib\site-packages\pandas\core\arrays\string_.py
cfn=__eq__
calls=1 236
652 300
cfl=c:\Users\Pedro\faculdade\IniciacaoCientifica\grn\.env\Lib\site-packages\pandas\core\dtypes\common.py
cfn=is_string_or_object_np_dtype
calls=1 603
652 2000

fl=c:\Users\Pedro\faculdade\IniciacaoCientifica\grn\.env\Lib\site-packages\pandas\core\dtypes\common.py
fn=needs_i8_conversion
1204 500
cfl=~
cfn=<built-in method builtins.isinstance>
calls=2 0
1204 400

fl=c:\Users\Pedro\faculdade\IniciacaoCientifica\grn\.env\Lib\site-packages\pandas\core\dtypes\common.py
fn=is_1d_only_ea_dtype
1473 15400
cfl=c:\Users\Pedro\faculdade\IniciacaoCientifica\grn\.env\Lib\site-packages\pandas\core\dtypes\base.py
cfn=_supports_2d
calls=25 426
1473 1600
cfl=~
cfn=<built-in method builtins.isinstance>
calls=56 0
1473 5600

fl=c:\Users\Pedro\faculdade\IniciacaoCientifica\grn\.env\Lib\site-packages\pandas\core\dtypes\common.py
fn=is_ea_or_datetimelike_dtype
1547 4300
cfl=~
cfn=<built-in method builtins.isinstance>
calls=8 0
1547 500

fl=c:\Users\Pedro\faculdade\IniciacaoCientifica\grn\.env\Lib\site-packages\pandas\core\dtypes\common.py
fn=_is_dtype
1600 2300
cfl=c:\Users\Pedro\faculdade\IniciacaoCientifica\grn\.env\Lib\site-packages\pandas\core\dtypes\common.py
cfn=condition
calls=1 652
1600 3000
cfl=c:\Users\Pedro\faculdade\IniciacaoCientifica\grn\.env\Lib\site-packages\pandas\core\dtypes\common.py
cfn=_get_dtype
calls=1 1624
1600 2000

fl=c:\Users\Pedro\faculdade\IniciacaoCientifica\grn\.env\Lib\site-packages\pandas\core\dtypes\common.py
fn=_get_dtype
1624 1000
cfl=c:\Users\Pedro\faculdade\IniciacaoCientifica\grn\.env\Lib\site-packages\pandas\core\dtypes\common.py
cfn=pandas_dtype
calls=1 1821
1624 600
cfl=~
cfn=<built-in method builtins.hasattr>
calls=1 0
1624 100
cfl=~
cfn=<built-in method builtins.isinstance>
calls=2 0
1624 300

fl=c:\Users\Pedro\faculdade\IniciacaoCientifica\grn\.env\Lib\site-packages\pandas\core\dtypes\common.py
fn=_is_dtype_type
1659 2600
cfl=c:\Users\Pedro\faculdade\IniciacaoCientifica\grn\.env\Lib\site-packages\pandas\core\arrays\string_.py
cfn=type
calls=1 265
1659 200
cfl=c:\Users\Pedro\faculdade\IniciacaoCientifica\grn\.env\Lib\site-packages\pandas\core\dtypes\common.py
cfn=<lambda>
calls=1 128
1659 500
cfl=c:\Users\Pedro\faculdade\IniciacaoCientifica\grn\.env\Lib\site-packages\pandas\core\dtypes\common.py
cfn=pandas_dtype
calls=1 1821
1659 500
cfl=~
cfn=<built-in method builtins.hasattr>
calls=1 0
1659 200
cfl=~
cfn=<built-in method builtins.isinstance>
calls=2 0
1659 200

fl=c:\Users\Pedro\faculdade\IniciacaoCientifica\grn\.env\Lib\site-packages\pandas\core\dtypes\common.py
fn=pandas_dtype
1821 66700
cfl=C:\Users\Pedro\AppData\Local\Python\pythoncore-3.14-64\Lib\_py_warnings.py
cfn=simplefilter
calls=12 294
1821 63600
cfl=C:\Users\Pedro\AppData\Local\Python\pythoncore-3.14-64\Lib\_py_warnings.py
cfn=__init__:616
calls=12 616
1821 4100
cfl=C:\Users\Pedro\AppData\Local\Python\pythoncore-3.14-64\Lib\_py_warnings.py
cfn=__enter__
calls=12 639
1821 28900
cfl=C:\Users\Pedro\AppData\Local\Python\pythoncore-3.14-64\Lib\_py_warnings.py
cfn=__exit__
calls=12 668
1821 18500
cfl=c:\Users\Pedro\faculdade\IniciacaoCientifica\grn\.env\Lib\site-packages\pandas\core\dtypes\base.py
cfn=find
calls=12 563
1821 10200
cfl=c:\Users\Pedro\faculdade\IniciacaoCientifica\grn\.env\Lib\site-packages\pandas\core\dtypes\inference.py
cfn=is_hashable
calls=12 387
1821 6300
cfl=~
cfn=<built-in method builtins.isinstance>
calls=90 0
1821 13100

fl=c:\Users\Pedro\faculdade\IniciacaoCientifica\grn\.env\Lib\site-packages\pandas\core\dtypes\concat.py
fn=concat_compat
52 23600
cfl=C:\Users\Pedro\AppData\Local\Python\pythoncore-3.14-64\Lib\typing.py
cfn=cast
calls=12 2300
52 900
cfl=c:\Users\Pedro\faculdade\IniciacaoCientifica\grn\.env\Lib\site-packages\numpy\_core\multiarray.py
cfn=concatenate
calls=12 197
52 1200
cfl=~
cfn=<built-in method builtins.isinstance>
calls=12 0
52 900
cfl=~
cfn=<built-in method builtins.len>
calls=12 0
52 1000

fl=c:\Users\Pedro\faculdade\IniciacaoCientifica\grn\.env\Lib\site-packages\pandas\core\dtypes\generic.py
fn=_check
38 53900
cfl=~
cfn=<built-in method builtins.getattr>
calls=251 0
38 25000

fl=c:\Users\Pedro\faculdade\IniciacaoCientifica\grn\.env\Lib\site-packages\pandas\core\dtypes\generic.py
fn=_instancecheck
43 58100
cfl=c:\Users\Pedro\faculdade\IniciacaoCientifica\grn\.env\Lib\site-packages\pandas\core\dtypes\generic.py
cfn=_check
calls=251 38
43 78900
cfl=~
cfn=<built-in method builtins.isinstance>
calls=24 0
43 2900

fl=c:\Users\Pedro\faculdade\IniciacaoCientifica\grn\.env\Lib\site-packages\pandas\core\dtypes\inference.py
fn=is_file_like
106 2000
cfl=~
cfn=<built-in method builtins.hasattr>
calls=8 0
106 1200

fl=c:\Users\Pedro\faculdade\IniciacaoCientifica\grn\.env\Lib\site-packages\pandas\core\dtypes\inference.py
fn=is_named_tuple
349 1200
cfl=~
cfn=<built-in method builtins.isinstance>
calls=2 0
349 1600

fl=c:\Users\Pedro\faculdade\IniciacaoCientifica\grn\.env\Lib\site-packages\pandas\core\dtypes\inference.py
fn=is_hashable
387 7000
cfl=~
cfn=<built-in method builtins.hash>
calls=17 0
387 2800

fl=c:\Users\Pedro\faculdade\IniciacaoCientifica\grn\.env\Lib\site-packages\pandas\core\dtypes\inference.py
fn=is_dataclass
485 3500
cfl=C:\Users\Pedro\AppData\Local\Python\pythoncore-3.14-64\Lib\dataclasses.py
cfn=is_dataclass
calls=2 1468
485 3200

fl=c:\Users\Pedro\faculdade\IniciacaoCientifica\grn\.env\Lib\site-packages\pandas\core\dtypes\missing.py
fn=isna
97 11100
cfl=c:\Users\Pedro\faculdade\IniciacaoCientifica\grn\.env\Lib\site-packages\pandas\core\dtypes\missing.py
cfn=_isna
calls=30 180
97 185300

fl=c:\Users\Pedro\faculdade\IniciacaoCientifica\grn\.env\Lib\site-packages\pandas\core\dtypes\missing.py
fn=_isna
180 27000
cfl=c:\Users\Pedro\faculdade\IniciacaoCientifica\grn\.env\Lib\site-packages\pandas\core\dtypes\missing.py
cfn=_isna_array
calls=30 223
180 135500
cfl=~
cfn=<built-in method builtins.isinstance>
calls=90 0
180 43900

fl=c:\Users\Pedro\faculdade\IniciacaoCientifica\grn\.env\Lib\site-packages\pandas\core\dtypes\missing.py
fn=_isna_array
223 42100
cfl=c:\Users\Pedro\faculdade\IniciacaoCientifica\grn\.env\Lib\site-packages\pandas\core\arrays\numpy_.py
cfn=dtype
calls=12 179
223 1400
cfl=c:\Users\Pedro\faculdade\IniciacaoCientifica\grn\.env\Lib\site-packages\pandas\core\arrays\numpy_.py
cfn=isna
calls=12 283
223 99500
cfl=c:\Users\Pedro\faculdade\IniciacaoCientifica\grn\.env\Lib\site-packages\pandas\core\dtypes\common.py
cfn=is_string_or_object_np_dtype
calls=18 603
223 7500
cfl=c:\Users\Pedro\faculdade\IniciacaoCientifica\grn\.env\Lib\site-packages\pandas\core\dtypes\missing.py
cfn=_isna_string_dtype
calls=14 260
223 52300
cfl=~
cfn=<built-in method builtins.isinstance>
calls=48 0
223 3400

fl=c:\Users\Pedro\faculdade\IniciacaoCientifica\grn\.env\Lib\site-packages\pandas\core\dtypes\missing.py
fn=_isna_string_dtype
260 52300

fl=c:\Users\Pedro\faculdade\IniciacaoCientifica\grn\.env\Lib\site-packages\pandas\core\flags.py
fn=__init__
63 4900

fl=c:\Users\Pedro\faculdade\IniciacaoCientifica\grn\.env\Lib\site-packages\pandas\core\flags.py
fn=allows_duplicate_labels:67
67 700

fl=c:\Users\Pedro\faculdade\IniciacaoCientifica\grn\.env\Lib\site-packages\pandas\core\flags.py
fn=allows_duplicate_labels:99
99 1100

fl=c:\Users\Pedro\faculdade\IniciacaoCientifica\grn\.env\Lib\site-packages\pandas\core\frame.py
fn=_constructor_from_mgr
667 3800
cfl=c:\Users\Pedro\faculdade\IniciacaoCientifica\grn\.env\Lib\site-packages\pandas\core\generic.py
cfn=_from_mgr
calls=4 294
667 13400

fl=c:\Users\Pedro\faculdade\IniciacaoCientifica\grn\.env\Lib\site-packages\pandas\core\frame.py
fn=__init__
702 38000
cfl=c:\Users\Pedro\faculdade\IniciacaoCientifica\grn\.env\Lib\site-packages\pandas\core\dtypes\inference.py
cfn=is_dataclass
calls=2 485
702 6700
cfl=c:\Users\Pedro\faculdade\IniciacaoCientifica\grn\.env\Lib\site-packages\pandas\core\generic.py
cfn=__init__
calls=3 258
702 11900
cfl=c:\Users\Pedro\faculdade\IniciacaoCientifica\grn\.env\Lib\site-packages\pandas\core\internals\construction.py
cfn=arrays_to_mgr
calls=2 96
702 499700
cfl=c:\Users\Pedro\faculdade\IniciacaoCientifica\grn\.env\Lib\site-packages\pandas\core\internals\construction.py
cfn=dict_to_mgr
calls=1 375
702 617800
cfl=c:\Users\Pedro\faculdade\IniciacaoCientifica\grn\.env\Lib\site-packages\pandas\core\internals\construction.py
cfn=nested_data_to_arrays
calls=2 463
702 670800
cfl=c:\Users\Pedro\faculdade\IniciacaoCientifica\grn\.env\Lib\site-packages\pandas\core\internals\construction.py
cfn=treat_as_nested
calls=2 489
702 6400
cfl=~
cfn=<built-in method builtins.isinstance>
calls=30 0
702 8300
cfl=~
cfn=<built-in method builtins.len>
calls=2 0
702 400

fl=c:\Users\Pedro\faculdade\IniciacaoCientifica\grn\.env\Lib\site-packages\pandas\core\frame.py
fn=_get_values_for_csv
1386 3400
cfl=c:\Users\Pedro\faculdade\IniciacaoCientifica\grn\.env\Lib\site-packages\pandas\core\frame.py
cfn=_constructor_from_mgr
calls=2 667
1386 6600
cfl=c:\Users\Pedro\faculdade\IniciacaoCientifica\grn\.env\Lib\site-packages\pandas\core\internals\managers.py
cfn=get_values_for_csv
calls=2 622
1386 686000

fl=c:\Users\Pedro\faculdade\IniciacaoCientifica\grn\.env\Lib\site-packages\pandas\core\frame.py
fn=_get_column_array
4316 6000
cfl=c:\Users\Pedro\faculdade\IniciacaoCientifica\grn\.env\Lib\site-packages\pandas\core\internals\managers.py
cfn=iget_values
calls=24 1227
4316 56700

fl=c:\Users\Pedro\faculdade\IniciacaoCientifica\grn\.env\Lib\site-packages\pandas\core\frame.py
fn=_iter_column_arrays
4326 8800
cfl=c:\Users\Pedro\faculdade\IniciacaoCientifica\grn\.env\Lib\site-packages\pandas\core\frame.py
cfn=_get_column_array
calls=24 4316
4326 62700
cfl=~
cfn=<built-in method builtins.len>
calls=2 0
4326 2300

fl=c:\Users\Pedro\faculdade\IniciacaoCientifica\grn\.env\Lib\site-packages\pandas\core\generic.py
fn=__init__
258 16400
cfl=c:\Users\Pedro\faculdade\IniciacaoCientifica\grn\.env\Lib\site-packages\pandas\core\flags.py
cfn=__init__
calls=7 63
258 4900

fl=c:\Users\Pedro\faculdade\IniciacaoCientifica\grn\.env\Lib\site-packages\pandas\core\generic.py
fn=_from_mgr
294 2900
cfl=c:\Users\Pedro\faculdade\IniciacaoCientifica\grn\.env\Lib\site-packages\pandas\core\generic.py
cfn=__init__
calls=4 258
294 9400
cfl=~
cfn=<built-in method __new__ of type object at 0x00007FFE69354D90>
calls=4 0
294 1100

fl=c:\Users\Pedro\faculdade\IniciacaoCientifica\grn\.env\Lib\site-packages\pandas\core\generic.py
fn=attrs
318 200

fl=c:\Users\Pedro\faculdade\IniciacaoCientifica\grn\.env\Lib\site-packages\pandas\core\generic.py
fn=flags
360 700

fl=c:\Users\Pedro\faculdade\IniciacaoCientifica\grn\.env\Lib\site-packages\pandas\core\generic.py
fn=_get_axis_number
519 1500

fl=c:\Users\Pedro\faculdade\IniciacaoCientifica\grn\.env\Lib\site-packages\pandas\core\generic.py
fn=_get_axis
535 3100
cfl=c:\Users\Pedro\faculdade\IniciacaoCientifica\grn\.env\Lib\site-packages\pandas\core\generic.py
cfn=_get_axis_number
calls=2 519
535 1200

fl=c:\Users\Pedro\faculdade\IniciacaoCientifica\grn\.env\Lib\site-packages\pandas\core\generic.py
fn=_get_block_manager_axis
541 1900
cfl=c:\Users\Pedro\faculdade\IniciacaoCientifica\grn\.env\Lib\site-packages\pandas\core\generic.py
cfn=_get_axis_number
calls=2 519
541 300

fl=c:\Users\Pedro\faculdade\IniciacaoCientifica\grn\.env\Lib\site-packages\pandas\core\generic.py
fn=to_csv
3795 18900
cfl=c:\Users\Pedro\faculdade\IniciacaoCientifica\grn\.env\Lib\site-packages\pandas\io\formats\format.py
cfn=__init__:425
calls=2 425
3795 74300
cfl=c:\Users\Pedro\faculdade\IniciacaoCientifica\grn\.env\Lib\site-packages\pandas\io\formats\format.py
cfn=__init__:892
calls=2 892
3795 500
cfl=c:\Users\Pedro\faculdade\IniciacaoCientifica\grn\.env\Lib\site-packages\pandas\io\formats\format.py
cfn=to_csv
calls=2 976
3795 3078300
cfl=~
cfn=<built-in method builtins.isinstance>
calls=2 0
3795 4200

fl=c:\Users\Pedro\faculdade\IniciacaoCientifica\grn\.env\Lib\site-packages\pandas\core\generic.py
fn=_slice
4308 36100
cfl=c:\Users\Pedro\faculdade\IniciacaoCientifica\grn\.env\Lib\site-packages\pandas\core\frame.py
cfn=_constructor_from_mgr
calls=2 667
4308 10600
cfl=c:\Users\Pedro\faculdade\IniciacaoCientifica\grn\.env\Lib\site-packages\pandas\core\generic.py
cfn=_get_block_manager_axis
calls=2 541
4308 2200
cfl=c:\Users\Pedro\faculdade\IniciacaoCientifica\grn\.env\Lib\site-packages\pandas\core\generic.py
cfn=__finalize__
calls=2 6131
4308 14400
cfl=c:\Users\Pedro\faculdade\IniciacaoCientifica\grn\.env\Lib\site-packages\pandas\core\indexes\base.py
cfn=view
calls=2 1033
4308 12400
cfl=c:\Users\Pedro\faculdade\IniciacaoCientifica\grn\.env\Lib\site-packages\pandas\core\indexes\range.py
cfn=_getitem_slice
calls=2 1311
4308 6100
cfl=c:\Users\Pedro\faculdade\IniciacaoCientifica\grn\.env\Lib\site-packages\pandas\core\internals\blocks.py
cfn=slice_block_rows
calls=10 2081
4308 83500
cfl=c:\Users\Pedro\faculdade\IniciacaoCientifica\grn\.env\Lib\site-packages\pandas\core\internals\managers.py
cfn=__init__
calls=2 1095
4308 200
cfl=~
cfn=<built-in method builtins.isinstance>
calls=2 0
4308 100

fl=c:\Users\Pedro\faculdade\IniciacaoCientifica\grn\.env\Lib\site-packages\pandas\core\generic.py
fn=__finalize__
6131 11500
cfl=c:\Users\Pedro\faculdade\IniciacaoCientifica\grn\.env\Lib\site-packages\pandas\core\flags.py
cfn=allows_duplicate_labels:67
calls=4 67
6131 700
cfl=c:\Users\Pedro\faculdade\IniciacaoCientifica\grn\.env\Lib\site-packages\pandas\core\flags.py
cfn=allows_duplicate_labels:99
calls=2 99
6131 1100
cfl=c:\Users\Pedro\faculdade\IniciacaoCientifica\grn\.env\Lib\site-packages\pandas\core\generic.py
cfn=attrs
calls=2 318
6131 200
cfl=c:\Users\Pedro\faculdade\IniciacaoCientifica\grn\.env\Lib\site-packages\pandas\core\generic.py
cfn=flags
calls=6 360
6131 700
cfl=~
cfn=<built-in method builtins.isinstance>
calls=2 0
6131 200

fl=c:\Users\Pedro\faculdade\IniciacaoCientifica\grn\.env\Lib\site-packages\pandas\core\indexers\utils.py
fn=getitem_returns_view
416 16900
cfl=c:\Users\Pedro\faculdade\IniciacaoCientifica\grn\.env\Lib\site-packages\pandas\core\indexers\utils.py
cfn=<genexpr>:425
calls=20 425
416 4200
cfl=c:\Users\Pedro\faculdade\IniciacaoCientifica\grn\.env\Lib\site-packages\pandas\core\indexers\utils.py
cfn=<genexpr>:432
calls=20 432
416 3900
cfl=~
cfn=<built-in method builtins.isinstance>
calls=10 0
416 1000

fl=c:\Users\Pedro\faculdade\IniciacaoCientifica\grn\.env\Lib\site-packages\pandas\core\indexers\utils.py
fn=<genexpr>:425
425 4200

fl=c:\Users\Pedro\faculdade\IniciacaoCientifica\grn\.env\Lib\site-packages\pandas\core\indexers\utils.py
fn=<genexpr>:432
432 3000
cfl=~
cfn=<built-in method builtins.isinstance>
calls=10 0
432 900

fl=c:\Users\Pedro\faculdade\IniciacaoCientifica\grn\.env\Lib\site-packages\pandas\core\indexers\utils.py
fn=check_array_indexer
441 6900

fl=c:\Users\Pedro\faculdade\IniciacaoCientifica\grn\.env\Lib\site-packages\pandas\core\indexes\api.py
fn=default_index
340 4000
cfl=c:\Users\Pedro\faculdade\IniciacaoCientifica\grn\.env\Lib\site-packages\pandas\core\indexes\range.py
cfn=_simple_new
calls=2 236
340 4400

fl=c:\Users\Pedro\faculdade\IniciacaoCientifica\grn\.env\Lib\site-packages\pandas\core\indexes\base.py
fn=__new__
486 54600
cfl=c:\Users\Pedro\faculdade\IniciacaoCientifica\grn\.env\Lib\site-packages\pandas\core\arrays\numpy_.py
cfn=dtype
calls=8 179
486 1700
cfl=c:\Users\Pedro\faculdade\IniciacaoCientifica\grn\.env\Lib\site-packages\pandas\core\construction.py
cfn=ensure_wrapped_if_datetimelike
calls=4 495
486 1700
cfl=c:\Users\Pedro\faculdade\IniciacaoCientifica\grn\.env\Lib\site-packages\pandas\core\construction.py
cfn=sanitize_array
calls=4 531
486 292000
cfl=c:\Users\Pedro\faculdade\IniciacaoCientifica\grn\.env\Lib\site-packages\pandas\core\dtypes\common.py
cfn=is_ea_or_datetimelike_dtype
calls=8 1547
486 4800
cfl=c:\Users\Pedro\faculdade\IniciacaoCientifica\grn\.env\Lib\site-packages\pandas\core\indexes\base.py
cfn=<genexpr>
calls=2 555
486 900
cfl=c:\Users\Pedro\faculdade\IniciacaoCientifica\grn\.env\Lib\site-packages\pandas\core\indexes\base.py
cfn=_ensure_array
calls=4 594
486 8100
cfl=c:\Users\Pedro\faculdade\IniciacaoCientifica\grn\.env\Lib\site-packages\pandas\core\indexes\base.py
cfn=_dtype_to_subclass
calls=4 612
486 17700
cfl=c:\Users\Pedro\faculdade\IniciacaoCientifica\grn\.env\Lib\site-packages\pandas\core\indexes\base.py
cfn=_simple_new
calls=4 652
486 15800
cfl=c:\Users\Pedro\faculdade\IniciacaoCientifica\grn\.env\Lib\site-packages\pandas\core\indexes\base.py
cfn=_maybe_copy_array_input
calls=4 5286
486 3200
cfl=c:\Users\Pedro\faculdade\IniciacaoCientifica\grn\.env\Lib\site-packages\pandas\core\indexes\base.py
cfn=maybe_extract_name
calls=4 8003
486 10400
cfl=~
cfn=<built-in method builtins.getattr>
calls=4 0
486 1000
cfl=~
cfn=<built-in method builtins.hasattr>
calls=4 0
486 1100
cfl=~
cfn=<built-in method builtins.isinstance>
calls=24 0
486 12400
cfl=~
cfn=<built-in method builtins.len>
calls=8 0
486 400

fl=c:\Users\Pedro\faculdade\IniciacaoCientifica\grn\.env\Lib\site-packages\pandas\core\indexes\base.py
fn=<genexpr>
555 800
cfl=~
cfn=<built-in method builtins.isinstance>
calls=1 0
555 100

fl=c:\Users\Pedro\faculdade\IniciacaoCientifica\grn\.env\Lib\site-packages\pandas\core\indexes\base.py
fn=_ensure_array
594 4500
cfl=c:\Users\Pedro\faculdade\IniciacaoCientifica\grn\.env\Lib\site-packages\pandas\core\arrays\string_.py
cfn=__eq__
calls=4 236
594 3600

fl=c:\Users\Pedro\faculdade\IniciacaoCientifica\grn\.env\Lib\site-packages\pandas\core\indexes\base.py
fn=_dtype_to_subclass
612 6800
cfl=c:\Users\Pedro\faculdade\IniciacaoCientifica\grn\.env\Lib\site-packages\pandas\core\dtypes\base.py
cfn=index_class
calls=4 416
612 10500
cfl=~
cfn=<built-in method builtins.isinstance>
calls=4 0
612 400

fl=c:\Users\Pedro\faculdade\IniciacaoCientifica\grn\.env\Lib\site-packages\pandas\core\indexes\base.py
fn=_simple_new
652 18800
cfl=c:\Users\Pedro\faculdade\IniciacaoCientifica\grn\.env\Lib\site-packages\pandas\core\indexes\base.py
cfn=_reset_identity
calls=8 837
652 4400
cfl=~
cfn=<built-in method __new__ of type object at 0x00007FFE69354D90>
calls=8 0
652 2300
cfl=~
cfn=<built-in method builtins.isinstance>
calls=8 0
652 1700

fl=c:\Users\Pedro\faculdade\IniciacaoCientifica\grn\.env\Lib\site-packages\pandas\core\indexes\base.py
fn=_view
779 5600
cfl=c:\Users\Pedro\faculdade\IniciacaoCientifica\grn\.env\Lib\site-packages\pandas\core\indexes\base.py
cfn=_simple_new
calls=4 652
779 11400
cfl=c:\Users\Pedro\faculdade\IniciacaoCientifica\grn\.env\Lib\site-packages\pandas\core\indexes\base.py
cfn=_values
calls=4 5101
779 600

fl=c:\Users\Pedro\faculdade\IniciacaoCientifica\grn\.env\Lib\site-packages\pandas\core\indexes\base.py
fn=_reset_identity
837 7000

fl=c:\Users\Pedro\faculdade\IniciacaoCientifica\grn\.env\Lib\site-packages\pandas\core\indexes\base.py
fn=_engine
849 14000
cfl=C:\Users\Pedro\AppData\Local\Python\pythoncore-3.14-64\Lib\typing.py
cfn=cast
calls=1 2300
849 100
cfl=c:\Users\Pedro\faculdade\IniciacaoCientifica\grn\.env\Lib\site-packages\pandas\core\arrays\string_.py
cfn=na_value
calls=1 150
849 100
cfl=c:\Users\Pedro\faculdade\IniciacaoCientifica\grn\.env\Lib\site-packages\pandas\core\dtypes\common.py
cfn=is_object_dtype
calls=1 142
849 7900
cfl=c:\Users\Pedro\faculdade\IniciacaoCientifica\grn\.env\Lib\site-packages\pandas\core\dtypes\common.py
cfn=is_string_dtype
calls=1 610
849 9300
cfl=c:\Users\Pedro\faculdade\IniciacaoCientifica\grn\.env\Lib\site-packages\pandas\core\dtypes\common.py
cfn=needs_i8_conversion
calls=1 1204
849 900
cfl=c:\Users\Pedro\faculdade\IniciacaoCientifica\grn\.env\Lib\site-packages\pandas\core\indexes\base.py
cfn=dtype
calls=1 986
849 400
cfl=c:\Users\Pedro\faculdade\IniciacaoCientifica\grn\.env\Lib\site-packages\pandas\core\indexes\base.py
cfn=_values
calls=1 5101
849 0
cfl=c:\Users\Pedro\faculdade\IniciacaoCientifica\grn\.env\Lib\site-packages\pandas\core\indexes\base.py
cfn=_get_engine_target
calls=1 5127
849 700
cfl=~
cfn=<built-in method builtins.isinstance>
calls=2 0
849 200

fl=c:\Users\Pedro\faculdade\IniciacaoCientifica\grn\.env\Lib\site-packages\pandas\core\indexes\base.py
fn=__len__
918 3100
cfl=~
cfn=<built-in method builtins.len>
calls=10 0
918 1500

fl=c:\Users\Pedro\faculdade\IniciacaoCientifica\grn\.env\Lib\site-packages\pandas\core\indexes\base.py
fn=dtype
986 300
cfl=c:\Users\Pedro\faculdade\IniciacaoCientifica\grn\.env\Lib\site-packages\pandas\core\arrays\numpy_.py
cfn=dtype
calls=1 179
986 100

fl=c:\Users\Pedro\faculdade\IniciacaoCientifica\grn\.env\Lib\site-packages\pandas\core\indexes\base.py
fn=view
1033 6100
cfl=c:\Users\Pedro\faculdade\IniciacaoCientifica\grn\.env\Lib\site-packages\pandas\core\indexes\base.py
cfn=_view
calls=4 779
1033 17600
cfl=c:\Users\Pedro\faculdade\IniciacaoCientifica\grn\.env\Lib\site-packages\pandas\core\indexes\range.py
cfn=_view
calls=2 620
1033 4200
cfl=~
cfn=<built-in method builtins.isinstance>
calls=6 0
1033 600

fl=c:\Users\Pedro\faculdade\IniciacaoCientifica\grn\.env\Lib\site-packages\pandas\core\indexes\base.py
fn=_get_values_for_csv
1574 8600
cfl=c:\Users\Pedro\faculdade\IniciacaoCientifica\grn\.env\Lib\site-packages\pandas\core\indexes\base.py
cfn=_values
calls=2 5101
1574 200
cfl=c:\Users\Pedro\faculdade\IniciacaoCientifica\grn\.env\Lib\site-packages\pandas\core\indexes\base.py
cfn=get_values_for_csv
calls=2 8085
1574 165900

fl=c:\Users\Pedro\faculdade\IniciacaoCientifica\grn\.env\Lib\site-packages\pandas\core\indexes\base.py
fn=name
1779 400

fl=c:\Users\Pedro\faculdade\IniciacaoCientifica\grn\.env\Lib\site-packages\pandas\core\indexes\base.py
fn=get_loc
3601 21200
cfl=c:\Users\Pedro\faculdade\IniciacaoCientifica\grn\.env\Lib\site-packages\pandas\core\indexes\base.py
cfn=_engine
calls=1 849
3601 33600
cfl=c:\Users\Pedro\faculdade\IniciacaoCientifica\grn\.env\Lib\site-packages\pandas\core\indexes\base.py
cfn=_maybe_cast_indexer
calls=12 6814
3601 2000

fl=c:\Users\Pedro\faculdade\IniciacaoCientifica\grn\.env\Lib\site-packages\pandas\core\indexes\base.py
fn=_validate_positional_slice
4034 3300
cfl=c:\Users\Pedro\faculdade\IniciacaoCientifica\grn\.env\Lib\site-packages\pandas\core\indexes\base.py
cfn=_validate_indexer
calls=6 6852
4034 3900

fl=c:\Users\Pedro\faculdade\IniciacaoCientifica\grn\.env\Lib\site-packages\pandas\core\indexes\base.py
fn=_values
5101 1000

fl=c:\Users\Pedro\faculdade\IniciacaoCientifica\grn\.env\Lib\site-packages\pandas\core\indexes\base.py
fn=_get_engine_target
5127 500
cfl=c:\Users\Pedro\faculdade\IniciacaoCientifica\grn\.env\Lib\site-packages\pandas\core\indexes\base.py
cfn=_values
calls=1 5101
5127 100
cfl=~
cfn=<built-in method builtins.isinstance>
calls=1 0
5127 100

fl=c:\Users\Pedro\faculdade\IniciacaoCientifica\grn\.env\Lib\site-packages\pandas\core\indexes\base.py
fn=_maybe_copy_array_input
5286 2700
cfl=~
cfn=<built-in method builtins.isinstance>
calls=4 0
5286 500

fl=c:\Users\Pedro\faculdade\IniciacaoCientifica\grn\.env\Lib\site-packages\pandas\core\indexes\base.py
fn=_maybe_cast_indexer
6814 2000

fl=c:\Users\Pedro\faculdade\IniciacaoCientifica\grn\.env\Lib\site-packages\pandas\core\indexes\base.py
fn=_validate_indexer
6852 3900

fl=c:\Users\Pedro\faculdade\IniciacaoCientifica\grn\.env\Lib\site-packages\pandas\core\indexes\base.py
fn=ensure_index
7919 29800
cfl=c:\Users\Pedro\faculdade\IniciacaoCientifica\grn\.env\Lib\site-packages\pandas\core\dtypes\generic.py
cfn=_instancecheck
calls=6 43
7919 4100
cfl=c:\Users\Pedro\faculdade\IniciacaoCientifica\grn\.env\Lib\site-packages\pandas\core\indexes\base.py
cfn=__new__
calls=4 486
7919 425800
cfl=~
cfn=<built-in method builtins.isinstance>
calls=21 0
7919 9800

fl=c:\Users\Pedro\faculdade\IniciacaoCientifica\grn\.env\Lib\site-packages\pandas\core\indexes\base.py
fn=maybe_extract_name
8003 6500
cfl=c:\Users\Pedro\faculdade\IniciacaoCientifica\grn\.env\Lib\site-packages\pandas\core\dtypes\inference.py
cfn=is_hashable
calls=5 387
8003 3500
cfl=~
cfn=<built-in method builtins.isinstance>
calls=5 0
8003 5700

fl=c:\Users\Pedro\faculdade\IniciacaoCientifica\grn\.env\Lib\site-packages\pandas\core\indexes\base.py
fn=get_values_for_csv
8085 89300
cfl=c:\Users\Pedro\faculdade\IniciacaoCientifica\grn\.env\Lib\site-packages\pandas\core\arrays\numpy_.py
cfn=dtype
calls=36 179
8085 3600
cfl=c:\Users\Pedro\faculdade\IniciacaoCientifica\grn\.env\Lib\site-packages\pandas\core\arrays\string_.py
cfn=astype
calls=12 915
8085 367600
cfl=c:\Users\Pedro\faculdade\IniciacaoCientifica\grn\.env\Lib\site-packages\pandas\core\construction.py
cfn=ensure_wrapped_if_datetimelike
calls=18 495
8085 9400
cfl=c:\Users\Pedro\faculdade\IniciacaoCientifica\grn\.env\Lib\site-packages\pandas\core\dtypes\base.py
cfn=kind
calls=12 181
8085 1000
cfl=c:\Users\Pedro\faculdade\IniciacaoCientifica\grn\.env\Lib\site-packages\pandas\core\dtypes\missing.py
cfn=isna
calls=18 97
8085 193200
cfl=~
cfn=<built-in method builtins.isinstance>
calls=90 0
8085 10000
cfl=~
cfn=<built-in method numpy.array>
calls=6 0
8085 11300
cfl=~
cfn=<built-in method numpy.asarray>
calls=12 0
8085 3000
cfl=~
cfn=<method 'astype' of 'numpy.ndarray' objects>
calls=6 0
8085 2600

fl=c:\Users\Pedro\faculdade\IniciacaoCientifica\grn\.env\Lib\site-packages\pandas\core\indexes\range.py
fn=__new__
151 10100
cfl=c:\Users\Pedro\faculdade\IniciacaoCientifica\grn\.env\Lib\site-packages\pandas\core\common.py
cfn=all_none
calls=1 197
151 2800
cfl=c:\Users\Pedro\faculdade\IniciacaoCientifica\grn\.env\Lib\site-packages\pandas\core\dtypes\common.py
cfn=ensure_python_int
calls=2 96
151 1800
cfl=c:\Users\Pedro\faculdade\IniciacaoCientifica\grn\.env\Lib\site-packages\pandas\core\indexes\base.py
cfn=maybe_extract_name
calls=1 8003
151 5300
cfl=c:\Users\Pedro\faculdade\IniciacaoCientifica\grn\.env\Lib\site-packages\pandas\core\indexes\range.py
cfn=_simple_new
calls=1 236
151 3300
cfl=c:\Users\Pedro\faculdade\IniciacaoCientifica\grn\.env\Lib\site-packages\pandas\core\indexes\range.py
cfn=_validate_dtype
calls=1 251
151 100
cfl=~
cfn=<built-in method builtins.isinstance>
calls=2 0
151 100

fl=c:\Users\Pedro\faculdade\IniciacaoCientifica\grn\.env\Lib\site-packages\pandas\core\indexes\range.py
fn=_simple_new
236 8000
cfl=c:\Users\Pedro\faculdade\IniciacaoCientifica\grn\.env\Lib\site-packages\pandas\core\indexes\base.py
cfn=_reset_identity
calls=7 837
236 2600
cfl=~
cfn=<built-in method __new__ of type object at 0x00007FFE69354D90>
calls=7 0
236 2200
cfl=~
cfn=<built-in method builtins.isinstance>
calls=7 0
236 300

fl=c:\Users\Pedro\faculdade\IniciacaoCientifica\grn\.env\Lib\site-packages\pandas\core\indexes\range.py
fn=_validate_dtype
251 100

fl=c:\Users\Pedro\faculdade\IniciacaoCientifica\grn\.env\Lib\site-packages\pandas\core\indexes\range.py
fn=_view
620 1500
cfl=c:\Users\Pedro\faculdade\IniciacaoCientifica\grn\.env\Lib\site-packages\pandas\core\indexes\range.py
cfn=_simple_new
calls=2 236
620 2700

fl=c:\Users\Pedro\faculdade\IniciacaoCientifica\grn\.env\Lib\site-packages\pandas\core\indexes\range.py
fn=__len__
1265 14700
cfl=~
cfn=<built-in method builtins.len>
calls=76 0
1265 6000

fl=c:\Users\Pedro\faculdade\IniciacaoCientifica\grn\.env\Lib\site-packages\pandas\core\indexes\range.py
fn=_getitem_slice
1311 3400
cfl=c:\Users\Pedro\faculdade\IniciacaoCientifica\grn\.env\Lib\site-packages\pandas\core\indexes\range.py
cfn=_simple_new
calls=2 236
1311 2700

fl=c:\Users\Pedro\faculdade\IniciacaoCientifica\grn\.env\Lib\site-packages\pandas\core\indexing.py
fn=iloc
159 2400

fl=c:\Users\Pedro\faculdade\IniciacaoCientifica\grn\.env\Lib\site-packages\pandas\core\indexing.py
fn=_raise_callable_usage
1184 1400
cfl=~
cfn=<built-in method builtins.callable>
calls=2 0
1184 200

fl=c:\Users\Pedro\faculdade\IniciacaoCientifica\grn\.env\Lib\site-packages\pandas\core\indexing.py
fn=__getitem__
1192 12700
cfl=c:\Users\Pedro\faculdade\IniciacaoCientifica\grn\.env\Lib\site-packages\pandas\core\common.py
cfn=apply_if_callable
calls=2 377
1192 1600
cfl=c:\Users\Pedro\faculdade\IniciacaoCientifica\grn\.env\Lib\site-packages\pandas\core\indexing.py
cfn=_raise_callable_usage
calls=2 1184
1192 1600
cfl=c:\Users\Pedro\faculdade\IniciacaoCientifica\grn\.env\Lib\site-packages\pandas\core\indexing.py
cfn=_getitem_axis
calls=2 1740
1192 191100
cfl=c:\Users\Pedro\faculdade\IniciacaoCientifica\grn\.env\Lib\site-packages\pandas\core\indexing.py
cfn=check_dict_or_set_indexers
calls=2 2780
1192 3400

fl=c:\Users\Pedro\faculdade\IniciacaoCientifica\grn\.env\Lib\site-packages\pandas\core\indexing.py
fn=_getitem_axis
1740 3300
cfl=c:\Users\Pedro\faculdade\IniciacaoCientifica\grn\.env\Lib\site-packages\pandas\core\indexing.py
cfn=_get_slice_axis
calls=2 1777
1740 185300
cfl=~
cfn=<built-in method builtins.isinstance>
calls=4 0
1740 2500

fl=c:\Users\Pedro\faculdade\IniciacaoCientifica\grn\.env\Lib\site-packages\pandas\core\indexing.py
fn=_get_slice_axis
1777 7500
cfl=c:\Users\Pedro\faculdade\IniciacaoCientifica\grn\.env\Lib\site-packages\pandas\core\generic.py
cfn=_get_axis
calls=2 535
1777 4300
cfl=c:\Users\Pedro\faculdade\IniciacaoCientifica\grn\.env\Lib\site-packages\pandas\core\generic.py
cfn=_slice
calls=2 4308
1777 165600
cfl=c:\Users\Pedro\faculdade\IniciacaoCientifica\grn\.env\Lib\site-packages\pandas\core\indexes\base.py
cfn=_validate_positional_slice
calls=2 4034
1777 7200
cfl=c:\Users\Pedro\faculdade\IniciacaoCientifica\grn\.env\Lib\site-packages\pandas\core\indexing.py
cfn=need_slice
calls=2 2767
1777 700

fl=c:\Users\Pedro\faculdade\IniciacaoCientifica\grn\.env\Lib\site-packages\pandas\core\indexing.py
fn=need_slice
2767 700

fl=c:\Users\Pedro\faculdade\IniciacaoCientifica\grn\.env\Lib\site-packages\pandas\core\indexing.py
fn=check_dict_or_set_indexers
2780 2200
cfl=~
cfn=<built-in method builtins.isinstance>
calls=8 0
2780 1200

fl=c:\Users\Pedro\faculdade\IniciacaoCientifica\grn\.env\Lib\site-packages\pandas\core\internals\blocks.py
fn=is_extension
168 12900
cfl=c:\Users\Pedro\faculdade\IniciacaoCientifica\grn\.env\Lib\site-packages\pandas\core\arrays\numpy_.py
cfn=dtype
calls=20 179
168 2100

fl=c:\Users\Pedro\faculdade\IniciacaoCientifica\grn\.env\Lib\site-packages\pandas\core\internals\blocks.py
fn=_can_consolidate
173 5600
cfl=c:\Users\Pedro\faculdade\IniciacaoCientifica\grn\.env\Lib\site-packages\pandas\core\internals\blocks.py
cfn=is_extension
calls=16 168
173 7000

fl=c:\Users\Pedro\faculdade\IniciacaoCientifica\grn\.env\Lib\site-packages\pandas\core\internals\blocks.py
fn=make_block
228 20000
cfl=c:\Users\Pedro\faculdade\IniciacaoCientifica\grn\.env\Lib\site-packages\pandas\core\internals\blocks.py
cfn=is_extension
calls=16 168
228 8000
cfl=c:\Users\Pedro\faculdade\IniciacaoCientifica\grn\.env\Lib\site-packages\pandas\core\internals\blocks.py
cfn=new_block
calls=16 2258
228 25900
cfl=c:\Users\Pedro\faculdade\IniciacaoCientifica\grn\.env\Lib\site-packages\pandas\core\internals\blocks.py
cfn=ensure_block_shape
calls=10 2352
228 19600

fl=c:\Users\Pedro\faculdade\IniciacaoCientifica\grn\.env\Lib\site-packages\pandas\core\internals\blocks.py
fn=dtype
573 1000

fl=c:\Users\Pedro\faculdade\IniciacaoCientifica\grn\.env\Lib\site-packages\pandas\core\internals\blocks.py
fn=get_values_for_csv
624 15600
cfl=c:\Users\Pedro\faculdade\IniciacaoCientifica\grn\.env\Lib\site-packages\pandas\core\indexes\base.py
cfn=get_values_for_csv
calls=16 8085
624 525100
cfl=c:\Users\Pedro\faculdade\IniciacaoCientifica\grn\.env\Lib\site-packages\pandas\core\internals\blocks.py
cfn=make_block
calls=16 228
624 73500

fl=c:\Users\Pedro\faculdade\IniciacaoCientifica\grn\.env\Lib\site-packages\pandas\core\internals\blocks.py
fn=iget
961 6700

fl=c:\Users\Pedro\faculdade\IniciacaoCientifica\grn\.env\Lib\site-packages\pandas\core\internals\blocks.py
fn=slice_block_rows
2081 17800
cfl=c:\Users\Pedro\faculdade\IniciacaoCientifica\grn\.env\Lib\site-packages\pandas\core\arrays\_mixins.py
cfn=__getitem__
calls=10 287
2081 65700

fl=c:\Users\Pedro\faculdade\IniciacaoCientifica\grn\.env\Lib\site-packages\pandas\core\internals\blocks.py
fn=maybe_coerce_values
2187 7800
cfl=c:\Users\Pedro\faculdade\IniciacaoCientifica\grn\.env\Lib\site-packages\pandas\core\construction.py
cfn=ensure_wrapped_if_datetimelike
calls=7 495
2187 2700
cfl=~
cfn=<built-in method builtins.isinstance>
calls=24 0
2187 2400
cfl=~
cfn=<built-in method builtins.issubclass>
calls=7 0
2187 400

fl=c:\Users\Pedro\faculdade\IniciacaoCientifica\grn\.env\Lib\site-packages\pandas\core\internals\blocks.py
fn=get_block_type
2216 22300
cfl=~
cfn=<built-in method builtins.isinstance>
calls=132 0
2216 9700

fl=c:\Users\Pedro\faculdade\IniciacaoCientifica\grn\.env\Lib\site-packages\pandas\core\internals\blocks.py
fn=new_block_2d
2245 15100
cfl=c:\Users\Pedro\faculdade\IniciacaoCientifica\grn\.env\Lib\site-packages\pandas\core\arrays\numpy_.py
cfn=dtype
calls=5 179
2245 400
cfl=c:\Users\Pedro\faculdade\IniciacaoCientifica\grn\.env\Lib\site-packages\pandas\core\internals\blocks.py
cfn=maybe_coerce_values
calls=12 2187
2245 13300
cfl=c:\Users\Pedro\faculdade\IniciacaoCientifica\grn\.env\Lib\site-packages\pandas\core\internals\blocks.py
cfn=get_block_type
calls=12 2216
2245 8300

fl=c:\Users\Pedro\faculdade\IniciacaoCientifica\grn\.env\Lib\site-packages\pandas\core\internals\blocks.py
fn=new_block
2258 14500
cfl=c:\Users\Pedro\faculdade\IniciacaoCientifica\grn\.env\Lib\site-packages\pandas\core\internals\blocks.py
cfn=get_block_type
calls=16 2216
2258 11400

fl=c:\Users\Pedro\faculdade\IniciacaoCientifica\grn\.env\Lib\site-packages\pandas\core\internals\blocks.py
fn=extend_blocks
2336 9100
cfl=~
cfn=<built-in method builtins.isinstance>
calls=32 0
2336 2700
cfl=~
cfn=<method 'append' of 'list' objects>
calls=16 0
2336 2700

fl=c:\Users\Pedro\faculdade\IniciacaoCientifica\grn\.env\Lib\site-packages\pandas\core\internals\blocks.py
fn=ensure_block_shape
2352 17900
cfl=C:\Users\Pedro\AppData\Local\Python\pythoncore-3.14-64\Lib\typing.py
cfn=cast
calls=17 2300
2352 1000
cfl=c:\Users\Pedro\faculdade\IniciacaoCientifica\grn\.env\Lib\site-packages\pandas\core\arrays\numpy_.py
cfn=dtype
calls=5 179
2352 400
cfl=c:\Users\Pedro\faculdade\IniciacaoCientifica\grn\.env\Lib\site-packages\pandas\core\dtypes\common.py
cfn=is_1d_only_ea_dtype
calls=22 1473
2352 8200
cfl=~
cfn=<method 'reshape' of 'numpy.ndarray' objects>
calls=17 0
2352 10500

fl=c:\Users\Pedro\faculdade\IniciacaoCientifica\grn\.env\Lib\site-packages\pandas\core\internals\construction.py
fn=arrays_to_mgr
96 10600
cfl=c:\Users\Pedro\faculdade\IniciacaoCientifica\grn\.env\Lib\site-packages\pandas\core\indexes\base.py
cfn=ensure_index
calls=6 7919
96 2000
cfl=c:\Users\Pedro\faculdade\IniciacaoCientifica\grn\.env\Lib\site-packages\pandas\core\internals\construction.py
cfn=_homogenize
calls=3 553
96 554800
cfl=c:\Users\Pedro\faculdade\IniciacaoCientifica\grn\.env\Lib\site-packages\pandas\core\internals\managers.py
cfn=create_block_manager_from_column_arrays
calls=3 2319
96 274900
cfl=~
cfn=<built-in method builtins.len>
calls=6 0
96 2400

fl=c:\Users\Pedro\faculdade\IniciacaoCientifica\grn\.env\Lib\site-packages\pandas\core\internals\construction.py
fn=dict_to_mgr
375 15500
cfl=c:\Users\Pedro\faculdade\IniciacaoCientifica\grn\.env\Lib\site-packages\pandas\core\arrays\base.py
cfn=__iter__
calls=13 559
375 11900
cfl=c:\Users\Pedro\faculdade\IniciacaoCientifica\grn\.env\Lib\site-packages\pandas\core\base.py
cfn=__iter__
calls=1 931
375 2900
cfl=c:\Users\Pedro\faculdade\IniciacaoCientifica\grn\.env\Lib\site-packages\pandas\core\indexes\base.py
cfn=get_loc
calls=12 3601
375 56800
cfl=c:\Users\Pedro\faculdade\IniciacaoCientifica\grn\.env\Lib\site-packages\pandas\core\indexes\base.py
cfn=ensure_index
calls=3 7919
375 183900
cfl=c:\Users\Pedro\faculdade\IniciacaoCientifica\grn\.env\Lib\site-packages\pandas\core\internals\construction.py
cfn=arrays_to_mgr
calls=1 96
375 345000
cfl=~
cfn=<built-in method builtins.len>
calls=1 0
375 1500
cfl=~
cfn=<method 'keys' of 'dict' objects>
calls=1 0
375 200
cfl=~
cfn=<method 'values' of 'dict' objects>
calls=1 0
375 100

fl=c:\Users\Pedro\faculdade\IniciacaoCientifica\grn\.env\Lib\site-packages\pandas\core\internals\construction.py
fn=nested_data_to_arrays
463 10300
cfl=c:\Users\Pedro\faculdade\IniciacaoCientifica\grn\.env\Lib\site-packages\pandas\core\dtypes\inference.py
cfn=is_named_tuple
calls=2 349
463 2800
cfl=c:\Users\Pedro\faculdade\IniciacaoCientifica\grn\.env\Lib\site-packages\pandas\core\indexes\api.py
cfn=default_index
calls=2 340
463 8400
cfl=c:\Users\Pedro\faculdade\IniciacaoCientifica\grn\.env\Lib\site-packages\pandas\core\indexes\base.py
cfn=ensure_index
calls=2 7919
463 800
cfl=c:\Users\Pedro\faculdade\IniciacaoCientifica\grn\.env\Lib\site-packages\pandas\core\internals\construction.py
cfn=to_arrays
calls=2 759
463 645900
cfl=~
cfn=<built-in method builtins.isinstance>
calls=2 0
463 2300
cfl=~
cfn=<built-in method builtins.len>
calls=2 0
463 300

fl=c:\Users\Pedro\faculdade\IniciacaoCientifica\grn\.env\Lib\site-packages\pandas\core\internals\construction.py
fn=treat_as_nested
489 5700
cfl=~
cfn=<built-in method builtins.getattr>
calls=2 0
489 300
cfl=~
cfn=<built-in method builtins.isinstance>
calls=2 0
489 300
cfl=~
cfn=<built-in method builtins.len>
calls=2 0
489 100

fl=c:\Users\Pedro\faculdade\IniciacaoCientifica\grn\.env\Lib\site-packages\pandas\core\internals\construction.py
fn=_homogenize
553 44900
cfl=c:\Users\Pedro\faculdade\IniciacaoCientifica\grn\.env\Lib\site-packages\pandas\core\common.py
cfn=require_length_match
calls=36 596
553 31300
cfl=c:\Users\Pedro\faculdade\IniciacaoCientifica\grn\.env\Lib\site-packages\pandas\core\construction.py
cfn=sanitize_array
calls=36 531
553 432000
cfl=~
cfn=<built-in method builtins.isinstance>
calls=72 0
553 33500
cfl=~
cfn=<method 'append' of 'list' objects>
calls=72 0
553 13100

fl=c:\Users\Pedro\faculdade\IniciacaoCientifica\grn\.env\Lib\site-packages\pandas\core\internals\construction.py
fn=to_arrays
759 9500
cfl=c:\Users\Pedro\faculdade\IniciacaoCientifica\grn\.env\Lib\site-packages\pandas\core\internals\construction.py
cfn=_list_of_dict_to_arrays
calls=2 858
759 318100
cfl=c:\Users\Pedro\faculdade\IniciacaoCientifica\grn\.env\Lib\site-packages\pandas\core\internals\construction.py
cfn=_finalize_columns_and_data
calls=2 900
759 315800
cfl=~
cfn=<built-in method builtins.isinstance>
calls=6 0
759 2300
cfl=~
cfn=<built-in method builtins.len>
calls=2 0
759 200

fl=c:\Users\Pedro\faculdade\IniciacaoCientifica\grn\.env\Lib\site-packages\pandas\core\internals\construction.py
fn=_list_of_dict_to_arrays
858 28200
cfl=c:\Users\Pedro\faculdade\IniciacaoCientifica\grn\.env\Lib\site-packages\pandas\core\indexes\base.py
cfn=ensure_index
calls=2 7919
858 282800
cfl=c:\Users\Pedro\faculdade\IniciacaoCientifica\grn\.env\Lib\site-packages\pandas\core\internals\construction.py
cfn=<genexpr>:886
calls=4 886
858 4400
cfl=c:\Users\Pedro\faculdade\IniciacaoCientifica\grn\.env\Lib\site-packages\pandas\core\internals\construction.py
cfn=<genexpr>:887
calls=4 887
858 2700

fl=c:\Users\Pedro\faculdade\IniciacaoCientifica\grn\.env\Lib\site-packages\pandas\core\internals\construction.py
fn=<genexpr>:886
886 3900
cfl=~
cfn=<method 'keys' of 'dict' objects>
calls=2 0
886 500

fl=c:\Users\Pedro\faculdade\IniciacaoCientifica\grn\.env\Lib\site-packages\pandas\core\internals\construction.py
fn=<genexpr>:887
887 2500
cfl=~
cfn=<built-in method builtins.isinstance>
calls=2 0
887 200

fl=c:\Users\Pedro\faculdade\IniciacaoCientifica\grn\.env\Lib\site-packages\pandas\core\internals\construction.py
fn=_finalize_columns_and_data
900 15300
cfl=c:\Users\Pedro\faculdade\IniciacaoCientifica\grn\.env\Lib\site-packages\pandas\core\internals\construction.py
cfn=_validate_or_indexify_columns
calls=2 922
900 5200
cfl=c:\Users\Pedro\faculdade\IniciacaoCientifica\grn\.env\Lib\site-packages\pandas\core\internals\construction.py
cfn=convert_object_array
calls=2 977
900 295300

fl=c:\Users\Pedro\faculdade\IniciacaoCientifica\grn\.env\Lib\site-packages\pandas\core\internals\construction.py
fn=_validate_or_indexify_columns
922 1900
cfl=~
cfn=<built-in method builtins.isinstance>
calls=2 0
922 600
cfl=~
cfn=<built-in method builtins.len>
calls=4 0
922 2700

fl=c:\Users\Pedro\faculdade\IniciacaoCientifica\grn\.env\Lib\site-packages\pandas\core\internals\construction.py
fn=convert_object_array
977 9300
cfl=c:\Users\Pedro\faculdade\IniciacaoCientifica\grn\.env\Lib\site-packages\pandas\core\internals\construction.py
cfn=convert
calls=24 999
977 286000

fl=c:\Users\Pedro\faculdade\IniciacaoCientifica\grn\.env\Lib\site-packages\pandas\core\internals\construction.py
fn=convert
999 119300
cfl=c:\Users\Pedro\faculdade\IniciacaoCientifica\grn\.env\Lib\site-packages\numpy\_core\numeric.py
cfn=full
calls=44 323
999 58300
cfl=c:\Users\Pedro\faculdade\IniciacaoCientifica\grn\.env\Lib\site-packages\pandas\_config\__init__.py
cfn=using_string_dtype
calls=10 33
999 1800
cfl=c:\Users\Pedro\faculdade\IniciacaoCientifica\grn\.env\Lib\site-packages\pandas\core\arrays\string_.py
cfn=__init__
calls=10 197
999 57100
cfl=c:\Users\Pedro\faculdade\IniciacaoCientifica\grn\.env\Lib\site-packages\pandas\core\arrays\string_.py
cfn=construct_array_type
calls=10 312
999 9000
cfl=c:\Users\Pedro\faculdade\IniciacaoCientifica\grn\.env\Lib\site-packages\pandas\core\arrays\string_.py
cfn=_from_sequence
calls=10 756
999 38300
cfl=~
cfn=<built-in method builtins.isinstance>
calls=24 0
999 2200

fl=c:\Users\Pedro\faculdade\IniciacaoCientifica\grn\.env\Lib\site-packages\pandas\core\internals\managers.py
fn=shape
215 3500
cfl=c:\Users\Pedro\faculdade\IniciacaoCientifica\grn\.env\Lib\site-packages\pandas\core\internals\managers.py
cfn=<genexpr>
calls=6 217
215 3800

fl=c:\Users\Pedro\faculdade\IniciacaoCientifica\grn\.env\Lib\site-packages\pandas\core\internals\managers.py
fn=<genexpr>
217 1400
cfl=~
cfn=<built-in method builtins.len>
calls=4 0
217 2400

fl=c:\Users\Pedro\faculdade\IniciacaoCientifica\grn\.env\Lib\site-packages\pandas\core\internals\managers.py
fn=blknos
223 19500
cfl=c:\Users\Pedro\faculdade\IniciacaoCientifica\grn\.env\Lib\site-packages\pandas\core\internals\managers.py
cfn=shape
calls=2 215
223 7300

fl=c:\Users\Pedro\faculdade\IniciacaoCientifica\grn\.env\Lib\site-packages\pandas\core\internals\managers.py
fn=blklocs
239 3100

fl=c:\Users\Pedro\faculdade\IniciacaoCientifica\grn\.env\Lib\site-packages\pandas\core\internals\managers.py
fn=apply
399 27100
cfl=c:\Users\Pedro\faculdade\IniciacaoCientifica\grn\.env\Lib\site-packages\pandas\core\indexes\base.py
cfn=view
calls=4 1033
399 16100
cfl=c:\Users\Pedro\faculdade\IniciacaoCientifica\grn\.env\Lib\site-packages\pandas\core\internals\blocks.py
cfn=get_values_for_csv
calls=16 624
399 614200
cfl=c:\Users\Pedro\faculdade\IniciacaoCientifica\grn\.env\Lib\site-packages\pandas\core\internals\blocks.py
cfn=extend_blocks
calls=16 2336
399 14500
cfl=c:\Users\Pedro\faculdade\IniciacaoCientifica\grn\.env\Lib\site-packages\pandas\core\internals\managers.py
cfn=from_blocks
calls=2 1130
399 3300
cfl=~
cfn=<built-in method builtins.callable>
calls=16 0
399 1900
cfl=~
cfn=<built-in method builtins.getattr>
calls=16 0
399 2800

fl=c:\Users\Pedro\faculdade\IniciacaoCientifica\grn\.env\Lib\site-packages\pandas\core\internals\managers.py
fn=get_values_for_csv
622 6100
cfl=c:\Users\Pedro\faculdade\IniciacaoCientifica\grn\.env\Lib\site-packages\pandas\core\internals\managers.py
cfn=apply
calls=2 399
622 679900

fl=c:\Users\Pedro\faculdade\IniciacaoCientifica\grn\.env\Lib\site-packages\pandas\core\internals\managers.py
fn=__init__
1095 800

fl=c:\Users\Pedro\faculdade\IniciacaoCientifica\grn\.env\Lib\site-packages\pandas\core\internals\managers.py
fn=from_blocks
1130 3100
cfl=c:\Users\Pedro\faculdade\IniciacaoCientifica\grn\.env\Lib\site-packages\pandas\core\internals\managers.py
cfn=__init__
calls=2 1095
1130 200

fl=c:\Users\Pedro\faculdade\IniciacaoCientifica\grn\.env\Lib\site-packages\pandas\core\internals\managers.py
fn=iget_values
1227 20100
cfl=c:\Users\Pedro\faculdade\IniciacaoCientifica\grn\.env\Lib\site-packages\pandas\core\internals\blocks.py
cfn=iget
calls=24 961
1227 6700
cfl=c:\Users\Pedro\faculdade\IniciacaoCientifica\grn\.env\Lib\site-packages\pandas\core\internals\managers.py
cfn=blknos
calls=24 223
1227 26800
cfl=c:\Users\Pedro\faculdade\IniciacaoCientifica\grn\.env\Lib\site-packages\pandas\core\internals\managers.py
cfn=blklocs
calls=24 239
1227 3100

fl=c:\Users\Pedro\faculdade\IniciacaoCientifica\grn\.env\Lib\site-packages\pandas\core\internals\managers.py
fn=is_consolidated
1944 3100
cfl=c:\Users\Pedro\faculdade\IniciacaoCientifica\grn\.env\Lib\site-packages\pandas\core\internals\managers.py
cfn=_consolidate_check
calls=2 1952
1944 27900

fl=c:\Users\Pedro\faculdade\IniciacaoCientifica\grn\.env\Lib\site-packages\pandas\core\internals\managers.py
fn=_consolidate_check
1952 13900
cfl=c:\Users\Pedro\faculdade\IniciacaoCientifica\grn\.env\Lib\site-packages\pandas\core\internals\blocks.py
cfn=_can_consolidate
calls=16 173
1952 12600
cfl=c:\Users\Pedro\faculdade\IniciacaoCientifica\grn\.env\Lib\site-packages\pandas\core\internals\blocks.py
cfn=dtype
calls=6 573
1952 1000
cfl=~
cfn=<built-in method builtins.len>
calls=6 0
1952 400

fl=c:\Users\Pedro\faculdade\IniciacaoCientifica\grn\.env\Lib\site-packages\pandas\core\internals\managers.py
fn=_consolidate_inplace
1962 1700
cfl=c:\Users\Pedro\faculdade\IniciacaoCientifica\grn\.env\Lib\site-packages\pandas\core\internals\managers.py
cfn=is_consolidated
calls=2 1944
1962 31000

fl=c:\Users\Pedro\faculdade\IniciacaoCientifica\grn\.env\Lib\site-packages\pandas\core\internals\managers.py
fn=create_block_manager_from_column_arrays
2319 15800
cfl=c:\Users\Pedro\faculdade\IniciacaoCientifica\grn\.env\Lib\site-packages\pandas\core\internals\managers.py
cfn=__init__
calls=3 1095
2319 400
cfl=c:\Users\Pedro\faculdade\IniciacaoCientifica\grn\.env\Lib\site-packages\pandas\core\internals\managers.py
cfn=_consolidate_inplace
calls=2 1962
2319 32700
cfl=c:\Users\Pedro\faculdade\IniciacaoCientifica\grn\.env\Lib\site-packages\pandas\core\internals\managers.py
cfn=_form_blocks
calls=3 2388
2319 226000

fl=c:\Users\Pedro\faculdade\IniciacaoCientifica\grn\.env\Lib\site-packages\pandas\core\internals\managers.py
fn=_grouping_func
2375 11600
cfl=c:\Users\Pedro\faculdade\IniciacaoCientifica\grn\.env\Lib\site-packages\pandas\core\arrays\numpy_.py
cfn=dtype
calls=10 179
2375 1400
cfl=c:\Users\Pedro\faculdade\IniciacaoCientifica\grn\.env\Lib\site-packages\pandas\core\dtypes\common.py
cfn=is_1d_only_ea_dtype
calls=24 1473
2375 9900
cfl=~
cfn=<built-in method builtins.id>
calls=10 0
2375 1100

fl=c:\Users\Pedro\faculdade\IniciacaoCientifica\grn\.env\Lib\site-packages\pandas\core\internals\managers.py
fn=_form_blocks
2388 64100
cfl=c:\Users\Pedro\faculdade\IniciacaoCientifica\grn\.env\Lib\site-packages\numpy\_core\_asarray.py
cfn=require
calls=6 22
2388 18900
cfl=c:\Users\Pedro\faculdade\IniciacaoCientifica\grn\.env\Lib\site-packages\pandas\core\dtypes\common.py
cfn=is_1d_only_ea_dtype
calls=10 1473
2388 4500
cfl=c:\Users\Pedro\faculdade\IniciacaoCientifica\grn\.env\Lib\site-packages\pandas\core\internals\blocks.py
cfn=get_block_type
calls=16 2216
2388 12300
cfl=c:\Users\Pedro\faculdade\IniciacaoCientifica\grn\.env\Lib\site-packages\pandas\core\internals\managers.py
cfn=_grouping_func
calls=12 2375
2388 15000
cfl=c:\Users\Pedro\faculdade\IniciacaoCientifica\grn\.env\Lib\site-packages\pandas\core\internals\managers.py
cfn=_tuples_to_blocks_no_consolidate
calls=1 2434
2388 67600
cfl=c:\Users\Pedro\faculdade\IniciacaoCientifica\grn\.env\Lib\site-packages\pandas\core\internals\managers.py
cfn=_stack_arrays
calls=6 2444
2388 37000
cfl=~
cfn=<built-in method builtins.isinstance>
calls=16 0
2388 2200
cfl=~
cfn=<built-in method builtins.issubclass>
calls=6 0
2388 1100
cfl=~
cfn=<method 'append' of 'list' objects>
calls=6 0
2388 900
cfl=~
cfn=<method 'extend' of 'list' objects>
calls=10 0
2388 2400

fl=c:\Users\Pedro\faculdade\IniciacaoCientifica\grn\.env\Lib\site-packages\pandas\core\internals\managers.py
fn=_tuples_to_blocks_no_consolidate
2434 12100
cfl=c:\Users\Pedro\faculdade\IniciacaoCientifica\grn\.env\Lib\site-packages\pandas\core\internals\blocks.py
cfn=new_block_2d
calls=12 2245
2434 37100
cfl=c:\Users\Pedro\faculdade\IniciacaoCientifica\grn\.env\Lib\site-packages\pandas\core\internals\blocks.py
cfn=ensure_block_shape
calls=12 2352
2434 18400

fl=c:\Users\Pedro\faculdade\IniciacaoCientifica\grn\.env\Lib\site-packages\pandas\core\internals\managers.py
fn=_stack_arrays
2444 24800
cfl=c:\Users\Pedro\faculdade\IniciacaoCientifica\grn\.env\Lib\site-packages\pandas\core\internals\managers.py
cfn=_grouping_func
calls=12 2375
2444 9000
cfl=~
cfn=<built-in method builtins.len>
calls=6 0
2444 600
cfl=~
cfn=<built-in method numpy.empty>
calls=6 0
2444 2600

fl=c:\Users\Pedro\faculdade\IniciacaoCientifica\grn\.env\Lib\site-packages\pandas\io\common.py
fn=close
126 5600
cfl=~
cfn=<method 'close' of '_io.TextIOWrapper' objects>
calls=3 0
126 211000

fl=c:\Users\Pedro\faculdade\IniciacaoCientifica\grn\.env\Lib\site-packages\pandas\io\common.py
fn=__enter__
143 4800

fl=c:\Users\Pedro\faculdade\IniciacaoCientifica\grn\.env\Lib\site-packages\pandas\io\common.py
fn=__exit__
146 2600
cfl=c:\Users\Pedro\faculdade\IniciacaoCientifica\grn\.env\Lib\site-packages\pandas\io\common.py
cfn=close
calls=2 126
146 188700

fl=c:\Users\Pedro\faculdade\IniciacaoCientifica\grn\.env\Lib\site-packages\pandas\io\common.py
fn=is_url
155 5700
cfl=C:\Users\Pedro\AppData\Local\Python\pythoncore-3.14-64\Lib\urllib\parse.py
cfn=urlparse
calls=3 374
155 44000
cfl=~
cfn=<built-in method builtins.isinstance>
calls=3 0
155 200

fl=c:\Users\Pedro\faculdade\IniciacaoCientifica\grn\.env\Lib\site-packages\pandas\io\common.py
fn=_expand_user
181 7400
cfl=<frozen ntpath>
cfn=expanduser
calls=9 343
181 9300
cfl=~
cfn=<built-in method builtins.isinstance>
calls=9 0
181 500

fl=c:\Users\Pedro\faculdade\IniciacaoCientifica\grn\.env\Lib\site-packages\pandas\io\common.py
fn=validate_header_arg
200 1800
cfl=C:\Users\Pedro\AppData\Local\Python\pythoncore-3.14-64\Lib\typing.py
cfn=cast
calls=1 2300
200 100

fl=c:\Users\Pedro\faculdade\IniciacaoCientifica\grn\.env\Lib\site-packages\pandas\io\common.py
fn=stringify_path
241 5500
cfl=c:\Users\Pedro\faculdade\IniciacaoCientifica\grn\.env\Lib\site-packages\pandas\core\dtypes\inference.py
cfn=is_file_like
calls=3 106
241 2500
cfl=c:\Users\Pedro\faculdade\IniciacaoCientifica\grn\.env\Lib\site-packages\pandas\io\common.py
cfn=_expand_user
calls=6 181
241 12500
cfl=~
cfn=<built-in method builtins.isinstance>
calls=6 0
241 5300

fl=c:\Users\Pedro\faculdade\IniciacaoCientifica\grn\.env\Lib\site-packages\pandas\io\common.py
fn=is_fsspec_url
285 4000
cfl=~
cfn=<built-in method builtins.isinstance>
calls=3 0
285 200
cfl=~
cfn=<method 'match' of 're.Pattern' objects>
calls=3 0
285 2600

fl=c:\Users\Pedro\faculdade\IniciacaoCientifica\grn\.env\Lib\site-packages\pandas\io\common.py
fn=_get_filepath_or_buffer
297 24300
cfl=<string>
cfn=__init__:2
calls=3 2
297 2700
cfl=c:\Users\Pedro\faculdade\IniciacaoCientifica\grn\.env\Lib\site-packages\pandas\io\common.py
cfn=is_url
calls=3 155
297 49900
cfl=c:\Users\Pedro\faculdade\IniciacaoCientifica\grn\.env\Lib\site-packages\pandas\io\common.py
cfn=_expand_user
calls=3 181
297 4700
cfl=c:\Users\Pedro\faculdade\IniciacaoCientifica\grn\.env\Lib\site-packages\pandas\io\common.py
cfn=stringify_path
calls=3 241
297 17700
cfl=c:\Users\Pedro\faculdade\IniciacaoCientifica\grn\.env\Lib\site-packages\pandas\io\common.py
cfn=is_fsspec_url
calls=3 285
297 6800
cfl=c:\Users\Pedro\faculdade\IniciacaoCientifica\grn\.env\Lib\site-packages\pandas\io\common.py
cfn=get_compression_method
calls=3 539
297 3900
cfl=c:\Users\Pedro\faculdade\IniciacaoCientifica\grn\.env\Lib\site-packages\pandas\io\common.py
cfn=infer_compression
calls=3 574
297 30400
cfl=~
cfn=<built-in method builtins.isinstance>
calls=6 0
297 800

fl=c:\Users\Pedro\faculdade\IniciacaoCientifica\grn\.env\Lib\site-packages\pandas\io\common.py
fn=get_compression_method
539 1200
cfl=~
cfn=<built-in method builtins.isinstance>
calls=3 0
539 2700

fl=c:\Users\Pedro\faculdade\IniciacaoCientifica\grn\.env\Lib\site-packages\pandas\io\common.py
fn=infer_compression
574 14400
cfl=c:\Users\Pedro\faculdade\IniciacaoCientifica\grn\.env\Lib\site-packages\pandas\io\common.py
cfn=stringify_path
calls=3 241
574 8100
cfl=~
cfn=<built-in method builtins.isinstance>
calls=6 0
574 300
cfl=~
cfn=<method 'endswith' of 'str' objects>
calls=27 0
574 3000
cfl=~
cfn=<method 'items' of 'dict' objects>
calls=3 0
574 400
cfl=~
cfn=<method 'lower' of 'str' objects>
calls=27 0
574 4200

fl=c:\Users\Pedro\faculdade\IniciacaoCientifica\grn\.env\Lib\site-packages\pandas\io\common.py
fn=check_parent_directory
645 10800
cfl=C:\Users\Pedro\AppData\Local\Python\pythoncore-3.14-64\Lib\pathlib\__init__.py
cfn=__init__
calls=2 135
645 4000
cfl=C:\Users\Pedro\AppData\Local\Python\pythoncore-3.14-64\Lib\pathlib\__init__.py
cfn=parent
calls=2 381
645 39800
cfl=C:\Users\Pedro\AppData\Local\Python\pythoncore-3.14-64\Lib\pathlib\__init__.py
cfn=__new__
calls=2 632
645 2800
cfl=C:\Users\Pedro\AppData\Local\Python\pythoncore-3.14-64\Lib\pathlib\__init__.py
cfn=is_dir
calls=2 674
645 130000

fl=c:\Users\Pedro\faculdade\IniciacaoCientifica\grn\.env\Lib\site-packages\pandas\io\common.py
fn=get_handle
701 55800
cfl=<string>
cfn=__init__:2
calls=3 2
701 2800
cfl=c:\Users\Pedro\faculdade\IniciacaoCientifica\grn\.env\Lib\site-packages\pandas\io\common.py
cfn=_get_filepath_or_buffer
calls=3 297
701 141200
cfl=c:\Users\Pedro\faculdade\IniciacaoCientifica\grn\.env\Lib\site-packages\pandas\io\common.py
cfn=check_parent_directory
calls=2 645
701 187400
cfl=c:\Users\Pedro\faculdade\IniciacaoCientifica\grn\.env\Lib\site-packages\pandas\io\common.py
cfn=_maybe_memory_map
calls=3 1178
701 3400
cfl=c:\Users\Pedro\faculdade\IniciacaoCientifica\grn\.env\Lib\site-packages\pandas\io\common.py
cfn=_is_binary_mode
calls=6 1228
701 37500
cfl=~
cfn=<built-in method _codecs.lookup>
calls=3 0
701 2100
cfl=~
cfn=<built-in method _codecs.lookup_error>
calls=3 0
701 1500
cfl=~
cfn=<built-in method _io.open>
calls=3 0
701 6447900
cfl=~
cfn=<built-in method builtins.hasattr>
calls=1 0
701 500
cfl=~
cfn=<built-in method builtins.isinstance>
calls=9 0
701 900
cfl=~
cfn=<method 'append' of 'list' objects>
calls=3 0
701 1200
cfl=~
cfn=<method 'pop' of 'dict' objects>
calls=3 0
701 700
cfl=~
cfn=<method 'reverse' of 'list' objects>
calls=3 0
701 800

fl=c:\Users\Pedro\faculdade\IniciacaoCientifica\grn\.env\Lib\site-packages\pandas\io\common.py
fn=_maybe_memory_map
1178 2700
cfl=~
cfn=<built-in method builtins.hasattr>
calls=3 0
1178 500
cfl=~
cfn=<built-in method builtins.isinstance>
calls=3 0
1178 200

fl=c:\Users\Pedro\faculdade\IniciacaoCientifica\grn\.env\Lib\site-packages\pandas\io\common.py
fn=_is_binary_mode
1228 15300
cfl=~
cfn=<built-in method builtins.getattr>
calls=6 0
1228 1200
cfl=~
cfn=<built-in method builtins.isinstance>
calls=6 0
1228 19500
cfl=~
cfn=<built-in method builtins.issubclass>
calls=6 0
1228 1500

fl=c:\Users\Pedro\faculdade\IniciacaoCientifica\grn\.env\Lib\site-packages\pandas\io\common.py
fn=is_potential_multi_index
1267 6800
cfl=c:\Users\Pedro\faculdade\IniciacaoCientifica\grn\.env\Lib\site-packages\pandas\io\common.py
cfn=<genexpr>
calls=4 1294
1267 2600
cfl=~
cfn=<built-in method builtins.isinstance>
calls=2 0
1267 4300
cfl=~
cfn=<built-in method builtins.len>
calls=2 0
1267 200

fl=c:\Users\Pedro\faculdade\IniciacaoCientifica\grn\.env\Lib\site-packages\pandas\io\common.py
fn=<genexpr>
1294 2300
cfl=~
cfn=<built-in method builtins.isinstance>
calls=2 0
1294 300

fl=c:\Users\Pedro\faculdade\IniciacaoCientifica\grn\.env\Lib\site-packages\pandas\io\common.py
fn=dedup_names
1298 7400

fl=c:\Users\Pedro\faculdade\IniciacaoCientifica\grn\.env\Lib\site-packages\pandas\io\formats\csvs.py
fn=<module>
1 17800
cfl=<frozen importlib._bootstrap>
cfn=_handle_fromlist
calls=1 1401
1 1300
cfl=C:\Users\Pedro\AppData\Local\Python\pythoncore-3.14-64\Lib\typing.py
cfn=__getattr__
calls=1 3827
1 2600
cfl=~
cfn=<built-in method builtins.__build_class__>
calls=1 0
1 26000

fl=c:\Users\Pedro\faculdade\IniciacaoCientifica\grn\.env\Lib\site-packages\pandas\io\formats\csvs.py
fn=CSVFormatter
56 10500

fl=c:\Users\Pedro\faculdade\IniciacaoCientifica\grn\.env\Lib\site-packages\pandas\io\formats\csvs.py
fn=__init__
59 10200
cfl=c:\Users\Pedro\faculdade\IniciacaoCientifica\grn\.env\Lib\site-packages\pandas\io\formats\csvs.py
cfn=_initialize_index_label
calls=2 121
59 12400
cfl=c:\Users\Pedro\faculdade\IniciacaoCientifica\grn\.env\Lib\site-packages\pandas\io\formats\csvs.py
cfn=_initialize_quotechar
calls=2 143
59 700
cfl=c:\Users\Pedro\faculdade\IniciacaoCientifica\grn\.env\Lib\site-packages\pandas\io\formats\csvs.py
cfn=_initialize_columns
calls=2 153
59 187500
cfl=c:\Users\Pedro\faculdade\IniciacaoCientifica\grn\.env\Lib\site-packages\pandas\io\formats\csvs.py
cfn=_initialize_chunksize
calls=2 174
59 1700

fl=c:\Users\Pedro\faculdade\IniciacaoCientifica\grn\.env\Lib\site-packages\pandas\io\formats\csvs.py
fn=na_rep
101 900

fl=c:\Users\Pedro\faculdade\IniciacaoCientifica\grn\.env\Lib\site-packages\pandas\io\formats\csvs.py
fn=float_format
105 700

fl=c:\Users\Pedro\faculdade\IniciacaoCientifica\grn\.env\Lib\site-packages\pandas\io\formats\csvs.py
fn=decimal
109 600

fl=c:\Users\Pedro\faculdade\IniciacaoCientifica\grn\.env\Lib\site-packages\pandas\io\formats\csvs.py
fn=header
113 1500

fl=c:\Users\Pedro\faculdade\IniciacaoCientifica\grn\.env\Lib\site-packages\pandas\io\formats\csvs.py
fn=index
117 800

fl=c:\Users\Pedro\faculdade\IniciacaoCientifica\grn\.env\Lib\site-packages\pandas\io\formats\csvs.py
fn=_initialize_index_label
121 1600
cfl=c:\Users\Pedro\faculdade\IniciacaoCientifica\grn\.env\Lib\site-packages\pandas\io\formats\csvs.py
cfn=_get_index_label_from_obj
calls=2 130
121 10800

fl=c:\Users\Pedro\faculdade\IniciacaoCientifica\grn\.env\Lib\site-packages\pandas\io\formats\csvs.py
fn=_get_index_label_from_obj
130 4000
cfl=c:\Users\Pedro\faculdade\IniciacaoCientifica\grn\.env\Lib\site-packages\pandas\io\formats\csvs.py
cfn=_get_index_label_flat
calls=2 139
130 2600
cfl=~
cfn=<built-in method builtins.isinstance>
calls=2 0
130 4200

fl=c:\Users\Pedro\faculdade\IniciacaoCientifica\grn\.env\Lib\site-packages\pandas\io\formats\csvs.py
fn=_get_index_label_flat
139 2200
cfl=c:\Users\Pedro\faculdade\IniciacaoCientifica\grn\.env\Lib\site-packages\pandas\core\indexes\base.py
cfn=name
calls=2 1779
139 400

fl=c:\Users\Pedro\faculdade\IniciacaoCientifica\grn\.env\Lib\site-packages\pandas\io\formats\csvs.py
fn=_initialize_quotechar
143 700

fl=c:\Users\Pedro\faculdade\IniciacaoCientifica\grn\.env\Lib\site-packages\pandas\io\formats\csvs.py
fn=has_mi_columns
149 5700
cfl=~
cfn=<built-in method builtins.isinstance>
calls=6 0
149 7000

fl=c:\Users\Pedro\faculdade\IniciacaoCientifica\grn\.env\Lib\site-packages\pandas\io\formats\csvs.py
fn=_initialize_columns
153 5600
cfl=c:\Users\Pedro\faculdade\IniciacaoCientifica\grn\.env\Lib\site-packages\pandas\core\indexes\base.py
cfn=_get_values_for_csv
calls=2 1574
153 174700
cfl=c:\Users\Pedro\faculdade\IniciacaoCientifica\grn\.env\Lib\site-packages\pandas\io\formats\csvs.py
cfn=has_mi_columns
calls=2 149
153 3700
cfl=c:\Users\Pedro\faculdade\IniciacaoCientifica\grn\.env\Lib\site-packages\pandas\io\formats\csvs.py
cfn=_number_format
calls=2 179
153 3500

fl=c:\Users\Pedro\faculdade\IniciacaoCientifica\grn\.env\Lib\site-packages\pandas\io\formats\csvs.py
fn=_initialize_chunksize
174 1400
cfl=~
cfn=<built-in method builtins.len>
calls=2 0
174 300

fl=c:\Users\Pedro\faculdade\IniciacaoCientifica\grn\.env\Lib\site-packages\pandas\io\formats\csvs.py
fn=_number_format
179 4900
cfl=c:\Users\Pedro\faculdade\IniciacaoCientifica\grn\.env\Lib\site-packages\pandas\io\formats\csvs.py
cfn=na_rep
calls=4 101
179 900
cfl=c:\Users\Pedro\faculdade\IniciacaoCientifica\grn\.env\Lib\site-packages\pandas\io\formats\csvs.py
cfn=float_format
calls=4 105
179 700
cfl=c:\Users\Pedro\faculdade\IniciacaoCientifica\grn\.env\Lib\site-packages\pandas\io\formats\csvs.py
cfn=decimal
calls=4 109
179 600

fl=c:\Users\Pedro\faculdade\IniciacaoCientifica\grn\.env\Lib\site-packages\pandas\io\formats\csvs.py
fn=data_index
190 2800
cfl=~
cfn=<built-in method builtins.isinstance>
calls=4 0
190 5900

fl=c:\Users\Pedro\faculdade\IniciacaoCientifica\grn\.env\Lib\site-packages\pandas\io\formats\csvs.py
fn=nlevels
204 1600
cfl=c:\Users\Pedro\faculdade\IniciacaoCientifica\grn\.env\Lib\site-packages\pandas\io\formats\csvs.py
cfn=index
calls=4 117
204 600

fl=c:\Users\Pedro\faculdade\IniciacaoCientifica\grn\.env\Lib\site-packages\pandas\io\formats\csvs.py
fn=_has_aliases
211 4300
cfl=c:\Users\Pedro\faculdade\IniciacaoCientifica\grn\.env\Lib\site-packages\pandas\io\formats\csvs.py
cfn=header
calls=4 113
211 1100
cfl=~
cfn=<built-in method builtins.isinstance>
calls=4 0
211 6600

fl=c:\Users\Pedro\faculdade\IniciacaoCientifica\grn\.env\Lib\site-packages\pandas\io\formats\csvs.py
fn=_need_to_save_header
215 2800
cfl=c:\Users\Pedro\faculdade\IniciacaoCientifica\grn\.env\Lib\site-packages\pandas\io\formats\csvs.py
cfn=header
calls=2 113
215 400
cfl=c:\Users\Pedro\faculdade\IniciacaoCientifica\grn\.env\Lib\site-packages\pandas\io\formats\csvs.py
cfn=_has_aliases
calls=2 211
215 8500

fl=c:\Users\Pedro\faculdade\IniciacaoCientifica\grn\.env\Lib\site-packages\pandas\io\formats\csvs.py
fn=write_cols
219 9900
cfl=C:\Users\Pedro\AppData\Local\Python\pythoncore-3.14-64\Lib\typing.py
cfn=inner
calls=2 396
219 2800
cfl=C:\Users\Pedro\AppData\Local\Python\pythoncore-3.14-64\Lib\typing.py
cfn=cast
calls=2 2300
219 100
cfl=c:\Users\Pedro\faculdade\IniciacaoCientifica\grn\.env\Lib\site-packages\pandas\io\formats\csvs.py
cfn=_has_aliases
calls=2 211
219 3500

fl=c:\Users\Pedro\faculdade\IniciacaoCientifica\grn\.env\Lib\site-packages\pandas\io\formats\csvs.py
fn=encoded_labels
233 11800
cfl=c:\Users\Pedro\faculdade\IniciacaoCientifica\grn\.env\Lib\site-packages\pandas\io\formats\csvs.py
cfn=index
calls=2 117
233 200
cfl=c:\Users\Pedro\faculdade\IniciacaoCientifica\grn\.env\Lib\site-packages\pandas\io\formats\csvs.py
cfn=has_mi_columns
calls=2 149
233 2500
cfl=c:\Users\Pedro\faculdade\IniciacaoCientifica\grn\.env\Lib\site-packages\pandas\io\formats\csvs.py
cfn=write_cols
calls=2 219
233 16300

fl=c:\Users\Pedro\faculdade\IniciacaoCientifica\grn\.env\Lib\site-packages\pandas\io\formats\csvs.py
fn=save
246 25000
cfl=c:\Users\Pedro\faculdade\IniciacaoCientifica\grn\.env\Lib\site-packages\pandas\io\common.py
cfn=__enter__
calls=2 143
246 4800
cfl=c:\Users\Pedro\faculdade\IniciacaoCientifica\grn\.env\Lib\site-packages\pandas\io\common.py
cfn=__exit__
calls=2 146
246 191300
cfl=c:\Users\Pedro\faculdade\IniciacaoCientifica\grn\.env\Lib\site-packages\pandas\io\common.py
cfn=get_handle
calls=2 701
246 766000
cfl=c:\Users\Pedro\faculdade\IniciacaoCientifica\grn\.env\Lib\site-packages\pandas\io\formats\csvs.py
cfn=_save
calls=2 274
246 1133200
cfl=~
cfn=<built-in method _csv.writer>
calls=2 0
246 6700

fl=c:\Users\Pedro\faculdade\IniciacaoCientifica\grn\.env\Lib\site-packages\pandas\io\formats\csvs.py
fn=_save
274 6100
cfl=c:\Users\Pedro\faculdade\IniciacaoCientifica\grn\.env\Lib\site-packages\pandas\io\formats\csvs.py
cfn=_need_to_save_header
calls=2 215
274 11700
cfl=c:\Users\Pedro\faculdade\IniciacaoCientifica\grn\.env\Lib\site-packages\pandas\io\formats\csvs.py
cfn=_save_header
calls=2 279
274 48200
cfl=c:\Users\Pedro\faculdade\IniciacaoCientifica\grn\.env\Lib\site-packages\pandas\io\formats\csvs.py
cfn=_save_body
calls=2 307
274 1067200

fl=c:\Users\Pedro\faculdade\IniciacaoCientifica\grn\.env\Lib\site-packages\pandas\io\formats\csvs.py
fn=_save_header
279 5900
cfl=c:\Users\Pedro\faculdade\IniciacaoCientifica\grn\.env\Lib\site-packages\pandas\io\formats\csvs.py
cfn=has_mi_columns
calls=2 149
279 6500
cfl=c:\Users\Pedro\faculdade\IniciacaoCientifica\grn\.env\Lib\site-packages\pandas\io\formats\csvs.py
cfn=encoded_labels
calls=2 233
279 30800
cfl=~
cfn=<method 'writerow' of '_csv.writer' objects>
calls=2 0
279 5000

fl=c:\Users\Pedro\faculdade\IniciacaoCientifica\grn\.env\Lib\site-packages\pandas\io\formats\csvs.py
fn=_save_body
307 20600
cfl=c:\Users\Pedro\faculdade\IniciacaoCientifica\grn\.env\Lib\site-packages\pandas\io\formats\csvs.py
cfn=data_index
calls=2 190
307 8700
cfl=c:\Users\Pedro\faculdade\IniciacaoCientifica\grn\.env\Lib\site-packages\pandas\io\formats\csvs.py
cfn=_save_chunk
calls=2 317
307 1034700
cfl=~
cfn=<built-in method builtins.len>
calls=2 0
307 2800
cfl=~
cfn=<built-in method builtins.min>
calls=2 0
307 400

fl=c:\Users\Pedro\faculdade\IniciacaoCientifica\grn\.env\Lib\site-packages\pandas\io\formats\csvs.py
fn=_save_chunk
317 44900
cfl=c:\Users\Pedro\faculdade\IniciacaoCientifica\grn\.env\Lib\site-packages\pandas\core\frame.py
cfn=_get_values_for_csv
calls=2 1386
317 696000
cfl=c:\Users\Pedro\faculdade\IniciacaoCientifica\grn\.env\Lib\site-packages\pandas\core\frame.py
cfn=_iter_column_arrays
calls=26 4326
317 73800
cfl=c:\Users\Pedro\faculdade\IniciacaoCientifica\grn\.env\Lib\site-packages\pandas\core\indexing.py
cfn=iloc
calls=2 159
317 2400
cfl=c:\Users\Pedro\faculdade\IniciacaoCientifica\grn\.env\Lib\site-packages\pandas\core\indexing.py
cfn=__getitem__
calls=2 1192
317 210400
cfl=c:\Users\Pedro\faculdade\IniciacaoCientifica\grn\.env\Lib\site-packages\pandas\io\formats\csvs.py
cfn=_number_format
calls=2 179
317 3600
cfl=c:\Users\Pedro\faculdade\IniciacaoCientifica\grn\.env\Lib\site-packages\pandas\io\formats\csvs.py
cfn=nlevels
calls=4 204
317 2200
cfl=~
cfn=<built-in method numpy.empty>
calls=2 0
317 1400

fl=c:\Users\Pedro\faculdade\IniciacaoCientifica\grn\.env\Lib\site-packages\pandas\io\formats\format.py
fn=__init__:425
425 22700
cfl=c:\Users\Pedro\faculdade\IniciacaoCientifica\grn\.env\Lib\site-packages\pandas\io\formats\format.py
cfn=_initialize_sparsify
calls=2 526
425 8300
cfl=c:\Users\Pedro\faculdade\IniciacaoCientifica\grn\.env\Lib\site-packages\pandas\io\formats\format.py
cfn=_initialize_formatters
calls=2 531
425 300
cfl=c:\Users\Pedro\faculdade\IniciacaoCientifica\grn\.env\Lib\site-packages\pandas\io\formats\format.py
cfn=_initialize_justify
calls=2 544
425 12100
cfl=c:\Users\Pedro\faculdade\IniciacaoCientifica\grn\.env\Lib\site-packages\pandas\io\formats\format.py
cfn=_initialize_columns
calls=2 550
425 1600
cfl=c:\Users\Pedro\faculdade\IniciacaoCientifica\grn\.env\Lib\site-packages\pandas\io\formats\format.py
cfn=_initialize_colspace
calls=2 558
425 400
cfl=c:\Users\Pedro\faculdade\IniciacaoCientifica\grn\.env\Lib\site-packages\pandas\io\formats\format.py
cfn=_calc_max_cols_fitted
calls=2 582
425 2700
cfl=c:\Users\Pedro\faculdade\IniciacaoCientifica\grn\.env\Lib\site-packages\pandas\io\formats\format.py
cfn=_calc_max_rows_fitted
calls=2 593
425 3100
cfl=c:\Users\Pedro\faculdade\IniciacaoCientifica\grn\.env\Lib\site-packages\pandas\io\formats\format.py
cfn=truncate
calls=2 650
425 4000
cfl=c:\Users\Pedro\faculdade\IniciacaoCientifica\grn\.env\Lib\site-packages\pandas\io\formats\format.py
cfn=_validate_float_format
calls=2 851
425 300
cfl=c:\Users\Pedro\faculdade\IniciacaoCientifica\grn\.env\Lib\site-packages\pandas\io\formats\printing.py
cfn=get_adjustment
calls=2 582
425 18800

fl=c:\Users\Pedro\faculdade\IniciacaoCientifica\grn\.env\Lib\site-packages\pandas\io\formats\format.py
fn=is_truncated_horizontally
494 900

fl=c:\Users\Pedro\faculdade\IniciacaoCientifica\grn\.env\Lib\site-packages\pandas\io\formats\format.py
fn=is_truncated_vertically
498 300

fl=c:\Users\Pedro\faculdade\IniciacaoCientifica\grn\.env\Lib\site-packages\pandas\io\formats\format.py
fn=_initialize_sparsify
526 800
cfl=c:\Users\Pedro\faculdade\IniciacaoCientifica\grn\.env\Lib\site-packages\pandas\_config\config.py
cfn=get_option
calls=2 143
526 7500

fl=c:\Users\Pedro\faculdade\IniciacaoCientifica\grn\.env\Lib\site-packages\pandas\io\formats\format.py
fn=_initialize_formatters
531 300

fl=c:\Users\Pedro\faculdade\IniciacaoCientifica\grn\.env\Lib\site-packages\pandas\io\formats\format.py
fn=_initialize_justify
544 1200
cfl=c:\Users\Pedro\faculdade\IniciacaoCientifica\grn\.env\Lib\site-packages\pandas\_config\config.py
cfn=get_option
calls=2 143
544 10900

fl=c:\Users\Pedro\faculdade\IniciacaoCientifica\grn\.env\Lib\site-packages\pandas\io\formats\format.py
fn=_initialize_columns
550 1600

fl=c:\Users\Pedro\faculdade\IniciacaoCientifica\grn\.env\Lib\site-packages\pandas\io\formats\format.py
fn=_initialize_colspace
558 400

fl=c:\Users\Pedro\faculdade\IniciacaoCientifica\grn\.env\Lib\site-packages\pandas\io\formats\format.py
fn=_calc_max_cols_fitted
582 1500
cfl=c:\Users\Pedro\faculdade\IniciacaoCientifica\grn\.env\Lib\site-packages\pandas\io\formats\format.py
cfn=_is_in_terminal
calls=2 626
582 1200

fl=c:\Users\Pedro\faculdade\IniciacaoCientifica\grn\.env\Lib\site-packages\pandas\io\formats\format.py
fn=_calc_max_rows_fitted
593 2100
cfl=c:\Users\Pedro\faculdade\IniciacaoCientifica\grn\.env\Lib\site-packages\pandas\io\formats\format.py
cfn=_adjust_max_rows
calls=2 612
593 200
cfl=c:\Users\Pedro\faculdade\IniciacaoCientifica\grn\.env\Lib\site-packages\pandas\io\formats\format.py
cfn=_is_in_terminal
calls=2 626
593 800

fl=c:\Users\Pedro\faculdade\IniciacaoCientifica\grn\.env\Lib\site-packages\pandas\io\formats\format.py
fn=_adjust_max_rows
612 200

fl=c:\Users\Pedro\faculdade\IniciacaoCientifica\grn\.env\Lib\site-packages\pandas\io\formats\format.py
fn=_is_in_terminal
626 2000

fl=c:\Users\Pedro\faculdade\IniciacaoCientifica\grn\.env\Lib\site-packages\pandas\io\formats\format.py
fn=truncate
650 2800
cfl=c:\Users\Pedro\faculdade\IniciacaoCientifica\grn\.env\Lib\site-packages\pandas\io\formats\format.py
cfn=is_truncated_horizontally
calls=2 494
650 900
cfl=c:\Users\Pedro\faculdade\IniciacaoCientifica\grn\.env\Lib\site-packages\pandas\io\formats\format.py
cfn=is_truncated_vertically
calls=2 498
650 300

fl=c:\Users\Pedro\faculdade\IniciacaoCientifica\grn\.env\Lib\site-packages\pandas\io\formats\format.py
fn=_validate_float_format
851 300

fl=c:\Users\Pedro\faculdade\IniciacaoCientifica\grn\.env\Lib\site-packages\pandas\io\formats\format.py
fn=__init__:892
892 500

fl=c:\Users\Pedro\faculdade\IniciacaoCientifica\grn\.env\Lib\site-packages\pandas\io\formats\format.py
fn=to_csv
976 12100
cfl=<frozen importlib._bootstrap>
cfn=_find_and_load
calls=1 1360
976 726700
cfl=c:\Users\Pedro\faculdade\IniciacaoCientifica\grn\.env\Lib\site-packages\pandas\io\formats\csvs.py
cfn=__init__
calls=2 59
976 212500
cfl=c:\Users\Pedro\faculdade\IniciacaoCientifica\grn\.env\Lib\site-packages\pandas\io\formats\csvs.py
cfn=save
calls=2 246
976 2127000

fl=c:\Users\Pedro\faculdade\IniciacaoCientifica\grn\.env\Lib\site-packages\pandas\io\formats\printing.py
fn=__init__
522 1900
cfl=c:\Users\Pedro\faculdade\IniciacaoCientifica\grn\.env\Lib\site-packages\pandas\_config\config.py
cfn=get_option
calls=2 143
522 6100

fl=c:\Users\Pedro\faculdade\IniciacaoCientifica\grn\.env\Lib\site-packages\pandas\io\formats\printing.py
fn=get_adjustment
582 3400
cfl=c:\Users\Pedro\faculdade\IniciacaoCientifica\grn\.env\Lib\site-packages\pandas\_config\config.py
cfn=get_option
calls=2 143
582 7400
cfl=c:\Users\Pedro\faculdade\IniciacaoCientifica\grn\.env\Lib\site-packages\pandas\io\formats\printing.py
cfn=__init__
calls=2 522
582 8000

fl=c:\Users\Pedro\faculdade\IniciacaoCientifica\grn\.env\Lib\site-packages\pandas\io\parsers\base_parser.py
fn=__init__
99 21800
cfl=C:\Users\Pedro\AppData\Local\Python\pythoncore-3.14-64\Lib\copy.py
cfn=copy
calls=1 62
99 1100
cfl=c:\Users\Pedro\faculdade\IniciacaoCientifica\grn\.env\Lib\site-packages\pandas\io\parsers\base_parser.py
cfn=_validate_usecols_arg
calls=1 921
99 300
cfl=~
cfn=<method 'get' of 'dict' objects>
calls=13 0
99 1700
cfl=~
cfn=<method 'pop' of 'dict' objects>
calls=5 0
99 1100

fl=c:\Users\Pedro\faculdade\IniciacaoCientifica\grn\.env\Lib\site-packages\pandas\io\parsers\base_parser.py
fn=_extract_multi_indexer_columns
189 900
cfl=~
cfn=<built-in method builtins.len>
calls=1 0
189 300

fl=c:\Users\Pedro\faculdade\IniciacaoCientifica\grn\.env\Lib\site-packages\pandas\io\parsers\base_parser.py
fn=_maybe_make_multi_index_columns
260 600
cfl=c:\Users\Pedro\faculdade\IniciacaoCientifica\grn\.env\Lib\site-packages\pandas\io\common.py
cfn=is_potential_multi_index
calls=1 1267
260 3900

fl=c:\Users\Pedro\faculdade\IniciacaoCientifica\grn\.env\Lib\site-packages\pandas\io\parsers\base_parser.py
fn=_make_index
272 1700
cfl=c:\Users\Pedro\faculdade\IniciacaoCientifica\grn\.env\Lib\site-packages\pandas\io\parsers\base_parser.py
cfn=_maybe_make_multi_index_columns
calls=1 260
272 4500
cfl=~
cfn=<built-in method builtins.isinstance>
calls=1 0
272 100

fl=c:\Users\Pedro\faculdade\IniciacaoCientifica\grn\.env\Lib\site-packages\pandas\io\parsers\base_parser.py
fn=_set_noconvert_dtype_columns
390 2900
cfl=~
cfn=<built-in method builtins.callable>
calls=1 0
390 200
cfl=~
cfn=<built-in method builtins.isinstance>
calls=1 0
390 200

fl=c:\Users\Pedro\faculdade\IniciacaoCientifica\grn\.env\Lib\site-packages\pandas\io\parsers\base_parser.py
fn=_do_date_conversions
579 800
cfl=~
cfn=<built-in method builtins.isinstance>
calls=1 0
579 100

fl=c:\Users\Pedro\faculdade\IniciacaoCientifica\grn\.env\Lib\site-packages\pandas\io\parsers\base_parser.py
fn=_check_data_length
607 800
cfl=~
cfn=<built-in method builtins.len>
calls=2 0
607 100

fl=c:\Users\Pedro\faculdade\IniciacaoCientifica\grn\.env\Lib\site-packages\pandas\io\parsers\base_parser.py
fn=is_index_col
871 600

fl=c:\Users\Pedro\faculdade\IniciacaoCientifica\grn\.env\Lib\site-packages\pandas\io\parsers\base_parser.py
fn=validate_parse_dates_presence
875 900
cfl=~
cfn=<built-in method builtins.isinstance>
calls=1 0
875 300

fl=c:\Users\Pedro\faculdade\IniciacaoCientifica\grn\.env\Lib\site-packages\pandas\io\parsers\base_parser.py
fn=_validate_usecols_arg
921 300

fl=c:\Users\Pedro\faculdade\IniciacaoCientifica\grn\.env\Lib\site-packages\pandas\io\parsers\base_parser.py
fn=evaluate_callable_usecols
984 500
cfl=~
cfn=<built-in method builtins.callable>
calls=1 0
984 100

fl=c:\Users\Pedro\faculdade\IniciacaoCientifica\grn\.env\Lib\site-packages\pandas\io\parsers\c_parser_wrapper.py
fn=__init__
65 159400
cfl=<frozen codecs>
cfn=decode
calls=2 322
65 3700
cfl=<frozen codecs>
cfn=getstate
calls=2 334
65 400
cfl=C:\Users\Pedro\AppData\Local\Python\pythoncore-3.14-64\Lib\enum.py
cfn=__get__
calls=1 187
65 1700
cfl=c:\Users\Pedro\faculdade\IniciacaoCientifica\grn\.env\Lib\site-packages\pandas\io\parsers\base_parser.py
cfn=__init__
calls=1 99
65 26000
cfl=c:\Users\Pedro\faculdade\IniciacaoCientifica\grn\.env\Lib\site-packages\pandas\io\parsers\base_parser.py
cfn=_extract_multi_indexer_columns
calls=1 189
65 1200
cfl=c:\Users\Pedro\faculdade\IniciacaoCientifica\grn\.env\Lib\site-packages\pandas\io\parsers\base_parser.py
cfn=is_index_col
calls=1 871
65 300
cfl=c:\Users\Pedro\faculdade\IniciacaoCientifica\grn\.env\Lib\site-packages\pandas\io\parsers\base_parser.py
cfn=validate_parse_dates_presence
calls=1 875
65 1200
cfl=c:\Users\Pedro\faculdade\IniciacaoCientifica\grn\.env\Lib\site-packages\pandas\io\parsers\c_parser_wrapper.py
cfn=_set_noconvert_columns
calls=1 183
65 10100
cfl=c:\Users\Pedro\faculdade\IniciacaoCientifica\grn\.env\Lib\site-packages\pandas\io\parsers\c_parser_wrapper.py
cfn=ensure_dtype_objs
calls=1 377
65 1700
cfl=~
cfn=<method 'copy' of 'dict' objects>
calls=1 0
65 600
cfl=~
cfn=<method 'get' of 'dict' objects>
calls=1 0
65 100
cfl=~
cfn=<method 'pop' of 'dict' objects>
calls=5 0
65 700

fl=c:\Users\Pedro\faculdade\IniciacaoCientifica\grn\.env\Lib\site-packages\pandas\io\parsers\c_parser_wrapper.py
fn=close
176 2500

fl=c:\Users\Pedro\faculdade\IniciacaoCientifica\grn\.env\Lib\site-packages\pandas\io\parsers\c_parser_wrapper.py
fn=_set_noconvert_columns
183 6800
cfl=c:\Users\Pedro\faculdade\IniciacaoCientifica\grn\.env\Lib\site-packages\pandas\io\parsers\base_parser.py
cfn=_set_noconvert_dtype_columns
calls=1 390
183 3300

fl=c:\Users\Pedro\faculdade\IniciacaoCientifica\grn\.env\Lib\site-packages\pandas\io\parsers\c_parser_wrapper.py
fn=read
203 143300
cfl=<frozen codecs>
cfn=decode
calls=1 322
203 600
cfl=<frozen codecs>
cfn=getstate
calls=1 334
203 100
cfl=c:\Users\Pedro\faculdade\IniciacaoCientifica\grn\.env\Lib\site-packages\numpy\_core\multiarray.py
cfn=putmask
calls=5 1135
203 900
cfl=c:\Users\Pedro\faculdade\IniciacaoCientifica\grn\.env\Lib\site-packages\pandas\io\common.py
cfn=is_potential_multi_index
calls=1 1267
203 10000
cfl=c:\Users\Pedro\faculdade\IniciacaoCientifica\grn\.env\Lib\site-packages\pandas\io\common.py
cfn=dedup_names
calls=1 1298
203 7400
cfl=c:\Users\Pedro\faculdade\IniciacaoCientifica\grn\.env\Lib\site-packages\pandas\io\parsers\base_parser.py
cfn=_make_index
calls=1 272
203 6300
cfl=c:\Users\Pedro\faculdade\IniciacaoCientifica\grn\.env\Lib\site-packages\pandas\io\parsers\base_parser.py
cfn=_do_date_conversions
calls=1 579
203 900
cfl=c:\Users\Pedro\faculdade\IniciacaoCientifica\grn\.env\Lib\site-packages\pandas\io\parsers\base_parser.py
cfn=_check_data_length
calls=1 607
203 900
cfl=c:\Users\Pedro\faculdade\IniciacaoCientifica\grn\.env\Lib\site-packages\pandas\io\parsers\c_parser_wrapper.py
cfn=_filter_usecols
calls=1 328
203 2000
cfl=c:\Users\Pedro\faculdade\IniciacaoCientifica\grn\.env\Lib\site-packages\pandas\io\parsers\c_parser_wrapper.py
cfn=_concatenate_chunks
calls=1 336
203 61000
cfl=~
cfn=<built-in method builtins.sorted>
calls=1 0
203 2500
cfl=~
cfn=<method 'items' of 'dict' objects>
calls=1 0
203 100

fl=c:\Users\Pedro\faculdade\IniciacaoCientifica\grn\.env\Lib\site-packages\pandas\io\parsers\c_parser_wrapper.py
fn=_filter_usecols
328 1400
cfl=c:\Users\Pedro\faculdade\IniciacaoCientifica\grn\.env\Lib\site-packages\pandas\io\parsers\base_parser.py
cfn=evaluate_callable_usecols
calls=1 984
328 600

fl=c:\Users\Pedro\faculdade\IniciacaoCientifica\grn\.env\Lib\site-packages\pandas\io\parsers\c_parser_wrapper.py
fn=_concatenate_chunks
336 26500
cfl=c:\Users\Pedro\faculdade\IniciacaoCientifica\grn\.env\Lib\site-packages\pandas\core\dtypes\concat.py
cfn=concat_compat
calls=12 52
336 27600
cfl=~
cfn=<built-in method builtins.isinstance>
calls=24 0
336 2100
cfl=~
cfn=<built-in method builtins.len>
calls=12 0
336 1300
cfl=~
cfn=<method 'keys' of 'dict' objects>
calls=1 0
336 500
cfl=~
cfn=<method 'pop' of 'dict' objects>
calls=12 0
336 1500
cfl=~
cfn=<method 'pop' of 'set' objects>
calls=12 0
336 1500

fl=c:\Users\Pedro\faculdade\IniciacaoCientifica\grn\.env\Lib\site-packages\pandas\io\parsers\c_parser_wrapper.py
fn=ensure_dtype_objs
377 1000
cfl=~
cfn=<built-in method builtins.isinstance>
calls=2 0
377 700

fl=c:\Users\Pedro\faculdade\IniciacaoCientifica\grn\.env\Lib\site-packages\pandas\io\parsers\readers.py
fn=validate_integer
202 400

fl=c:\Users\Pedro\faculdade\IniciacaoCientifica\grn\.env\Lib\site-packages\pandas\io\parsers\readers.py
fn=_validate_names
234 200

fl=c:\Users\Pedro\faculdade\IniciacaoCientifica\grn\.env\Lib\site-packages\pandas\io\parsers\readers.py
fn=_read
258 21200
cfl=c:\Users\Pedro\faculdade\IniciacaoCientifica\grn\.env\Lib\site-packages\pandas\io\parsers\readers.py
cfn=validate_integer
calls=1 202
258 300
cfl=c:\Users\Pedro\faculdade\IniciacaoCientifica\grn\.env\Lib\site-packages\pandas\io\parsers\readers.py
cfn=_validate_names
calls=1 234
258 200
cfl=c:\Users\Pedro\faculdade\IniciacaoCientifica\grn\.env\Lib\site-packages\pandas\io\parsers\readers.py
cfn=__init__
calls=1 1600
258 6406100
cfl=c:\Users\Pedro\faculdade\IniciacaoCientifica\grn\.env\Lib\site-packages\pandas\io\parsers\readers.py
cfn=read
calls=1 1931
258 915800
cfl=c:\Users\Pedro\faculdade\IniciacaoCientifica\grn\.env\Lib\site-packages\pandas\io\parsers\readers.py
cfn=__enter__
calls=1 2014
258 100
cfl=c:\Users\Pedro\faculdade\IniciacaoCientifica\grn\.env\Lib\site-packages\pandas\io\parsers\readers.py
cfn=__exit__
calls=1 2017
258 34600
cfl=~
cfn=<built-in method builtins.isinstance>
calls=1 0
258 100
cfl=~
cfn=<method 'get' of 'dict' objects>
calls=8 0
258 1100

fl=c:\Users\Pedro\faculdade\IniciacaoCientifica\grn\.env\Lib\site-packages\pandas\io\parsers\readers.py
fn=read_csv
349 17500
cfl=c:\Users\Pedro\faculdade\IniciacaoCientifica\grn\.env\Lib\site-packages\pandas\io\parsers\readers.py
cfn=_read
calls=1 258
349 7379500
cfl=c:\Users\Pedro\faculdade\IniciacaoCientifica\grn\.env\Lib\site-packages\pandas\io\parsers\readers.py
cfn=_refine_defaults_read
calls=1 2156
349 6000
cfl=~
cfn=<built-in method builtins.locals>
calls=1 0
349 5200
cfl=~
cfn=<method 'copy' of 'dict' objects>
calls=1 0
349 400
cfl=~
cfn=<method 'update' of 'dict' objects>
calls=1 0
349 700

fl=c:\Users\Pedro\faculdade\IniciacaoCientifica\grn\.env\Lib\site-packages\pandas\io\parsers\readers.py
fn=__init__
1600 24100
cfl=c:\Users\Pedro\faculdade\IniciacaoCientifica\grn\.env\Lib\site-packages\pandas\io\parsers\readers.py
cfn=_get_options_with_defaults
calls=1 1652
1600 10400
cfl=c:\Users\Pedro\faculdade\IniciacaoCientifica\grn\.env\Lib\site-packages\pandas\io\parsers\readers.py
cfn=_check_file_or_buffer
calls=1 1698
1600 1800
cfl=c:\Users\Pedro\faculdade\IniciacaoCientifica\grn\.env\Lib\site-packages\pandas\io\parsers\readers.py
cfn=_clean_options
calls=1 1719
1600 18200
cfl=c:\Users\Pedro\faculdade\IniciacaoCientifica\grn\.env\Lib\site-packages\pandas\io\parsers\readers.py
cfn=_make_engine
calls=1 1871
1600 6349800
cfl=c:\Users\Pedro\faculdade\IniciacaoCientifica\grn\.env\Lib\site-packages\pandas\io\parsers\readers.py
cfn=_extract_dialect
calls=1 2269
1600 500
cfl=c:\Users\Pedro\faculdade\IniciacaoCientifica\grn\.env\Lib\site-packages\pandas\io\parsers\readers.py
cfn=_validate_skipfooter
calls=1 2371
1600 400
cfl=~
cfn=<method 'get' of 'dict' objects>
calls=4 0
1600 500
cfl=~
cfn=<method 'pop' of 'dict' objects>
calls=2 0
1600 400

fl=c:\Users\Pedro\faculdade\IniciacaoCientifica\grn\.env\Lib\site-packages\pandas\io\parsers\readers.py
fn=close
1647 2800
cfl=c:\Users\Pedro\faculdade\IniciacaoCientifica\grn\.env\Lib\site-packages\pandas\io\common.py
cfn=close
calls=1 126
1647 27900
cfl=c:\Users\Pedro\faculdade\IniciacaoCientifica\grn\.env\Lib\site-packages\pandas\io\parsers\c_parser_wrapper.py
cfn=close
calls=1 176
1647 2500

fl=c:\Users\Pedro\faculdade\IniciacaoCientifica\grn\.env\Lib\site-packages\pandas\io\parsers\readers.py
fn=_get_options_with_defaults
1652 7400
cfl=~
cfn=<method 'get' of 'dict' objects>
calls=34 0
1652 2600
cfl=~
cfn=<method 'items' of 'dict' objects>
calls=2 0
1652 400

fl=c:\Users\Pedro\faculdade\IniciacaoCientifica\grn\.env\Lib\site-packages\pandas\io\parsers\readers.py
fn=_check_file_or_buffer
1698 800
cfl=c:\Users\Pedro\faculdade\IniciacaoCientifica\grn\.env\Lib\site-packages\pandas\core\dtypes\inference.py
cfn=is_file_like
calls=1 106
1698 700
cfl=~
cfn=<built-in method builtins.hasattr>
calls=1 0
1698 300

fl=c:\Users\Pedro\faculdade\IniciacaoCientifica\grn\.env\Lib\site-packages\pandas\io\parsers\readers.py
fn=_clean_options
1719 13500
cfl=c:\Users\Pedro\faculdade\IniciacaoCientifica\grn\.env\Lib\site-packages\pandas\io\common.py
cfn=validate_header_arg
calls=1 200
1719 1900
cfl=c:\Users\Pedro\faculdade\IniciacaoCientifica\grn\.env\Lib\site-packages\pandas\io\parsers\base_parser.py
cfn=is_index_col
calls=1 871
1719 300
cfl=c:\Users\Pedro\faculdade\IniciacaoCientifica\grn\.env\Lib\site-packages\pandas\io\parsers\readers.py
cfn=_clean_na_values
calls=1 2079
1719 600
cfl=~
cfn=<built-in method builtins.isinstance>
calls=1 0
1719 100
cfl=~
cfn=<built-in method builtins.len>
calls=3 0
1719 400
cfl=~
cfn=<built-in method builtins.ord>
calls=1 0
1719 300
cfl=~
cfn=<built-in method sys.getfilesystemencoding>
calls=1 0
1719 300
cfl=~
cfn=<method 'copy' of 'dict' objects>
calls=1 0
1719 400
cfl=~
cfn=<method 'encode' of 'str' objects>
calls=1 0
1719 400

fl=c:\Users\Pedro\faculdade\IniciacaoCientifica\grn\.env\Lib\site-packages\pandas\io\parsers\readers.py
fn=_make_engine
1871 24200
cfl=c:\Users\Pedro\faculdade\IniciacaoCientifica\grn\.env\Lib\site-packages\pandas\io\common.py
cfn=get_handle
calls=1 701
1871 6117700
cfl=c:\Users\Pedro\faculdade\IniciacaoCientifica\grn\.env\Lib\site-packages\pandas\io\parsers\c_parser_wrapper.py
cfn=__init__
calls=1 65
1871 207100
cfl=~
cfn=<built-in method builtins.isinstance>
calls=1 0
1871 200
cfl=~
cfn=<method 'get' of 'dict' objects>
calls=6 0
1871 600

fl=c:\Users\Pedro\faculdade\IniciacaoCientifica\grn\.env\Lib\site-packages\pandas\io\parsers\readers.py
fn=read
1931 20100
cfl=c:\Users\Pedro\faculdade\IniciacaoCientifica\grn\.env\Lib\site-packages\pandas\core\frame.py
cfn=__init__
calls=1 702
1931 634500
cfl=c:\Users\Pedro\faculdade\IniciacaoCientifica\grn\.env\Lib\site-packages\pandas\core\indexes\range.py
cfn=__new__
calls=1 151
1931 23500
cfl=c:\Users\Pedro\faculdade\IniciacaoCientifica\grn\.env\Lib\site-packages\pandas\io\parsers\c_parser_wrapper.py
cfn=read
calls=1 203
1931 236000
cfl=c:\Users\Pedro\faculdade\IniciacaoCientifica\grn\.env\Lib\site-packages\pandas\io\parsers\readers.py
cfn=validate_integer
calls=1 202
1931 100
cfl=~
cfn=<built-in method builtins.hasattr>
calls=1 0
1931 300
cfl=~
cfn=<built-in method builtins.isinstance>
calls=1 0
1931 100
cfl=~
cfn=<built-in method builtins.iter>
calls=1 0
1931 400
cfl=~
cfn=<built-in method builtins.len>
calls=1 0
1931 100
cfl=~
cfn=<built-in method builtins.next>
calls=1 0
1931 300
cfl=~
cfn=<method 'get' of 'dict' objects>
calls=1 0
1931 200
cfl=~
cfn=<method 'values' of 'dict' objects>
calls=1 0
1931 200

fl=c:\Users\Pedro\faculdade\IniciacaoCientifica\grn\.env\Lib\site-packages\pandas\io\parsers\readers.py
fn=__enter__
2014 100

fl=c:\Users\Pedro\faculdade\IniciacaoCientifica\grn\.env\Lib\site-packages\pandas\io\parsers\readers.py
fn=__exit__
2017 1400
cfl=c:\Users\Pedro\faculdade\IniciacaoCientifica\grn\.env\Lib\site-packages\pandas\io\parsers\readers.py
cfn=close
calls=1 1647
2017 33200

fl=c:\Users\Pedro\faculdade\IniciacaoCientifica\grn\.env\Lib\site-packages\pandas\io\parsers\readers.py
fn=_clean_na_values
2079 600

fl=c:\Users\Pedro\faculdade\IniciacaoCientifica\grn\.env\Lib\site-packages\pandas\io\parsers\readers.py
fn=_refine_defaults_read
2156 5400
cfl=c:\Users\Pedro\faculdade\IniciacaoCientifica\grn\.env\Lib\site-packages\pandas\util\_validators.py
cfn=check_dtype_backend
calls=1 476
2156 600

fl=c:\Users\Pedro\faculdade\IniciacaoCientifica\grn\.env\Lib\site-packages\pandas\io\parsers\readers.py
fn=_extract_dialect
2269 300
cfl=~
cfn=<method 'get' of 'dict' objects>
calls=1 0
2269 200

fl=c:\Users\Pedro\faculdade\IniciacaoCientifica\grn\.env\Lib\site-packages\pandas\io\parsers\readers.py
fn=_validate_skipfooter
2371 300
cfl=~
cfn=<method 'get' of 'dict' objects>
calls=1 0
2371 100

fl=c:\Users\Pedro\faculdade\IniciacaoCientifica\grn\.env\Lib\site-packages\pandas\util\_validators.py
fn=check_dtype_backend
476 600

fl=c:\Users\Pedro\faculdade\IniciacaoCientifica\grn\.env\Lib\site-packages\scipy\_lib\_array_api_override.py
fn=array_namespace
69 3300

fl=c:\Users\Pedro\faculdade\IniciacaoCientifica\grn\.env\Lib\site-packages\scipy\_lib\_sparse.py
fn=issparse
10 1300
cfl=~
cfn=<built-in method builtins.isinstance>
calls=4 0
10 110000

fl=c:\Users\Pedro\faculdade\IniciacaoCientifica\grn\.env\Lib\site-packages\scipy\_lib\_util.py
fn=wrapper
291 16600
cfl=C:\Users\Pedro\AppData\Local\Python\pythoncore-3.14-64\Lib\asyncio\base_events.py
cfn=time
calls=1 766
291 1200
cfl=C:\Users\Pedro\AppData\Local\Python\pythoncore-3.14-64\Lib\asyncio\events.py
cfn=_run
calls=1 92
291 194000
cfl=C:\Users\Pedro\AppData\Local\Python\pythoncore-3.14-64\Lib\asyncio\selector_events.py
cfn=_process_events
calls=1 744
291 3100
cfl=c:\Users\Pedro\faculdade\IniciacaoCientifica\grn\.env\Lib\site-packages\scipy\optimize\_differentialevolution.py
cfn=differential_evolution
calls=0 25
291 0
cfl=~
cfn=<built-in method builtins.len>
calls=2 0
291 800
cfl=~
cfn=<method 'pop' of 'dict' objects>
calls=1 0
291 400
cfl=~
cfn=<method 'popleft' of 'collections.deque' objects>
calls=1 0
291 400

fl=c:\Users\Pedro\faculdade\IniciacaoCientifica\grn\.env\Lib\site-packages\scipy\_lib\_util.py
fn=check_random_state
393 74800
cfl=<frozen abc>
cfn=__instancecheck__
calls=1 117
393 7600
cfl=C:\Users\Pedro\AppData\Local\Python\pythoncore-3.14-64\Lib\random.py
cfn=getrandbits
calls=1 901
393 8500
cfl=C:\Users\Pedro\AppData\Local\Python\pythoncore-3.14-64\Lib\threading.py
cfn=RLock
calls=1 126
393 800
cfl=c:\Users\Pedro\faculdade\IniciacaoCientifica\grn\.env\Lib\site-packages\numpy\_core\_ufunc_config.py
cfn=inner
calls=1 496
393 54700
cfl=c:\Users\Pedro\faculdade\IniciacaoCientifica\grn\.env\Lib\site-packages\numpy\_core\multiarray.py
cfn=concatenate
calls=1 197
393 100
cfl=~
cfn=<built-in method builtins.isinstance>
calls=1 0
393 7200

fl=c:\Users\Pedro\faculdade\IniciacaoCientifica\grn\.env\Lib\site-packages\scipy\_lib\_util.py
fn=__init__:583
583 500

fl=c:\Users\Pedro\faculdade\IniciacaoCientifica\grn\.env\Lib\site-packages\scipy\_lib\_util.py
fn=__call__:587
587 28300
cfl=c:\Users\Pedro\faculdade\IniciacaoCientifica\grn\PythonCode\Modules\Methods.py
cfn=objective_function
calls=22 199
587 62698500

fl=c:\Users\Pedro\faculdade\IniciacaoCientifica\grn\.env\Lib\site-packages\scipy\_lib\_util.py
fn=__init__:595
595 500

fl=c:\Users\Pedro\faculdade\IniciacaoCientifica\grn\.env\Lib\site-packages\scipy\_lib\_util.py
fn=__call__:600
600 32100
cfl=c:\Users\Pedro\faculdade\IniciacaoCientifica\grn\.env\Lib\site-packages\numpy\_core\numeric.py
cfn=isscalar
calls=20 1975
600 8200
cfl=c:\Users\Pedro\faculdade\IniciacaoCientifica\grn\.env\Lib\site-packages\numpy\lib\_function_base_impl.py
cfn=_copy_dispatcher
calls=20 920
600 2200
cfl=c:\Users\Pedro\faculdade\IniciacaoCientifica\grn\.env\Lib\site-packages\numpy\lib\_function_base_impl.py
cfn=copy
calls=20 924
600 10600
cfl=c:\Users\Pedro\faculdade\IniciacaoCientifica\grn\.env\Lib\site-packages\scipy\optimize\_differentialevolution.py
cfn=_f
calls=20 1293
600 2127700

fl=c:\Users\Pedro\faculdade\IniciacaoCientifica\grn\.env\Lib\site-packages\scipy\_lib\_util.py
fn=__init__:633
633 3400
cfl=~
cfn=<built-in method builtins.callable>
calls=2 0
633 100

fl=c:\Users\Pedro\faculdade\IniciacaoCientifica\grn\.env\Lib\site-packages\scipy\_lib\_util.py
fn=__enter__
669 100

fl=c:\Users\Pedro\faculdade\IniciacaoCientifica\grn\.env\Lib\site-packages\scipy\_lib\_util.py
fn=__exit__
684 900

fl=c:\Users\Pedro\faculdade\IniciacaoCientifica\grn\.env\Lib\site-packages\scipy\_lib\_util.py
fn=__call__:689
689 9300
cfl=c:\Users\Pedro\faculdade\IniciacaoCientifica\grn\.env\Lib\site-packages\scipy\optimize\_differentialevolution.py
cfn=maplike_for_vectorized_func
calls=22 849
689 62789400

fl=c:\Users\Pedro\faculdade\IniciacaoCientifica\grn\.env\Lib\site-packages\scipy\_lib\_util.py
fn=rng_integers
722 23500
cfl=c:\Users\Pedro\faculdade\IniciacaoCientifica\grn\.env\Lib\site-packages\numpy\_core\fromnumeric.py
cfn=_prod_dispatcher
calls=1 3282
722 200
cfl=c:\Users\Pedro\faculdade\IniciacaoCientifica\grn\.env\Lib\site-packages\numpy\_core\fromnumeric.py
cfn=prod
calls=1 3287
722 8800
cfl=~
cfn=<built-in method builtins.isinstance>
calls=1 0
722 1000

fl=c:\Users\Pedro\faculdade\IniciacaoCientifica\grn\.env\Lib\site-packages\scipy\_lib\_util.py
fn=__getattr__
1016 1000

fl=c:\Users\Pedro\faculdade\IniciacaoCientifica\grn\.env\Lib\site-packages\scipy\_lib\array_api_compat\common\_helpers.py
fn=_check_device
683 8800
cfl=~
cfn=<method 'get' of 'dict' objects>
calls=23 0
683 80100

fl=c:\Users\Pedro\faculdade\IniciacaoCientifica\grn\.env\Lib\site-packages\scipy\_lib\array_api_compat\numpy\_aliases.py
fn=asarray
70 5000
cfl=c:\Users\Pedro\faculdade\IniciacaoCientifica\grn\.env\Lib\site-packages\scipy\_lib\array_api_compat\common\_helpers.py
cfn=_check_device
calls=2 683
70 1700
cfl=~
cfn=<built-in method numpy.array>
calls=2 0
70 7000

fl=c:\Users\Pedro\faculdade\IniciacaoCientifica\grn\.env\Lib\site-packages\scipy\_lib\array_api_compat\numpy\_aliases.py
fn=astype
97 11300
cfl=c:\Users\Pedro\faculdade\IniciacaoCientifica\grn\.env\Lib\site-packages\scipy\_lib\array_api_compat\common\_helpers.py
cfn=_check_device
calls=21 683
97 87200
cfl=~
cfn=<method 'astype' of 'numpy.ndarray' objects>
calls=21 0
97 10000

fl=c:\Users\Pedro\faculdade\IniciacaoCientifica\grn\.env\Lib\site-packages\scipy\_lib\array_api_extra\_delegation.py
fn=atleast_nd
34 5000
cfl=c:\Users\Pedro\faculdade\IniciacaoCientifica\grn\.env\Lib\site-packages\numpy\_core\shape_base.py
cfn=_atleast_1d_dispatcher
calls=2 15
34 200
cfl=c:\Users\Pedro\faculdade\IniciacaoCientifica\grn\.env\Lib\site-packages\numpy\_core\shape_base.py
cfn=atleast_1d
calls=2 19
34 1500
cfl=~
cfn=<built-in method builtins.getattr>
calls=2 0
34 1000

fl=c:\Users\Pedro\faculdade\IniciacaoCientifica\grn\.env\Lib\site-packages\scipy\optimize\_constraints.py
fn=_arr_to_scalar
16 5900
cfl=~
cfn=<built-in method builtins.isinstance>
calls=38 0
16 2500

fl=c:\Users\Pedro\faculdade\IniciacaoCientifica\grn\.env\Lib\site-packages\scipy\optimize\_constraints.py
fn=_input_validation
258 4100
cfl=c:\Users\Pedro\faculdade\IniciacaoCientifica\grn\.env\Lib\site-packages\numpy\lib\_stride_tricks_impl.py
cfn=_broadcast_arrays_dispatcher
calls=1 510
258 100
cfl=c:\Users\Pedro\faculdade\IniciacaoCientifica\grn\.env\Lib\site-packages\numpy\lib\_stride_tricks_impl.py
cfn=broadcast_arrays
calls=1 514
258 30900

fl=c:\Users\Pedro\faculdade\IniciacaoCientifica\grn\.env\Lib\site-packages\scipy\optimize\_constraints.py
fn=__init__
266 6800
cfl=c:\Users\Pedro\faculdade\IniciacaoCientifica\grn\.env\Lib\site-packages\numpy\_core\shape_base.py
cfn=_atleast_1d_dispatcher
calls=3 15
266 500
cfl=c:\Users\Pedro\faculdade\IniciacaoCientifica\grn\.env\Lib\site-packages\numpy\_core\shape_base.py
cfn=atleast_1d
calls=3 19
266 4200
cfl=c:\Users\Pedro\faculdade\IniciacaoCientifica\grn\.env\Lib\site-packages\scipy\_lib\_sparse.py
cfn=issparse
calls=3 10
266 74200
cfl=c:\Users\Pedro\faculdade\IniciacaoCientifica\grn\.env\Lib\site-packages\scipy\optimize\_constraints.py
cfn=_input_validation
calls=1 258
266 35100
cfl=~
cfn=<method 'astype' of 'numpy.ndarray' objects>
calls=1 0
266 1000

fl=c:\Users\Pedro\faculdade\IniciacaoCientifica\grn\.env\Lib\site-packages\scipy\optimize\_constraints.py
fn=new_bounds_to_old
419 12200
cfl=c:\Users\Pedro\faculdade\IniciacaoCientifica\grn\.env\Lib\site-packages\numpy\lib\_stride_tricks_impl.py
cfn=_broadcast_to_dispatcher
calls=2 396
419 200
cfl=c:\Users\Pedro\faculdade\IniciacaoCientifica\grn\.env\Lib\site-packages\numpy\lib\_stride_tricks_impl.py
cfn=broadcast_to
calls=2 400
419 11100

fl=c:\Users\Pedro\faculdade\IniciacaoCientifica\grn\.env\Lib\site-packages\scipy\optimize\_constraints.py
fn=old_bound_to_new
437 11100
cfl=c:\Users\Pedro\faculdade\IniciacaoCientifica\grn\.env\Lib\site-packages\scipy\optimize\_constraints.py
cfn=_arr_to_scalar
calls=38 16
437 8400
cfl=~
cfn=<built-in method numpy.array>
calls=2 0
437 2400

fl=c:\Users\Pedro\faculdade\IniciacaoCientifica\grn\.env\Lib\site-packages\scipy\optimize\_differentiable_functions.py
fn=__init__:20
20 1200

fl=c:\Users\Pedro\faculdade\IniciacaoCientifica\grn\.env\Lib\site-packages\scipy\optimize\_differentiable_functions.py
fn=__call__
35 11100
cfl=c:\Users\Pedro\faculdade\IniciacaoCientifica\grn\.env\Lib\site-packages\scipy\optimize\_numdiff.py
cfn=approx_derivative
calls=1 278
35 2423500
cfl=~
cfn=<built-in method builtins.callable>
calls=1 0
35 200

fl=c:\Users\Pedro\faculdade\IniciacaoCientifica\grn\.env\Lib\site-packages\scipy\optimize\_differentiable_functions.py
fn=__init__:57
57 6400
cfl=c:\Users\Pedro\faculdade\IniciacaoCientifica\grn\.env\Lib\site-packages\numpy\_core\shape_base.py
cfn=_atleast_2d_dispatcher
calls=1 74
57 200
cfl=c:\Users\Pedro\faculdade\IniciacaoCientifica\grn\.env\Lib\site-packages\numpy\_core\shape_base.py
cfn=atleast_2d
calls=1 78
57 1900
cfl=c:\Users\Pedro\faculdade\IniciacaoCientifica\grn\.env\Lib\site-packages\numpy\lib\_function_base_impl.py
cfn=_copy_dispatcher
calls=1 920
57 100
cfl=c:\Users\Pedro\faculdade\IniciacaoCientifica\grn\.env\Lib\site-packages\numpy\lib\_function_base_impl.py
cfn=copy
calls=1 924
57 800
cfl=c:\Users\Pedro\faculdade\IniciacaoCientifica\grn\.env\Lib\site-packages\scipy\_lib\_sparse.py
cfn=issparse
calls=1 10
57 37100
cfl=c:\Users\Pedro\faculdade\IniciacaoCientifica\grn\.env\Lib\site-packages\scipy\optimize\_optimize.py
cfn=hess
calls=1 299
57 200
cfl=~
cfn=<built-in method builtins.callable>
calls=1 0
57 200
cfl=~
cfn=<built-in method builtins.isinstance>
calls=1 0
57 200
cfl=~
cfn=<built-in method numpy.asarray>
calls=1 0
57 1200

fl=c:\Users\Pedro\faculdade\IniciacaoCientifica\grn\.env\Lib\site-packages\scipy\optimize\_differentiable_functions.py
fn=__init__:218
218 29900
cfl=c:\Users\Pedro\faculdade\IniciacaoCientifica\grn\.env\Lib\site-packages\numpy\_core\numerictypes.py
cfn=isdtype
calls=1 385
218 9600
cfl=c:\Users\Pedro\faculdade\IniciacaoCientifica\grn\.env\Lib\site-packages\scipy\_lib\_array_api_override.py
cfn=array_namespace
calls=1 69
218 500
cfl=c:\Users\Pedro\faculdade\IniciacaoCientifica\grn\.env\Lib\site-packages\scipy\_lib\_util.py
cfn=__init__:595
calls=1 595
218 500
cfl=c:\Users\Pedro\faculdade\IniciacaoCientifica\grn\.env\Lib\site-packages\scipy\_lib\array_api_compat\numpy\_aliases.py
cfn=asarray
calls=1 70
218 10200
cfl=c:\Users\Pedro\faculdade\IniciacaoCientifica\grn\.env\Lib\site-packages\scipy\_lib\array_api_compat\numpy\_aliases.py
cfn=astype
calls=1 97
218 80300
cfl=c:\Users\Pedro\faculdade\IniciacaoCientifica\grn\.env\Lib\site-packages\scipy\_lib\array_api_extra\_delegation.py
cfn=atleast_nd
calls=1 34
218 4500
cfl=c:\Users\Pedro\faculdade\IniciacaoCientifica\grn\.env\Lib\site-packages\scipy\optimize\_differentiable_functions.py
cfn=__init__:20
calls=1 20
218 1200
cfl=c:\Users\Pedro\faculdade\IniciacaoCientifica\grn\.env\Lib\site-packages\scipy\optimize\_differentiable_functions.py
cfn=__init__:57
calls=1 57
218 48300
cfl=c:\Users\Pedro\faculdade\IniciacaoCientifica\grn\.env\Lib\site-packages\scipy\optimize\_differentiable_functions.py
cfn=_update_fun
calls=1 360
218 134800
cfl=c:\Users\Pedro\faculdade\IniciacaoCientifica\grn\.env\Lib\site-packages\scipy\optimize\_differentiable_functions.py
cfn=_update_grad
calls=1 371
218 2439200
cfl=~
cfn=<built-in method builtins.callable>
calls=3 0
218 300
cfl=~
cfn=<built-in method builtins.isinstance>
calls=1 0
218 200

fl=c:\Users\Pedro\faculdade\IniciacaoCientifica\grn\.env\Lib\site-packages\scipy\optimize\_differentiable_functions.py
fn=nfev
325 400

fl=c:\Users\Pedro\faculdade\IniciacaoCientifica\grn\.env\Lib\site-packages\scipy\optimize\_differentiable_functions.py
fn=ngev
329 500

fl=c:\Users\Pedro\faculdade\IniciacaoCientifica\grn\.env\Lib\site-packages\scipy\optimize\_differentiable_functions.py
fn=_update_fun
360 3600
cfl=c:\Users\Pedro\faculdade\IniciacaoCientifica\grn\.env\Lib\site-packages\scipy\_lib\_util.py
cfn=__call__:600
calls=1 600
360 131700

fl=c:\Users\Pedro\faculdade\IniciacaoCientifica\grn\.env\Lib\site-packages\scipy\optimize\_differentiable_functions.py
fn=_update_grad
371 4500
cfl=c:\Users\Pedro\faculdade\IniciacaoCientifica\grn\.env\Lib\site-packages\scipy\optimize\_differentiable_functions.py
cfn=__call__
calls=1 35
371 2434800
cfl=c:\Users\Pedro\faculdade\IniciacaoCientifica\grn\.env\Lib\site-packages\scipy\optimize\_differentiable_functions.py
cfn=_update_fun
calls=1 360
371 400

fl=c:\Users\Pedro\faculdade\IniciacaoCientifica\grn\.env\Lib\site-packages\scipy\optimize\_differentiable_functions.py
fn=fun_and_grad
409 6400
cfl=c:\Users\Pedro\faculdade\IniciacaoCientifica\grn\.env\Lib\site-packages\numpy\_core\numeric.py
cfn=_array_equal_dispatcher
calls=1 2516
409 100
cfl=c:\Users\Pedro\faculdade\IniciacaoCientifica\grn\.env\Lib\site-packages\numpy\_core\numeric.py
cfn=array_equal
calls=1 2535
409 15500
cfl=c:\Users\Pedro\faculdade\IniciacaoCientifica\grn\.env\Lib\site-packages\scipy\optimize\_differentiable_functions.py
cfn=_update_fun
calls=1 360
409 100
cfl=c:\Users\Pedro\faculdade\IniciacaoCientifica\grn\.env\Lib\site-packages\scipy\optimize\_differentiable_functions.py
cfn=_update_grad
calls=1 371
409 500

fl=c:\Users\Pedro\faculdade\IniciacaoCientifica\grn\.env\Lib\site-packages\scipy\optimize\_differentialevolution.py
fn=differential_evolution
25 21700
cfl=c:\Users\Pedro\faculdade\IniciacaoCientifica\grn\.env\Lib\site-packages\scipy\optimize\_differentialevolution.py
cfn=__init__
calls=0 805
25 0
cfl=~
cfn=<method 'append' of 'list' objects>
calls=1 0
25 700
cfl=~
cfn=<method 'get' of 'dict' objects>
calls=1 0
25 400

fl=c:\Users\Pedro\faculdade\IniciacaoCientifica\grn\.env\Lib\site-packages\scipy\optimize\_differentialevolution.py
fn=__init__
805 27300
cfl=c:\Users\Pedro\faculdade\IniciacaoCientifica\grn\.env\Lib\site-packages\numpy\_core\_ufunc_config.py
cfn=__init__
calls=1 462
805 300
cfl=c:\Users\Pedro\faculdade\IniciacaoCientifica\grn\.env\Lib\site-packages\numpy\_core\_ufunc_config.py
cfn=__enter__
calls=1 472
805 5800
cfl=c:\Users\Pedro\faculdade\IniciacaoCientifica\grn\.env\Lib\site-packages\numpy\_core\_ufunc_config.py
cfn=__exit__
calls=1 488
805 2600
cfl=c:\Users\Pedro\faculdade\IniciacaoCientifica\grn\.env\Lib\site-packages\numpy\_core\fromnumeric.py
cfn=_any_dispatcher
calls=3 2431
805 500
cfl=c:\Users\Pedro\faculdade\IniciacaoCientifica\grn\.env\Lib\site-packages\numpy\_core\fromnumeric.py
cfn=any
calls=3 2436
805 25500
cfl=c:\Users\Pedro\faculdade\IniciacaoCientifica\grn\.env\Lib\site-packages\numpy\_core\fromnumeric.py
cfn=_all_dispatcher
calls=2 2543
805 300
cfl=c:\Users\Pedro\faculdade\IniciacaoCientifica\grn\.env\Lib\site-packages\numpy\_core\fromnumeric.py
cfn=all
calls=2 2548
805 31400
cfl=c:\Users\Pedro\faculdade\IniciacaoCientifica\grn\.env\Lib\site-packages\numpy\_core\fromnumeric.py
cfn=_size_dispatcher
calls=2 3521
805 400
cfl=c:\Users\Pedro\faculdade\IniciacaoCientifica\grn\.env\Lib\site-packages\numpy\_core\fromnumeric.py
cfn=size
calls=2 3525
805 36500
cfl=c:\Users\Pedro\faculdade\IniciacaoCientifica\grn\.env\Lib\site-packages\numpy\_core\numeric.py
cfn=_count_nonzero_dispatcher
calls=1 479
805 100
cfl=c:\Users\Pedro\faculdade\IniciacaoCientifica\grn\.env\Lib\site-packages\numpy\_core\numeric.py
cfn=count_nonzero
calls=1 483
805 2800
cfl=c:\Users\Pedro\faculdade\IniciacaoCientifica\grn\.env\Lib\site-packages\scipy\_lib\_util.py
cfn=check_random_state
calls=1 393
805 153700
cfl=c:\Users\Pedro\faculdade\IniciacaoCientifica\grn\.env\Lib\site-packages\scipy\_lib\_util.py
cfn=__init__:583
calls=1 583
805 500
cfl=c:\Users\Pedro\faculdade\IniciacaoCientifica\grn\.env\Lib\site-packages\scipy\_lib\_util.py
cfn=__init__:633
calls=1 633
805 2200
cfl=c:\Users\Pedro\faculdade\IniciacaoCientifica\grn\.env\Lib\site-packages\scipy\optimize\_differentialevolution.py
cfn=init_population_lhs
calls=0 1032
805 0
cfl=c:\Users\Pedro\faculdade\IniciacaoCientifica\grn\.env\Lib\site-packages\scipy\optimize\_optimize.py
cfn=_wrap_callback
calls=1 88
805 200
cfl=~
cfn=<built-in method _warnings.warn>
calls=1 0
805 530500
cfl=~
cfn=<built-in method builtins.callable>
calls=1 0
805 200
cfl=~
cfn=<built-in method builtins.hasattr>
calls=1 0
805 400
cfl=~
cfn=<built-in method builtins.isinstance>
calls=2 0
805 800
cfl=~
cfn=<built-in method builtins.max>
calls=2 0
805 1100
cfl=~
cfn=<built-in method numpy.array>
calls=3 0
805 10100

fl=c:\Users\Pedro\faculdade\IniciacaoCientifica\grn\.env\Lib\site-packages\scipy\optimize\_differentialevolution.py
fn=maplike_for_vectorized_func
849 38000
cfl=c:\Users\Pedro\faculdade\IniciacaoCientifica\grn\.env\Lib\site-packages\numpy\_core\shape_base.py
cfn=_atleast_1d_dispatcher
calls=22 15
849 1900
cfl=c:\Users\Pedro\faculdade\IniciacaoCientifica\grn\.env\Lib\site-packages\numpy\_core\shape_base.py
cfn=atleast_1d
calls=22 19
849 22700
cfl=c:\Users\Pedro\faculdade\IniciacaoCientifica\grn\.env\Lib\site-packages\scipy\_lib\_util.py
cfn=__call__:587
calls=22 587
849 62726800

fl=c:\Users\Pedro\faculdade\IniciacaoCientifica\grn\.env\Lib\site-packages\scipy\optimize\_differentialevolution.py
fn=mutation_func
1028 1500
cfl=~
cfn=<built-in method builtins.getattr>
calls=1 0
1028 600

fl=c:\Users\Pedro\faculdade\IniciacaoCientifica\grn\.env\Lib\site-packages\scipy\optimize\_differentialevolution.py
fn=init_population_lhs
1032 1180300

fl=c:\Users\Pedro\faculdade\IniciacaoCientifica\grn\.env\Lib\site-packages\scipy\optimize\_differentialevolution.py
fn=x
1156 2200
cfl=c:\Users\Pedro\faculdade\IniciacaoCientifica\grn\.env\Lib\site-packages\scipy\optimize\_differentialevolution.py
cfn=_scale_parameters
calls=2 1726
1156 21700

fl=c:\Users\Pedro\faculdade\IniciacaoCientifica\grn\.env\Lib\site-packages\scipy\optimize\_differentialevolution.py
fn=converged
1174 15000
cfl=c:\Users\Pedro\faculdade\IniciacaoCientifica\grn\.env\Lib\site-packages\numpy\_core\fromnumeric.py
cfn=_any_dispatcher
calls=1 2431
1174 200
cfl=c:\Users\Pedro\faculdade\IniciacaoCientifica\grn\.env\Lib\site-packages\numpy\_core\fromnumeric.py
cfn=any
calls=1 2436
1174 9200
cfl=c:\Users\Pedro\faculdade\IniciacaoCientifica\grn\.env\Lib\site-packages\numpy\_core\fromnumeric.py
cfn=_mean_dispatcher
calls=1 3694
1174 300
cfl=c:\Users\Pedro\faculdade\IniciacaoCientifica\grn\.env\Lib\site-packages\numpy\_core\fromnumeric.py
cfn=mean
calls=1 3699
1174 18400
cfl=c:\Users\Pedro\faculdade\IniciacaoCientifica\grn\.env\Lib\site-packages\numpy\_core\fromnumeric.py
cfn=_std_dispatcher
calls=1 3828
1174 200
cfl=c:\Users\Pedro\faculdade\IniciacaoCientifica\grn\.env\Lib\site-packages\numpy\_core\fromnumeric.py
cfn=std
calls=1 3833
1174 55600

fl=c:\Users\Pedro\faculdade\IniciacaoCientifica\grn\.env\Lib\site-packages\scipy\optimize\_differentialevolution.py
fn=solve
1185 143500
cfl=c:\Users\Pedro\faculdade\IniciacaoCientifica\grn\.env\Lib\site-packages\numpy\_core\fromnumeric.py
cfn=_any_dispatcher
calls=1 2431
1185 100
cfl=c:\Users\Pedro\faculdade\IniciacaoCientifica\grn\.env\Lib\site-packages\numpy\_core\fromnumeric.py
cfn=any
calls=1 2436
1185 3400
cfl=c:\Users\Pedro\faculdade\IniciacaoCientifica\grn\.env\Lib\site-packages\numpy\_core\fromnumeric.py
cfn=_all_dispatcher
calls=2 2543
1185 800
cfl=c:\Users\Pedro\faculdade\IniciacaoCientifica\grn\.env\Lib\site-packages\numpy\_core\fromnumeric.py
cfn=all
calls=2 2548
1185 51900
cfl=c:\Users\Pedro\faculdade\IniciacaoCientifica\grn\.env\Lib\site-packages\numpy\lib\_function_base_impl.py
cfn=_copy_dispatcher
calls=1 920
1185 100
cfl=c:\Users\Pedro\faculdade\IniciacaoCientifica\grn\.env\Lib\site-packages\numpy\lib\_function_base_impl.py
cfn=copy
calls=1 924
1185 1700
cfl=c:\Users\Pedro\faculdade\IniciacaoCientifica\grn\.env\Lib\site-packages\scipy\_lib\_util.py
cfn=__getattr__
calls=3 1016
1185 600
cfl=c:\Users\Pedro\faculdade\IniciacaoCientifica\grn\.env\Lib\site-packages\scipy\optimize\_constraints.py
cfn=__init__
calls=1 266
1185 121800
cfl=c:\Users\Pedro\faculdade\IniciacaoCientifica\grn\.env\Lib\site-packages\scipy\optimize\_differentialevolution.py
cfn=converged
calls=1 1174
1185 98900
cfl=c:\Users\Pedro\faculdade\IniciacaoCientifica\grn\.env\Lib\site-packages\scipy\optimize\_differentialevolution.py
cfn=_result
calls=1 1343
1185 26800
cfl=c:\Users\Pedro\faculdade\IniciacaoCientifica\grn\.env\Lib\site-packages\scipy\optimize\_differentialevolution.py
cfn=_calculate_population_energies
calls=1 1368
1185 33019800
cfl=c:\Users\Pedro\faculdade\IniciacaoCientifica\grn\.env\Lib\site-packages\scipy\optimize\_differentialevolution.py
cfn=_promote_lowest_energy
calls=1 1423
1185 57100
cfl=c:\Users\Pedro\faculdade\IniciacaoCientifica\grn\.env\Lib\site-packages\scipy\optimize\_differentialevolution.py
cfn=_calculate_population_feasibilities
calls=1 1502
1185 66900
cfl=c:\Users\Pedro\faculdade\IniciacaoCientifica\grn\.env\Lib\site-packages\scipy\optimize\_minimize.py
cfn=minimize
calls=1 54
1185 3103400
cfl=~
cfn=<built-in method builtins.callable>
calls=1 0
1185 300
cfl=~
cfn=<built-in method builtins.isinstance>
calls=1 0
1185 200
cfl=~
cfn=<built-in method builtins.next>
calls=1 0
1185 30313400
cfl=~
cfn=<built-in method builtins.print>
calls=2 0
1185 32500
cfl=~
cfn=<method 'get' of 'dict' objects>
calls=1 0
1185 200

fl=c:\Users\Pedro\faculdade\IniciacaoCientifica\grn\.env\Lib\site-packages\scipy\optimize\_differentialevolution.py
fn=_f
1293 41100
cfl=c:\Users\Pedro\faculdade\IniciacaoCientifica\grn\.env\Lib\site-packages\numpy\_core\shape_base.py
cfn=_atleast_2d_dispatcher
calls=20 74
1293 1400
cfl=c:\Users\Pedro\faculdade\IniciacaoCientifica\grn\.env\Lib\site-packages\numpy\_core\shape_base.py
cfn=atleast_2d
calls=20 78
1293 33000
cfl=c:\Users\Pedro\faculdade\IniciacaoCientifica\grn\.env\Lib\site-packages\scipy\_lib\_util.py
cfn=__call__:689
calls=20 689
1293 2052200

fl=c:\Users\Pedro\faculdade\IniciacaoCientifica\grn\.env\Lib\site-packages\scipy\optimize\_differentialevolution.py
fn=_result
1343 4400
cfl=c:\Users\Pedro\faculdade\IniciacaoCientifica\grn\.env\Lib\site-packages\scipy\optimize\_differentialevolution.py
cfn=x
calls=1 1156
1343 6800
cfl=c:\Users\Pedro\faculdade\IniciacaoCientifica\grn\.env\Lib\site-packages\scipy\optimize\_differentialevolution.py
cfn=_scale_parameters
calls=1 1726
1343 14900
cfl=~
cfn=<method 'get' of 'dict' objects>
calls=3 0
1343 700

fl=c:\Users\Pedro\faculdade\IniciacaoCientifica\grn\.env\Lib\site-packages\scipy\optimize\_differentialevolution.py
fn=_calculate_population_energies
1368 63500
cfl=c:\Users\Pedro\faculdade\IniciacaoCientifica\grn\.env\Lib\site-packages\numpy\_core\fromnumeric.py
cfn=_squeeze_dispatcher
calls=2 1592
1368 300
cfl=c:\Users\Pedro\faculdade\IniciacaoCientifica\grn\.env\Lib\site-packages\numpy\_core\fromnumeric.py
cfn=squeeze
calls=2 1596
1368 41900
cfl=c:\Users\Pedro\faculdade\IniciacaoCientifica\grn\.env\Lib\site-packages\numpy\_core\fromnumeric.py
cfn=_size_dispatcher
calls=2 3521
1368 200
cfl=c:\Users\Pedro\faculdade\IniciacaoCientifica\grn\.env\Lib\site-packages\numpy\_core\fromnumeric.py
cfn=size
calls=2 3525
1368 15700
cfl=c:\Users\Pedro\faculdade\IniciacaoCientifica\grn\.env\Lib\site-packages\numpy\_core\numeric.py
cfn=full
calls=2 323
1368 5600
cfl=c:\Users\Pedro\faculdade\IniciacaoCientifica\grn\.env\Lib\site-packages\scipy\_lib\_util.py
cfn=__call__:689
calls=2 689
1368 60746100
cfl=c:\Users\Pedro\faculdade\IniciacaoCientifica\grn\.env\Lib\site-packages\scipy\optimize\_differentialevolution.py
cfn=_scale_parameters
calls=2 1726
1368 50500
cfl=~
cfn=<built-in method builtins.min>
calls=2 0
1368 1000

fl=c:\Users\Pedro\faculdade\IniciacaoCientifica\grn\.env\Lib\site-packages\scipy\optimize\_differentialevolution.py
fn=_promote_lowest_energy
1423 55000
cfl=c:\Users\Pedro\faculdade\IniciacaoCientifica\grn\.env\Lib\site-packages\numpy\_core\fromnumeric.py
cfn=_argmin_dispatcher
calls=2 1317
1423 300
cfl=c:\Users\Pedro\faculdade\IniciacaoCientifica\grn\.env\Lib\site-packages\numpy\_core\fromnumeric.py
cfn=argmin
calls=2 1321
1423 22400
cfl=~
cfn=<built-in method numpy.arange>
calls=2 0
1423 12300

fl=c:\Users\Pedro\faculdade\IniciacaoCientifica\grn\.env\Lib\site-packages\scipy\optimize\_differentialevolution.py
fn=_calculate_population_feasibilities
1502 25800
cfl=c:\Users\Pedro\faculdade\IniciacaoCientifica\grn\.env\Lib\site-packages\numpy\_core\fromnumeric.py
cfn=_size_dispatcher
calls=2 3521
1502 500
cfl=c:\Users\Pedro\faculdade\IniciacaoCientifica\grn\.env\Lib\site-packages\numpy\_core\fromnumeric.py
cfn=size
calls=2 3525
1502 55800
cfl=c:\Users\Pedro\faculdade\IniciacaoCientifica\grn\.env\Lib\site-packages\numpy\_core\numeric.py
cfn=ones
calls=2 170
1502 12900
cfl=~
cfn=<built-in method numpy.zeros>
calls=2 0
1502 3600

fl=c:\Users\Pedro\faculdade\IniciacaoCientifica\grn\.env\Lib\site-packages\scipy\optimize\_differentialevolution.py
fn=__enter__
1550 200

fl=c:\Users\Pedro\faculdade\IniciacaoCientifica\grn\.env\Lib\site-packages\scipy\optimize\_differentialevolution.py
fn=__exit__
1553 600
cfl=c:\Users\Pedro\faculdade\IniciacaoCientifica\grn\.env\Lib\site-packages\scipy\_lib\_util.py
cfn=__exit__
calls=1 684
1553 300

fl=c:\Users\Pedro\faculdade\IniciacaoCientifica\grn\.env\Lib\site-packages\scipy\optimize\_differentialevolution.py
fn=_accept_trial
1556 20300

fl=c:\Users\Pedro\faculdade\IniciacaoCientifica\grn\.env\Lib\site-packages\scipy\optimize\_differentialevolution.py
fn=__next__
1601 163500
cfl=c:\Users\Pedro\faculdade\IniciacaoCientifica\grn\.env\Lib\site-packages\numpy\_core\fromnumeric.py
cfn=_all_dispatcher
calls=1 2543
1601 400
cfl=c:\Users\Pedro\faculdade\IniciacaoCientifica\grn\.env\Lib\site-packages\numpy\_core\fromnumeric.py
cfn=all
calls=1 2548
1601 10600
cfl=c:\Users\Pedro\faculdade\IniciacaoCientifica\grn\.env\Lib\site-packages\numpy\_core\multiarray.py
cfn=where
calls=4 403
1601 600
cfl=c:\Users\Pedro\faculdade\IniciacaoCientifica\grn\.env\Lib\site-packages\numpy\_core\numeric.py
cfn=full
calls=1 323
1601 3000
cfl=c:\Users\Pedro\faculdade\IniciacaoCientifica\grn\.env\Lib\site-packages\scipy\optimize\_differentialevolution.py
cfn=x
calls=1 1156
1601 17100
cfl=c:\Users\Pedro\faculdade\IniciacaoCientifica\grn\.env\Lib\site-packages\scipy\optimize\_differentialevolution.py
cfn=_calculate_population_energies
calls=1 1368
1601 27905000
cfl=c:\Users\Pedro\faculdade\IniciacaoCientifica\grn\.env\Lib\site-packages\scipy\optimize\_differentialevolution.py
cfn=_promote_lowest_energy
calls=1 1423
1601 32900
cfl=c:\Users\Pedro\faculdade\IniciacaoCientifica\grn\.env\Lib\site-packages\scipy\optimize\_differentialevolution.py
cfn=_calculate_population_feasibilities
calls=1 1502
1601 31700
cfl=c:\Users\Pedro\faculdade\IniciacaoCientifica\grn\.env\Lib\site-packages\scipy\optimize\_differentialevolution.py
cfn=_accept_trial
calls=285 1556
1601 20300
cfl=c:\Users\Pedro\faculdade\IniciacaoCientifica\grn\.env\Lib\site-packages\scipy\optimize\_differentialevolution.py
cfn=_ensure_constraint
calls=1 1740
1601 38400
cfl=c:\Users\Pedro\faculdade\IniciacaoCientifica\grn\.env\Lib\site-packages\scipy\optimize\_differentialevolution.py
cfn=_mutate_many
calls=1 1769
1601 2069700
cfl=~
cfn=<built-in method numpy.arange>
calls=1 0
1601 1500
cfl=~
cfn=<built-in method numpy.array>
calls=1 0
1601 8100

fl=c:\Users\Pedro\faculdade\IniciacaoCientifica\grn\.env\Lib\site-packages\scipy\optimize\_differentialevolution.py
fn=_scale_parameters
1726 78600
cfl=c:\Users\Pedro\faculdade\IniciacaoCientifica\grn\.env\Lib\site-packages\numpy\_core\numeric.py
cfn=_count_nonzero_dispatcher
calls=5 479
1726 900
cfl=c:\Users\Pedro\faculdade\IniciacaoCientifica\grn\.env\Lib\site-packages\numpy\_core\numeric.py
cfn=count_nonzero
calls=5 483
1726 7600

fl=c:\Users\Pedro\faculdade\IniciacaoCientifica\grn\.env\Lib\site-packages\scipy\optimize\_differentialevolution.py
fn=_ensure_constraint
1740 36600
cfl=c:\Users\Pedro\faculdade\IniciacaoCientifica\grn\.env\Lib\site-packages\numpy\_core\numeric.py
cfn=_count_nonzero_dispatcher
calls=1 479
1740 100
cfl=c:\Users\Pedro\faculdade\IniciacaoCientifica\grn\.env\Lib\site-packages\numpy\_core\numeric.py
cfn=count_nonzero
calls=1 483
1740 1700

fl=c:\Users\Pedro\faculdade\IniciacaoCientifica\grn\.env\Lib\site-packages\scipy\optimize\_differentialevolution.py
fn=_mutate_many
1769 150900
cfl=c:\Users\Pedro\faculdade\IniciacaoCientifica\grn\.env\Lib\site-packages\numpy\_core\multiarray.py
cfn=where
calls=1 403
1769 300
cfl=c:\Users\Pedro\faculdade\IniciacaoCientifica\grn\.env\Lib\site-packages\numpy\lib\_function_base_impl.py
cfn=_copy_dispatcher
calls=1 920
1769 200
cfl=c:\Users\Pedro\faculdade\IniciacaoCientifica\grn\.env\Lib\site-packages\numpy\lib\_function_base_impl.py
cfn=copy
calls=1 924
1769 5300
cfl=c:\Users\Pedro\faculdade\IniciacaoCientifica\grn\.env\Lib\site-packages\scipy\_lib\_util.py
cfn=rng_integers
calls=1 722
1769 33500
cfl=c:\Users\Pedro\faculdade\IniciacaoCientifica\grn\.env\Lib\site-packages\scipy\optimize\_differentialevolution.py
cfn=mutation_func
calls=1 1028
1769 2100
cfl=c:\Users\Pedro\faculdade\IniciacaoCientifica\grn\.env\Lib\site-packages\scipy\optimize\_differentialevolution.py
cfn=_best1
calls=1 1858
1769 30300
cfl=c:\Users\Pedro\faculdade\IniciacaoCientifica\grn\.env\Lib\site-packages\scipy\optimize\_differentialevolution.py
cfn=_select_samples
calls=285 1908
1769 1806600
cfl=~
cfn=<built-in method builtins.callable>
calls=1 0
1769 300
cfl=~
cfn=<built-in method builtins.len>
calls=1 0
1769 200
cfl=~
cfn=<built-in method numpy.arange>
calls=1 0
1769 1300
cfl=~
cfn=<built-in method numpy.array>
calls=1 0
1769 38700

fl=c:\Users\Pedro\faculdade\IniciacaoCientifica\grn\.env\Lib\site-packages\scipy\optimize\_differentialevolution.py
fn=_best1
1858 30300

fl=c:\Users\Pedro\faculdade\IniciacaoCientifica\grn\.env\Lib\site-packages\scipy\optimize\_differentialevolution.py
fn=_select_samples
1908 1806600

fl=c:\Users\Pedro\faculdade\IniciacaoCientifica\grn\.env\Lib\site-packages\scipy\optimize\_lbfgsb_py.py
fn=_minimize_lbfgsb
294 82100
cfl=c:\Users\Pedro\faculdade\IniciacaoCientifica\grn\.env\Lib\site-packages\numpy\_core\fromnumeric.py
cfn=_clip_dispatcher
calls=1 2202
294 200
cfl=c:\Users\Pedro\faculdade\IniciacaoCientifica\grn\.env\Lib\site-packages\numpy\_core\fromnumeric.py
cfn=clip
calls=1 2207
294 18600
cfl=c:\Users\Pedro\faculdade\IniciacaoCientifica\grn\.env\Lib\site-packages\numpy\_core\getlimits.py
cfn=__new__
calls=1 178
294 2600
cfl=c:\Users\Pedro\faculdade\IniciacaoCientifica\grn\.env\Lib\site-packages\scipy\optimize\_constraints.py
cfn=old_bound_to_new
calls=1 437
294 21900
cfl=c:\Users\Pedro\faculdade\IniciacaoCientifica\grn\.env\Lib\site-packages\scipy\optimize\_differentiable_functions.py
cfn=nfev
calls=1 325
294 400
cfl=c:\Users\Pedro\faculdade\IniciacaoCientifica\grn\.env\Lib\site-packages\scipy\optimize\_differentiable_functions.py
cfn=ngev
calls=1 329
294 500
cfl=c:\Users\Pedro\faculdade\IniciacaoCientifica\grn\.env\Lib\site-packages\scipy\optimize\_differentiable_functions.py
cfn=fun_and_grad
calls=1 409
294 22600
cfl=c:\Users\Pedro\faculdade\IniciacaoCientifica\grn\.env\Lib\site-packages\scipy\optimize\_lbfgsb_py.py
cfn=__init__
calls=1 539
294 45200
cfl=c:\Users\Pedro\faculdade\IniciacaoCientifica\grn\.env\Lib\site-packages\scipy\optimize\_optimize.py
cfn=_check_unknown_options
calls=1 176
294 200
cfl=c:\Users\Pedro\faculdade\IniciacaoCientifica\grn\.env\Lib\site-packages\scipy\optimize\_optimize.py
cfn=_prepare_scalar_function
calls=1 204
294 2767700
cfl=c:\Users\Pedro\faculdade\IniciacaoCientifica\grn\.env\Lib\site-packages\scipy\sparse\linalg\_interface.py
cfn=__new__
calls=1 158
294 6200
cfl=~
cfn=<built-in method builtins.len>
calls=1 0
294 200
cfl=~
cfn=<built-in method builtins.min>
calls=1 0
294 400
cfl=~
cfn=<built-in method numpy.array>
calls=3 0
294 2900
cfl=~
cfn=<built-in method numpy.asarray>
calls=1 0
294 200
cfl=~
cfn=<built-in method numpy.zeros>
calls=11 0
294 7200
cfl=~
cfn=<built-in method scipy.optimize._lbfgsb.setulb>
calls=2 0
294 9500
cfl=~
cfn=<method 'any' of 'numpy.ndarray' objects>
calls=1 0
294 1900
cfl=~
cfn=<method 'astype' of 'numpy.ndarray' objects>
calls=2 0
294 1000
cfl=~
cfn=<method 'ravel' of 'numpy.ndarray' objects>
calls=1 0
294 500
cfl=~
cfn=<method 'reshape' of 'numpy.ndarray' objects>
calls=2 0
294 900

fl=c:\Users\Pedro\faculdade\IniciacaoCientifica\grn\.env\Lib\site-packages\scipy\optimize\_lbfgsb_py.py
fn=__init__
539 15300
cfl=c:\Users\Pedro\faculdade\IniciacaoCientifica\grn\.env\Lib\site-packages\numpy\_core\einsumfunc.py
cfn=_einsum_dispatcher
calls=5 1236
539 1500
cfl=c:\Users\Pedro\faculdade\IniciacaoCientifica\grn\.env\Lib\site-packages\numpy\_core\einsumfunc.py
cfn=einsum
calls=1 1244
539 10000
cfl=c:\Users\Pedro\faculdade\IniciacaoCientifica\grn\.env\Lib\site-packages\scipy\sparse\linalg\_interface.py
cfn=__init__
calls=1 173
539 18400

fl=c:\Users\Pedro\faculdade\IniciacaoCientifica\grn\.env\Lib\site-packages\scipy\optimize\_minimize.py
fn=minimize
54 35000
cfl=c:\Users\Pedro\faculdade\IniciacaoCientifica\grn\.env\Lib\site-packages\numpy\_core\fromnumeric.py
cfn=_any_dispatcher
calls=1 2431
54 100
cfl=c:\Users\Pedro\faculdade\IniciacaoCientifica\grn\.env\Lib\site-packages\numpy\_core\fromnumeric.py
cfn=any
calls=1 2436
54 8200
cfl=c:\Users\Pedro\faculdade\IniciacaoCientifica\grn\.env\Lib\site-packages\numpy\_core\fromnumeric.py
cfn=_all_dispatcher
calls=1 2543
54 100
cfl=c:\Users\Pedro\faculdade\IniciacaoCientifica\grn\.env\Lib\site-packages\numpy\_core\fromnumeric.py
cfn=all
calls=1 2548
54 2900
cfl=c:\Users\Pedro\faculdade\IniciacaoCientifica\grn\.env\Lib\site-packages\numpy\_core\shape_base.py
cfn=_atleast_1d_dispatcher
calls=1 15
54 100
cfl=c:\Users\Pedro\faculdade\IniciacaoCientifica\grn\.env\Lib\site-packages\numpy\_core\shape_base.py
cfn=atleast_1d
calls=1 19
54 600
cfl=c:\Users\Pedro\faculdade\IniciacaoCientifica\grn\.env\Lib\site-packages\scipy\optimize\_lbfgsb_py.py
cfn=_minimize_lbfgsb
calls=1 294
54 2992900
cfl=c:\Users\Pedro\faculdade\IniciacaoCientifica\grn\.env\Lib\site-packages\scipy\optimize\_minimize.py
cfn=_validate_bounds
calls=1 1105
54 28700
cfl=c:\Users\Pedro\faculdade\IniciacaoCientifica\grn\.env\Lib\site-packages\scipy\optimize\_minimize.py
cfn=standardize_bounds
calls=2 1121
54 27400
cfl=c:\Users\Pedro\faculdade\IniciacaoCientifica\grn\.env\Lib\site-packages\scipy\optimize\_minimize.py
cfn=standardize_constraints
calls=1 1134
54 2900
cfl=c:\Users\Pedro\faculdade\IniciacaoCientifica\grn\.env\Lib\site-packages\scipy\optimize\_optimize.py
cfn=_wrap_callback
calls=1 88
54 200
cfl=~
cfn=<built-in method builtins.callable>
calls=3 0
54 300
cfl=~
cfn=<built-in method builtins.getattr>
calls=1 0
54 300
cfl=~
cfn=<built-in method builtins.isinstance>
calls=1 0
54 100
cfl=~
cfn=<built-in method numpy.asarray>
calls=1 0
54 200
cfl=~
cfn=<method 'any' of 'numpy.ndarray' objects>
calls=1 0
54 2900
cfl=~
cfn=<method 'get' of 'dict' objects>
calls=1 0
54 200
cfl=~
cfn=<method 'lower' of 'str' objects>
calls=1 0
54 300

fl=c:\Users\Pedro\faculdade\IniciacaoCientifica\grn\.env\Lib\site-packages\scipy\optimize\_minimize.py
fn=_validate_bounds
1105 5600
cfl=c:\Users\Pedro\faculdade\IniciacaoCientifica\grn\.env\Lib\site-packages\numpy\_core\fromnumeric.py
cfn=_any_dispatcher
calls=1 2431
1105 200
cfl=c:\Users\Pedro\faculdade\IniciacaoCientifica\grn\.env\Lib\site-packages\numpy\_core\fromnumeric.py
cfn=any
calls=1 2436
1105 2700
cfl=c:\Users\Pedro\faculdade\IniciacaoCientifica\grn\.env\Lib\site-packages\numpy\lib\_stride_tricks_impl.py
cfn=_broadcast_to_dispatcher
calls=2 396
1105 200
cfl=c:\Users\Pedro\faculdade\IniciacaoCientifica\grn\.env\Lib\site-packages\numpy\lib\_stride_tricks_impl.py
cfn=broadcast_to
calls=2 400
1105 20000

fl=c:\Users\Pedro\faculdade\IniciacaoCientifica\grn\.env\Lib\site-packages\scipy\optimize\_minimize.py
fn=standardize_bounds
1121 3700
cfl=c:\Users\Pedro\faculdade\IniciacaoCientifica\grn\.env\Lib\site-packages\scipy\optimize\_constraints.py
cfn=new_bounds_to_old
calls=1 419
1121 23500
cfl=~
cfn=<built-in method builtins.isinstance>
calls=2 0
1121 200

fl=c:\Users\Pedro\faculdade\IniciacaoCientifica\grn\.env\Lib\site-packages\scipy\optimize\_minimize.py
fn=standardize_constraints
1134 2600
cfl=~
cfn=<built-in method builtins.isinstance>
calls=1 0
1134 300

fl=c:\Users\Pedro\faculdade\IniciacaoCientifica\grn\.env\Lib\site-packages\scipy\optimize\_numdiff.py
fn=_adjust_scheme_to_bounds
14 24800
cfl=c:\Users\Pedro\faculdade\IniciacaoCientifica\grn\.env\Lib\site-packages\numpy\_core\fromnumeric.py
cfn=_all_dispatcher
calls=1 2543
14 0
cfl=c:\Users\Pedro\faculdade\IniciacaoCientifica\grn\.env\Lib\site-packages\numpy\_core\fromnumeric.py
cfn=all
calls=1 2548
14 2900
cfl=c:\Users\Pedro\faculdade\IniciacaoCientifica\grn\.env\Lib\site-packages\numpy\_core\numeric.py
cfn=_ones_like_dispatcher
calls=1 240
14 200
cfl=c:\Users\Pedro\faculdade\IniciacaoCientifica\grn\.env\Lib\site-packages\numpy\_core\numeric.py
cfn=ones_like
calls=1 246
14 4900
cfl=~
cfn=<method 'copy' of 'numpy.ndarray' objects>
calls=1 0
14 600

fl=c:\Users\Pedro\faculdade\IniciacaoCientifica\grn\.env\Lib\site-packages\scipy\optimize\_numdiff.py
fn=_eps_for_method
93 5400
cfl=c:\Users\Pedro\faculdade\IniciacaoCientifica\grn\.env\Lib\site-packages\numpy\_core\getlimits.py
cfn=__new__
calls=2 178
93 1000
cfl=c:\Users\Pedro\faculdade\IniciacaoCientifica\grn\.env\Lib\site-packages\numpy\_core\numerictypes.py
cfn=issubdtype
calls=2 475
93 6200

fl=c:\Users\Pedro\faculdade\IniciacaoCientifica\grn\.env\Lib\site-packages\scipy\optimize\_numdiff.py
fn=_prepare_bounds
196 2100
cfl=c:\Users\Pedro\faculdade\IniciacaoCientifica\grn\.env\Lib\site-packages\scipy\optimize\_numdiff.py
cfn=<genexpr>
calls=3 207
196 2400

fl=c:\Users\Pedro\faculdade\IniciacaoCientifica\grn\.env\Lib\site-packages\scipy\optimize\_numdiff.py
fn=<genexpr>
207 1800
cfl=~
cfn=<built-in method numpy.asarray>
calls=2 0
207 600

fl=c:\Users\Pedro\faculdade\IniciacaoCientifica\grn\.env\Lib\site-packages\scipy\optimize\_numdiff.py
fn=approx_derivative
278 55100
cfl=c:\Users\Pedro\faculdade\IniciacaoCientifica\grn\.env\Lib\site-packages\numpy\_core\fromnumeric.py
cfn=_any_dispatcher
calls=1 2431
278 200
cfl=c:\Users\Pedro\faculdade\IniciacaoCientifica\grn\.env\Lib\site-packages\numpy\_core\fromnumeric.py
cfn=any
calls=1 2436
278 4400
cfl=c:\Users\Pedro\faculdade\IniciacaoCientifica\grn\.env\Lib\site-packages\numpy\_core\multiarray.py
cfn=where
calls=1 403
278 100
cfl=c:\Users\Pedro\faculdade\IniciacaoCientifica\grn\.env\Lib\site-packages\numpy\_core\numerictypes.py
cfn=isdtype
calls=1 385
278 4500
cfl=c:\Users\Pedro\faculdade\IniciacaoCientifica\grn\.env\Lib\site-packages\numpy\_core\shape_base.py
cfn=_atleast_1d_dispatcher
calls=1 15
278 100
cfl=c:\Users\Pedro\faculdade\IniciacaoCientifica\grn\.env\Lib\site-packages\numpy\_core\shape_base.py
cfn=atleast_1d
calls=1 19
278 2400
cfl=c:\Users\Pedro\faculdade\IniciacaoCientifica\grn\.env\Lib\site-packages\scipy\_lib\_array_api_override.py
cfn=array_namespace
calls=1 69
278 300
cfl=c:\Users\Pedro\faculdade\IniciacaoCientifica\grn\.env\Lib\site-packages\scipy\_lib\_util.py
cfn=__init__:633
calls=1 633
278 1300
cfl=c:\Users\Pedro\faculdade\IniciacaoCientifica\grn\.env\Lib\site-packages\scipy\_lib\_util.py
cfn=__enter__
calls=1 669
278 100
cfl=c:\Users\Pedro\faculdade\IniciacaoCientifica\grn\.env\Lib\site-packages\scipy\_lib\_util.py
cfn=__exit__
calls=1 684
278 600
cfl=c:\Users\Pedro\faculdade\IniciacaoCientifica\grn\.env\Lib\site-packages\scipy\_lib\array_api_compat\numpy\_aliases.py
cfn=asarray
calls=1 70
278 3500
cfl=c:\Users\Pedro\faculdade\IniciacaoCientifica\grn\.env\Lib\site-packages\scipy\_lib\array_api_compat\numpy\_aliases.py
cfn=astype
calls=1 97
278 1700
cfl=c:\Users\Pedro\faculdade\IniciacaoCientifica\grn\.env\Lib\site-packages\scipy\_lib\array_api_extra\_delegation.py
cfn=atleast_nd
calls=1 34
278 3200
cfl=c:\Users\Pedro\faculdade\IniciacaoCientifica\grn\.env\Lib\site-packages\scipy\optimize\_numdiff.py
cfn=_adjust_scheme_to_bounds
calls=1 14
278 33400
cfl=c:\Users\Pedro\faculdade\IniciacaoCientifica\grn\.env\Lib\site-packages\scipy\optimize\_numdiff.py
cfn=_eps_for_method
calls=1 93
278 12600
cfl=c:\Users\Pedro\faculdade\IniciacaoCientifica\grn\.env\Lib\site-packages\scipy\optimize\_numdiff.py
cfn=_prepare_bounds
calls=1 196
278 4500
cfl=c:\Users\Pedro\faculdade\IniciacaoCientifica\grn\.env\Lib\site-packages\scipy\optimize\_numdiff.py
cfn=_dense_difference
calls=1 663
278 2293600
cfl=c:\Users\Pedro\faculdade\IniciacaoCientifica\grn\.env\Lib\site-packages\scipy\optimize\_numdiff.py
cfn=__init__
calls=1 865
278 800
cfl=~
cfn=<method 'astype' of 'numpy.ndarray' objects>
calls=1 0
278 1100

fl=c:\Users\Pedro\faculdade\IniciacaoCientifica\grn\.env\Lib\site-packages\scipy\optimize\_numdiff.py
fn=_dense_difference
663 51700
cfl=c:\Users\Pedro\faculdade\IniciacaoCientifica\grn\.env\Lib\site-packages\numpy\_core\fromnumeric.py
cfn=_ravel_dispatcher
calls=1 1875
663 300
cfl=c:\Users\Pedro\faculdade\IniciacaoCientifica\grn\.env\Lib\site-packages\numpy\_core\fromnumeric.py
cfn=ravel
calls=1 1879
663 2200
cfl=c:\Users\Pedro\faculdade\IniciacaoCientifica\grn\.env\Lib\site-packages\scipy\_lib\_util.py
cfn=__call__:689
calls=1 689
663 400
cfl=c:\Users\Pedro\faculdade\IniciacaoCientifica\grn\.env\Lib\site-packages\scipy\optimize\_numdiff.py
cfn=x_generator2
calls=20 670
663 33600
cfl=c:\Users\Pedro\faculdade\IniciacaoCientifica\grn\.env\Lib\site-packages\scipy\optimize\_numdiff.py
cfn=__call__
calls=19 871
663 2204800
cfl=~
cfn=<built-in method builtins.len>
calls=1 0
663 100
cfl=~
cfn=<built-in method numpy.empty>
calls=1 0
663 500

fl=c:\Users\Pedro\faculdade\IniciacaoCientifica\grn\.env\Lib\site-packages\scipy\optimize\_numdiff.py
fn=x_generator2
670 19400
cfl=c:\Users\Pedro\faculdade\IniciacaoCientifica\grn\.env\Lib\site-packages\numpy\lib\_function_base_impl.py
cfn=_copy_dispatcher
calls=19 920
670 2000
cfl=c:\Users\Pedro\faculdade\IniciacaoCientifica\grn\.env\Lib\site-packages\numpy\lib\_function_base_impl.py
cfn=copy
calls=19 924
670 12200

fl=c:\Users\Pedro\faculdade\IniciacaoCientifica\grn\.env\Lib\site-packages\scipy\optimize\_numdiff.py
fn=__init__
865 800

fl=c:\Users\Pedro\faculdade\IniciacaoCientifica\grn\.env\Lib\site-packages\scipy\optimize\_numdiff.py
fn=__call__
871 42900
cfl=c:\Users\Pedro\faculdade\IniciacaoCientifica\grn\.env\Lib\site-packages\numpy\_core\numerictypes.py
cfn=isdtype
calls=19 385
871 56800
cfl=c:\Users\Pedro\faculdade\IniciacaoCientifica\grn\.env\Lib\site-packages\numpy\_core\shape_base.py
cfn=_atleast_1d_dispatcher
calls=19 15
871 1500
cfl=c:\Users\Pedro\faculdade\IniciacaoCientifica\grn\.env\Lib\site-packages\numpy\_core\shape_base.py
cfn=atleast_1d
calls=19 19
871 25500
cfl=c:\Users\Pedro\faculdade\IniciacaoCientifica\grn\.env\Lib\site-packages\scipy\_lib\_array_api_override.py
cfn=array_namespace
calls=19 69
871 2500
cfl=c:\Users\Pedro\faculdade\IniciacaoCientifica\grn\.env\Lib\site-packages\scipy\_lib\_util.py
cfn=__call__:600
calls=19 600
871 2049100
cfl=c:\Users\Pedro\faculdade\IniciacaoCientifica\grn\.env\Lib\site-packages\scipy\_lib\array_api_compat\numpy\_aliases.py
cfn=astype
calls=19 97
871 26500

fl=c:\Users\Pedro\faculdade\IniciacaoCientifica\grn\.env\Lib\site-packages\scipy\optimize\_optimize.py
fn=_wrap_callback
88 400

fl=c:\Users\Pedro\faculdade\IniciacaoCientifica\grn\.env\Lib\site-packages\scipy\optimize\_optimize.py
fn=_check_unknown_options
176 200

fl=c:\Users\Pedro\faculdade\IniciacaoCientifica\grn\.env\Lib\site-packages\scipy\optimize\_optimize.py
fn=_prepare_scalar_function
204 8100
cfl=c:\Users\Pedro\faculdade\IniciacaoCientifica\grn\.env\Lib\site-packages\scipy\optimize\_differentiable_functions.py
cfn=__init__:218
calls=1 218
204 2759500
cfl=~
cfn=<built-in method builtins.callable>
calls=1 0
204 100

fl=c:\Users\Pedro\faculdade\IniciacaoCientifica\grn\.env\Lib\site-packages\scipy\optimize\_optimize.py
fn=hess
299 200

fl=c:\Users\Pedro\faculdade\IniciacaoCientifica\grn\.env\Lib\site-packages\scipy\sparse\_sputils.py
fn=isintlike
350 4800
cfl=c:\Users\Pedro\faculdade\IniciacaoCientifica\grn\.env\Lib\site-packages\numpy\_core\fromnumeric.py
cfn=_ndim_dispatcher
calls=2 3478
350 300
cfl=c:\Users\Pedro\faculdade\IniciacaoCientifica\grn\.env\Lib\site-packages\numpy\_core\fromnumeric.py
cfn=ndim
calls=2 3482
350 4600
cfl=~
cfn=<built-in method _operator.index>
calls=2 0
350 200

fl=c:\Users\Pedro\faculdade\IniciacaoCientifica\grn\.env\Lib\site-packages\scipy\sparse\_sputils.py
fn=isshape
372 4400
cfl=c:\Users\Pedro\faculdade\IniciacaoCientifica\grn\.env\Lib\site-packages\scipy\sparse\_sputils.py
cfn=isintlike
calls=2 350
372 9900
cfl=~
cfn=<built-in method builtins.len>
calls=1 0
372 100

fl=c:\Users\Pedro\faculdade\IniciacaoCientifica\grn\.env\Lib\site-packages\scipy\sparse\linalg\_interface.py
fn=__new__
158 4500
cfl=~
cfn=<built-in method __new__ of type object at 0x00007FFE69354D90>
calls=1 0
158 1700

fl=c:\Users\Pedro\faculdade\IniciacaoCientifica\grn\.env\Lib\site-packages\scipy\sparse\linalg\_interface.py
fn=__init__
173 4000
cfl=c:\Users\Pedro\faculdade\IniciacaoCientifica\grn\.env\Lib\site-packages\scipy\sparse\_sputils.py
cfn=isshape
calls=1 372
173 14400

fl=c:\Users\Pedro\faculdade\IniciacaoCientifica\grn\.env\Lib\site-packages\tornado\ioloop.py
fn=time
549 2300
cfl=~
cfn=<built-in method time.time>
calls=4 0
549 2200

fl=c:\Users\Pedro\faculdade\IniciacaoCientifica\grn\.env\Lib\site-packages\tornado\ioloop.py
fn=call_later
604 7400
cfl=c:\Users\Pedro\faculdade\IniciacaoCientifica\grn\.env\Lib\site-packages\tornado\ioloop.py
cfn=time
calls=2 549
604 3100
cfl=c:\Users\Pedro\faculdade\IniciacaoCientifica\grn\.env\Lib\site-packages\tornado\platform\asyncio.py
cfn=call_at
calls=2 216
604 54400

fl=c:\Users\Pedro\faculdade\IniciacaoCientifica\grn\.env\Lib\site-packages\tornado\platform\asyncio.py
fn=_handle_events
206 6200
cfl=c:\Users\Pedro\faculdade\IniciacaoCientifica\grn\.env\Lib\site-packages\zmq\eventloop\zmqstream.py
cfn=_handle_events
calls=2 573
206 461600

fl=c:\Users\Pedro\faculdade\IniciacaoCientifica\grn\.env\Lib\site-packages\tornado\platform\asyncio.py
fn=call_at
216 8900
cfl=C:\Users\Pedro\AppData\Local\Python\pythoncore-3.14-64\Lib\asyncio\base_events.py
cfn=call_later
calls=2 775
216 42800
cfl=c:\Users\Pedro\faculdade\IniciacaoCientifica\grn\.env\Lib\site-packages\tornado\ioloop.py
cfn=time
calls=2 549
216 1400
cfl=~
cfn=<built-in method builtins.max>
calls=2 0
216 1300

fl=c:\Users\Pedro\faculdade\IniciacaoCientifica\grn\.env\Lib\site-packages\traitlets\traitlets.py
fn=get
648 199200

fl=c:\Users\Pedro\faculdade\IniciacaoCientifica\grn\.env\Lib\site-packages\traitlets\traitlets.py
fn=__get__
695 318600
cfl=c:\Users\Pedro\faculdade\IniciacaoCientifica\grn\.env\Lib\site-packages\traitlets\traitlets.py
cfn=get
calls=1195 648
695 199200

fl=c:\Users\Pedro\faculdade\IniciacaoCientifica\grn\.env\Lib\site-packages\traitlets\traitlets.py
fn=set:708
708 5200
cfl=c:\Users\Pedro\faculdade\IniciacaoCientifica\grn\.env\Lib\site-packages\traitlets\traitlets.py
cfn=_validate
calls=2 737
708 22600
cfl=c:\Users\Pedro\faculdade\IniciacaoCientifica\grn\.env\Lib\site-packages\traitlets\traitlets.py
cfn=_notify_trait
calls=1 1520
708 16600

fl=c:\Users\Pedro\faculdade\IniciacaoCientifica\grn\.env\Lib\site-packages\traitlets\traitlets.py
fn=__set__
727 3000
cfl=c:\Users\Pedro\faculdade\IniciacaoCientifica\grn\.env\Lib\site-packages\traitlets\traitlets.py
cfn=set:3646
calls=2 3646
727 51100

fl=c:\Users\Pedro\faculdade\IniciacaoCientifica\grn\.env\Lib\site-packages\traitlets\traitlets.py
fn=_validate
737 4800
cfl=c:\Users\Pedro\faculdade\IniciacaoCientifica\grn\.env\Lib\site-packages\traitlets\traitlets.py
cfn=_cross_validate
calls=2 746
737 4000
cfl=c:\Users\Pedro\faculdade\IniciacaoCientifica\grn\.env\Lib\site-packages\traitlets\traitlets.py
cfn=validate:3491
calls=2 3491
737 13100
cfl=~
cfn=<built-in method builtins.hasattr>
calls=2 0
737 700

fl=c:\Users\Pedro\faculdade\IniciacaoCientifica\grn\.env\Lib\site-packages\traitlets\traitlets.py
fn=_cross_validate
746 2500
cfl=~
cfn=<built-in method builtins.hasattr>
calls=2 0
746 1500

fl=c:\Users\Pedro\faculdade\IniciacaoCientifica\grn\.env\Lib\site-packages\traitlets\traitlets.py
fn=_notify_trait
1520 3400
cfl=c:\Users\Pedro\faculdade\IniciacaoCientifica\grn\.env\Lib\site-packages\traitlets\traitlets.py
cfn=notify_change
calls=1 1531
1520 13200

fl=c:\Users\Pedro\faculdade\IniciacaoCientifica\grn\.env\Lib\site-packages\traitlets\traitlets.py
fn=notify_change
1531 5200
cfl=c:\Users\Pedro\faculdade\IniciacaoCientifica\grn\.env\Lib\site-packages\traitlets\traitlets.py
cfn=_notify_observers
calls=1 1535
1531 8000

fl=c:\Users\Pedro\faculdade\IniciacaoCientifica\grn\.env\Lib\site-packages\traitlets\traitlets.py
fn=_notify_observers
1535 5800
cfl=~
cfn=<built-in method builtins.hasattr>
calls=1 0
1535 600
cfl=~
cfn=<built-in method builtins.isinstance>
calls=1 0
1535 100
cfl=~
cfn=<method 'extend' of 'list' objects>
calls=2 0
1535 600
cfl=~
cfn=<method 'get' of 'dict' objects>
calls=4 0
1535 900

fl=c:\Users\Pedro\faculdade\IniciacaoCientifica\grn\.env\Lib\site-packages\traitlets\traitlets.py
fn=validate:2312
2312 1000
cfl=~
cfn=<built-in method builtins.isinstance>
calls=2 0
2312 100

fl=c:\Users\Pedro\faculdade\IniciacaoCientifica\grn\.env\Lib\site-packages\traitlets\traitlets.py
fn=validate:3491
3491 4900
cfl=c:\Users\Pedro\faculdade\IniciacaoCientifica\grn\.env\Lib\site-packages\traitlets\traitlets.py
cfn=validate:2312
calls=2 2312
3491 1100
cfl=c:\Users\Pedro\faculdade\IniciacaoCientifica\grn\.env\Lib\site-packages\traitlets\traitlets.py
cfn=validate_elements:3639
calls=2 3639
3491 6800
cfl=~
cfn=<built-in method builtins.isinstance>
calls=2 0
3491 300

fl=c:\Users\Pedro\faculdade\IniciacaoCientifica\grn\.env\Lib\site-packages\traitlets\traitlets.py
fn=validate_elements:3501
3501 900

fl=c:\Users\Pedro\faculdade\IniciacaoCientifica\grn\.env\Lib\site-packages\traitlets\traitlets.py
fn=validate_elements:3639
3639 5500
cfl=c:\Users\Pedro\faculdade\IniciacaoCientifica\grn\.env\Lib\site-packages\traitlets\traitlets.py
cfn=validate_elements:3501
calls=2 3501
3639 900
cfl=~
cfn=<built-in method builtins.len>
calls=2 0
3639 400

fl=c:\Users\Pedro\faculdade\IniciacaoCientifica\grn\.env\Lib\site-packages\traitlets\traitlets.py
fn=set:3646
3646 6100
cfl=c:\Users\Pedro\faculdade\IniciacaoCientifica\grn\.env\Lib\site-packages\traitlets\traitlets.py
cfn=set:708
calls=2 708
3646 44400
cfl=~
cfn=<built-in method builtins.isinstance>
calls=2 0
3646 600

fl=c:\Users\Pedro\faculdade\IniciacaoCientifica\grn\.env\Lib\site-packages\zmq\eventloop\zmqstream.py
fn=receiving
528 900

fl=c:\Users\Pedro\faculdade\IniciacaoCientifica\grn\.env\Lib\site-packages\zmq\eventloop\zmqstream.py
fn=sending
532 3000
cfl=C:\Users\Pedro\AppData\Local\Python\pythoncore-3.14-64\Lib\queue.py
cfn=empty
calls=2 112
532 8700

fl=c:\Users\Pedro\faculdade\IniciacaoCientifica\grn\.env\Lib\site-packages\zmq\eventloop\zmqstream.py
fn=_run_callback
546 5700
cfl=c:\Users\Pedro\faculdade\IniciacaoCientifica\grn\.env\Lib\site-packages\ipykernel\iostream.py
cfn=_handle_event
calls=2 229
546 78000
cfl=~
cfn=<built-in method builtins.isinstance>
calls=2 0
546 21000

fl=c:\Users\Pedro\faculdade\IniciacaoCientifica\grn\.env\Lib\site-packages\zmq\eventloop\zmqstream.py
fn=_handle_events
573 22100
cfl=C:\Users\Pedro\AppData\Local\Python\pythoncore-3.14-64\Lib\enum.py
cfn=__and__
calls=4 1594
573 31900
cfl=c:\Users\Pedro\faculdade\IniciacaoCientifica\grn\.env\Lib\site-packages\zmq\eventloop\zmqstream.py
cfn=receiving
calls=2 528
573 600
cfl=c:\Users\Pedro\faculdade\IniciacaoCientifica\grn\.env\Lib\site-packages\zmq\eventloop\zmqstream.py
cfn=_handle_recv
calls=2 614
573 231800
cfl=c:\Users\Pedro\faculdade\IniciacaoCientifica\grn\.env\Lib\site-packages\zmq\eventloop\zmqstream.py
cfn=_rebuild_io_state
calls=2 653
573 73700
cfl=c:\Users\Pedro\faculdade\IniciacaoCientifica\grn\.env\Lib\site-packages\zmq\sugar\attrsettr.py
cfn=__getattr__
calls=2 43
573 101500

fl=c:\Users\Pedro\faculdade\IniciacaoCientifica\grn\.env\Lib\site-packages\zmq\eventloop\zmqstream.py
fn=_handle_recv
614 8600
cfl=c:\Users\Pedro\faculdade\IniciacaoCientifica\grn\.env\Lib\site-packages\zmq\eventloop\zmqstream.py
cfn=_run_callback
calls=2 546
614 104700
cfl=c:\Users\Pedro\faculdade\IniciacaoCientifica\grn\.env\Lib\site-packages\zmq\sugar\socket.py
cfn=recv_multipart
calls=2 771
614 118500

fl=c:\Users\Pedro\faculdade\IniciacaoCientifica\grn\.env\Lib\site-packages\zmq\eventloop\zmqstream.py
fn=_rebuild_io_state
653 11400
cfl=C:\Users\Pedro\AppData\Local\Python\pythoncore-3.14-64\Lib\enum.py
cfn=__or__
calls=2 1583
653 10300
cfl=c:\Users\Pedro\faculdade\IniciacaoCientifica\grn\.env\Lib\site-packages\zmq\eventloop\zmqstream.py
cfn=receiving
calls=2 528
653 300
cfl=c:\Users\Pedro\faculdade\IniciacaoCientifica\grn\.env\Lib\site-packages\zmq\eventloop\zmqstream.py
cfn=sending
calls=2 532
653 11700
cfl=c:\Users\Pedro\faculdade\IniciacaoCientifica\grn\.env\Lib\site-packages\zmq\eventloop\zmqstream.py
cfn=_update_handler
calls=2 676
653 40000

fl=c:\Users\Pedro\faculdade\IniciacaoCientifica\grn\.env\Lib\site-packages\zmq\eventloop\zmqstream.py
fn=_update_handler
676 4900
cfl=C:\Users\Pedro\AppData\Local\Python\pythoncore-3.14-64\Lib\enum.py
cfn=__and__
calls=2 1594
676 10500
cfl=c:\Users\Pedro\faculdade\IniciacaoCientifica\grn\.env\Lib\site-packages\zmq\sugar\attrsettr.py
cfn=__getattr__
calls=2 43
676 24600

fl=c:\Users\Pedro\faculdade\IniciacaoCientifica\grn\.env\Lib\site-packages\zmq\sugar\attrsettr.py
fn=__getattr__
43 21800
cfl=<frozen importlib._bootstrap>
cfn=_handle_fromlist
calls=4 1401
43 8100
cfl=c:\Users\Pedro\faculdade\IniciacaoCientifica\grn\.env\Lib\site-packages\zmq\sugar\attrsettr.py
cfn=_get_attr_opt
calls=4 66
43 91000
cfl=~
cfn=<built-in method builtins.getattr>
calls=4 0
43 3400
cfl=~
cfn=<method 'upper' of 'str' objects>
calls=4 0
43 1800

fl=c:\Users\Pedro\faculdade\IniciacaoCientifica\grn\.env\Lib\site-packages\zmq\sugar\attrsettr.py
fn=_get_attr_opt
66 79700
cfl=C:\Users\Pedro\AppData\Local\Python\pythoncore-3.14-64\Lib\enum.py
cfn=__call__
calls=4 677
66 11300

fl=c:\Users\Pedro\faculdade\IniciacaoCientifica\grn\.env\Lib\site-packages\zmq\sugar\socket.py
fn=send
623 116700

fl=c:\Users\Pedro\faculdade\IniciacaoCientifica\grn\.env\Lib\site-packages\zmq\sugar\socket.py
fn=recv_multipart
771 57400
cfl=C:\Users\Pedro\AppData\Local\Python\pythoncore-3.14-64\Lib\enum.py
cfn=__call__
calls=2 677
771 2100
cfl=C:\Users\Pedro\AppData\Local\Python\pythoncore-3.14-64\Lib\typing.py
cfn=_type_check
calls=4 184
771 44400
cfl=C:\Users\Pedro\AppData\Local\Python\pythoncore-3.14-64\Lib\typing.py
cfn=inner
calls=4 396
771 6400
cfl=C:\Users\Pedro\AppData\Local\Python\pythoncore-3.14-64\Lib\typing.py
cfn=__hash__
calls=12 1361
771 7900
cfl=C:\Users\Pedro\AppData\Local\Python\pythoncore-3.14-64\Lib\typing.py
cfn=cast
calls=2 2300
771 300

fl=c:\Users\Pedro\faculdade\IniciacaoCientifica\grn\PythonCode\Modules\EvolutionModules.py
fn=__init__:26
26 2427400
cfl=c:\Users\Pedro\faculdade\IniciacaoCientifica\grn\PythonCode\Modules\EvolutionModules.py
cfn=limit_val
calls=11229 31
26 5551200

fl=c:\Users\Pedro\faculdade\IniciacaoCientifica\grn\PythonCode\Modules\EvolutionModules.py
fn=limit_val
31 3302100
cfl=~
cfn=<built-in method builtins.max>
calls=11229 0
31 1030900
cfl=~
cfn=<built-in method builtins.min>
calls=11229 0
31 1218200

fl=c:\Users\Pedro\faculdade\IniciacaoCientifica\grn\PythonCode\Modules\EvolutionModules.py
fn=__init__:41
41 623700
cfl=C:\Users\Pedro\AppData\Local\Python\pythoncore-3.14-64\Lib\copy.py
cfn=deepcopy
calls=591 110
41 30326900

fl=c:\Users\Pedro\faculdade\IniciacaoCientifica\grn\PythonCode\Modules\EvolutionModules.py
fn=solve_ivp
50 635100
cfl=~
cfn=<method 'upper' of 'str' objects>
calls=591 0
50 115400

fl=c:\Users\Pedro\faculdade\IniciacaoCientifica\grn\PythonCode\Modules\EvolutionModules.py
fn=calculate_fitness
107 681800
cfl=c:\Users\Pedro\faculdade\IniciacaoCientifica\grn\PythonCode\Modules\EvolutionModules.py
cfn=solve_ivp
calls=590 50
107 749000
cfl=~
cfn=<built-in method builtins.print>
calls=590 0
107 9592400

fl=c:\Users\Pedro\faculdade\IniciacaoCientifica\grn\PythonCode\Modules\EvolutionModules.py
fn=calc_all_fitness
121 1000
cfl=c:\Users\Pedro\faculdade\IniciacaoCientifica\grn\PythonCode\Modules\EvolutionModules.py
cfn=solve_ivp
calls=1 50
121 1500

fl=c:\Users\Pedro\faculdade\IniciacaoCientifica\grn\PythonCode\Modules\EvolutionModules.py
fn=list_to_ind
221 7844600
cfl=c:\Users\Pedro\faculdade\IniciacaoCientifica\grn\PythonCode\Modules\EvolutionModules.py
cfn=__init__:26
calls=11229 26
221 7978600
cfl=c:\Users\Pedro\faculdade\IniciacaoCientifica\grn\PythonCode\Modules\EvolutionModules.py
cfn=__init__:41
calls=591 41
221 30950600
cfl=c:\Users\Pedro\faculdade\IniciacaoCientifica\grn\PythonCode\Modules\Models.py
cfn=is_excluded
calls=11229 54
221 3324200
cfl=~
cfn=<method 'items' of 'dict' objects>
calls=3546 0
221 480900

fl=c:\Users\Pedro\faculdade\IniciacaoCientifica\grn\PythonCode\Modules\Handlers.py
fn=run_path
29 9600
cfl=<frozen ntpath>
cfn=join
calls=6 99
29 24400

fl=c:\Users\Pedro\faculdade\IniciacaoCientifica\grn\PythonCode\Modules\Handlers.py
fn=setup_logger
33 290300
cfl=<frozen os>
cfn=makedirs
calls=0 211
33 0
cfl=C:\Users\Pedro\AppData\Local\Python\pythoncore-3.14-64\Lib\cProfile.py
cfn=__exit__
calls=1 120
33 88400
cfl=C:\Users\Pedro\AppData\Local\Python\pythoncore-3.14-64\Lib\contextlib.py
cfn=__enter__:136
calls=1 136
33 2200
cfl=C:\Users\Pedro\AppData\Local\Python\pythoncore-3.14-64\Lib\contextlib.py
cfn=helper
calls=1 303
33 4400
cfl=C:\Users\Pedro\AppData\Local\Python\pythoncore-3.14-64\Lib\threading.py
cfn=clear
calls=1 641
33 2200
cfl=c:\Users\Pedro\faculdade\IniciacaoCientifica\grn\.env\Lib\site-packages\decorator\__init__.py
cfn=fun
calls=0 244
33 0
cfl=c:\Users\Pedro\faculdade\IniciacaoCientifica\grn\PythonCode\Modules\Handlers.py
cfn=run_path
calls=1 29
33 9300

fl=c:\Users\Pedro\faculdade\IniciacaoCientifica\grn\PythonCode\Modules\Handlers.py
fn=run_serial
48 29400
cfl=C:\Users\Pedro\AppData\Local\Python\pythoncore-3.14-64\Lib\logging\__init__.py
cfn=info
calls=1 1510
48 92700
cfl=c:\Users\Pedro\faculdade\IniciacaoCientifica\grn\PythonCode\Modules\EvolutionModules.py
cfn=calc_all_fitness
calls=1 121
48 2500
cfl=c:\Users\Pedro\faculdade\IniciacaoCientifica\grn\PythonCode\Modules\Handlers.py
cfn=run_single
calls=0 93
48 0
cfl=~
cfn=<built-in method builtins.print>
calls=2 0
48 40200
cfl=~
cfn=<built-in method time.time>
calls=1 0
48 900

fl=c:\Users\Pedro\faculdade\IniciacaoCientifica\grn\PythonCode\Modules\Handlers.py
fn=run_single
93 19100
cfl=c:\Users\Pedro\faculdade\IniciacaoCientifica\grn\.env\Lib\site-packages\scipy\_lib\_util.py
cfn=__getattr__
calls=1 1016
93 400
cfl=c:\Users\Pedro\faculdade\IniciacaoCientifica\grn\PythonCode\Modules\EvolutionModules.py
cfn=list_to_ind
calls=1 221
93 83400
cfl=c:\Users\Pedro\faculdade\IniciacaoCientifica\grn\PythonCode\Modules\Handlers.py
cfn=run_path
calls=1 29
93 3600
cfl=c:\Users\Pedro\faculdade\IniciacaoCientifica\grn\PythonCode\Modules\Methods.py
cfn=run
calls=0 34
93 0
cfl=c:\Users\Pedro\faculdade\IniciacaoCientifica\grn\PythonCode\Modules\Methods.py
cfn=__init__:178
calls=1 178
93 3300

fl=c:\Users\Pedro\faculdade\IniciacaoCientifica\grn\PythonCode\Modules\Handlers.py
fn=save_results
132 32000
cfl=<frozen ntpath>
cfn=join
calls=2 99
132 3400
cfl=C:\Users\Pedro\AppData\Local\Python\pythoncore-3.14-64\Lib\logging\__init__.py
cfn=info
calls=2 1510
132 147400
cfl=c:\Users\Pedro\faculdade\IniciacaoCientifica\grn\.env\Lib\site-packages\pandas\core\frame.py
cfn=__init__
calls=2 702
132 1225500
cfl=c:\Users\Pedro\faculdade\IniciacaoCientifica\grn\.env\Lib\site-packages\pandas\core\generic.py
cfn=to_csv
calls=2 3795
132 3176200
cfl=c:\Users\Pedro\faculdade\IniciacaoCientifica\grn\PythonCode\Modules\Handlers.py
cfn=run_path
calls=2 29
132 7800

fl=c:\Users\Pedro\faculdade\IniciacaoCientifica\grn\PythonCode\Modules\Handlers.py
fn=execute
138 18800
cfl=c:\Users\Pedro\faculdade\IniciacaoCientifica\grn\PythonCode\Modules\Handlers.py
cfn=setup_logger
calls=1 33
138 89145600
cfl=~
cfn=<built-in method now>
calls=1 0
138 1400
cfl=~
cfn=<method 'strftime' of 'datetime.date' objects>
calls=1 0
138 6500

fl=c:\Users\Pedro\faculdade\IniciacaoCientifica\grn\PythonCode\Modules\Methods.py
fn=__init__:31
31 200

fl=c:\Users\Pedro\faculdade\IniciacaoCientifica\grn\PythonCode\Modules\Methods.py
fn=run
34 38500
cfl=C:\Users\Pedro\AppData\Local\Python\pythoncore-3.14-64\Lib\contextlib.py
cfn=__exit__:145
calls=1 145
34 3000
cfl=C:\Users\Pedro\AppData\Local\Python\pythoncore-3.14-64\Lib\logging\__init__.py
cfn=info
calls=1 1510
34 55900
cfl=C:\Users\Pedro\AppData\Local\Python\pythoncore-3.14-64\Lib\threading.py
cfn=wait
calls=0 651
34 0
cfl=c:\Users\Pedro\faculdade\IniciacaoCientifica\grn\PythonCode\Modules\Methods.py
cfn=execute
calls=0 197
34 0
cfl=~
cfn=<built-in method time.time>
calls=1 0
34 200

fl=c:\Users\Pedro\faculdade\IniciacaoCientifica\grn\PythonCode\Modules\Methods.py
fn=__init__:178
178 3100
cfl=c:\Users\Pedro\faculdade\IniciacaoCientifica\grn\PythonCode\Modules\Methods.py
cfn=__init__:31
calls=1 31
178 200

fl=c:\Users\Pedro\faculdade\IniciacaoCientifica\grn\PythonCode\Modules\Methods.py
fn=execute
197 11800
cfl=C:\Users\Pedro\AppData\Local\Python\pythoncore-3.14-64\Lib\asyncio\base_events.py
cfn=_run_once
calls=0 1966
197 0
cfl=c:\Users\Pedro\faculdade\IniciacaoCientifica\grn\.env\Lib\site-packages\scipy\_lib\_util.py
cfn=wrapper
calls=0 291
197 0
cfl=c:\Users\Pedro\faculdade\IniciacaoCientifica\grn\PythonCode\Modules\Models.py
cfn=bounds_list
calls=1 125
197 10800

fl=c:\Users\Pedro\faculdade\IniciacaoCientifica\grn\PythonCode\Modules\Methods.py
fn=objective_function
199 1169800
cfl=c:\Users\Pedro\faculdade\IniciacaoCientifica\grn\PythonCode\Modules\EvolutionModules.py
cfn=calculate_fitness
calls=590 107
199 11023200
cfl=c:\Users\Pedro\faculdade\IniciacaoCientifica\grn\PythonCode\Modules\EvolutionModules.py
cfn=list_to_ind
calls=590 221
199 50495500
cfl=~
cfn=<built-in method numpy.zeros>
calls=22 0
199 10000

fl=c:\Users\Pedro\faculdade\IniciacaoCientifica\grn\PythonCode\Modules\Models.py
fn=is_excluded
54 2475600
cfl=~
cfn=<built-in method builtins.isinstance>
calls=11229 0
54 848600

fl=c:\Users\Pedro\faculdade\IniciacaoCientifica\grn\PythonCode\Modules\Models.py
fn=bounds_list
125 8600
cfl=~
cfn=<method 'append' of 'list' objects>
calls=19 0
125 1600
cfl=~
cfn=<method 'items' of 'dict' objects>
calls=6 0
125 600

fl=~
fn=<built-in method __new__ of type object at 0x00007FFE69354D90>
0 18400

fl=~
fn=<built-in method _abc._abc_instancecheck>
0 23600
cfl=<frozen abc>
cfn=__subclasscheck__
calls=6 121
0 140700

fl=~
fn=<built-in method _abc._abc_subclasscheck>
0 125300
cfl=<frozen _collections_abc>
cfn=__subclasshook__
calls=13 345
0 1800
cfl=<frozen abc>
cfn=__subclasscheck__
calls=85 121
0 120200

fl=~
fn=<built-in method _asyncio.current_task>
0 3100

fl=~
fn=<built-in method _codecs.charmap_encode>
0 6900

fl=~
fn=<built-in method _codecs.lookup>
0 2100

fl=~
fn=<built-in method _codecs.lookup_error>
0 1500

fl=~
fn=<built-in method _codecs.utf_8_decode>
0 22500

fl=~
fn=<built-in method _contextvars.copy_context>
0 1000

fl=~
fn=<built-in method _csv.writer>
0 6700

fl=~
fn=<built-in method _heapq.heappush>
0 3000
cfl=C:\Users\Pedro\AppData\Local\Python\pythoncore-3.14-64\Lib\asyncio\events.py
cfn=__lt__
calls=2 162
0 1600

fl=~
fn=<built-in method _imp._fix_co_filename>
0 1200

fl=~
fn=<built-in method _imp.acquire_lock>
0 1000

fl=~
fn=<built-in method _imp.create_builtin>
0 4200

fl=~
fn=<built-in method _imp.exec_builtin>
0 400

fl=~
fn=<built-in method _imp.find_frozen>
0 500

fl=~
fn=<built-in method _imp.is_builtin>
0 2600

fl=~
fn=<built-in method _imp.release_lock>
0 800

fl=~
fn=<built-in method _io.open>
0 6848500
cfl=<frozen codecs>
cfn=__init__:189
calls=3 189
0 2000
cfl=<frozen codecs>
cfn=__init__:312
calls=1 312
0 3500

fl=~
fn=<built-in method _io.open_code>
0 258300

fl=~
fn=<built-in method _io.text_encoding>
0 700

fl=~
fn=<built-in method _operator.index>
0 1700

fl=~
fn=<built-in method _suggestions._generate_suggestions>
0 1200

fl=~
fn=<built-in method _thread.allocate_lock>
0 1300

fl=~
fn=<built-in method _thread.get_ident>
0 3500

fl=~
fn=<built-in method _warnings._acquire_lock>
0 4200

fl=~
fn=<built-in method _warnings._filters_mutated_lock_held>
0 3900

fl=~
fn=<built-in method _warnings._release_lock>
0 3600

fl=~
fn=<built-in method _warnings.warn>
0 18800
cfl=C:\Users\Pedro\AppData\Local\Python\pythoncore-3.14-64\Lib\_py_warnings.py
cfn=_showwarnmsg
calls=1 217
0 509700
cfl=C:\Users\Pedro\AppData\Local\Python\pythoncore-3.14-64\Lib\_py_warnings.py
cfn=__init__:576
calls=1 576
0 2000

fl=~
fn=<built-in method _weakref._remove_dead_weakref>
0 500

fl=~
fn=<built-in method _winapi.LCMapStringEx>
0 19200

fl=~
fn=<built-in method builtins.__build_class__>
0 15500
cfl=c:\Users\Pedro\faculdade\IniciacaoCientifica\grn\.env\Lib\site-packages\pandas\io\formats\csvs.py
cfn=CSVFormatter
calls=1 56
0 10500

fl=~
fn=<built-in method builtins.any>
0 195100

fl=~
fn=<built-in method builtins.callable>
0 4600

fl=~
fn=<built-in method builtins.compile>
0 127300

fl=~
fn=<built-in method builtins.dir>
0 12800

fl=~
fn=<built-in method builtins.exec>
0 3700
cfl=c:\Users\Pedro\faculdade\IniciacaoCientifica\grn\.env\Lib\site-packages\pandas\io\formats\csvs.py
cfn=<module>
calls=1 1
0 47700

fl=~
fn=<built-in method builtins.getattr>
0 65300

fl=~
fn=<built-in method builtins.hasattr>
0 20900

fl=~
fn=<built-in method builtins.hash>
0 5000

fl=~
fn=<built-in method builtins.id>
0 1943900

fl=~
fn=<built-in method builtins.isinstance>
0 1254200
cfl=<frozen abc>
cfn=__instancecheck__
calls=33 117
0 168300
cfl=C:\Users\Pedro\AppData\Local\Python\pythoncore-3.14-64\Lib\typing.py
cfn=__instancecheck__
calls=2 1292
0 17600
cfl=c:\Users\Pedro\faculdade\IniciacaoCientifica\grn\.env\Lib\site-packages\pandas\core\dtypes\generic.py
cfn=_instancecheck
calls=245 43
0 135800

fl=~
fn=<built-in method builtins.issubclass>
0 21300
cfl=<frozen abc>
cfn=__subclasscheck__
calls=2 121
0 5500

fl=~
fn=<built-in method builtins.iter>
0 2700

fl=~
fn=<built-in method builtins.len>
0 212300
cfl=c:\Users\Pedro\faculdade\IniciacaoCientifica\grn\.env\Lib\site-packages\pandas\core\indexes\base.py
cfn=__len__
calls=10 918
0 4600
cfl=c:\Users\Pedro\faculdade\IniciacaoCientifica\grn\.env\Lib\site-packages\pandas\core\indexes\range.py
cfn=__len__
calls=76 1265
0 20700

fl=~
fn=<built-in method builtins.locals>
0 5200

fl=~
fn=<built-in method builtins.max>
0 1040900
cfl=<frozen importlib._bootstrap_external>
cfn=<genexpr>
calls=6 139
0 2400

fl=~
fn=<built-in method builtins.min>
0 1222500

fl=~
fn=<built-in method builtins.next>
0 44800
cfl=c:\Users\Pedro\faculdade\IniciacaoCientifica\grn\.env\Lib\site-packages\IPython\core\history.py
cfn=hold
calls=2 1100
0 800
cfl=c:\Users\Pedro\faculdade\IniciacaoCientifica\grn\.env\Lib\site-packages\scipy\optimize\_differentialevolution.py
cfn=__next__
calls=1 1601
0 30302800

fl=~
fn=<built-in method builtins.ord>
0 300

fl=~
fn=<built-in method builtins.print>
0 581500
cfl=c:\Users\Pedro\faculdade\IniciacaoCientifica\grn\.env\Lib\site-packages\IPython\core\interactiveshell.py
cfn=write
calls=1190 3098
0 9237400

fl=~
fn=<built-in method builtins.setattr>
0 600

fl=~
fn=<built-in method builtins.sorted>
0 5300

fl=~
fn=<built-in method from_bytes>
0 1300

fl=~
fn=<built-in method marshal.loads>
0 95800

fl=~
fn=<built-in method math.prod>
0 5700
cfl=c:\Users\Pedro\faculdade\IniciacaoCientifica\grn\.env\Lib\site-packages\numpy\_core\fromnumeric.py
cfn=<genexpr>
calls=12 3575
0 2300

fl=~
fn=<built-in method now>
0 1400

fl=~
fn=<built-in method nt._getfullpathname>
0 5400

fl=~
fn=<built-in method nt._path_exists>
0 52000

fl=~
fn=<built-in method nt._path_isdir>
0 126100
cfl=C:\Users\Pedro\AppData\Local\Python\pythoncore-3.14-64\Lib\pathlib\__init__.py
cfn=__fspath__
calls=2 190
0 2500

fl=~
fn=<built-in method nt._path_normpath>
0 1200

fl=~
fn=<built-in method nt._path_splitroot>
0 600

fl=~
fn=<built-in method nt._path_splitroot_ex>
0 13500

fl=~
fn=<built-in method nt.fspath>
0 7600

fl=~
fn=<built-in method nt.getpid>
0 143900

fl=~
fn=<built-in method nt.mkdir>
0 3028800
cfl=C:\Users\Pedro\AppData\Local\Python\pythoncore-3.14-64\Lib\threading.py
cfn=_acquire_restore
calls=1 325
0 2400

fl=~
fn=<built-in method nt.stat>
0 256200

fl=~
fn=<built-in method nt.urandom>
0 3000

fl=~
fn=<built-in method numpy._core._multiarray_umath._make_extobj>
0 1600

fl=~
fn=<built-in method numpy._core._multiarray_umath.c_einsum>
0 8300

fl=~
fn=<built-in method numpy._core._multiarray_umath.count_nonzero>
0 5900

fl=~
fn=<built-in method numpy.arange>
0 24700

fl=~
fn=<built-in method numpy.array>
0 105300
cfl=C:\Users\Pedro\AppData\Local\Python\pythoncore-3.14-64\Lib\enum.py
cfn=__get__
calls=2 187
0 1900

fl=~
fn=<built-in method numpy.asanyarray>
0 13900

fl=~
fn=<built-in method numpy.asarray>
0 29900

fl=~
fn=<built-in method numpy.empty>
0 31900

fl=~
fn=<built-in method numpy.fromiter>
0 11600

fl=~
fn=<built-in method numpy.lib.array_utils.normalize_axis_index>
0 2900

fl=~
fn=<built-in method numpy.zeros>
0 24600

fl=~
fn=<built-in method scipy.optimize._lbfgsb.setulb>
0 9500

fl=~
fn=<built-in method select.select>
0 29700

fl=~
fn=<built-in method sys._getframe>
0 2700

fl=~
fn=<built-in method sys.exception>
0 200

fl=~
fn=<built-in method sys.getfilesystemencoding>
0 300

fl=~
fn=<built-in method time.localtime>
0 32700

fl=~
fn=<built-in method time.monotonic>
0 2200

fl=~
fn=<built-in method time.strftime>
0 11100

fl=~
fn=<built-in method time.time>
0 4400

fl=~
fn=<built-in method time.time_ns>
0 3000

fl=~
fn=<method '__enter__' of '_io._IOBase' objects>
0 3400

fl=~
fn=<method '__enter__' of '_thread.RLock' objects>
0 237200

fl=~
fn=<method '__enter__' of '_thread.lock' objects>
0 2800

fl=~
fn=<method '__enter__' of 'numpy.nditer' objects>
0 1000

fl=~
fn=<method '__enter__' of 'sqlite3.Connection' objects>
0 400

fl=~
fn=<method '__exit__' of '_io._IOBase' objects>
0 45500

fl=~
fn=<method '__exit__' of '_thread.RLock' objects>
0 193900

fl=~
fn=<method '__exit__' of '_thread.lock' objects>
0 1600

fl=~
fn=<method '__exit__' of 'numpy.nditer' objects>
0 1100

fl=~
fn=<method '__exit__' of 'sqlite3.Connection' objects>
0 88500

fl=~
fn=<method 'acquire' of '_thread.lock' objects>
0 800
cfl=c:\Users\Pedro\faculdade\IniciacaoCientifica\grn\.env\Lib\site-packages\numpy\_core\function_base.py
cfn=_linspace_dispatcher
calls=1 22
0 200
cfl=c:\Users\Pedro\faculdade\IniciacaoCientifica\grn\.env\Lib\site-packages\numpy\_core\function_base.py
cfn=linspace
calls=1 27
0 30900
cfl=c:\Users\Pedro\faculdade\IniciacaoCientifica\grn\.env\Lib\site-packages\numpy\_core\multiarray.py
cfn=may_share_memory
calls=19 1397
0 6000
cfl=c:\Users\Pedro\faculdade\IniciacaoCientifica\grn\.env\Lib\site-packages\numpy\_core\numeric.py
cfn=_zeros_like_dispatcher
calls=1 91
0 200
cfl=c:\Users\Pedro\faculdade\IniciacaoCientifica\grn\.env\Lib\site-packages\numpy\_core\numeric.py
cfn=zeros_like
calls=1 97
0 8600
cfl=c:\Users\Pedro\faculdade\IniciacaoCientifica\grn\.env\Lib\site-packages\numpy\_core\numeric.py
cfn=full
calls=1 323
0 15800

fl=~
fn=<method 'add' of 'set' objects>
0 1300

fl=~
fn=<method 'all' of 'numpy.generic' objects>
0 5900
cfl=c:\Users\Pedro\faculdade\IniciacaoCientifica\grn\.env\Lib\site-packages\numpy\_core\_methods.py
cfn=_all
calls=1 64
0 12400

fl=~
fn=<method 'all' of 'numpy.ndarray' objects>
0 1300
cfl=c:\Users\Pedro\faculdade\IniciacaoCientifica\grn\.env\Lib\site-packages\numpy\_core\_methods.py
cfn=_all
calls=1 64
0 7800

fl=~
fn=<method 'any' of 'numpy.generic' objects>
0 2800
cfl=c:\Users\Pedro\faculdade\IniciacaoCientifica\grn\.env\Lib\site-packages\numpy\_core\_methods.py
cfn=_any
calls=2 55
0 3400

fl=~
fn=<method 'any' of 'numpy.ndarray' objects>
0 2000
cfl=c:\Users\Pedro\faculdade\IniciacaoCientifica\grn\.env\Lib\site-packages\numpy\_core\_methods.py
cfn=_any
calls=2 55
0 2800

fl=~
fn=<method 'append' of 'collections.deque' objects>
0 1300

fl=~
fn=<method 'append' of 'list' objects>
0 1009200

fl=~
fn=<method 'argmin' of 'numpy.ndarray' objects>
0 14100

fl=~
fn=<method 'as_arrays' of 'numpy._core._multiarray_umath._array_converter' objects>
0 2900

fl=~
fn=<method 'astype' of 'numpy.ndarray' objects>
0 16300

fl=~
fn=<method 'clear' of 'dict' objects>
0 5200

fl=~
fn=<method 'clip' of 'numpy.ndarray' objects>
0 5700
cfl=c:\Users\Pedro\faculdade\IniciacaoCientifica\grn\.env\Lib\site-packages\numpy\_core\_methods.py
cfn=_clip
calls=1 96
0 9400

fl=~
fn=<method 'close' of '_io.TextIOWrapper' objects>
0 211000

fl=~
fn=<method 'co_positions' of 'code' objects>
0 1500

fl=~
fn=<method 'copy' of 'dict' objects>
0 1400

fl=~
fn=<method 'copy' of 'numpy.ndarray' objects>
0 10700

fl=~
fn=<method 'decode' of 'bytes' objects>
0 4500

fl=~
fn=<method 'disable' of '_lsprof.Profiler' objects>
0 85500

fl=~
fn=<method 'discard' of 'set' objects>
0 1600

fl=~
fn=<method 'encode' of 'str' objects>
0 2700

fl=~
fn=<method 'endswith' of 'str' objects>
0 6900

fl=~
fn=<method 'execute' of 'sqlite3.Connection' objects>
0 589700

fl=~
fn=<method 'extend' of 'list' objects>
0 3000

fl=~
fn=<method 'find' of 'str' objects>
0 1900

fl=~
fn=<method 'flush' of '_io.TextIOWrapper' objects>
0 385300

fl=~
fn=<method 'format' of 'str' objects>
0 3400

fl=~
fn=<method 'get' of '_contextvars.ContextVar' objects>
0 153900

fl=~
fn=<method 'get' of 'dict' objects>
0 1718100

fl=~
fn=<method 'get_name' of '_asyncio.Task' objects>
0 1800

fl=~
fn=<method 'insert' of 'list' objects>
0 2800

fl=~
fn=<method 'is_done' of '_thread._ThreadHandle' objects>
0 800

fl=~
fn=<method 'isascii' of 'str' objects>
0 1800

fl=~
fn=<method 'isspace' of 'str' objects>
0 6700

fl=~
fn=<method 'items' of 'dict' objects>
0 1556600

fl=~
fn=<method 'items' of 'mappingproxy' objects>
0 700

fl=~
fn=<method 'join' of 'str' objects>
0 10800

fl=~
fn=<method 'keys' of 'dict' objects>
0 1200

fl=~
fn=<method 'lower' of 'str' objects>
0 4500

fl=~
fn=<method 'lstrip' of 'str' objects>
0 1300

fl=~
fn=<method 'match' of 're.Pattern' objects>
0 9900

fl=~
fn=<method 'partition' of 'str' objects>
0 2100

fl=~
fn=<method 'pop' of 'dict' objects>
0 6300

fl=~
fn=<method 'pop' of 'list' objects>
0 1100

fl=~
fn=<method 'pop' of 'set' objects>
0 1500

fl=~
fn=<method 'popleft' of 'collections.deque' objects>
0 2100

fl=~
fn=<method 'ravel' of 'numpy.ndarray' objects>
0 1000

fl=~
fn=<method 'read' of '_io.BufferedReader' objects>
0 27900

fl=~
fn=<method 'readline' of '_io.BufferedReader' objects>
0 104400

fl=~
fn=<method 'readlines' of '_io._IOBase' objects>
0 313900
cfl=<frozen codecs>
cfn=decode
calls=24 322
0 32700

fl=~
fn=<method 'reduce' of 'numpy.ufunc' objects>
0 107100

fl=~
fn=<method 'release' of '_thread.lock' objects>
0 200

fl=~
fn=<method 'remove' of 'list' objects>
0 8300

fl=~
fn=<method 'replace' of 'str' objects>
0 8400

fl=~
fn=<method 'reset' of '_contextvars.ContextVar' objects>
0 1900

fl=~
fn=<method 'reshape' of 'numpy.ndarray' objects>
0 21500

fl=~
fn=<method 'result_type' of 'numpy._core._multiarray_umath._array_converter' objects>
0 1000

fl=~
fn=<method 'reverse' of 'list' objects>
0 800

fl=~
fn=<method 'rfind' of 'str' objects>
0 5100

fl=~
fn=<method 'rpartition' of 'str' objects>
0 4500

fl=~
fn=<method 'rstrip' of 'str' objects>
0 6600

fl=~
fn=<method 'run' of '_contextvars.Context' objects>
0 3300
cfl=c:\Users\Pedro\faculdade\IniciacaoCientifica\grn\.env\Lib\site-packages\tornado\platform\asyncio.py
cfn=_handle_events
calls=2 206
0 467800

fl=~
fn=<method 'search' of 're.Pattern' objects>
0 4800

fl=~
fn=<method 'seek' of '_io.BufferedReader' objects>
0 1400

fl=~
fn=<method 'set' of '_contextvars.ContextVar' objects>
0 1700

fl=~
fn=<method 'split' of 'str' objects>
0 11700

fl=~
fn=<method 'splitlines' of 'str' objects>
0 6700

fl=~
fn=<method 'squeeze' of 'numpy.ndarray' objects>
0 1600

fl=~
fn=<method 'startswith' of 'bytes' objects>
0 1300

fl=~
fn=<method 'startswith' of 'str' objects>
0 5400

fl=~
fn=<method 'strftime' of 'datetime.date' objects>
0 6500

fl=~
fn=<method 'strip' of 'str' objects>
0 3900

fl=~
fn=<method 'update' of 'dict' objects>
0 700

fl=~
fn=<method 'update' of 'set' objects>
0 7800

fl=~
fn=<method 'upper' of 'str' objects>
0 118300

fl=~
fn=<method 'values' of 'dict' objects>
0 3600

fl=~
fn=<method 'values' of 'mappingproxy' objects>
0 600

fl=~
fn=<method 'wrap' of 'numpy._core._multiarray_umath._array_converter' objects>
0 2000

fl=~
fn=<method 'write' of '_io.StringIO' objects>
0 257800

fl=~
fn=<method 'write' of '_io.TextIOWrapper' objects>
0 12400
cfl=C:\Users\Pedro\AppData\Local\Python\pythoncore-3.14-64\Lib\encodings\cp1252.py
cfn=encode
calls=7 18
0 13200

fl=~
fn=<method 'writerow' of '_csv.writer' objects>
0 5000

