event: ns : Nanoseconds
events: ns
summary: 111045000
fl=<frozen _collections_abc>
fn=__subclasshook__
345 2000

fl=<frozen _collections_abc>
fn=keys
807 23000
cfl=<frozen _collections_abc>
cfn=__init__
calls=10 834
807 3000

fl=<frozen _collections_abc>
fn=__init__
834 3000

fl=<frozen _collections_abc>
fn=__iter__
857 238400
cfl=<frozen os>
cfn=__iter__
calls=1240 727
857 246100

fl=<frozen abc>
fn=__instancecheck__
117 10700
cfl=~
cfn=<built-in method _abc._abc_instancecheck>
calls=32 0
117 80300

fl=<frozen abc>
fn=__subclasscheck__
121 13100
cfl=~
cfn=<built-in method _abc._abc_subclasscheck>
calls=25 0
121 62100

fl=<frozen codecs>
fn=__init__:189
189 1800

fl=<frozen codecs>
fn=__init__:263
263 1400

fl=<frozen codecs>
fn=__init__:312
312 9000
cfl=<frozen codecs>
cfn=__init__:263
calls=7 263
312 1400

fl=<frozen codecs>
fn=decode
322 32800
cfl=~
cfn=<built-in method _codecs.utf_8_decode>
calls=43 0
322 37400

fl=<frozen codecs>
fn=getstate
334 500

fl=<frozen genericpath>
fn=_splitext
157 13700
cfl=~
cfn=<built-in method builtins.max>
calls=8 0
157 2500
cfl=~
cfn=<method 'rfind' of 'str' objects>
calls=24 0
157 5600

fl=<frozen importlib._bootstrap>
fn=_new_module
48 14900

fl=<frozen importlib._bootstrap>
fn=__new__
74 23500
cfl=~
cfn=<built-in method __new__ of type object at 0x00007FF929334D90>
calls=9 0
74 5800

fl=<frozen importlib._bootstrap>
fn=__init__:79
79 16700

fl=<frozen importlib._bootstrap>
fn=remove
82 14000
cfl=~
cfn=<built-in method _weakref._remove_dead_weakref>
calls=9 0
82 4400

fl=<frozen importlib._bootstrap>
fn=setdefault
124 35100
cfl=<frozen importlib._bootstrap>
cfn=__new__
calls=9 74
124 29300
cfl=<frozen importlib._bootstrap>
cfn=__init__:79
calls=9 79
124 16700

fl=<frozen importlib._bootstrap>
fn=__init__:158
158 1800

fl=<frozen importlib._bootstrap>
fn=__enter__:162
162 22000
cfl=<frozen importlib._bootstrap>
cfn=setdefault
calls=9 124
162 81100
cfl=~
cfn=<method 'append' of 'list' objects>
calls=9 0
162 3700

fl=<frozen importlib._bootstrap>
fn=__exit__:173
173 6800
cfl=~
cfn=<method 'remove' of 'list' objects>
calls=9 0
173 5000

fl=<frozen importlib._bootstrap>
fn=__init__:232
232 14500
cfl=~
cfn=<built-in method _thread.allocate_lock>
calls=9 0
232 5100

fl=<frozen importlib._bootstrap>
fn=acquire
304 73500
cfl=<frozen importlib._bootstrap>
cfn=remove
calls=9 82
304 18400
cfl=<frozen importlib._bootstrap>
cfn=__init__:158
calls=9 158
304 1800
cfl=<frozen importlib._bootstrap>
cfn=__enter__:162
calls=9 162
304 106800
cfl=<frozen importlib._bootstrap>
cfn=__exit__:173
calls=9 173
304 11800
cfl=~
cfn=<built-in method _thread.get_ident>
calls=9 0
304 2800
cfl=~
cfn=<method '__enter__' of '_thread.RLock' objects>
calls=9 0
304 4600
cfl=~
cfn=<method '__exit__' of '_thread.RLock' objects>
calls=9 0
304 2900
cfl=~
cfn=<method 'append' of 'list' objects>
calls=9 0
304 2000

fl=<frozen importlib._bootstrap>
fn=release
372 27700
cfl=~
cfn=<built-in method _thread.get_ident>
calls=9 0
372 3900
cfl=~
cfn=<built-in method builtins.len>
calls=27 0
372 5000
cfl=~
cfn=<method '__enter__' of '_thread.RLock' objects>
calls=9 0
372 4200
cfl=~
cfn=<method '__exit__' of '_thread.RLock' objects>
calls=9 0
372 3300
cfl=~
cfn=<method 'pop' of 'list' objects>
calls=9 0
372 2100

fl=<frozen importlib._bootstrap>
fn=__init__:415
415 3300

fl=<frozen importlib._bootstrap>
fn=__enter__:419
419 16800
cfl=<frozen importlib._bootstrap>
cfn=acquire
calls=9 304
419 224600
cfl=<frozen importlib._bootstrap>
cfn=_get_module_lock
calls=9 429
419 88400

fl=<frozen importlib._bootstrap>
fn=__exit__:423
423 9400
cfl=<frozen importlib._bootstrap>
cfn=release
calls=9 372
423 46200

fl=<frozen importlib._bootstrap>
fn=_get_module_lock
429 63700
cfl=<frozen importlib._bootstrap>
cfn=__init__:232
calls=9 232
429 19600
cfl=~
cfn=<built-in method _imp.acquire_lock>
calls=9 0
429 2700
cfl=~
cfn=<built-in method _imp.release_lock>
calls=9 0
429 2400

fl=<frozen importlib._bootstrap>
fn=cb
448 11400
cfl=~
cfn=<built-in method _imp.acquire_lock>
calls=9 0
448 2700
cfl=~
cfn=<built-in method _imp.release_lock>
calls=9 0
448 1700
cfl=~
cfn=<method 'get' of 'dict' objects>
calls=9 0
448 4000

fl=<frozen importlib._bootstrap>
fn=_call_with_frames_removed
483 31300
cfl=~
cfn=<built-in method _imp.create_dynamic>
calls=1 0
483 3886800
cfl=~
cfn=<built-in method _imp.exec_dynamic>
calls=1 0
483 21400
cfl=~
cfn=<built-in method _imp.find_frozen>
calls=9 0
483 7900
cfl=~
cfn=<built-in method builtins.__import__>
calls=2 0
483 3445400
cfl=~
cfn=<built-in method builtins.exec>
calls=8 0
483 10559500

fl=<frozen importlib._bootstrap>
fn=_verbose_message
494 17000

fl=<frozen importlib._bootstrap>
fn=__init__:602
602 4200

fl=<frozen importlib._bootstrap>
fn=cached
635 11100
cfl=<frozen importlib._bootstrap_external>
cfn=_get_cached
calls=9 369
635 229800

fl=<frozen importlib._bootstrap>
fn=parent
648 52100
cfl=~
cfn=<method 'rpartition' of 'str' objects>
calls=70 0
648 38800

fl=<frozen importlib._bootstrap>
fn=has_location
656 1400

fl=<frozen importlib._bootstrap>
fn=_init_module_attrs
736 41200
cfl=<frozen importlib._bootstrap>
cfn=cached
calls=17 635
736 240900
cfl=<frozen importlib._bootstrap>
cfn=parent
calls=9 648
736 11000
cfl=<frozen importlib._bootstrap>
cfn=has_location
calls=9 656
736 1200
cfl=~
cfn=<built-in method builtins.getattr>
calls=54 0
736 16900

fl=<frozen importlib._bootstrap>
fn=module_from_spec
809 28300
cfl=<frozen importlib._bootstrap>
cfn=_new_module
calls=8 48
809 14900
cfl=<frozen importlib._bootstrap>
cfn=_init_module_attrs
calls=9 736
809 311200
cfl=<frozen importlib._bootstrap_external>
cfn=create_module:750
calls=8 750
809 1800
cfl=<frozen importlib._bootstrap_external>
cfn=create_module:1051
calls=1 1051
809 3900100
cfl=~
cfn=<built-in method builtins.hasattr>
calls=9 0
809 3000

fl=<frozen importlib._bootstrap>
fn=_load_unlocked
914 42400
cfl=<frozen importlib._bootstrap>
cfn=_verbose_message
calls=9 494
914 1500
cfl=<frozen importlib._bootstrap>
cfn=module_from_spec
calls=9 809
914 4259300
cfl=<frozen importlib._bootstrap_external>
cfn=exec_module:753
calls=8 753
914 16483600
cfl=<frozen importlib._bootstrap_external>
cfn=exec_module:1059
calls=1 1059
914 29200
cfl=~
cfn=<built-in method builtins.hasattr>
calls=9 0
914 6600
cfl=~
cfn=<method 'pop' of 'dict' objects>
calls=9 0
914 6000

fl=<frozen importlib._bootstrap>
fn=find_spec:985
985 8900
cfl=~
cfn=<built-in method _imp.is_builtin>
calls=9 0
985 28000

fl=<frozen importlib._bootstrap>
fn=find_spec:1131
1131 6600
cfl=<frozen importlib._bootstrap>
cfn=_call_with_frames_removed
calls=9 483
1131 13800

fl=<frozen importlib._bootstrap>
fn=__enter__:1225
1225 9700
cfl=~
cfn=<built-in method _imp.acquire_lock>
calls=27 0
1225 3900

fl=<frozen importlib._bootstrap>
fn=__exit__:1229
1229 11000
cfl=~
cfn=<built-in method _imp.release_lock>
calls=27 0
1229 5700

fl=<frozen importlib._bootstrap>
fn=_find_spec
1243 91500
cfl=<frozen importlib._bootstrap>
cfn=find_spec:985
calls=9 985
1243 36900
cfl=<frozen importlib._bootstrap>
cfn=find_spec:1131
calls=9 1131
1243 20400
cfl=<frozen importlib._bootstrap>
cfn=__enter__:1225
calls=27 1225
1243 13600
cfl=<frozen importlib._bootstrap>
cfn=__exit__:1229
calls=27 1229
1243 16700
cfl=<frozen importlib._bootstrap_external>
cfn=find_spec:1284
calls=9 1284
1243 3509000

fl=<frozen importlib._bootstrap>
fn=_find_and_load_unlocked
1308 68500
cfl=<frozen importlib._bootstrap>
cfn=_load_unlocked
calls=9 914
1308 16748700
cfl=<frozen importlib._bootstrap>
cfn=_find_spec
calls=9 1243
1308 3688100
cfl=~
cfn=<built-in method builtins.getattr>
calls=8 0
1308 2500
cfl=~
cfn=<built-in method builtins.setattr>
calls=8 0
1308 10300
cfl=~
cfn=<method 'append' of 'list' objects>
calls=8 0
1308 2200
cfl=~
cfn=<method 'get' of 'dict' objects>
calls=16 0
1308 3100
cfl=~
cfn=<method 'pop' of 'list' objects>
calls=8 0
1308 2900
cfl=~
cfn=<method 'rpartition' of 'str' objects>
calls=17 0
1308 6400

fl=<frozen importlib._bootstrap>
fn=_find_and_load
1360 72200
cfl=<frozen importlib._bootstrap>
cfn=__init__:415
calls=9 415
1360 3300
cfl=<frozen importlib._bootstrap>
cfn=__enter__:419
calls=9 419
1360 329800
cfl=<frozen importlib._bootstrap>
cfn=__exit__:423
calls=9 423
1360 55600
cfl=<frozen importlib._bootstrap>
cfn=cb
calls=9 448
1360 19800
cfl=<frozen importlib._bootstrap>
cfn=_find_and_load_unlocked
calls=9 1308
1360 18857100
cfl=~
cfn=<method 'get' of 'dict' objects>
calls=18 0
1360 6500

fl=<frozen importlib._bootstrap>
fn=_handle_fromlist
1401 46200
cfl=<frozen importlib._bootstrap>
cfn=_call_with_frames_removed
calls=2 483
1401 3448200
cfl=~
cfn=<built-in method builtins.hasattr>
calls=32 0
1401 14800
cfl=~
cfn=<built-in method builtins.isinstance>
calls=32 0
1401 4600

fl=<frozen importlib._bootstrap_external>
fn=_relax_case
67 8000

fl=<frozen importlib._bootstrap_external>
fn=_unpack_uint32
89 30300
cfl=~
cfn=<built-in method builtins.len>
calls=24 0
89 2900
cfl=~
cfn=<built-in method from_bytes>
calls=24 0
89 11700

fl=<frozen importlib._bootstrap_external>
fn=_path_join
101 399400
cfl=~
cfn=<built-in method builtins.len>
calls=84 0
101 15200
cfl=~
cfn=<method 'append' of 'list' objects>
calls=58 0
101 14200
cfl=~
cfn=<method 'endswith' of 'str' objects>
calls=158 0
101 27100
cfl=~
cfn=<method 'join' of 'str' objects>
calls=42 0
101 15900
cfl=~
cfn=<method 'rstrip' of 'str' objects>
calls=142 0
101 31400
cfl=~
cfn=<method 'startswith' of 'str' objects>
calls=100 0
101 24700

fl=<frozen importlib._bootstrap_external>
fn=_path_split
137 36900
cfl=~
cfn=<built-in method builtins.max>
calls=16 0
137 53300

fl=<frozen importlib._bootstrap_external>
fn=<genexpr>
139 18000
cfl=~
cfn=<method 'rfind' of 'str' objects>
calls=32 0
139 8600

fl=<frozen importlib._bootstrap_external>
fn=_path_stat
145 20500
cfl=~
cfn=<built-in method nt.stat>
calls=25 0
145 0

fl=<frozen importlib._bootstrap_external>
fn=_path_is_mode_type
155 12800
cfl=<frozen importlib._bootstrap_external>
cfn=_path_stat
calls=9 145
155 1845800

fl=<frozen importlib._bootstrap_external>
fn=_path_isfile
164 14200
cfl=<frozen importlib._bootstrap_external>
cfn=_path_is_mode_type
calls=9 155
164 1858600

fl=<frozen importlib._bootstrap_external>
fn=_path_isabs
177 25000
cfl=~
cfn=<built-in method builtins.len>
calls=9 0
177 3000
cfl=~
cfn=<built-in method nt._path_splitroot>
calls=9 0
177 17200
cfl=~
cfn=<method 'endswith' of 'str' objects>
calls=9 0
177 2300
cfl=~
cfn=<method 'replace' of 'str' objects>
calls=9 0
177 6800
cfl=~
cfn=<method 'startswith' of 'str' objects>
calls=9 0
177 3000

fl=<frozen importlib._bootstrap_external>
fn=_path_abspath
190 7600
cfl=<frozen importlib._bootstrap_external>
cfn=_path_isabs
calls=9 177
190 57300

fl=<frozen importlib._bootstrap_external>
fn=cache_from_source
239 63000
cfl=<frozen importlib._bootstrap_external>
cfn=_path_join
calls=16 101
239 169300
cfl=<frozen importlib._bootstrap_external>
cfn=_path_split
calls=16 137
239 90200
cfl=~
cfn=<built-in method nt.fspath>
calls=16 0
239 2800
cfl=~
cfn=<method 'join' of 'str' objects>
calls=16 0
239 5800
cfl=~
cfn=<method 'rpartition' of 'str' objects>
calls=16 0
239 4400

fl=<frozen importlib._bootstrap_external>
fn=_get_cached
369 21900
cfl=<frozen importlib._bootstrap_external>
cfn=cache_from_source
calls=8 239
369 205100
cfl=~
cfn=<method 'endswith' of 'str' objects>
calls=10 0
369 2800

fl=<frozen importlib._bootstrap_external>
fn=_check_name_wrapper
401 13400
cfl=<frozen importlib._bootstrap_external>
cfn=get_filename
calls=8 942
401 1100

fl=<frozen importlib._bootstrap_external>
fn=_classify_pyc
424 38200
cfl=<frozen importlib._bootstrap_external>
cfn=_unpack_uint32
calls=8 89
424 26700
cfl=~
cfn=<built-in method builtins.len>
calls=8 0
424 5100

fl=<frozen importlib._bootstrap_external>
fn=_validate_timestamp_pyc
457 18800
cfl=<frozen importlib._bootstrap_external>
cfn=_unpack_uint32
calls=16 89
457 18200

fl=<frozen importlib._bootstrap_external>
fn=_compile_bytecode
509 35500
cfl=<frozen importlib._bootstrap>
cfn=_verbose_message
calls=8 494
509 3200
cfl=~
cfn=<built-in method _imp._fix_co_filename>
calls=8 0
509 5400
cfl=~
cfn=<built-in method builtins.isinstance>
calls=8 0
509 3200
cfl=~
cfn=<built-in method marshal.loads>
calls=8 0
509 1686400

fl=<frozen importlib._bootstrap_external>
fn=spec_from_file_location
560 47700
cfl=<frozen importlib._bootstrap>
cfn=__init__:602
calls=9 602
560 4200
cfl=<frozen importlib._bootstrap_external>
cfn=_path_abspath
calls=9 190
560 64900
cfl=~
cfn=<built-in method nt.fspath>
calls=9 0
560 21300

fl=<frozen importlib._bootstrap_external>
fn=create_module:750
750 1800

fl=<frozen importlib._bootstrap_external>
fn=exec_module:753
753 39900
cfl=<frozen importlib._bootstrap>
cfn=_call_with_frames_removed
calls=8 483
753 10566600
cfl=<frozen importlib._bootstrap_external>
cfn=get_code
calls=8 826
753 9420800

fl=<frozen importlib._bootstrap_external>
fn=get_code
826 129600
cfl=<frozen importlib._bootstrap>
cfn=_verbose_message
calls=8 494
826 4700
cfl=<frozen importlib._bootstrap_external>
cfn=cache_from_source
calls=8 239
826 130400
cfl=<frozen importlib._bootstrap_external>
cfn=_check_name_wrapper
calls=8 401
826 14500
cfl=<frozen importlib._bootstrap_external>
cfn=_classify_pyc
calls=8 424
826 70000
cfl=<frozen importlib._bootstrap_external>
cfn=_validate_timestamp_pyc
calls=8 457
826 37000
cfl=<frozen importlib._bootstrap_external>
cfn=_compile_bytecode
calls=8 509
826 1733700
cfl=<frozen importlib._bootstrap_external>
cfn=get_data
calls=8 947
826 6747200
cfl=<frozen importlib._bootstrap_external>
cfn=path_stats
calls=8 966
826 553700

fl=<frozen importlib._bootstrap_external>
fn=__init__:917
917 2100

fl=<frozen importlib._bootstrap_external>
fn=get_filename
942 1100

fl=<frozen importlib._bootstrap_external>
fn=get_data
947 50000
cfl=~
cfn=<built-in method _io.open_code>
calls=8 0
947 3317300
cfl=~
cfn=<built-in method builtins.isinstance>
calls=8 0
947 3500
cfl=~
cfn=<method '__enter__' of '_io._IOBase' objects>
calls=8 0
947 9700
cfl=~
cfn=<method '__exit__' of '_io._IOBase' objects>
calls=8 0
947 378000
cfl=~
cfn=<method 'read' of '_io.BufferedReader' objects>
calls=8 0
947 2988700

fl=<frozen importlib._bootstrap_external>
fn=path_stats
966 7900
cfl=<frozen importlib._bootstrap_external>
cfn=_path_stat
calls=8 145
966 545800

fl=<frozen importlib._bootstrap_external>
fn=__init__:1040
1040 300

fl=<frozen importlib._bootstrap_external>
fn=create_module:1051
1051 6400
cfl=<frozen importlib._bootstrap>
cfn=_call_with_frames_removed
calls=1 483
1051 3892700
cfl=<frozen importlib._bootstrap>
cfn=_verbose_message
calls=1 494
1051 1000

fl=<frozen importlib._bootstrap_external>
fn=exec_module:1059
1059 1500
cfl=<frozen importlib._bootstrap>
cfn=_call_with_frames_removed
calls=1 483
1059 27500
cfl=<frozen importlib._bootstrap>
cfn=_verbose_message
calls=1 494
1059 200

fl=<frozen importlib._bootstrap_external>
fn=_path_importer_cache
1233 7500

fl=<frozen importlib._bootstrap_external>
fn=_get_spec:1255
1255 27100
cfl=<frozen importlib._bootstrap_external>
cfn=_path_importer_cache
calls=10 1233
1255 7500
cfl=<frozen importlib._bootstrap_external>
cfn=find_spec:1357
calls=8 1357
1255 0
cfl=C:\Users\Pedro\AppData\Local\Python\pythoncore-3.14-64\Lib\asyncio\base_events.py
cfn=time
calls=1 766
1255 1800
cfl=C:\Users\Pedro\AppData\Local\Python\pythoncore-3.14-64\Lib\asyncio\events.py
cfn=_run
calls=1 92
1255 224500
cfl=C:\Users\Pedro\AppData\Local\Python\pythoncore-3.14-64\Lib\asyncio\selector_events.py
cfn=_process_events
calls=1 744
1255 4100
cfl=~
cfn=<built-in method builtins.isinstance>
calls=10 0
1255 2200
cfl=~
cfn=<built-in method builtins.len>
calls=1 0
1255 600
cfl=~
cfn=<method 'popleft' of 'collections.deque' objects>
calls=1 0
1255 400

fl=<frozen importlib._bootstrap_external>
fn=find_spec:1284
1284 13300
cfl=<frozen importlib._bootstrap_external>
cfn=_get_spec:1255
calls=9 1255
1284 3218400
cfl=C:\Users\Pedro\AppData\Local\Python\pythoncore-3.14-64\Lib\asyncio\base_events.py
cfn=_run_once
calls=0 1966
1284 0

fl=<frozen importlib._bootstrap_external>
fn=_get_spec:1352
1352 37900
cfl=<frozen importlib._bootstrap_external>
cfn=spec_from_file_location
calls=9 560
1352 138100
cfl=<frozen importlib._bootstrap_external>
cfn=__init__:917
calls=8 917
1352 2100
cfl=<frozen importlib._bootstrap_external>
cfn=__init__:1040
calls=1 1040
1352 300

fl=<frozen importlib._bootstrap_external>
fn=find_spec:1357
1357 110800
cfl=<frozen importlib._bootstrap>
cfn=_verbose_message
calls=23 494
1357 6000
cfl=<frozen importlib._bootstrap_external>
cfn=_relax_case
calls=8 67
1357 6800
cfl=<frozen importlib._bootstrap_external>
cfn=_path_join
calls=23 101
1357 331300
cfl=<frozen importlib._bootstrap_external>
cfn=_path_stat
calls=8 145
1357 0
cfl=<frozen importlib._bootstrap_external>
cfn=_path_isfile
calls=8 164
1357 1803200
cfl=<frozen importlib._bootstrap_external>
cfn=_get_spec:1352
calls=8 1352
1357 159800
cfl=~
cfn=<method 'append' of 'list' objects>
calls=1 0
1357 700
cfl=~
cfn=<method 'get' of 'dict' objects>
calls=1 0
1357 700
cfl=~
cfn=<method 'rpartition' of 'str' objects>
calls=9 0
1357 3300

fl=<frozen ntpath>
fn=_get_bothseps
34 3800
cfl=~
cfn=<built-in method builtins.isinstance>
calls=9 0
34 1500

fl=<frozen ntpath>
fn=normcase
50 33200
cfl=~
cfn=<built-in method _winapi.LCMapStringEx>
calls=26 0
50 39000
cfl=~
cfn=<built-in method builtins.isinstance>
calls=26 0
50 6000
cfl=~
cfn=<built-in method nt.fspath>
calls=26 0
50 4400
cfl=~
cfn=<method 'replace' of 'str' objects>
calls=26 0
50 10500

fl=<frozen ntpath>
fn=join
99 39600
cfl=~
cfn=<built-in method builtins.isinstance>
calls=12 0
99 3400
cfl=~
cfn=<built-in method nt._path_splitroot_ex>
calls=24 0
99 13200
cfl=~
cfn=<built-in method nt.fspath>
calls=12 0
99 3600

fl=<frozen ntpath>
fn=splitdrive
146 1300
cfl=~
cfn=<built-in method nt._path_splitroot_ex>
calls=2 0
146 500

fl=<frozen ntpath>
fn=split
222 41100
cfl=<frozen ntpath>
cfn=_get_bothseps
calls=9 34
222 5300
cfl=~
cfn=<built-in method builtins.len>
calls=9 0
222 2400
cfl=~
cfn=<built-in method nt._path_splitroot_ex>
calls=9 0
222 25400
cfl=~
cfn=<built-in method nt.fspath>
calls=9 0
222 800
cfl=~
cfn=<method 'rstrip' of 'str' objects>
calls=9 0
222 5200

fl=<frozen ntpath>
fn=splitext
243 11600
cfl=<frozen genericpath>
cfn=_splitext
calls=8 157
243 21800
cfl=~
cfn=<built-in method builtins.isinstance>
calls=8 0
243 900
cfl=~
cfn=<built-in method nt.fspath>
calls=8 0
243 900

fl=<frozen ntpath>
fn=basename
254 7100
cfl=<frozen ntpath>
cfn=split
calls=8 222
254 67400

fl=<frozen ntpath>
fn=expanduser
343 8600
cfl=~
cfn=<built-in method builtins.isinstance>
calls=9 0
343 1400
cfl=~
cfn=<built-in method nt.fspath>
calls=9 0
343 1100
cfl=~
cfn=<method 'startswith' of 'str' objects>
calls=9 0
343 1900

fl=<frozen ntpath>
fn=abspath
529 2400
cfl=~
cfn=<built-in method nt._getfullpathname>
calls=1 0
529 3400
cfl=~
cfn=<built-in method nt._path_normpath>
calls=1 0
529 800

fl=<frozen os>
fn=makedirs
211 1000
cfl=<frozen ntpath>
cfn=split
calls=1 222
211 12800
cfl=~
cfn=<built-in method nt._path_exists>
calls=0 0
211 0

fl=<frozen os>
fn=__getitem__
704 629300
cfl=<frozen os>
cfn=encodekey
calls=1230 778
704 1123000

fl=<frozen os>
fn=__iter__
727 246100

fl=<frozen os>
fn=copy
743 570700
cfl=<frozen _collections_abc>
cfn=keys
calls=10 807
743 26000
cfl=<frozen _collections_abc>
cfn=__iter__
calls=1240 857
743 484500
cfl=<frozen os>
cfn=__getitem__
calls=1230 704
743 1752300

fl=<frozen os>
fn=check_str
772 265800
cfl=~
cfn=<built-in method builtins.isinstance>
calls=1230 0
772 119100

fl=<frozen os>
fn=encodekey
778 514800
cfl=<frozen os>
cfn=check_str
calls=1230 772
778 384900
cfl=~
cfn=<method 'upper' of 'str' objects>
calls=1230 0
778 223300

fl=<frozen os>
fn=fsdecode
863 1300
cfl=~
cfn=<built-in method builtins.isinstance>
calls=1 0
863 700
cfl=~
cfn=<built-in method nt.fspath>
calls=1 0
863 200

fl=<string>
fn=<lambda>:1
1 7200
cfl=~
cfn=<built-in method __new__ of type object at 0x00007FF929334D90>
calls=23 0
1 5400

fl=<string>
fn=<lambda>:1
1 1800
cfl=~
cfn=<built-in method __new__ of type object at 0x00007FF929334D90>
calls=3 0
1 1400

fl=<string>
fn=__init__:2
2 400

fl=<string>
fn=__init__:2
2 2100

fl=<string>
fn=__init__:2
2 4000

fl=C:\Users\Pedro\AppData\Local\Python\pythoncore-3.14-64\Lib\_colorize.py
fn=get_theme
322 3600

fl=C:\Users\Pedro\AppData\Local\Python\pythoncore-3.14-64\Lib\_py_warnings.py
fn=_filters
71 1800

fl=C:\Users\Pedro\AppData\Local\Python\pythoncore-3.14-64\Lib\_py_warnings.py
fn=_get_context
89 1800

fl=C:\Users\Pedro\AppData\Local\Python\pythoncore-3.14-64\Lib\_py_warnings.py
fn=_get_filters
111 8500
cfl=C:\Users\Pedro\AppData\Local\Python\pythoncore-3.14-64\Lib\_py_warnings.py
cfn=_filters
calls=12 71
111 1800
cfl=C:\Users\Pedro\AppData\Local\Python\pythoncore-3.14-64\Lib\_py_warnings.py
cfn=_get_context
calls=12 89
111 1600

fl=C:\Users\Pedro\AppData\Local\Python\pythoncore-3.14-64\Lib\_py_warnings.py
fn=_showwarnmsg_impl
133 49000
cfl=C:\Users\Pedro\AppData\Local\Python\pythoncore-3.14-64\Lib\_py_warnings.py
cfn=_get_context
calls=1 89
133 200
cfl=C:\Users\Pedro\AppData\Local\Python\pythoncore-3.14-64\Lib\_py_warnings.py
cfn=_formatwarnmsg
calls=0 240
133 0
cfl=~
cfn=<method 'strip' of 'str' objects>
calls=1 0
133 400

fl=C:\Users\Pedro\AppData\Local\Python\pythoncore-3.14-64\Lib\_py_warnings.py
fn=_formatwarnmsg_impl
153 7900
cfl=C:\Users\Pedro\AppData\Local\Python\pythoncore-3.14-64\Lib\linecache.py
cfn=getline
calls=0 22
153 0

fl=C:\Users\Pedro\AppData\Local\Python\pythoncore-3.14-64\Lib\_py_warnings.py
fn=_showwarnmsg
217 12700
cfl=C:\Users\Pedro\AppData\Local\Python\pythoncore-3.14-64\Lib\_py_warnings.py
cfn=_showwarnmsg_impl
calls=0 133
217 0

fl=C:\Users\Pedro\AppData\Local\Python\pythoncore-3.14-64\Lib\_py_warnings.py
fn=_formatwarnmsg
240 3500
cfl=C:\Users\Pedro\AppData\Local\Python\pythoncore-3.14-64\Lib\_py_warnings.py
cfn=_formatwarnmsg_impl
calls=0 153
240 0
cfl=C:\Users\Pedro\AppData\Local\Python\pythoncore-3.14-64\Lib\contextlib.py
cfn=__exit__:145
calls=1 145
240 4800
cfl=C:\Users\Pedro\AppData\Local\Python\pythoncore-3.14-64\Lib\threading.py
cfn=wait:651
calls=0 651
240 0
cfl=~
cfn=<built-in method builtins.len>
calls=1 0
240 200

fl=C:\Users\Pedro\AppData\Local\Python\pythoncore-3.14-64\Lib\_py_warnings.py
fn=simplefilter
294 10700
cfl=C:\Users\Pedro\AppData\Local\Python\pythoncore-3.14-64\Lib\_py_warnings.py
cfn=_add_filter
calls=12 320
294 56200
cfl=~
cfn=<built-in method builtins.isinstance>
calls=12 0
294 1000

fl=C:\Users\Pedro\AppData\Local\Python\pythoncore-3.14-64\Lib\_py_warnings.py
fn=_add_filter
320 25100
cfl=C:\Users\Pedro\AppData\Local\Python\pythoncore-3.14-64\Lib\_py_warnings.py
cfn=_get_filters
calls=12 111
320 11900
cfl=C:\Users\Pedro\AppData\Local\Python\pythoncore-3.14-64\Lib\warnings.py
cfn=__enter__
calls=12 80
320 3300
cfl=C:\Users\Pedro\AppData\Local\Python\pythoncore-3.14-64\Lib\warnings.py
cfn=__exit__
calls=12 84
320 3800
cfl=~
cfn=<built-in method _warnings._filters_mutated_lock_held>
calls=12 0
320 1400
cfl=~
cfn=<method 'insert' of 'list' objects>
calls=12 0
320 3000
cfl=~
cfn=<method 'remove' of 'list' objects>
calls=12 0
320 7700

fl=C:\Users\Pedro\AppData\Local\Python\pythoncore-3.14-64\Lib\_py_warnings.py
fn=__init__:576
576 4400

fl=C:\Users\Pedro\AppData\Local\Python\pythoncore-3.14-64\Lib\_py_warnings.py
fn=__init__:616
616 4800

fl=C:\Users\Pedro\AppData\Local\Python\pythoncore-3.14-64\Lib\_py_warnings.py
fn=__enter__
639 19100
cfl=C:\Users\Pedro\AppData\Local\Python\pythoncore-3.14-64\Lib\warnings.py
cfn=__enter__
calls=12 80
639 6400
cfl=C:\Users\Pedro\AppData\Local\Python\pythoncore-3.14-64\Lib\warnings.py
cfn=__exit__
calls=12 84
639 4100
cfl=~
cfn=<built-in method _warnings._filters_mutated_lock_held>
calls=12 0
639 1400

fl=C:\Users\Pedro\AppData\Local\Python\pythoncore-3.14-64\Lib\_py_warnings.py
fn=__exit__
668 11400
cfl=C:\Users\Pedro\AppData\Local\Python\pythoncore-3.14-64\Lib\warnings.py
cfn=__enter__
calls=12 80
668 3400
cfl=C:\Users\Pedro\AppData\Local\Python\pythoncore-3.14-64\Lib\warnings.py
cfn=__exit__
calls=12 84
668 3300
cfl=~
cfn=<built-in method _warnings._filters_mutated_lock_held>
calls=12 0
668 1000

fl=C:\Users\Pedro\AppData\Local\Python\pythoncore-3.14-64\Lib\_weakrefset.py
fn=add
45 26600
cfl=~
cfn=<method 'add' of 'set' objects>
calls=13 0
45 7800

fl=C:\Users\Pedro\AppData\Local\Python\pythoncore-3.14-64\Lib\ast.py
fn=parse
26 21700
cfl=~
cfn=<built-in method builtins.compile>
calls=54 0
26 1315900

fl=C:\Users\Pedro\AppData\Local\Python\pythoncore-3.14-64\Lib\asyncio\base_events.py
fn=_check_closed
548 700

fl=C:\Users\Pedro\AppData\Local\Python\pythoncore-3.14-64\Lib\asyncio\base_events.py
fn=time
766 5600
cfl=~
cfn=<built-in method time.monotonic>
calls=8 0
766 2900

fl=C:\Users\Pedro\AppData\Local\Python\pythoncore-3.14-64\Lib\asyncio\base_events.py
fn=call_later
775 9500
cfl=C:\Users\Pedro\AppData\Local\Python\pythoncore-3.14-64\Lib\asyncio\base_events.py
cfn=time
calls=2 766
775 1400
cfl=C:\Users\Pedro\AppData\Local\Python\pythoncore-3.14-64\Lib\asyncio\base_events.py
cfn=call_at
calls=2 799
775 32200

fl=C:\Users\Pedro\AppData\Local\Python\pythoncore-3.14-64\Lib\asyncio\base_events.py
fn=call_at
799 15400
cfl=C:\Users\Pedro\AppData\Local\Python\pythoncore-3.14-64\Lib\asyncio\base_events.py
cfn=_check_closed
calls=2 548
799 500
cfl=C:\Users\Pedro\AppData\Local\Python\pythoncore-3.14-64\Lib\asyncio\events.py
cfn=__init__:146
calls=2 146
799 10900
cfl=~
cfn=<built-in method _heapq.heappush>
calls=2 0
799 5400

fl=C:\Users\Pedro\AppData\Local\Python\pythoncore-3.14-64\Lib\asyncio\base_events.py
fn=call_soon
817 2900
cfl=C:\Users\Pedro\AppData\Local\Python\pythoncore-3.14-64\Lib\asyncio\base_events.py
cfn=_check_closed
calls=1 548
817 200
cfl=C:\Users\Pedro\AppData\Local\Python\pythoncore-3.14-64\Lib\asyncio\base_events.py
cfn=_call_soon
calls=1 846
817 13000

fl=C:\Users\Pedro\AppData\Local\Python\pythoncore-3.14-64\Lib\asyncio\base_events.py
fn=_call_soon
846 6300
cfl=C:\Users\Pedro\AppData\Local\Python\pythoncore-3.14-64\Lib\asyncio\events.py
cfn=__init__:41
calls=1 41
846 6100
cfl=~
cfn=<method 'append' of 'collections.deque' objects>
calls=1 0
846 600

fl=C:\Users\Pedro\AppData\Local\Python\pythoncore-3.14-64\Lib\asyncio\base_events.py
fn=_add_callback
1951 1700
cfl=~
cfn=<method 'append' of 'collections.deque' objects>
calls=2 0
1951 700

fl=C:\Users\Pedro\AppData\Local\Python\pythoncore-3.14-64\Lib\asyncio\base_events.py
fn=_run_once
1966 36600
cfl=C:\Users\Pedro\AppData\Local\Python\pythoncore-3.14-64\Lib\asyncio\base_events.py
cfn=time
calls=4 766
1966 3700
cfl=C:\Users\Pedro\AppData\Local\Python\pythoncore-3.14-64\Lib\asyncio\events.py
cfn=_run
calls=1 92
1966 122800
cfl=C:\Users\Pedro\AppData\Local\Python\pythoncore-3.14-64\Lib\asyncio\selector_events.py
cfn=_process_events
calls=1 744
1966 300
cfl=C:\Users\Pedro\AppData\Local\Python\pythoncore-3.14-64\Lib\logging\__init__.py
cfn=info
calls=1 1510
1966 415300
cfl=C:\Users\Pedro\AppData\Local\Python\pythoncore-3.14-64\Lib\logging\__init__.py
cfn=error
calls=1 1539
1966 109700
cfl=C:\Users\Pedro\AppData\Local\Python\pythoncore-3.14-64\Lib\selectors.py
cfn=select
calls=1 310
1966 18800
cfl=C:\Users\Pedro\AppData\Local\Python\pythoncore-3.14-64\Lib\traceback.py
cfn=format_exc
calls=1 212
1966 2611200
cfl=c:\Users\Pedro\faculdade\IniciacaoCientifica\grn\PythonCode\Modules\Handlers.py
cfn=run_serial
calls=0 48
1966 0
cfl=~
cfn=<built-in method builtins.len>
calls=5 0
1966 1000
cfl=~
cfn=<built-in method builtins.print>
calls=1 0
1966 132000
cfl=~
cfn=<built-in method time.time>
calls=1 0
1966 500
cfl=~
cfn=<method 'popleft' of 'collections.deque' objects>
calls=1 0
1966 500

fl=C:\Users\Pedro\AppData\Local\Python\pythoncore-3.14-64\Lib\asyncio\base_events.py
fn=get_debug
2064 600

fl=C:\Users\Pedro\AppData\Local\Python\pythoncore-3.14-64\Lib\asyncio\events.py
fn=__init__:41
41 9600
cfl=C:\Users\Pedro\AppData\Local\Python\pythoncore-3.14-64\Lib\asyncio\base_events.py
cfn=get_debug
calls=3 2064
41 600
cfl=~
cfn=<built-in method _contextvars.copy_context>
calls=3 0
41 1800

fl=C:\Users\Pedro\AppData\Local\Python\pythoncore-3.14-64\Lib\asyncio\events.py
fn=_run
92 6800
cfl=~
cfn=<method 'run' of '_contextvars.Context' objects>
calls=3 0
92 536200

fl=C:\Users\Pedro\AppData\Local\Python\pythoncore-3.14-64\Lib\asyncio\events.py
fn=__init__:146
146 5000
cfl=C:\Users\Pedro\AppData\Local\Python\pythoncore-3.14-64\Lib\asyncio\events.py
cfn=__init__:41
calls=2 41
146 5900

fl=C:\Users\Pedro\AppData\Local\Python\pythoncore-3.14-64\Lib\asyncio\events.py
fn=__lt__
162 1500
cfl=~
cfn=<built-in method builtins.isinstance>
calls=2 0
162 300

fl=C:\Users\Pedro\AppData\Local\Python\pythoncore-3.14-64\Lib\asyncio\selector_events.py
fn=_process_events
744 7100
cfl=C:\Users\Pedro\AppData\Local\Python\pythoncore-3.14-64\Lib\asyncio\base_events.py
cfn=_add_callback
calls=2 1951
744 2400

fl=C:\Users\Pedro\AppData\Local\Python\pythoncore-3.14-64\Lib\cProfile.py
fn=__exit__
120 2800
cfl=~
cfn=<method 'disable' of '_lsprof.Profiler' objects>
calls=1 0
120 83000

fl=C:\Users\Pedro\AppData\Local\Python\pythoncore-3.14-64\Lib\contextlib.py
fn=__exit__:145
145 2900
cfl=~
cfn=<built-in method builtins.next>
calls=1 0
145 1900

fl=C:\Users\Pedro\AppData\Local\Python\pythoncore-3.14-64\Lib\contextlib.py
fn=__init__
444 5800

fl=C:\Users\Pedro\AppData\Local\Python\pythoncore-3.14-64\Lib\contextlib.py
fn=__enter__
447 4800

fl=C:\Users\Pedro\AppData\Local\Python\pythoncore-3.14-64\Lib\contextlib.py
fn=__exit__:450
450 6800
cfl=~
cfn=<built-in method builtins.issubclass>
calls=3 0
450 600

fl=C:\Users\Pedro\AppData\Local\Python\pythoncore-3.14-64\Lib\copy.py
fn=copy
62 800

fl=C:\Users\Pedro\AppData\Local\Python\pythoncore-3.14-64\Lib\copyreg.py
fn=_slotnames
112 12700
cfl=~
cfn=<built-in method builtins.hasattr>
calls=3 0
112 2800
cfl=~
cfn=<method 'get' of 'mappingproxy' objects>
calls=3 0
112 2800

fl=C:\Users\Pedro\AppData\Local\Python\pythoncore-3.14-64\Lib\dataclasses.py
fn=is_dataclass
1468 1900
cfl=~
cfn=<built-in method builtins.hasattr>
calls=2 0
1468 700
cfl=~
cfn=<built-in method builtins.isinstance>
calls=2 0
1468 300

fl=C:\Users\Pedro\AppData\Local\Python\pythoncore-3.14-64\Lib\encodings\cp1252.py
fn=encode
18 10400
cfl=~
cfn=<built-in method _codecs.charmap_encode>
calls=8 0
18 23300

fl=C:\Users\Pedro\AppData\Local\Python\pythoncore-3.14-64\Lib\enum.py
fn=__get__
187 1200
cfl=C:\Users\Pedro\AppData\Local\Python\pythoncore-3.14-64\Lib\enum.py
cfn=value
calls=1 1324
187 300

fl=C:\Users\Pedro\AppData\Local\Python\pythoncore-3.14-64\Lib\enum.py
fn=__call__
677 27300
cfl=C:\Users\Pedro\AppData\Local\Python\pythoncore-3.14-64\Lib\enum.py
cfn=__new__
calls=31 1146
677 15700

fl=C:\Users\Pedro\AppData\Local\Python\pythoncore-3.14-64\Lib\enum.py
fn=__new__
1146 15700

fl=C:\Users\Pedro\AppData\Local\Python\pythoncore-3.14-64\Lib\enum.py
fn=value
1324 300

fl=C:\Users\Pedro\AppData\Local\Python\pythoncore-3.14-64\Lib\enum.py
fn=_get_value
1576 43400
cfl=~
cfn=<built-in method builtins.isinstance>
calls=105 0
1576 21400

fl=C:\Users\Pedro\AppData\Local\Python\pythoncore-3.14-64\Lib\enum.py
fn=__or__
1583 27200
cfl=C:\Users\Pedro\AppData\Local\Python\pythoncore-3.14-64\Lib\enum.py
cfn=__call__
calls=10 677
1583 16600
cfl=C:\Users\Pedro\AppData\Local\Python\pythoncore-3.14-64\Lib\enum.py
cfn=_get_value
calls=30 1576
1583 30700

fl=C:\Users\Pedro\AppData\Local\Python\pythoncore-3.14-64\Lib\enum.py
fn=__and__
1594 26300
cfl=C:\Users\Pedro\AppData\Local\Python\pythoncore-3.14-64\Lib\enum.py
cfn=__call__
calls=11 677
1594 12000
cfl=C:\Users\Pedro\AppData\Local\Python\pythoncore-3.14-64\Lib\enum.py
cfn=_get_value
calls=33 1576
1594 34100

fl=C:\Users\Pedro\AppData\Local\Python\pythoncore-3.14-64\Lib\linecache.py
fn=getline
22 607000
cfl=C:\Users\Pedro\AppData\Local\Python\pythoncore-3.14-64\Lib\linecache.py
cfn=getlines
calls=65 32
22 0
cfl=~
cfn=<built-in method builtins.len>
calls=65 0
22 6400

fl=C:\Users\Pedro\AppData\Local\Python\pythoncore-3.14-64\Lib\linecache.py
fn=getlines
32 44700
cfl=C:\Users\Pedro\AppData\Local\Python\pythoncore-3.14-64\Lib\linecache.py
cfn=updatecache
calls=5 106
32 0
cfl=c:\Users\Pedro\faculdade\IniciacaoCientifica\grn\.env\Lib\site-packages\IPython\core\history.py
cfn=_writeout_output_cache
calls=1 1047
32 5700
cfl=c:\Users\Pedro\faculdade\IniciacaoCientifica\grn\.env\Lib\site-packages\traitlets\traitlets.py
cfn=__set__
calls=2 727
32 53900
cfl=~
cfn=<built-in method builtins.len>
calls=65 0
32 5200
cfl=~
cfn=<method '__enter__' of '_thread.lock' objects>
calls=1 0
32 400
cfl=~
cfn=<method '__exit__' of '_thread.lock' objects>
calls=2 0
32 600
cfl=~
cfn=<method 'get' of 'dict' objects>
calls=66 0
32 8500

fl=C:\Users\Pedro\AppData\Local\Python\pythoncore-3.14-64\Lib\linecache.py
fn=_source_unavailable
64 5100
cfl=~
cfn=<method 'startswith' of 'str' objects>
calls=6 0
64 1500

fl=C:\Users\Pedro\AppData\Local\Python\pythoncore-3.14-64\Lib\linecache.py
fn=checkcache
74 19800
cfl=~
cfn=<built-in method builtins.len>
calls=14 0
74 1400
cfl=~
cfn=<built-in method nt.stat>
calls=9 0
74 247100
cfl=~
cfn=<method 'get' of 'dict' objects>
calls=14 0
74 1600

fl=C:\Users\Pedro\AppData\Local\Python\pythoncore-3.14-64\Lib\linecache.py
fn=updatecache
106 54200
cfl=C:\Users\Pedro\AppData\Local\Python\pythoncore-3.14-64\Lib\linecache.py
cfn=_source_unavailable
calls=6 64
106 6600
cfl=C:\Users\Pedro\AppData\Local\Python\pythoncore-3.14-64\Lib\tokenize.py
cfn=open
calls=6 457
106 23295200
cfl=~
cfn=<built-in method nt.stat>
calls=6 0
106 344000
cfl=~
cfn=<method '__enter__' of '_io._IOBase' objects>
calls=6 0
106 7100
cfl=~
cfn=<method '__exit__' of '_io._IOBase' objects>
calls=5 0
106 121700
cfl=~
cfn=<method 'endswith' of 'str' objects>
calls=5 0
106 1500
cfl=~
cfn=<method 'pop' of 'dict' objects>
calls=6 0
106 3400
cfl=~
cfn=<method 'readlines' of '_io._IOBase' objects>
calls=5 0
106 0
cfl=~
cfn=<method 'startswith' of 'str' objects>
calls=6 0
106 1000

fl=C:\Users\Pedro\AppData\Local\Python\pythoncore-3.14-64\Lib\linecache.py
fn=lazycache
200 16000
cfl=C:\Users\Pedro\AppData\Local\Python\pythoncore-3.14-64\Lib\linecache.py
cfn=_make_lazycache_entry
calls=5 224
200 18000
cfl=~
cfn=<built-in method builtins.len>
calls=22 0
200 1400
cfl=~
cfn=<method 'get' of 'dict' objects>
calls=27 0
200 5500

fl=C:\Users\Pedro\AppData\Local\Python\pythoncore-3.14-64\Lib\linecache.py
fn=_make_lazycache_entry
224 10100
cfl=~
cfn=<built-in method builtins.getattr>
calls=15 0
224 5700
cfl=~
cfn=<method 'get' of 'dict' objects>
calls=5 0
224 1400
cfl=~
cfn=<method 'startswith' of 'str' objects>
calls=5 0
224 800

fl=C:\Users\Pedro\AppData\Local\Python\pythoncore-3.14-64\Lib\logging\__init__.py
fn=getLevelName
129 5300
cfl=~
cfn=<method 'get' of 'dict' objects>
calls=8 0
129 3700

fl=C:\Users\Pedro\AppData\Local\Python\pythoncore-3.14-64\Lib\logging\__init__.py
fn=<lambda>
167 7700
cfl=~
cfn=<built-in method sys._getframe>
calls=8 0
167 5600

fl=C:\Users\Pedro\AppData\Local\Python\pythoncore-3.14-64\Lib\logging\__init__.py
fn=_is_internal_frame
197 24000
cfl=<frozen ntpath>
cfn=normcase
calls=24 50
197 82900

fl=C:\Users\Pedro\AppData\Local\Python\pythoncore-3.14-64\Lib\logging\__init__.py
fn=_checkLevel
205 2000
cfl=~
cfn=<built-in method builtins.isinstance>
calls=3 0
205 400

fl=C:\Users\Pedro\AppData\Local\Python\pythoncore-3.14-64\Lib\logging\__init__.py
fn=_register_at_fork_reinit_lock
257 100

fl=C:\Users\Pedro\AppData\Local\Python\pythoncore-3.14-64\Lib\logging\__init__.py
fn=__init__:298
298 99600
cfl=<frozen ntpath>
cfn=splitext
calls=8 243
298 35200
cfl=<frozen ntpath>
cfn=basename
calls=8 254
298 74500
cfl=C:\Users\Pedro\AppData\Local\Python\pythoncore-3.14-64\Lib\logging\__init__.py
cfn=getLevelName
calls=8 129
298 9000
cfl=C:\Users\Pedro\AppData\Local\Python\pythoncore-3.14-64\Lib\multiprocessing\process.py
cfn=current_process
calls=8 37
298 2700
cfl=C:\Users\Pedro\AppData\Local\Python\pythoncore-3.14-64\Lib\multiprocessing\process.py
cfn=name:196
calls=8 196
298 1500
cfl=C:\Users\Pedro\AppData\Local\Python\pythoncore-3.14-64\Lib\threading.py
cfn=name
calls=8 1135
298 2300
cfl=C:\Users\Pedro\AppData\Local\Python\pythoncore-3.14-64\Lib\threading.py
cfn=current_thread
calls=8 1470
298 7800
cfl=~
cfn=<built-in method _asyncio.current_task>
calls=8 0
298 5500
cfl=~
cfn=<built-in method _thread.get_ident>
calls=8 0
298 3000
cfl=~
cfn=<built-in method builtins.hasattr>
calls=8 0
298 3100
cfl=~
cfn=<built-in method nt.getpid>
calls=8 0
298 2400
cfl=~
cfn=<built-in method time.time_ns>
calls=8 0
298 6700
cfl=~
cfn=<method 'get' of 'dict' objects>
calls=16 0
298 9800
cfl=~
cfn=<method 'get_name' of '_asyncio.Task' objects>
calls=8 0
298 3300

fl=C:\Users\Pedro\AppData\Local\Python\pythoncore-3.14-64\Lib\logging\__init__.py
fn=getMessage
391 5400

fl=C:\Users\Pedro\AppData\Local\Python\pythoncore-3.14-64\Lib\logging\__init__.py
fn=__init__:451
451 200

fl=C:\Users\Pedro\AppData\Local\Python\pythoncore-3.14-64\Lib\logging\__init__.py
fn=usesTime:455
455 5900
cfl=~
cfn=<method 'find' of 'str' objects>
calls=8 0
455 2200

fl=C:\Users\Pedro\AppData\Local\Python\pythoncore-3.14-64\Lib\logging\__init__.py
fn=validate
458 2000
cfl=~
cfn=<method 'search' of 're.Pattern' objects>
calls=1 0
458 3700

fl=C:\Users\Pedro\AppData\Local\Python\pythoncore-3.14-64\Lib\logging\__init__.py
fn=_format
463 17200

fl=C:\Users\Pedro\AppData\Local\Python\pythoncore-3.14-64\Lib\logging\__init__.py
fn=format:470
470 5200
cfl=C:\Users\Pedro\AppData\Local\Python\pythoncore-3.14-64\Lib\logging\__init__.py
cfn=_format
calls=8 463
470 17200

fl=C:\Users\Pedro\AppData\Local\Python\pythoncore-3.14-64\Lib\logging\__init__.py
fn=__init__:601
601 5200
cfl=C:\Users\Pedro\AppData\Local\Python\pythoncore-3.14-64\Lib\logging\__init__.py
cfn=__init__:451
calls=1 451
601 200
cfl=C:\Users\Pedro\AppData\Local\Python\pythoncore-3.14-64\Lib\logging\__init__.py
cfn=validate
calls=1 458
601 5700

fl=C:\Users\Pedro\AppData\Local\Python\pythoncore-3.14-64\Lib\logging\__init__.py
fn=formatTime
631 25600
cfl=~
cfn=<built-in method time.localtime>
calls=8 0
631 54800
cfl=~
cfn=<built-in method time.strftime>
calls=8 0
631 20900

fl=C:\Users\Pedro\AppData\Local\Python\pythoncore-3.14-64\Lib\logging\__init__.py
fn=formatException
658 13700
cfl=C:\Users\Pedro\AppData\Local\Python\pythoncore-3.14-64\Lib\traceback.py
cfn=print_exception
calls=1 119
658 25701700
cfl=~
cfn=<method 'close' of '_io.StringIO' objects>
calls=1 0
658 900
cfl=~
cfn=<method 'getvalue' of '_io.StringIO' objects>
calls=1 0
658 1800

fl=C:\Users\Pedro\AppData\Local\Python\pythoncore-3.14-64\Lib\logging\__init__.py
fn=usesTime:677
677 5800
cfl=C:\Users\Pedro\AppData\Local\Python\pythoncore-3.14-64\Lib\logging\__init__.py
cfn=usesTime:455
calls=8 455
677 8100

fl=C:\Users\Pedro\AppData\Local\Python\pythoncore-3.14-64\Lib\logging\__init__.py
fn=formatMessage
683 6100
cfl=C:\Users\Pedro\AppData\Local\Python\pythoncore-3.14-64\Lib\logging\__init__.py
cfn=format:470
calls=8 470
683 22400

fl=C:\Users\Pedro\AppData\Local\Python\pythoncore-3.14-64\Lib\logging\__init__.py
fn=format:699
699 41600
cfl=C:\Users\Pedro\AppData\Local\Python\pythoncore-3.14-64\Lib\logging\__init__.py
cfn=getMessage
calls=8 391
699 5400
cfl=C:\Users\Pedro\AppData\Local\Python\pythoncore-3.14-64\Lib\logging\__init__.py
cfn=formatTime
calls=8 631
699 101300
cfl=C:\Users\Pedro\AppData\Local\Python\pythoncore-3.14-64\Lib\logging\__init__.py
cfn=formatException
calls=1 658
699 25718100
cfl=C:\Users\Pedro\AppData\Local\Python\pythoncore-3.14-64\Lib\logging\__init__.py
cfn=usesTime:677
calls=8 677
699 13900
cfl=C:\Users\Pedro\AppData\Local\Python\pythoncore-3.14-64\Lib\logging\__init__.py
cfn=formatMessage
calls=8 683
699 28500

fl=C:\Users\Pedro\AppData\Local\Python\pythoncore-3.14-64\Lib\logging\__init__.py
fn=__init__:820
820 1100

fl=C:\Users\Pedro\AppData\Local\Python\pythoncore-3.14-64\Lib\logging\__init__.py
fn=filter
840 6400

fl=C:\Users\Pedro\AppData\Local\Python\pythoncore-3.14-64\Lib\logging\__init__.py
fn=_addHandlerRef
899 4700
cfl=~
cfn=<method '__enter__' of '_thread.RLock' objects>
calls=1 0
899 500
cfl=~
cfn=<method '__exit__' of '_thread.RLock' objects>
calls=1 0
899 300
cfl=~
cfn=<method 'append' of 'list' objects>
calls=1 0
899 500

fl=C:\Users\Pedro\AppData\Local\Python\pythoncore-3.14-64\Lib\logging\__init__.py
fn=__init__:931
931 5800
cfl=C:\Users\Pedro\AppData\Local\Python\pythoncore-3.14-64\Lib\logging\__init__.py
cfn=_checkLevel
calls=1 205
931 1300
cfl=C:\Users\Pedro\AppData\Local\Python\pythoncore-3.14-64\Lib\logging\__init__.py
cfn=__init__:820
calls=1 820
931 800
cfl=C:\Users\Pedro\AppData\Local\Python\pythoncore-3.14-64\Lib\logging\__init__.py
cfn=_addHandlerRef
calls=1 899
931 6000
cfl=C:\Users\Pedro\AppData\Local\Python\pythoncore-3.14-64\Lib\logging\__init__.py
cfn=createLock
calls=1 958
931 5000

fl=C:\Users\Pedro\AppData\Local\Python\pythoncore-3.14-64\Lib\logging\__init__.py
fn=createLock
958 3400
cfl=C:\Users\Pedro\AppData\Local\Python\pythoncore-3.14-64\Lib\logging\__init__.py
cfn=_register_at_fork_reinit_lock
calls=1 257
958 100
cfl=C:\Users\Pedro\AppData\Local\Python\pythoncore-3.14-64\Lib\threading.py
cfn=RLock
calls=1 126
958 1500

fl=C:\Users\Pedro\AppData\Local\Python\pythoncore-3.14-64\Lib\logging\__init__.py
fn=format:988
988 8700
cfl=C:\Users\Pedro\AppData\Local\Python\pythoncore-3.14-64\Lib\logging\__init__.py
cfn=format:699
calls=8 699
988 25908800

fl=C:\Users\Pedro\AppData\Local\Python\pythoncore-3.14-64\Lib\logging\__init__.py
fn=handle:1011
1011 19400
cfl=C:\Users\Pedro\AppData\Local\Python\pythoncore-3.14-64\Lib\asyncio\base_events.py
cfn=_run_once
calls=0 1966
1011 0
cfl=C:\Users\Pedro\AppData\Local\Python\pythoncore-3.14-64\Lib\logging\__init__.py
cfn=filter
calls=8 840
1011 3400
cfl=C:\Users\Pedro\AppData\Local\Python\pythoncore-3.14-64\Lib\logging\__init__.py
cfn=emit:1251
calls=8 1251
1011 26345800
cfl=~
cfn=<built-in method builtins.isinstance>
calls=8 0
1011 900
cfl=~
cfn=<method '__enter__' of '_thread.RLock' objects>
calls=8 0
1011 3000
cfl=~
cfn=<method '__exit__' of '_thread.RLock' objects>
calls=8 0
1011 1500

fl=C:\Users\Pedro\AppData\Local\Python\pythoncore-3.14-64\Lib\logging\__init__.py
fn=setFormatter
1030 200

fl=C:\Users\Pedro\AppData\Local\Python\pythoncore-3.14-64\Lib\logging\__init__.py
fn=__init__:1120
1120 2100
cfl=C:\Users\Pedro\AppData\Local\Python\pythoncore-3.14-64\Lib\logging\__init__.py
cfn=__init__:931
calls=1 931
1120 18900

fl=C:\Users\Pedro\AppData\Local\Python\pythoncore-3.14-64\Lib\logging\__init__.py
fn=flush
1131 15400
cfl=~
cfn=<built-in method builtins.hasattr>
calls=8 0
1131 2500
cfl=~
cfn=<method '__enter__' of '_thread.RLock' objects>
calls=8 0
1131 2100
cfl=~
cfn=<method '__exit__' of '_thread.RLock' objects>
calls=7 0
1131 2900
cfl=~
cfn=<method 'flush' of '_io.TextIOWrapper' objects>
calls=7 0
1131 0

fl=C:\Users\Pedro\AppData\Local\Python\pythoncore-3.14-64\Lib\logging\__init__.py
fn=emit:1139
1139 16600
cfl=C:\Users\Pedro\AppData\Local\Python\pythoncore-3.14-64\Lib\logging\__init__.py
cfn=format:988
calls=8 988
1139 25917500
cfl=C:\Users\Pedro\AppData\Local\Python\pythoncore-3.14-64\Lib\logging\__init__.py
cfn=flush
calls=7 1131
1139 0
cfl=~
cfn=<method 'append' of 'list' objects>
calls=1 0
1139 600
cfl=~
cfn=<method 'get' of 'dict' objects>
calls=1 0
1139 500
cfl=~
cfn=<method 'write' of '_io.TextIOWrapper' objects>
calls=8 0
1139 58000

fl=C:\Users\Pedro\AppData\Local\Python\pythoncore-3.14-64\Lib\logging\__init__.py
fn=__init__:1194
1194 11800
cfl=<frozen ntpath>
cfn=abspath
calls=1 529
1194 6600
cfl=C:\Users\Pedro\AppData\Local\Python\pythoncore-3.14-64\Lib\logging\__init__.py
cfn=__init__:1120
calls=1 1120
1194 21000
cfl=C:\Users\Pedro\AppData\Local\Python\pythoncore-3.14-64\Lib\logging\__init__.py
cfn=_open
calls=1 1242
1194 497700
cfl=~
cfn=<built-in method _io.text_encoding>
calls=1 0
1194 300
cfl=~
cfn=<built-in method nt.fspath>
calls=1 0
1194 100

fl=C:\Users\Pedro\AppData\Local\Python\pythoncore-3.14-64\Lib\logging\__init__.py
fn=_open
1242 1900
cfl=~
cfn=<built-in method _io.open>
calls=1 0
1242 495800

fl=C:\Users\Pedro\AppData\Local\Python\pythoncore-3.14-64\Lib\logging\__init__.py
fn=emit:1251
1251 12500
cfl=C:\Users\Pedro\AppData\Local\Python\pythoncore-3.14-64\Lib\asyncio\base_events.py
cfn=time
calls=1 766
1251 1600
cfl=C:\Users\Pedro\AppData\Local\Python\pythoncore-3.14-64\Lib\asyncio\events.py
cfn=_run
calls=1 92
1251 195700
cfl=C:\Users\Pedro\AppData\Local\Python\pythoncore-3.14-64\Lib\asyncio\selector_events.py
cfn=_process_events
calls=1 744
1251 5100
cfl=C:\Users\Pedro\AppData\Local\Python\pythoncore-3.14-64\Lib\logging\__init__.py
cfn=emit:1139
calls=7 1139
1251 0
cfl=~
cfn=<built-in method builtins.len>
calls=1 0
1251 400
cfl=~
cfn=<method 'popleft' of 'collections.deque' objects>
calls=1 0
1251 300

fl=C:\Users\Pedro\AppData\Local\Python\pythoncore-3.14-64\Lib\logging\__init__.py
fn=disable
1354 300

fl=C:\Users\Pedro\AppData\Local\Python\pythoncore-3.14-64\Lib\logging\__init__.py
fn=getLogger:1362
1362 11900
cfl=C:\Users\Pedro\AppData\Local\Python\pythoncore-3.14-64\Lib\logging\__init__.py
cfn=_fixupParents
calls=1 1410
1362 2600
cfl=C:\Users\Pedro\AppData\Local\Python\pythoncore-3.14-64\Lib\logging\__init__.py
cfn=__init__:1478
calls=1 1478
1362 4000
cfl=~
cfn=<built-in method builtins.isinstance>
calls=1 0
1362 100
cfl=~
cfn=<method '__enter__' of '_thread.RLock' objects>
calls=1 0
1362 600
cfl=~
cfn=<method '__exit__' of '_thread.RLock' objects>
calls=1 0
1362 500

fl=C:\Users\Pedro\AppData\Local\Python\pythoncore-3.14-64\Lib\logging\__init__.py
fn=_fixupParents
1410 2000
cfl=~
cfn=<method 'rfind' of 'str' objects>
calls=1 0
1410 600

fl=C:\Users\Pedro\AppData\Local\Python\pythoncore-3.14-64\Lib\logging\__init__.py
fn=_clear_cache
1447 39400
cfl=~
cfn=<built-in method builtins.isinstance>
calls=52 0
1447 4900
cfl=~
cfn=<method '__enter__' of '_thread.RLock' objects>
calls=1 0
1447 200
cfl=~
cfn=<method '__exit__' of '_thread.RLock' objects>
calls=1 0
1447 300
cfl=~
cfn=<method 'clear' of 'dict' objects>
calls=45 0
1447 4000
cfl=~
cfn=<method 'values' of 'dict' objects>
calls=1 0
1447 600

fl=C:\Users\Pedro\AppData\Local\Python\pythoncore-3.14-64\Lib\logging\__init__.py
fn=__init__:1478
1478 3100
cfl=C:\Users\Pedro\AppData\Local\Python\pythoncore-3.14-64\Lib\logging\__init__.py
cfn=_checkLevel
calls=1 205
1478 600
cfl=C:\Users\Pedro\AppData\Local\Python\pythoncore-3.14-64\Lib\logging\__init__.py
cfn=__init__:820
calls=1 820
1478 300

fl=C:\Users\Pedro\AppData\Local\Python\pythoncore-3.14-64\Lib\logging\__init__.py
fn=setLevel
1491 3100
cfl=C:\Users\Pedro\AppData\Local\Python\pythoncore-3.14-64\Lib\logging\__init__.py
cfn=_checkLevel
calls=1 205
1491 500
cfl=C:\Users\Pedro\AppData\Local\Python\pythoncore-3.14-64\Lib\logging\__init__.py
cfn=_clear_cache
calls=1 1447
1491 49400

fl=C:\Users\Pedro\AppData\Local\Python\pythoncore-3.14-64\Lib\logging\__init__.py
fn=info
1510 27400
cfl=C:\Users\Pedro\AppData\Local\Python\pythoncore-3.14-64\Lib\logging\__init__.py
cfn=_log
calls=6 1641
1510 985900
cfl=C:\Users\Pedro\AppData\Local\Python\pythoncore-3.14-64\Lib\logging\__init__.py
cfn=isEnabledFor
calls=6 1765
1510 7200

fl=C:\Users\Pedro\AppData\Local\Python\pythoncore-3.14-64\Lib\logging\__init__.py
fn=error
1539 11800
cfl=C:\Users\Pedro\AppData\Local\Python\pythoncore-3.14-64\Lib\logging\__init__.py
cfn=_log
calls=2 1641
1539 26187100
cfl=C:\Users\Pedro\AppData\Local\Python\pythoncore-3.14-64\Lib\logging\__init__.py
cfn=isEnabledFor
calls=2 1765
1539 7500

fl=C:\Users\Pedro\AppData\Local\Python\pythoncore-3.14-64\Lib\logging\__init__.py
fn=findCaller
1592 34900
cfl=C:\Users\Pedro\AppData\Local\Python\pythoncore-3.14-64\Lib\logging\__init__.py
cfn=<lambda>
calls=8 167
1592 13300
cfl=C:\Users\Pedro\AppData\Local\Python\pythoncore-3.14-64\Lib\logging\__init__.py
cfn=_is_internal_frame
calls=24 197
1592 106900

fl=C:\Users\Pedro\AppData\Local\Python\pythoncore-3.14-64\Lib\logging\__init__.py
fn=makeRecord
1626 22700
cfl=C:\Users\Pedro\AppData\Local\Python\pythoncore-3.14-64\Lib\logging\__init__.py
cfn=__init__:298
calls=8 298
1626 266400

fl=C:\Users\Pedro\AppData\Local\Python\pythoncore-3.14-64\Lib\logging\__init__.py
fn=_log
1641 25000
cfl=C:\Users\Pedro\AppData\Local\Python\pythoncore-3.14-64\Lib\logging\__init__.py
cfn=findCaller
calls=8 1592
1641 155100
cfl=C:\Users\Pedro\AppData\Local\Python\pythoncore-3.14-64\Lib\logging\__init__.py
cfn=makeRecord
calls=8 1626
1641 289100
cfl=C:\Users\Pedro\AppData\Local\Python\pythoncore-3.14-64\Lib\logging\__init__.py
cfn=handle:1667
calls=8 1667
1641 26702500
cfl=~
cfn=<built-in method builtins.isinstance>
calls=2 0
1641 800
cfl=~
cfn=<built-in method sys.exc_info>
calls=1 0
1641 500

fl=C:\Users\Pedro\AppData\Local\Python\pythoncore-3.14-64\Lib\logging\__init__.py
fn=handle:1667
1667 15800
cfl=C:\Users\Pedro\AppData\Local\Python\pythoncore-3.14-64\Lib\logging\__init__.py
cfn=filter
calls=8 840
1667 3000
cfl=C:\Users\Pedro\AppData\Local\Python\pythoncore-3.14-64\Lib\logging\__init__.py
cfn=callHandlers
calls=8 1721
1667 26682500
cfl=~
cfn=<built-in method builtins.isinstance>
calls=8 0
1667 1200

fl=C:\Users\Pedro\AppData\Local\Python\pythoncore-3.14-64\Lib\logging\__init__.py
fn=addHandler
1683 1100
cfl=~
cfn=<method '__enter__' of '_thread.RLock' objects>
calls=1 0
1683 200
cfl=~
cfn=<method '__exit__' of '_thread.RLock' objects>
calls=1 0
1683 100
cfl=~
cfn=<method 'append' of 'list' objects>
calls=1 0
1683 100

fl=C:\Users\Pedro\AppData\Local\Python\pythoncore-3.14-64\Lib\logging\__init__.py
fn=callHandlers
1721 27500
cfl=C:\Users\Pedro\AppData\Local\Python\pythoncore-3.14-64\Lib\logging\__init__.py
cfn=handle:1011
calls=8 1011
1721 26655000

fl=C:\Users\Pedro\AppData\Local\Python\pythoncore-3.14-64\Lib\logging\__init__.py
fn=getEffectiveLevel
1751 700

fl=C:\Users\Pedro\AppData\Local\Python\pythoncore-3.14-64\Lib\logging\__init__.py
fn=isEnabledFor
1765 12200
cfl=C:\Users\Pedro\AppData\Local\Python\pythoncore-3.14-64\Lib\logging\__init__.py
cfn=disable
calls=2 1354
1765 300
cfl=C:\Users\Pedro\AppData\Local\Python\pythoncore-3.14-64\Lib\logging\__init__.py
cfn=getEffectiveLevel
calls=2 1751
1765 700
cfl=~
cfn=<method '__enter__' of '_thread.RLock' objects>
calls=2 0
1765 900
cfl=~
cfn=<method '__exit__' of '_thread.RLock' objects>
calls=2 0
1765 600

fl=C:\Users\Pedro\AppData\Local\Python\pythoncore-3.14-64\Lib\logging\__init__.py
fn=getLogger:2130
2130 6700
cfl=C:\Users\Pedro\AppData\Local\Python\pythoncore-3.14-64\Lib\logging\__init__.py
cfn=getLogger:1362
calls=1 1362
2130 19700
cfl=~
cfn=<built-in method builtins.isinstance>
calls=1 0
2130 300

fl=C:\Users\Pedro\AppData\Local\Python\pythoncore-3.14-64\Lib\multiprocessing\connection.py
fn=<module>
1 58000
cfl=<frozen importlib._bootstrap>
cfn=parent
calls=3 648
1 4100
cfl=<frozen importlib._bootstrap>
cfn=_find_and_load
calls=1 1360
1 4306700
cfl=<frozen importlib._bootstrap>
cfn=_handle_fromlist
calls=2 1401
1 6500
cfl=C:\Users\Pedro\AppData\Local\Python\pythoncore-3.14-64\Lib\multiprocessing\reduction.py
cfn=register
calls=2 43
1 1300
cfl=~
cfn=<built-in method builtins.__build_class__>
calls=8 0
1 107400
cfl=~
cfn=<built-in method builtins.hasattr>
calls=1 0
1 800
cfl=~
cfn=<built-in method builtins.max>
calls=1 0
1 5900

fl=C:\Users\Pedro\AppData\Local\Python\pythoncore-3.14-64\Lib\multiprocessing\connection.py
fn=arbitrary_address
72 20400
cfl=C:\Users\Pedro\AppData\Local\Python\pythoncore-3.14-64\Lib\tempfile.py
cfn=mktemp
calls=3 401
72 261500
cfl=~
cfn=<built-in method builtins.next>
calls=3 0
72 1200
cfl=~
cfn=<built-in method nt.getpid>
calls=3 0
72 1200

fl=C:\Users\Pedro\AppData\Local\Python\pythoncore-3.14-64\Lib\multiprocessing\connection.py
fn=_ConnectionBase
117 8800

fl=C:\Users\Pedro\AppData\Local\Python\pythoncore-3.14-64\Lib\multiprocessing\connection.py
fn=__init__
120 11300

fl=C:\Users\Pedro\AppData\Local\Python\pythoncore-3.14-64\Lib\multiprocessing\connection.py
fn=_check_closed
137 20200

fl=C:\Users\Pedro\AppData\Local\Python\pythoncore-3.14-64\Lib\multiprocessing\connection.py
fn=_check_readable
141 2400

fl=C:\Users\Pedro\AppData\Local\Python\pythoncore-3.14-64\Lib\multiprocessing\connection.py
fn=_check_writable
145 7000

fl=C:\Users\Pedro\AppData\Local\Python\pythoncore-3.14-64\Lib\multiprocessing\connection.py
fn=readable
161 11900

fl=C:\Users\Pedro\AppData\Local\Python\pythoncore-3.14-64\Lib\multiprocessing\connection.py
fn=writable
166 9000

fl=C:\Users\Pedro\AppData\Local\Python\pythoncore-3.14-64\Lib\multiprocessing\connection.py
fn=fileno
171 25400
cfl=C:\Users\Pedro\AppData\Local\Python\pythoncore-3.14-64\Lib\multiprocessing\connection.py
cfn=_check_closed
calls=45 137
171 11200

fl=C:\Users\Pedro\AppData\Local\Python\pythoncore-3.14-64\Lib\multiprocessing\connection.py
fn=send_bytes
188 36100
cfl=C:\Users\Pedro\AppData\Local\Python\pythoncore-3.14-64\Lib\multiprocessing\connection.py
cfn=_check_closed
calls=6 137
188 1100
cfl=C:\Users\Pedro\AppData\Local\Python\pythoncore-3.14-64\Lib\multiprocessing\connection.py
cfn=_check_writable
calls=6 145
188 900
cfl=C:\Users\Pedro\AppData\Local\Python\pythoncore-3.14-64\Lib\multiprocessing\connection.py
cfn=_send_bytes
calls=5 290
188 77100

fl=C:\Users\Pedro\AppData\Local\Python\pythoncore-3.14-64\Lib\multiprocessing\connection.py
fn=send
208 62000
cfl=C:\Users\Pedro\AppData\Local\Python\pythoncore-3.14-64\Lib\multiprocessing\connection.py
cfn=_check_closed
calls=46 137
208 5900
cfl=C:\Users\Pedro\AppData\Local\Python\pythoncore-3.14-64\Lib\multiprocessing\connection.py
cfn=_check_writable
calls=46 145
208 6100
cfl=C:\Users\Pedro\AppData\Local\Python\pythoncore-3.14-64\Lib\multiprocessing\connection.py
cfn=_send_bytes
calls=10 290
208 56200
cfl=C:\Users\Pedro\AppData\Local\Python\pythoncore-3.14-64\Lib\multiprocessing\reduction.py
cfn=dumps
calls=46 48
208 475900

fl=C:\Users\Pedro\AppData\Local\Python\pythoncore-3.14-64\Lib\multiprocessing\connection.py
fn=recv_bytes
214 29900
cfl=C:\Users\Pedro\AppData\Local\Python\pythoncore-3.14-64\Lib\multiprocessing\connection.py
cfn=_check_closed
calls=4 137
214 700
cfl=C:\Users\Pedro\AppData\Local\Python\pythoncore-3.14-64\Lib\multiprocessing\connection.py
cfn=_check_readable
calls=4 141
214 600
cfl=C:\Users\Pedro\AppData\Local\Python\pythoncore-3.14-64\Lib\multiprocessing\connection.py
cfn=_recv_bytes
calls=3 316
214 28800
cfl=~
cfn=<method 'getvalue' of '_io.BytesIO' objects>
calls=3 0
214 1100

fl=C:\Users\Pedro\AppData\Local\Python\pythoncore-3.14-64\Lib\multiprocessing\connection.py
fn=recv
252 8900
cfl=C:\Users\Pedro\AppData\Local\Python\pythoncore-3.14-64\Lib\multiprocessing\connection.py
cfn=_check_closed
calls=1 137
252 200
cfl=C:\Users\Pedro\AppData\Local\Python\pythoncore-3.14-64\Lib\multiprocessing\connection.py
cfn=_check_readable
calls=1 141
252 500
cfl=C:\Users\Pedro\AppData\Local\Python\pythoncore-3.14-64\Lib\multiprocessing\connection.py
cfn=_recv_bytes
calls=0 316
252 0
cfl=C:\Users\Pedro\AppData\Local\Python\pythoncore-3.14-64\Lib\threading.py
cfn=__exit__
calls=1 316
252 1100

fl=C:\Users\Pedro\AppData\Local\Python\pythoncore-3.14-64\Lib\multiprocessing\connection.py
fn=poll
259 23200
cfl=C:\Users\Pedro\AppData\Local\Python\pythoncore-3.14-64\Lib\multiprocessing\connection.py
cfn=_check_closed
calls=7 137
259 1100
cfl=C:\Users\Pedro\AppData\Local\Python\pythoncore-3.14-64\Lib\multiprocessing\connection.py
cfn=_check_readable
calls=7 141
259 1300
cfl=C:\Users\Pedro\AppData\Local\Python\pythoncore-3.14-64\Lib\multiprocessing\connection.py
cfn=poll
calls=1 259
259 58800
cfl=C:\Users\Pedro\AppData\Local\Python\pythoncore-3.14-64\Lib\multiprocessing\connection.py
cfn=_poll
calls=3 358
259 0
cfl=C:\Users\Pedro\AppData\Local\Python\pythoncore-3.14-64\Lib\multiprocessing\queues.py
cfn=get
calls=0 383
259 0
cfl=C:\Users\Pedro\AppData\Local\Python\pythoncore-3.14-64\Lib\multiprocessing\queues.py
cfn=put
calls=2 389
259 78100
cfl=C:\Users\Pedro\AppData\Local\Python\pythoncore-3.14-64\Lib\multiprocessing\util.py
cfn=debug
calls=3 49
259 600
cfl=C:\Users\Pedro\AppData\Local\Python\pythoncore-3.14-64\Lib\threading.py
cfn=join
calls=0 1097
259 0
cfl=C:\Users\Pedro\AppData\Local\Python\pythoncore-3.14-64\Lib\threading.py
cfn=is_alive
calls=1 1177
259 2200
cfl=C:\Users\Pedro\AppData\Local\Python\pythoncore-3.14-64\Lib\threading.py
cfn=current_thread
calls=1 1470
259 1800
cfl=~
cfn=<built-in method builtins.hasattr>
calls=1 0
259 400
cfl=~
cfn=<method 'cancel' of '_winapi.Overlapped' objects>
calls=0 0
259 0
cfl=~
cfn=<method 'getvalue' of '_io.BytesIO' objects>
calls=1 0
259 500

fl=C:\Users\Pedro\AppData\Local\Python\pythoncore-3.14-64\Lib\multiprocessing\connection.py
fn=PipeConnection
274 3000

fl=C:\Users\Pedro\AppData\Local\Python\pythoncore-3.14-64\Lib\multiprocessing\connection.py
fn=_send_bytes
290 37500
cfl=~
cfn=<built-in method _winapi.WriteFile>
calls=15 0
290 38000
cfl=~
cfn=<built-in method builtins.len>
calls=15 0
290 2800
cfl=~
cfn=<method 'GetOverlappedResult' of '_winapi.Overlapped' objects>
calls=15 0
290 9100
cfl=~
cfn=<method 'cancel' of '_winapi.Overlapped' objects>
calls=0 0
290 0

fl=C:\Users\Pedro\AppData\Local\Python\pythoncore-3.14-64\Lib\multiprocessing\connection.py
fn=_recv_bytes
316 38900
cfl=C:\Users\Pedro\AppData\Local\Python\pythoncore-3.14-64\Lib\threading.py
cfn=_acquire_restore
calls=1 325
316 1300
cfl=~
cfn=<built-in method _winapi.ReadFile>
calls=4 0
316 20800
cfl=~
cfn=<built-in method _winapi.WaitForMultipleObjects>
calls=0 0
316 0
cfl=~
cfn=<built-in method builtins.len>
calls=1 0
316 400
cfl=~
cfn=<method 'GetOverlappedResult' of '_winapi.Overlapped' objects>
calls=4 0
316 0
cfl=~
cfn=<method 'getbuffer' of '_winapi.Overlapped' objects>
calls=3 0
316 900
cfl=~
cfn=<method 'write' of '_io.BytesIO' objects>
calls=3 0
316 1200

fl=C:\Users\Pedro\AppData\Local\Python\pythoncore-3.14-64\Lib\multiprocessing\connection.py
fn=_poll
358 28200
cfl=C:\Users\Pedro\AppData\Local\Python\pythoncore-3.14-64\Lib\multiprocessing\connection.py
cfn=wait
calls=1 1061
358 0
cfl=C:\Users\Pedro\AppData\Local\Python\pythoncore-3.14-64\Lib\multiprocessing\queues.py
cfn=empty
calls=0 372
358 0
cfl=C:\Users\Pedro\AppData\Local\Python\pythoncore-3.14-64\Lib\multiprocessing\queues.py
cfn=get
calls=1 383
358 63100
cfl=~
cfn=<built-in method _pickle.loads>
calls=1 0
358 2100
cfl=~
cfn=<built-in method _winapi.PeekNamedPipe>
calls=5 0
358 1200
cfl=~
cfn=<method 'GetOverlappedResult' of '_winapi.Overlapped' objects>
calls=1 0
358 11700
cfl=~
cfn=<method 'getbuffer' of '_io.BytesIO' objects>
calls=1 0
358 700
cfl=~
cfn=<method 'update' of 'set' objects>
calls=1 0
358 2600

fl=C:\Users\Pedro\AppData\Local\Python\pythoncore-3.14-64\Lib\multiprocessing\connection.py
fn=Connection
380 2800

fl=C:\Users\Pedro\AppData\Local\Python\pythoncore-3.14-64\Lib\multiprocessing\connection.py
fn=Listener
465 3500

fl=C:\Users\Pedro\AppData\Local\Python\pythoncore-3.14-64\Lib\multiprocessing\connection.py
fn=Pipe
569 58700
cfl=C:\Users\Pedro\AppData\Local\Python\pythoncore-3.14-64\Lib\multiprocessing\connection.py
cfn=arbitrary_address
calls=3 72
569 284300
cfl=C:\Users\Pedro\AppData\Local\Python\pythoncore-3.14-64\Lib\multiprocessing\connection.py
cfn=__init__
calls=6 120
569 11300
cfl=~
cfn=<built-in method _winapi.ConnectNamedPipe>
calls=3 0
569 32900
cfl=~
cfn=<built-in method _winapi.CreateFile>
calls=3 0
569 35400
cfl=~
cfn=<built-in method _winapi.CreateNamedPipe>
calls=3 0
569 87200
cfl=~
cfn=<built-in method _winapi.SetNamedPipeHandleState>
calls=3 0
569 17800
cfl=~
cfn=<method 'GetOverlappedResult' of '_winapi.Overlapped' objects>
calls=3 0
569 8800

fl=C:\Users\Pedro\AppData\Local\Python\pythoncore-3.14-64\Lib\multiprocessing\connection.py
fn=SocketListener
613 1000

fl=C:\Users\Pedro\AppData\Local\Python\pythoncore-3.14-64\Lib\multiprocessing\connection.py
fn=PipeListener
673 3700

fl=C:\Users\Pedro\AppData\Local\Python\pythoncore-3.14-64\Lib\multiprocessing\connection.py
fn=<genexpr>:855
855 2400
cfl=~
cfn=<built-in method builtins.len>
calls=5 0
855 600

fl=C:\Users\Pedro\AppData\Local\Python\pythoncore-3.14-64\Lib\multiprocessing\connection.py
fn=ConnectionWrapper
987 800

fl=C:\Users\Pedro\AppData\Local\Python\pythoncore-3.14-64\Lib\multiprocessing\connection.py
fn=XmlListener
1009 500

fl=C:\Users\Pedro\AppData\Local\Python\pythoncore-3.14-64\Lib\multiprocessing\connection.py
fn=_exhaustive_wait
1027 18200
cfl=~
cfn=<built-in method _winapi.WaitForMultipleObjects>
calls=2 0
1027 0
cfl=~
cfn=<built-in method builtins.len>
calls=8 0
1027 2200
cfl=~
cfn=<method 'GetOverlappedResult' of '_winapi.Overlapped' objects>
calls=1 0
1027 7800
cfl=~
cfn=<method 'add' of 'set' objects>
calls=1 0
1027 600
cfl=~
cfn=<method 'update' of 'set' objects>
calls=1 0
1027 7800

fl=C:\Users\Pedro\AppData\Local\Python\pythoncore-3.14-64\Lib\multiprocessing\connection.py
fn=wait
1061 45600
cfl=C:\Users\Pedro\AppData\Local\Python\pythoncore-3.14-64\Lib\multiprocessing\connection.py
cfn=fileno
calls=5 171
1061 3800
cfl=C:\Users\Pedro\AppData\Local\Python\pythoncore-3.14-64\Lib\multiprocessing\connection.py
cfn=_exhaustive_wait
calls=2 1027
1061 0
cfl=C:\Users\Pedro\AppData\Local\Python\pythoncore-3.14-64\Lib\multiprocessing\queues.py
cfn=empty
calls=0 372
1061 0
cfl=~
cfn=<built-in method _winapi.ReadFile>
calls=5 0
1061 24400
cfl=~
cfn=<built-in method builtins.getattr>
calls=15 0
1061 10600
cfl=~
cfn=<method 'GetOverlappedResult' of '_winapi.Overlapped' objects>
calls=1 0
1061 0
cfl=~
cfn=<method 'append' of 'list' objects>
calls=5 0
1061 2100
cfl=~
cfn=<method 'cancel' of '_winapi.Overlapped' objects>
calls=2 0
1061 1200
cfl=~
cfn=<method 'getbuffer' of '_winapi.Overlapped' objects>
calls=1 0
1061 500
cfl=~
cfn=<method 'keys' of 'dict' objects>
calls=4 0
1061 2200
cfl=~
cfn=<method 'update' of 'set' objects>
calls=1 0
1061 2200
cfl=~
cfn=<method 'write' of '_io.BytesIO' objects>
calls=1 0
1061 600

fl=C:\Users\Pedro\AppData\Local\Python\pythoncore-3.14-64\Lib\multiprocessing\connection.py
fn=<genexpr>:1136
1136 2700

fl=C:\Users\Pedro\AppData\Local\Python\pythoncore-3.14-64\Lib\multiprocessing\connection.py
fn=reduce_pipe_connection
1190 137900
cfl=C:\Users\Pedro\AppData\Local\Python\pythoncore-3.14-64\Lib\multiprocessing\connection.py
cfn=readable
calls=80 161
1190 11900
cfl=C:\Users\Pedro\AppData\Local\Python\pythoncore-3.14-64\Lib\multiprocessing\connection.py
cfn=writable
calls=80 166
1190 9000
cfl=C:\Users\Pedro\AppData\Local\Python\pythoncore-3.14-64\Lib\multiprocessing\connection.py
cfn=fileno
calls=40 171
1190 32800
cfl=C:\Users\Pedro\AppData\Local\Python\pythoncore-3.14-64\Lib\multiprocessing\reduction.py
cfn=__init__:106
calls=40 106
1190 271200

fl=C:\Users\Pedro\AppData\Local\Python\pythoncore-3.14-64\Lib\multiprocessing\context.py
fn=Lock
65 30700
cfl=<frozen importlib._bootstrap>
cfn=parent
calls=3 648
65 4400
cfl=<frozen importlib._bootstrap>
cfn=_find_and_load
calls=1 1360
65 2072700
cfl=C:\Users\Pedro\AppData\Local\Python\pythoncore-3.14-64\Lib\multiprocessing\context.py
cfn=get_context:187
calls=3 187
65 500
cfl=C:\Users\Pedro\AppData\Local\Python\pythoncore-3.14-64\Lib\multiprocessing\synchronize.py
cfn=__init__:175
calls=3 175
65 157400

fl=C:\Users\Pedro\AppData\Local\Python\pythoncore-3.14-64\Lib\multiprocessing\context.py
fn=SimpleQueue
110 26000
cfl=<frozen importlib._bootstrap>
cfn=parent
calls=3 648
110 4400
cfl=<frozen importlib._bootstrap>
cfn=_find_and_load
calls=1 1360
110 2424000
cfl=C:\Users\Pedro\AppData\Local\Python\pythoncore-3.14-64\Lib\multiprocessing\context.py
cfn=get_context:187
calls=3 187
110 800
cfl=C:\Users\Pedro\AppData\Local\Python\pythoncore-3.14-64\Lib\multiprocessing\queues.py
cfn=__init__
calls=3 359
110 2829500

fl=C:\Users\Pedro\AppData\Local\Python\pythoncore-3.14-64\Lib\multiprocessing\context.py
fn=Pool
115 2400
cfl=<frozen importlib._bootstrap>
cfn=parent
calls=1 648
115 2200
cfl=<frozen importlib._bootstrap>
cfn=_find_and_load
calls=1 1360
115 10066500
cfl=C:\Users\Pedro\AppData\Local\Python\pythoncore-3.14-64\Lib\multiprocessing\context.py
cfn=get_context:187
calls=1 187
115 300
cfl=C:\Users\Pedro\AppData\Local\Python\pythoncore-3.14-64\Lib\multiprocessing\pool.py
cfn=__init__:183
calls=0 183
115 0

fl=C:\Users\Pedro\AppData\Local\Python\pythoncore-3.14-64\Lib\multiprocessing\context.py
fn=get_context:187
187 1600

fl=C:\Users\Pedro\AppData\Local\Python\pythoncore-3.14-64\Lib\multiprocessing\context.py
fn=get_start_method:197
197 1400

fl=C:\Users\Pedro\AppData\Local\Python\pythoncore-3.14-64\Lib\multiprocessing\context.py
fn=get_context:237
237 800

fl=C:\Users\Pedro\AppData\Local\Python\pythoncore-3.14-64\Lib\multiprocessing\context.py
fn=get_start_method:253
253 27100

fl=C:\Users\Pedro\AppData\Local\Python\pythoncore-3.14-64\Lib\multiprocessing\context.py
fn=_Popen
334 110800
cfl=<frozen importlib._bootstrap>
cfn=parent
calls=10 648
334 10300
cfl=<frozen importlib._bootstrap>
cfn=_find_and_load
calls=1 1360
334 3462000
cfl=C:\Users\Pedro\AppData\Local\Python\pythoncore-3.14-64\Lib\multiprocessing\popen_spawn_win32.py
cfn=__init__
calls=10 46
334 50828000

fl=C:\Users\Pedro\AppData\Local\Python\pythoncore-3.14-64\Lib\multiprocessing\context.py
fn=get_spawning_popen
366 37900
cfl=~
cfn=<built-in method builtins.getattr>
calls=100 0
366 23700

fl=C:\Users\Pedro\AppData\Local\Python\pythoncore-3.14-64\Lib\multiprocessing\context.py
fn=set_spawning_popen
369 33200

fl=C:\Users\Pedro\AppData\Local\Python\pythoncore-3.14-64\Lib\multiprocessing\context.py
fn=assert_spawning
372 18300
cfl=C:\Users\Pedro\AppData\Local\Python\pythoncore-3.14-64\Lib\multiprocessing\context.py
cfn=get_spawning_popen
calls=40 366
372 22100

fl=C:\Users\Pedro\AppData\Local\Python\pythoncore-3.14-64\Lib\multiprocessing\pool.py
fn=<module>
1 28900
cfl=<frozen importlib._bootstrap>
cfn=parent
calls=3 648
1 3300
cfl=<frozen importlib._bootstrap>
cfn=_find_and_load
calls=1 1360
1 6438700
cfl=<frozen importlib._bootstrap>
cfn=_handle_fromlist
calls=2 1401
1 1787300
cfl=~
cfn=<built-in method builtins.__build_class__>
calls=10 0
1 128000

fl=C:\Users\Pedro\AppData\Local\Python\pythoncore-3.14-64\Lib\multiprocessing\pool.py
fn=RemoteTraceback
57 1000

fl=C:\Users\Pedro\AppData\Local\Python\pythoncore-3.14-64\Lib\multiprocessing\pool.py
fn=ExceptionWithTraceback
63 1000

fl=C:\Users\Pedro\AppData\Local\Python\pythoncore-3.14-64\Lib\multiprocessing\pool.py
fn=MaybeEncodingError
80 1400

fl=C:\Users\Pedro\AppData\Local\Python\pythoncore-3.14-64\Lib\multiprocessing\pool.py
fn=_PoolCache
150 1300

fl=C:\Users\Pedro\AppData\Local\Python\pythoncore-3.14-64\Lib\multiprocessing\pool.py
fn=__init__:157
157 4600

fl=C:\Users\Pedro\AppData\Local\Python\pythoncore-3.14-64\Lib\multiprocessing\pool.py
fn=__delitem__
161 6900
cfl=C:\Users\Pedro\AppData\Local\Python\pythoncore-3.14-64\Lib\multiprocessing\queues.py
cfn=put
calls=1 389
161 62900

fl=C:\Users\Pedro\AppData\Local\Python\pythoncore-3.14-64\Lib\multiprocessing\pool.py
fn=Pool
173 17900

fl=C:\Users\Pedro\AppData\Local\Python\pythoncore-3.14-64\Lib\multiprocessing\pool.py
fn=Process
179 33300
cfl=C:\Users\Pedro\AppData\Local\Python\pythoncore-3.14-64\Lib\multiprocessing\process.py
cfn=__init__
calls=10 80
179 189200

fl=C:\Users\Pedro\AppData\Local\Python\pythoncore-3.14-64\Lib\multiprocessing\pool.py
fn=__init__:183
183 19100
cfl=C:\Users\Pedro\AppData\Local\Python\pythoncore-3.14-64\Lib\multiprocessing\context.py
cfn=SimpleQueue
calls=1 110
183 141100
cfl=C:\Users\Pedro\AppData\Local\Python\pythoncore-3.14-64\Lib\multiprocessing\pool.py
cfn=__init__:157
calls=1 157
183 4600
cfl=C:\Users\Pedro\AppData\Local\Python\pythoncore-3.14-64\Lib\multiprocessing\pool.py
cfn=_get_sentinels
calls=1 279
183 1500
cfl=C:\Users\Pedro\AppData\Local\Python\pythoncore-3.14-64\Lib\multiprocessing\pool.py
cfn=_repopulate_pool
calls=1 305
183 55036500
cfl=C:\Users\Pedro\AppData\Local\Python\pythoncore-3.14-64\Lib\multiprocessing\pool.py
cfn=_setup_queues
calls=1 345
183 5151900
cfl=C:\Users\Pedro\AppData\Local\Python\pythoncore-3.14-64\Lib\threading.py
cfn=__init__:880
calls=1 880
183 32200
cfl=C:\Users\Pedro\AppData\Local\Python\pythoncore-3.14-64\Lib\threading.py
cfn=start
calls=0 975
183 0
cfl=C:\Users\Pedro\AppData\Local\Python\pythoncore-3.14-64\Lib\threading.py
cfn=daemon:1203
calls=1 1203
183 4200

fl=C:\Users\Pedro\AppData\Local\Python\pythoncore-3.14-64\Lib\multiprocessing\pool.py
fn=_get_sentinels
279 1500

fl=C:\Users\Pedro\AppData\Local\Python\pythoncore-3.14-64\Lib\multiprocessing\pool.py
fn=_get_worker_sentinels
284 7300
cfl=C:\Users\Pedro\AppData\Local\Python\pythoncore-3.14-64\Lib\multiprocessing\process.py
cfn=sentinel
calls=10 254
284 5300
cfl=~
cfn=<built-in method builtins.hasattr>
calls=10 0
284 14500

fl=C:\Users\Pedro\AppData\Local\Python\pythoncore-3.14-64\Lib\multiprocessing\pool.py
fn=_join_exited_workers
289 28400
cfl=C:\Users\Pedro\AppData\Local\Python\pythoncore-3.14-64\Lib\multiprocessing\process.py
cfn=exitcode
calls=10 231
289 135500
cfl=C:\Users\Pedro\AppData\Local\Python\pythoncore-3.14-64\Lib\threading.py
cfn=__init__:880
calls=1 880
289 34200
cfl=C:\Users\Pedro\AppData\Local\Python\pythoncore-3.14-64\Lib\threading.py
cfn=start
calls=0 975
289 0
cfl=C:\Users\Pedro\AppData\Local\Python\pythoncore-3.14-64\Lib\threading.py
cfn=daemon:1203
calls=1 1203
289 2500
cfl=~
cfn=<built-in method builtins.len>
calls=1 0
289 300

fl=C:\Users\Pedro\AppData\Local\Python\pythoncore-3.14-64\Lib\multiprocessing\pool.py
fn=_repopulate_pool
305 6100
cfl=C:\Users\Pedro\AppData\Local\Python\pythoncore-3.14-64\Lib\multiprocessing\pool.py
cfn=_repopulate_pool_static
calls=1 314
305 55030400

fl=C:\Users\Pedro\AppData\Local\Python\pythoncore-3.14-64\Lib\multiprocessing\pool.py
fn=_repopulate_pool_static
314 99900
cfl=C:\Users\Pedro\AppData\Local\Python\pythoncore-3.14-64\Lib\multiprocessing\pool.py
cfn=Process
calls=10 179
314 222500
cfl=C:\Users\Pedro\AppData\Local\Python\pythoncore-3.14-64\Lib\multiprocessing\process.py
cfn=start
calls=10 110
314 54668300
cfl=C:\Users\Pedro\AppData\Local\Python\pythoncore-3.14-64\Lib\multiprocessing\process.py
cfn=name:196
calls=10 196
314 5900
cfl=C:\Users\Pedro\AppData\Local\Python\pythoncore-3.14-64\Lib\multiprocessing\process.py
cfn=name:200
calls=10 200
314 10600
cfl=C:\Users\Pedro\AppData\Local\Python\pythoncore-3.14-64\Lib\multiprocessing\process.py
cfn=daemon
calls=10 212
314 4000
cfl=C:\Users\Pedro\AppData\Local\Python\pythoncore-3.14-64\Lib\multiprocessing\util.py
cfn=debug
calls=10 49
314 3600
cfl=~
cfn=<built-in method builtins.len>
calls=1 0
314 300
cfl=~
cfn=<method 'append' of 'list' objects>
calls=10 0
314 4100
cfl=~
cfn=<method 'replace' of 'str' objects>
calls=10 0
314 11200

fl=C:\Users\Pedro\AppData\Local\Python\pythoncore-3.14-64\Lib\multiprocessing\pool.py
fn=_maintain_pool
333 3600
cfl=C:\Users\Pedro\AppData\Local\Python\pythoncore-3.14-64\Lib\multiprocessing\pool.py
cfn=_join_exited_workers
calls=1 289
333 221500

fl=C:\Users\Pedro\AppData\Local\Python\pythoncore-3.14-64\Lib\multiprocessing\pool.py
fn=_setup_queues
345 8300
cfl=C:\Users\Pedro\AppData\Local\Python\pythoncore-3.14-64\Lib\multiprocessing\context.py
cfn=SimpleQueue
calls=2 110
345 5143600

fl=C:\Users\Pedro\AppData\Local\Python\pythoncore-3.14-64\Lib\multiprocessing\pool.py
fn=_check_running
351 900

fl=C:\Users\Pedro\AppData\Local\Python\pythoncore-3.14-64\Lib\multiprocessing\pool.py
fn=map
362 4300
cfl=C:\Users\Pedro\AppData\Local\Python\pythoncore-3.14-64\Lib\multiprocessing\pool.py
cfn=_map_async
calls=1 471
362 59700
cfl=C:\Users\Pedro\AppData\Local\Python\pythoncore-3.14-64\Lib\multiprocessing\pool.py
cfn=ready
calls=1 756
362 2000
cfl=C:\Users\Pedro\AppData\Local\Python\pythoncore-3.14-64\Lib\multiprocessing\pool.py
cfn=get
calls=0 767
362 0

fl=C:\Users\Pedro\AppData\Local\Python\pythoncore-3.14-64\Lib\multiprocessing\pool.py
fn=_guarded_task_generation
385 29700
cfl=C:\Users\Pedro\AppData\Local\Python\pythoncore-3.14-64\Lib\multiprocessing\pool.py
cfn=_get_tasks
calls=37 633
385 70900

fl=C:\Users\Pedro\AppData\Local\Python\pythoncore-3.14-64\Lib\multiprocessing\pool.py
fn=_map_async
471 21000
cfl=C:\Users\Pedro\AppData\Local\Python\pythoncore-3.14-64\Lib\multiprocessing\pool.py
cfn=_check_running
calls=1 351
471 900
cfl=C:\Users\Pedro\AppData\Local\Python\pythoncore-3.14-64\Lib\multiprocessing\pool.py
cfn=__init__:796
calls=1 796
471 25000
cfl=~
cfn=<built-in method builtins.divmod>
calls=1 0
471 800
cfl=~
cfn=<built-in method builtins.hasattr>
calls=1 0
471 1100
cfl=~
cfn=<built-in method builtins.len>
calls=4 0
471 800
cfl=~
cfn=<method 'put' of '_queue.SimpleQueue' objects>
calls=1 0
471 10100

fl=C:\Users\Pedro\AppData\Local\Python\pythoncore-3.14-64\Lib\multiprocessing\pool.py
fn=_wait_for_updates
500 900
cfl=C:\Users\Pedro\AppData\Local\Python\pythoncore-3.14-64\Lib\multiprocessing\connection.py
cfn=wait
calls=0 1061
500 0
cfl=C:\Users\Pedro\AppData\Local\Python\pythoncore-3.14-64\Lib\threading.py
cfn=_delete
calls=1 1088
500 4100

fl=C:\Users\Pedro\AppData\Local\Python\pythoncore-3.14-64\Lib\multiprocessing\pool.py
fn=_handle_workers
506 13200
cfl=C:\Users\Pedro\AppData\Local\Python\pythoncore-3.14-64\Lib\multiprocessing\pool.py
cfn=_get_worker_sentinels
calls=1 284
506 27100
cfl=C:\Users\Pedro\AppData\Local\Python\pythoncore-3.14-64\Lib\multiprocessing\pool.py
cfn=_maintain_pool
calls=1 333
506 225100
cfl=C:\Users\Pedro\AppData\Local\Python\pythoncore-3.14-64\Lib\multiprocessing\pool.py
cfn=_wait_for_updates
calls=0 500
506 0
cfl=C:\Users\Pedro\AppData\Local\Python\pythoncore-3.14-64\Lib\threading.py
cfn=current_thread
calls=1 1470
506 1200

fl=C:\Users\Pedro\AppData\Local\Python\pythoncore-3.14-64\Lib\multiprocessing\pool.py
fn=_handle_tasks
527 57200
cfl=C:\Users\Pedro\AppData\Local\Python\pythoncore-3.14-64\Lib\threading.py
cfn=current_thread
calls=1 1470
527 1100
cfl=~
cfn=<built-in method builtins.iter>
calls=1 0
527 700

fl=C:\Users\Pedro\AppData\Local\Python\pythoncore-3.14-64\Lib\multiprocessing\pool.py
fn=_handle_results
573 53300
cfl=C:\Users\Pedro\AppData\Local\Python\pythoncore-3.14-64\Lib\multiprocessing\connection.py
cfn=recv
calls=0 252
573 0
cfl=C:\Users\Pedro\AppData\Local\Python\pythoncore-3.14-64\Lib\threading.py
cfn=current_thread
calls=1 1470
573 900

fl=C:\Users\Pedro\AppData\Local\Python\pythoncore-3.14-64\Lib\multiprocessing\pool.py
fn=_get_tasks
633 69800
cfl=~
cfn=<built-in method builtins.iter>
calls=1 0
633 1100

fl=C:\Users\Pedro\AppData\Local\Python\pythoncore-3.14-64\Lib\multiprocessing\pool.py
fn=close
647 4800
cfl=C:\Users\Pedro\AppData\Local\Python\pythoncore-3.14-64\Lib\multiprocessing\queues.py
cfn=put
calls=1 389
647 58800
cfl=C:\Users\Pedro\AppData\Local\Python\pythoncore-3.14-64\Lib\multiprocessing\util.py
cfn=debug
calls=1 49
647 400

fl=C:\Users\Pedro\AppData\Local\Python\pythoncore-3.14-64\Lib\multiprocessing\pool.py
fn=terminate
654 19100
cfl=C:\Users\Pedro\AppData\Local\Python\pythoncore-3.14-64\Lib\multiprocessing\util.py
cfn=debug
calls=1 49
654 100
cfl=C:\Users\Pedro\AppData\Local\Python\pythoncore-3.14-64\Lib\multiprocessing\util.py
cfn=__call__
calls=0 276
654 0

fl=C:\Users\Pedro\AppData\Local\Python\pythoncore-3.14-64\Lib\multiprocessing\pool.py
fn=_help_stuff_finish
671 10900
cfl=C:\Users\Pedro\AppData\Local\Python\pythoncore-3.14-64\Lib\multiprocessing\connection.py
cfn=poll
calls=0 259
671 0
cfl=C:\Users\Pedro\AppData\Local\Python\pythoncore-3.14-64\Lib\multiprocessing\synchronize.py
cfn=__exit__
calls=1 99
671 2200
cfl=C:\Users\Pedro\AppData\Local\Python\pythoncore-3.14-64\Lib\multiprocessing\util.py
cfn=debug
calls=1 49
671 100
cfl=C:\Users\Pedro\AppData\Local\Python\pythoncore-3.14-64\Lib\threading.py
cfn=is_alive
calls=1 1177
671 2100
cfl=~
cfn=<built-in method _pickle.loads>
calls=1 0
671 2800
cfl=~
cfn=<method 'acquire' of '_multiprocessing.SemLock' objects>
calls=1 0
671 2000

fl=C:\Users\Pedro\AppData\Local\Python\pythoncore-3.14-64\Lib\multiprocessing\pool.py
fn=_terminate_pool
680 60000
cfl=C:\Users\Pedro\AppData\Local\Python\pythoncore-3.14-64\Lib\multiprocessing\pool.py
cfn=_help_stuff_finish
calls=0 671
680 0
cfl=C:\Users\Pedro\AppData\Local\Python\pythoncore-3.14-64\Lib\multiprocessing\queues.py
cfn=empty
calls=2 372
680 20000
cfl=C:\Users\Pedro\AppData\Local\Python\pythoncore-3.14-64\Lib\multiprocessing\queues.py
cfn=get
calls=2 383
680 35300
cfl=C:\Users\Pedro\AppData\Local\Python\pythoncore-3.14-64\Lib\multiprocessing\queues.py
cfn=put
calls=1 389
680 27200
cfl=C:\Users\Pedro\AppData\Local\Python\pythoncore-3.14-64\Lib\multiprocessing\util.py
cfn=debug
calls=3 49
680 600
cfl=~
cfn=<built-in method builtins.len>
calls=1 0
680 300
cfl=~
cfn=<method 'put' of '_queue.SimpleQueue' objects>
calls=1 0
680 3400

fl=C:\Users\Pedro\AppData\Local\Python\pythoncore-3.14-64\Lib\multiprocessing\pool.py
fn=ApplyResult
745 5700

fl=C:\Users\Pedro\AppData\Local\Python\pythoncore-3.14-64\Lib\multiprocessing\pool.py
fn=__init__:747
747 9000
cfl=C:\Users\Pedro\AppData\Local\Python\pythoncore-3.14-64\Lib\threading.py
cfn=__init__:602
calls=1 602
747 9000
cfl=~
cfn=<built-in method builtins.next>
calls=1 0
747 300

fl=C:\Users\Pedro\AppData\Local\Python\pythoncore-3.14-64\Lib\multiprocessing\pool.py
fn=ready
756 1800
cfl=C:\Users\Pedro\AppData\Local\Python\pythoncore-3.14-64\Lib\threading.py
cfn=is_set
calls=1 615
756 200

fl=C:\Users\Pedro\AppData\Local\Python\pythoncore-3.14-64\Lib\multiprocessing\pool.py
fn=wait
764 2600
cfl=C:\Users\Pedro\AppData\Local\Python\pythoncore-3.14-64\Lib\threading.py
cfn=__exit__
calls=1 316
764 1200
cfl=C:\Users\Pedro\AppData\Local\Python\pythoncore-3.14-64\Lib\threading.py
cfn=wait:651
calls=0 651
764 0

fl=C:\Users\Pedro\AppData\Local\Python\pythoncore-3.14-64\Lib\multiprocessing\pool.py
fn=get
767 13600
cfl=C:\Users\Pedro\AppData\Local\Python\pythoncore-3.14-64\Lib\multiprocessing\pool.py
cfn=wait
calls=0 764
767 0

fl=C:\Users\Pedro\AppData\Local\Python\pythoncore-3.14-64\Lib\multiprocessing\pool.py
fn=MapResult
794 900

fl=C:\Users\Pedro\AppData\Local\Python\pythoncore-3.14-64\Lib\multiprocessing\pool.py
fn=__init__:796
796 6700
cfl=C:\Users\Pedro\AppData\Local\Python\pythoncore-3.14-64\Lib\multiprocessing\pool.py
cfn=__init__:747
calls=1 747
796 18300

fl=C:\Users\Pedro\AppData\Local\Python\pythoncore-3.14-64\Lib\multiprocessing\pool.py
fn=_set
809 21700
cfl=C:\Users\Pedro\AppData\Local\Python\pythoncore-3.14-64\Lib\multiprocessing\pool.py
cfn=__delitem__
calls=1 161
809 69800
cfl=C:\Users\Pedro\AppData\Local\Python\pythoncore-3.14-64\Lib\threading.py
cfn=set
calls=1 630
809 16600

fl=C:\Users\Pedro\AppData\Local\Python\pythoncore-3.14-64\Lib\multiprocessing\pool.py
fn=IMapIterator
837 2700

fl=C:\Users\Pedro\AppData\Local\Python\pythoncore-3.14-64\Lib\multiprocessing\pool.py
fn=IMapUnorderedIterator
906 900

fl=C:\Users\Pedro\AppData\Local\Python\pythoncore-3.14-64\Lib\multiprocessing\pool.py
fn=ThreadPool
921 2900

fl=C:\Users\Pedro\AppData\Local\Python\pythoncore-3.14-64\Lib\multiprocessing\popen_spawn_win32.py
fn=<module>
1 31200
cfl=<frozen importlib._bootstrap>
cfn=parent
calls=3 648
1 4700
cfl=<frozen importlib._bootstrap>
cfn=_handle_fromlist
calls=2 1401
1 1673400
cfl=C:\Users\Pedro\AppData\Local\Python\pythoncore-3.14-64\Lib\multiprocessing\popen_spawn_win32.py
cfn=_path_eq
calls=1 24
1 13200
cfl=~
cfn=<built-in method builtins.__build_class__>
calls=1 0
1 28900
cfl=~
cfn=<built-in method builtins.getattr>
calls=1 0
1 300
cfl=~
cfn=<method 'endswith' of 'str' objects>
calls=1 0
1 300
cfl=~
cfn=<method 'lower' of 'str' objects>
calls=1 0
1 300

fl=C:\Users\Pedro\AppData\Local\Python\pythoncore-3.14-64\Lib\multiprocessing\popen_spawn_win32.py
fn=_path_eq
24 6100
cfl=<frozen ntpath>
cfn=normcase
calls=2 50
24 10200

fl=C:\Users\Pedro\AppData\Local\Python\pythoncore-3.14-64\Lib\multiprocessing\popen_spawn_win32.py
fn=Popen
40 4400

fl=C:\Users\Pedro\AppData\Local\Python\pythoncore-3.14-64\Lib\multiprocessing\popen_spawn_win32.py
fn=__init__
46 409200
cfl=<frozen os>
cfn=copy
calls=10 743
46 2833500
cfl=C:\Users\Pedro\AppData\Local\Python\pythoncore-3.14-64\Lib\multiprocessing\context.py
cfn=set_spawning_popen
calls=20 369
46 33200
cfl=C:\Users\Pedro\AppData\Local\Python\pythoncore-3.14-64\Lib\multiprocessing\popen_spawn_win32.py
cfn=_path_eq
calls=10 24
46 3100
cfl=C:\Users\Pedro\AppData\Local\Python\pythoncore-3.14-64\Lib\multiprocessing\reduction.py
cfn=dump
calls=20 58
46 1944500
cfl=C:\Users\Pedro\AppData\Local\Python\pythoncore-3.14-64\Lib\multiprocessing\spawn.py
cfn=get_executable
calls=10 45
46 1300
cfl=C:\Users\Pedro\AppData\Local\Python\pythoncore-3.14-64\Lib\multiprocessing\spawn.py
cfn=get_command_line
calls=10 83
46 232200
cfl=C:\Users\Pedro\AppData\Local\Python\pythoncore-3.14-64\Lib\multiprocessing\spawn.py
cfn=get_preparation_data
calls=10 160
46 204800
cfl=C:\Users\Pedro\AppData\Local\Python\pythoncore-3.14-64\Lib\multiprocessing\util.py
cfn=__init__
calls=10 257
46 83000
cfl=C:\Users\Pedro\AppData\Local\Python\pythoncore-3.14-64\Lib\subprocess.py
cfn=__init__
calls=10 199
46 9100
cfl=~
cfn=<built-in method _io.open>
calls=10 0
46 149700
cfl=~
cfn=<built-in method _winapi.CloseHandle>
calls=10 0
46 25600
cfl=~
cfn=<built-in method _winapi.CreatePipe>
calls=10 0
46 198100
cfl=~
cfn=<built-in method _winapi.CreateProcess>
calls=10 0
46 44401700
cfl=~
cfn=<built-in method msvcrt.open_osfhandle>
calls=10 0
46 16400
cfl=~
cfn=<built-in method nt.getpid>
calls=10 0
46 2500
cfl=~
cfn=<method '__enter__' of '_io._IOBase' objects>
calls=10 0
46 8300
cfl=~
cfn=<method '__exit__' of '_io._IOBase' objects>
calls=10 0
46 226100
cfl=~
cfn=<method 'join' of 'str' objects>
calls=10 0
46 45700

fl=C:\Users\Pedro\AppData\Local\Python\pythoncore-3.14-64\Lib\multiprocessing\popen_spawn_win32.py
fn=<genexpr>
71 22400

fl=C:\Users\Pedro\AppData\Local\Python\pythoncore-3.14-64\Lib\multiprocessing\popen_spawn_win32.py
fn=duplicate_for_child
101 29600
cfl=C:\Users\Pedro\AppData\Local\Python\pythoncore-3.14-64\Lib\multiprocessing\context.py
cfn=get_spawning_popen
calls=20 366
101 8600
cfl=C:\Users\Pedro\AppData\Local\Python\pythoncore-3.14-64\Lib\multiprocessing\reduction.py
cfn=duplicate
calls=20 71
101 43100

fl=C:\Users\Pedro\AppData\Local\Python\pythoncore-3.14-64\Lib\multiprocessing\popen_spawn_win32.py
fn=wait
105 124900
cfl=C:\Users\Pedro\AppData\Local\Python\pythoncore-3.14-64\Lib\threading.py
cfn=_acquire_restore
calls=1 325
105 1600
cfl=~
cfn=<built-in method _winapi.GetExitCodeProcess>
calls=10 0
105 7700
cfl=~
cfn=<built-in method _winapi.WaitForSingleObject>
calls=75 0
105 42100
cfl=~
cfn=<built-in method builtins.max>
calls=75 0
105 17400

fl=C:\Users\Pedro\AppData\Local\Python\pythoncore-3.14-64\Lib\multiprocessing\popen_spawn_win32.py
fn=poll
123 47000
cfl=C:\Users\Pedro\AppData\Local\Python\pythoncore-3.14-64\Lib\multiprocessing\popen_spawn_win32.py
cfn=wait
calls=74 105
123 114000
cfl=C:\Users\Pedro\AppData\Local\Python\pythoncore-3.14-64\Lib\threading.py
cfn=__exit__
calls=1 316
123 1600

fl=C:\Users\Pedro\AppData\Local\Python\pythoncore-3.14-64\Lib\multiprocessing\popen_spawn_win32.py
fn=terminate
126 18600
cfl=~
cfn=<built-in method _winapi.TerminateProcess>
calls=10 0
126 721800

fl=C:\Users\Pedro\AppData\Local\Python\pythoncore-3.14-64\Lib\multiprocessing\process.py
fn=current_process
37 6100

fl=C:\Users\Pedro\AppData\Local\Python\pythoncore-3.14-64\Lib\multiprocessing\process.py
fn=_cleanup
61 41900
cfl=C:\Users\Pedro\AppData\Local\Python\pythoncore-3.14-64\Lib\multiprocessing\popen_spawn_win32.py
cfn=poll
calls=45 123
61 128600

fl=C:\Users\Pedro\AppData\Local\Python\pythoncore-3.14-64\Lib\multiprocessing\process.py
fn=__init__
80 107100
cfl=C:\Users\Pedro\AppData\Local\Python\pythoncore-3.14-64\Lib\_weakrefset.py
cfn=add
calls=10 45
80 26400
cfl=C:\Users\Pedro\AppData\Local\Python\pythoncore-3.14-64\Lib\multiprocessing\process.py
cfn=name:196
calls=10 196
80 1700
cfl=~
cfn=<built-in method builtins.next>
calls=10 0
80 2800
cfl=~
cfn=<built-in method nt.getpid>
calls=10 0
80 2700
cfl=~
cfn=<method 'copy' of 'dict' objects>
calls=10 0
80 6000
cfl=~
cfn=<method 'join' of 'str' objects>
calls=10 0
80 42500

fl=C:\Users\Pedro\AppData\Local\Python\pythoncore-3.14-64\Lib\multiprocessing\process.py
fn=<genexpr>
94 15800

fl=C:\Users\Pedro\AppData\Local\Python\pythoncore-3.14-64\Lib\multiprocessing\process.py
fn=_check_closed
99 12100

fl=C:\Users\Pedro\AppData\Local\Python\pythoncore-3.14-64\Lib\multiprocessing\process.py
fn=start
110 70600
cfl=C:\Users\Pedro\AppData\Local\Python\pythoncore-3.14-64\Lib\multiprocessing\context.py
cfn=_Popen
calls=10 334
110 54411100
cfl=C:\Users\Pedro\AppData\Local\Python\pythoncore-3.14-64\Lib\multiprocessing\process.py
cfn=_cleanup
calls=10 61
110 170500
cfl=C:\Users\Pedro\AppData\Local\Python\pythoncore-3.14-64\Lib\multiprocessing\process.py
cfn=_check_closed
calls=10 99
110 3500
cfl=~
cfn=<built-in method nt.getpid>
calls=10 0
110 2300
cfl=~
cfn=<method 'add' of 'set' objects>
calls=10 0
110 5900
cfl=~
cfn=<method 'get' of 'dict' objects>
calls=10 0
110 4400

fl=C:\Users\Pedro\AppData\Local\Python\pythoncore-3.14-64\Lib\multiprocessing\process.py
fn=terminate
135 11500
cfl=C:\Users\Pedro\AppData\Local\Python\pythoncore-3.14-64\Lib\multiprocessing\popen_spawn_win32.py
cfn=terminate
calls=10 126
135 740400
cfl=C:\Users\Pedro\AppData\Local\Python\pythoncore-3.14-64\Lib\multiprocessing\process.py
cfn=_check_closed
calls=10 99
135 1000

fl=C:\Users\Pedro\AppData\Local\Python\pythoncore-3.14-64\Lib\multiprocessing\process.py
fn=join
149 9600
cfl=C:\Users\Pedro\AppData\Local\Python\pythoncore-3.14-64\Lib\multiprocessing\popen_spawn_win32.py
cfn=wait
calls=1 105
149 1431900
cfl=C:\Users\Pedro\AppData\Local\Python\pythoncore-3.14-64\Lib\multiprocessing\process.py
cfn=_check_closed
calls=1 99
149 100
cfl=~
cfn=<built-in method nt.getpid>
calls=1 0
149 600
cfl=~
cfn=<method 'discard' of 'set' objects>
calls=1 0
149 1800

fl=C:\Users\Pedro\AppData\Local\Python\pythoncore-3.14-64\Lib\multiprocessing\process.py
fn=is_alive
160 17500
cfl=C:\Users\Pedro\AppData\Local\Python\pythoncore-3.14-64\Lib\multiprocessing\popen_spawn_win32.py
cfn=poll
calls=10 123
160 30200
cfl=C:\Users\Pedro\AppData\Local\Python\pythoncore-3.14-64\Lib\multiprocessing\process.py
cfn=_check_closed
calls=10 99
160 1000
cfl=~
cfn=<built-in method nt.getpid>
calls=10 0
160 2400
cfl=~
cfn=<method 'discard' of 'set' objects>
calls=9 0
160 1500

fl=C:\Users\Pedro\AppData\Local\Python\pythoncore-3.14-64\Lib\multiprocessing\process.py
fn=name:196
196 9100

fl=C:\Users\Pedro\AppData\Local\Python\pythoncore-3.14-64\Lib\multiprocessing\process.py
fn=name:200
200 8400
cfl=~
cfn=<built-in method builtins.isinstance>
calls=10 0
200 2200

fl=C:\Users\Pedro\AppData\Local\Python\pythoncore-3.14-64\Lib\multiprocessing\process.py
fn=daemon
212 4000

fl=C:\Users\Pedro\AppData\Local\Python\pythoncore-3.14-64\Lib\multiprocessing\process.py
fn=authkey
220 3600

fl=C:\Users\Pedro\AppData\Local\Python\pythoncore-3.14-64\Lib\multiprocessing\process.py
fn=exitcode
231 33000
cfl=C:\Users\Pedro\AppData\Local\Python\pythoncore-3.14-64\Lib\multiprocessing\popen_spawn_win32.py
cfn=poll
calls=19 123
231 13400
cfl=C:\Users\Pedro\AppData\Local\Python\pythoncore-3.14-64\Lib\multiprocessing\process.py
cfn=_check_closed
calls=20 99
231 3900

fl=C:\Users\Pedro\AppData\Local\Python\pythoncore-3.14-64\Lib\multiprocessing\process.py
fn=ident
241 1400
cfl=C:\Users\Pedro\AppData\Local\Python\pythoncore-3.14-64\Lib\multiprocessing\process.py
cfn=_check_closed
calls=1 99
241 200

fl=C:\Users\Pedro\AppData\Local\Python\pythoncore-3.14-64\Lib\multiprocessing\process.py
fn=sentinel
254 11200
cfl=C:\Users\Pedro\AppData\Local\Python\pythoncore-3.14-64\Lib\multiprocessing\process.py
cfn=_check_closed
calls=20 99
254 2400

fl=C:\Users\Pedro\AppData\Local\Python\pythoncore-3.14-64\Lib\multiprocessing\process.py
fn=__reduce__
354 115700
cfl=<frozen importlib._bootstrap>
cfn=parent
calls=20 648
354 26900
cfl=C:\Users\Pedro\AppData\Local\Python\pythoncore-3.14-64\Lib\multiprocessing\context.py
cfn=get_spawning_popen
calls=20 366
354 21500

fl=C:\Users\Pedro\AppData\Local\Python\pythoncore-3.14-64\Lib\multiprocessing\queues.py
fn=<module>
1 32900
cfl=<frozen importlib._bootstrap>
cfn=parent
calls=3 648
1 4200
cfl=<frozen importlib._bootstrap>
cfn=_handle_fromlist
calls=2 1401
1 5600
cfl=~
cfn=<built-in method builtins.__build_class__>
calls=3 0
1 76800

fl=C:\Users\Pedro\AppData\Local\Python\pythoncore-3.14-64\Lib\multiprocessing\queues.py
fn=Queue
33 15100

fl=C:\Users\Pedro\AppData\Local\Python\pythoncore-3.14-64\Lib\multiprocessing\queues.py
fn=JoinableQueue
314 1800

fl=C:\Users\Pedro\AppData\Local\Python\pythoncore-3.14-64\Lib\multiprocessing\queues.py
fn=SimpleQueue
357 5400

fl=C:\Users\Pedro\AppData\Local\Python\pythoncore-3.14-64\Lib\multiprocessing\queues.py
fn=__init__
359 27400
cfl=C:\Users\Pedro\AppData\Local\Python\pythoncore-3.14-64\Lib\multiprocessing\connection.py
cfn=Pipe
calls=3 569
359 536400
cfl=C:\Users\Pedro\AppData\Local\Python\pythoncore-3.14-64\Lib\multiprocessing\context.py
cfn=Lock
calls=3 65
359 2265700

fl=C:\Users\Pedro\AppData\Local\Python\pythoncore-3.14-64\Lib\multiprocessing\queues.py
fn=empty
372 31600
cfl=C:\Users\Pedro\AppData\Local\Python\pythoncore-3.14-64\Lib\multiprocessing\connection.py
cfn=poll
calls=2 259
372 0

fl=C:\Users\Pedro\AppData\Local\Python\pythoncore-3.14-64\Lib\multiprocessing\queues.py
fn=__getstate__
375 24900
cfl=C:\Users\Pedro\AppData\Local\Python\pythoncore-3.14-64\Lib\multiprocessing\context.py
cfn=assert_spawning
calls=20 372
375 20100

fl=C:\Users\Pedro\AppData\Local\Python\pythoncore-3.14-64\Lib\multiprocessing\queues.py
fn=get
383 29100
cfl=C:\Users\Pedro\AppData\Local\Python\pythoncore-3.14-64\Lib\multiprocessing\connection.py
cfn=recv_bytes
calls=3 214
383 35700
cfl=C:\Users\Pedro\AppData\Local\Python\pythoncore-3.14-64\Lib\multiprocessing\synchronize.py
cfn=__enter__
calls=4 96
383 12400
cfl=C:\Users\Pedro\AppData\Local\Python\pythoncore-3.14-64\Lib\multiprocessing\synchronize.py
cfn=__exit__
calls=3 99
383 5300
cfl=~
cfn=<built-in method _pickle.loads>
calls=3 0
383 5800

fl=C:\Users\Pedro\AppData\Local\Python\pythoncore-3.14-64\Lib\multiprocessing\queues.py
fn=put
389 22400
cfl=C:\Users\Pedro\AppData\Local\Python\pythoncore-3.14-64\Lib\multiprocessing\connection.py
cfn=send_bytes
calls=5 188
389 106700
cfl=C:\Users\Pedro\AppData\Local\Python\pythoncore-3.14-64\Lib\multiprocessing\reduction.py
cfn=dumps
calls=6 48
389 110600

fl=C:\Users\Pedro\AppData\Local\Python\pythoncore-3.14-64\Lib\multiprocessing\reduction.py
fn=__init__:38
38 305800
cfl=~
cfn=<method 'copy' of 'dict' objects>
calls=72 0
38 55800
cfl=~
cfn=<method 'update' of 'dict' objects>
calls=72 0
38 51300

fl=C:\Users\Pedro\AppData\Local\Python\pythoncore-3.14-64\Lib\multiprocessing\reduction.py
fn=register
43 1300

fl=C:\Users\Pedro\AppData\Local\Python\pythoncore-3.14-64\Lib\multiprocessing\reduction.py
fn=dumps
48 103000
cfl=C:\Users\Pedro\AppData\Local\Python\pythoncore-3.14-64\Lib\multiprocessing\reduction.py
cfn=__init__:38
calls=52 38
48 185300
cfl=~
cfn=<method 'dump' of '_pickle.Pickler' objects>
calls=52 0
48 290300
cfl=~
cfn=<method 'getbuffer' of '_io.BytesIO' objects>
calls=16 0
48 7900

fl=C:\Users\Pedro\AppData\Local\Python\pythoncore-3.14-64\Lib\multiprocessing\reduction.py
fn=dump
58 122000
cfl=C:\Users\Pedro\AppData\Local\Python\pythoncore-3.14-64\Lib\multiprocessing\reduction.py
cfn=__init__:38
calls=20 38
58 227600
cfl=~
cfn=<method 'dump' of '_pickle.Pickler' objects>
calls=20 0
58 1594900

fl=C:\Users\Pedro\AppData\Local\Python\pythoncore-3.14-64\Lib\multiprocessing\reduction.py
fn=duplicate
71 17600
cfl=~
cfn=<built-in method _winapi.DuplicateHandle>
calls=20 0
71 22100
cfl=~
cfn=<built-in method _winapi.GetCurrentProcess>
calls=20 0
71 3400

fl=C:\Users\Pedro\AppData\Local\Python\pythoncore-3.14-64\Lib\multiprocessing\reduction.py
fn=__init__:106
106 79900
cfl=~
cfn=<built-in method _winapi.CloseHandle>
calls=40 0
106 24800
cfl=~
cfn=<built-in method _winapi.DuplicateHandle>
calls=40 0
106 45800
cfl=~
cfn=<built-in method _winapi.GetCurrentProcess>
calls=40 0
106 11600
cfl=~
cfn=<built-in method _winapi.OpenProcess>
calls=40 0
106 100700
cfl=~
cfn=<built-in method nt.getpid>
calls=40 0
106 8400

fl=C:\Users\Pedro\AppData\Local\Python\pythoncore-3.14-64\Lib\multiprocessing\spawn.py
fn=<module>
1 25500
cfl=<frozen importlib._bootstrap>
cfn=parent
calls=4 648
1 3800
cfl=<frozen importlib._bootstrap>
cfn=_handle_fromlist
calls=3 1401
1 7700
cfl=C:\Users\Pedro\AppData\Local\Python\pythoncore-3.14-64\Lib\multiprocessing\spawn.py
cfn=set_executable
calls=1 36
1 5100
cfl=~
cfn=<built-in method builtins.getattr>
calls=1 0
1 500
cfl=~
cfn=<method 'endswith' of 'str' objects>
calls=1 0
1 300
cfl=~
cfn=<method 'lower' of 'str' objects>
calls=1 0
1 600

fl=C:\Users\Pedro\AppData\Local\Python\pythoncore-3.14-64\Lib\multiprocessing\spawn.py
fn=set_executable
36 2900
cfl=<frozen os>
cfn=fsdecode
calls=1 863
36 2200

fl=C:\Users\Pedro\AppData\Local\Python\pythoncore-3.14-64\Lib\multiprocessing\spawn.py
fn=get_executable
45 3300

fl=C:\Users\Pedro\AppData\Local\Python\pythoncore-3.14-64\Lib\multiprocessing\spawn.py
fn=get_command_line
83 72800
cfl=C:\Users\Pedro\AppData\Local\Python\pythoncore-3.14-64\Lib\multiprocessing\spawn.py
cfn=get_executable
calls=10 45
83 2000
cfl=C:\Users\Pedro\AppData\Local\Python\pythoncore-3.14-64\Lib\subprocess.py
cfn=_args_from_interpreter_flags
calls=10 306
83 102500
cfl=~
cfn=<built-in method builtins.getattr>
calls=10 0
83 4200
cfl=~
cfn=<method 'items' of 'dict' objects>
calls=10 0
83 4000
cfl=~
cfn=<method 'join' of 'str' objects>
calls=10 0
83 46700

fl=C:\Users\Pedro\AppData\Local\Python\pythoncore-3.14-64\Lib\multiprocessing\spawn.py
fn=<genexpr>
92 27000

fl=C:\Users\Pedro\AppData\Local\Python\pythoncore-3.14-64\Lib\multiprocessing\spawn.py
fn=_check_not_importing_main
138 14200
cfl=C:\Users\Pedro\AppData\Local\Python\pythoncore-3.14-64\Lib\multiprocessing\process.py
cfn=current_process
calls=10 37
138 1600
cfl=~
cfn=<built-in method builtins.getattr>
calls=10 0
138 4900

fl=C:\Users\Pedro\AppData\Local\Python\pythoncore-3.14-64\Lib\multiprocessing\spawn.py
fn=get_preparation_data
160 95500
cfl=C:\Users\Pedro\AppData\Local\Python\pythoncore-3.14-64\Lib\multiprocessing\context.py
cfn=get_start_method:253
calls=10 253
160 25600
cfl=C:\Users\Pedro\AppData\Local\Python\pythoncore-3.14-64\Lib\multiprocessing\process.py
cfn=current_process
calls=10 37
160 1100
cfl=C:\Users\Pedro\AppData\Local\Python\pythoncore-3.14-64\Lib\multiprocessing\process.py
cfn=authkey
calls=10 220
160 3600
cfl=C:\Users\Pedro\AppData\Local\Python\pythoncore-3.14-64\Lib\multiprocessing\spawn.py
cfn=_check_not_importing_main
calls=10 138
160 20700
cfl=~
cfn=<built-in method builtins.getattr>
calls=20 0
160 10500
cfl=~
cfn=<built-in method nt.getcwd>
calls=10 0
160 17300
cfl=~
cfn=<method 'copy' of 'list' objects>
calls=10 0
160 7600
cfl=~
cfn=<method 'index' of 'list' objects>
calls=10 0
160 6300
cfl=~
cfn=<method 'update' of 'dict' objects>
calls=10 0
160 16600

fl=C:\Users\Pedro\AppData\Local\Python\pythoncore-3.14-64\Lib\multiprocessing\synchronize.py
fn=<module>
1 29000
cfl=<frozen importlib._bootstrap>
cfn=parent
calls=3 648
1 4400
cfl=<frozen importlib._bootstrap>
cfn=_handle_fromlist
calls=3 1401
1 6800
cfl=~
cfn=<built-in method builtins.__build_class__>
calls=8 0
1 176500

fl=C:\Users\Pedro\AppData\Local\Python\pythoncore-3.14-64\Lib\multiprocessing\synchronize.py
fn=SemLock
45 8500

fl=C:\Users\Pedro\AppData\Local\Python\pythoncore-3.14-64\Lib\multiprocessing\synchronize.py
fn=__init__:49
49 45000
cfl=C:\Users\Pedro\AppData\Local\Python\pythoncore-3.14-64\Lib\multiprocessing\context.py
cfn=get_start_method:197
calls=3 197
49 1400
cfl=C:\Users\Pedro\AppData\Local\Python\pythoncore-3.14-64\Lib\multiprocessing\synchronize.py
cfn=_make_methods
calls=3 89
49 4100
cfl=C:\Users\Pedro\AppData\Local\Python\pythoncore-3.14-64\Lib\multiprocessing\synchronize.py
cfn=_make_name
calls=3 123
49 97500
cfl=C:\Users\Pedro\AppData\Local\Python\pythoncore-3.14-64\Lib\multiprocessing\util.py
cfn=debug
calls=3 49
49 2300

fl=C:\Users\Pedro\AppData\Local\Python\pythoncore-3.14-64\Lib\multiprocessing\synchronize.py
fn=_make_methods
89 4100

fl=C:\Users\Pedro\AppData\Local\Python\pythoncore-3.14-64\Lib\multiprocessing\synchronize.py
fn=__enter__
96 7700
cfl=~
cfn=<method '__enter__' of '_multiprocessing.SemLock' objects>
calls=4 0
96 4700

fl=C:\Users\Pedro\AppData\Local\Python\pythoncore-3.14-64\Lib\multiprocessing\synchronize.py
fn=__exit__
99 4900
cfl=~
cfn=<method '__exit__' of '_multiprocessing.SemLock' objects>
calls=4 0
99 2600

fl=C:\Users\Pedro\AppData\Local\Python\pythoncore-3.14-64\Lib\multiprocessing\synchronize.py
fn=__getstate__
102 67000
cfl=C:\Users\Pedro\AppData\Local\Python\pythoncore-3.14-64\Lib\multiprocessing\context.py
cfn=get_spawning_popen
calls=20 366
102 9400
cfl=C:\Users\Pedro\AppData\Local\Python\pythoncore-3.14-64\Lib\multiprocessing\context.py
cfn=assert_spawning
calls=20 372
102 20300
cfl=C:\Users\Pedro\AppData\Local\Python\pythoncore-3.14-64\Lib\multiprocessing\popen_spawn_win32.py
cfn=duplicate_for_child
calls=20 101
102 81300

fl=C:\Users\Pedro\AppData\Local\Python\pythoncore-3.14-64\Lib\multiprocessing\synchronize.py
fn=_make_name
123 9700
cfl=C:\Users\Pedro\AppData\Local\Python\pythoncore-3.14-64\Lib\multiprocessing\process.py
cfn=current_process
calls=3 37
123 700
cfl=~
cfn=<built-in method builtins.next>
calls=3 0
123 87100

fl=C:\Users\Pedro\AppData\Local\Python\pythoncore-3.14-64\Lib\multiprocessing\synchronize.py
fn=Semaphore
132 1700

fl=C:\Users\Pedro\AppData\Local\Python\pythoncore-3.14-64\Lib\multiprocessing\synchronize.py
fn=BoundedSemaphore
156 1200

fl=C:\Users\Pedro\AppData\Local\Python\pythoncore-3.14-64\Lib\multiprocessing\synchronize.py
fn=Lock
173 1500

fl=C:\Users\Pedro\AppData\Local\Python\pythoncore-3.14-64\Lib\multiprocessing\synchronize.py
fn=__init__:175
175 7100
cfl=C:\Users\Pedro\AppData\Local\Python\pythoncore-3.14-64\Lib\multiprocessing\synchronize.py
cfn=__init__:49
calls=3 49
175 150300

fl=C:\Users\Pedro\AppData\Local\Python\pythoncore-3.14-64\Lib\multiprocessing\synchronize.py
fn=RLock
198 1300

fl=C:\Users\Pedro\AppData\Local\Python\pythoncore-3.14-64\Lib\multiprocessing\synchronize.py
fn=Condition
224 4300

fl=C:\Users\Pedro\AppData\Local\Python\pythoncore-3.14-64\Lib\multiprocessing\synchronize.py
fn=Event
335 2400

fl=C:\Users\Pedro\AppData\Local\Python\pythoncore-3.14-64\Lib\multiprocessing\synchronize.py
fn=Barrier
377 12000
cfl=~
cfn=<method 'setter' of 'property' objects>
calls=2 0
377 1800

fl=C:\Users\Pedro\AppData\Local\Python\pythoncore-3.14-64\Lib\multiprocessing\util.py
fn=<module>
1 39600
cfl=<frozen importlib._bootstrap>
cfn=parent
calls=1 648
1 1700
cfl=<frozen importlib._bootstrap>
cfn=has_location
calls=1 656
1 200
cfl=<frozen importlib._bootstrap>
cfn=_handle_fromlist
calls=1 1401
1 2300
cfl=C:\Users\Pedro\AppData\Local\Python\pythoncore-3.14-64\Lib\multiprocessing\util.py
cfn=_platform_supports_abstract_sockets
calls=1 109
1 1000
cfl=C:\Users\Pedro\AppData\Local\Python\pythoncore-3.14-64\Lib\weakref.py
cfn=__init__
calls=1 104
1 9000
cfl=~
cfn=<built-in method atexit.register>
calls=1 0
1 1000
cfl=~
cfn=<built-in method builtins.__build_class__>
calls=3 0
1 41600
cfl=~
cfn=<method 'startswith' of 'str' objects>
calls=1 0
1 500

fl=C:\Users\Pedro\AppData\Local\Python\pythoncore-3.14-64\Lib\multiprocessing\util.py
fn=sub_debug
45 800

fl=C:\Users\Pedro\AppData\Local\Python\pythoncore-3.14-64\Lib\multiprocessing\util.py
fn=debug
49 10300

fl=C:\Users\Pedro\AppData\Local\Python\pythoncore-3.14-64\Lib\multiprocessing\util.py
fn=_platform_supports_abstract_sockets
109 1000

fl=C:\Users\Pedro\AppData\Local\Python\pythoncore-3.14-64\Lib\multiprocessing\util.py
fn=Finalize
253 2300

fl=C:\Users\Pedro\AppData\Local\Python\pythoncore-3.14-64\Lib\multiprocessing\util.py
fn=__init__
257 73400
cfl=~
cfn=<built-in method builtins.isinstance>
calls=1 0
257 300
cfl=~
cfn=<built-in method builtins.next>
calls=11 0
257 6300
cfl=~
cfn=<built-in method nt.getpid>
calls=11 0
257 10000

fl=C:\Users\Pedro\AppData\Local\Python\pythoncore-3.14-64\Lib\multiprocessing\util.py
fn=__call__
276 48800
cfl=C:\Users\Pedro\AppData\Local\Python\pythoncore-3.14-64\Lib\multiprocessing\pool.py
cfn=_terminate_pool
calls=0 680
276 0
cfl=C:\Users\Pedro\AppData\Local\Python\pythoncore-3.14-64\Lib\multiprocessing\util.py
cfn=sub_debug
calls=1 45
276 800
cfl=~
cfn=<built-in method nt.getpid>
calls=1 0
276 800

fl=C:\Users\Pedro\AppData\Local\Python\pythoncore-3.14-64\Lib\multiprocessing\util.py
fn=ForkAwareThreadLock
439 1000

fl=C:\Users\Pedro\AppData\Local\Python\pythoncore-3.14-64\Lib\multiprocessing\util.py
fn=ForkAwareLocal
456 600

fl=C:\Users\Pedro\AppData\Local\Python\pythoncore-3.14-64\Lib\pathlib\__init__.py
fn=__init__
135 5400
cfl=~
cfn=<built-in method builtins.isinstance>
calls=8 0
135 900
cfl=~
cfn=<built-in method nt.fspath>
calls=4 0
135 700
cfl=~
cfn=<method 'append' of 'list' objects>
calls=4 0
135 900

fl=C:\Users\Pedro\AppData\Local\Python\pythoncore-3.14-64\Lib\pathlib\__init__.py
fn=with_segments
157 2500
cfl=C:\Users\Pedro\AppData\Local\Python\pythoncore-3.14-64\Lib\pathlib\__init__.py
cfn=__init__
calls=2 135
157 3000
cfl=C:\Users\Pedro\AppData\Local\Python\pythoncore-3.14-64\Lib\pathlib\__init__.py
cfn=__new__
calls=2 632
157 1300

fl=C:\Users\Pedro\AppData\Local\Python\pythoncore-3.14-64\Lib\pathlib\__init__.py
fn=__fspath__
190 3200
cfl=C:\Users\Pedro\AppData\Local\Python\pythoncore-3.14-64\Lib\pathlib\__init__.py
cfn=__str__
calls=2 251
190 200

fl=C:\Users\Pedro\AppData\Local\Python\pythoncore-3.14-64\Lib\pathlib\__init__.py
fn=__str__
251 200

fl=C:\Users\Pedro\AppData\Local\Python\pythoncore-3.14-64\Lib\pathlib\__init__.py
fn=_format_parsed_parts
261 4600
cfl=<frozen ntpath>
cfn=splitdrive
calls=2 146
261 1800
cfl=~
cfn=<method 'join' of 'str' objects>
calls=2 0
261 700

fl=C:\Users\Pedro\AppData\Local\Python\pythoncore-3.14-64\Lib\pathlib\__init__.py
fn=_from_parsed_parts
269 3900
cfl=C:\Users\Pedro\AppData\Local\Python\pythoncore-3.14-64\Lib\pathlib\__init__.py
cfn=_format_parsed_parts
calls=2 261
269 7100
cfl=C:\Users\Pedro\AppData\Local\Python\pythoncore-3.14-64\Lib\pathlib\__init__.py
cfn=_from_parsed_string
calls=2 276
269 8800

fl=C:\Users\Pedro\AppData\Local\Python\pythoncore-3.14-64\Lib\pathlib\__init__.py
fn=_from_parsed_string
276 2000
cfl=C:\Users\Pedro\AppData\Local\Python\pythoncore-3.14-64\Lib\pathlib\__init__.py
cfn=with_segments
calls=2 157
276 6800

fl=C:\Users\Pedro\AppData\Local\Python\pythoncore-3.14-64\Lib\pathlib\__init__.py
fn=_parse_path
281 4800
cfl=~
cfn=<built-in method nt._path_splitroot_ex>
calls=2 0
281 1200
cfl=~
cfn=<method 'replace' of 'str' objects>
calls=2 0
281 1200
cfl=~
cfn=<method 'split' of 'str' objects>
calls=2 0
281 1400
cfl=~
cfn=<method 'startswith' of 'str' objects>
calls=2 0
281 400

fl=C:\Users\Pedro\AppData\Local\Python\pythoncore-3.14-64\Lib\pathlib\__init__.py
fn=_raw_path
330 1000
cfl=~
cfn=<built-in method builtins.len>
calls=2 0
330 400

fl=C:\Users\Pedro\AppData\Local\Python\pythoncore-3.14-64\Lib\pathlib\__init__.py
fn=drive
341 12500
cfl=C:\Users\Pedro\AppData\Local\Python\pythoncore-3.14-64\Lib\pathlib\__init__.py
cfn=_parse_path
calls=2 281
341 9000
cfl=C:\Users\Pedro\AppData\Local\Python\pythoncore-3.14-64\Lib\pathlib\__init__.py
cfn=_raw_path
calls=2 330
341 1400

fl=C:\Users\Pedro\AppData\Local\Python\pythoncore-3.14-64\Lib\pathlib\__init__.py
fn=root
350 200

fl=C:\Users\Pedro\AppData\Local\Python\pythoncore-3.14-64\Lib\pathlib\__init__.py
fn=_tail
359 400

fl=C:\Users\Pedro\AppData\Local\Python\pythoncore-3.14-64\Lib\pathlib\__init__.py
fn=parent
381 7000
cfl=C:\Users\Pedro\AppData\Local\Python\pythoncore-3.14-64\Lib\pathlib\__init__.py
cfn=_from_parsed_parts
calls=2 269
381 19800
cfl=C:\Users\Pedro\AppData\Local\Python\pythoncore-3.14-64\Lib\pathlib\__init__.py
cfn=drive
calls=2 341
381 22900
cfl=C:\Users\Pedro\AppData\Local\Python\pythoncore-3.14-64\Lib\pathlib\__init__.py
cfn=root
calls=2 350
381 200
cfl=C:\Users\Pedro\AppData\Local\Python\pythoncore-3.14-64\Lib\pathlib\__init__.py
cfn=_tail
calls=2 359
381 400

fl=C:\Users\Pedro\AppData\Local\Python\pythoncore-3.14-64\Lib\pathlib\__init__.py
fn=__new__
632 2700
cfl=~
cfn=<built-in method __new__ of type object at 0x00007FF929334D90>
calls=4 0
632 1900

fl=C:\Users\Pedro\AppData\Local\Python\pythoncore-3.14-64\Lib\pathlib\__init__.py
fn=is_dir
674 1900
cfl=~
cfn=<built-in method nt._path_isdir>
calls=2 0
674 123200

fl=C:\Users\Pedro\AppData\Local\Python\pythoncore-3.14-64\Lib\queue.py
fn=empty
112 11600
cfl=C:\Users\Pedro\AppData\Local\Python\pythoncore-3.14-64\Lib\queue.py
cfn=_qsize
calls=4 266
112 4000
cfl=~
cfn=<method '__enter__' of '_thread.lock' objects>
calls=4 0
112 2600
cfl=~
cfn=<method '__exit__' of '_thread.lock' objects>
calls=4 0
112 1600

fl=C:\Users\Pedro\AppData\Local\Python\pythoncore-3.14-64\Lib\queue.py
fn=_qsize
266 2800
cfl=~
cfn=<built-in method builtins.len>
calls=4 0
266 1200

fl=C:\Users\Pedro\AppData\Local\Python\pythoncore-3.14-64\Lib\random.py
fn=__init__
119 9300
cfl=C:\Users\Pedro\AppData\Local\Python\pythoncore-3.14-64\Lib\random.py
cfn=seed
calls=2 128
119 43500

fl=C:\Users\Pedro\AppData\Local\Python\pythoncore-3.14-64\Lib\random.py
fn=seed
128 15600
cfl=~
cfn=<built-in method builtins.isinstance>
calls=4 0
128 2400
cfl=~
cfn=<function Random.seed at 0x000002512830B060>
calls=2 0
128 25500

fl=C:\Users\Pedro\AppData\Local\Python\pythoncore-3.14-64\Lib\random.py
fn=choices
460 48100
cfl=~
cfn=<built-in method builtins.len>
calls=6 0
460 1900
cfl=~
cfn=<built-in method math.floor>
calls=48 0
460 7300
cfl=~
cfn=<method 'random' of '_random.Random' objects>
calls=48 0
460 8400

fl=C:\Users\Pedro\AppData\Local\Python\pythoncore-3.14-64\Lib\random.py
fn=getrandbits
901 3900
cfl=~
cfn=<built-in method from_bytes>
calls=1 0
901 800
cfl=~
cfn=<built-in method nt.urandom>
calls=1 0
901 5300

fl=C:\Users\Pedro\AppData\Local\Python\pythoncore-3.14-64\Lib\selectors.py
fn=_select
304 9000
cfl=~
cfn=<built-in method select.select>
calls=1 0
304 9500
cfl=~
cfn=<method '__exit__' of '_thread.RLock' objects>
calls=1 0
304 700

fl=C:\Users\Pedro\AppData\Local\Python\pythoncore-3.14-64\Lib\selectors.py
fn=select
310 29300
cfl=<frozen importlib._bootstrap>
cfn=_verbose_message
calls=3 494
310 400
cfl=<frozen importlib._bootstrap_external>
cfn=_relax_case
calls=1 67
310 1200
cfl=<frozen importlib._bootstrap_external>
cfn=_path_join
calls=3 101
310 27300
cfl=<frozen importlib._bootstrap_external>
cfn=_path_isfile
calls=1 164
310 69600
cfl=<frozen importlib._bootstrap_external>
cfn=_get_spec:1352
calls=1 1352
310 18600
cfl=<frozen ntpath>
cfn=join
calls=1 99
310 2100
cfl=C:\Users\Pedro\AppData\Local\Python\pythoncore-3.14-64\Lib\logging\__init__.py
cfn=__init__:601
calls=1 601
310 11100
cfl=C:\Users\Pedro\AppData\Local\Python\pythoncore-3.14-64\Lib\logging\__init__.py
cfn=setFormatter
calls=1 1030
310 200
cfl=C:\Users\Pedro\AppData\Local\Python\pythoncore-3.14-64\Lib\logging\__init__.py
cfn=__init__:1194
calls=1 1194
310 537500
cfl=C:\Users\Pedro\AppData\Local\Python\pythoncore-3.14-64\Lib\logging\__init__.py
cfn=setLevel
calls=1 1491
310 53000
cfl=C:\Users\Pedro\AppData\Local\Python\pythoncore-3.14-64\Lib\logging\__init__.py
cfn=addHandler
calls=1 1683
310 1500
cfl=C:\Users\Pedro\AppData\Local\Python\pythoncore-3.14-64\Lib\logging\__init__.py
cfn=getLogger:2130
calls=1 2130
310 26700
cfl=C:\Users\Pedro\AppData\Local\Python\pythoncore-3.14-64\Lib\selectors.py
cfn=_select
calls=1 304
310 12000
cfl=c:\Users\Pedro\faculdade\IniciacaoCientifica\grn\PythonCode\Modules\Handlers.py
cfn=run_path
calls=1 29
310 6000
cfl=~
cfn=<built-in method builtins.max>
calls=4 0
310 1800

fl=C:\Users\Pedro\AppData\Local\Python\pythoncore-3.14-64\Lib\subprocess.py
fn=__init__
199 9100

fl=C:\Users\Pedro\AppData\Local\Python\pythoncore-3.14-64\Lib\subprocess.py
fn=_optim_args_from_interpreter_flags
296 8200

fl=C:\Users\Pedro\AppData\Local\Python\pythoncore-3.14-64\Lib\subprocess.py
fn=_args_from_interpreter_flags
306 71600
cfl=C:\Users\Pedro\AppData\Local\Python\pythoncore-3.14-64\Lib\subprocess.py
cfn=_optim_args_from_interpreter_flags
calls=10 296
306 8200
cfl=~
cfn=<built-in method builtins.getattr>
calls=70 0
306 19800
cfl=~
cfn=<method 'items' of 'dict' objects>
calls=10 0
306 2900

fl=C:\Users\Pedro\AppData\Local\Python\pythoncore-3.14-64\Lib\tempfile.py
fn=_exists
76 9800
cfl=~
cfn=<built-in method nt.lstat>
calls=3 0
76 113600

fl=C:\Users\Pedro\AppData\Local\Python\pythoncore-3.14-64\Lib\tempfile.py
fn=rng
142 20400
cfl=C:\Users\Pedro\AppData\Local\Python\pythoncore-3.14-64\Lib\random.py
cfn=__init__
calls=2 119
142 52800
cfl=~
cfn=<built-in method builtins.getattr>
calls=6 0
142 2400
cfl=~
cfn=<built-in method nt.getpid>
calls=6 0
142 2100

fl=C:\Users\Pedro\AppData\Local\Python\pythoncore-3.14-64\Lib\tempfile.py
fn=__next__
153 21100
cfl=C:\Users\Pedro\AppData\Local\Python\pythoncore-3.14-64\Lib\random.py
cfn=choices
calls=6 460
153 65700
cfl=C:\Users\Pedro\AppData\Local\Python\pythoncore-3.14-64\Lib\tempfile.py
cfn=rng
calls=6 142
153 77700
cfl=~
cfn=<method 'join' of 'str' objects>
calls=6 0
153 3800

fl=C:\Users\Pedro\AppData\Local\Python\pythoncore-3.14-64\Lib\tempfile.py
fn=_get_candidate_names
230 4200
cfl=~
cfn=<method 'acquire' of '_thread.lock' objects>
calls=1 0
230 500
cfl=~
cfn=<method 'release' of '_thread.lock' objects>
calls=1 0
230 300

fl=C:\Users\Pedro\AppData\Local\Python\pythoncore-3.14-64\Lib\tempfile.py
fn=mktemp
401 25200
cfl=<frozen ntpath>
cfn=join
calls=3 99
401 19100
cfl=C:\Users\Pedro\AppData\Local\Python\pythoncore-3.14-64\Lib\tempfile.py
cfn=_exists
calls=3 76
401 123400
cfl=C:\Users\Pedro\AppData\Local\Python\pythoncore-3.14-64\Lib\tempfile.py
cfn=_get_candidate_names
calls=3 230
401 5000
cfl=~
cfn=<built-in method builtins.next>
calls=3 0
401 88800

fl=C:\Users\Pedro\AppData\Local\Python\pythoncore-3.14-64\Lib\textwrap.py
fn=dedent
416 142700
cfl=~
cfn=<built-in method builtins.max>
calls=54 0
416 9400
cfl=~
cfn=<built-in method builtins.min>
calls=54 0
416 12500
cfl=~
cfn=<method 'isspace' of 'str' objects>
calls=296 0
416 32200
cfl=~
cfn=<method 'join' of 'str' objects>
calls=54 0
416 8800
cfl=~
cfn=<method 'split' of 'str' objects>
calls=54 0
416 16800

fl=C:\Users\Pedro\AppData\Local\Python\pythoncore-3.14-64\Lib\textwrap.py
fn=indent
447 96000
cfl=C:\Users\Pedro\AppData\Local\Python\pythoncore-3.14-64\Lib\traceback.py
cfn=<lambda>:704
calls=58 704
447 4600
cfl=C:\Users\Pedro\AppData\Local\Python\pythoncore-3.14-64\Lib\traceback.py
cfn=<lambda>:998
calls=6 998
447 600
cfl=C:\Users\Pedro\AppData\Local\Python\pythoncore-3.14-64\Lib\traceback.py
cfn=<lambda>:1001
calls=100 1001
447 5600
cfl=~
cfn=<method 'append' of 'list' objects>
calls=328 0
447 26700
cfl=~
cfn=<method 'join' of 'str' objects>
calls=73 0
447 11600
cfl=~
cfn=<method 'splitlines' of 'str' objects>
calls=73 0
447 16300

fl=C:\Users\Pedro\AppData\Local\Python\pythoncore-3.14-64\Lib\threading.py
fn=RLock
126 2800

fl=C:\Users\Pedro\AppData\Local\Python\pythoncore-3.14-64\Lib\threading.py
fn=__init__:290
290 17800
cfl=~
cfn=<built-in method builtins.hasattr>
calls=12 0
290 3600

fl=C:\Users\Pedro\AppData\Local\Python\pythoncore-3.14-64\Lib\threading.py
fn=__enter__
313 6800
cfl=~
cfn=<method '__enter__' of '_thread.lock' objects>
calls=9 0
313 4900

fl=C:\Users\Pedro\AppData\Local\Python\pythoncore-3.14-64\Lib\threading.py
fn=__exit__
316 7200
cfl=~
cfn=<method '__exit__' of '_thread.lock' objects>
calls=8 0
316 1800

fl=C:\Users\Pedro\AppData\Local\Python\pythoncore-3.14-64\Lib\threading.py
fn=_release_save
322 2300
cfl=~
cfn=<method 'release' of '_thread.lock' objects>
calls=5 0
322 1300

fl=C:\Users\Pedro\AppData\Local\Python\pythoncore-3.14-64\Lib\threading.py
fn=_acquire_restore
325 3300
cfl=~
cfn=<method 'acquire' of '_thread.lock' objects>
calls=4 0
325 2300

fl=C:\Users\Pedro\AppData\Local\Python\pythoncore-3.14-64\Lib\threading.py
fn=_is_owned
328 7000
cfl=~
cfn=<method 'acquire' of '_thread.lock' objects>
calls=9 0
328 4800

fl=C:\Users\Pedro\AppData\Local\Python\pythoncore-3.14-64\Lib\threading.py
fn=wait:337
337 42100
cfl=C:\Users\Pedro\AppData\Local\Python\pythoncore-3.14-64\Lib\threading.py
cfn=_release_save
calls=5 322
337 3600
cfl=C:\Users\Pedro\AppData\Local\Python\pythoncore-3.14-64\Lib\threading.py
cfn=_is_owned
calls=5 328
337 6000
cfl=c:\Users\Pedro\faculdade\IniciacaoCientifica\grn\.env\Lib\site-packages\scipy\optimize\_differentialevolution.py
cfn=__exit__
calls=0 1553
337 0
cfl=~
cfn=<built-in method _thread.allocate_lock>
calls=5 0
337 1600
cfl=~
cfn=<built-in method builtins.len>
calls=1 0
337 500
cfl=~
cfn=<method '__exit__' of '_io._IOBase' objects>
calls=1 0
337 23100
cfl=~
cfn=<method 'acquire' of '_thread.lock' objects>
calls=5 0
337 100
cfl=~
cfn=<method 'append' of 'collections.deque' objects>
calls=5 0
337 1600
cfl=~
cfn=<method 'append' of 'list' objects>
calls=1 0
337 500
cfl=~
cfn=<method 'endswith' of 'str' objects>
calls=1 0
337 400

fl=C:\Users\Pedro\AppData\Local\Python\pythoncore-3.14-64\Lib\threading.py
fn=notify
408 16000
cfl=C:\Users\Pedro\AppData\Local\Python\pythoncore-3.14-64\Lib\threading.py
cfn=_is_owned
calls=4 328
408 5800
cfl=~
cfn=<method 'release' of '_thread.lock' objects>
calls=4 0
408 21600
cfl=~
cfn=<method 'remove' of 'collections.deque' objects>
calls=4 0
408 2000

fl=C:\Users\Pedro\AppData\Local\Python\pythoncore-3.14-64\Lib\threading.py
fn=notify_all
438 8300
cfl=C:\Users\Pedro\AppData\Local\Python\pythoncore-3.14-64\Lib\threading.py
cfn=notify
calls=4 408
438 45400
cfl=~
cfn=<built-in method builtins.len>
calls=4 0
438 2000

fl=C:\Users\Pedro\AppData\Local\Python\pythoncore-3.14-64\Lib\threading.py
fn=__init__:602
602 11600
cfl=C:\Users\Pedro\AppData\Local\Python\pythoncore-3.14-64\Lib\threading.py
cfn=__init__:290
calls=4 290
602 21400

fl=C:\Users\Pedro\AppData\Local\Python\pythoncore-3.14-64\Lib\threading.py
fn=is_set
615 2500

fl=C:\Users\Pedro\AppData\Local\Python\pythoncore-3.14-64\Lib\threading.py
fn=set
630 12600
cfl=C:\Users\Pedro\AppData\Local\Python\pythoncore-3.14-64\Lib\threading.py
cfn=__enter__
calls=4 313
630 6200
cfl=C:\Users\Pedro\AppData\Local\Python\pythoncore-3.14-64\Lib\threading.py
cfn=__exit__
calls=4 316
630 3900
cfl=C:\Users\Pedro\AppData\Local\Python\pythoncore-3.14-64\Lib\threading.py
cfn=notify_all
calls=4 438
630 55700

fl=C:\Users\Pedro\AppData\Local\Python\pythoncore-3.14-64\Lib\threading.py
fn=wait:651
651 31000
cfl=C:\Users\Pedro\AppData\Local\Python\pythoncore-3.14-64\Lib\threading.py
cfn=__enter__
calls=5 313
651 5500
cfl=C:\Users\Pedro\AppData\Local\Python\pythoncore-3.14-64\Lib\threading.py
cfn=_acquire_restore
calls=1 325
651 1400
cfl=C:\Users\Pedro\AppData\Local\Python\pythoncore-3.14-64\Lib\threading.py
cfn=wait:337
calls=0 337
651 0
cfl=~
cfn=<method 'cancel' of '_winapi.Overlapped' objects>
calls=0 0
651 0
cfl=~
cfn=<method 'update' of 'set' objects>
calls=1 0
651 7200

fl=C:\Users\Pedro\AppData\Local\Python\pythoncore-3.14-64\Lib\threading.py
fn=_newname
854 6900

fl=C:\Users\Pedro\AppData\Local\Python\pythoncore-3.14-64\Lib\threading.py
fn=__init__:880
880 36300
cfl=C:\Users\Pedro\AppData\Local\Python\pythoncore-3.14-64\Lib\_weakrefset.py
cfn=add
calls=3 45
880 8000
cfl=C:\Users\Pedro\AppData\Local\Python\pythoncore-3.14-64\Lib\threading.py
cfn=__init__:602
calls=3 602
880 24000
cfl=C:\Users\Pedro\AppData\Local\Python\pythoncore-3.14-64\Lib\threading.py
cfn=_newname
calls=3 854
880 6900
cfl=C:\Users\Pedro\AppData\Local\Python\pythoncore-3.14-64\Lib\threading.py
cfn=daemon:1188
calls=3 1188
880 900
cfl=C:\Users\Pedro\AppData\Local\Python\pythoncore-3.14-64\Lib\threading.py
cfn=_make_invoke_excepthook
calls=3 1308
880 6100
cfl=C:\Users\Pedro\AppData\Local\Python\pythoncore-3.14-64\Lib\threading.py
cfn=current_thread
calls=3 1470
880 4900

fl=C:\Users\Pedro\AppData\Local\Python\pythoncore-3.14-64\Lib\threading.py
fn=start
975 12900
cfl=C:\Users\Pedro\AppData\Local\Python\pythoncore-3.14-64\Lib\multiprocessing\process.py
cfn=terminate
calls=10 135
975 752900
cfl=C:\Users\Pedro\AppData\Local\Python\pythoncore-3.14-64\Lib\multiprocessing\process.py
cfn=join
calls=1 149
975 1444000
cfl=C:\Users\Pedro\AppData\Local\Python\pythoncore-3.14-64\Lib\multiprocessing\process.py
cfn=is_alive
calls=10 160
975 52600
cfl=C:\Users\Pedro\AppData\Local\Python\pythoncore-3.14-64\Lib\multiprocessing\process.py
cfn=exitcode
calls=10 231
975 65400
cfl=C:\Users\Pedro\AppData\Local\Python\pythoncore-3.14-64\Lib\multiprocessing\process.py
cfn=ident
calls=1 241
975 1600
cfl=C:\Users\Pedro\AppData\Local\Python\pythoncore-3.14-64\Lib\multiprocessing\util.py
cfn=debug
calls=5 49
975 1100
cfl=C:\Users\Pedro\AppData\Local\Python\pythoncore-3.14-64\Lib\threading.py
cfn=is_set
calls=3 615
975 400
cfl=C:\Users\Pedro\AppData\Local\Python\pythoncore-3.14-64\Lib\threading.py
cfn=wait:651
calls=0 651
975 0
cfl=C:\Users\Pedro\AppData\Local\Python\pythoncore-3.14-64\Lib\threading.py
cfn=join
calls=2 1097
975 16900
cfl=C:\Users\Pedro\AppData\Local\Python\pythoncore-3.14-64\Lib\threading.py
cfn=daemon:1188
calls=3 1188
975 1800
cfl=C:\Users\Pedro\AppData\Local\Python\pythoncore-3.14-64\Lib\threading.py
cfn=current_thread
calls=2 1470
975 2900
cfl=~
cfn=<built-in method _thread.start_joinable_thread>
calls=3 0
975 116700
cfl=~
cfn=<built-in method builtins.hasattr>
calls=2 0
975 2500
cfl=~
cfn=<method '__enter__' of '_thread.RLock' objects>
calls=3 0
975 1600
cfl=~
cfn=<method '__exit__' of '_thread.RLock' objects>
calls=3 0
975 1200

fl=C:\Users\Pedro\AppData\Local\Python\pythoncore-3.14-64\Lib\threading.py
fn=run
1013 21500
cfl=C:\Users\Pedro\AppData\Local\Python\pythoncore-3.14-64\Lib\multiprocessing\connection.py
cfn=send
calls=10 208
1013 116000
cfl=C:\Users\Pedro\AppData\Local\Python\pythoncore-3.14-64\Lib\multiprocessing\pool.py
cfn=_handle_workers
calls=0 506
1013 0
cfl=C:\Users\Pedro\AppData\Local\Python\pythoncore-3.14-64\Lib\multiprocessing\pool.py
cfn=_handle_tasks
calls=0 527
1013 0
cfl=C:\Users\Pedro\AppData\Local\Python\pythoncore-3.14-64\Lib\multiprocessing\pool.py
cfn=_handle_results
calls=0 573
1013 0
cfl=C:\Users\Pedro\AppData\Local\Python\pythoncore-3.14-64\Lib\multiprocessing\queues.py
cfn=put
calls=1 389
1013 53200
cfl=C:\Users\Pedro\AppData\Local\Python\pythoncore-3.14-64\Lib\multiprocessing\util.py
cfn=debug
calls=4 49
1013 1000
cfl=C:\Users\Pedro\AppData\Local\Python\pythoncore-3.14-64\Lib\multiprocessing\util.py
cfn=__init__
calls=1 257
1013 7000
cfl=C:\Users\Pedro\AppData\Local\Python\pythoncore-3.14-64\Lib\threading.py
cfn=_acquire_restore
calls=1 325
1013 1300

fl=C:\Users\Pedro\AppData\Local\Python\pythoncore-3.14-64\Lib\threading.py
fn=_bootstrap
1030 335000
cfl=C:\Users\Pedro\AppData\Local\Python\pythoncore-3.14-64\Lib\threading.py
cfn=__init__:880
calls=1 880
1030 20700
cfl=C:\Users\Pedro\AppData\Local\Python\pythoncore-3.14-64\Lib\threading.py
cfn=start
calls=0 975
1030 0
cfl=C:\Users\Pedro\AppData\Local\Python\pythoncore-3.14-64\Lib\threading.py
cfn=_bootstrap_inner
calls=0 1065
1030 0
cfl=C:\Users\Pedro\AppData\Local\Python\pythoncore-3.14-64\Lib\threading.py
cfn=_delete
calls=1 1088
1030 2800
cfl=C:\Users\Pedro\AppData\Local\Python\pythoncore-3.14-64\Lib\threading.py
cfn=daemon:1203
calls=1 1203
1030 2300
cfl=c:\Users\Pedro\faculdade\IniciacaoCientifica\grn\.env\Lib\site-packages\numpy\_core\_ufunc_config.py
cfn=__init__
calls=1 462
1030 400
cfl=c:\Users\Pedro\faculdade\IniciacaoCientifica\grn\.env\Lib\site-packages\numpy\_core\_ufunc_config.py
cfn=__enter__
calls=1 472
1030 8500
cfl=c:\Users\Pedro\faculdade\IniciacaoCientifica\grn\.env\Lib\site-packages\numpy\_core\_ufunc_config.py
cfn=__exit__
calls=1 488
1030 4300
cfl=c:\Users\Pedro\faculdade\IniciacaoCientifica\grn\.env\Lib\site-packages\numpy\_core\fromnumeric.py
cfn=_sum_dispatcher
calls=1 2299
1030 200
cfl=c:\Users\Pedro\faculdade\IniciacaoCientifica\grn\.env\Lib\site-packages\numpy\_core\fromnumeric.py
cfn=sum
calls=1 2304
1030 27500
cfl=c:\Users\Pedro\faculdade\IniciacaoCientifica\grn\.env\Lib\site-packages\numpy\_core\fromnumeric.py
cfn=_any_dispatcher
calls=3 2431
1030 1600
cfl=c:\Users\Pedro\faculdade\IniciacaoCientifica\grn\.env\Lib\site-packages\numpy\_core\fromnumeric.py
cfn=any
calls=3 2436
1030 42900
cfl=c:\Users\Pedro\faculdade\IniciacaoCientifica\grn\.env\Lib\site-packages\numpy\_core\fromnumeric.py
cfn=_all_dispatcher
calls=2 2543
1030 500
cfl=c:\Users\Pedro\faculdade\IniciacaoCientifica\grn\.env\Lib\site-packages\numpy\_core\fromnumeric.py
cfn=all
calls=2 2548
1030 44700
cfl=c:\Users\Pedro\faculdade\IniciacaoCientifica\grn\.env\Lib\site-packages\numpy\_core\fromnumeric.py
cfn=_size_dispatcher
calls=2 3521
1030 400
cfl=c:\Users\Pedro\faculdade\IniciacaoCientifica\grn\.env\Lib\site-packages\numpy\_core\fromnumeric.py
cfn=size
calls=2 3525
1030 57600
cfl=c:\Users\Pedro\faculdade\IniciacaoCientifica\grn\.env\Lib\site-packages\numpy\_core\numeric.py
cfn=ones
calls=1 170
1030 5800
cfl=c:\Users\Pedro\faculdade\IniciacaoCientifica\grn\.env\Lib\site-packages\numpy\_core\numeric.py
cfn=_count_nonzero_dispatcher
calls=1 479
1030 200
cfl=c:\Users\Pedro\faculdade\IniciacaoCientifica\grn\.env\Lib\site-packages\numpy\_core\numeric.py
cfn=count_nonzero
calls=1 483
1030 3600
cfl=c:\Users\Pedro\faculdade\IniciacaoCientifica\grn\.env\Lib\site-packages\scipy\_lib\_util.py
cfn=check_random_state
calls=1 393
1030 276100
cfl=c:\Users\Pedro\faculdade\IniciacaoCientifica\grn\.env\Lib\site-packages\scipy\_lib\_util.py
cfn=__init__:583
calls=1 583
1030 800
cfl=c:\Users\Pedro\faculdade\IniciacaoCientifica\grn\.env\Lib\site-packages\scipy\optimize\_differentialevolution.py
cfn=init_population_lhs
calls=1 1032
1030 1947700
cfl=~
cfn=<built-in method builtins.hasattr>
calls=2 0
1030 1700
cfl=~
cfn=<built-in method builtins.isinstance>
calls=2 0
1030 800
cfl=~
cfn=<built-in method builtins.max>
calls=2 0
1030 1500
cfl=~
cfn=<built-in method numpy.arange>
calls=1 0
1030 5300
cfl=~
cfn=<built-in method numpy.array>
calls=3 0
1030 11100
cfl=~
cfn=<built-in method numpy.zeros>
calls=1 0
1030 1300

fl=C:\Users\Pedro\AppData\Local\Python\pythoncore-3.14-64\Lib\threading.py
fn=_set_ident
1050 4100
cfl=~
cfn=<built-in method _thread.get_ident>
calls=3 0
1050 1700

fl=C:\Users\Pedro\AppData\Local\Python\pythoncore-3.14-64\Lib\threading.py
fn=_set_native_id
1054 4600
cfl=~
cfn=<built-in method _thread.get_native_id>
calls=3 0
1054 1200

fl=C:\Users\Pedro\AppData\Local\Python\pythoncore-3.14-64\Lib\threading.py
fn=_set_os_name
1057 4400
cfl=~
cfn=<built-in method _thread.set_name>
calls=3 0
1057 7100

fl=C:\Users\Pedro\AppData\Local\Python\pythoncore-3.14-64\Lib\threading.py
fn=_bootstrap_inner
1065 26300
cfl=C:\Users\Pedro\AppData\Local\Python\pythoncore-3.14-64\Lib\threading.py
cfn=set
calls=3 630
1065 61800
cfl=C:\Users\Pedro\AppData\Local\Python\pythoncore-3.14-64\Lib\threading.py
cfn=_set_ident
calls=3 1050
1065 5800
cfl=C:\Users\Pedro\AppData\Local\Python\pythoncore-3.14-64\Lib\threading.py
cfn=_set_native_id
calls=3 1054
1065 5800
cfl=C:\Users\Pedro\AppData\Local\Python\pythoncore-3.14-64\Lib\threading.py
cfn=_set_os_name
calls=3 1057
1065 11500
cfl=~
cfn=<method '__enter__' of '_thread.RLock' objects>
calls=3 0
1065 1200
cfl=~
cfn=<method '__exit__' of '_thread.RLock' objects>
calls=3 0
1065 1700
cfl=~
cfn=<method 'run' of '_contextvars.Context' objects>
calls=0 0
1065 0

fl=C:\Users\Pedro\AppData\Local\Python\pythoncore-3.14-64\Lib\threading.py
fn=_delete
1088 8200
cfl=~
cfn=<built-in method _thread.get_ident>
calls=3 0
1088 900
cfl=~
cfn=<method '__enter__' of '_thread.RLock' objects>
calls=3 0
1088 1700
cfl=~
cfn=<method '__exit__' of '_thread.RLock' objects>
calls=3 0
1088 1200

fl=C:\Users\Pedro\AppData\Local\Python\pythoncore-3.14-64\Lib\threading.py
fn=join
1097 9500
cfl=C:\Users\Pedro\AppData\Local\Python\pythoncore-3.14-64\Lib\threading.py
cfn=is_set
calls=3 615
1097 500
cfl=C:\Users\Pedro\AppData\Local\Python\pythoncore-3.14-64\Lib\threading.py
cfn=current_thread
calls=3 1470
1097 2900
cfl=~
cfn=<method 'GetOverlappedResult' of '_winapi.Overlapped' objects>
calls=1 0
1097 3500
cfl=~
cfn=<method 'getbuffer' of '_winapi.Overlapped' objects>
calls=1 0
1097 300
cfl=~
cfn=<method 'join' of '_thread._ThreadHandle' objects>
calls=2 0
1097 0
cfl=~
cfn=<method 'write' of '_io.BytesIO' objects>
calls=1 0
1097 600

fl=C:\Users\Pedro\AppData\Local\Python\pythoncore-3.14-64\Lib\threading.py
fn=name
1135 2300

fl=C:\Users\Pedro\AppData\Local\Python\pythoncore-3.14-64\Lib\threading.py
fn=is_alive
1177 7600
cfl=C:\Users\Pedro\AppData\Local\Python\pythoncore-3.14-64\Lib\threading.py
cfn=is_set
calls=4 615
1177 600
cfl=~
cfn=<method 'is_done' of '_thread._ThreadHandle' objects>
calls=4 0
1177 1800

fl=C:\Users\Pedro\AppData\Local\Python\pythoncore-3.14-64\Lib\threading.py
fn=daemon:1188
1188 2700

fl=C:\Users\Pedro\AppData\Local\Python\pythoncore-3.14-64\Lib\threading.py
fn=daemon:1203
1203 6800
cfl=C:\Users\Pedro\AppData\Local\Python\pythoncore-3.14-64\Lib\threading.py
cfn=is_set
calls=3 615
1203 800
cfl=~
cfn=<built-in method _thread.daemon_threads_allowed>
calls=3 0
1203 1400

fl=C:\Users\Pedro\AppData\Local\Python\pythoncore-3.14-64\Lib\threading.py
fn=_make_invoke_excepthook
1308 6100

fl=C:\Users\Pedro\AppData\Local\Python\pythoncore-3.14-64\Lib\threading.py
fn=current_thread
1470 17700
cfl=~
cfn=<built-in method _thread.get_ident>
calls=20 0
1470 5800

fl=C:\Users\Pedro\AppData\Local\Python\pythoncore-3.14-64\Lib\tokenize.py
fn=detect_encoding
358 43500
cfl=C:\Users\Pedro\AppData\Local\Python\pythoncore-3.14-64\Lib\tokenize.py
cfn=read_or_stop
calls=9 382
358 278900
cfl=C:\Users\Pedro\AppData\Local\Python\pythoncore-3.14-64\Lib\tokenize.py
cfn=check
calls=6 388
358 9300
cfl=C:\Users\Pedro\AppData\Local\Python\pythoncore-3.14-64\Lib\tokenize.py
cfn=find_cookie
calls=9 400
358 26800
cfl=~
cfn=<method 'match' of 're.Pattern' objects>
calls=6 0
358 9700
cfl=~
cfn=<method 'startswith' of 'bytes' objects>
calls=6 0
358 3300

fl=C:\Users\Pedro\AppData\Local\Python\pythoncore-3.14-64\Lib\tokenize.py
fn=read_or_stop
382 6800
cfl=~
cfn=<method 'readline' of '_io.BufferedReader' objects>
calls=9 0
382 272100

fl=C:\Users\Pedro\AppData\Local\Python\pythoncore-3.14-64\Lib\tokenize.py
fn=check
388 5900
cfl=~
cfn=<method 'decode' of 'bytes' objects>
calls=6 0
388 3400

fl=C:\Users\Pedro\AppData\Local\Python\pythoncore-3.14-64\Lib\tokenize.py
fn=find_cookie
400 12000
cfl=~
cfn=<method 'match' of 're.Pattern' objects>
calls=9 0
400 14800

fl=C:\Users\Pedro\AppData\Local\Python\pythoncore-3.14-64\Lib\tokenize.py
fn=open
457 83400
cfl=<frozen codecs>
cfn=__init__:312
calls=6 312
457 7700
cfl=C:\Users\Pedro\AppData\Local\Python\pythoncore-3.14-64\Lib\tokenize.py
cfn=detect_encoding
calls=6 358
457 371500
cfl=~
cfn=<built-in method _io.open>
calls=6 0
457 22828900
cfl=~
cfn=<method 'seek' of '_io.BufferedReader' objects>
calls=6 0
457 3700

fl=C:\Users\Pedro\AppData\Local\Python\pythoncore-3.14-64\Lib\traceback.py
fn=_parse_value_tb
104 2900
cfl=~
cfn=<built-in method builtins.isinstance>
calls=1 0
104 300

fl=C:\Users\Pedro\AppData\Local\Python\pythoncore-3.14-64\Lib\traceback.py
fn=print_exception
119 21500
cfl=C:\Users\Pedro\AppData\Local\Python\pythoncore-3.14-64\Lib\traceback.py
cfn=_parse_value_tb
calls=1 104
119 600
cfl=C:\Users\Pedro\AppData\Local\Python\pythoncore-3.14-64\Lib\traceback.py
cfn=__init__:1044
calls=1 1044
119 24438700
cfl=C:\Users\Pedro\AppData\Local\Python\pythoncore-3.14-64\Lib\traceback.py
cfn=print
calls=1 1569
119 1240500
cfl=~
cfn=<method 'get' of 'dict' objects>
calls=1 0
119 400

fl=C:\Users\Pedro\AppData\Local\Python\pythoncore-3.14-64\Lib\traceback.py
fn=format_exception
146 11600
cfl=C:\Users\Pedro\AppData\Local\Python\pythoncore-3.14-64\Lib\traceback.py
cfn=_parse_value_tb
calls=1 104
146 2600
cfl=C:\Users\Pedro\AppData\Local\Python\pythoncore-3.14-64\Lib\traceback.py
cfn=__init__:1044
calls=1 1044
146 662400
cfl=C:\Users\Pedro\AppData\Local\Python\pythoncore-3.14-64\Lib\traceback.py
cfn=format:1468
calls=27 1468
146 1924200
cfl=~
cfn=<method 'get' of 'dict' objects>
calls=1 0
146 300

fl=C:\Users\Pedro\AppData\Local\Python\pythoncore-3.14-64\Lib\traceback.py
fn=_format_final_exc_line
186 5900
cfl=C:\Users\Pedro\AppData\Local\Python\pythoncore-3.14-64\Lib\_colorize.py
cfn=get_theme
calls=3 322
186 500
cfl=C:\Users\Pedro\AppData\Local\Python\pythoncore-3.14-64\Lib\traceback.py
cfn=_safe_string
calls=3 200
186 1000

fl=C:\Users\Pedro\AppData\Local\Python\pythoncore-3.14-64\Lib\traceback.py
fn=_safe_string
200 3800

fl=C:\Users\Pedro\AppData\Local\Python\pythoncore-3.14-64\Lib\traceback.py
fn=format_exc
212 8500
cfl=C:\Users\Pedro\AppData\Local\Python\pythoncore-3.14-64\Lib\traceback.py
cfn=format_exception
calls=1 146
212 2601100
cfl=~
cfn=<built-in method sys.exception>
calls=1 0
212 400
cfl=~
cfn=<method 'join' of 'str' objects>
calls=1 0
212 1200

fl=C:\Users\Pedro\AppData\Local\Python\pythoncore-3.14-64\Lib\traceback.py
fn=__init__:295
295 9300
cfl=~
cfn=<method 'get' of 'dict' objects>
calls=27 0
295 3100

fl=C:\Users\Pedro\AppData\Local\Python\pythoncore-3.14-64\Lib\traceback.py
fn=_set_lines
344 81100
cfl=C:\Users\Pedro\AppData\Local\Python\pythoncore-3.14-64\Lib\linecache.py
cfn=getline
calls=65 22
344 24203700
cfl=~
cfn=<method 'append' of 'list' objects>
calls=65 0
344 7800
cfl=~
cfn=<method 'join' of 'str' objects>
calls=27 0
344 5900
cfl=~
cfn=<method 'rstrip' of 'str' objects>
calls=65 0
344 10600
cfl=~
cfn=<method 'startswith' of 'str' objects>
calls=2 0
344 400

fl=C:\Users\Pedro\AppData\Local\Python\pythoncore-3.14-64\Lib\traceback.py
fn=_original_lines
359 7200
cfl=C:\Users\Pedro\AppData\Local\Python\pythoncore-3.14-64\Lib\traceback.py
cfn=_set_lines
calls=27 344
359 1700

fl=C:\Users\Pedro\AppData\Local\Python\pythoncore-3.14-64\Lib\traceback.py
fn=_dedented_lines
365 34200
cfl=C:\Users\Pedro\AppData\Local\Python\pythoncore-3.14-64\Lib\textwrap.py
cfn=dedent
calls=27 416
365 118600
cfl=C:\Users\Pedro\AppData\Local\Python\pythoncore-3.14-64\Lib\traceback.py
cfn=_set_lines
calls=81 344
365 7200

fl=C:\Users\Pedro\AppData\Local\Python\pythoncore-3.14-64\Lib\traceback.py
fn=line
373 39600
cfl=C:\Users\Pedro\AppData\Local\Python\pythoncore-3.14-64\Lib\traceback.py
cfn=_set_lines
calls=54 344
373 24300600
cfl=~
cfn=<method 'partition' of 'str' objects>
calls=54 0
373 11600
cfl=~
cfn=<method 'strip' of 'str' objects>
calls=54 0
373 8600

fl=C:\Users\Pedro\AppData\Local\Python\pythoncore-3.14-64\Lib\traceback.py
fn=_walk_tb_with_full_positions
410 23300
cfl=C:\Users\Pedro\AppData\Local\Python\pythoncore-3.14-64\Lib\traceback.py
cfn=_get_code_position
calls=27 424
410 232300

fl=C:\Users\Pedro\AppData\Local\Python\pythoncore-3.14-64\Lib\traceback.py
fn=_get_code_position
424 22100
cfl=~
cfn=<built-in method builtins.next>
calls=27 0
424 203200
cfl=~
cfn=<method 'co_positions' of 'code' objects>
calls=27 0
424 7000

fl=C:\Users\Pedro\AppData\Local\Python\pythoncore-3.14-64\Lib\traceback.py
fn=_extract_from_extended_frame_gen
459 88700
cfl=C:\Users\Pedro\AppData\Local\Python\pythoncore-3.14-64\Lib\linecache.py
cfn=checkcache
calls=14 74
459 269900
cfl=C:\Users\Pedro\AppData\Local\Python\pythoncore-3.14-64\Lib\linecache.py
cfn=lazycache
calls=27 200
459 40900
cfl=C:\Users\Pedro\AppData\Local\Python\pythoncore-3.14-64\Lib\traceback.py
cfn=__init__:295
calls=27 295
459 12400
cfl=C:\Users\Pedro\AppData\Local\Python\pythoncore-3.14-64\Lib\traceback.py
cfn=line
calls=27 373
459 24338600
cfl=C:\Users\Pedro\AppData\Local\Python\pythoncore-3.14-64\Lib\traceback.py
cfn=_walk_tb_with_full_positions
calls=30 410
459 255600
cfl=~
cfn=<built-in method builtins.getattr>
calls=3 0
459 1900
cfl=~
cfn=<method 'add' of 'set' objects>
calls=27 0
459 4900
cfl=~
cfn=<method 'append' of 'list' objects>
calls=27 0
459 3900

fl=C:\Users\Pedro\AppData\Local\Python\pythoncore-3.14-64\Lib\traceback.py
fn=format_frame_summary
528 400800
cfl=C:\Users\Pedro\AppData\Local\Python\pythoncore-3.14-64\Lib\_colorize.py
cfn=get_theme
calls=27 322
528 3100
cfl=C:\Users\Pedro\AppData\Local\Python\pythoncore-3.14-64\Lib\contextlib.py
cfn=__init__
calls=27 444
528 3000
cfl=C:\Users\Pedro\AppData\Local\Python\pythoncore-3.14-64\Lib\contextlib.py
cfn=__enter__
calls=27 447
528 2700
cfl=C:\Users\Pedro\AppData\Local\Python\pythoncore-3.14-64\Lib\contextlib.py
cfn=__exit__:450
calls=27 450
528 2600
cfl=C:\Users\Pedro\AppData\Local\Python\pythoncore-3.14-64\Lib\textwrap.py
cfn=dedent
calls=27 416
528 103800
cfl=C:\Users\Pedro\AppData\Local\Python\pythoncore-3.14-64\Lib\textwrap.py
cfn=indent
calls=27 447
528 65500
cfl=C:\Users\Pedro\AppData\Local\Python\pythoncore-3.14-64\Lib\traceback.py
cfn=_original_lines
calls=27 359
528 8900
cfl=C:\Users\Pedro\AppData\Local\Python\pythoncore-3.14-64\Lib\traceback.py
cfn=_dedented_lines
calls=81 365
528 160000
cfl=C:\Users\Pedro\AppData\Local\Python\pythoncore-3.14-64\Lib\traceback.py
cfn=output_line
calls=38 640
528 213800
cfl=C:\Users\Pedro\AppData\Local\Python\pythoncore-3.14-64\Lib\traceback.py
cfn=_should_show_carets
calls=27 712
528 979400
cfl=C:\Users\Pedro\AppData\Local\Python\pythoncore-3.14-64\Lib\traceback.py
cfn=_byte_offset_to_character_offset
calls=54 794
528 54000
cfl=C:\Users\Pedro\AppData\Local\Python\pythoncore-3.14-64\Lib\traceback.py
cfn=_extract_caret_anchors_from_line_segment
calls=27 812
528 702200
cfl=C:\Users\Pedro\AppData\Local\Python\pythoncore-3.14-64\Lib\traceback.py
cfn=_display_width
calls=100 960
528 29600
cfl=~
cfn=<built-in method builtins.len>
calls=162 0
528 14000
cfl=~
cfn=<built-in method builtins.max>
calls=54 0
528 6800
cfl=~
cfn=<built-in method builtins.sorted>
calls=27 0
528 8600
cfl=~
cfn=<method 'append' of 'list' objects>
calls=57 0
528 5400
cfl=~
cfn=<method 'discard' of 'set' objects>
calls=54 0
528 7600
cfl=~
cfn=<method 'format' of 'str' objects>
calls=27 0
528 18700
cfl=~
cfn=<method 'get' of 'dict' objects>
calls=27 0
528 3700
cfl=~
cfn=<method 'join' of 'str' objects>
calls=81 0
528 12200
cfl=~
cfn=<method 'splitlines' of 'str' objects>
calls=54 0
528 12200
cfl=~
cfn=<method 'startswith' of 'str' objects>
calls=27 0
528 3800
cfl=~
cfn=<method 'strip' of 'str' objects>
calls=27 0
528 4800
cfl=~
cfn=<method 'update' of 'set' objects>
calls=46 0
528 10800

fl=C:\Users\Pedro\AppData\Local\Python\pythoncore-3.14-64\Lib\traceback.py
fn=output_line
640 150600
cfl=C:\Users\Pedro\AppData\Local\Python\pythoncore-3.14-64\Lib\traceback.py
cfn=_display_width
calls=2 960
640 1000
cfl=~
cfn=<built-in method builtins.len>
calls=51 0
640 3900
cfl=~
cfn=<method 'append' of 'list' objects>
calls=664 0
640 51600
cfl=~
cfn=<method 'join' of 'str' objects>
calls=17 0
640 4100
cfl=~
cfn=<method 'lstrip' of 'str' objects>
calls=17 0
640 2600

fl=C:\Users\Pedro\AppData\Local\Python\pythoncore-3.14-64\Lib\traceback.py
fn=<lambda>:704
704 4600

fl=C:\Users\Pedro\AppData\Local\Python\pythoncore-3.14-64\Lib\traceback.py
fn=_should_show_carets
712 79700
cfl=C:\Users\Pedro\AppData\Local\Python\pythoncore-3.14-64\Lib\ast.py
cfn=parse
calls=27 26
712 875900
cfl=C:\Users\Pedro\AppData\Local\Python\pythoncore-3.14-64\Lib\contextlib.py
cfn=__init__
calls=27 444
712 2800
cfl=C:\Users\Pedro\AppData\Local\Python\pythoncore-3.14-64\Lib\contextlib.py
cfn=__enter__
calls=27 447
712 2100
cfl=C:\Users\Pedro\AppData\Local\Python\pythoncore-3.14-64\Lib\contextlib.py
cfn=__exit__:450
calls=27 450
712 4800
cfl=C:\Users\Pedro\AppData\Local\Python\pythoncore-3.14-64\Lib\traceback.py
cfn=_spawns_full_line
calls=9 720
712 5400
cfl=~
cfn=<built-in method builtins.isinstance>
calls=13 0
712 2300
cfl=~
cfn=<built-in method builtins.len>
calls=7 0
712 800
cfl=~
cfn=<method 'join' of 'str' objects>
calls=27 0
712 4100
cfl=~
cfn=<method 'lstrip' of 'str' objects>
calls=4 0
712 1000
cfl=~
cfn=<method 'rstrip' of 'str' objects>
calls=3 0
712 500

fl=C:\Users\Pedro\AppData\Local\Python\pythoncore-3.14-64\Lib\traceback.py
fn=_spawns_full_line
720 4700
cfl=~
cfn=<built-in method builtins.len>
calls=9 0
720 700

fl=C:\Users\Pedro\AppData\Local\Python\pythoncore-3.14-64\Lib\traceback.py
fn=format:745
745 48800
cfl=C:\Users\Pedro\AppData\Local\Python\pythoncore-3.14-64\Lib\traceback.py
cfn=format_frame_summary
calls=27 528
745 2838000
cfl=~
cfn=<method 'append' of 'list' objects>
calls=27 0
745 2600
cfl=~
cfn=<method 'get' of 'dict' objects>
calls=3 0
745 300

fl=C:\Users\Pedro\AppData\Local\Python\pythoncore-3.14-64\Lib\traceback.py
fn=_byte_offset_to_character_offset
794 56800
cfl=~
cfn=<built-in method builtins.len>
calls=100 0
794 7900
cfl=~
cfn=<method 'decode' of 'bytes' objects>
calls=100 0
794 17600
cfl=~
cfn=<method 'encode' of 'str' objects>
calls=100 0
794 14100

fl=C:\Users\Pedro\AppData\Local\Python\pythoncore-3.14-64\Lib\traceback.py
fn=_extract_caret_anchors_from_line_segment
812 104100
cfl=<string>
cfn=<lambda>:1
calls=23 1
812 12600
cfl=C:\Users\Pedro\AppData\Local\Python\pythoncore-3.14-64\Lib\ast.py
cfn=parse
calls=27 26
812 461700
cfl=C:\Users\Pedro\AppData\Local\Python\pythoncore-3.14-64\Lib\traceback.py
cfn=increment_until
calls=23 878
812 12700
cfl=C:\Users\Pedro\AppData\Local\Python\pythoncore-3.14-64\Lib\traceback.py
cfn=setup_positions
calls=46 890
812 102900
cfl=~
cfn=<built-in method builtins.len>
calls=24 0
812 2100
cfl=~
cfn=<method 'splitlines' of 'str' objects>
calls=24 0
812 6100

fl=C:\Users\Pedro\AppData\Local\Python\pythoncore-3.14-64\Lib\traceback.py
fn=normalize
851 14300
cfl=C:\Users\Pedro\AppData\Local\Python\pythoncore-3.14-64\Lib\traceback.py
cfn=_byte_offset_to_character_offset
calls=46 794
851 42400

fl=C:\Users\Pedro\AppData\Local\Python\pythoncore-3.14-64\Lib\traceback.py
fn=next_valid_char
855 14100
cfl=~
cfn=<built-in method builtins.len>
calls=92 0
855 6900

fl=C:\Users\Pedro\AppData\Local\Python\pythoncore-3.14-64\Lib\traceback.py
fn=increment_until
878 9500
cfl=C:\Users\Pedro\AppData\Local\Python\pythoncore-3.14-64\Lib\traceback.py
cfn=<lambda>:951
calls=23 951
878 3200

fl=C:\Users\Pedro\AppData\Local\Python\pythoncore-3.14-64\Lib\traceback.py
fn=setup_positions
890 25200
cfl=C:\Users\Pedro\AppData\Local\Python\pythoncore-3.14-64\Lib\traceback.py
cfn=normalize
calls=46 851
890 56700
cfl=C:\Users\Pedro\AppData\Local\Python\pythoncore-3.14-64\Lib\traceback.py
cfn=next_valid_char
calls=23 855
890 21000

fl=C:\Users\Pedro\AppData\Local\Python\pythoncore-3.14-64\Lib\traceback.py
fn=<lambda>:951
951 3200

fl=C:\Users\Pedro\AppData\Local\Python\pythoncore-3.14-64\Lib\traceback.py
fn=_display_width
960 20300
cfl=~
cfn=<built-in method builtins.len>
calls=2 0
960 200
cfl=~
cfn=<method 'isascii' of 'str' objects>
calls=102 0
960 10100

fl=C:\Users\Pedro\AppData\Local\Python\pythoncore-3.14-64\Lib\traceback.py
fn=__init__:982
982 2000

fl=C:\Users\Pedro\AppData\Local\Python\pythoncore-3.14-64\Lib\traceback.py
fn=indent
987 3700

fl=C:\Users\Pedro\AppData\Local\Python\pythoncore-3.14-64\Lib\traceback.py
fn=emit
990 35400
cfl=C:\Users\Pedro\AppData\Local\Python\pythoncore-3.14-64\Lib\textwrap.py
cfn=indent
calls=46 447
990 95900
cfl=C:\Users\Pedro\AppData\Local\Python\pythoncore-3.14-64\Lib\traceback.py
cfn=indent
calls=10 987
990 3700
cfl=C:\Users\Pedro\AppData\Local\Python\pythoncore-3.14-64\Lib\traceback.py
cfn=format_exception_only
calls=18 1226
990 76800
cfl=~
cfn=<built-in method builtins.isinstance>
calls=10 0
990 2100

fl=C:\Users\Pedro\AppData\Local\Python\pythoncore-3.14-64\Lib\traceback.py
fn=<lambda>:998
998 600

fl=C:\Users\Pedro\AppData\Local\Python\pythoncore-3.14-64\Lib\traceback.py
fn=<lambda>:1001
1001 5600

fl=C:\Users\Pedro\AppData\Local\Python\pythoncore-3.14-64\Lib\traceback.py
fn=__init__:1044
1044 46800
cfl=C:\Users\Pedro\AppData\Local\Python\pythoncore-3.14-64\Lib\traceback.py
cfn=_safe_string
calls=3 200
1044 1300
cfl=C:\Users\Pedro\AppData\Local\Python\pythoncore-3.14-64\Lib\traceback.py
cfn=_extract_from_extended_frame_gen
calls=3 459
1044 25016800
cfl=C:\Users\Pedro\AppData\Local\Python\pythoncore-3.14-64\Lib\traceback.py
cfn=__init__:1044
calls=1 1044
1044 348000
cfl=C:\Users\Pedro\AppData\Local\Python\pythoncore-3.14-64\Lib\traceback.py
cfn=_load_lines
calls=3 1213
1044 28100
cfl=~
cfn=<built-in method builtins.getattr>
calls=4 0
1044 1900
cfl=~
cfn=<built-in method builtins.id>
calls=4 0
1044 1300
cfl=~
cfn=<built-in method builtins.isinstance>
calls=3 0
1044 1300
cfl=~
cfn=<built-in method builtins.issubclass>
calls=9 0
1044 1700
cfl=~
cfn=<method 'add' of 'set' objects>
calls=3 0
1044 900
cfl=~
cfn=<method 'append' of 'list' objects>
calls=1 0
1044 300
cfl=~
cfn=<method 'pop' of 'list' objects>
calls=3 0
1044 700

fl=C:\Users\Pedro\AppData\Local\Python\pythoncore-3.14-64\Lib\traceback.py
fn=exc_type_str
1201 2500
cfl=~
cfn=<built-in method builtins.isinstance>
calls=2 0
1201 400

fl=C:\Users\Pedro\AppData\Local\Python\pythoncore-3.14-64\Lib\traceback.py
fn=_load_lines
1213 6300
cfl=C:\Users\Pedro\AppData\Local\Python\pythoncore-3.14-64\Lib\traceback.py
cfn=line
calls=27 373
1213 21800

fl=C:\Users\Pedro\AppData\Local\Python\pythoncore-3.14-64\Lib\traceback.py
fn=format_exception_only
1226 22000
cfl=C:\Users\Pedro\AppData\Local\Python\pythoncore-3.14-64\Lib\traceback.py
cfn=_format_final_exc_line
calls=3 186
1226 7400
cfl=C:\Users\Pedro\AppData\Local\Python\pythoncore-3.14-64\Lib\traceback.py
cfn=_safe_string
calls=12 200
1226 1500
cfl=C:\Users\Pedro\AppData\Local\Python\pythoncore-3.14-64\Lib\traceback.py
cfn=exc_type_str
calls=3 1201
1226 2900
cfl=~
cfn=<built-in method builtins.isinstance>
calls=5 0
1226 40500
cfl=~
cfn=<method 'get' of 'dict' objects>
calls=3 0
1226 500
cfl=~
cfn=<method 'split' of 'str' objects>
calls=12 0
1226 2000

fl=C:\Users\Pedro\AppData\Local\Python\pythoncore-3.14-64\Lib\traceback.py
fn=format:1468
1468 33900
cfl=C:\Users\Pedro\AppData\Local\Python\pythoncore-3.14-64\Lib\traceback.py
cfn=format:745
calls=3 745
1468 2889700
cfl=C:\Users\Pedro\AppData\Local\Python\pythoncore-3.14-64\Lib\traceback.py
cfn=__init__:982
calls=2 982
1468 2000
cfl=C:\Users\Pedro\AppData\Local\Python\pythoncore-3.14-64\Lib\traceback.py
cfn=emit
calls=56 990
1468 213900
cfl=~
cfn=<method 'append' of 'list' objects>
calls=3 0
1468 500
cfl=~
cfn=<method 'get' of 'dict' objects>
calls=2 0
1468 200

fl=C:\Users\Pedro\AppData\Local\Python\pythoncore-3.14-64\Lib\traceback.py
fn=print
1569 15300
cfl=C:\Users\Pedro\AppData\Local\Python\pythoncore-3.14-64\Lib\traceback.py
cfn=format:1468
calls=21 1468
1569 1216000
cfl=~
cfn=<built-in method builtins.print>
calls=20 0
1569 9000
cfl=~
cfn=<method 'get' of 'dict' objects>
calls=1 0
1569 200

fl=C:\Users\Pedro\AppData\Local\Python\pythoncore-3.14-64\Lib\typing.py
fn=_type_convert
175 4700
cfl=~
cfn=<built-in method builtins.isinstance>
calls=6 0
175 2500

fl=C:\Users\Pedro\AppData\Local\Python\pythoncore-3.14-64\Lib\typing.py
fn=_type_check
184 34800
cfl=C:\Users\Pedro\AppData\Local\Python\pythoncore-3.14-64\Lib\typing.py
cfn=_type_convert
calls=6 175
184 7200
cfl=C:\Users\Pedro\AppData\Local\Python\pythoncore-3.14-64\Lib\typing.py
cfn=__eq__
calls=48 1355
184 24600
cfl=~
cfn=<built-in method builtins.isinstance>
calls=12 0
184 2200

fl=C:\Users\Pedro\AppData\Local\Python\pythoncore-3.14-64\Lib\typing.py
fn=inner
396 12600

fl=C:\Users\Pedro\AppData\Local\Python\pythoncore-3.14-64\Lib\typing.py
fn=__instancecheck__
1292 6200
cfl=C:\Users\Pedro\AppData\Local\Python\pythoncore-3.14-64\Lib\typing.py
cfn=__subclasscheck__
calls=4 1583
1292 31900

fl=C:\Users\Pedro\AppData\Local\Python\pythoncore-3.14-64\Lib\typing.py
fn=__eq__
1355 15200
cfl=~
cfn=<built-in method builtins.isinstance>
calls=48 0
1355 9400

fl=C:\Users\Pedro\AppData\Local\Python\pythoncore-3.14-64\Lib\typing.py
fn=__hash__
1361 8900
cfl=~
cfn=<built-in method builtins.hash>
calls=18 0
1361 3600

fl=C:\Users\Pedro\AppData\Local\Python\pythoncore-3.14-64\Lib\typing.py
fn=__subclasscheck__
1583 8400
cfl=~
cfn=<built-in method builtins.isinstance>
calls=8 0
1583 2100
cfl=~
cfn=<built-in method builtins.issubclass>
calls=4 0
1583 21400

fl=C:\Users\Pedro\AppData\Local\Python\pythoncore-3.14-64\Lib\typing.py
fn=cast
2300 8000

fl=C:\Users\Pedro\AppData\Local\Python\pythoncore-3.14-64\Lib\typing.py
fn=__getattr__
3827 2800

fl=C:\Users\Pedro\AppData\Local\Python\pythoncore-3.14-64\Lib\urllib\parse.py
fn=_noop
108 300

fl=C:\Users\Pedro\AppData\Local\Python\pythoncore-3.14-64\Lib\urllib\parse.py
fn=_coerce_args
119 3900
cfl=~
cfn=<built-in method builtins.isinstance>
calls=3 0
119 200

fl=C:\Users\Pedro\AppData\Local\Python\pythoncore-3.14-64\Lib\urllib\parse.py
fn=urlparse
374 14600
cfl=<string>
cfn=<lambda>:1
calls=3 1
374 3200
cfl=C:\Users\Pedro\AppData\Local\Python\pythoncore-3.14-64\Lib\urllib\parse.py
cfn=_noop
calls=3 108
374 300
cfl=C:\Users\Pedro\AppData\Local\Python\pythoncore-3.14-64\Lib\urllib\parse.py
cfn=_coerce_args
calls=3 119
374 4100
cfl=C:\Users\Pedro\AppData\Local\Python\pythoncore-3.14-64\Lib\urllib\parse.py
cfn=_urlparse
calls=3 399
374 28100

fl=C:\Users\Pedro\AppData\Local\Python\pythoncore-3.14-64\Lib\urllib\parse.py
fn=_urlparse
399 7600
cfl=C:\Users\Pedro\AppData\Local\Python\pythoncore-3.14-64\Lib\urllib\parse.py
cfn=_urlsplit
calls=3 499
399 20500

fl=C:\Users\Pedro\AppData\Local\Python\pythoncore-3.14-64\Lib\urllib\parse.py
fn=_checknetloc
424 1000

fl=C:\Users\Pedro\AppData\Local\Python\pythoncore-3.14-64\Lib\urllib\parse.py
fn=_urlsplit
499 14400
cfl=C:\Users\Pedro\AppData\Local\Python\pythoncore-3.14-64\Lib\urllib\parse.py
cfn=_checknetloc
calls=3 424
499 1000
cfl=~
cfn=<method 'find' of 'str' objects>
calls=3 0
499 700
cfl=~
cfn=<method 'lstrip' of 'str' objects>
calls=3 0
499 900
cfl=~
cfn=<method 'replace' of 'str' objects>
calls=18 0
499 2900
cfl=~
cfn=<method 'strip' of 'str' objects>
calls=3 0
499 600

fl=C:\Users\Pedro\AppData\Local\Python\pythoncore-3.14-64\Lib\warnings.py
fn=__enter__
80 8700
cfl=~
cfn=<built-in method _warnings._acquire_lock>
calls=36 0
80 4400

fl=C:\Users\Pedro\AppData\Local\Python\pythoncore-3.14-64\Lib\warnings.py
fn=__exit__
84 7600
cfl=~
cfn=<built-in method _warnings._release_lock>
calls=36 0
84 3600

fl=C:\Users\Pedro\AppData\Local\Python\pythoncore-3.14-64\Lib\weakref.py
fn=__init__
104 5100
cfl=C:\Users\Pedro\AppData\Local\Python\pythoncore-3.14-64\Lib\weakref.py
cfn=update
calls=1 235
104 3900

fl=C:\Users\Pedro\AppData\Local\Python\pythoncore-3.14-64\Lib\weakref.py
fn=update
235 2500
cfl=~
cfn=<built-in method builtins.hasattr>
calls=1 0
235 500
cfl=~
cfn=<method 'items' of 'dict' objects>
calls=2 0
235 900

fl=c:\Users\Pedro\faculdade\IniciacaoCientifica\grn\.env\Lib\site-packages\IPython\core\displayhook.py
fn=is_active
118 800

fl=c:\Users\Pedro\faculdade\IniciacaoCientifica\grn\.env\Lib\site-packages\IPython\core\displaypub.py
fn=is_publishing
172 1000

fl=c:\Users\Pedro\faculdade\IniciacaoCientifica\grn\.env\Lib\site-packages\IPython\core\history.py
fn=_writeout_output_cache
1047 3800
cfl=c:\Users\Pedro\faculdade\IniciacaoCientifica\grn\.env\Lib\site-packages\traitlets\traitlets.py
cfn=__get__
calls=1 695
1047 1000
cfl=~
cfn=<method '__enter__' of 'sqlite3.Connection' objects>
calls=1 0
1047 200
cfl=~
cfn=<method '__exit__' of 'sqlite3.Connection' objects>
calls=1 0
1047 700

fl=c:\Users\Pedro\faculdade\IniciacaoCientifica\grn\.env\Lib\site-packages\IPython\core\history.py
fn=hold
1100 200

fl=c:\Users\Pedro\faculdade\IniciacaoCientifica\grn\.env\Lib\site-packages\IPython\core\interactiveshell.py
fn=write
3098 50800
cfl=<string>
cfn=__init__:2
calls=2 2
3098 400
cfl=c:\Users\Pedro\faculdade\IniciacaoCientifica\grn\.env\Lib\site-packages\IPython\core\displayhook.py
cfn=is_active
calls=7 118
3098 800
cfl=c:\Users\Pedro\faculdade\IniciacaoCientifica\grn\.env\Lib\site-packages\IPython\core\displaypub.py
cfn=is_publishing
calls=7 172
3098 1000
cfl=c:\Users\Pedro\faculdade\IniciacaoCientifica\grn\.env\Lib\site-packages\ipykernel\iostream.py
cfn=write
calls=7 721
3098 222400
cfl=c:\Users\Pedro\faculdade\IniciacaoCientifica\grn\.env\Lib\site-packages\traitlets\traitlets.py
cfn=__get__
calls=7 695
3098 9300
cfl=~
cfn=<built-in method builtins.any>
calls=7 0
3098 2300
cfl=~
cfn=<method 'append' of 'list' objects>
calls=9 0
3098 2500

fl=c:\Users\Pedro\faculdade\IniciacaoCientifica\grn\.env\Lib\site-packages\dateutil\tz\tz.py
fn=utcoffset
74 600

fl=c:\Users\Pedro\faculdade\IniciacaoCientifica\grn\.env\Lib\site-packages\ipykernel\iostream.py
fn=_event_pipe
210 2300

fl=c:\Users\Pedro\faculdade\IniciacaoCientifica\grn\.env\Lib\site-packages\ipykernel\iostream.py
fn=_handle_event
229 7700
cfl=c:\Users\Pedro\faculdade\IniciacaoCientifica\grn\.env\Lib\site-packages\ipykernel\iostream.py
cfn=_schedule_in_thread
calls=2 653
229 74500
cfl=~
cfn=<built-in method builtins.len>
calls=3 0
229 700
cfl=~
cfn=<method 'popleft' of 'collections.deque' objects>
calls=2 0
229 900

fl=c:\Users\Pedro\faculdade\IniciacaoCientifica\grn\.env\Lib\site-packages\ipykernel\iostream.py
fn=_is_master_process:285
285 2500
cfl=~
cfn=<built-in method nt.getpid>
calls=1 0
285 500

fl=c:\Users\Pedro\faculdade\IniciacaoCientifica\grn\.env\Lib\site-packages\ipykernel\iostream.py
fn=_check_mp_mode
288 1200
cfl=c:\Users\Pedro\faculdade\IniciacaoCientifica\grn\.env\Lib\site-packages\ipykernel\iostream.py
cfn=_is_master_process:285
calls=1 285
288 3000

fl=c:\Users\Pedro\faculdade\IniciacaoCientifica\grn\.env\Lib\site-packages\ipykernel\iostream.py
fn=closed
327 300

fl=c:\Users\Pedro\faculdade\IniciacaoCientifica\grn\.env\Lib\site-packages\ipykernel\iostream.py
fn=schedule
331 7600
cfl=C:\Users\Pedro\AppData\Local\Python\pythoncore-3.14-64\Lib\threading.py
cfn=is_alive
calls=2 1177
331 5700
cfl=c:\Users\Pedro\faculdade\IniciacaoCientifica\grn\.env\Lib\site-packages\ipykernel\iostream.py
cfn=_event_pipe
calls=2 210
331 2300
cfl=c:\Users\Pedro\faculdade\IniciacaoCientifica\grn\.env\Lib\site-packages\zmq\sugar\socket.py
cfn=send
calls=2 623
331 106600
cfl=~
cfn=<method 'append' of 'collections.deque' objects>
calls=2 0
331 400

fl=c:\Users\Pedro\faculdade\IniciacaoCientifica\grn\.env\Lib\site-packages\ipykernel\iostream.py
fn=<lambda>
348 5700
cfl=c:\Users\Pedro\faculdade\IniciacaoCientifica\grn\.env\Lib\site-packages\ipykernel\iostream.py
cfn=_really_send
calls=0 350
348 0

fl=c:\Users\Pedro\faculdade\IniciacaoCientifica\grn\.env\Lib\site-packages\ipykernel\iostream.py
fn=_really_send
350 14900
cfl=c:\Users\Pedro\faculdade\IniciacaoCientifica\grn\.env\Lib\site-packages\ipykernel\iostream.py
cfn=_check_mp_mode
calls=1 288
350 4200
cfl=c:\Users\Pedro\faculdade\IniciacaoCientifica\grn\.env\Lib\site-packages\ipykernel\iostream.py
cfn=closed
calls=1 327
350 300
cfl=c:\Users\Pedro\faculdade\IniciacaoCientifica\grn\.env\Lib\site-packages\zmq\sugar\socket.py
cfn=send_multipart
calls=0 700
350 0

fl=c:\Users\Pedro\faculdade\IniciacaoCientifica\grn\.env\Lib\site-packages\ipykernel\iostream.py
fn=parent_header
581 4300
cfl=~
cfn=<method 'get' of '_contextvars.ContextVar' objects>
calls=7 0
581 2000

fl=c:\Users\Pedro\faculdade\IniciacaoCientifica\grn\.env\Lib\site-packages\ipykernel\iostream.py
fn=_is_master_process:616
616 5000
cfl=~
cfn=<built-in method nt.getpid>
calls=7 0
616 1900

fl=c:\Users\Pedro\faculdade\IniciacaoCientifica\grn\.env\Lib\site-packages\ipykernel\iostream.py
fn=_schedule_flush
643 6500
cfl=c:\Users\Pedro\faculdade\IniciacaoCientifica\grn\.env\Lib\site-packages\ipykernel\iostream.py
cfn=schedule
calls=2 331
643 122600

fl=c:\Users\Pedro\faculdade\IniciacaoCientifica\grn\.env\Lib\site-packages\ipykernel\iostream.py
fn=_schedule_in_thread
653 7400
cfl=c:\Users\Pedro\faculdade\IniciacaoCientifica\grn\.env\Lib\site-packages\tornado\ioloop.py
cfn=call_later
calls=2 604
653 67100

fl=c:\Users\Pedro\faculdade\IniciacaoCientifica\grn\.env\Lib\site-packages\ipykernel\iostream.py
fn=write
721 66000
cfl=c:\Users\Pedro\faculdade\IniciacaoCientifica\grn\.env\Lib\site-packages\dateutil\tz\tz.py
cfn=utcoffset
calls=1 74
721 600
cfl=c:\Users\Pedro\faculdade\IniciacaoCientifica\grn\.env\Lib\site-packages\ipykernel\iostream.py
cfn=parent_header
calls=7 581
721 6300
cfl=c:\Users\Pedro\faculdade\IniciacaoCientifica\grn\.env\Lib\site-packages\ipykernel\iostream.py
cfn=_is_master_process:616
calls=7 616
721 6900
cfl=c:\Users\Pedro\faculdade\IniciacaoCientifica\grn\.env\Lib\site-packages\ipykernel\iostream.py
cfn=_schedule_flush
calls=7 643
721 129100
cfl=~
cfn=<built-in method builtins.isinstance>
calls=7 0
721 1000
cfl=~
cfn=<built-in method builtins.len>
calls=7 0
721 1700
cfl=~
cfn=<method '__enter__' of '_thread.RLock' objects>
calls=7 0
721 2400
cfl=~
cfn=<method '__exit__' of '_thread.RLock' objects>
calls=7 0
721 2100
cfl=~
cfn=<method 'items' of 'dict' objects>
calls=7 0
721 2300
cfl=~
cfn=<method 'write' of '_io.StringIO' objects>
calls=7 0
721 4000

fl=c:\Users\Pedro\faculdade\IniciacaoCientifica\grn\.env\Lib\site-packages\numpy\_core\_asarray.py
fn=require
22 13100
cfl=~
cfn=<built-in method numpy.array>
calls=6 0
22 5800
cfl=~
cfn=<method 'upper' of 'str' objects>
calls=6 0
22 1200

fl=c:\Users\Pedro\faculdade\IniciacaoCientifica\grn\.env\Lib\site-packages\numpy\_core\_internal.py
fn=npy_ctypes_check
946 8500

fl=c:\Users\Pedro\faculdade\IniciacaoCientifica\grn\.env\Lib\site-packages\numpy\_core\_methods.py
fn=_any
55 1000
cfl=~
cfn=<method 'reduce' of 'numpy.ufunc' objects>
calls=2 0
55 4600

fl=c:\Users\Pedro\faculdade\IniciacaoCientifica\grn\.env\Lib\site-packages\numpy\_core\_methods.py
fn=_all
64 2800
cfl=~
cfn=<method 'reduce' of 'numpy.ufunc' objects>
calls=1 0
64 14900

fl=c:\Users\Pedro\faculdade\IniciacaoCientifica\grn\.env\Lib\site-packages\numpy\_core\_ufunc_config.py
fn=__init__
462 400

fl=c:\Users\Pedro\faculdade\IniciacaoCientifica\grn\.env\Lib\site-packages\numpy\_core\_ufunc_config.py
fn=__enter__
472 5000
cfl=~
cfn=<built-in method numpy._core._multiarray_umath._make_extobj>
calls=1 0
472 1500
cfl=~
cfn=<method 'set' of '_contextvars.ContextVar' objects>
calls=1 0
472 2000

fl=c:\Users\Pedro\faculdade\IniciacaoCientifica\grn\.env\Lib\site-packages\numpy\_core\_ufunc_config.py
fn=__exit__
488 2500
cfl=~
cfn=<method 'reset' of '_contextvars.ContextVar' objects>
calls=1 0
488 1800

fl=c:\Users\Pedro\faculdade\IniciacaoCientifica\grn\.env\Lib\site-packages\numpy\_core\_ufunc_config.py
fn=inner
496 98900
cfl=~
cfn=<built-in method numpy._core._multiarray_umath._make_extobj>
calls=1 0
496 900
cfl=~
cfn=<method 'reset' of '_contextvars.ContextVar' objects>
calls=1 0
496 1100
cfl=~
cfn=<method 'set' of '_contextvars.ContextVar' objects>
calls=1 0
496 1200

fl=c:\Users\Pedro\faculdade\IniciacaoCientifica\grn\.env\Lib\site-packages\numpy\_core\fromnumeric.py
fn=_wrapreduction
66 8800
cfl=~
cfn=<built-in method builtins.getattr>
calls=1 0
66 2600
cfl=~
cfn=<method 'items' of 'dict' objects>
calls=1 0
66 500
cfl=~
cfn=<method 'reduce' of 'numpy.ufunc' objects>
calls=1 0
66 9400

fl=c:\Users\Pedro\faculdade\IniciacaoCientifica\grn\.env\Lib\site-packages\numpy\_core\fromnumeric.py
fn=_wrapreduction_any_all
86 21000
cfl=~
cfn=<built-in method builtins.getattr>
calls=4 0
86 4600
cfl=~
cfn=<method 'all' of 'numpy.generic' objects>
calls=1 0
86 23100
cfl=~
cfn=<method 'any' of 'numpy.generic' objects>
calls=2 0
86 10100
cfl=~
cfn=<method 'items' of 'dict' objects>
calls=6 0
86 2100
cfl=~
cfn=<method 'reduce' of 'numpy.ufunc' objects>
calls=3 0
86 21400

fl=c:\Users\Pedro\faculdade\IniciacaoCientifica\grn\.env\Lib\site-packages\numpy\_core\fromnumeric.py
fn=_shape_dispatcher
2080 500

fl=c:\Users\Pedro\faculdade\IniciacaoCientifica\grn\.env\Lib\site-packages\numpy\_core\fromnumeric.py
fn=shape
2084 2100

fl=c:\Users\Pedro\faculdade\IniciacaoCientifica\grn\.env\Lib\site-packages\numpy\_core\fromnumeric.py
fn=_sum_dispatcher
2299 200

fl=c:\Users\Pedro\faculdade\IniciacaoCientifica\grn\.env\Lib\site-packages\numpy\_core\fromnumeric.py
fn=sum
2304 5600
cfl=c:\Users\Pedro\faculdade\IniciacaoCientifica\grn\.env\Lib\site-packages\numpy\_core\fromnumeric.py
cfn=_wrapreduction
calls=1 66
2304 21300
cfl=~
cfn=<built-in method builtins.isinstance>
calls=1 0
2304 600

fl=c:\Users\Pedro\faculdade\IniciacaoCientifica\grn\.env\Lib\site-packages\numpy\_core\fromnumeric.py
fn=_any_dispatcher
2431 1600

fl=c:\Users\Pedro\faculdade\IniciacaoCientifica\grn\.env\Lib\site-packages\numpy\_core\fromnumeric.py
fn=any
2436 3800
cfl=c:\Users\Pedro\faculdade\IniciacaoCientifica\grn\.env\Lib\site-packages\numpy\_core\fromnumeric.py
cfn=_wrapreduction_any_all
calls=3 86
2436 39100

fl=c:\Users\Pedro\faculdade\IniciacaoCientifica\grn\.env\Lib\site-packages\numpy\_core\fromnumeric.py
fn=_all_dispatcher
2543 700

fl=c:\Users\Pedro\faculdade\IniciacaoCientifica\grn\.env\Lib\site-packages\numpy\_core\fromnumeric.py
fn=all
2548 8400
cfl=c:\Users\Pedro\faculdade\IniciacaoCientifica\grn\.env\Lib\site-packages\numpy\_core\fromnumeric.py
cfn=_wrapreduction_any_all
calls=3 86
2548 43200

fl=c:\Users\Pedro\faculdade\IniciacaoCientifica\grn\.env\Lib\site-packages\numpy\_core\fromnumeric.py
fn=_ndim_dispatcher
3478 200

fl=c:\Users\Pedro\faculdade\IniciacaoCientifica\grn\.env\Lib\site-packages\numpy\_core\fromnumeric.py
fn=ndim
3482 1000

fl=c:\Users\Pedro\faculdade\IniciacaoCientifica\grn\.env\Lib\site-packages\numpy\_core\fromnumeric.py
fn=_size_dispatcher
3521 600

fl=c:\Users\Pedro\faculdade\IniciacaoCientifica\grn\.env\Lib\site-packages\numpy\_core\fromnumeric.py
fn=size
3525 31400
cfl=<frozen importlib._bootstrap>
cfn=parent
calls=4 648
3525 5500
cfl=c:\Users\Pedro\faculdade\IniciacaoCientifica\grn\.env\Lib\site-packages\numpy\_core\fromnumeric.py
cfn=_shape_dispatcher
calls=4 2080
3525 500
cfl=c:\Users\Pedro\faculdade\IniciacaoCientifica\grn\.env\Lib\site-packages\numpy\_core\fromnumeric.py
cfn=shape
calls=4 2084
3525 2100
cfl=c:\Users\Pedro\faculdade\IniciacaoCientifica\grn\.env\Lib\site-packages\numpy\_core\numeric.py
cfn=normalize_axis_tuple
calls=4 1431
3525 37600
cfl=~
cfn=<built-in method builtins.len>
calls=4 0
3525 900
cfl=~
cfn=<built-in method math.prod>
calls=4 0
3525 6900

fl=c:\Users\Pedro\faculdade\IniciacaoCientifica\grn\.env\Lib\site-packages\numpy\_core\fromnumeric.py
fn=<genexpr>
3575 2100

fl=c:\Users\Pedro\faculdade\IniciacaoCientifica\grn\.env\Lib\site-packages\numpy\_core\function_base.py
fn=_linspace_dispatcher
22 300

fl=c:\Users\Pedro\faculdade\IniciacaoCientifica\grn\.env\Lib\site-packages\numpy\_core\function_base.py
fn=linspace
27 31000
cfl=c:\Users\Pedro\faculdade\IniciacaoCientifica\grn\.env\Lib\site-packages\numpy\_core\fromnumeric.py
cfn=_ndim_dispatcher
calls=1 3478
27 200
cfl=c:\Users\Pedro\faculdade\IniciacaoCientifica\grn\.env\Lib\site-packages\numpy\_core\fromnumeric.py
cfn=ndim
calls=1 3482
27 1000
cfl=c:\Users\Pedro\faculdade\IniciacaoCientifica\grn\.env\Lib\site-packages\numpy\_core\numeric.py
cfn=isscalar
calls=1 1975
27 1000
cfl=~
cfn=<built-in method _operator.index>
calls=1 0
27 400
cfl=~
cfn=<built-in method numpy.arange>
calls=1 0
27 4300
cfl=~
cfn=<method 'as_arrays' of 'numpy._core._multiarray_umath._array_converter' objects>
calls=1 0
27 600
cfl=~
cfn=<method 'astype' of 'numpy.ndarray' objects>
calls=1 0
27 900
cfl=~
cfn=<method 'reshape' of 'numpy.ndarray' objects>
calls=1 0
27 1900
cfl=~
cfn=<method 'result_type' of 'numpy._core._multiarray_umath._array_converter' objects>
calls=1 0
27 1100
cfl=~
cfn=<method 'wrap' of 'numpy._core._multiarray_umath._array_converter' objects>
calls=1 0
27 700

fl=c:\Users\Pedro\faculdade\IniciacaoCientifica\grn\.env\Lib\site-packages\numpy\_core\multiarray.py
fn=empty_like
115 300

fl=c:\Users\Pedro\faculdade\IniciacaoCientifica\grn\.env\Lib\site-packages\numpy\_core\multiarray.py
fn=concatenate
197 1500

fl=c:\Users\Pedro\faculdade\IniciacaoCientifica\grn\.env\Lib\site-packages\numpy\_core\multiarray.py
fn=copyto
1085 6700

fl=c:\Users\Pedro\faculdade\IniciacaoCientifica\grn\.env\Lib\site-packages\numpy\_core\multiarray.py
fn=putmask
1135 700

fl=c:\Users\Pedro\faculdade\IniciacaoCientifica\grn\.env\Lib\site-packages\numpy\_core\multiarray.py
fn=may_share_memory
1397 3300

fl=c:\Users\Pedro\faculdade\IniciacaoCientifica\grn\.env\Lib\site-packages\numpy\_core\numeric.py
fn=_zeros_like_dispatcher
91 300

fl=c:\Users\Pedro\faculdade\IniciacaoCientifica\grn\.env\Lib\site-packages\numpy\_core\numeric.py
fn=zeros_like
97 11700
cfl=c:\Users\Pedro\faculdade\IniciacaoCientifica\grn\.env\Lib\site-packages\numpy\_core\multiarray.py
cfn=empty_like
calls=1 115
97 300
cfl=c:\Users\Pedro\faculdade\IniciacaoCientifica\grn\.env\Lib\site-packages\numpy\_core\multiarray.py
cfn=copyto
calls=1 1085
97 500
cfl=~
cfn=<built-in method numpy.zeros>
calls=1 0
97 1000

fl=c:\Users\Pedro\faculdade\IniciacaoCientifica\grn\.env\Lib\site-packages\numpy\_core\numeric.py
fn=ones
170 5800
cfl=c:\Users\Pedro\faculdade\IniciacaoCientifica\grn\.env\Lib\site-packages\numpy\_core\multiarray.py
cfn=copyto
calls=2 1085
170 200
cfl=~
cfn=<built-in method numpy.empty>
calls=2 0
170 2200

fl=c:\Users\Pedro\faculdade\IniciacaoCientifica\grn\.env\Lib\site-packages\numpy\_core\numeric.py
fn=full
323 76200
cfl=c:\Users\Pedro\faculdade\IniciacaoCientifica\grn\.env\Lib\site-packages\numpy\_core\multiarray.py
cfn=copyto
calls=69 1085
323 6000
cfl=~
cfn=<built-in method numpy.asarray>
calls=69 0
323 21200
cfl=~
cfn=<built-in method numpy.empty>
calls=69 0
323 19500

fl=c:\Users\Pedro\faculdade\IniciacaoCientifica\grn\.env\Lib\site-packages\numpy\_core\numeric.py
fn=_count_nonzero_dispatcher
479 400

fl=c:\Users\Pedro\faculdade\IniciacaoCientifica\grn\.env\Lib\site-packages\numpy\_core\numeric.py
fn=count_nonzero
483 4300
cfl=~
cfn=<built-in method numpy._core._multiarray_umath.count_nonzero>
calls=2 0
483 3100

fl=c:\Users\Pedro\faculdade\IniciacaoCientifica\grn\.env\Lib\site-packages\numpy\_core\numeric.py
fn=normalize_axis_tuple
1431 28000
cfl=c:\Users\Pedro\faculdade\IniciacaoCientifica\grn\.env\Lib\site-packages\numpy\_core\numeric.py
cfn=<genexpr>
calls=8 1480
1431 5800
cfl=~
cfn=<built-in method _operator.index>
calls=4 0
1431 1100
cfl=~
cfn=<built-in method builtins.isinstance>
calls=4 0
1431 1400
cfl=~
cfn=<built-in method builtins.len>
calls=8 0
1431 1300

fl=c:\Users\Pedro\faculdade\IniciacaoCientifica\grn\.env\Lib\site-packages\numpy\_core\numeric.py
fn=<genexpr>
1480 4300
cfl=~
cfn=<built-in method numpy.lib.array_utils.normalize_axis_index>
calls=4 0
1480 1500

fl=c:\Users\Pedro\faculdade\IniciacaoCientifica\grn\.env\Lib\site-packages\numpy\_core\numeric.py
fn=isscalar
1975 700
cfl=~
cfn=<built-in method builtins.isinstance>
calls=1 0
1975 300

fl=c:\Users\Pedro\faculdade\IniciacaoCientifica\grn\.env\Lib\site-packages\numpy\_core\numerictypes.py
fn=issubclass_
293 7800
cfl=~
cfn=<built-in method builtins.issubclass>
calls=24 0
293 5000

fl=c:\Users\Pedro\faculdade\IniciacaoCientifica\grn\.env\Lib\site-packages\numpy\_core\numerictypes.py
fn=issubdtype
475 13500
cfl=c:\Users\Pedro\faculdade\IniciacaoCientifica\grn\.env\Lib\site-packages\numpy\_core\numerictypes.py
cfn=issubclass_
calls=24 293
475 12800
cfl=~
cfn=<built-in method builtins.issubclass>
calls=12 0
475 1500

fl=c:\Users\Pedro\faculdade\IniciacaoCientifica\grn\.env\Lib\site-packages\pandas\_config\__init__.py
fn=using_string_dtype
33 5400

fl=c:\Users\Pedro\faculdade\IniciacaoCientifica\grn\.env\Lib\site-packages\pandas\_config\config.py
fn=_get_single_key
127 29900
cfl=c:\Users\Pedro\faculdade\IniciacaoCientifica\grn\.env\Lib\site-packages\pandas\_config\config.py
cfn=_select_options
calls=27 650
127 6000
cfl=c:\Users\Pedro\faculdade\IniciacaoCientifica\grn\.env\Lib\site-packages\pandas\_config\config.py
cfn=_translate_key
calls=27 703
127 12500
cfl=c:\Users\Pedro\faculdade\IniciacaoCientifica\grn\.env\Lib\site-packages\pandas\_config\config.py
cfn=_warn_if_deprecated
calls=27 715
127 19800
cfl=~
cfn=<built-in method builtins.len>
calls=54 0
127 4700

fl=c:\Users\Pedro\faculdade\IniciacaoCientifica\grn\.env\Lib\site-packages\pandas\_config\config.py
fn=get_option
143 21700
cfl=c:\Users\Pedro\faculdade\IniciacaoCientifica\grn\.env\Lib\site-packages\pandas\_config\config.py
cfn=_get_single_key
calls=27 127
143 72900
cfl=c:\Users\Pedro\faculdade\IniciacaoCientifica\grn\.env\Lib\site-packages\pandas\_config\config.py
cfn=_get_root
calls=27 668
143 23200

fl=c:\Users\Pedro\faculdade\IniciacaoCientifica\grn\.env\Lib\site-packages\pandas\_config\config.py
fn=_select_options
650 6000

fl=c:\Users\Pedro\faculdade\IniciacaoCientifica\grn\.env\Lib\site-packages\pandas\_config\config.py
fn=_get_root
668 16300
cfl=~
cfn=<method 'split' of 'str' objects>
calls=27 0
668 6900

fl=c:\Users\Pedro\faculdade\IniciacaoCientifica\grn\.env\Lib\site-packages\pandas\_config\config.py
fn=_get_deprecated_option
676 16600

fl=c:\Users\Pedro\faculdade\IniciacaoCientifica\grn\.env\Lib\site-packages\pandas\_config\config.py
fn=_translate_key
703 7000
cfl=c:\Users\Pedro\faculdade\IniciacaoCientifica\grn\.env\Lib\site-packages\pandas\_config\config.py
cfn=_get_deprecated_option
calls=27 676
703 5500

fl=c:\Users\Pedro\faculdade\IniciacaoCientifica\grn\.env\Lib\site-packages\pandas\_config\config.py
fn=_warn_if_deprecated
715 8700
cfl=c:\Users\Pedro\faculdade\IniciacaoCientifica\grn\.env\Lib\site-packages\pandas\_config\config.py
cfn=_get_deprecated_option
calls=27 676
715 11100

fl=c:\Users\Pedro\faculdade\IniciacaoCientifica\grn\.env\Lib\site-packages\pandas\core\arrays\_mixins.py
fn=_box_func
107 800

fl=c:\Users\Pedro\faculdade\IniciacaoCientifica\grn\.env\Lib\site-packages\pandas\core\arrays\_mixins.py
fn=__getitem__
287 39800
cfl=c:\Users\Pedro\faculdade\IniciacaoCientifica\grn\.env\Lib\site-packages\pandas\core\arrays\_mixins.py
cfn=_box_func
calls=12 107
287 800
cfl=c:\Users\Pedro\faculdade\IniciacaoCientifica\grn\.env\Lib\site-packages\pandas\core\construction.py
cfn=extract_array
calls=10 430
287 5300
cfl=c:\Users\Pedro\faculdade\IniciacaoCientifica\grn\.env\Lib\site-packages\pandas\core\indexers\utils.py
cfn=getitem_returns_view
calls=10 416
287 27000
cfl=c:\Users\Pedro\faculdade\IniciacaoCientifica\grn\.env\Lib\site-packages\pandas\core\indexers\utils.py
cfn=check_array_indexer
calls=10 441
287 6800

fl=c:\Users\Pedro\faculdade\IniciacaoCientifica\grn\.env\Lib\site-packages\pandas\core\arrays\base.py
fn=__iter__
559 3400
cfl=c:\Users\Pedro\faculdade\IniciacaoCientifica\grn\.env\Lib\site-packages\pandas\core\arrays\_mixins.py
cfn=__getitem__
calls=12 287
559 8100
cfl=~
cfn=<built-in method builtins.len>
calls=1 0
559 100

fl=c:\Users\Pedro\faculdade\IniciacaoCientifica\grn\.env\Lib\site-packages\pandas\core\arrays\numpy_.py
fn=dtype
179 16200

fl=c:\Users\Pedro\faculdade\IniciacaoCientifica\grn\.env\Lib\site-packages\pandas\core\arrays\numpy_.py
fn=astype
272 23700
cfl=c:\Users\Pedro\faculdade\IniciacaoCientifica\grn\.env\Lib\site-packages\numpy\_core\_internal.py
cfn=npy_ctypes_check
calls=12 946
272 2800
cfl=c:\Users\Pedro\faculdade\IniciacaoCientifica\grn\.env\Lib\site-packages\pandas\core\arrays\numpy_.py
cfn=dtype
calls=12 179
272 1400
cfl=c:\Users\Pedro\faculdade\IniciacaoCientifica\grn\.env\Lib\site-packages\pandas\core\arrays\string_.py
cfn=__repr__
calls=12 232
272 7200
cfl=c:\Users\Pedro\faculdade\IniciacaoCientifica\grn\.env\Lib\site-packages\pandas\core\arrays\string_.py
cfn=__eq__
calls=12 236
272 7600
cfl=c:\Users\Pedro\faculdade\IniciacaoCientifica\grn\.env\Lib\site-packages\pandas\core\dtypes\astype.py
cfn=astype_array
calls=12 160
272 16200
cfl=c:\Users\Pedro\faculdade\IniciacaoCientifica\grn\.env\Lib\site-packages\pandas\core\dtypes\common.py
cfn=pandas_dtype
calls=12 1821
272 8100

fl=c:\Users\Pedro\faculdade\IniciacaoCientifica\grn\.env\Lib\site-packages\pandas\core\arrays\numpy_.py
fn=isna
283 4600
cfl=c:\Users\Pedro\faculdade\IniciacaoCientifica\grn\.env\Lib\site-packages\pandas\core\dtypes\missing.py
cfn=isna
calls=12 97
283 95600

fl=c:\Users\Pedro\faculdade\IniciacaoCientifica\grn\.env\Lib\site-packages\pandas\core\arrays\string_.py
fn=name
141 700

fl=c:\Users\Pedro\faculdade\IniciacaoCientifica\grn\.env\Lib\site-packages\pandas\core\arrays\string_.py
fn=na_value
150 1900

fl=c:\Users\Pedro\faculdade\IniciacaoCientifica\grn\.env\Lib\site-packages\pandas\core\arrays\string_.py
fn=storage
174 8000

fl=c:\Users\Pedro\faculdade\IniciacaoCientifica\grn\.env\Lib\site-packages\pandas\core\arrays\string_.py
fn=__init__
197 47500
cfl=C:\Users\Pedro\AppData\Local\Python\pythoncore-3.14-64\Lib\typing.py
cfn=cast
calls=19 2300
197 1900
cfl=c:\Users\Pedro\faculdade\IniciacaoCientifica\grn\.env\Lib\site-packages\pandas\_config\config.py
cfn=get_option
calls=19 143
197 88200
cfl=~
cfn=<built-in method builtins.isinstance>
calls=19 0
197 1300

fl=c:\Users\Pedro\faculdade\IniciacaoCientifica\grn\.env\Lib\site-packages\pandas\core\arrays\string_.py
fn=__repr__
232 17900
cfl=c:\Users\Pedro\faculdade\IniciacaoCientifica\grn\.env\Lib\site-packages\pandas\core\arrays\string_.py
cfn=storage
calls=24 174
232 2200

fl=c:\Users\Pedro\faculdade\IniciacaoCientifica\grn\.env\Lib\site-packages\pandas\core\arrays\string_.py
fn=__eq__
236 19400
cfl=c:\Users\Pedro\faculdade\IniciacaoCientifica\grn\.env\Lib\site-packages\pandas\core\arrays\string_.py
cfn=name
calls=5 141
236 700
cfl=~
cfn=<built-in method builtins.isinstance>
calls=64 0
236 5600

fl=c:\Users\Pedro\faculdade\IniciacaoCientifica\grn\.env\Lib\site-packages\pandas\core\arrays\string_.py
fn=type
265 200

fl=c:\Users\Pedro\faculdade\IniciacaoCientifica\grn\.env\Lib\site-packages\pandas\core\arrays\string_.py
fn=construct_array_type
312 17500
cfl=c:\Users\Pedro\faculdade\IniciacaoCientifica\grn\.env\Lib\site-packages\pandas\core\arrays\string_.py
cfn=storage
calls=57 174
312 4000

fl=c:\Users\Pedro\faculdade\IniciacaoCientifica\grn\.env\Lib\site-packages\pandas\core\arrays\string_.py
fn=_from_sequence
756 65500
cfl=c:\Users\Pedro\faculdade\IniciacaoCientifica\grn\.env\Lib\site-packages\pandas\core\arrays\string_.py
cfn=na_value
calls=19 150
756 1800
cfl=c:\Users\Pedro\faculdade\IniciacaoCientifica\grn\.env\Lib\site-packages\pandas\core\arrays\string_.py
cfn=storage
calls=19 174
756 1300
cfl=c:\Users\Pedro\faculdade\IniciacaoCientifica\grn\.env\Lib\site-packages\pandas\core\dtypes\common.py
cfn=pandas_dtype
calls=19 1821
756 14100
cfl=~
cfn=<built-in method __new__ of type object at 0x00007FF929334D90>
calls=19 0
756 6100
cfl=~
cfn=<built-in method builtins.isinstance>
calls=57 0
756 5400

fl=c:\Users\Pedro\faculdade\IniciacaoCientifica\grn\.env\Lib\site-packages\pandas\core\arrays\string_.py
fn=astype
915 51800
cfl=c:\Users\Pedro\faculdade\IniciacaoCientifica\grn\.env\Lib\site-packages\numpy\_core\_internal.py
cfn=npy_ctypes_check
calls=12 946
915 5700
cfl=c:\Users\Pedro\faculdade\IniciacaoCientifica\grn\.env\Lib\site-packages\numpy\_core\numerictypes.py
cfn=issubdtype
calls=12 475
915 27800
cfl=c:\Users\Pedro\faculdade\IniciacaoCientifica\grn\.env\Lib\site-packages\pandas\core\arrays\numpy_.py
cfn=dtype
calls=12 179
915 1300
cfl=c:\Users\Pedro\faculdade\IniciacaoCientifica\grn\.env\Lib\site-packages\pandas\core\arrays\numpy_.py
cfn=astype
calls=12 272
915 67000
cfl=c:\Users\Pedro\faculdade\IniciacaoCientifica\grn\.env\Lib\site-packages\pandas\core\arrays\string_.py
cfn=__repr__
calls=12 232
915 12900
cfl=c:\Users\Pedro\faculdade\IniciacaoCientifica\grn\.env\Lib\site-packages\pandas\core\arrays\string_.py
cfn=__eq__
calls=12 236
915 9500
cfl=c:\Users\Pedro\faculdade\IniciacaoCientifica\grn\.env\Lib\site-packages\pandas\core\dtypes\common.py
cfn=pandas_dtype
calls=12 1821
915 199300
cfl=~
cfn=<built-in method builtins.isinstance>
calls=36 0
915 3300

fl=c:\Users\Pedro\faculdade\IniciacaoCientifica\grn\.env\Lib\site-packages\pandas\core\base.py
fn=__iter__
931 1500
cfl=c:\Users\Pedro\faculdade\IniciacaoCientifica\grn\.env\Lib\site-packages\pandas\core\indexes\base.py
cfn=_values
calls=2 5101
931 300
cfl=~
cfn=<built-in method builtins.isinstance>
calls=1 0
931 100
cfl=~
cfn=<built-in method builtins.iter>
calls=1 0
931 400

fl=c:\Users\Pedro\faculdade\IniciacaoCientifica\grn\.env\Lib\site-packages\pandas\core\common.py
fn=all_none
197 2000
cfl=c:\Users\Pedro\faculdade\IniciacaoCientifica\grn\.env\Lib\site-packages\pandas\core\common.py
cfn=<genexpr>
calls=2 201
197 500

fl=c:\Users\Pedro\faculdade\IniciacaoCientifica\grn\.env\Lib\site-packages\pandas\core\common.py
fn=<genexpr>
201 500

fl=c:\Users\Pedro\faculdade\IniciacaoCientifica\grn\.env\Lib\site-packages\pandas\core\common.py
fn=apply_if_callable
377 1600
cfl=~
cfn=<built-in method builtins.callable>
calls=2 0
377 200
cfl=~
cfn=<built-in method builtins.isinstance>
calls=2 0
377 200

fl=c:\Users\Pedro\faculdade\IniciacaoCientifica\grn\.env\Lib\site-packages\pandas\core\common.py
fn=require_length_match
596 10500
cfl=~
cfn=<built-in method builtins.len>
calls=72 0
596 20200

fl=c:\Users\Pedro\faculdade\IniciacaoCientifica\grn\.env\Lib\site-packages\pandas\core\construction.py
fn=extract_array
430 16000
cfl=~
cfn=<built-in method builtins.getattr>
calls=50 0
430 4200

fl=c:\Users\Pedro\faculdade\IniciacaoCientifica\grn\.env\Lib\site-packages\pandas\core\construction.py
fn=ensure_wrapped_if_datetimelike
495 11700
cfl=~
cfn=<built-in method builtins.isinstance>
calls=29 0
495 2100

fl=c:\Users\Pedro\faculdade\IniciacaoCientifica\grn\.env\Lib\site-packages\pandas\core\construction.py
fn=sanitize_array
531 205200
cfl=C:\Users\Pedro\AppData\Local\Python\pythoncore-3.14-64\Lib\typing.py
cfn=cast
calls=25 2300
531 2200
cfl=c:\Users\Pedro\faculdade\IniciacaoCientifica\grn\.env\Lib\site-packages\numpy\_core\numeric.py
cfn=full
calls=19 323
531 27900
cfl=c:\Users\Pedro\faculdade\IniciacaoCientifica\grn\.env\Lib\site-packages\pandas\_config\__init__.py
cfn=using_string_dtype
calls=9 33
531 3900
cfl=c:\Users\Pedro\faculdade\IniciacaoCientifica\grn\.env\Lib\site-packages\pandas\core\arrays\numpy_.py
cfn=dtype
calls=10 179
531 1200
cfl=c:\Users\Pedro\faculdade\IniciacaoCientifica\grn\.env\Lib\site-packages\pandas\core\arrays\string_.py
cfn=storage
calls=5 174
531 500
cfl=c:\Users\Pedro\faculdade\IniciacaoCientifica\grn\.env\Lib\site-packages\pandas\core\arrays\string_.py
cfn=__init__
calls=9 197
531 83100
cfl=c:\Users\Pedro\faculdade\IniciacaoCientifica\grn\.env\Lib\site-packages\pandas\core\arrays\string_.py
cfn=__eq__
calls=5 236
531 3700
cfl=c:\Users\Pedro\faculdade\IniciacaoCientifica\grn\.env\Lib\site-packages\pandas\core\arrays\string_.py
cfn=construct_array_type
calls=9 312
531 11900
cfl=c:\Users\Pedro\faculdade\IniciacaoCientifica\grn\.env\Lib\site-packages\pandas\core\arrays\string_.py
cfn=_from_sequence
calls=9 756
531 54500
cfl=c:\Users\Pedro\faculdade\IniciacaoCientifica\grn\.env\Lib\site-packages\pandas\core\construction.py
cfn=extract_array
calls=40 430
531 14900
cfl=c:\Users\Pedro\faculdade\IniciacaoCientifica\grn\.env\Lib\site-packages\pandas\core\construction.py
cfn=_sanitize_non_ordered
calls=4 710
531 2100
cfl=c:\Users\Pedro\faculdade\IniciacaoCientifica\grn\.env\Lib\site-packages\pandas\core\construction.py
cfn=_sanitize_ndim
calls=40 718
531 59500
cfl=c:\Users\Pedro\faculdade\IniciacaoCientifica\grn\.env\Lib\site-packages\pandas\core\construction.py
cfn=_sanitize_str_dtypes
calls=21 757
531 9000
cfl=c:\Users\Pedro\faculdade\IniciacaoCientifica\grn\.env\Lib\site-packages\pandas\core\dtypes\cast.py
cfn=maybe_convert_platform
calls=4 127
531 76900
cfl=~
cfn=<built-in method builtins.hasattr>
calls=4 0
531 500
cfl=~
cfn=<built-in method builtins.isinstance>
calls=366 0
531 107600
cfl=~
cfn=<built-in method builtins.len>
calls=4 0
531 500

fl=c:\Users\Pedro\faculdade\IniciacaoCientifica\grn\.env\Lib\site-packages\pandas\core\construction.py
fn=_sanitize_non_ordered
710 1700
cfl=~
cfn=<built-in method builtins.isinstance>
calls=4 0
710 400

fl=c:\Users\Pedro\faculdade\IniciacaoCientifica\grn\.env\Lib\site-packages\pandas\core\construction.py
fn=_sanitize_ndim
718 18600
cfl=c:\Users\Pedro\faculdade\IniciacaoCientifica\grn\.env\Lib\site-packages\pandas\core\construction.py
cfn=_maybe_repeat
calls=40 780
718 35900
cfl=~
cfn=<built-in method builtins.getattr>
calls=40 0
718 5000

fl=c:\Users\Pedro\faculdade\IniciacaoCientifica\grn\.env\Lib\site-packages\pandas\core\construction.py
fn=_sanitize_str_dtypes
757 6500
cfl=~
cfn=<built-in method builtins.issubclass>
calls=21 0
757 2500

fl=c:\Users\Pedro\faculdade\IniciacaoCientifica\grn\.env\Lib\site-packages\pandas\core\construction.py
fn=_maybe_repeat
780 12600
cfl=~
cfn=<built-in method builtins.len>
calls=72 0
780 23300

fl=c:\Users\Pedro\faculdade\IniciacaoCientifica\grn\.env\Lib\site-packages\pandas\core\dtypes\astype.py
fn=astype_array
160 7100
cfl=~
cfn=<method 'copy' of 'numpy.ndarray' objects>
calls=12 0
160 9100

fl=c:\Users\Pedro\faculdade\IniciacaoCientifica\grn\.env\Lib\site-packages\pandas\core\dtypes\base.py
fn=kind
181 1200

fl=c:\Users\Pedro\faculdade\IniciacaoCientifica\grn\.env\Lib\site-packages\pandas\core\dtypes\base.py
fn=index_class
416 6400
cfl=<frozen importlib._bootstrap>
cfn=_handle_fromlist
calls=4 1401
416 4800

fl=c:\Users\Pedro\faculdade\IniciacaoCientifica\grn\.env\Lib\site-packages\pandas\core\dtypes\base.py
fn=_supports_2d
426 2100

fl=c:\Users\Pedro\faculdade\IniciacaoCientifica\grn\.env\Lib\site-packages\pandas\core\dtypes\base.py
fn=find
563 6600
cfl=~
cfn=<built-in method builtins.isinstance>
calls=24 0
563 2100
cfl=~
cfn=<built-in method builtins.issubclass>
calls=12 0
563 1200

fl=c:\Users\Pedro\faculdade\IniciacaoCientifica\grn\.env\Lib\site-packages\pandas\core\dtypes\cast.py
fn=maybe_convert_platform
127 35900
cfl=C:\Users\Pedro\AppData\Local\Python\pythoncore-3.14-64\Lib\typing.py
cfn=cast
calls=4 2300
127 400
cfl=c:\Users\Pedro\faculdade\IniciacaoCientifica\grn\.env\Lib\site-packages\numpy\_core\numeric.py
cfn=full
calls=4 323
127 22700
cfl=c:\Users\Pedro\faculdade\IniciacaoCientifica\grn\.env\Lib\site-packages\pandas\core\dtypes\cast.py
cfn=construct_1d_object_array_from_listlike
calls=4 1468
127 17600
cfl=~
cfn=<built-in method builtins.isinstance>
calls=4 0
127 300

fl=c:\Users\Pedro\faculdade\IniciacaoCientifica\grn\.env\Lib\site-packages\pandas\core\dtypes\cast.py
fn=construct_1d_object_array_from_listlike
1468 4200
cfl=~
cfn=<built-in method builtins.len>
calls=4 0
1468 400
cfl=~
cfn=<built-in method numpy.fromiter>
calls=4 0
1468 13000

fl=c:\Users\Pedro\faculdade\IniciacaoCientifica\grn\.env\Lib\site-packages\pandas\core\dtypes\common.py
fn=ensure_python_int
96 1700

fl=c:\Users\Pedro\faculdade\IniciacaoCientifica\grn\.env\Lib\site-packages\pandas\core\dtypes\common.py
fn=classes
126 300

fl=c:\Users\Pedro\faculdade\IniciacaoCientifica\grn\.env\Lib\site-packages\pandas\core\dtypes\common.py
fn=<lambda>
128 400
cfl=~
cfn=<built-in method builtins.issubclass>
calls=1 0
128 200

fl=c:\Users\Pedro\faculdade\IniciacaoCientifica\grn\.env\Lib\site-packages\pandas\core\dtypes\common.py
fn=is_object_dtype
142 3800
cfl=c:\Users\Pedro\faculdade\IniciacaoCientifica\grn\.env\Lib\site-packages\pandas\core\dtypes\common.py
cfn=classes
calls=1 126
142 300
cfl=c:\Users\Pedro\faculdade\IniciacaoCientifica\grn\.env\Lib\site-packages\pandas\core\dtypes\common.py
cfn=_is_dtype_type
calls=1 1659
142 4100

fl=c:\Users\Pedro\faculdade\IniciacaoCientifica\grn\.env\Lib\site-packages\pandas\core\dtypes\common.py
fn=is_string_or_object_np_dtype
603 7400
cfl=c:\Users\Pedro\faculdade\IniciacaoCientifica\grn\.env\Lib\site-packages\pandas\core\arrays\string_.py
cfn=__eq__
calls=1 236
603 800
cfl=c:\Users\Pedro\faculdade\IniciacaoCientifica\grn\.env\Lib\site-packages\pandas\core\dtypes\base.py
cfn=kind
calls=1 181
603 100

fl=c:\Users\Pedro\faculdade\IniciacaoCientifica\grn\.env\Lib\site-packages\pandas\core\dtypes\common.py
fn=is_string_dtype
610 1700
cfl=c:\Users\Pedro\faculdade\IniciacaoCientifica\grn\.env\Lib\site-packages\pandas\core\dtypes\common.py
cfn=_is_dtype
calls=1 1600
610 6500
cfl=~
cfn=<built-in method builtins.hasattr>
calls=1 0
610 100

fl=c:\Users\Pedro\faculdade\IniciacaoCientifica\grn\.env\Lib\site-packages\pandas\core\dtypes\common.py
fn=condition
652 600
cfl=c:\Users\Pedro\faculdade\IniciacaoCientifica\grn\.env\Lib\site-packages\pandas\core\arrays\string_.py
cfn=__eq__
calls=1 236
652 400
cfl=c:\Users\Pedro\faculdade\IniciacaoCientifica\grn\.env\Lib\site-packages\pandas\core\dtypes\common.py
cfn=is_string_or_object_np_dtype
calls=1 603
652 1700

fl=c:\Users\Pedro\faculdade\IniciacaoCientifica\grn\.env\Lib\site-packages\pandas\core\dtypes\common.py
fn=needs_i8_conversion
1204 500
cfl=~
cfn=<built-in method builtins.isinstance>
calls=2 0
1204 400

fl=c:\Users\Pedro\faculdade\IniciacaoCientifica\grn\.env\Lib\site-packages\pandas\core\dtypes\common.py
fn=is_1d_only_ea_dtype
1473 16500
cfl=c:\Users\Pedro\faculdade\IniciacaoCientifica\grn\.env\Lib\site-packages\pandas\core\dtypes\base.py
cfn=_supports_2d
calls=25 426
1473 2100
cfl=~
cfn=<built-in method builtins.isinstance>
calls=56 0
1473 5100

fl=c:\Users\Pedro\faculdade\IniciacaoCientifica\grn\.env\Lib\site-packages\pandas\core\dtypes\common.py
fn=is_ea_or_datetimelike_dtype
1547 4700
cfl=~
cfn=<built-in method builtins.isinstance>
calls=8 0
1547 500

fl=c:\Users\Pedro\faculdade\IniciacaoCientifica\grn\.env\Lib\site-packages\pandas\core\dtypes\common.py
fn=_is_dtype
1600 2000
cfl=c:\Users\Pedro\faculdade\IniciacaoCientifica\grn\.env\Lib\site-packages\pandas\core\dtypes\common.py
cfn=condition
calls=1 652
1600 2700
cfl=c:\Users\Pedro\faculdade\IniciacaoCientifica\grn\.env\Lib\site-packages\pandas\core\dtypes\common.py
cfn=_get_dtype
calls=1 1624
1600 1800

fl=c:\Users\Pedro\faculdade\IniciacaoCientifica\grn\.env\Lib\site-packages\pandas\core\dtypes\common.py
fn=_get_dtype
1624 1000
cfl=c:\Users\Pedro\faculdade\IniciacaoCientifica\grn\.env\Lib\site-packages\pandas\core\dtypes\common.py
cfn=pandas_dtype
calls=1 1821
1624 600
cfl=~
cfn=<built-in method builtins.hasattr>
calls=1 0
1624 0
cfl=~
cfn=<built-in method builtins.isinstance>
calls=2 0
1624 200

fl=c:\Users\Pedro\faculdade\IniciacaoCientifica\grn\.env\Lib\site-packages\pandas\core\dtypes\common.py
fn=_is_dtype_type
1659 2400
cfl=c:\Users\Pedro\faculdade\IniciacaoCientifica\grn\.env\Lib\site-packages\pandas\core\arrays\string_.py
cfn=type
calls=1 265
1659 200
cfl=c:\Users\Pedro\faculdade\IniciacaoCientifica\grn\.env\Lib\site-packages\pandas\core\dtypes\common.py
cfn=<lambda>
calls=1 128
1659 600
cfl=c:\Users\Pedro\faculdade\IniciacaoCientifica\grn\.env\Lib\site-packages\pandas\core\dtypes\common.py
cfn=pandas_dtype
calls=1 1821
1659 600
cfl=~
cfn=<built-in method builtins.hasattr>
calls=1 0
1659 100
cfl=~
cfn=<built-in method builtins.isinstance>
calls=2 0
1659 200

fl=c:\Users\Pedro\faculdade\IniciacaoCientifica\grn\.env\Lib\site-packages\pandas\core\dtypes\common.py
fn=pandas_dtype
1821 68900
cfl=C:\Users\Pedro\AppData\Local\Python\pythoncore-3.14-64\Lib\_py_warnings.py
cfn=simplefilter
calls=12 294
1821 67900
cfl=C:\Users\Pedro\AppData\Local\Python\pythoncore-3.14-64\Lib\_py_warnings.py
cfn=__init__:616
calls=12 616
1821 4800
cfl=C:\Users\Pedro\AppData\Local\Python\pythoncore-3.14-64\Lib\_py_warnings.py
cfn=__enter__
calls=12 639
1821 31000
cfl=C:\Users\Pedro\AppData\Local\Python\pythoncore-3.14-64\Lib\_py_warnings.py
cfn=__exit__
calls=12 668
1821 19100
cfl=c:\Users\Pedro\faculdade\IniciacaoCientifica\grn\.env\Lib\site-packages\pandas\core\dtypes\base.py
cfn=find
calls=12 563
1821 9900
cfl=c:\Users\Pedro\faculdade\IniciacaoCientifica\grn\.env\Lib\site-packages\pandas\core\dtypes\inference.py
cfn=is_hashable
calls=12 387
1821 6200
cfl=~
cfn=<built-in method builtins.isinstance>
calls=90 0
1821 14900

fl=c:\Users\Pedro\faculdade\IniciacaoCientifica\grn\.env\Lib\site-packages\pandas\core\dtypes\concat.py
fn=concat_compat
52 23600
cfl=C:\Users\Pedro\AppData\Local\Python\pythoncore-3.14-64\Lib\typing.py
cfn=cast
calls=12 2300
52 1200
cfl=c:\Users\Pedro\faculdade\IniciacaoCientifica\grn\.env\Lib\site-packages\numpy\_core\multiarray.py
cfn=concatenate
calls=12 197
52 1200
cfl=~
cfn=<built-in method builtins.isinstance>
calls=12 0
52 700
cfl=~
cfn=<built-in method builtins.len>
calls=12 0
52 800

fl=c:\Users\Pedro\faculdade\IniciacaoCientifica\grn\.env\Lib\site-packages\pandas\core\dtypes\generic.py
fn=_check
38 53300
cfl=~
cfn=<built-in method builtins.getattr>
calls=251 0
38 25500

fl=c:\Users\Pedro\faculdade\IniciacaoCientifica\grn\.env\Lib\site-packages\pandas\core\dtypes\generic.py
fn=_instancecheck
43 60300
cfl=c:\Users\Pedro\faculdade\IniciacaoCientifica\grn\.env\Lib\site-packages\pandas\core\dtypes\generic.py
cfn=_check
calls=251 38
43 78800
cfl=~
cfn=<built-in method builtins.isinstance>
calls=24 0
43 2400

fl=c:\Users\Pedro\faculdade\IniciacaoCientifica\grn\.env\Lib\site-packages\pandas\core\dtypes\inference.py
fn=is_file_like
106 3200
cfl=~
cfn=<built-in method builtins.hasattr>
calls=8 0
106 800

fl=c:\Users\Pedro\faculdade\IniciacaoCientifica\grn\.env\Lib\site-packages\pandas\core\dtypes\inference.py
fn=is_named_tuple
349 1600
cfl=~
cfn=<built-in method builtins.isinstance>
calls=2 0
349 15900

fl=c:\Users\Pedro\faculdade\IniciacaoCientifica\grn\.env\Lib\site-packages\pandas\core\dtypes\inference.py
fn=is_hashable
387 6300
cfl=~
cfn=<built-in method builtins.hash>
calls=17 0
387 2600

fl=c:\Users\Pedro\faculdade\IniciacaoCientifica\grn\.env\Lib\site-packages\pandas\core\dtypes\inference.py
fn=is_dataclass
485 3800
cfl=C:\Users\Pedro\AppData\Local\Python\pythoncore-3.14-64\Lib\dataclasses.py
cfn=is_dataclass
calls=2 1468
485 2900

fl=c:\Users\Pedro\faculdade\IniciacaoCientifica\grn\.env\Lib\site-packages\pandas\core\dtypes\missing.py
fn=isna
97 10300
cfl=c:\Users\Pedro\faculdade\IniciacaoCientifica\grn\.env\Lib\site-packages\pandas\core\dtypes\missing.py
cfn=_isna
calls=30 180
97 187200

fl=c:\Users\Pedro\faculdade\IniciacaoCientifica\grn\.env\Lib\site-packages\pandas\core\dtypes\missing.py
fn=_isna
180 28100
cfl=c:\Users\Pedro\faculdade\IniciacaoCientifica\grn\.env\Lib\site-packages\pandas\core\dtypes\missing.py
cfn=_isna_array
calls=30 223
180 137800
cfl=~
cfn=<built-in method builtins.isinstance>
calls=90 0
180 42600

fl=c:\Users\Pedro\faculdade\IniciacaoCientifica\grn\.env\Lib\site-packages\pandas\core\dtypes\missing.py
fn=_isna_array
223 45200
cfl=c:\Users\Pedro\faculdade\IniciacaoCientifica\grn\.env\Lib\site-packages\pandas\core\arrays\numpy_.py
cfn=dtype
calls=12 179
223 1200
cfl=c:\Users\Pedro\faculdade\IniciacaoCientifica\grn\.env\Lib\site-packages\pandas\core\arrays\numpy_.py
cfn=isna
calls=12 283
223 100200
cfl=c:\Users\Pedro\faculdade\IniciacaoCientifica\grn\.env\Lib\site-packages\pandas\core\dtypes\common.py
cfn=is_string_or_object_np_dtype
calls=18 603
223 6600
cfl=c:\Users\Pedro\faculdade\IniciacaoCientifica\grn\.env\Lib\site-packages\pandas\core\dtypes\missing.py
cfn=_isna_string_dtype
calls=14 260
223 52700
cfl=~
cfn=<built-in method builtins.isinstance>
calls=48 0
223 3400

fl=c:\Users\Pedro\faculdade\IniciacaoCientifica\grn\.env\Lib\site-packages\pandas\core\dtypes\missing.py
fn=_isna_string_dtype
260 52700

fl=c:\Users\Pedro\faculdade\IniciacaoCientifica\grn\.env\Lib\site-packages\pandas\core\flags.py
fn=__init__
63 4800

fl=c:\Users\Pedro\faculdade\IniciacaoCientifica\grn\.env\Lib\site-packages\pandas\core\flags.py
fn=allows_duplicate_labels:67
67 300

fl=c:\Users\Pedro\faculdade\IniciacaoCientifica\grn\.env\Lib\site-packages\pandas\core\flags.py
fn=allows_duplicate_labels:99
99 1200

fl=c:\Users\Pedro\faculdade\IniciacaoCientifica\grn\.env\Lib\site-packages\pandas\core\frame.py
fn=_constructor_from_mgr
667 4300
cfl=c:\Users\Pedro\faculdade\IniciacaoCientifica\grn\.env\Lib\site-packages\pandas\core\generic.py
cfn=_from_mgr
calls=4 294
667 13500

fl=c:\Users\Pedro\faculdade\IniciacaoCientifica\grn\.env\Lib\site-packages\pandas\core\frame.py
fn=__init__
702 35300
cfl=c:\Users\Pedro\faculdade\IniciacaoCientifica\grn\.env\Lib\site-packages\pandas\core\dtypes\inference.py
cfn=is_dataclass
calls=2 485
702 6700
cfl=c:\Users\Pedro\faculdade\IniciacaoCientifica\grn\.env\Lib\site-packages\pandas\core\generic.py
cfn=__init__
calls=3 258
702 11100
cfl=c:\Users\Pedro\faculdade\IniciacaoCientifica\grn\.env\Lib\site-packages\pandas\core\internals\construction.py
cfn=arrays_to_mgr
calls=2 96
702 495700
cfl=c:\Users\Pedro\faculdade\IniciacaoCientifica\grn\.env\Lib\site-packages\pandas\core\internals\construction.py
cfn=dict_to_mgr
calls=1 375
702 540100
cfl=c:\Users\Pedro\faculdade\IniciacaoCientifica\grn\.env\Lib\site-packages\pandas\core\internals\construction.py
cfn=nested_data_to_arrays
calls=2 463
702 703700
cfl=c:\Users\Pedro\faculdade\IniciacaoCientifica\grn\.env\Lib\site-packages\pandas\core\internals\construction.py
cfn=treat_as_nested
calls=2 489
702 6000
cfl=~
cfn=<built-in method builtins.isinstance>
calls=30 0
702 6000
cfl=~
cfn=<built-in method builtins.len>
calls=2 0
702 300

fl=c:\Users\Pedro\faculdade\IniciacaoCientifica\grn\.env\Lib\site-packages\pandas\core\frame.py
fn=_get_values_for_csv
1386 3900
cfl=c:\Users\Pedro\faculdade\IniciacaoCientifica\grn\.env\Lib\site-packages\pandas\core\frame.py
cfn=_constructor_from_mgr
calls=2 667
1386 6700
cfl=c:\Users\Pedro\faculdade\IniciacaoCientifica\grn\.env\Lib\site-packages\pandas\core\internals\managers.py
cfn=get_values_for_csv
calls=2 622
1386 680000

fl=c:\Users\Pedro\faculdade\IniciacaoCientifica\grn\.env\Lib\site-packages\pandas\core\frame.py
fn=_get_column_array
4316 7200
cfl=c:\Users\Pedro\faculdade\IniciacaoCientifica\grn\.env\Lib\site-packages\pandas\core\internals\managers.py
cfn=iget_values
calls=24 1227
4316 65800

fl=c:\Users\Pedro\faculdade\IniciacaoCientifica\grn\.env\Lib\site-packages\pandas\core\frame.py
fn=_iter_column_arrays
4326 9900
cfl=c:\Users\Pedro\faculdade\IniciacaoCientifica\grn\.env\Lib\site-packages\pandas\core\frame.py
cfn=_get_column_array
calls=24 4316
4326 73000
cfl=~
cfn=<built-in method builtins.len>
calls=2 0
4326 2600

fl=c:\Users\Pedro\faculdade\IniciacaoCientifica\grn\.env\Lib\site-packages\pandas\core\generic.py
fn=__init__
258 16100
cfl=c:\Users\Pedro\faculdade\IniciacaoCientifica\grn\.env\Lib\site-packages\pandas\core\flags.py
cfn=__init__
calls=7 63
258 4800

fl=c:\Users\Pedro\faculdade\IniciacaoCientifica\grn\.env\Lib\site-packages\pandas\core\generic.py
fn=_from_mgr
294 3100
cfl=c:\Users\Pedro\faculdade\IniciacaoCientifica\grn\.env\Lib\site-packages\pandas\core\generic.py
cfn=__init__
calls=4 258
294 9800
cfl=~
cfn=<built-in method __new__ of type object at 0x00007FF929334D90>
calls=4 0
294 600

fl=c:\Users\Pedro\faculdade\IniciacaoCientifica\grn\.env\Lib\site-packages\pandas\core\generic.py
fn=attrs
318 200

fl=c:\Users\Pedro\faculdade\IniciacaoCientifica\grn\.env\Lib\site-packages\pandas\core\generic.py
fn=flags
360 700

fl=c:\Users\Pedro\faculdade\IniciacaoCientifica\grn\.env\Lib\site-packages\pandas\core\generic.py
fn=_get_axis_number
519 1200

fl=c:\Users\Pedro\faculdade\IniciacaoCientifica\grn\.env\Lib\site-packages\pandas\core\generic.py
fn=_get_axis
535 3200
cfl=c:\Users\Pedro\faculdade\IniciacaoCientifica\grn\.env\Lib\site-packages\pandas\core\generic.py
cfn=_get_axis_number
calls=2 519
535 1000

fl=c:\Users\Pedro\faculdade\IniciacaoCientifica\grn\.env\Lib\site-packages\pandas\core\generic.py
fn=_get_block_manager_axis
541 1900
cfl=c:\Users\Pedro\faculdade\IniciacaoCientifica\grn\.env\Lib\site-packages\pandas\core\generic.py
cfn=_get_axis_number
calls=2 519
541 200

fl=c:\Users\Pedro\faculdade\IniciacaoCientifica\grn\.env\Lib\site-packages\pandas\core\generic.py
fn=to_csv
3795 19200
cfl=c:\Users\Pedro\faculdade\IniciacaoCientifica\grn\.env\Lib\site-packages\pandas\io\formats\format.py
cfn=__init__:425
calls=2 425
3795 72700
cfl=c:\Users\Pedro\faculdade\IniciacaoCientifica\grn\.env\Lib\site-packages\pandas\io\formats\format.py
cfn=__init__:892
calls=2 892
3795 500
cfl=c:\Users\Pedro\faculdade\IniciacaoCientifica\grn\.env\Lib\site-packages\pandas\io\formats\format.py
cfn=to_csv
calls=2 976
3795 3581500
cfl=~
cfn=<built-in method builtins.isinstance>
calls=2 0
3795 4500

fl=c:\Users\Pedro\faculdade\IniciacaoCientifica\grn\.env\Lib\site-packages\pandas\core\generic.py
fn=_slice
4308 44600
cfl=c:\Users\Pedro\faculdade\IniciacaoCientifica\grn\.env\Lib\site-packages\pandas\core\frame.py
cfn=_constructor_from_mgr
calls=2 667
4308 11100
cfl=c:\Users\Pedro\faculdade\IniciacaoCientifica\grn\.env\Lib\site-packages\pandas\core\generic.py
cfn=_get_block_manager_axis
calls=2 541
4308 2100
cfl=c:\Users\Pedro\faculdade\IniciacaoCientifica\grn\.env\Lib\site-packages\pandas\core\generic.py
cfn=__finalize__
calls=2 6131
4308 16900
cfl=c:\Users\Pedro\faculdade\IniciacaoCientifica\grn\.env\Lib\site-packages\pandas\core\indexes\base.py
cfn=view
calls=2 1033
4308 14100
cfl=c:\Users\Pedro\faculdade\IniciacaoCientifica\grn\.env\Lib\site-packages\pandas\core\indexes\range.py
cfn=_getitem_slice
calls=2 1311
4308 7900
cfl=c:\Users\Pedro\faculdade\IniciacaoCientifica\grn\.env\Lib\site-packages\pandas\core\internals\blocks.py
cfn=slice_block_rows
calls=10 2081
4308 88400
cfl=c:\Users\Pedro\faculdade\IniciacaoCientifica\grn\.env\Lib\site-packages\pandas\core\internals\managers.py
cfn=__init__
calls=2 1095
4308 400
cfl=~
cfn=<built-in method builtins.isinstance>
calls=2 0
4308 100

fl=c:\Users\Pedro\faculdade\IniciacaoCientifica\grn\.env\Lib\site-packages\pandas\core\generic.py
fn=__finalize__
6131 14400
cfl=c:\Users\Pedro\faculdade\IniciacaoCientifica\grn\.env\Lib\site-packages\pandas\core\flags.py
cfn=allows_duplicate_labels:67
calls=4 67
6131 300
cfl=c:\Users\Pedro\faculdade\IniciacaoCientifica\grn\.env\Lib\site-packages\pandas\core\flags.py
cfn=allows_duplicate_labels:99
calls=2 99
6131 1200
cfl=c:\Users\Pedro\faculdade\IniciacaoCientifica\grn\.env\Lib\site-packages\pandas\core\generic.py
cfn=attrs
calls=2 318
6131 200
cfl=c:\Users\Pedro\faculdade\IniciacaoCientifica\grn\.env\Lib\site-packages\pandas\core\generic.py
cfn=flags
calls=6 360
6131 700
cfl=~
cfn=<built-in method builtins.isinstance>
calls=2 0
6131 100

fl=c:\Users\Pedro\faculdade\IniciacaoCientifica\grn\.env\Lib\site-packages\pandas\core\indexers\utils.py
fn=getitem_returns_view
416 17600
cfl=c:\Users\Pedro\faculdade\IniciacaoCientifica\grn\.env\Lib\site-packages\pandas\core\indexers\utils.py
cfn=<genexpr>:425
calls=20 425
416 4200
cfl=c:\Users\Pedro\faculdade\IniciacaoCientifica\grn\.env\Lib\site-packages\pandas\core\indexers\utils.py
cfn=<genexpr>:432
calls=20 432
416 4300
cfl=~
cfn=<built-in method builtins.isinstance>
calls=10 0
416 900

fl=c:\Users\Pedro\faculdade\IniciacaoCientifica\grn\.env\Lib\site-packages\pandas\core\indexers\utils.py
fn=<genexpr>:425
425 4200

fl=c:\Users\Pedro\faculdade\IniciacaoCientifica\grn\.env\Lib\site-packages\pandas\core\indexers\utils.py
fn=<genexpr>:432
432 3500
cfl=~
cfn=<built-in method builtins.isinstance>
calls=10 0
432 800

fl=c:\Users\Pedro\faculdade\IniciacaoCientifica\grn\.env\Lib\site-packages\pandas\core\indexers\utils.py
fn=check_array_indexer
441 6800

fl=c:\Users\Pedro\faculdade\IniciacaoCientifica\grn\.env\Lib\site-packages\pandas\core\indexes\api.py
fn=default_index
340 3600
cfl=c:\Users\Pedro\faculdade\IniciacaoCientifica\grn\.env\Lib\site-packages\pandas\core\indexes\range.py
cfn=_simple_new
calls=2 236
340 4600

fl=c:\Users\Pedro\faculdade\IniciacaoCientifica\grn\.env\Lib\site-packages\pandas\core\indexes\base.py
fn=__new__
486 53500
cfl=c:\Users\Pedro\faculdade\IniciacaoCientifica\grn\.env\Lib\site-packages\pandas\core\arrays\numpy_.py
cfn=dtype
calls=8 179
486 2400
cfl=c:\Users\Pedro\faculdade\IniciacaoCientifica\grn\.env\Lib\site-packages\pandas\core\construction.py
cfn=ensure_wrapped_if_datetimelike
calls=4 495
486 1700
cfl=c:\Users\Pedro\faculdade\IniciacaoCientifica\grn\.env\Lib\site-packages\pandas\core\construction.py
cfn=sanitize_array
calls=4 531
486 281900
cfl=c:\Users\Pedro\faculdade\IniciacaoCientifica\grn\.env\Lib\site-packages\pandas\core\dtypes\common.py
cfn=is_ea_or_datetimelike_dtype
calls=8 1547
486 5200
cfl=c:\Users\Pedro\faculdade\IniciacaoCientifica\grn\.env\Lib\site-packages\pandas\core\indexes\base.py
cfn=<genexpr>
calls=2 555
486 1000
cfl=c:\Users\Pedro\faculdade\IniciacaoCientifica\grn\.env\Lib\site-packages\pandas\core\indexes\base.py
cfn=_ensure_array
calls=4 594
486 8400
cfl=c:\Users\Pedro\faculdade\IniciacaoCientifica\grn\.env\Lib\site-packages\pandas\core\indexes\base.py
cfn=_dtype_to_subclass
calls=4 612
486 18100
cfl=c:\Users\Pedro\faculdade\IniciacaoCientifica\grn\.env\Lib\site-packages\pandas\core\indexes\base.py
cfn=_simple_new
calls=4 652
486 21000
cfl=c:\Users\Pedro\faculdade\IniciacaoCientifica\grn\.env\Lib\site-packages\pandas\core\indexes\base.py
cfn=_maybe_copy_array_input
calls=4 5286
486 3200
cfl=c:\Users\Pedro\faculdade\IniciacaoCientifica\grn\.env\Lib\site-packages\pandas\core\indexes\base.py
cfn=maybe_extract_name
calls=4 8003
486 9300
cfl=~
cfn=<built-in method builtins.getattr>
calls=4 0
486 600
cfl=~
cfn=<built-in method builtins.hasattr>
calls=4 0
486 800
cfl=~
cfn=<built-in method builtins.isinstance>
calls=24 0
486 11400
cfl=~
cfn=<built-in method builtins.len>
calls=8 0
486 600

fl=c:\Users\Pedro\faculdade\IniciacaoCientifica\grn\.env\Lib\site-packages\pandas\core\indexes\base.py
fn=<genexpr>
555 900
cfl=~
cfn=<built-in method builtins.isinstance>
calls=1 0
555 100

fl=c:\Users\Pedro\faculdade\IniciacaoCientifica\grn\.env\Lib\site-packages\pandas\core\indexes\base.py
fn=_ensure_array
594 4700
cfl=c:\Users\Pedro\faculdade\IniciacaoCientifica\grn\.env\Lib\site-packages\pandas\core\arrays\string_.py
cfn=__eq__
calls=4 236
594 3700

fl=c:\Users\Pedro\faculdade\IniciacaoCientifica\grn\.env\Lib\site-packages\pandas\core\indexes\base.py
fn=_dtype_to_subclass
612 6600
cfl=c:\Users\Pedro\faculdade\IniciacaoCientifica\grn\.env\Lib\site-packages\pandas\core\dtypes\base.py
cfn=index_class
calls=4 416
612 11200
cfl=~
cfn=<built-in method builtins.isinstance>
calls=4 0
612 300

fl=c:\Users\Pedro\faculdade\IniciacaoCientifica\grn\.env\Lib\site-packages\pandas\core\indexes\base.py
fn=_simple_new
652 17700
cfl=c:\Users\Pedro\faculdade\IniciacaoCientifica\grn\.env\Lib\site-packages\pandas\core\indexes\base.py
cfn=_reset_identity
calls=8 837
652 10700
cfl=~
cfn=<built-in method __new__ of type object at 0x00007FF929334D90>
calls=8 0
652 2300
cfl=~
cfn=<built-in method builtins.isinstance>
calls=8 0
652 1600

fl=c:\Users\Pedro\faculdade\IniciacaoCientifica\grn\.env\Lib\site-packages\pandas\core\indexes\base.py
fn=_view
779 6800
cfl=c:\Users\Pedro\faculdade\IniciacaoCientifica\grn\.env\Lib\site-packages\pandas\core\indexes\base.py
cfn=_simple_new
calls=4 652
779 11300
cfl=c:\Users\Pedro\faculdade\IniciacaoCientifica\grn\.env\Lib\site-packages\pandas\core\indexes\base.py
cfn=_values
calls=4 5101
779 400

fl=c:\Users\Pedro\faculdade\IniciacaoCientifica\grn\.env\Lib\site-packages\pandas\core\indexes\base.py
fn=_reset_identity
837 13300

fl=c:\Users\Pedro\faculdade\IniciacaoCientifica\grn\.env\Lib\site-packages\pandas\core\indexes\base.py
fn=_engine
849 13600
cfl=C:\Users\Pedro\AppData\Local\Python\pythoncore-3.14-64\Lib\typing.py
cfn=cast
calls=1 2300
849 100
cfl=c:\Users\Pedro\faculdade\IniciacaoCientifica\grn\.env\Lib\site-packages\pandas\core\arrays\string_.py
cfn=na_value
calls=1 150
849 100
cfl=c:\Users\Pedro\faculdade\IniciacaoCientifica\grn\.env\Lib\site-packages\pandas\core\dtypes\common.py
cfn=is_object_dtype
calls=1 142
849 8200
cfl=c:\Users\Pedro\faculdade\IniciacaoCientifica\grn\.env\Lib\site-packages\pandas\core\dtypes\common.py
cfn=is_string_dtype
calls=1 610
849 8300
cfl=c:\Users\Pedro\faculdade\IniciacaoCientifica\grn\.env\Lib\site-packages\pandas\core\dtypes\common.py
cfn=needs_i8_conversion
calls=1 1204
849 900
cfl=c:\Users\Pedro\faculdade\IniciacaoCientifica\grn\.env\Lib\site-packages\pandas\core\indexes\base.py
cfn=dtype
calls=1 986
849 400
cfl=c:\Users\Pedro\faculdade\IniciacaoCientifica\grn\.env\Lib\site-packages\pandas\core\indexes\base.py
cfn=_values
calls=1 5101
849 0
cfl=c:\Users\Pedro\faculdade\IniciacaoCientifica\grn\.env\Lib\site-packages\pandas\core\indexes\base.py
cfn=_get_engine_target
calls=1 5127
849 2000
cfl=~
cfn=<built-in method builtins.isinstance>
calls=2 0
849 200

fl=c:\Users\Pedro\faculdade\IniciacaoCientifica\grn\.env\Lib\site-packages\pandas\core\indexes\base.py
fn=__len__
918 2600
cfl=~
cfn=<built-in method builtins.len>
calls=10 0
918 1600

fl=c:\Users\Pedro\faculdade\IniciacaoCientifica\grn\.env\Lib\site-packages\pandas\core\indexes\base.py
fn=dtype
986 300
cfl=c:\Users\Pedro\faculdade\IniciacaoCientifica\grn\.env\Lib\site-packages\pandas\core\arrays\numpy_.py
cfn=dtype
calls=1 179
986 100

fl=c:\Users\Pedro\faculdade\IniciacaoCientifica\grn\.env\Lib\site-packages\pandas\core\indexes\base.py
fn=view
1033 6000
cfl=c:\Users\Pedro\faculdade\IniciacaoCientifica\grn\.env\Lib\site-packages\pandas\core\indexes\base.py
cfn=_view
calls=4 779
1033 18500
cfl=c:\Users\Pedro\faculdade\IniciacaoCientifica\grn\.env\Lib\site-packages\pandas\core\indexes\range.py
cfn=_view
calls=2 620
1033 4600
cfl=~
cfn=<built-in method builtins.isinstance>
calls=6 0
1033 600

fl=c:\Users\Pedro\faculdade\IniciacaoCientifica\grn\.env\Lib\site-packages\pandas\core\indexes\base.py
fn=_get_values_for_csv
1574 8800
cfl=c:\Users\Pedro\faculdade\IniciacaoCientifica\grn\.env\Lib\site-packages\pandas\core\indexes\base.py
cfn=_values
calls=2 5101
1574 600
cfl=c:\Users\Pedro\faculdade\IniciacaoCientifica\grn\.env\Lib\site-packages\pandas\core\indexes\base.py
cfn=get_values_for_csv
calls=2 8085
1574 178100

fl=c:\Users\Pedro\faculdade\IniciacaoCientifica\grn\.env\Lib\site-packages\pandas\core\indexes\base.py
fn=name
1779 500

fl=c:\Users\Pedro\faculdade\IniciacaoCientifica\grn\.env\Lib\site-packages\pandas\core\indexes\base.py
fn=get_loc
3601 19600
cfl=c:\Users\Pedro\faculdade\IniciacaoCientifica\grn\.env\Lib\site-packages\pandas\core\indexes\base.py
cfn=_engine
calls=1 849
3601 33800
cfl=c:\Users\Pedro\faculdade\IniciacaoCientifica\grn\.env\Lib\site-packages\pandas\core\indexes\base.py
cfn=_maybe_cast_indexer
calls=12 6814
3601 2100

fl=c:\Users\Pedro\faculdade\IniciacaoCientifica\grn\.env\Lib\site-packages\pandas\core\indexes\base.py
fn=_validate_positional_slice
4034 3500
cfl=c:\Users\Pedro\faculdade\IniciacaoCientifica\grn\.env\Lib\site-packages\pandas\core\indexes\base.py
cfn=_validate_indexer
calls=6 6852
4034 4400

fl=c:\Users\Pedro\faculdade\IniciacaoCientifica\grn\.env\Lib\site-packages\pandas\core\indexes\base.py
fn=_values
5101 1300

fl=c:\Users\Pedro\faculdade\IniciacaoCientifica\grn\.env\Lib\site-packages\pandas\core\indexes\base.py
fn=_get_engine_target
5127 1900
cfl=c:\Users\Pedro\faculdade\IniciacaoCientifica\grn\.env\Lib\site-packages\pandas\core\indexes\base.py
cfn=_values
calls=1 5101
5127 0
cfl=~
cfn=<built-in method builtins.isinstance>
calls=1 0
5127 100

fl=c:\Users\Pedro\faculdade\IniciacaoCientifica\grn\.env\Lib\site-packages\pandas\core\indexes\base.py
fn=_maybe_copy_array_input
5286 2700
cfl=~
cfn=<built-in method builtins.isinstance>
calls=4 0
5286 500

fl=c:\Users\Pedro\faculdade\IniciacaoCientifica\grn\.env\Lib\site-packages\pandas\core\indexes\base.py
fn=_maybe_cast_indexer
6814 2100

fl=c:\Users\Pedro\faculdade\IniciacaoCientifica\grn\.env\Lib\site-packages\pandas\core\indexes\base.py
fn=_validate_indexer
6852 4400

fl=c:\Users\Pedro\faculdade\IniciacaoCientifica\grn\.env\Lib\site-packages\pandas\core\indexes\base.py
fn=ensure_index
7919 30200
cfl=c:\Users\Pedro\faculdade\IniciacaoCientifica\grn\.env\Lib\site-packages\pandas\core\dtypes\generic.py
cfn=_instancecheck
calls=6 43
7919 4300
cfl=c:\Users\Pedro\faculdade\IniciacaoCientifica\grn\.env\Lib\site-packages\pandas\core\indexes\base.py
cfn=__new__
calls=4 486
7919 419100
cfl=~
cfn=<built-in method builtins.isinstance>
calls=21 0
7919 9500

fl=c:\Users\Pedro\faculdade\IniciacaoCientifica\grn\.env\Lib\site-packages\pandas\core\indexes\base.py
fn=maybe_extract_name
8003 4700
cfl=c:\Users\Pedro\faculdade\IniciacaoCientifica\grn\.env\Lib\site-packages\pandas\core\dtypes\inference.py
cfn=is_hashable
calls=5 387
8003 2700
cfl=~
cfn=<built-in method builtins.isinstance>
calls=5 0
8003 5300

fl=c:\Users\Pedro\faculdade\IniciacaoCientifica\grn\.env\Lib\site-packages\pandas\core\indexes\base.py
fn=get_values_for_csv
8085 78100
cfl=c:\Users\Pedro\faculdade\IniciacaoCientifica\grn\.env\Lib\site-packages\pandas\core\arrays\numpy_.py
cfn=dtype
calls=36 179
8085 3900
cfl=c:\Users\Pedro\faculdade\IniciacaoCientifica\grn\.env\Lib\site-packages\pandas\core\arrays\string_.py
cfn=astype
calls=12 915
8085 378600
cfl=c:\Users\Pedro\faculdade\IniciacaoCientifica\grn\.env\Lib\site-packages\pandas\core\construction.py
cfn=ensure_wrapped_if_datetimelike
calls=18 495
8085 9400
cfl=c:\Users\Pedro\faculdade\IniciacaoCientifica\grn\.env\Lib\site-packages\pandas\core\dtypes\base.py
cfn=kind
calls=12 181
8085 1100
cfl=c:\Users\Pedro\faculdade\IniciacaoCientifica\grn\.env\Lib\site-packages\pandas\core\dtypes\missing.py
cfn=isna
calls=18 97
8085 194700
cfl=~
cfn=<built-in method builtins.isinstance>
calls=90 0
8085 10100
cfl=~
cfn=<built-in method numpy.array>
calls=6 0
8085 12400
cfl=~
cfn=<built-in method numpy.asarray>
calls=12 0
8085 1700
cfl=~
cfn=<method 'astype' of 'numpy.ndarray' objects>
calls=6 0
8085 3100

fl=c:\Users\Pedro\faculdade\IniciacaoCientifica\grn\.env\Lib\site-packages\pandas\core\indexes\range.py
fn=__new__
151 8400
cfl=c:\Users\Pedro\faculdade\IniciacaoCientifica\grn\.env\Lib\site-packages\pandas\core\common.py
cfn=all_none
calls=1 197
151 2500
cfl=c:\Users\Pedro\faculdade\IniciacaoCientifica\grn\.env\Lib\site-packages\pandas\core\dtypes\common.py
cfn=ensure_python_int
calls=2 96
151 1700
cfl=c:\Users\Pedro\faculdade\IniciacaoCientifica\grn\.env\Lib\site-packages\pandas\core\indexes\base.py
cfn=maybe_extract_name
calls=1 8003
151 3400
cfl=c:\Users\Pedro\faculdade\IniciacaoCientifica\grn\.env\Lib\site-packages\pandas\core\indexes\range.py
cfn=_simple_new
calls=1 236
151 2700
cfl=c:\Users\Pedro\faculdade\IniciacaoCientifica\grn\.env\Lib\site-packages\pandas\core\indexes\range.py
cfn=_validate_dtype
calls=1 251
151 100
cfl=~
cfn=<built-in method builtins.isinstance>
calls=2 0
151 200

fl=c:\Users\Pedro\faculdade\IniciacaoCientifica\grn\.env\Lib\site-packages\pandas\core\indexes\range.py
fn=_simple_new
236 7900
cfl=c:\Users\Pedro\faculdade\IniciacaoCientifica\grn\.env\Lib\site-packages\pandas\core\indexes\base.py
cfn=_reset_identity
calls=7 837
236 2600
cfl=~
cfn=<built-in method __new__ of type object at 0x00007FF929334D90>
calls=7 0
236 2000
cfl=~
cfn=<built-in method builtins.isinstance>
calls=7 0
236 600

fl=c:\Users\Pedro\faculdade\IniciacaoCientifica\grn\.env\Lib\site-packages\pandas\core\indexes\range.py
fn=_validate_dtype
251 100

fl=c:\Users\Pedro\faculdade\IniciacaoCientifica\grn\.env\Lib\site-packages\pandas\core\indexes\range.py
fn=_view
620 1900
cfl=c:\Users\Pedro\faculdade\IniciacaoCientifica\grn\.env\Lib\site-packages\pandas\core\indexes\range.py
cfn=_simple_new
calls=2 236
620 2700

fl=c:\Users\Pedro\faculdade\IniciacaoCientifica\grn\.env\Lib\site-packages\pandas\core\indexes\range.py
fn=__len__
1265 15700
cfl=~
cfn=<built-in method builtins.len>
calls=76 0
1265 6300

fl=c:\Users\Pedro\faculdade\IniciacaoCientifica\grn\.env\Lib\site-packages\pandas\core\indexes\range.py
fn=_getitem_slice
1311 4800
cfl=c:\Users\Pedro\faculdade\IniciacaoCientifica\grn\.env\Lib\site-packages\pandas\core\indexes\range.py
cfn=_simple_new
calls=2 236
1311 3100

fl=c:\Users\Pedro\faculdade\IniciacaoCientifica\grn\.env\Lib\site-packages\pandas\core\indexing.py
fn=iloc
159 2500

fl=c:\Users\Pedro\faculdade\IniciacaoCientifica\grn\.env\Lib\site-packages\pandas\core\indexing.py
fn=_raise_callable_usage
1184 1300
cfl=~
cfn=<built-in method builtins.callable>
calls=2 0
1184 300

fl=c:\Users\Pedro\faculdade\IniciacaoCientifica\grn\.env\Lib\site-packages\pandas\core\indexing.py
fn=__getitem__
1192 13600
cfl=c:\Users\Pedro\faculdade\IniciacaoCientifica\grn\.env\Lib\site-packages\pandas\core\common.py
cfn=apply_if_callable
calls=2 377
1192 2000
cfl=c:\Users\Pedro\faculdade\IniciacaoCientifica\grn\.env\Lib\site-packages\pandas\core\indexing.py
cfn=_raise_callable_usage
calls=2 1184
1192 1600
cfl=c:\Users\Pedro\faculdade\IniciacaoCientifica\grn\.env\Lib\site-packages\pandas\core\indexing.py
cfn=_getitem_axis
calls=2 1740
1192 213400
cfl=c:\Users\Pedro\faculdade\IniciacaoCientifica\grn\.env\Lib\site-packages\pandas\core\indexing.py
cfn=check_dict_or_set_indexers
calls=2 2780
1192 3200

fl=c:\Users\Pedro\faculdade\IniciacaoCientifica\grn\.env\Lib\site-packages\pandas\core\indexing.py
fn=_getitem_axis
1740 4100
cfl=c:\Users\Pedro\faculdade\IniciacaoCientifica\grn\.env\Lib\site-packages\pandas\core\indexing.py
cfn=_get_slice_axis
calls=2 1777
1740 206800
cfl=~
cfn=<built-in method builtins.isinstance>
calls=4 0
1740 2500

fl=c:\Users\Pedro\faculdade\IniciacaoCientifica\grn\.env\Lib\site-packages\pandas\core\indexing.py
fn=_get_slice_axis
1777 8300
cfl=c:\Users\Pedro\faculdade\IniciacaoCientifica\grn\.env\Lib\site-packages\pandas\core\generic.py
cfn=_get_axis
calls=2 535
1777 4200
cfl=c:\Users\Pedro\faculdade\IniciacaoCientifica\grn\.env\Lib\site-packages\pandas\core\generic.py
cfn=_slice
calls=2 4308
1777 185600
cfl=c:\Users\Pedro\faculdade\IniciacaoCientifica\grn\.env\Lib\site-packages\pandas\core\indexes\base.py
cfn=_validate_positional_slice
calls=2 4034
1777 7900
cfl=c:\Users\Pedro\faculdade\IniciacaoCientifica\grn\.env\Lib\site-packages\pandas\core\indexing.py
cfn=need_slice
calls=2 2767
1777 800

fl=c:\Users\Pedro\faculdade\IniciacaoCientifica\grn\.env\Lib\site-packages\pandas\core\indexing.py
fn=need_slice
2767 800

fl=c:\Users\Pedro\faculdade\IniciacaoCientifica\grn\.env\Lib\site-packages\pandas\core\indexing.py
fn=check_dict_or_set_indexers
2780 1800
cfl=~
cfn=<built-in method builtins.isinstance>
calls=8 0
2780 1400

fl=c:\Users\Pedro\faculdade\IniciacaoCientifica\grn\.env\Lib\site-packages\pandas\core\internals\blocks.py
fn=is_extension
168 13700
cfl=c:\Users\Pedro\faculdade\IniciacaoCientifica\grn\.env\Lib\site-packages\pandas\core\arrays\numpy_.py
cfn=dtype
calls=20 179
168 2400

fl=c:\Users\Pedro\faculdade\IniciacaoCientifica\grn\.env\Lib\site-packages\pandas\core\internals\blocks.py
fn=_can_consolidate
173 6200
cfl=c:\Users\Pedro\faculdade\IniciacaoCientifica\grn\.env\Lib\site-packages\pandas\core\internals\blocks.py
cfn=is_extension
calls=16 168
173 7400

fl=c:\Users\Pedro\faculdade\IniciacaoCientifica\grn\.env\Lib\site-packages\pandas\core\internals\blocks.py
fn=make_block
228 21500
cfl=c:\Users\Pedro\faculdade\IniciacaoCientifica\grn\.env\Lib\site-packages\pandas\core\internals\blocks.py
cfn=is_extension
calls=16 168
228 8700
cfl=c:\Users\Pedro\faculdade\IniciacaoCientifica\grn\.env\Lib\site-packages\pandas\core\internals\blocks.py
cfn=new_block
calls=16 2258
228 28000
cfl=c:\Users\Pedro\faculdade\IniciacaoCientifica\grn\.env\Lib\site-packages\pandas\core\internals\blocks.py
cfn=ensure_block_shape
calls=10 2352
228 18900

fl=c:\Users\Pedro\faculdade\IniciacaoCientifica\grn\.env\Lib\site-packages\pandas\core\internals\blocks.py
fn=dtype
573 1000

fl=c:\Users\Pedro\faculdade\IniciacaoCientifica\grn\.env\Lib\site-packages\pandas\core\internals\blocks.py
fn=get_values_for_csv
624 16100
cfl=c:\Users\Pedro\faculdade\IniciacaoCientifica\grn\.env\Lib\site-packages\pandas\core\indexes\base.py
cfn=get_values_for_csv
calls=16 8085
624 515000
cfl=c:\Users\Pedro\faculdade\IniciacaoCientifica\grn\.env\Lib\site-packages\pandas\core\internals\blocks.py
cfn=make_block
calls=16 228
624 77100

fl=c:\Users\Pedro\faculdade\IniciacaoCientifica\grn\.env\Lib\site-packages\pandas\core\internals\blocks.py
fn=iget
961 8300

fl=c:\Users\Pedro\faculdade\IniciacaoCientifica\grn\.env\Lib\site-packages\pandas\core\internals\blocks.py
fn=slice_block_rows
2081 16800
cfl=c:\Users\Pedro\faculdade\IniciacaoCientifica\grn\.env\Lib\site-packages\pandas\core\arrays\_mixins.py
cfn=__getitem__
calls=10 287
2081 71600

fl=c:\Users\Pedro\faculdade\IniciacaoCientifica\grn\.env\Lib\site-packages\pandas\core\internals\blocks.py
fn=maybe_coerce_values
2187 7500
cfl=c:\Users\Pedro\faculdade\IniciacaoCientifica\grn\.env\Lib\site-packages\pandas\core\construction.py
cfn=ensure_wrapped_if_datetimelike
calls=7 495
2187 2700
cfl=~
cfn=<built-in method builtins.isinstance>
calls=24 0
2187 2200
cfl=~
cfn=<built-in method builtins.issubclass>
calls=7 0
2187 600

fl=c:\Users\Pedro\faculdade\IniciacaoCientifica\grn\.env\Lib\site-packages\pandas\core\internals\blocks.py
fn=get_block_type
2216 25000
cfl=~
cfn=<built-in method builtins.isinstance>
calls=132 0
2216 9000

fl=c:\Users\Pedro\faculdade\IniciacaoCientifica\grn\.env\Lib\site-packages\pandas\core\internals\blocks.py
fn=new_block_2d
2245 14300
cfl=c:\Users\Pedro\faculdade\IniciacaoCientifica\grn\.env\Lib\site-packages\pandas\core\arrays\numpy_.py
cfn=dtype
calls=5 179
2245 400
cfl=c:\Users\Pedro\faculdade\IniciacaoCientifica\grn\.env\Lib\site-packages\pandas\core\internals\blocks.py
cfn=maybe_coerce_values
calls=12 2187
2245 13000
cfl=c:\Users\Pedro\faculdade\IniciacaoCientifica\grn\.env\Lib\site-packages\pandas\core\internals\blocks.py
cfn=get_block_type
calls=12 2216
2245 8300

fl=c:\Users\Pedro\faculdade\IniciacaoCientifica\grn\.env\Lib\site-packages\pandas\core\internals\blocks.py
fn=new_block
2258 15000
cfl=c:\Users\Pedro\faculdade\IniciacaoCientifica\grn\.env\Lib\site-packages\pandas\core\internals\blocks.py
cfn=get_block_type
calls=16 2216
2258 13000

fl=c:\Users\Pedro\faculdade\IniciacaoCientifica\grn\.env\Lib\site-packages\pandas\core\internals\blocks.py
fn=extend_blocks
2336 9300
cfl=~
cfn=<built-in method builtins.isinstance>
calls=32 0
2336 2900
cfl=~
cfn=<method 'append' of 'list' objects>
calls=16 0
2336 2400

fl=c:\Users\Pedro\faculdade\IniciacaoCientifica\grn\.env\Lib\site-packages\pandas\core\internals\blocks.py
fn=ensure_block_shape
2352 17200
cfl=C:\Users\Pedro\AppData\Local\Python\pythoncore-3.14-64\Lib\typing.py
cfn=cast
calls=17 2300
2352 1500
cfl=c:\Users\Pedro\faculdade\IniciacaoCientifica\grn\.env\Lib\site-packages\pandas\core\arrays\numpy_.py
cfn=dtype
calls=5 179
2352 500
cfl=c:\Users\Pedro\faculdade\IniciacaoCientifica\grn\.env\Lib\site-packages\pandas\core\dtypes\common.py
cfn=is_1d_only_ea_dtype
calls=22 1473
2352 8300
cfl=~
cfn=<method 'reshape' of 'numpy.ndarray' objects>
calls=17 0
2352 7600

fl=c:\Users\Pedro\faculdade\IniciacaoCientifica\grn\.env\Lib\site-packages\pandas\core\internals\construction.py
fn=arrays_to_mgr
96 10600
cfl=c:\Users\Pedro\faculdade\IniciacaoCientifica\grn\.env\Lib\site-packages\pandas\core\indexes\base.py
cfn=ensure_index
calls=6 7919
96 2000
cfl=c:\Users\Pedro\faculdade\IniciacaoCientifica\grn\.env\Lib\site-packages\pandas\core\internals\construction.py
cfn=_homogenize
calls=3 553
96 495300
cfl=c:\Users\Pedro\faculdade\IniciacaoCientifica\grn\.env\Lib\site-packages\pandas\core\internals\managers.py
cfn=create_block_manager_from_column_arrays
calls=3 2319
96 270800
cfl=~
cfn=<built-in method builtins.len>
calls=6 0
96 2300

fl=c:\Users\Pedro\faculdade\IniciacaoCientifica\grn\.env\Lib\site-packages\pandas\core\internals\construction.py
fn=dict_to_mgr
375 16500
cfl=c:\Users\Pedro\faculdade\IniciacaoCientifica\grn\.env\Lib\site-packages\pandas\core\arrays\base.py
cfn=__iter__
calls=13 559
375 11600
cfl=c:\Users\Pedro\faculdade\IniciacaoCientifica\grn\.env\Lib\site-packages\pandas\core\base.py
cfn=__iter__
calls=1 931
375 2300
cfl=c:\Users\Pedro\faculdade\IniciacaoCientifica\grn\.env\Lib\site-packages\pandas\core\indexes\base.py
cfn=get_loc
calls=12 3601
375 55500
cfl=c:\Users\Pedro\faculdade\IniciacaoCientifica\grn\.env\Lib\site-packages\pandas\core\indexes\base.py
cfn=ensure_index
calls=3 7919
375 167600
cfl=c:\Users\Pedro\faculdade\IniciacaoCientifica\grn\.env\Lib\site-packages\pandas\core\internals\construction.py
cfn=arrays_to_mgr
calls=1 96
375 285300
cfl=~
cfn=<built-in method builtins.len>
calls=1 0
375 1100
cfl=~
cfn=<method 'keys' of 'dict' objects>
calls=1 0
375 100
cfl=~
cfn=<method 'values' of 'dict' objects>
calls=1 0
375 100

fl=c:\Users\Pedro\faculdade\IniciacaoCientifica\grn\.env\Lib\site-packages\pandas\core\internals\construction.py
fn=nested_data_to_arrays
463 11600
cfl=c:\Users\Pedro\faculdade\IniciacaoCientifica\grn\.env\Lib\site-packages\pandas\core\dtypes\inference.py
cfn=is_named_tuple
calls=2 349
463 17500
cfl=c:\Users\Pedro\faculdade\IniciacaoCientifica\grn\.env\Lib\site-packages\pandas\core\indexes\api.py
cfn=default_index
calls=2 340
463 8200
cfl=c:\Users\Pedro\faculdade\IniciacaoCientifica\grn\.env\Lib\site-packages\pandas\core\indexes\base.py
cfn=ensure_index
calls=2 7919
463 700
cfl=c:\Users\Pedro\faculdade\IniciacaoCientifica\grn\.env\Lib\site-packages\pandas\core\internals\construction.py
cfn=to_arrays
calls=2 759
463 662400
cfl=~
cfn=<built-in method builtins.isinstance>
calls=2 0
463 3100
cfl=~
cfn=<built-in method builtins.len>
calls=2 0
463 200

fl=c:\Users\Pedro\faculdade\IniciacaoCientifica\grn\.env\Lib\site-packages\pandas\core\internals\construction.py
fn=treat_as_nested
489 5500
cfl=~
cfn=<built-in method builtins.getattr>
calls=2 0
489 200
cfl=~
cfn=<built-in method builtins.isinstance>
calls=2 0
489 0
cfl=~
cfn=<built-in method builtins.len>
calls=2 0
489 300

fl=c:\Users\Pedro\faculdade\IniciacaoCientifica\grn\.env\Lib\site-packages\pandas\core\internals\construction.py
fn=_homogenize
553 40800
cfl=c:\Users\Pedro\faculdade\IniciacaoCientifica\grn\.env\Lib\site-packages\pandas\core\common.py
cfn=require_length_match
calls=36 596
553 30700
cfl=c:\Users\Pedro\faculdade\IniciacaoCientifica\grn\.env\Lib\site-packages\pandas\core\construction.py
cfn=sanitize_array
calls=36 531
553 383200
cfl=~
cfn=<built-in method builtins.isinstance>
calls=72 0
553 31500
cfl=~
cfn=<method 'append' of 'list' objects>
calls=72 0
553 9100

fl=c:\Users\Pedro\faculdade\IniciacaoCientifica\grn\.env\Lib\site-packages\pandas\core\internals\construction.py
fn=to_arrays
759 9300
cfl=c:\Users\Pedro\faculdade\IniciacaoCientifica\grn\.env\Lib\site-packages\pandas\core\internals\construction.py
cfn=_list_of_dict_to_arrays
calls=2 858
759 330800
cfl=c:\Users\Pedro\faculdade\IniciacaoCientifica\grn\.env\Lib\site-packages\pandas\core\internals\construction.py
cfn=_finalize_columns_and_data
calls=2 900
759 319700
cfl=~
cfn=<built-in method builtins.isinstance>
calls=6 0
759 2500
cfl=~
cfn=<built-in method builtins.len>
calls=2 0
759 100

fl=c:\Users\Pedro\faculdade\IniciacaoCientifica\grn\.env\Lib\site-packages\pandas\core\internals\construction.py
fn=_list_of_dict_to_arrays
858 32300
cfl=c:\Users\Pedro\faculdade\IniciacaoCientifica\grn\.env\Lib\site-packages\pandas\core\indexes\base.py
cfn=ensure_index
calls=2 7919
858 292800
cfl=c:\Users\Pedro\faculdade\IniciacaoCientifica\grn\.env\Lib\site-packages\pandas\core\internals\construction.py
cfn=<genexpr>:886
calls=4 886
858 3400
cfl=c:\Users\Pedro\faculdade\IniciacaoCientifica\grn\.env\Lib\site-packages\pandas\core\internals\construction.py
cfn=<genexpr>:887
calls=4 887
858 2300

fl=c:\Users\Pedro\faculdade\IniciacaoCientifica\grn\.env\Lib\site-packages\pandas\core\internals\construction.py
fn=<genexpr>:886
886 2800
cfl=~
cfn=<method 'keys' of 'dict' objects>
calls=2 0
886 600

fl=c:\Users\Pedro\faculdade\IniciacaoCientifica\grn\.env\Lib\site-packages\pandas\core\internals\construction.py
fn=<genexpr>:887
887 2100
cfl=~
cfn=<built-in method builtins.isinstance>
calls=2 0
887 200

fl=c:\Users\Pedro\faculdade\IniciacaoCientifica\grn\.env\Lib\site-packages\pandas\core\internals\construction.py
fn=_finalize_columns_and_data
900 16400
cfl=c:\Users\Pedro\faculdade\IniciacaoCientifica\grn\.env\Lib\site-packages\pandas\core\internals\construction.py
cfn=_validate_or_indexify_columns
calls=2 922
900 5000
cfl=c:\Users\Pedro\faculdade\IniciacaoCientifica\grn\.env\Lib\site-packages\pandas\core\internals\construction.py
cfn=convert_object_array
calls=2 977
900 298300

fl=c:\Users\Pedro\faculdade\IniciacaoCientifica\grn\.env\Lib\site-packages\pandas\core\internals\construction.py
fn=_validate_or_indexify_columns
922 1900
cfl=~
cfn=<built-in method builtins.isinstance>
calls=2 0
922 300
cfl=~
cfn=<built-in method builtins.len>
calls=4 0
922 2800

fl=c:\Users\Pedro\faculdade\IniciacaoCientifica\grn\.env\Lib\site-packages\pandas\core\internals\construction.py
fn=convert_object_array
977 9800
cfl=c:\Users\Pedro\faculdade\IniciacaoCientifica\grn\.env\Lib\site-packages\pandas\core\internals\construction.py
cfn=convert
calls=24 999
977 288500

fl=c:\Users\Pedro\faculdade\IniciacaoCientifica\grn\.env\Lib\site-packages\pandas\core\internals\construction.py
fn=convert
999 122200
cfl=c:\Users\Pedro\faculdade\IniciacaoCientifica\grn\.env\Lib\site-packages\numpy\_core\numeric.py
cfn=full
calls=44 323
999 57400
cfl=c:\Users\Pedro\faculdade\IniciacaoCientifica\grn\.env\Lib\site-packages\pandas\_config\__init__.py
cfn=using_string_dtype
calls=10 33
999 1500
cfl=c:\Users\Pedro\faculdade\IniciacaoCientifica\grn\.env\Lib\site-packages\pandas\core\arrays\string_.py
cfn=__init__
calls=10 197
999 55800
cfl=c:\Users\Pedro\faculdade\IniciacaoCientifica\grn\.env\Lib\site-packages\pandas\core\arrays\string_.py
cfn=construct_array_type
calls=10 312
999 9600
cfl=c:\Users\Pedro\faculdade\IniciacaoCientifica\grn\.env\Lib\site-packages\pandas\core\arrays\string_.py
cfn=_from_sequence
calls=10 756
999 39700
cfl=~
cfn=<built-in method builtins.isinstance>
calls=24 0
999 2300

fl=c:\Users\Pedro\faculdade\IniciacaoCientifica\grn\.env\Lib\site-packages\pandas\core\internals\managers.py
fn=shape
215 3900
cfl=c:\Users\Pedro\faculdade\IniciacaoCientifica\grn\.env\Lib\site-packages\pandas\core\internals\managers.py
cfn=<genexpr>
calls=6 217
215 3700

fl=c:\Users\Pedro\faculdade\IniciacaoCientifica\grn\.env\Lib\site-packages\pandas\core\internals\managers.py
fn=<genexpr>
217 1400
cfl=~
cfn=<built-in method builtins.len>
calls=4 0
217 2300

fl=c:\Users\Pedro\faculdade\IniciacaoCientifica\grn\.env\Lib\site-packages\pandas\core\internals\managers.py
fn=blknos
223 27300
cfl=c:\Users\Pedro\faculdade\IniciacaoCientifica\grn\.env\Lib\site-packages\pandas\core\internals\managers.py
cfn=shape
calls=2 215
223 7600

fl=c:\Users\Pedro\faculdade\IniciacaoCientifica\grn\.env\Lib\site-packages\pandas\core\internals\managers.py
fn=blklocs
239 3000

fl=c:\Users\Pedro\faculdade\IniciacaoCientifica\grn\.env\Lib\site-packages\pandas\core\internals\managers.py
fn=apply
399 28500
cfl=c:\Users\Pedro\faculdade\IniciacaoCientifica\grn\.env\Lib\site-packages\pandas\core\indexes\base.py
cfn=view
calls=4 1033
399 15600
cfl=c:\Users\Pedro\faculdade\IniciacaoCientifica\grn\.env\Lib\site-packages\pandas\core\internals\blocks.py
cfn=get_values_for_csv
calls=16 624
399 608200
cfl=c:\Users\Pedro\faculdade\IniciacaoCientifica\grn\.env\Lib\site-packages\pandas\core\internals\blocks.py
cfn=extend_blocks
calls=16 2336
399 14600
cfl=c:\Users\Pedro\faculdade\IniciacaoCientifica\grn\.env\Lib\site-packages\pandas\core\internals\managers.py
cfn=from_blocks
calls=2 1130
399 3400
cfl=~
cfn=<built-in method builtins.callable>
calls=16 0
399 1600
cfl=~
cfn=<built-in method builtins.getattr>
calls=16 0
399 2300

fl=c:\Users\Pedro\faculdade\IniciacaoCientifica\grn\.env\Lib\site-packages\pandas\core\internals\managers.py
fn=get_values_for_csv
622 5800
cfl=c:\Users\Pedro\faculdade\IniciacaoCientifica\grn\.env\Lib\site-packages\pandas\core\internals\managers.py
cfn=apply
calls=2 399
622 674200

fl=c:\Users\Pedro\faculdade\IniciacaoCientifica\grn\.env\Lib\site-packages\pandas\core\internals\managers.py
fn=__init__
1095 1000

fl=c:\Users\Pedro\faculdade\IniciacaoCientifica\grn\.env\Lib\site-packages\pandas\core\internals\managers.py
fn=from_blocks
1130 3200
cfl=c:\Users\Pedro\faculdade\IniciacaoCientifica\grn\.env\Lib\site-packages\pandas\core\internals\managers.py
cfn=__init__
calls=2 1095
1130 200

fl=c:\Users\Pedro\faculdade\IniciacaoCientifica\grn\.env\Lib\site-packages\pandas\core\internals\managers.py
fn=iget_values
1227 19600
cfl=c:\Users\Pedro\faculdade\IniciacaoCientifica\grn\.env\Lib\site-packages\pandas\core\internals\blocks.py
cfn=iget
calls=24 961
1227 8300
cfl=c:\Users\Pedro\faculdade\IniciacaoCientifica\grn\.env\Lib\site-packages\pandas\core\internals\managers.py
cfn=blknos
calls=24 223
1227 34900
cfl=c:\Users\Pedro\faculdade\IniciacaoCientifica\grn\.env\Lib\site-packages\pandas\core\internals\managers.py
cfn=blklocs
calls=24 239
1227 3000

fl=c:\Users\Pedro\faculdade\IniciacaoCientifica\grn\.env\Lib\site-packages\pandas\core\internals\managers.py
fn=is_consolidated
1944 2900
cfl=c:\Users\Pedro\faculdade\IniciacaoCientifica\grn\.env\Lib\site-packages\pandas\core\internals\managers.py
cfn=_consolidate_check
calls=2 1952
1944 29400

fl=c:\Users\Pedro\faculdade\IniciacaoCientifica\grn\.env\Lib\site-packages\pandas\core\internals\managers.py
fn=_consolidate_check
1952 14100
cfl=c:\Users\Pedro\faculdade\IniciacaoCientifica\grn\.env\Lib\site-packages\pandas\core\internals\blocks.py
cfn=_can_consolidate
calls=16 173
1952 13600
cfl=c:\Users\Pedro\faculdade\IniciacaoCientifica\grn\.env\Lib\site-packages\pandas\core\internals\blocks.py
cfn=dtype
calls=6 573
1952 1000
cfl=~
cfn=<built-in method builtins.len>
calls=6 0
1952 700

fl=c:\Users\Pedro\faculdade\IniciacaoCientifica\grn\.env\Lib\site-packages\pandas\core\internals\managers.py
fn=_consolidate_inplace
1962 1700
cfl=c:\Users\Pedro\faculdade\IniciacaoCientifica\grn\.env\Lib\site-packages\pandas\core\internals\managers.py
cfn=is_consolidated
calls=2 1944
1962 32300

fl=c:\Users\Pedro\faculdade\IniciacaoCientifica\grn\.env\Lib\site-packages\pandas\core\internals\managers.py
fn=create_block_manager_from_column_arrays
2319 16200
cfl=c:\Users\Pedro\faculdade\IniciacaoCientifica\grn\.env\Lib\site-packages\pandas\core\internals\managers.py
cfn=__init__
calls=3 1095
2319 400
cfl=c:\Users\Pedro\faculdade\IniciacaoCientifica\grn\.env\Lib\site-packages\pandas\core\internals\managers.py
cfn=_consolidate_inplace
calls=2 1962
2319 34000
cfl=c:\Users\Pedro\faculdade\IniciacaoCientifica\grn\.env\Lib\site-packages\pandas\core\internals\managers.py
cfn=_form_blocks
calls=3 2388
2319 220200

fl=c:\Users\Pedro\faculdade\IniciacaoCientifica\grn\.env\Lib\site-packages\pandas\core\internals\managers.py
fn=_grouping_func
2375 13200
cfl=c:\Users\Pedro\faculdade\IniciacaoCientifica\grn\.env\Lib\site-packages\pandas\core\arrays\numpy_.py
cfn=dtype
calls=10 179
2375 1400
cfl=c:\Users\Pedro\faculdade\IniciacaoCientifica\grn\.env\Lib\site-packages\pandas\core\dtypes\common.py
cfn=is_1d_only_ea_dtype
calls=24 1473
2375 10400
cfl=~
cfn=<built-in method builtins.id>
calls=10 0
2375 1100

fl=c:\Users\Pedro\faculdade\IniciacaoCientifica\grn\.env\Lib\site-packages\pandas\core\internals\managers.py
fn=_form_blocks
2388 59200
cfl=c:\Users\Pedro\faculdade\IniciacaoCientifica\grn\.env\Lib\site-packages\numpy\_core\_asarray.py
cfn=require
calls=6 22
2388 20100
cfl=c:\Users\Pedro\faculdade\IniciacaoCientifica\grn\.env\Lib\site-packages\pandas\core\dtypes\common.py
cfn=is_1d_only_ea_dtype
calls=10 1473
2388 5000
cfl=c:\Users\Pedro\faculdade\IniciacaoCientifica\grn\.env\Lib\site-packages\pandas\core\internals\blocks.py
cfn=get_block_type
calls=16 2216
2388 12700
cfl=c:\Users\Pedro\faculdade\IniciacaoCientifica\grn\.env\Lib\site-packages\pandas\core\internals\managers.py
cfn=_grouping_func
calls=12 2375
2388 16200
cfl=c:\Users\Pedro\faculdade\IniciacaoCientifica\grn\.env\Lib\site-packages\pandas\core\internals\managers.py
cfn=_tuples_to_blocks_no_consolidate
calls=1 2434
2388 64400
cfl=c:\Users\Pedro\faculdade\IniciacaoCientifica\grn\.env\Lib\site-packages\pandas\core\internals\managers.py
cfn=_stack_arrays
calls=6 2444
2388 36800
cfl=~
cfn=<built-in method builtins.isinstance>
calls=16 0
2388 2000
cfl=~
cfn=<built-in method builtins.issubclass>
calls=6 0
2388 900
cfl=~
cfn=<method 'append' of 'list' objects>
calls=6 0
2388 1000
cfl=~
cfn=<method 'extend' of 'list' objects>
calls=10 0
2388 1900

fl=c:\Users\Pedro\faculdade\IniciacaoCientifica\grn\.env\Lib\site-packages\pandas\core\internals\managers.py
fn=_tuples_to_blocks_no_consolidate
2434 12200
cfl=c:\Users\Pedro\faculdade\IniciacaoCientifica\grn\.env\Lib\site-packages\pandas\core\internals\blocks.py
cfn=new_block_2d
calls=12 2245
2434 36000
cfl=c:\Users\Pedro\faculdade\IniciacaoCientifica\grn\.env\Lib\site-packages\pandas\core\internals\blocks.py
cfn=ensure_block_shape
calls=12 2352
2434 16200

fl=c:\Users\Pedro\faculdade\IniciacaoCientifica\grn\.env\Lib\site-packages\pandas\core\internals\managers.py
fn=_stack_arrays
2444 23900
cfl=c:\Users\Pedro\faculdade\IniciacaoCientifica\grn\.env\Lib\site-packages\pandas\core\internals\managers.py
cfn=_grouping_func
calls=12 2375
2444 9900
cfl=~
cfn=<built-in method builtins.len>
calls=6 0
2444 600
cfl=~
cfn=<built-in method numpy.empty>
calls=6 0
2444 2400

fl=c:\Users\Pedro\faculdade\IniciacaoCientifica\grn\.env\Lib\site-packages\pandas\io\common.py
fn=close
126 7100
cfl=~
cfn=<method 'close' of '_io.TextIOWrapper' objects>
calls=3 0
126 210400

fl=c:\Users\Pedro\faculdade\IniciacaoCientifica\grn\.env\Lib\site-packages\pandas\io\common.py
fn=__enter__
143 200

fl=c:\Users\Pedro\faculdade\IniciacaoCientifica\grn\.env\Lib\site-packages\pandas\io\common.py
fn=__exit__
146 3000
cfl=c:\Users\Pedro\faculdade\IniciacaoCientifica\grn\.env\Lib\site-packages\pandas\io\common.py
cfn=close
calls=2 126
146 192300

fl=c:\Users\Pedro\faculdade\IniciacaoCientifica\grn\.env\Lib\site-packages\pandas\io\common.py
fn=is_url
155 7400
cfl=C:\Users\Pedro\AppData\Local\Python\pythoncore-3.14-64\Lib\urllib\parse.py
cfn=urlparse
calls=3 374
155 50300
cfl=~
cfn=<built-in method builtins.isinstance>
calls=3 0
155 300

fl=c:\Users\Pedro\faculdade\IniciacaoCientifica\grn\.env\Lib\site-packages\pandas\io\common.py
fn=_expand_user
181 16600
cfl=<frozen ntpath>
cfn=expanduser
calls=9 343
181 13000
cfl=~
cfn=<built-in method builtins.isinstance>
calls=9 0
181 3000

fl=c:\Users\Pedro\faculdade\IniciacaoCientifica\grn\.env\Lib\site-packages\pandas\io\common.py
fn=validate_header_arg
200 1300
cfl=C:\Users\Pedro\AppData\Local\Python\pythoncore-3.14-64\Lib\typing.py
cfn=cast
calls=1 2300
200 100

fl=c:\Users\Pedro\faculdade\IniciacaoCientifica\grn\.env\Lib\site-packages\pandas\io\common.py
fn=stringify_path
241 6000
cfl=c:\Users\Pedro\faculdade\IniciacaoCientifica\grn\.env\Lib\site-packages\pandas\core\dtypes\inference.py
cfn=is_file_like
calls=3 106
241 2700
cfl=c:\Users\Pedro\faculdade\IniciacaoCientifica\grn\.env\Lib\site-packages\pandas\io\common.py
cfn=_expand_user
calls=6 181
241 13800
cfl=~
cfn=<built-in method builtins.isinstance>
calls=6 0
241 4500

fl=c:\Users\Pedro\faculdade\IniciacaoCientifica\grn\.env\Lib\site-packages\pandas\io\common.py
fn=is_fsspec_url
285 4000
cfl=~
cfn=<built-in method builtins.isinstance>
calls=3 0
285 300
cfl=~
cfn=<method 'match' of 're.Pattern' objects>
calls=3 0
285 2500

fl=c:\Users\Pedro\faculdade\IniciacaoCientifica\grn\.env\Lib\site-packages\pandas\io\common.py
fn=_get_filepath_or_buffer
297 30400
cfl=<string>
cfn=__init__:2
calls=3 2
297 4000
cfl=c:\Users\Pedro\faculdade\IniciacaoCientifica\grn\.env\Lib\site-packages\pandas\io\common.py
cfn=is_url
calls=3 155
297 58000
cfl=c:\Users\Pedro\faculdade\IniciacaoCientifica\grn\.env\Lib\site-packages\pandas\io\common.py
cfn=_expand_user
calls=3 181
297 18800
cfl=c:\Users\Pedro\faculdade\IniciacaoCientifica\grn\.env\Lib\site-packages\pandas\io\common.py
cfn=stringify_path
calls=3 241
297 20100
cfl=c:\Users\Pedro\faculdade\IniciacaoCientifica\grn\.env\Lib\site-packages\pandas\io\common.py
cfn=is_fsspec_url
calls=3 285
297 6800
cfl=c:\Users\Pedro\faculdade\IniciacaoCientifica\grn\.env\Lib\site-packages\pandas\io\common.py
cfn=get_compression_method
calls=3 539
297 4000
cfl=c:\Users\Pedro\faculdade\IniciacaoCientifica\grn\.env\Lib\site-packages\pandas\io\common.py
cfn=infer_compression
calls=3 574
297 30600
cfl=~
cfn=<built-in method builtins.isinstance>
calls=6 0
297 600

fl=c:\Users\Pedro\faculdade\IniciacaoCientifica\grn\.env\Lib\site-packages\pandas\io\common.py
fn=get_compression_method
539 1200
cfl=~
cfn=<built-in method builtins.isinstance>
calls=3 0
539 2800

fl=c:\Users\Pedro\faculdade\IniciacaoCientifica\grn\.env\Lib\site-packages\pandas\io\common.py
fn=infer_compression
574 15700
cfl=c:\Users\Pedro\faculdade\IniciacaoCientifica\grn\.env\Lib\site-packages\pandas\io\common.py
cfn=stringify_path
calls=3 241
574 6900
cfl=~
cfn=<built-in method builtins.isinstance>
calls=6 0
574 400
cfl=~
cfn=<method 'endswith' of 'str' objects>
calls=27 0
574 3300
cfl=~
cfn=<method 'items' of 'dict' objects>
calls=3 0
574 700
cfl=~
cfn=<method 'lower' of 'str' objects>
calls=27 0
574 3600

fl=c:\Users\Pedro\faculdade\IniciacaoCientifica\grn\.env\Lib\site-packages\pandas\io\common.py
fn=check_parent_directory
645 13500
cfl=C:\Users\Pedro\AppData\Local\Python\pythoncore-3.14-64\Lib\pathlib\__init__.py
cfn=__init__
calls=2 135
645 4900
cfl=C:\Users\Pedro\AppData\Local\Python\pythoncore-3.14-64\Lib\pathlib\__init__.py
cfn=parent
calls=2 381
645 50300
cfl=C:\Users\Pedro\AppData\Local\Python\pythoncore-3.14-64\Lib\pathlib\__init__.py
cfn=__new__
calls=2 632
645 3300
cfl=C:\Users\Pedro\AppData\Local\Python\pythoncore-3.14-64\Lib\pathlib\__init__.py
cfn=is_dir
calls=2 674
645 125100

fl=c:\Users\Pedro\faculdade\IniciacaoCientifica\grn\.env\Lib\site-packages\pandas\io\common.py
fn=get_handle
701 50300
cfl=<string>
cfn=__init__:2
calls=3 2
701 2100
cfl=c:\Users\Pedro\faculdade\IniciacaoCientifica\grn\.env\Lib\site-packages\pandas\io\common.py
cfn=_get_filepath_or_buffer
calls=3 297
701 173300
cfl=c:\Users\Pedro\faculdade\IniciacaoCientifica\grn\.env\Lib\site-packages\pandas\io\common.py
cfn=check_parent_directory
calls=2 645
701 197100
cfl=c:\Users\Pedro\faculdade\IniciacaoCientifica\grn\.env\Lib\site-packages\pandas\io\common.py
cfn=_maybe_memory_map
calls=3 1178
701 4400
cfl=c:\Users\Pedro\faculdade\IniciacaoCientifica\grn\.env\Lib\site-packages\pandas\io\common.py
cfn=_is_binary_mode
calls=6 1228
701 32900
cfl=~
cfn=<built-in method _codecs.lookup>
calls=3 0
701 2700
cfl=~
cfn=<built-in method _codecs.lookup_error>
calls=3 0
701 1600
cfl=~
cfn=<built-in method _io.open>
calls=3 0
701 4652200
cfl=~
cfn=<built-in method builtins.hasattr>
calls=1 0
701 300
cfl=~
cfn=<built-in method builtins.isinstance>
calls=9 0
701 900
cfl=~
cfn=<method 'append' of 'list' objects>
calls=3 0
701 1000
cfl=~
cfn=<method 'pop' of 'dict' objects>
calls=3 0
701 700
cfl=~
cfn=<method 'reverse' of 'list' objects>
calls=3 0
701 800

fl=c:\Users\Pedro\faculdade\IniciacaoCientifica\grn\.env\Lib\site-packages\pandas\io\common.py
fn=_maybe_memory_map
1178 3300
cfl=~
cfn=<built-in method builtins.hasattr>
calls=3 0
1178 800
cfl=~
cfn=<built-in method builtins.isinstance>
calls=3 0
1178 300

fl=c:\Users\Pedro\faculdade\IniciacaoCientifica\grn\.env\Lib\site-packages\pandas\io\common.py
fn=_is_binary_mode
1228 14000
cfl=~
cfn=<built-in method builtins.getattr>
calls=6 0
1228 1800
cfl=~
cfn=<built-in method builtins.isinstance>
calls=6 0
1228 15500
cfl=~
cfn=<built-in method builtins.issubclass>
calls=6 0
1228 1600

fl=c:\Users\Pedro\faculdade\IniciacaoCientifica\grn\.env\Lib\site-packages\pandas\io\common.py
fn=is_potential_multi_index
1267 6200
cfl=c:\Users\Pedro\faculdade\IniciacaoCientifica\grn\.env\Lib\site-packages\pandas\io\common.py
cfn=<genexpr>
calls=4 1294
1267 2300
cfl=~
cfn=<built-in method builtins.isinstance>
calls=2 0
1267 3200
cfl=~
cfn=<built-in method builtins.len>
calls=2 0
1267 100

fl=c:\Users\Pedro\faculdade\IniciacaoCientifica\grn\.env\Lib\site-packages\pandas\io\common.py
fn=<genexpr>
1294 2200
cfl=~
cfn=<built-in method builtins.isinstance>
calls=2 0
1294 100

fl=c:\Users\Pedro\faculdade\IniciacaoCientifica\grn\.env\Lib\site-packages\pandas\io\common.py
fn=dedup_names
1298 4900

fl=c:\Users\Pedro\faculdade\IniciacaoCientifica\grn\.env\Lib\site-packages\pandas\io\formats\csvs.py
fn=<module>
1 18700
cfl=<frozen importlib._bootstrap>
cfn=_handle_fromlist
calls=1 1401
1 1500
cfl=C:\Users\Pedro\AppData\Local\Python\pythoncore-3.14-64\Lib\typing.py
cfn=__getattr__
calls=1 3827
1 2800
cfl=~
cfn=<built-in method builtins.__build_class__>
calls=1 0
1 25600

fl=c:\Users\Pedro\faculdade\IniciacaoCientifica\grn\.env\Lib\site-packages\pandas\io\formats\csvs.py
fn=CSVFormatter
56 9300

fl=c:\Users\Pedro\faculdade\IniciacaoCientifica\grn\.env\Lib\site-packages\pandas\io\formats\csvs.py
fn=__init__
59 12400
cfl=c:\Users\Pedro\faculdade\IniciacaoCientifica\grn\.env\Lib\site-packages\pandas\io\formats\csvs.py
cfn=_initialize_index_label
calls=2 121
59 14400
cfl=c:\Users\Pedro\faculdade\IniciacaoCientifica\grn\.env\Lib\site-packages\pandas\io\formats\csvs.py
cfn=_initialize_quotechar
calls=2 143
59 1000
cfl=c:\Users\Pedro\faculdade\IniciacaoCientifica\grn\.env\Lib\site-packages\pandas\io\formats\csvs.py
cfn=_initialize_columns
calls=2 153
59 201700
cfl=c:\Users\Pedro\faculdade\IniciacaoCientifica\grn\.env\Lib\site-packages\pandas\io\formats\csvs.py
cfn=_initialize_chunksize
calls=2 174
59 1600

fl=c:\Users\Pedro\faculdade\IniciacaoCientifica\grn\.env\Lib\site-packages\pandas\io\formats\csvs.py
fn=na_rep
101 800

fl=c:\Users\Pedro\faculdade\IniciacaoCientifica\grn\.env\Lib\site-packages\pandas\io\formats\csvs.py
fn=float_format
105 500

fl=c:\Users\Pedro\faculdade\IniciacaoCientifica\grn\.env\Lib\site-packages\pandas\io\formats\csvs.py
fn=decimal
109 400

fl=c:\Users\Pedro\faculdade\IniciacaoCientifica\grn\.env\Lib\site-packages\pandas\io\formats\csvs.py
fn=header
113 1400

fl=c:\Users\Pedro\faculdade\IniciacaoCientifica\grn\.env\Lib\site-packages\pandas\io\formats\csvs.py
fn=index
117 1100

fl=c:\Users\Pedro\faculdade\IniciacaoCientifica\grn\.env\Lib\site-packages\pandas\io\formats\csvs.py
fn=_initialize_index_label
121 1700
cfl=c:\Users\Pedro\faculdade\IniciacaoCientifica\grn\.env\Lib\site-packages\pandas\io\formats\csvs.py
cfn=_get_index_label_from_obj
calls=2 130
121 12700

fl=c:\Users\Pedro\faculdade\IniciacaoCientifica\grn\.env\Lib\site-packages\pandas\io\formats\csvs.py
fn=_get_index_label_from_obj
130 4700
cfl=c:\Users\Pedro\faculdade\IniciacaoCientifica\grn\.env\Lib\site-packages\pandas\io\formats\csvs.py
cfn=_get_index_label_flat
calls=2 139
130 3700
cfl=~
cfn=<built-in method builtins.isinstance>
calls=2 0
130 4300

fl=c:\Users\Pedro\faculdade\IniciacaoCientifica\grn\.env\Lib\site-packages\pandas\io\formats\csvs.py
fn=_get_index_label_flat
139 3200
cfl=c:\Users\Pedro\faculdade\IniciacaoCientifica\grn\.env\Lib\site-packages\pandas\core\indexes\base.py
cfn=name
calls=2 1779
139 500

fl=c:\Users\Pedro\faculdade\IniciacaoCientifica\grn\.env\Lib\site-packages\pandas\io\formats\csvs.py
fn=_initialize_quotechar
143 1000

fl=c:\Users\Pedro\faculdade\IniciacaoCientifica\grn\.env\Lib\site-packages\pandas\io\formats\csvs.py
fn=has_mi_columns
149 6100
cfl=~
cfn=<built-in method builtins.isinstance>
calls=6 0
149 6700

fl=c:\Users\Pedro\faculdade\IniciacaoCientifica\grn\.env\Lib\site-packages\pandas\io\formats\csvs.py
fn=_initialize_columns
153 7200
cfl=c:\Users\Pedro\faculdade\IniciacaoCientifica\grn\.env\Lib\site-packages\pandas\core\indexes\base.py
cfn=_get_values_for_csv
calls=2 1574
153 187500
cfl=c:\Users\Pedro\faculdade\IniciacaoCientifica\grn\.env\Lib\site-packages\pandas\io\formats\csvs.py
cfn=has_mi_columns
calls=2 149
153 3200
cfl=c:\Users\Pedro\faculdade\IniciacaoCientifica\grn\.env\Lib\site-packages\pandas\io\formats\csvs.py
cfn=_number_format
calls=2 179
153 3800

fl=c:\Users\Pedro\faculdade\IniciacaoCientifica\grn\.env\Lib\site-packages\pandas\io\formats\csvs.py
fn=_initialize_chunksize
174 1300
cfl=~
cfn=<built-in method builtins.len>
calls=2 0
174 300

fl=c:\Users\Pedro\faculdade\IniciacaoCientifica\grn\.env\Lib\site-packages\pandas\io\formats\csvs.py
fn=_number_format
179 6300
cfl=c:\Users\Pedro\faculdade\IniciacaoCientifica\grn\.env\Lib\site-packages\pandas\io\formats\csvs.py
cfn=na_rep
calls=4 101
179 800
cfl=c:\Users\Pedro\faculdade\IniciacaoCientifica\grn\.env\Lib\site-packages\pandas\io\formats\csvs.py
cfn=float_format
calls=4 105
179 500
cfl=c:\Users\Pedro\faculdade\IniciacaoCientifica\grn\.env\Lib\site-packages\pandas\io\formats\csvs.py
cfn=decimal
calls=4 109
179 400

fl=c:\Users\Pedro\faculdade\IniciacaoCientifica\grn\.env\Lib\site-packages\pandas\io\formats\csvs.py
fn=data_index
190 2300
cfl=~
cfn=<built-in method builtins.isinstance>
calls=4 0
190 7200

fl=c:\Users\Pedro\faculdade\IniciacaoCientifica\grn\.env\Lib\site-packages\pandas\io\formats\csvs.py
fn=nlevels
204 1400
cfl=c:\Users\Pedro\faculdade\IniciacaoCientifica\grn\.env\Lib\site-packages\pandas\io\formats\csvs.py
cfn=index
calls=4 117
204 600

fl=c:\Users\Pedro\faculdade\IniciacaoCientifica\grn\.env\Lib\site-packages\pandas\io\formats\csvs.py
fn=_has_aliases
211 5000
cfl=c:\Users\Pedro\faculdade\IniciacaoCientifica\grn\.env\Lib\site-packages\pandas\io\formats\csvs.py
cfn=header
calls=4 113
211 900
cfl=~
cfn=<built-in method builtins.isinstance>
calls=4 0
211 6700

fl=c:\Users\Pedro\faculdade\IniciacaoCientifica\grn\.env\Lib\site-packages\pandas\io\formats\csvs.py
fn=_need_to_save_header
215 2900
cfl=c:\Users\Pedro\faculdade\IniciacaoCientifica\grn\.env\Lib\site-packages\pandas\io\formats\csvs.py
cfn=header
calls=2 113
215 500
cfl=c:\Users\Pedro\faculdade\IniciacaoCientifica\grn\.env\Lib\site-packages\pandas\io\formats\csvs.py
cfn=_has_aliases
calls=2 211
215 8800

fl=c:\Users\Pedro\faculdade\IniciacaoCientifica\grn\.env\Lib\site-packages\pandas\io\formats\csvs.py
fn=write_cols
219 12000
cfl=C:\Users\Pedro\AppData\Local\Python\pythoncore-3.14-64\Lib\typing.py
cfn=inner
calls=2 396
219 3400
cfl=C:\Users\Pedro\AppData\Local\Python\pythoncore-3.14-64\Lib\typing.py
cfn=cast
calls=2 2300
219 100
cfl=c:\Users\Pedro\faculdade\IniciacaoCientifica\grn\.env\Lib\site-packages\pandas\io\formats\csvs.py
cfn=_has_aliases
calls=2 211
219 3800

fl=c:\Users\Pedro\faculdade\IniciacaoCientifica\grn\.env\Lib\site-packages\pandas\io\formats\csvs.py
fn=encoded_labels
233 12000
cfl=c:\Users\Pedro\faculdade\IniciacaoCientifica\grn\.env\Lib\site-packages\pandas\io\formats\csvs.py
cfn=index
calls=2 117
233 500
cfl=c:\Users\Pedro\faculdade\IniciacaoCientifica\grn\.env\Lib\site-packages\pandas\io\formats\csvs.py
cfn=has_mi_columns
calls=2 149
233 2300
cfl=c:\Users\Pedro\faculdade\IniciacaoCientifica\grn\.env\Lib\site-packages\pandas\io\formats\csvs.py
cfn=write_cols
calls=2 219
233 19300

fl=c:\Users\Pedro\faculdade\IniciacaoCientifica\grn\.env\Lib\site-packages\pandas\io\formats\csvs.py
fn=save
246 23300
cfl=c:\Users\Pedro\faculdade\IniciacaoCientifica\grn\.env\Lib\site-packages\pandas\io\common.py
cfn=__enter__
calls=2 143
246 200
cfl=c:\Users\Pedro\faculdade\IniciacaoCientifica\grn\.env\Lib\site-packages\pandas\io\common.py
cfn=__exit__
calls=2 146
246 195300
cfl=c:\Users\Pedro\faculdade\IniciacaoCientifica\grn\.env\Lib\site-packages\pandas\io\common.py
cfn=get_handle
calls=2 701
246 823200
cfl=c:\Users\Pedro\faculdade\IniciacaoCientifica\grn\.env\Lib\site-packages\pandas\io\formats\csvs.py
cfn=_save
calls=2 274
246 1187900
cfl=~
cfn=<built-in method _csv.writer>
calls=2 0
246 7300

fl=c:\Users\Pedro\faculdade\IniciacaoCientifica\grn\.env\Lib\site-packages\pandas\io\formats\csvs.py
fn=_save
274 6900
cfl=c:\Users\Pedro\faculdade\IniciacaoCientifica\grn\.env\Lib\site-packages\pandas\io\formats\csvs.py
cfn=_need_to_save_header
calls=2 215
274 12200
cfl=c:\Users\Pedro\faculdade\IniciacaoCientifica\grn\.env\Lib\site-packages\pandas\io\formats\csvs.py
cfn=_save_header
calls=2 279
274 58300
cfl=c:\Users\Pedro\faculdade\IniciacaoCientifica\grn\.env\Lib\site-packages\pandas\io\formats\csvs.py
cfn=_save_body
calls=2 307
274 1110500

fl=c:\Users\Pedro\faculdade\IniciacaoCientifica\grn\.env\Lib\site-packages\pandas\io\formats\csvs.py
fn=_save_header
279 6200
cfl=c:\Users\Pedro\faculdade\IniciacaoCientifica\grn\.env\Lib\site-packages\pandas\io\formats\csvs.py
cfn=has_mi_columns
calls=2 149
279 7300
cfl=c:\Users\Pedro\faculdade\IniciacaoCientifica\grn\.env\Lib\site-packages\pandas\io\formats\csvs.py
cfn=encoded_labels
calls=2 233
279 34100
cfl=~
cfn=<method 'writerow' of '_csv.writer' objects>
calls=2 0
279 10700

fl=c:\Users\Pedro\faculdade\IniciacaoCientifica\grn\.env\Lib\site-packages\pandas\io\formats\csvs.py
fn=_save_body
307 22900
cfl=c:\Users\Pedro\faculdade\IniciacaoCientifica\grn\.env\Lib\site-packages\pandas\io\formats\csvs.py
cfn=data_index
calls=2 190
307 9500
cfl=c:\Users\Pedro\faculdade\IniciacaoCientifica\grn\.env\Lib\site-packages\pandas\io\formats\csvs.py
cfn=_save_chunk
calls=2 317
307 1074500
cfl=~
cfn=<built-in method builtins.len>
calls=2 0
307 3100
cfl=~
cfn=<built-in method builtins.min>
calls=2 0
307 500

fl=c:\Users\Pedro\faculdade\IniciacaoCientifica\grn\.env\Lib\site-packages\pandas\io\formats\csvs.py
fn=_save_chunk
317 54500
cfl=c:\Users\Pedro\faculdade\IniciacaoCientifica\grn\.env\Lib\site-packages\pandas\core\frame.py
cfn=_get_values_for_csv
calls=2 1386
317 690600
cfl=c:\Users\Pedro\faculdade\IniciacaoCientifica\grn\.env\Lib\site-packages\pandas\core\frame.py
cfn=_iter_column_arrays
calls=26 4326
317 85500
cfl=c:\Users\Pedro\faculdade\IniciacaoCientifica\grn\.env\Lib\site-packages\pandas\core\indexing.py
cfn=iloc
calls=2 159
317 2500
cfl=c:\Users\Pedro\faculdade\IniciacaoCientifica\grn\.env\Lib\site-packages\pandas\core\indexing.py
cfn=__getitem__
calls=2 1192
317 233800
cfl=c:\Users\Pedro\faculdade\IniciacaoCientifica\grn\.env\Lib\site-packages\pandas\io\formats\csvs.py
cfn=_number_format
calls=2 179
317 4200
cfl=c:\Users\Pedro\faculdade\IniciacaoCientifica\grn\.env\Lib\site-packages\pandas\io\formats\csvs.py
cfn=nlevels
calls=4 204
317 2000
cfl=~
cfn=<built-in method numpy.empty>
calls=2 0
317 1400

fl=c:\Users\Pedro\faculdade\IniciacaoCientifica\grn\.env\Lib\site-packages\pandas\io\formats\format.py
fn=__init__:425
425 24400
cfl=c:\Users\Pedro\faculdade\IniciacaoCientifica\grn\.env\Lib\site-packages\pandas\io\formats\format.py
cfn=_initialize_sparsify
calls=2 526
425 6800
cfl=c:\Users\Pedro\faculdade\IniciacaoCientifica\grn\.env\Lib\site-packages\pandas\io\formats\format.py
cfn=_initialize_formatters
calls=2 531
425 200
cfl=c:\Users\Pedro\faculdade\IniciacaoCientifica\grn\.env\Lib\site-packages\pandas\io\formats\format.py
cfn=_initialize_justify
calls=2 544
425 11400
cfl=c:\Users\Pedro\faculdade\IniciacaoCientifica\grn\.env\Lib\site-packages\pandas\io\formats\format.py
cfn=_initialize_columns
calls=2 550
425 1600
cfl=c:\Users\Pedro\faculdade\IniciacaoCientifica\grn\.env\Lib\site-packages\pandas\io\formats\format.py
cfn=_initialize_colspace
calls=2 558
425 400
cfl=c:\Users\Pedro\faculdade\IniciacaoCientifica\grn\.env\Lib\site-packages\pandas\io\formats\format.py
cfn=_calc_max_cols_fitted
calls=2 582
425 2700
cfl=c:\Users\Pedro\faculdade\IniciacaoCientifica\grn\.env\Lib\site-packages\pandas\io\formats\format.py
cfn=_calc_max_rows_fitted
calls=2 593
425 3100
cfl=c:\Users\Pedro\faculdade\IniciacaoCientifica\grn\.env\Lib\site-packages\pandas\io\formats\format.py
cfn=truncate
calls=2 650
425 4200
cfl=c:\Users\Pedro\faculdade\IniciacaoCientifica\grn\.env\Lib\site-packages\pandas\io\formats\format.py
cfn=_validate_float_format
calls=2 851
425 200
cfl=c:\Users\Pedro\faculdade\IniciacaoCientifica\grn\.env\Lib\site-packages\pandas\io\formats\printing.py
cfn=get_adjustment
calls=2 582
425 17700

fl=c:\Users\Pedro\faculdade\IniciacaoCientifica\grn\.env\Lib\site-packages\pandas\io\formats\format.py
fn=is_truncated_horizontally
494 800

fl=c:\Users\Pedro\faculdade\IniciacaoCientifica\grn\.env\Lib\site-packages\pandas\io\formats\format.py
fn=is_truncated_vertically
498 400

fl=c:\Users\Pedro\faculdade\IniciacaoCientifica\grn\.env\Lib\site-packages\pandas\io\formats\format.py
fn=_initialize_sparsify
526 600
cfl=c:\Users\Pedro\faculdade\IniciacaoCientifica\grn\.env\Lib\site-packages\pandas\_config\config.py
cfn=get_option
calls=2 143
526 6200

fl=c:\Users\Pedro\faculdade\IniciacaoCientifica\grn\.env\Lib\site-packages\pandas\io\formats\format.py
fn=_initialize_formatters
531 200

fl=c:\Users\Pedro\faculdade\IniciacaoCientifica\grn\.env\Lib\site-packages\pandas\io\formats\format.py
fn=_initialize_justify
544 1500
cfl=c:\Users\Pedro\faculdade\IniciacaoCientifica\grn\.env\Lib\site-packages\pandas\_config\config.py
cfn=get_option
calls=2 143
544 9900

fl=c:\Users\Pedro\faculdade\IniciacaoCientifica\grn\.env\Lib\site-packages\pandas\io\formats\format.py
fn=_initialize_columns
550 1600

fl=c:\Users\Pedro\faculdade\IniciacaoCientifica\grn\.env\Lib\site-packages\pandas\io\formats\format.py
fn=_initialize_colspace
558 400

fl=c:\Users\Pedro\faculdade\IniciacaoCientifica\grn\.env\Lib\site-packages\pandas\io\formats\format.py
fn=_calc_max_cols_fitted
582 1600
cfl=c:\Users\Pedro\faculdade\IniciacaoCientifica\grn\.env\Lib\site-packages\pandas\io\formats\format.py
cfn=_is_in_terminal
calls=2 626
582 1100

fl=c:\Users\Pedro\faculdade\IniciacaoCientifica\grn\.env\Lib\site-packages\pandas\io\formats\format.py
fn=_calc_max_rows_fitted
593 2100
cfl=c:\Users\Pedro\faculdade\IniciacaoCientifica\grn\.env\Lib\site-packages\pandas\io\formats\format.py
cfn=_adjust_max_rows
calls=2 612
593 200
cfl=c:\Users\Pedro\faculdade\IniciacaoCientifica\grn\.env\Lib\site-packages\pandas\io\formats\format.py
cfn=_is_in_terminal
calls=2 626
593 800

fl=c:\Users\Pedro\faculdade\IniciacaoCientifica\grn\.env\Lib\site-packages\pandas\io\formats\format.py
fn=_adjust_max_rows
612 200

fl=c:\Users\Pedro\faculdade\IniciacaoCientifica\grn\.env\Lib\site-packages\pandas\io\formats\format.py
fn=_is_in_terminal
626 1900

fl=c:\Users\Pedro\faculdade\IniciacaoCientifica\grn\.env\Lib\site-packages\pandas\io\formats\format.py
fn=truncate
650 3000
cfl=c:\Users\Pedro\faculdade\IniciacaoCientifica\grn\.env\Lib\site-packages\pandas\io\formats\format.py
cfn=is_truncated_horizontally
calls=2 494
650 800
cfl=c:\Users\Pedro\faculdade\IniciacaoCientifica\grn\.env\Lib\site-packages\pandas\io\formats\format.py
cfn=is_truncated_vertically
calls=2 498
650 400

fl=c:\Users\Pedro\faculdade\IniciacaoCientifica\grn\.env\Lib\site-packages\pandas\io\formats\format.py
fn=_validate_float_format
851 200

fl=c:\Users\Pedro\faculdade\IniciacaoCientifica\grn\.env\Lib\site-packages\pandas\io\formats\format.py
fn=__init__:892
892 500

fl=c:\Users\Pedro\faculdade\IniciacaoCientifica\grn\.env\Lib\site-packages\pandas\io\formats\format.py
fn=to_csv
976 13500
cfl=<frozen importlib._bootstrap>
cfn=_find_and_load
calls=1 1360
976 1099700
cfl=c:\Users\Pedro\faculdade\IniciacaoCientifica\grn\.env\Lib\site-packages\pandas\io\formats\csvs.py
cfn=__init__
calls=2 59
976 231100
cfl=c:\Users\Pedro\faculdade\IniciacaoCientifica\grn\.env\Lib\site-packages\pandas\io\formats\csvs.py
cfn=save
calls=2 246
976 2237200

fl=c:\Users\Pedro\faculdade\IniciacaoCientifica\grn\.env\Lib\site-packages\pandas\io\formats\printing.py
fn=__init__
522 1000
cfl=c:\Users\Pedro\faculdade\IniciacaoCientifica\grn\.env\Lib\site-packages\pandas\_config\config.py
cfn=get_option
calls=2 143
522 6200

fl=c:\Users\Pedro\faculdade\IniciacaoCientifica\grn\.env\Lib\site-packages\pandas\io\formats\printing.py
fn=get_adjustment
582 3200
cfl=c:\Users\Pedro\faculdade\IniciacaoCientifica\grn\.env\Lib\site-packages\pandas\_config\config.py
cfn=get_option
calls=2 143
582 7300
cfl=c:\Users\Pedro\faculdade\IniciacaoCientifica\grn\.env\Lib\site-packages\pandas\io\formats\printing.py
cfn=__init__
calls=2 522
582 7200

fl=c:\Users\Pedro\faculdade\IniciacaoCientifica\grn\.env\Lib\site-packages\pandas\io\parsers\base_parser.py
fn=__init__
99 16800
cfl=C:\Users\Pedro\AppData\Local\Python\pythoncore-3.14-64\Lib\copy.py
cfn=copy
calls=1 62
99 800
cfl=c:\Users\Pedro\faculdade\IniciacaoCientifica\grn\.env\Lib\site-packages\pandas\io\parsers\base_parser.py
cfn=_validate_usecols_arg
calls=1 921
99 400
cfl=~
cfn=<method 'get' of 'dict' objects>
calls=13 0
99 1400
cfl=~
cfn=<method 'pop' of 'dict' objects>
calls=5 0
99 900

fl=c:\Users\Pedro\faculdade\IniciacaoCientifica\grn\.env\Lib\site-packages\pandas\io\parsers\base_parser.py
fn=_extract_multi_indexer_columns
189 1000
cfl=~
cfn=<built-in method builtins.len>
calls=1 0
189 200

fl=c:\Users\Pedro\faculdade\IniciacaoCientifica\grn\.env\Lib\site-packages\pandas\io\parsers\base_parser.py
fn=_maybe_make_multi_index_columns
260 700
cfl=c:\Users\Pedro\faculdade\IniciacaoCientifica\grn\.env\Lib\site-packages\pandas\io\common.py
cfn=is_potential_multi_index
calls=1 1267
260 3300

fl=c:\Users\Pedro\faculdade\IniciacaoCientifica\grn\.env\Lib\site-packages\pandas\io\parsers\base_parser.py
fn=_make_index
272 1500
cfl=c:\Users\Pedro\faculdade\IniciacaoCientifica\grn\.env\Lib\site-packages\pandas\io\parsers\base_parser.py
cfn=_maybe_make_multi_index_columns
calls=1 260
272 4000
cfl=~
cfn=<built-in method builtins.isinstance>
calls=1 0
272 100

fl=c:\Users\Pedro\faculdade\IniciacaoCientifica\grn\.env\Lib\site-packages\pandas\io\parsers\base_parser.py
fn=_set_noconvert_dtype_columns
390 2600
cfl=~
cfn=<built-in method builtins.callable>
calls=1 0
390 200
cfl=~
cfn=<built-in method builtins.isinstance>
calls=1 0
390 200

fl=c:\Users\Pedro\faculdade\IniciacaoCientifica\grn\.env\Lib\site-packages\pandas\io\parsers\base_parser.py
fn=_do_date_conversions
579 400
cfl=~
cfn=<built-in method builtins.isinstance>
calls=1 0
579 100

fl=c:\Users\Pedro\faculdade\IniciacaoCientifica\grn\.env\Lib\site-packages\pandas\io\parsers\base_parser.py
fn=_check_data_length
607 600
cfl=~
cfn=<built-in method builtins.len>
calls=2 0
607 200

fl=c:\Users\Pedro\faculdade\IniciacaoCientifica\grn\.env\Lib\site-packages\pandas\io\parsers\base_parser.py
fn=is_index_col
871 500

fl=c:\Users\Pedro\faculdade\IniciacaoCientifica\grn\.env\Lib\site-packages\pandas\io\parsers\base_parser.py
fn=validate_parse_dates_presence
875 800
cfl=~
cfn=<built-in method builtins.isinstance>
calls=1 0
875 300

fl=c:\Users\Pedro\faculdade\IniciacaoCientifica\grn\.env\Lib\site-packages\pandas\io\parsers\base_parser.py
fn=_validate_usecols_arg
921 400

fl=c:\Users\Pedro\faculdade\IniciacaoCientifica\grn\.env\Lib\site-packages\pandas\io\parsers\base_parser.py
fn=evaluate_callable_usecols
984 500
cfl=~
cfn=<built-in method builtins.callable>
calls=1 0
984 100

fl=c:\Users\Pedro\faculdade\IniciacaoCientifica\grn\.env\Lib\site-packages\pandas\io\parsers\c_parser_wrapper.py
fn=__init__
65 150700
cfl=<frozen codecs>
cfn=decode
calls=2 322
65 3100
cfl=<frozen codecs>
cfn=getstate
calls=2 334
65 400
cfl=C:\Users\Pedro\AppData\Local\Python\pythoncore-3.14-64\Lib\enum.py
cfn=__get__
calls=1 187
65 1500
cfl=c:\Users\Pedro\faculdade\IniciacaoCientifica\grn\.env\Lib\site-packages\pandas\io\parsers\base_parser.py
cfn=__init__
calls=1 99
65 20300
cfl=c:\Users\Pedro\faculdade\IniciacaoCientifica\grn\.env\Lib\site-packages\pandas\io\parsers\base_parser.py
cfn=_extract_multi_indexer_columns
calls=1 189
65 1200
cfl=c:\Users\Pedro\faculdade\IniciacaoCientifica\grn\.env\Lib\site-packages\pandas\io\parsers\base_parser.py
cfn=is_index_col
calls=1 871
65 400
cfl=c:\Users\Pedro\faculdade\IniciacaoCientifica\grn\.env\Lib\site-packages\pandas\io\parsers\base_parser.py
cfn=validate_parse_dates_presence
calls=1 875
65 1100
cfl=c:\Users\Pedro\faculdade\IniciacaoCientifica\grn\.env\Lib\site-packages\pandas\io\parsers\c_parser_wrapper.py
cfn=_set_noconvert_columns
calls=1 183
65 10000
cfl=c:\Users\Pedro\faculdade\IniciacaoCientifica\grn\.env\Lib\site-packages\pandas\io\parsers\c_parser_wrapper.py
cfn=ensure_dtype_objs
calls=1 377
65 1200
cfl=~
cfn=<method 'copy' of 'dict' objects>
calls=1 0
65 500
cfl=~
cfn=<method 'get' of 'dict' objects>
calls=1 0
65 100
cfl=~
cfn=<method 'pop' of 'dict' objects>
calls=5 0
65 700

fl=c:\Users\Pedro\faculdade\IniciacaoCientifica\grn\.env\Lib\site-packages\pandas\io\parsers\c_parser_wrapper.py
fn=close
176 2200

fl=c:\Users\Pedro\faculdade\IniciacaoCientifica\grn\.env\Lib\site-packages\pandas\io\parsers\c_parser_wrapper.py
fn=_set_noconvert_columns
183 7000
cfl=c:\Users\Pedro\faculdade\IniciacaoCientifica\grn\.env\Lib\site-packages\pandas\io\parsers\base_parser.py
cfn=_set_noconvert_dtype_columns
calls=1 390
183 3000

fl=c:\Users\Pedro\faculdade\IniciacaoCientifica\grn\.env\Lib\site-packages\pandas\io\parsers\c_parser_wrapper.py
fn=read
203 138300
cfl=<frozen codecs>
cfn=decode
calls=1 322
203 800
cfl=<frozen codecs>
cfn=getstate
calls=1 334
203 100
cfl=c:\Users\Pedro\faculdade\IniciacaoCientifica\grn\.env\Lib\site-packages\numpy\_core\multiarray.py
cfn=putmask
calls=5 1135
203 700
cfl=c:\Users\Pedro\faculdade\IniciacaoCientifica\grn\.env\Lib\site-packages\pandas\io\common.py
cfn=is_potential_multi_index
calls=1 1267
203 8500
cfl=c:\Users\Pedro\faculdade\IniciacaoCientifica\grn\.env\Lib\site-packages\pandas\io\common.py
cfn=dedup_names
calls=1 1298
203 4900
cfl=c:\Users\Pedro\faculdade\IniciacaoCientifica\grn\.env\Lib\site-packages\pandas\io\parsers\base_parser.py
cfn=_make_index
calls=1 272
203 5600
cfl=c:\Users\Pedro\faculdade\IniciacaoCientifica\grn\.env\Lib\site-packages\pandas\io\parsers\base_parser.py
cfn=_do_date_conversions
calls=1 579
203 500
cfl=c:\Users\Pedro\faculdade\IniciacaoCientifica\grn\.env\Lib\site-packages\pandas\io\parsers\base_parser.py
cfn=_check_data_length
calls=1 607
203 800
cfl=c:\Users\Pedro\faculdade\IniciacaoCientifica\grn\.env\Lib\site-packages\pandas\io\parsers\c_parser_wrapper.py
cfn=_filter_usecols
calls=1 328
203 2300
cfl=c:\Users\Pedro\faculdade\IniciacaoCientifica\grn\.env\Lib\site-packages\pandas\io\parsers\c_parser_wrapper.py
cfn=_concatenate_chunks
calls=1 336
203 61200
cfl=~
cfn=<built-in method builtins.sorted>
calls=1 0
203 1900
cfl=~
cfn=<method 'items' of 'dict' objects>
calls=1 0
203 200

fl=c:\Users\Pedro\faculdade\IniciacaoCientifica\grn\.env\Lib\site-packages\pandas\io\parsers\c_parser_wrapper.py
fn=_filter_usecols
328 1700
cfl=c:\Users\Pedro\faculdade\IniciacaoCientifica\grn\.env\Lib\site-packages\pandas\io\parsers\base_parser.py
cfn=evaluate_callable_usecols
calls=1 984
328 600

fl=c:\Users\Pedro\faculdade\IniciacaoCientifica\grn\.env\Lib\site-packages\pandas\io\parsers\c_parser_wrapper.py
fn=_concatenate_chunks
336 26400
cfl=c:\Users\Pedro\faculdade\IniciacaoCientifica\grn\.env\Lib\site-packages\pandas\core\dtypes\concat.py
cfn=concat_compat
calls=12 52
336 27500
cfl=~
cfn=<built-in method builtins.isinstance>
calls=24 0
336 2300
cfl=~
cfn=<built-in method builtins.len>
calls=12 0
336 1000
cfl=~
cfn=<method 'keys' of 'dict' objects>
calls=1 0
336 300
cfl=~
cfn=<method 'pop' of 'dict' objects>
calls=12 0
336 1500
cfl=~
cfn=<method 'pop' of 'set' objects>
calls=12 0
336 2200

fl=c:\Users\Pedro\faculdade\IniciacaoCientifica\grn\.env\Lib\site-packages\pandas\io\parsers\c_parser_wrapper.py
fn=ensure_dtype_objs
377 900
cfl=~
cfn=<built-in method builtins.isinstance>
calls=2 0
377 300

fl=c:\Users\Pedro\faculdade\IniciacaoCientifica\grn\.env\Lib\site-packages\pandas\io\parsers\readers.py
fn=validate_integer
202 600

fl=c:\Users\Pedro\faculdade\IniciacaoCientifica\grn\.env\Lib\site-packages\pandas\io\parsers\readers.py
fn=_validate_names
234 300

fl=c:\Users\Pedro\faculdade\IniciacaoCientifica\grn\.env\Lib\site-packages\pandas\io\parsers\readers.py
fn=_read
258 21700
cfl=c:\Users\Pedro\faculdade\IniciacaoCientifica\grn\.env\Lib\site-packages\pandas\io\parsers\readers.py
cfn=validate_integer
calls=1 202
258 500
cfl=c:\Users\Pedro\faculdade\IniciacaoCientifica\grn\.env\Lib\site-packages\pandas\io\parsers\readers.py
cfn=_validate_names
calls=1 234
258 300
cfl=c:\Users\Pedro\faculdade\IniciacaoCientifica\grn\.env\Lib\site-packages\pandas\io\parsers\readers.py
cfn=__init__
calls=1 1600
258 4570300
cfl=c:\Users\Pedro\faculdade\IniciacaoCientifica\grn\.env\Lib\site-packages\pandas\io\parsers\readers.py
cfn=read
calls=1 1931
258 817800
cfl=c:\Users\Pedro\faculdade\IniciacaoCientifica\grn\.env\Lib\site-packages\pandas\io\parsers\readers.py
cfn=__enter__
calls=1 2014
258 100
cfl=c:\Users\Pedro\faculdade\IniciacaoCientifica\grn\.env\Lib\site-packages\pandas\io\parsers\readers.py
cfn=__exit__
calls=1 2017
258 31300
cfl=~
cfn=<built-in method builtins.isinstance>
calls=1 0
258 100
cfl=~
cfn=<method 'get' of 'dict' objects>
calls=8 0
258 1100

fl=c:\Users\Pedro\faculdade\IniciacaoCientifica\grn\.env\Lib\site-packages\pandas\io\parsers\readers.py
fn=read_csv
349 16400
cfl=c:\Users\Pedro\faculdade\IniciacaoCientifica\grn\.env\Lib\site-packages\pandas\io\parsers\readers.py
cfn=_read
calls=1 258
349 5443200
cfl=c:\Users\Pedro\faculdade\IniciacaoCientifica\grn\.env\Lib\site-packages\pandas\io\parsers\readers.py
cfn=_refine_defaults_read
calls=1 2156
349 6200
cfl=~
cfn=<built-in method builtins.locals>
calls=1 0
349 6700
cfl=~
cfn=<method 'copy' of 'dict' objects>
calls=1 0
349 500
cfl=~
cfn=<method 'update' of 'dict' objects>
calls=1 0
349 1300

fl=c:\Users\Pedro\faculdade\IniciacaoCientifica\grn\.env\Lib\site-packages\pandas\io\parsers\readers.py
fn=__init__
1600 25200
cfl=c:\Users\Pedro\faculdade\IniciacaoCientifica\grn\.env\Lib\site-packages\pandas\io\parsers\readers.py
cfn=_get_options_with_defaults
calls=1 1652
1600 11600
cfl=c:\Users\Pedro\faculdade\IniciacaoCientifica\grn\.env\Lib\site-packages\pandas\io\parsers\readers.py
cfn=_check_file_or_buffer
calls=1 1698
1600 2600
cfl=c:\Users\Pedro\faculdade\IniciacaoCientifica\grn\.env\Lib\site-packages\pandas\io\parsers\readers.py
cfn=_clean_options
calls=1 1719
1600 19400
cfl=c:\Users\Pedro\faculdade\IniciacaoCientifica\grn\.env\Lib\site-packages\pandas\io\parsers\readers.py
cfn=_make_engine
calls=1 1871
1600 4509400
cfl=c:\Users\Pedro\faculdade\IniciacaoCientifica\grn\.env\Lib\site-packages\pandas\io\parsers\readers.py
cfn=_extract_dialect
calls=1 2269
1600 500
cfl=c:\Users\Pedro\faculdade\IniciacaoCientifica\grn\.env\Lib\site-packages\pandas\io\parsers\readers.py
cfn=_validate_skipfooter
calls=1 2371
1600 700
cfl=~
cfn=<method 'get' of 'dict' objects>
calls=4 0
1600 500
cfl=~
cfn=<method 'pop' of 'dict' objects>
calls=2 0
1600 400

fl=c:\Users\Pedro\faculdade\IniciacaoCientifica\grn\.env\Lib\site-packages\pandas\io\parsers\readers.py
fn=close
1647 2500
cfl=c:\Users\Pedro\faculdade\IniciacaoCientifica\grn\.env\Lib\site-packages\pandas\io\common.py
cfn=close
calls=1 126
1647 25200
cfl=c:\Users\Pedro\faculdade\IniciacaoCientifica\grn\.env\Lib\site-packages\pandas\io\parsers\c_parser_wrapper.py
cfn=close
calls=1 176
1647 2200

fl=c:\Users\Pedro\faculdade\IniciacaoCientifica\grn\.env\Lib\site-packages\pandas\io\parsers\readers.py
fn=_get_options_with_defaults
1652 8200
cfl=~
cfn=<method 'get' of 'dict' objects>
calls=34 0
1652 3000
cfl=~
cfn=<method 'items' of 'dict' objects>
calls=2 0
1652 400

fl=c:\Users\Pedro\faculdade\IniciacaoCientifica\grn\.env\Lib\site-packages\pandas\io\parsers\readers.py
fn=_check_file_or_buffer
1698 1100
cfl=c:\Users\Pedro\faculdade\IniciacaoCientifica\grn\.env\Lib\site-packages\pandas\core\dtypes\inference.py
cfn=is_file_like
calls=1 106
1698 1300
cfl=~
cfn=<built-in method builtins.hasattr>
calls=1 0
1698 200

fl=c:\Users\Pedro\faculdade\IniciacaoCientifica\grn\.env\Lib\site-packages\pandas\io\parsers\readers.py
fn=_clean_options
1719 14700
cfl=c:\Users\Pedro\faculdade\IniciacaoCientifica\grn\.env\Lib\site-packages\pandas\io\common.py
cfn=validate_header_arg
calls=1 200
1719 1400
cfl=c:\Users\Pedro\faculdade\IniciacaoCientifica\grn\.env\Lib\site-packages\pandas\io\parsers\base_parser.py
cfn=is_index_col
calls=1 871
1719 100
cfl=c:\Users\Pedro\faculdade\IniciacaoCientifica\grn\.env\Lib\site-packages\pandas\io\parsers\readers.py
cfn=_clean_na_values
calls=1 2079
1719 700
cfl=~
cfn=<built-in method builtins.isinstance>
calls=1 0
1719 100
cfl=~
cfn=<built-in method builtins.len>
calls=3 0
1719 500
cfl=~
cfn=<built-in method builtins.ord>
calls=1 0
1719 400
cfl=~
cfn=<built-in method sys.getfilesystemencoding>
calls=1 0
1719 400
cfl=~
cfn=<method 'copy' of 'dict' objects>
calls=1 0
1719 400
cfl=~
cfn=<method 'encode' of 'str' objects>
calls=1 0
1719 700

fl=c:\Users\Pedro\faculdade\IniciacaoCientifica\grn\.env\Lib\site-packages\pandas\io\parsers\readers.py
fn=_make_engine
1871 20400
cfl=c:\Users\Pedro\faculdade\IniciacaoCientifica\grn\.env\Lib\site-packages\pandas\io\common.py
cfn=get_handle
calls=1 701
1871 4297100
cfl=c:\Users\Pedro\faculdade\IniciacaoCientifica\grn\.env\Lib\site-packages\pandas\io\parsers\c_parser_wrapper.py
cfn=__init__
calls=1 65
1871 191200
cfl=~
cfn=<built-in method builtins.isinstance>
calls=1 0
1871 200
cfl=~
cfn=<method 'get' of 'dict' objects>
calls=6 0
1871 500

fl=c:\Users\Pedro\faculdade\IniciacaoCientifica\grn\.env\Lib\site-packages\pandas\io\parsers\readers.py
fn=read
1931 17500
cfl=c:\Users\Pedro\faculdade\IniciacaoCientifica\grn\.env\Lib\site-packages\pandas\core\frame.py
cfn=__init__
calls=1 702
1931 553900
cfl=c:\Users\Pedro\faculdade\IniciacaoCientifica\grn\.env\Lib\site-packages\pandas\core\indexes\range.py
cfn=__new__
calls=1 151
1931 19000
cfl=c:\Users\Pedro\faculdade\IniciacaoCientifica\grn\.env\Lib\site-packages\pandas\io\parsers\c_parser_wrapper.py
cfn=read
calls=1 203
1931 225800
cfl=c:\Users\Pedro\faculdade\IniciacaoCientifica\grn\.env\Lib\site-packages\pandas\io\parsers\readers.py
cfn=validate_integer
calls=1 202
1931 100
cfl=~
cfn=<built-in method builtins.hasattr>
calls=1 0
1931 300
cfl=~
cfn=<built-in method builtins.isinstance>
calls=1 0
1931 100
cfl=~
cfn=<built-in method builtins.iter>
calls=1 0
1931 400
cfl=~
cfn=<built-in method builtins.len>
calls=1 0
1931 100
cfl=~
cfn=<built-in method builtins.next>
calls=1 0
1931 200
cfl=~
cfn=<method 'get' of 'dict' objects>
calls=1 0
1931 200
cfl=~
cfn=<method 'values' of 'dict' objects>
calls=1 0
1931 200

fl=c:\Users\Pedro\faculdade\IniciacaoCientifica\grn\.env\Lib\site-packages\pandas\io\parsers\readers.py
fn=__enter__
2014 100

fl=c:\Users\Pedro\faculdade\IniciacaoCientifica\grn\.env\Lib\site-packages\pandas\io\parsers\readers.py
fn=__exit__
2017 1400
cfl=c:\Users\Pedro\faculdade\IniciacaoCientifica\grn\.env\Lib\site-packages\pandas\io\parsers\readers.py
cfn=close
calls=1 1647
2017 29900

fl=c:\Users\Pedro\faculdade\IniciacaoCientifica\grn\.env\Lib\site-packages\pandas\io\parsers\readers.py
fn=_clean_na_values
2079 700

fl=c:\Users\Pedro\faculdade\IniciacaoCientifica\grn\.env\Lib\site-packages\pandas\io\parsers\readers.py
fn=_refine_defaults_read
2156 5700
cfl=c:\Users\Pedro\faculdade\IniciacaoCientifica\grn\.env\Lib\site-packages\pandas\util\_validators.py
cfn=check_dtype_backend
calls=1 476
2156 500

fl=c:\Users\Pedro\faculdade\IniciacaoCientifica\grn\.env\Lib\site-packages\pandas\io\parsers\readers.py
fn=_extract_dialect
2269 400
cfl=~
cfn=<method 'get' of 'dict' objects>
calls=1 0
2269 100

fl=c:\Users\Pedro\faculdade\IniciacaoCientifica\grn\.env\Lib\site-packages\pandas\io\parsers\readers.py
fn=_validate_skipfooter
2371 500
cfl=~
cfn=<method 'get' of 'dict' objects>
calls=1 0
2371 200

fl=c:\Users\Pedro\faculdade\IniciacaoCientifica\grn\.env\Lib\site-packages\pandas\util\_validators.py
fn=check_dtype_backend
476 500

fl=c:\Users\Pedro\faculdade\IniciacaoCientifica\grn\.env\Lib\site-packages\scipy\_lib\_util.py
fn=wrapper
291 11900
cfl=c:\Users\Pedro\faculdade\IniciacaoCientifica\grn\.env\Lib\site-packages\scipy\_lib\_util.py
cfn=__init__:633
calls=0 633
291 0
cfl=c:\Users\Pedro\faculdade\IniciacaoCientifica\grn\.env\Lib\site-packages\scipy\optimize\_differentialevolution.py
cfn=differential_evolution
calls=0 25
291 0
cfl=~
cfn=<built-in method builtins.len>
calls=1 0
291 500
cfl=~
cfn=<method 'pop' of 'dict' objects>
calls=1 0
291 800

fl=c:\Users\Pedro\faculdade\IniciacaoCientifica\grn\.env\Lib\site-packages\scipy\_lib\_util.py
fn=check_random_state
393 139700
cfl=<frozen abc>
cfn=__instancecheck__
calls=1 117
393 11200
cfl=C:\Users\Pedro\AppData\Local\Python\pythoncore-3.14-64\Lib\random.py
cfn=getrandbits
calls=1 901
393 10000
cfl=C:\Users\Pedro\AppData\Local\Python\pythoncore-3.14-64\Lib\threading.py
cfn=RLock
calls=1 126
393 1300
cfl=c:\Users\Pedro\faculdade\IniciacaoCientifica\grn\.env\Lib\site-packages\numpy\_core\_ufunc_config.py
cfn=inner
calls=1 496
393 102100
cfl=c:\Users\Pedro\faculdade\IniciacaoCientifica\grn\.env\Lib\site-packages\numpy\_core\multiarray.py
cfn=concatenate
calls=1 197
393 300
cfl=~
cfn=<built-in method builtins.isinstance>
calls=1 0
393 11500

fl=c:\Users\Pedro\faculdade\IniciacaoCientifica\grn\.env\Lib\site-packages\scipy\_lib\_util.py
fn=__init__:583
583 800

fl=c:\Users\Pedro\faculdade\IniciacaoCientifica\grn\.env\Lib\site-packages\scipy\_lib\_util.py
fn=__init__:633
633 8000
cfl=<frozen importlib._bootstrap>
cfn=_handle_fromlist
calls=1 1401
633 3000
cfl=C:\Users\Pedro\AppData\Local\Python\pythoncore-3.14-64\Lib\multiprocessing\context.py
cfn=Pool
calls=0 115
633 0
cfl=C:\Users\Pedro\AppData\Local\Python\pythoncore-3.14-64\Lib\multiprocessing\context.py
cfn=get_context:237
calls=1 237
633 800
cfl=C:\Users\Pedro\AppData\Local\Python\pythoncore-3.14-64\Lib\multiprocessing\context.py
cfn=get_start_method:253
calls=1 253
633 1500
cfl=~
cfn=<built-in method builtins.callable>
calls=1 0
633 100

fl=c:\Users\Pedro\faculdade\IniciacaoCientifica\grn\.env\Lib\site-packages\scipy\_lib\_util.py
fn=__exit__
684 12300
cfl=C:\Users\Pedro\AppData\Local\Python\pythoncore-3.14-64\Lib\multiprocessing\pool.py
cfn=close
calls=1 647
684 64000
cfl=C:\Users\Pedro\AppData\Local\Python\pythoncore-3.14-64\Lib\multiprocessing\pool.py
cfn=terminate
calls=0 654
684 0
cfl=C:\Users\Pedro\AppData\Local\Python\pythoncore-3.14-64\Lib\threading.py
cfn=_delete
calls=1 1088
684 5100

fl=c:\Users\Pedro\faculdade\IniciacaoCientifica\grn\.env\Lib\site-packages\scipy\_lib\_util.py
fn=__call__
689 14100
cfl=C:\Users\Pedro\AppData\Local\Python\pythoncore-3.14-64\Lib\multiprocessing\pool.py
cfn=map
calls=0 362
689 0

fl=c:\Users\Pedro\faculdade\IniciacaoCientifica\grn\.env\Lib\site-packages\scipy\optimize\_differentialevolution.py
fn=differential_evolution
25 15500
cfl=c:\Users\Pedro\faculdade\IniciacaoCientifica\grn\.env\Lib\site-packages\scipy\optimize\_differentialevolution.py
cfn=__init__
calls=0 805
25 0

fl=c:\Users\Pedro\faculdade\IniciacaoCientifica\grn\.env\Lib\site-packages\scipy\optimize\_differentialevolution.py
fn=__init__
805 169100
cfl=c:\Users\Pedro\faculdade\IniciacaoCientifica\grn\.env\Lib\site-packages\scipy\optimize\_optimize.py
cfn=_wrap_callback
calls=1 88
805 200
cfl=~
cfn=<built-in method _warnings.warn>
calls=0 0
805 0
cfl=~
cfn=<built-in method builtins.callable>
calls=1 0
805 300

fl=c:\Users\Pedro\faculdade\IniciacaoCientifica\grn\.env\Lib\site-packages\scipy\optimize\_differentialevolution.py
fn=init_population_lhs
1032 1874900
cfl=c:\Users\Pedro\faculdade\IniciacaoCientifica\grn\.env\Lib\site-packages\numpy\_core\function_base.py
cfn=_linspace_dispatcher
calls=1 22
1032 300
cfl=c:\Users\Pedro\faculdade\IniciacaoCientifica\grn\.env\Lib\site-packages\numpy\_core\function_base.py
cfn=linspace
calls=1 27
1032 43100
cfl=c:\Users\Pedro\faculdade\IniciacaoCientifica\grn\.env\Lib\site-packages\numpy\_core\multiarray.py
cfn=may_share_memory
calls=19 1397
1032 3300
cfl=c:\Users\Pedro\faculdade\IniciacaoCientifica\grn\.env\Lib\site-packages\numpy\_core\numeric.py
cfn=_zeros_like_dispatcher
calls=1 91
1032 300
cfl=c:\Users\Pedro\faculdade\IniciacaoCientifica\grn\.env\Lib\site-packages\numpy\_core\numeric.py
cfn=zeros_like
calls=1 97
1032 13500
cfl=c:\Users\Pedro\faculdade\IniciacaoCientifica\grn\.env\Lib\site-packages\numpy\_core\numeric.py
cfn=full
calls=1 323
1032 12300

fl=c:\Users\Pedro\faculdade\IniciacaoCientifica\grn\.env\Lib\site-packages\scipy\optimize\_differentialevolution.py
fn=solve
1185 201000
cfl=c:\Users\Pedro\faculdade\IniciacaoCientifica\grn\.env\Lib\site-packages\numpy\_core\fromnumeric.py
cfn=_all_dispatcher
calls=1 2543
1185 200
cfl=c:\Users\Pedro\faculdade\IniciacaoCientifica\grn\.env\Lib\site-packages\numpy\_core\fromnumeric.py
cfn=all
calls=1 2548
1185 6900
cfl=c:\Users\Pedro\faculdade\IniciacaoCientifica\grn\.env\Lib\site-packages\scipy\optimize\_differentialevolution.py
cfn=_calculate_population_energies
calls=0 1368
1185 0
cfl=c:\Users\Pedro\faculdade\IniciacaoCientifica\grn\.env\Lib\site-packages\scipy\optimize\_differentialevolution.py
cfn=_calculate_population_feasibilities
calls=1 1502
1185 25800

fl=c:\Users\Pedro\faculdade\IniciacaoCientifica\grn\.env\Lib\site-packages\scipy\optimize\_differentialevolution.py
fn=_calculate_population_energies
1368 37500
cfl=c:\Users\Pedro\faculdade\IniciacaoCientifica\grn\.env\Lib\site-packages\numpy\_core\fromnumeric.py
cfn=_size_dispatcher
calls=1 3521
1368 0
cfl=c:\Users\Pedro\faculdade\IniciacaoCientifica\grn\.env\Lib\site-packages\numpy\_core\fromnumeric.py
cfn=size
calls=1 3525
1368 7700
cfl=c:\Users\Pedro\faculdade\IniciacaoCientifica\grn\.env\Lib\site-packages\numpy\_core\numeric.py
cfn=full
calls=1 323
1368 2600
cfl=c:\Users\Pedro\faculdade\IniciacaoCientifica\grn\.env\Lib\site-packages\scipy\_lib\_util.py
cfn=__call__
calls=0 689
1368 0
cfl=c:\Users\Pedro\faculdade\IniciacaoCientifica\grn\.env\Lib\site-packages\scipy\optimize\_differentialevolution.py
cfn=_scale_parameters
calls=1 1726
1368 67200
cfl=~
cfn=<built-in method builtins.min>
calls=1 0
1368 800

fl=c:\Users\Pedro\faculdade\IniciacaoCientifica\grn\.env\Lib\site-packages\scipy\optimize\_differentialevolution.py
fn=_calculate_population_feasibilities
1502 2900
cfl=c:\Users\Pedro\faculdade\IniciacaoCientifica\grn\.env\Lib\site-packages\numpy\_core\fromnumeric.py
cfn=_size_dispatcher
calls=1 3521
1502 200
cfl=c:\Users\Pedro\faculdade\IniciacaoCientifica\grn\.env\Lib\site-packages\numpy\_core\fromnumeric.py
cfn=size
calls=1 3525
1502 19600
cfl=c:\Users\Pedro\faculdade\IniciacaoCientifica\grn\.env\Lib\site-packages\numpy\_core\numeric.py
cfn=ones
calls=1 170
1502 2400
cfl=~
cfn=<built-in method numpy.zeros>
calls=1 0
1502 700

fl=c:\Users\Pedro\faculdade\IniciacaoCientifica\grn\.env\Lib\site-packages\scipy\optimize\_differentialevolution.py
fn=__enter__
1550 100

fl=c:\Users\Pedro\faculdade\IniciacaoCientifica\grn\.env\Lib\site-packages\scipy\optimize\_differentialevolution.py
fn=__exit__
1553 22200
cfl=c:\Users\Pedro\faculdade\IniciacaoCientifica\grn\.env\Lib\site-packages\scipy\_lib\_util.py
cfn=__exit__
calls=0 684
1553 0

fl=c:\Users\Pedro\faculdade\IniciacaoCientifica\grn\.env\Lib\site-packages\scipy\optimize\_differentialevolution.py
fn=_scale_parameters
1726 63200
cfl=c:\Users\Pedro\faculdade\IniciacaoCientifica\grn\.env\Lib\site-packages\numpy\_core\numeric.py
cfn=_count_nonzero_dispatcher
calls=1 479
1726 200
cfl=c:\Users\Pedro\faculdade\IniciacaoCientifica\grn\.env\Lib\site-packages\numpy\_core\numeric.py
cfn=count_nonzero
calls=1 483
1726 3800

fl=c:\Users\Pedro\faculdade\IniciacaoCientifica\grn\.env\Lib\site-packages\scipy\optimize\_optimize.py
fn=_wrap_callback
88 200

fl=c:\Users\Pedro\faculdade\IniciacaoCientifica\grn\.env\Lib\site-packages\tornado\ioloop.py
fn=time
549 2700
cfl=~
cfn=<built-in method time.time>
calls=4 0
549 1900

fl=c:\Users\Pedro\faculdade\IniciacaoCientifica\grn\.env\Lib\site-packages\tornado\ioloop.py
fn=call_later
604 7200
cfl=c:\Users\Pedro\faculdade\IniciacaoCientifica\grn\.env\Lib\site-packages\tornado\ioloop.py
cfn=time
calls=2 549
604 3200
cfl=c:\Users\Pedro\faculdade\IniciacaoCientifica\grn\.env\Lib\site-packages\tornado\platform\asyncio.py
cfn=call_at
calls=2 216
604 56700

fl=c:\Users\Pedro\faculdade\IniciacaoCientifica\grn\.env\Lib\site-packages\tornado\ioloop.py
fn=_run_callback
750 1800
cfl=c:\Users\Pedro\faculdade\IniciacaoCientifica\grn\.env\Lib\site-packages\zmq\eventloop\zmqstream.py
cfn=<lambda>
calls=1 684
750 115700

fl=c:\Users\Pedro\faculdade\IniciacaoCientifica\grn\.env\Lib\site-packages\tornado\platform\asyncio.py
fn=_handle_events
206 3300
cfl=c:\Users\Pedro\faculdade\IniciacaoCientifica\grn\.env\Lib\site-packages\zmq\eventloop\zmqstream.py
cfn=_handle_events
calls=2 573
206 409600

fl=c:\Users\Pedro\faculdade\IniciacaoCientifica\grn\.env\Lib\site-packages\tornado\platform\asyncio.py
fn=call_at
216 10900
cfl=C:\Users\Pedro\AppData\Local\Python\pythoncore-3.14-64\Lib\asyncio\base_events.py
cfn=call_later
calls=2 775
216 43100
cfl=c:\Users\Pedro\faculdade\IniciacaoCientifica\grn\.env\Lib\site-packages\tornado\ioloop.py
cfn=time
calls=2 549
216 1400
cfl=~
cfn=<built-in method builtins.max>
calls=2 0
216 1300

fl=c:\Users\Pedro\faculdade\IniciacaoCientifica\grn\.env\Lib\site-packages\tornado\platform\asyncio.py
fn=add_callback
231 9300
cfl=C:\Users\Pedro\AppData\Local\Python\pythoncore-3.14-64\Lib\asyncio\base_events.py
cfn=call_soon
calls=1 817
231 16100
cfl=~
cfn=<built-in method _asyncio.get_running_loop>
calls=1 0
231 600

fl=c:\Users\Pedro\faculdade\IniciacaoCientifica\grn\.env\Lib\site-packages\traitlets\traitlets.py
fn=get
648 3800

fl=c:\Users\Pedro\faculdade\IniciacaoCientifica\grn\.env\Lib\site-packages\traitlets\traitlets.py
fn=__get__
695 6500
cfl=c:\Users\Pedro\faculdade\IniciacaoCientifica\grn\.env\Lib\site-packages\traitlets\traitlets.py
cfn=get
calls=8 648
695 3800

fl=c:\Users\Pedro\faculdade\IniciacaoCientifica\grn\.env\Lib\site-packages\traitlets\traitlets.py
fn=set:708
708 4900
cfl=c:\Users\Pedro\faculdade\IniciacaoCientifica\grn\.env\Lib\site-packages\traitlets\traitlets.py
cfn=_validate
calls=2 737
708 22600
cfl=c:\Users\Pedro\faculdade\IniciacaoCientifica\grn\.env\Lib\site-packages\traitlets\traitlets.py
cfn=_notify_trait
calls=1 1520
708 15400

fl=c:\Users\Pedro\faculdade\IniciacaoCientifica\grn\.env\Lib\site-packages\traitlets\traitlets.py
fn=__set__
727 2800
cfl=c:\Users\Pedro\faculdade\IniciacaoCientifica\grn\.env\Lib\site-packages\traitlets\traitlets.py
cfn=set:3646
calls=2 3646
727 51100

fl=c:\Users\Pedro\faculdade\IniciacaoCientifica\grn\.env\Lib\site-packages\traitlets\traitlets.py
fn=_validate
737 5200
cfl=c:\Users\Pedro\faculdade\IniciacaoCientifica\grn\.env\Lib\site-packages\traitlets\traitlets.py
cfn=_cross_validate
calls=2 746
737 4100
cfl=c:\Users\Pedro\faculdade\IniciacaoCientifica\grn\.env\Lib\site-packages\traitlets\traitlets.py
cfn=validate:3491
calls=2 3491
737 12200
cfl=~
cfn=<built-in method builtins.hasattr>
calls=2 0
737 1100

fl=c:\Users\Pedro\faculdade\IniciacaoCientifica\grn\.env\Lib\site-packages\traitlets\traitlets.py
fn=_cross_validate
746 2300
cfl=~
cfn=<built-in method builtins.hasattr>
calls=2 0
746 1800

fl=c:\Users\Pedro\faculdade\IniciacaoCientifica\grn\.env\Lib\site-packages\traitlets\traitlets.py
fn=_notify_trait
1520 3100
cfl=c:\Users\Pedro\faculdade\IniciacaoCientifica\grn\.env\Lib\site-packages\traitlets\traitlets.py
cfn=notify_change
calls=1 1531
1520 12300

fl=c:\Users\Pedro\faculdade\IniciacaoCientifica\grn\.env\Lib\site-packages\traitlets\traitlets.py
fn=notify_change
1531 4200
cfl=c:\Users\Pedro\faculdade\IniciacaoCientifica\grn\.env\Lib\site-packages\traitlets\traitlets.py
cfn=_notify_observers
calls=1 1535
1531 8100

fl=c:\Users\Pedro\faculdade\IniciacaoCientifica\grn\.env\Lib\site-packages\traitlets\traitlets.py
fn=_notify_observers
1535 5600
cfl=~
cfn=<built-in method builtins.hasattr>
calls=1 0
1535 600
cfl=~
cfn=<built-in method builtins.isinstance>
calls=1 0
1535 200
cfl=~
cfn=<method 'extend' of 'list' objects>
calls=2 0
1535 700
cfl=~
cfn=<method 'get' of 'dict' objects>
calls=4 0
1535 1000

fl=c:\Users\Pedro\faculdade\IniciacaoCientifica\grn\.env\Lib\site-packages\traitlets\traitlets.py
fn=validate:2312
2312 1700
cfl=~
cfn=<built-in method builtins.isinstance>
calls=2 0
2312 100

fl=c:\Users\Pedro\faculdade\IniciacaoCientifica\grn\.env\Lib\site-packages\traitlets\traitlets.py
fn=validate:3491
3491 4600
cfl=c:\Users\Pedro\faculdade\IniciacaoCientifica\grn\.env\Lib\site-packages\traitlets\traitlets.py
cfn=validate:2312
calls=2 2312
3491 1800
cfl=c:\Users\Pedro\faculdade\IniciacaoCientifica\grn\.env\Lib\site-packages\traitlets\traitlets.py
cfn=validate_elements:3639
calls=2 3639
3491 5300
cfl=~
cfn=<built-in method builtins.isinstance>
calls=2 0
3491 500

fl=c:\Users\Pedro\faculdade\IniciacaoCientifica\grn\.env\Lib\site-packages\traitlets\traitlets.py
fn=validate_elements:3501
3501 600

fl=c:\Users\Pedro\faculdade\IniciacaoCientifica\grn\.env\Lib\site-packages\traitlets\traitlets.py
fn=validate_elements:3639
3639 4200
cfl=c:\Users\Pedro\faculdade\IniciacaoCientifica\grn\.env\Lib\site-packages\traitlets\traitlets.py
cfn=validate_elements:3501
calls=2 3501
3639 600
cfl=~
cfn=<built-in method builtins.len>
calls=2 0
3639 500

fl=c:\Users\Pedro\faculdade\IniciacaoCientifica\grn\.env\Lib\site-packages\traitlets\traitlets.py
fn=set:3646
3646 7300
cfl=c:\Users\Pedro\faculdade\IniciacaoCientifica\grn\.env\Lib\site-packages\traitlets\traitlets.py
cfn=set:708
calls=2 708
3646 42900
cfl=~
cfn=<built-in method builtins.isinstance>
calls=2 0
3646 900

fl=c:\Users\Pedro\faculdade\IniciacaoCientifica\grn\.env\Lib\site-packages\zmq\eventloop\zmqstream.py
fn=receiving
528 1600

fl=c:\Users\Pedro\faculdade\IniciacaoCientifica\grn\.env\Lib\site-packages\zmq\eventloop\zmqstream.py
fn=sending
532 4900
cfl=C:\Users\Pedro\AppData\Local\Python\pythoncore-3.14-64\Lib\queue.py
cfn=empty
calls=4 112
532 19800

fl=c:\Users\Pedro\faculdade\IniciacaoCientifica\grn\.env\Lib\site-packages\zmq\eventloop\zmqstream.py
fn=_run_callback
546 6600
cfl=c:\Users\Pedro\faculdade\IniciacaoCientifica\grn\.env\Lib\site-packages\ipykernel\iostream.py
cfn=_handle_event
calls=3 229
546 83800
cfl=~
cfn=<built-in method builtins.isinstance>
calls=3 0
546 22600

fl=c:\Users\Pedro\faculdade\IniciacaoCientifica\grn\.env\Lib\site-packages\zmq\eventloop\zmqstream.py
fn=_handle_events
573 17900
cfl=C:\Users\Pedro\AppData\Local\Python\pythoncore-3.14-64\Lib\enum.py
cfn=__and__
calls=6 1594
573 43300
cfl=c:\Users\Pedro\faculdade\IniciacaoCientifica\grn\.env\Lib\site-packages\zmq\eventloop\zmqstream.py
cfn=receiving
calls=3 528
573 800
cfl=c:\Users\Pedro\faculdade\IniciacaoCientifica\grn\.env\Lib\site-packages\zmq\eventloop\zmqstream.py
cfn=_handle_recv
calls=3 614
573 290300
cfl=c:\Users\Pedro\faculdade\IniciacaoCientifica\grn\.env\Lib\site-packages\zmq\eventloop\zmqstream.py
cfn=_rebuild_io_state
calls=3 653
573 93500
cfl=c:\Users\Pedro\faculdade\IniciacaoCientifica\grn\.env\Lib\site-packages\zmq\sugar\attrsettr.py
cfn=__getattr__
calls=3 43
573 78700

fl=c:\Users\Pedro\faculdade\IniciacaoCientifica\grn\.env\Lib\site-packages\zmq\eventloop\zmqstream.py
fn=_handle_recv
614 7900
cfl=c:\Users\Pedro\faculdade\IniciacaoCientifica\grn\.env\Lib\site-packages\zmq\eventloop\zmqstream.py
cfn=_run_callback
calls=3 546
614 113000
cfl=c:\Users\Pedro\faculdade\IniciacaoCientifica\grn\.env\Lib\site-packages\zmq\sugar\socket.py
cfn=recv_multipart
calls=3 771
614 169400

fl=c:\Users\Pedro\faculdade\IniciacaoCientifica\grn\.env\Lib\site-packages\zmq\eventloop\zmqstream.py
fn=_rebuild_io_state
653 17600
cfl=C:\Users\Pedro\AppData\Local\Python\pythoncore-3.14-64\Lib\enum.py
cfn=__or__
calls=4 1583
653 20800
cfl=c:\Users\Pedro\faculdade\IniciacaoCientifica\grn\.env\Lib\site-packages\zmq\eventloop\zmqstream.py
cfn=receiving
calls=4 528
653 800
cfl=c:\Users\Pedro\faculdade\IniciacaoCientifica\grn\.env\Lib\site-packages\zmq\eventloop\zmqstream.py
cfn=sending
calls=4 532
653 24700
cfl=c:\Users\Pedro\faculdade\IniciacaoCientifica\grn\.env\Lib\site-packages\zmq\eventloop\zmqstream.py
cfn=_update_handler
calls=4 676
653 126000

fl=c:\Users\Pedro\faculdade\IniciacaoCientifica\grn\.env\Lib\site-packages\zmq\eventloop\zmqstream.py
fn=_update_handler
676 11500
cfl=C:\Users\Pedro\AppData\Local\Python\pythoncore-3.14-64\Lib\enum.py
cfn=__and__
calls=4 1594
676 21800
cfl=c:\Users\Pedro\faculdade\IniciacaoCientifica\grn\.env\Lib\site-packages\tornado\platform\asyncio.py
cfn=add_callback
calls=1 231
676 26000
cfl=c:\Users\Pedro\faculdade\IniciacaoCientifica\grn\.env\Lib\site-packages\zmq\sugar\attrsettr.py
cfn=__getattr__
calls=4 43
676 66700

fl=c:\Users\Pedro\faculdade\IniciacaoCientifica\grn\.env\Lib\site-packages\zmq\eventloop\zmqstream.py
fn=<lambda>
684 800
cfl=c:\Users\Pedro\faculdade\IniciacaoCientifica\grn\.env\Lib\site-packages\zmq\eventloop\zmqstream.py
cfn=_handle_events
calls=1 573
684 114900

fl=c:\Users\Pedro\faculdade\IniciacaoCientifica\grn\.env\Lib\site-packages\zmq\sugar\attrsettr.py
fn=__getattr__
43 32800
cfl=<frozen importlib._bootstrap>
cfn=_handle_fromlist
calls=7 1401
43 14900
cfl=c:\Users\Pedro\faculdade\IniciacaoCientifica\grn\.env\Lib\site-packages\zmq\sugar\attrsettr.py
cfn=_get_attr_opt
calls=7 66
43 88900
cfl=~
cfn=<built-in method builtins.getattr>
calls=7 0
43 5800
cfl=~
cfn=<method 'upper' of 'str' objects>
calls=7 0
43 3000

fl=c:\Users\Pedro\faculdade\IniciacaoCientifica\grn\.env\Lib\site-packages\zmq\sugar\attrsettr.py
fn=_get_attr_opt
66 77900
cfl=C:\Users\Pedro\AppData\Local\Python\pythoncore-3.14-64\Lib\enum.py
cfn=__call__
calls=7 677
66 11000

fl=c:\Users\Pedro\faculdade\IniciacaoCientifica\grn\.env\Lib\site-packages\zmq\sugar\socket.py
fn=send
623 191000

fl=c:\Users\Pedro\faculdade\IniciacaoCientifica\grn\.env\Lib\site-packages\zmq\sugar\socket.py
fn=send_multipart
700 27800
cfl=C:\Users\Pedro\AppData\Local\Python\pythoncore-3.14-64\Lib\enum.py
cfn=__or__
calls=1 1583
700 18600
cfl=c:\Users\Pedro\faculdade\IniciacaoCientifica\grn\.env\Lib\site-packages\zmq\sugar\socket.py
cfn=send
calls=0 623
700 0
cfl=~
cfn=<built-in method builtins.isinstance>
calls=7 0
700 2100
cfl=~
cfn=<built-in method nt.mkdir>
calls=0 0
700 0

fl=c:\Users\Pedro\faculdade\IniciacaoCientifica\grn\.env\Lib\site-packages\zmq\sugar\socket.py
fn=recv_multipart
771 75000
cfl=C:\Users\Pedro\AppData\Local\Python\pythoncore-3.14-64\Lib\enum.py
cfn=__call__
calls=3 677
771 3400
cfl=C:\Users\Pedro\AppData\Local\Python\pythoncore-3.14-64\Lib\typing.py
cfn=_type_check
calls=6 184
771 68800
cfl=C:\Users\Pedro\AppData\Local\Python\pythoncore-3.14-64\Lib\typing.py
cfn=inner
calls=6 396
771 9200
cfl=C:\Users\Pedro\AppData\Local\Python\pythoncore-3.14-64\Lib\typing.py
cfn=__hash__
calls=18 1361
771 12500
cfl=C:\Users\Pedro\AppData\Local\Python\pythoncore-3.14-64\Lib\typing.py
cfn=cast
calls=3 2300
771 500

fl=c:\Users\Pedro\faculdade\IniciacaoCientifica\grn\PythonCode\Modules\Handlers.py
fn=run_path
29 11600
cfl=<frozen ntpath>
cfn=join
calls=6 99
29 35200

fl=c:\Users\Pedro\faculdade\IniciacaoCientifica\grn\PythonCode\Modules\Handlers.py
fn=setup_logger
33 20400
cfl=<frozen os>
cfn=makedirs
calls=0 211
33 0
cfl=c:\Users\Pedro\faculdade\IniciacaoCientifica\grn\PythonCode\Modules\Handlers.py
cfn=run_path
calls=1 29
33 17800

fl=c:\Users\Pedro\faculdade\IniciacaoCientifica\grn\PythonCode\Modules\Handlers.py
fn=run_single
93 23900
cfl=c:\Users\Pedro\faculdade\IniciacaoCientifica\grn\PythonCode\Modules\Handlers.py
cfn=run_path
calls=1 29
93 10300
cfl=c:\Users\Pedro\faculdade\IniciacaoCientifica\grn\PythonCode\Modules\Methods.py
cfn=run
calls=0 32
93 0
cfl=c:\Users\Pedro\faculdade\IniciacaoCientifica\grn\PythonCode\Modules\Methods.py
cfn=__init__:176
calls=1 176
93 7200

fl=c:\Users\Pedro\faculdade\IniciacaoCientifica\grn\PythonCode\Modules\Handlers.py
fn=save_results
132 30800
cfl=<frozen ntpath>
cfn=join
calls=2 99
132 3400
cfl=C:\Users\Pedro\AppData\Local\Python\pythoncore-3.14-64\Lib\logging\__init__.py
cfn=info
calls=2 1510
132 220300
cfl=c:\Users\Pedro\faculdade\IniciacaoCientifica\grn\.env\Lib\site-packages\pandas\core\frame.py
cfn=__init__
calls=2 702
132 1251000
cfl=c:\Users\Pedro\faculdade\IniciacaoCientifica\grn\.env\Lib\site-packages\pandas\core\generic.py
cfn=to_csv
calls=2 3795
132 3678400
cfl=c:\Users\Pedro\faculdade\IniciacaoCientifica\grn\PythonCode\Modules\Handlers.py
cfn=run_path
calls=2 29
132 8600

fl=c:\Users\Pedro\faculdade\IniciacaoCientifica\grn\PythonCode\Modules\Methods.py
fn=__init__:29
29 400

fl=c:\Users\Pedro\faculdade\IniciacaoCientifica\grn\PythonCode\Modules\Methods.py
fn=run
32 608400
cfl=C:\Users\Pedro\AppData\Local\Python\pythoncore-3.14-64\Lib\logging\__init__.py
cfn=info
calls=1 1510
32 156700
cfl=c:\Users\Pedro\faculdade\IniciacaoCientifica\grn\PythonCode\Modules\Methods.py
cfn=execute
calls=0 195
32 0
cfl=~
cfn=<built-in method time.time>
calls=1 0
32 500

fl=c:\Users\Pedro\faculdade\IniciacaoCientifica\grn\PythonCode\Modules\Methods.py
fn=__init__:176
176 6800
cfl=c:\Users\Pedro\faculdade\IniciacaoCientifica\grn\PythonCode\Modules\Methods.py
cfn=__init__:29
calls=1 29
176 400

fl=c:\Users\Pedro\faculdade\IniciacaoCientifica\grn\PythonCode\Modules\Methods.py
fn=execute
195 17000
cfl=c:\Users\Pedro\faculdade\IniciacaoCientifica\grn\.env\Lib\site-packages\scipy\_lib\_util.py
cfn=wrapper
calls=0 291
195 0
cfl=c:\Users\Pedro\faculdade\IniciacaoCientifica\grn\PythonCode\Modules\Models.py
cfn=bounds_list
calls=1 111
195 19600

fl=c:\Users\Pedro\faculdade\IniciacaoCientifica\grn\PythonCode\Modules\Models.py
fn=bounds_list
111 14800
cfl=~
cfn=<method 'append' of 'list' objects>
calls=19 0
111 3400
cfl=~
cfn=<method 'items' of 'dict' objects>
calls=6 0
111 1400

fl=~
fn=<built-in method __new__ of type object at 0x00007FF929334D90>
0 25500

fl=~
fn=<built-in method _abc._abc_instancecheck>
0 24600
cfl=<frozen abc>
cfn=__subclasscheck__
calls=4 121
0 55700

fl=~
fn=<built-in method _abc._abc_subclasscheck>
0 56800
cfl=<frozen _collections_abc>
cfn=__subclasshook__
calls=18 345
0 2000
cfl=<frozen abc>
cfn=__subclasscheck__
calls=17 121
0 33600

fl=~
fn=<built-in method _asyncio.current_task>
0 5500

fl=~
fn=<built-in method _asyncio.get_running_loop>
0 600

fl=~
fn=<built-in method _codecs.charmap_encode>
0 23300

fl=~
fn=<built-in method _codecs.lookup>
0 2700

fl=~
fn=<built-in method _codecs.lookup_error>
0 1600

fl=~
fn=<built-in method _codecs.utf_8_decode>
0 37400

fl=~
fn=<built-in method _contextvars.copy_context>
0 1800

fl=~
fn=<built-in method _csv.writer>
0 7300

fl=~
fn=<built-in method _heapq.heappush>
0 3600
cfl=C:\Users\Pedro\AppData\Local\Python\pythoncore-3.14-64\Lib\asyncio\events.py
cfn=__lt__
calls=2 162
0 1800

fl=~
fn=<built-in method _imp._fix_co_filename>
0 5400

fl=~
fn=<built-in method _imp.acquire_lock>
0 9300

fl=~
fn=<built-in method _imp.create_dynamic>
0 3886800

fl=~
fn=<built-in method _imp.exec_dynamic>
0 21400

fl=~
fn=<built-in method _imp.find_frozen>
0 7900

fl=~
fn=<built-in method _imp.is_builtin>
0 28000

fl=~
fn=<built-in method _imp.release_lock>
0 9800

fl=~
fn=<built-in method _io.open>
0 28122100
cfl=<frozen codecs>
cfn=__init__:189
calls=3 189
0 1800
cfl=<frozen codecs>
cfn=__init__:312
calls=1 312
0 2700

fl=~
fn=<built-in method _io.open_code>
0 3317300

fl=~
fn=<built-in method _io.text_encoding>
0 300

fl=~
fn=<built-in method _operator.index>
0 1500

fl=~
fn=<built-in method _pickle.loads>
0 10700

fl=~
fn=<built-in method _thread.allocate_lock>
0 6700

fl=~
fn=<built-in method _thread.daemon_threads_allowed>
0 1400

fl=~
fn=<built-in method _thread.get_ident>
0 18100

fl=~
fn=<built-in method _thread.get_native_id>
0 1200

fl=~
fn=<built-in method _thread.set_name>
0 7100

fl=~
fn=<built-in method _thread.start_joinable_thread>
0 116700

fl=~
fn=<built-in method _warnings._acquire_lock>
0 4400

fl=~
fn=<built-in method _warnings._filters_mutated_lock_held>
0 3800

fl=~
fn=<built-in method _warnings._release_lock>
0 3600

fl=~
fn=<built-in method _warnings.warn>
0 26400
cfl=C:\Users\Pedro\AppData\Local\Python\pythoncore-3.14-64\Lib\_py_warnings.py
cfn=_showwarnmsg
calls=0 217
0 0
cfl=C:\Users\Pedro\AppData\Local\Python\pythoncore-3.14-64\Lib\_py_warnings.py
cfn=__init__:576
calls=1 576
0 4400
cfl=c:\Users\Pedro\faculdade\IniciacaoCientifica\grn\.env\Lib\site-packages\IPython\core\interactiveshell.py
cfn=write
calls=1 3098
0 89200

fl=~
fn=<built-in method _weakref._remove_dead_weakref>
0 4400

fl=~
fn=<built-in method _winapi.CloseHandle>
0 50400

fl=~
fn=<built-in method _winapi.ConnectNamedPipe>
0 32900

fl=~
fn=<built-in method _winapi.CreateFile>
0 35400

fl=~
fn=<built-in method _winapi.CreateNamedPipe>
0 87200

fl=~
fn=<built-in method _winapi.CreatePipe>
0 198100

fl=~
fn=<built-in method _winapi.CreateProcess>
0 44401700

fl=~
fn=<built-in method _winapi.DuplicateHandle>
0 67900

fl=~
fn=<built-in method _winapi.GetCurrentProcess>
0 15000

fl=~
fn=<built-in method _winapi.GetExitCodeProcess>
0 7700

fl=~
fn=<built-in method _winapi.LCMapStringEx>
0 39000

fl=~
fn=<built-in method _winapi.OpenProcess>
0 100700

fl=~
fn=<built-in method _winapi.PeekNamedPipe>
0 41700

fl=~
fn=<built-in method _winapi.ReadFile>
0 67200

fl=~
fn=<built-in method _winapi.SetNamedPipeHandleState>
0 17800

fl=~
fn=<built-in method _winapi.TerminateProcess>
0 721800

fl=~
fn=<built-in method _winapi.WaitForMultipleObjects>
0 148300
cfl=C:\Users\Pedro\AppData\Local\Python\pythoncore-3.14-64\Lib\multiprocessing\util.py
cfn=debug
calls=1 49
0 500
cfl=C:\Users\Pedro\AppData\Local\Python\pythoncore-3.14-64\Lib\threading.py
cfn=_bootstrap
calls=0 1030
0 0
cfl=~
cfn=<built-in method builtins.len>
calls=1 0
0 300

fl=~
fn=<built-in method _winapi.WaitForSingleObject>
0 1506900

fl=~
fn=<built-in method _winapi.WriteFile>
0 104500

fl=~
fn=<built-in method atexit.register>
0 1000

fl=~
fn=<built-in method builtins.__build_class__>
0 450400
cfl=C:\Users\Pedro\AppData\Local\Python\pythoncore-3.14-64\Lib\multiprocessing\connection.py
cfn=_ConnectionBase
calls=1 117
0 8800
cfl=C:\Users\Pedro\AppData\Local\Python\pythoncore-3.14-64\Lib\multiprocessing\connection.py
cfn=PipeConnection
calls=1 274
0 3000
cfl=C:\Users\Pedro\AppData\Local\Python\pythoncore-3.14-64\Lib\multiprocessing\connection.py
cfn=Connection
calls=1 380
0 2800
cfl=C:\Users\Pedro\AppData\Local\Python\pythoncore-3.14-64\Lib\multiprocessing\connection.py
cfn=Listener
calls=1 465
0 3500
cfl=C:\Users\Pedro\AppData\Local\Python\pythoncore-3.14-64\Lib\multiprocessing\connection.py
cfn=SocketListener
calls=1 613
0 1000
cfl=C:\Users\Pedro\AppData\Local\Python\pythoncore-3.14-64\Lib\multiprocessing\connection.py
cfn=PipeListener
calls=1 673
0 3700
cfl=C:\Users\Pedro\AppData\Local\Python\pythoncore-3.14-64\Lib\multiprocessing\connection.py
cfn=ConnectionWrapper
calls=1 987
0 800
cfl=C:\Users\Pedro\AppData\Local\Python\pythoncore-3.14-64\Lib\multiprocessing\connection.py
cfn=XmlListener
calls=1 1009
0 500
cfl=C:\Users\Pedro\AppData\Local\Python\pythoncore-3.14-64\Lib\multiprocessing\pool.py
cfn=RemoteTraceback
calls=1 57
0 1000
cfl=C:\Users\Pedro\AppData\Local\Python\pythoncore-3.14-64\Lib\multiprocessing\pool.py
cfn=ExceptionWithTraceback
calls=1 63
0 1000
cfl=C:\Users\Pedro\AppData\Local\Python\pythoncore-3.14-64\Lib\multiprocessing\pool.py
cfn=MaybeEncodingError
calls=1 80
0 1400
cfl=C:\Users\Pedro\AppData\Local\Python\pythoncore-3.14-64\Lib\multiprocessing\pool.py
cfn=_PoolCache
calls=1 150
0 1300
cfl=C:\Users\Pedro\AppData\Local\Python\pythoncore-3.14-64\Lib\multiprocessing\pool.py
cfn=Pool
calls=1 173
0 17900
cfl=C:\Users\Pedro\AppData\Local\Python\pythoncore-3.14-64\Lib\multiprocessing\pool.py
cfn=ApplyResult
calls=1 745
0 5700
cfl=C:\Users\Pedro\AppData\Local\Python\pythoncore-3.14-64\Lib\multiprocessing\pool.py
cfn=MapResult
calls=1 794
0 900
cfl=C:\Users\Pedro\AppData\Local\Python\pythoncore-3.14-64\Lib\multiprocessing\pool.py
cfn=IMapIterator
calls=1 837
0 2700
cfl=C:\Users\Pedro\AppData\Local\Python\pythoncore-3.14-64\Lib\multiprocessing\pool.py
cfn=IMapUnorderedIterator
calls=1 906
0 900
cfl=C:\Users\Pedro\AppData\Local\Python\pythoncore-3.14-64\Lib\multiprocessing\pool.py
cfn=ThreadPool
calls=1 921
0 2900
cfl=C:\Users\Pedro\AppData\Local\Python\pythoncore-3.14-64\Lib\multiprocessing\popen_spawn_win32.py
cfn=Popen
calls=1 40
0 4400
cfl=C:\Users\Pedro\AppData\Local\Python\pythoncore-3.14-64\Lib\multiprocessing\queues.py
cfn=Queue
calls=1 33
0 15100
cfl=C:\Users\Pedro\AppData\Local\Python\pythoncore-3.14-64\Lib\multiprocessing\queues.py
cfn=JoinableQueue
calls=1 314
0 1800
cfl=C:\Users\Pedro\AppData\Local\Python\pythoncore-3.14-64\Lib\multiprocessing\queues.py
cfn=SimpleQueue
calls=1 357
0 5400
cfl=C:\Users\Pedro\AppData\Local\Python\pythoncore-3.14-64\Lib\multiprocessing\synchronize.py
cfn=SemLock
calls=1 45
0 8500
cfl=C:\Users\Pedro\AppData\Local\Python\pythoncore-3.14-64\Lib\multiprocessing\synchronize.py
cfn=Semaphore
calls=1 132
0 1700
cfl=C:\Users\Pedro\AppData\Local\Python\pythoncore-3.14-64\Lib\multiprocessing\synchronize.py
cfn=BoundedSemaphore
calls=1 156
0 1200
cfl=C:\Users\Pedro\AppData\Local\Python\pythoncore-3.14-64\Lib\multiprocessing\synchronize.py
cfn=Lock
calls=1 173
0 1500
cfl=C:\Users\Pedro\AppData\Local\Python\pythoncore-3.14-64\Lib\multiprocessing\synchronize.py
cfn=RLock
calls=1 198
0 1300
cfl=C:\Users\Pedro\AppData\Local\Python\pythoncore-3.14-64\Lib\multiprocessing\synchronize.py
cfn=Condition
calls=1 224
0 4300
cfl=C:\Users\Pedro\AppData\Local\Python\pythoncore-3.14-64\Lib\multiprocessing\synchronize.py
cfn=Event
calls=1 335
0 2400
cfl=C:\Users\Pedro\AppData\Local\Python\pythoncore-3.14-64\Lib\multiprocessing\synchronize.py
cfn=Barrier
calls=1 377
0 13800
cfl=C:\Users\Pedro\AppData\Local\Python\pythoncore-3.14-64\Lib\multiprocessing\util.py
cfn=Finalize
calls=1 253
0 2300
cfl=C:\Users\Pedro\AppData\Local\Python\pythoncore-3.14-64\Lib\multiprocessing\util.py
cfn=ForkAwareThreadLock
calls=1 439
0 1000
cfl=C:\Users\Pedro\AppData\Local\Python\pythoncore-3.14-64\Lib\multiprocessing\util.py
cfn=ForkAwareLocal
calls=1 456
0 600
cfl=c:\Users\Pedro\faculdade\IniciacaoCientifica\grn\.env\Lib\site-packages\pandas\io\formats\csvs.py
cfn=CSVFormatter
calls=1 56
0 9300

fl=~
fn=<built-in method builtins.__import__>
0 7200
cfl=<frozen importlib._bootstrap>
cfn=_find_and_load
calls=2 1360
0 3438200

fl=~
fn=<built-in method builtins.any>
0 2300

fl=~
fn=<built-in method builtins.callable>
0 2800

fl=~
fn=<built-in method builtins.compile>
0 1315900

fl=~
fn=<built-in method builtins.divmod>
0 800

fl=~
fn=<built-in method builtins.exec>
0 66600
cfl=C:\Users\Pedro\AppData\Local\Python\pythoncore-3.14-64\Lib\multiprocessing\connection.py
cfn=<module>
calls=1 1
0 4490700
cfl=C:\Users\Pedro\AppData\Local\Python\pythoncore-3.14-64\Lib\multiprocessing\pool.py
cfn=<module>
calls=1 1
0 8386200
cfl=C:\Users\Pedro\AppData\Local\Python\pythoncore-3.14-64\Lib\multiprocessing\popen_spawn_win32.py
cfn=<module>
calls=1 1
0 1752300
cfl=C:\Users\Pedro\AppData\Local\Python\pythoncore-3.14-64\Lib\multiprocessing\queues.py
cfn=<module>
calls=1 1
0 119500
cfl=C:\Users\Pedro\AppData\Local\Python\pythoncore-3.14-64\Lib\multiprocessing\spawn.py
cfn=<module>
calls=1 1
0 43500
cfl=C:\Users\Pedro\AppData\Local\Python\pythoncore-3.14-64\Lib\multiprocessing\synchronize.py
cfn=<module>
calls=1 1
0 216700
cfl=C:\Users\Pedro\AppData\Local\Python\pythoncore-3.14-64\Lib\multiprocessing\util.py
cfn=<module>
calls=1 1
0 96900
cfl=c:\Users\Pedro\faculdade\IniciacaoCientifica\grn\.env\Lib\site-packages\pandas\io\formats\csvs.py
cfn=<module>
calls=1 1
0 48600

fl=~
fn=<built-in method builtins.getattr>
0 158400

fl=~
fn=<built-in method builtins.hasattr>
0 57700
cfl=C:\Users\Pedro\AppData\Local\Python\pythoncore-3.14-64\Lib\multiprocessing\process.py
cfn=sentinel
calls=10 254
0 8300

fl=~
fn=<built-in method builtins.hash>
0 6200

fl=~
fn=<built-in method builtins.id>
0 2400

fl=~
fn=<built-in method builtins.isinstance>
0 447500
cfl=<frozen abc>
cfn=__instancecheck__
calls=31 117
0 79800
cfl=C:\Users\Pedro\AppData\Local\Python\pythoncore-3.14-64\Lib\typing.py
cfn=__instancecheck__
calls=4 1292
0 38100
cfl=c:\Users\Pedro\faculdade\IniciacaoCientifica\grn\.env\Lib\site-packages\pandas\core\dtypes\generic.py
cfn=_instancecheck
calls=245 43
0 137200

fl=~
fn=<built-in method builtins.issubclass>
0 21000
cfl=<frozen abc>
cfn=__subclasscheck__
calls=4 121
0 16200

fl=~
fn=<built-in method builtins.iter>
0 2600

fl=~
fn=<built-in method builtins.len>
0 157400
cfl=c:\Users\Pedro\faculdade\IniciacaoCientifica\grn\.env\Lib\site-packages\pandas\core\indexes\base.py
cfn=__len__
calls=10 918
0 4200
cfl=c:\Users\Pedro\faculdade\IniciacaoCientifica\grn\.env\Lib\site-packages\pandas\core\indexes\range.py
cfn=__len__
calls=76 1265
0 22000

fl=~
fn=<built-in method builtins.locals>
0 6700

fl=~
fn=<built-in method builtins.max>
0 70300
cfl=<frozen importlib._bootstrap_external>
cfn=<genexpr>
calls=48 139
0 26600
cfl=C:\Users\Pedro\AppData\Local\Python\pythoncore-3.14-64\Lib\multiprocessing\connection.py
cfn=<genexpr>:855
calls=6 855
0 3000

fl=~
fn=<built-in method builtins.min>
0 13800

fl=~
fn=<built-in method builtins.next>
0 223300
cfl=C:\Users\Pedro\AppData\Local\Python\pythoncore-3.14-64\Lib\tempfile.py
cfn=__next__
calls=6 153
0 168300
cfl=c:\Users\Pedro\faculdade\IniciacaoCientifica\grn\.env\Lib\site-packages\IPython\core\history.py
cfn=hold
calls=1 1100
0 200

fl=~
fn=<built-in method builtins.ord>
0 400

fl=~
fn=<built-in method builtins.print>
0 20000
cfl=c:\Users\Pedro\faculdade\IniciacaoCientifica\grn\.env\Lib\site-packages\IPython\core\interactiveshell.py
cfn=write
calls=6 3098
0 200300

fl=~
fn=<built-in method builtins.setattr>
0 10300

fl=~
fn=<built-in method builtins.sorted>
0 10500

fl=~
fn=<built-in method from_bytes>
0 12500

fl=~
fn=<built-in method marshal.loads>
0 1686400

fl=~
fn=<built-in method math.floor>
0 7300

fl=~
fn=<built-in method math.prod>
0 4800
cfl=c:\Users\Pedro\faculdade\IniciacaoCientifica\grn\.env\Lib\site-packages\numpy\_core\fromnumeric.py
cfn=<genexpr>
calls=8 3575
0 2100

fl=~
fn=<built-in method msvcrt.open_osfhandle>
0 16400

fl=~
fn=<built-in method now>
0 4200

fl=~
fn=<built-in method nt._getfullpathname>
0 3400

fl=~
fn=<built-in method nt._path_exists>
0 10400

fl=~
fn=<built-in method nt._path_isdir>
0 119800
cfl=C:\Users\Pedro\AppData\Local\Python\pythoncore-3.14-64\Lib\pathlib\__init__.py
cfn=__fspath__
calls=2 190
0 3400

fl=~
fn=<built-in method nt._path_normpath>
0 800

fl=~
fn=<built-in method nt._path_splitroot>
0 17200

fl=~
fn=<built-in method nt._path_splitroot_ex>
0 40300

fl=~
fn=<built-in method nt.fspath>
0 35900

fl=~
fn=<built-in method nt.getcwd>
0 17300

fl=~
fn=<built-in method nt.getpid>
0 37800

fl=~
fn=<built-in method nt.lstat>
0 113600

fl=~
fn=<built-in method nt.mkdir>
0 28200
cfl=C:\Users\Pedro\AppData\Local\Python\pythoncore-3.14-64\Lib\enum.py
cfn=__or__
calls=5 1583
0 35100
cfl=c:\Users\Pedro\faculdade\IniciacaoCientifica\grn\.env\Lib\site-packages\zmq\sugar\socket.py
cfn=send
calls=6 623
0 65200
cfl=~
cfn=<method '__exit__' of 'sqlite3.Connection' objects>
calls=0 0
0 0

fl=~
fn=<built-in method nt.stat>
0 3605500

fl=~
fn=<built-in method nt.urandom>
0 5300

fl=~
fn=<built-in method numpy._core._multiarray_umath._make_extobj>
0 2400

fl=~
fn=<built-in method numpy._core._multiarray_umath.count_nonzero>
0 3100

fl=~
fn=<built-in method numpy.arange>
0 9600

fl=~
fn=<built-in method numpy.array>
0 29300

fl=~
fn=<built-in method numpy.asarray>
0 22900

fl=~
fn=<built-in method numpy.empty>
0 25500

fl=~
fn=<built-in method numpy.fromiter>
0 13000

fl=~
fn=<built-in method numpy.lib.array_utils.normalize_axis_index>
0 1500

fl=~
fn=<built-in method numpy.zeros>
0 3000

fl=~
fn=<built-in method select.select>
0 35900

fl=~
fn=<built-in method sys._getframe>
0 5600

fl=~
fn=<built-in method sys.exc_info>
0 500

fl=~
fn=<built-in method sys.exception>
0 400

fl=~
fn=<built-in method sys.getfilesystemencoding>
0 400

fl=~
fn=<built-in method time.localtime>
0 54800

fl=~
fn=<built-in method time.monotonic>
0 2900

fl=~
fn=<built-in method time.strftime>
0 20900

fl=~
fn=<built-in method time.time>
0 3900

fl=~
fn=<built-in method time.time_ns>
0 6700

fl=~
fn=<function Random.seed at 0x000002512830B060>
0 25500

fl=~
fn=<method 'GetOverlappedResult' of '_winapi.Overlapped' objects>
0 93600

fl=~
fn=<method '__enter__' of '_io._IOBase' objects>
0 25100

fl=~
fn=<method '__enter__' of '_multiprocessing.SemLock' objects>
0 4700

fl=~
fn=<method '__enter__' of '_thread.RLock' objects>
0 23200

fl=~
fn=<method '__enter__' of '_thread.lock' objects>
0 7900

fl=~
fn=<method '__enter__' of 'sqlite3.Connection' objects>
0 200

fl=~
fn=<method '__exit__' of '_io._IOBase' objects>
0 748900

fl=~
fn=<method '__exit__' of '_multiprocessing.SemLock' objects>
0 2600

fl=~
fn=<method '__exit__' of '_thread.RLock' objects>
0 19300

fl=~
fn=<method '__exit__' of '_thread.lock' objects>
0 4000

fl=~
fn=<method '__exit__' of 'sqlite3.Connection' objects>
0 229600

fl=~
fn=<method 'acquire' of '_multiprocessing.SemLock' objects>
0 2000

fl=~
fn=<method 'acquire' of '_thread.lock' objects>
0 52400
cfl=<frozen codecs>
cfn=decode
calls=1 322
0 2200
cfl=C:\Users\Pedro\AppData\Local\Python\pythoncore-3.14-64\Lib\multiprocessing\connection.py
cfn=send
calls=36 208
0 490100
cfl=C:\Users\Pedro\AppData\Local\Python\pythoncore-3.14-64\Lib\multiprocessing\pool.py
cfn=_guarded_task_generation
calls=37 385
0 100600
cfl=C:\Users\Pedro\AppData\Local\Python\pythoncore-3.14-64\Lib\multiprocessing\pool.py
cfn=_set
calls=36 809
0 108100
cfl=C:\Users\Pedro\AppData\Local\Python\pythoncore-3.14-64\Lib\threading.py
cfn=_bootstrap
calls=0 1030
0 0
cfl=c:\Users\Pedro\faculdade\IniciacaoCientifica\grn\.env\Lib\site-packages\scipy\optimize\_differentialevolution.py
cfn=solve
calls=0 1185
0 0
cfl=c:\Users\Pedro\faculdade\IniciacaoCientifica\grn\.env\Lib\site-packages\scipy\optimize\_differentialevolution.py
cfn=__enter__
calls=1 1550
0 100

fl=~
fn=<method 'add' of 'set' objects>
0 20100

fl=~
fn=<method 'all' of 'numpy.generic' objects>
0 5400
cfl=c:\Users\Pedro\faculdade\IniciacaoCientifica\grn\.env\Lib\site-packages\numpy\_core\_methods.py
cfn=_all
calls=1 64
0 17700

fl=~
fn=<method 'any' of 'numpy.generic' objects>
0 4500
cfl=c:\Users\Pedro\faculdade\IniciacaoCientifica\grn\.env\Lib\site-packages\numpy\_core\_methods.py
cfn=_any
calls=2 55
0 5600

fl=~
fn=<method 'append' of 'collections.deque' objects>
0 3300

fl=~
fn=<method 'append' of 'list' objects>
0 149900

fl=~
fn=<method 'as_arrays' of 'numpy._core._multiarray_umath._array_converter' objects>
0 600

fl=~
fn=<method 'astype' of 'numpy.ndarray' objects>
0 4000

fl=~
fn=<method 'cancel' of '_winapi.Overlapped' objects>
0 32700

fl=~
fn=<method 'clear' of 'dict' objects>
0 4000

fl=~
fn=<method 'close' of '_io.StringIO' objects>
0 900

fl=~
fn=<method 'close' of '_io.TextIOWrapper' objects>
0 210400

fl=~
fn=<method 'co_positions' of 'code' objects>
0 7000

fl=~
fn=<method 'copy' of 'dict' objects>
0 63200

fl=~
fn=<method 'copy' of 'list' objects>
0 7600

fl=~
fn=<method 'copy' of 'numpy.ndarray' objects>
0 9100

fl=~
fn=<method 'decode' of 'bytes' objects>
0 21000

fl=~
fn=<method 'disable' of '_lsprof.Profiler' objects>
0 83000

fl=~
fn=<method 'discard' of 'set' objects>
0 10900

fl=~
fn=<method 'dump' of '_pickle.Pickler' objects>
0 1017000
cfl=C:\Users\Pedro\AppData\Local\Python\pythoncore-3.14-64\Lib\copyreg.py
cfn=_slotnames
calls=3 112
0 18300
cfl=C:\Users\Pedro\AppData\Local\Python\pythoncore-3.14-64\Lib\multiprocessing\connection.py
cfn=reduce_pipe_connection
calls=40 1190
0 462800
cfl=C:\Users\Pedro\AppData\Local\Python\pythoncore-3.14-64\Lib\multiprocessing\process.py
cfn=__reduce__
calls=20 354
0 164100
cfl=C:\Users\Pedro\AppData\Local\Python\pythoncore-3.14-64\Lib\multiprocessing\queues.py
cfn=__getstate__
calls=20 375
0 45000
cfl=C:\Users\Pedro\AppData\Local\Python\pythoncore-3.14-64\Lib\multiprocessing\synchronize.py
cfn=__getstate__
calls=20 102
0 178000

fl=~
fn=<method 'encode' of 'str' objects>
0 14800

fl=~
fn=<method 'endswith' of 'str' objects>
0 38000

fl=~
fn=<method 'extend' of 'list' objects>
0 2600

fl=~
fn=<method 'find' of 'str' objects>
0 2900

fl=~
fn=<method 'flush' of '_io.TextIOWrapper' objects>
0 356000

fl=~
fn=<method 'format' of 'str' objects>
0 18700

fl=~
fn=<method 'get' of '_contextvars.ContextVar' objects>
0 2000

fl=~
fn=<method 'get' of 'dict' objects>
0 66500

fl=~
fn=<method 'get' of 'mappingproxy' objects>
0 2800

fl=~
fn=<method 'get_name' of '_asyncio.Task' objects>
0 3300

fl=~
fn=<method 'getbuffer' of '_io.BytesIO' objects>
0 8600

fl=~
fn=<method 'getbuffer' of '_winapi.Overlapped' objects>
0 1700

fl=~
fn=<method 'getvalue' of '_io.BytesIO' objects>
0 1600

fl=~
fn=<method 'getvalue' of '_io.StringIO' objects>
0 1800

fl=~
fn=<method 'index' of 'list' objects>
0 6300

fl=~
fn=<method 'insert' of 'list' objects>
0 3000

fl=~
fn=<method 'is_done' of '_thread._ThreadHandle' objects>
0 1800

fl=~
fn=<method 'isascii' of 'str' objects>
0 10100

fl=~
fn=<method 'isspace' of 'str' objects>
0 32200

fl=~
fn=<method 'items' of 'dict' objects>
0 15400

fl=~
fn=<method 'join' of '_thread._ThreadHandle' objects>
0 88400

fl=~
fn=<method 'join' of 'str' objects>
0 143800
cfl=C:\Users\Pedro\AppData\Local\Python\pythoncore-3.14-64\Lib\multiprocessing\popen_spawn_win32.py
cfn=<genexpr>
calls=50 71
0 22400
cfl=C:\Users\Pedro\AppData\Local\Python\pythoncore-3.14-64\Lib\multiprocessing\process.py
cfn=<genexpr>
calls=20 94
0 15800
cfl=C:\Users\Pedro\AppData\Local\Python\pythoncore-3.14-64\Lib\multiprocessing\spawn.py
cfn=<genexpr>
calls=30 92
0 27000

fl=~
fn=<method 'keys' of 'dict' objects>
0 3200

fl=~
fn=<method 'lower' of 'str' objects>
0 4500

fl=~
fn=<method 'lstrip' of 'str' objects>
0 4500

fl=~
fn=<method 'match' of 're.Pattern' objects>
0 27000

fl=~
fn=<method 'partition' of 'str' objects>
0 11600

fl=~
fn=<method 'pop' of 'dict' objects>
0 14400

fl=~
fn=<method 'pop' of 'list' objects>
0 5700

fl=~
fn=<method 'pop' of 'set' objects>
0 2200

fl=~
fn=<method 'popleft' of 'collections.deque' objects>
0 3000

fl=~
fn=<method 'put' of '_queue.SimpleQueue' objects>
0 13500

fl=~
fn=<method 'random' of '_random.Random' objects>
0 8400

fl=~
fn=<method 'read' of '_io.BufferedReader' objects>
0 2988700

fl=~
fn=<method 'readline' of '_io.BufferedReader' objects>
0 272100

fl=~
fn=<method 'readlines' of '_io._IOBase' objects>
0 467100
cfl=<frozen codecs>
cfn=decode
calls=39 322
0 64100

fl=~
fn=<method 'reduce' of 'numpy.ufunc' objects>
0 50300

fl=~
fn=<method 'release' of '_thread.lock' objects>
0 23200

fl=~
fn=<method 'remove' of 'collections.deque' objects>
0 2000

fl=~
fn=<method 'remove' of 'list' objects>
0 12700

fl=~
fn=<method 'replace' of 'str' objects>
0 32600

fl=~
fn=<method 'reset' of '_contextvars.ContextVar' objects>
0 2900

fl=~
fn=<method 'reshape' of 'numpy.ndarray' objects>
0 9500

fl=~
fn=<method 'result_type' of 'numpy._core._multiarray_umath._array_converter' objects>
0 1100

fl=~
fn=<method 'reverse' of 'list' objects>
0 800

fl=~
fn=<method 'rfind' of 'str' objects>
0 14800

fl=~
fn=<method 'rpartition' of 'str' objects>
0 52900

fl=~
fn=<method 'rstrip' of 'str' objects>
0 47700

fl=~
fn=<method 'run' of '_contextvars.Context' objects>
0 60100
cfl=C:\Users\Pedro\AppData\Local\Python\pythoncore-3.14-64\Lib\threading.py
cfn=__exit__
calls=1 316
0 1200
cfl=C:\Users\Pedro\AppData\Local\Python\pythoncore-3.14-64\Lib\threading.py
cfn=run
calls=0 1013
0 0
cfl=c:\Users\Pedro\faculdade\IniciacaoCientifica\grn\.env\Lib\site-packages\tornado\ioloop.py
cfn=_run_callback
calls=1 750
0 117500
cfl=c:\Users\Pedro\faculdade\IniciacaoCientifica\grn\.env\Lib\site-packages\tornado\platform\asyncio.py
cfn=_handle_events
calls=2 206
0 412900

fl=~
fn=<method 'search' of 're.Pattern' objects>
0 3700

fl=~
fn=<method 'seek' of '_io.BufferedReader' objects>
0 3700

fl=~
fn=<method 'set' of '_contextvars.ContextVar' objects>
0 3200

fl=~
fn=<method 'setter' of 'property' objects>
0 1800

fl=~
fn=<method 'split' of 'str' objects>
0 27100

fl=~
fn=<method 'splitlines' of 'str' objects>
0 34600

fl=~
fn=<method 'startswith' of 'bytes' objects>
0 3300

fl=~
fn=<method 'startswith' of 'str' objects>
0 38000

fl=~
fn=<method 'strftime' of 'datetime.date' objects>
0 17800

fl=~
fn=<method 'strip' of 'str' objects>
0 14400

fl=~
fn=<method 'update' of 'dict' objects>
0 69200

fl=~
fn=<method 'update' of 'set' objects>
0 27900
cfl=C:\Users\Pedro\AppData\Local\Python\pythoncore-3.14-64\Lib\multiprocessing\connection.py
cfn=<genexpr>:1136
calls=5 1136
0 2700

fl=~
fn=<method 'upper' of 'str' objects>
0 227500

fl=~
fn=<method 'values' of 'dict' objects>
0 900

fl=~
fn=<method 'wrap' of 'numpy._core._multiarray_umath._array_converter' objects>
0 700

fl=~
fn=<method 'write' of '_io.BytesIO' objects>
0 2400

fl=~
fn=<method 'write' of '_io.StringIO' objects>
0 4000

fl=~
fn=<method 'write' of '_io.TextIOWrapper' objects>
0 24300
cfl=C:\Users\Pedro\AppData\Local\Python\pythoncore-3.14-64\Lib\encodings\cp1252.py
cfn=encode
calls=8 18
0 33700

fl=~
fn=<method 'writerow' of '_csv.writer' objects>
0 10700

