event: ns : Nanoseconds
events: ns
summary: 221418000
fl=<frozen _collections_abc>
fn=__subclasshook__:345
345 2100

fl=<frozen _collections_abc>
fn=__subclasshook__:439
439 1000

fl=<frozen _collections_abc>
fn=__contains__
799 58500
cfl=<frozen os>
cfn=__getitem__
calls=138 704
799 193600

fl=<frozen _collections_abc>
fn=items
811 1800
cfl=<frozen _collections_abc>
cfn=__init__
calls=1 834
811 200

fl=<frozen _collections_abc>
fn=__init__
834 200

fl=<frozen _collections_abc>
fn=__iter__:881
881 35700
cfl=<frozen os>
cfn=__getitem__
calls=121 704
881 111700
cfl=<frozen os>
cfn=__iter__
calls=122 727
881 16200

fl=<frozen _collections_abc>
fn=__iter__:1011
1011 1900
cfl=c:\Users\Pedro\faculdade\IniciacaoCientifica\grn\.env\Lib\site-packages\numba\core\typing\context.py
cfn=__getitem__
calls=1 54
1011 2500

fl=<frozen abc>
fn=__instancecheck__
117 2961600
cfl=~
cfn=<built-in method _abc._abc_instancecheck>
calls=16071 0
117 2602800

fl=<frozen abc>
fn=__subclasscheck__
121 140200
cfl=~
cfn=<built-in method _abc._abc_subclasscheck>
calls=1036 0
121 959800

fl=<frozen codecs>
fn=__init__:189
189 1100

fl=<frozen codecs>
fn=__init__:263
263 1600

fl=<frozen codecs>
fn=__init__:312
312 7000
cfl=<frozen codecs>
cfn=__init__:263
calls=8 263
312 1600

fl=<frozen codecs>
fn=decode
322 25700
cfl=~
cfn=<built-in method _codecs.utf_8_decode>
calls=42 0
322 45000

fl=<frozen codecs>
fn=getstate
334 500

fl=<frozen genericpath>
fn=_splitext
157 9000
cfl=~
cfn=<built-in method builtins.max>
calls=7 0
157 1400
cfl=~
cfn=<method 'rfind' of 'str' objects>
calls=21 0
157 3500

fl=<frozen importlib._bootstrap>
fn=_new_module
48 1800

fl=<frozen importlib._bootstrap>
fn=__new__
74 2900
cfl=~
cfn=<built-in method __new__ of type object at 0x00007FFE69354D90>
calls=2 0
74 800

fl=<frozen importlib._bootstrap>
fn=__init__:79
79 2000

fl=<frozen importlib._bootstrap>
fn=remove
82 3300
cfl=~
cfn=<built-in method _weakref._remove_dead_weakref>
calls=2 0
82 600

fl=<frozen importlib._bootstrap>
fn=setdefault
124 6900
cfl=<frozen importlib._bootstrap>
cfn=__new__
calls=2 74
124 3700
cfl=<frozen importlib._bootstrap>
cfn=__init__:79
calls=2 79
124 2000

fl=<frozen importlib._bootstrap>
fn=__init__:158
158 200

fl=<frozen importlib._bootstrap>
fn=__enter__:162
162 3700
cfl=<frozen importlib._bootstrap>
cfn=setdefault
calls=2 124
162 12600
cfl=~
cfn=<method 'append' of 'list' objects>
calls=2 0
162 400

fl=<frozen importlib._bootstrap>
fn=__exit__:173
173 700
cfl=~
cfn=<method 'remove' of 'list' objects>
calls=2 0
173 500

fl=<frozen importlib._bootstrap>
fn=__init__:232
232 2200
cfl=~
cfn=<built-in method _thread.allocate_lock>
calls=2 0
232 800

fl=<frozen importlib._bootstrap>
fn=acquire
304 11100
cfl=<frozen importlib._bootstrap>
cfn=remove
calls=2 82
304 3900
cfl=<frozen importlib._bootstrap>
cfn=__init__:158
calls=2 158
304 200
cfl=<frozen importlib._bootstrap>
cfn=__enter__:162
calls=2 162
304 16700
cfl=<frozen importlib._bootstrap>
cfn=__exit__:173
calls=2 173
304 1200
cfl=~
cfn=<built-in method _thread.get_ident>
calls=2 0
304 500
cfl=~
cfn=<method '__enter__' of '_thread.RLock' objects>
calls=2 0
304 500
cfl=~
cfn=<method '__exit__' of '_thread.RLock' objects>
calls=2 0
304 400
cfl=~
cfn=<method 'append' of 'list' objects>
calls=2 0
304 200

fl=<frozen importlib._bootstrap>
fn=release
372 4000
cfl=~
cfn=<built-in method _thread.get_ident>
calls=2 0
372 500
cfl=~
cfn=<built-in method builtins.len>
calls=6 0
372 800
cfl=~
cfn=<method '__enter__' of '_thread.RLock' objects>
calls=2 0
372 700
cfl=~
cfn=<method '__exit__' of '_thread.RLock' objects>
calls=2 0
372 500
cfl=~
cfn=<method 'pop' of 'list' objects>
calls=2 0
372 300

fl=<frozen importlib._bootstrap>
fn=__init__:415
415 400

fl=<frozen importlib._bootstrap>
fn=__enter__:419
419 6800
cfl=<frozen importlib._bootstrap>
cfn=acquire
calls=2 304
419 34700
cfl=<frozen importlib._bootstrap>
cfn=_get_module_lock
calls=2 429
419 13300

fl=<frozen importlib._bootstrap>
fn=__exit__:423
423 2800
cfl=<frozen importlib._bootstrap>
cfn=release
calls=2 372
423 6800

fl=<frozen importlib._bootstrap>
fn=_get_module_lock
429 9700
cfl=<frozen importlib._bootstrap>
cfn=__init__:232
calls=2 232
429 3000
cfl=~
cfn=<built-in method _imp.acquire_lock>
calls=2 0
429 400
cfl=~
cfn=<built-in method _imp.release_lock>
calls=2 0
429 200

fl=<frozen importlib._bootstrap>
fn=cb
448 1900
cfl=~
cfn=<built-in method _imp.acquire_lock>
calls=2 0
448 300
cfl=~
cfn=<built-in method _imp.release_lock>
calls=2 0
448 200
cfl=~
cfn=<method 'get' of 'dict' objects>
calls=2 0
448 500

fl=<frozen importlib._bootstrap>
fn=_call_with_frames_removed
483 3400
cfl=~
cfn=<built-in method _imp.find_frozen>
calls=2 0
483 1100
cfl=~
cfn=<built-in method builtins.exec>
calls=2 0
483 201100

fl=<frozen importlib._bootstrap>
fn=_verbose_message
494 2200

fl=<frozen importlib._bootstrap>
fn=_module_repr
544 2700
cfl=<frozen importlib._bootstrap>
cfn=_module_repr_from_spec
calls=1 826
544 2500
cfl=~
cfn=<built-in method builtins.getattr>
calls=2 0
544 500

fl=<frozen importlib._bootstrap>
fn=__init__:602
602 800

fl=<frozen importlib._bootstrap>
fn=cached
635 2900
cfl=<frozen importlib._bootstrap_external>
cfn=_get_cached
calls=2 369
635 38800

fl=<frozen importlib._bootstrap>
fn=parent
648 1175800
cfl=~
cfn=<method 'rpartition' of 'str' objects>
calls=3557 0
648 642200

fl=<frozen importlib._bootstrap>
fn=has_location
656 600

fl=<frozen importlib._bootstrap>
fn=_init_module_attrs
736 7500
cfl=<frozen importlib._bootstrap>
cfn=cached
calls=4 635
736 41700
cfl=<frozen importlib._bootstrap>
cfn=parent
calls=2 648
736 1600
cfl=<frozen importlib._bootstrap>
cfn=has_location
calls=2 656
736 200
cfl=~
cfn=<built-in method builtins.getattr>
calls=12 0
736 2500

fl=<frozen importlib._bootstrap>
fn=module_from_spec
809 7600
cfl=<frozen importlib._bootstrap>
cfn=_new_module
calls=2 48
809 1800
cfl=<frozen importlib._bootstrap>
cfn=_init_module_attrs
calls=2 736
809 53500
cfl=<frozen importlib._bootstrap_external>
cfn=create_module
calls=2 750
809 200
cfl=~
cfn=<built-in method builtins.hasattr>
calls=2 0
809 500

fl=<frozen importlib._bootstrap>
fn=_module_repr_from_spec
826 2400
cfl=<frozen importlib._bootstrap>
cfn=has_location
calls=1 656
826 100

fl=<frozen importlib._bootstrap>
fn=_load_unlocked
914 5200
cfl=<frozen importlib._bootstrap>
cfn=_verbose_message
calls=1 494
914 100
cfl=<frozen importlib._bootstrap>
cfn=module_from_spec
calls=2 809
914 63600
cfl=<frozen importlib._bootstrap_external>
cfn=exec_module
calls=1 753
914 0
cfl=~
cfn=<built-in method builtins.hasattr>
calls=2 0
914 800
cfl=~
cfn=<method 'partition' of 'str' objects>
calls=1 0
914 400
cfl=~
cfn=<method 'pop' of 'dict' objects>
calls=1 0
914 700
cfl=~
cfn=<method 'strip' of 'str' objects>
calls=1 0
914 200

fl=<frozen importlib._bootstrap>
fn=find_spec:985
985 1300
cfl=~
cfn=<built-in method _imp.is_builtin>
calls=2 0
985 3300

fl=<frozen importlib._bootstrap>
fn=find_spec:1131
1131 1800
cfl=<frozen importlib._bootstrap>
cfn=_call_with_frames_removed
calls=2 483
1131 2500

fl=<frozen importlib._bootstrap>
fn=__enter__:1225
1225 1300
cfl=~
cfn=<built-in method _imp.acquire_lock>
calls=6 0
1225 600

fl=<frozen importlib._bootstrap>
fn=__exit__:1229
1229 1900
cfl=~
cfn=<built-in method _imp.release_lock>
calls=6 0
1229 800

fl=<frozen importlib._bootstrap>
fn=_resolve_name
1234 7400
cfl=~
cfn=<built-in method builtins.len>
calls=12 0
1234 1000
cfl=~
cfn=<method 'rsplit' of 'str' objects>
calls=12 0
1234 2500

fl=<frozen importlib._bootstrap>
fn=_find_spec
1243 11100
cfl=<frozen importlib._bootstrap>
cfn=find_spec:985
calls=2 985
1243 4600
cfl=<frozen importlib._bootstrap>
cfn=find_spec:1131
calls=2 1131
1243 4300
cfl=<frozen importlib._bootstrap>
cfn=__enter__:1225
calls=6 1225
1243 1900
cfl=<frozen importlib._bootstrap>
cfn=__exit__:1229
calls=5 1229
1243 2100
cfl=<frozen importlib._bootstrap_external>
cfn=find_spec:1284
calls=1 1284
1243 0
cfl=<frozen importlib._bootstrap_external>
cfn=_get_spec:1352
calls=1 1352
1243 17500

fl=<frozen importlib._bootstrap>
fn=_sanity_check
1290 4900
cfl=~
cfn=<built-in method builtins.isinstance>
calls=24 0
1290 1700

fl=<frozen importlib._bootstrap>
fn=_find_and_load_unlocked
1308 7100
cfl=<frozen importlib._bootstrap>
cfn=_load_unlocked
calls=1 914
1308 480000
cfl=<frozen importlib._bootstrap>
cfn=_find_spec
calls=1 1243
1308 0
cfl=~
cfn=<built-in method builtins.getattr>
calls=2 0
1308 500
cfl=~
cfn=<built-in method builtins.setattr>
calls=1 0
1308 800
cfl=~
cfn=<method 'append' of 'list' objects>
calls=1 0
1308 100
cfl=~
cfn=<method 'get' of 'dict' objects>
calls=4 0
1308 700
cfl=~
cfn=<method 'pop' of 'list' objects>
calls=1 0
1308 200
cfl=~
cfn=<method 'rpartition' of 'str' objects>
calls=4 0
1308 1000

fl=<frozen importlib._bootstrap>
fn=_find_and_load
1360 15500
cfl=<frozen importlib._bootstrap>
cfn=__init__:415
calls=2 415
1360 400
cfl=<frozen importlib._bootstrap>
cfn=__enter__:419
calls=2 419
1360 54800
cfl=<frozen importlib._bootstrap>
cfn=__exit__:423
calls=1 423
1360 4400
cfl=<frozen importlib._bootstrap>
cfn=cb
calls=1 448
1360 1600
cfl=<frozen importlib._bootstrap>
cfn=_find_and_load_unlocked
calls=1 1308
1360 0
cfl=~
cfn=<built-in method builtins.getattr>
calls=24 0
1360 3500
cfl=~
cfn=<method 'get' of 'dict' objects>
calls=16 0
1360 3800

fl=<frozen importlib._bootstrap>
fn=_gcd_import
1386 13100
cfl=<frozen importlib._bootstrap>
cfn=_resolve_name
calls=12 1234
1386 10900
cfl=<frozen importlib._bootstrap>
cfn=_sanity_check
calls=12 1290
1386 6600
cfl=<frozen importlib._bootstrap>
cfn=_find_and_load
calls=12 1360
1386 13100

fl=<frozen importlib._bootstrap>
fn=_handle_fromlist
1401 39400
cfl=~
cfn=<built-in method builtins.hasattr>
calls=96 0
1401 64800
cfl=~
cfn=<built-in method builtins.isinstance>
calls=96 0
1401 7300

fl=<frozen importlib._bootstrap_external>
fn=_relax_case
67 1200

fl=<frozen importlib._bootstrap_external>
fn=_unpack_uint32
89 4600
cfl=~
cfn=<built-in method builtins.len>
calls=6 0
89 500
cfl=~
cfn=<built-in method from_bytes>
calls=6 0
89 1500

fl=<frozen importlib._bootstrap_external>
fn=_path_join
101 53500
cfl=~
cfn=<built-in method builtins.len>
calls=20 0
101 2300
cfl=~
cfn=<method 'append' of 'list' objects>
calls=14 0
101 1900
cfl=~
cfn=<method 'endswith' of 'str' objects>
calls=38 0
101 4700
cfl=~
cfn=<method 'join' of 'str' objects>
calls=10 0
101 2400
cfl=~
cfn=<method 'rstrip' of 'str' objects>
calls=34 0
101 5300
cfl=~
cfn=<method 'startswith' of 'str' objects>
calls=24 0
101 3200

fl=<frozen importlib._bootstrap_external>
fn=_path_split
137 4700
cfl=~
cfn=<built-in method builtins.max>
calls=4 0
137 8700

fl=<frozen importlib._bootstrap_external>
fn=<genexpr>
139 2600
cfl=~
cfn=<method 'rfind' of 'str' objects>
calls=8 0
139 1400

fl=<frozen importlib._bootstrap_external>
fn=_path_stat
145 16400
cfl=~
cfn=<built-in method nt.stat>
calls=4 0
145 46100
cfl=~
cfn=<method '__exit__' of '_io._IOBase' objects>
calls=1 0
145 10200
cfl=~
cfn=<method 'endswith' of 'str' objects>
calls=1 0
145 100

fl=<frozen importlib._bootstrap_external>
fn=_path_is_mode_type
155 7600
cfl=<frozen importlib._bootstrap_external>
cfn=_path_stat
calls=1 145
155 0
cfl=C:\Users\Pedro\AppData\Local\Python\pythoncore-3.14-64\Lib\tokenize.py
cfn=check
calls=1 388
155 900
cfl=C:\Users\Pedro\AppData\Local\Python\pythoncore-3.14-64\Lib\tokenize.py
cfn=find_cookie
calls=1 400
155 1800
cfl=~
cfn=<method 'match' of 're.Pattern' objects>
calls=1 0
155 700
cfl=~
cfn=<method 'startswith' of 'bytes' objects>
calls=1 0
155 300

fl=<frozen importlib._bootstrap_external>
fn=_path_isfile
164 3200
cfl=<frozen codecs>
cfn=__init__:312
calls=1 312
164 700
cfl=<frozen importlib._bootstrap_external>
cfn=_path_is_mode_type
calls=1 155
164 0
cfl=~
cfn=<method 'seek' of '_io.BufferedReader' objects>
calls=1 0
164 400

fl=<frozen importlib._bootstrap_external>
fn=_path_isabs
177 4100
cfl=~
cfn=<built-in method builtins.len>
calls=2 0
177 200
cfl=~
cfn=<built-in method nt._path_splitroot>
calls=2 0
177 3100
cfl=~
cfn=<method 'endswith' of 'str' objects>
calls=2 0
177 200
cfl=~
cfn=<method 'replace' of 'str' objects>
calls=2 0
177 600
cfl=~
cfn=<method 'startswith' of 'str' objects>
calls=2 0
177 200

fl=<frozen importlib._bootstrap_external>
fn=_path_abspath
190 1800
cfl=<frozen importlib._bootstrap_external>
cfn=_path_isabs
calls=2 177
190 8400

fl=<frozen importlib._bootstrap_external>
fn=cache_from_source
239 10200
cfl=<frozen importlib._bootstrap_external>
cfn=_path_join
calls=4 101
239 30100
cfl=<frozen importlib._bootstrap_external>
cfn=_path_split
calls=4 137
239 13400
cfl=~
cfn=<built-in method nt.fspath>
calls=4 0
239 800
cfl=~
cfn=<method 'join' of 'str' objects>
calls=4 0
239 800
cfl=~
cfn=<method 'rpartition' of 'str' objects>
calls=4 0
239 1000

fl=<frozen importlib._bootstrap_external>
fn=_get_cached
369 5800
cfl=<frozen importlib._bootstrap_external>
cfn=cache_from_source
calls=2 239
369 32700
cfl=~
cfn=<method 'endswith' of 'str' objects>
calls=2 0
369 300

fl=<frozen importlib._bootstrap_external>
fn=_check_name_wrapper
401 2200
cfl=<frozen importlib._bootstrap_external>
cfn=get_filename
calls=2 942
401 200

fl=<frozen importlib._bootstrap_external>
fn=_classify_pyc
424 5500
cfl=<frozen importlib._bootstrap_external>
cfn=_unpack_uint32
calls=2 89
424 3900
cfl=~
cfn=<built-in method builtins.len>
calls=2 0
424 500

fl=<frozen importlib._bootstrap_external>
fn=_validate_timestamp_pyc
457 2300
cfl=<frozen importlib._bootstrap_external>
cfn=_unpack_uint32
calls=4 89
457 2700

fl=<frozen importlib._bootstrap_external>
fn=_compile_bytecode
509 6000
cfl=<frozen importlib._bootstrap>
cfn=_verbose_message
calls=2 494
509 300
cfl=~
cfn=<built-in method _imp._fix_co_filename>
calls=2 0
509 2000
cfl=~
cfn=<built-in method builtins.isinstance>
calls=2 0
509 400
cfl=~
cfn=<built-in method marshal.loads>
calls=2 0
509 158600

fl=<frozen importlib._bootstrap_external>
fn=spec_from_file_location
560 6500
cfl=<frozen importlib._bootstrap>
cfn=__init__:602
calls=2 602
560 800
cfl=<frozen importlib._bootstrap_external>
cfn=_path_abspath
calls=2 190
560 10200
cfl=~
cfn=<built-in method nt.fspath>
calls=2 0
560 300

fl=<frozen importlib._bootstrap_external>
fn=create_module
750 200

fl=<frozen importlib._bootstrap_external>
fn=exec_module
753 5500
cfl=<frozen importlib._bootstrap>
cfn=_call_with_frames_removed
calls=1 483
753 52000
cfl=<frozen importlib._bootstrap_external>
cfn=get_code
calls=1 826
753 0
cfl=~
cfn=<method 'append' of 'list' objects>
calls=1 0
753 200
cfl=~
cfn=<method 'join' of 'str' objects>
calls=1 0
753 200
cfl=~
cfn=<method 'rstrip' of 'str' objects>
calls=1 0
753 300

fl=<frozen importlib._bootstrap_external>
fn=get_code
826 20800
cfl=<frozen importlib._bootstrap>
cfn=_verbose_message
calls=1 494
826 400
cfl=<frozen importlib._bootstrap_external>
cfn=cache_from_source
calls=2 239
826 23600
cfl=<frozen importlib._bootstrap_external>
cfn=_check_name_wrapper
calls=2 401
826 2400
cfl=<frozen importlib._bootstrap_external>
cfn=_classify_pyc
calls=1 424
826 4700
cfl=<frozen importlib._bootstrap_external>
cfn=_validate_timestamp_pyc
calls=1 457
826 2500
cfl=<frozen importlib._bootstrap_external>
cfn=_compile_bytecode
calls=1 509
826 111800
cfl=<frozen importlib._bootstrap_external>
cfn=get_data
calls=1 947
826 238900
cfl=<frozen importlib._bootstrap_external>
cfn=path_stats
calls=1 966
826 0
cfl=~
cfn=<built-in method builtins.len>
calls=1 0
826 200

fl=<frozen importlib._bootstrap_external>
fn=__init__
917 300

fl=<frozen importlib._bootstrap_external>
fn=get_filename
942 200

fl=<frozen importlib._bootstrap_external>
fn=get_data
947 8300
cfl=<frozen codecs>
cfn=__init__:312
calls=1 312
947 1100
cfl=C:\Users\Pedro\AppData\Local\Python\pythoncore-3.14-64\Lib\tokenize.py
cfn=detect_encoding
calls=1 358
947 32500
cfl=~
cfn=<built-in method _io.open_code>
calls=1 0
947 0
cfl=~
cfn=<built-in method builtins.isinstance>
calls=2 0
947 300
cfl=~
cfn=<method '__enter__' of '_io._IOBase' objects>
calls=1 0
947 700
cfl=~
cfn=<method '__exit__' of '_io._IOBase' objects>
calls=1 0
947 11000
cfl=~
cfn=<method 'read' of '_io.BufferedReader' objects>
calls=1 0
947 29500
cfl=~
cfn=<method 'seek' of '_io.BufferedReader' objects>
calls=1 0
947 300

fl=<frozen importlib._bootstrap_external>
fn=path_stats
966 4400
cfl=<frozen importlib._bootstrap_external>
cfn=_path_stat
calls=1 145
966 0

fl=<frozen importlib._bootstrap_external>
fn=_path_importer_cache
1233 1200

fl=<frozen importlib._bootstrap_external>
fn=_get_spec:1255
1255 7600
cfl=<frozen importlib._bootstrap_external>
cfn=_path_importer_cache
calls=2 1233
1255 1200
cfl=<frozen importlib._bootstrap_external>
cfn=find_spec:1357
calls=1 1357
1255 0
cfl=~
cfn=<built-in method builtins.isinstance>
calls=2 0
1255 200

fl=<frozen importlib._bootstrap_external>
fn=find_spec:1284
1284 9700
cfl=<frozen importlib._bootstrap_external>
cfn=_get_spec:1255
calls=1 1255
1284 0

fl=<frozen importlib._bootstrap_external>
fn=_get_spec:1352
1352 7600
cfl=<frozen importlib._bootstrap_external>
cfn=spec_from_file_location
calls=2 560
1352 17800
cfl=<frozen importlib._bootstrap_external>
cfn=__init__
calls=2 917
1352 300

fl=<frozen importlib._bootstrap_external>
fn=find_spec:1357
1357 19200
cfl=<frozen importlib._bootstrap>
cfn=_verbose_message
calls=6 494
1357 900
cfl=<frozen importlib._bootstrap_external>
cfn=_relax_case
calls=2 67
1357 1200
cfl=<frozen importlib._bootstrap_external>
cfn=_path_join
calls=6 101
1357 43200
cfl=<frozen importlib._bootstrap_external>
cfn=_path_stat
calls=2 145
1357 85000
cfl=<frozen importlib._bootstrap_external>
cfn=_path_isfile
calls=1 164
1357 0
cfl=<frozen importlib._bootstrap_external>
cfn=_get_spec:1352
calls=1 1352
1357 8200
cfl=~
cfn=<method '__enter__' of '_io._IOBase' objects>
calls=1 0
1357 600
cfl=~
cfn=<method 'readlines' of '_io._IOBase' objects>
calls=0 0
1357 0
cfl=~
cfn=<method 'rpartition' of 'str' objects>
calls=2 0
1357 500

fl=<frozen ntpath>
fn=_get_bothseps
34 2900
cfl=~
cfn=<built-in method builtins.isinstance>
calls=8 0
34 800

fl=<frozen ntpath>
fn=normcase
50 211100
cfl=~
cfn=<built-in method _winapi.LCMapStringEx>
calls=373 0
50 102200
cfl=~
cfn=<built-in method builtins.isinstance>
calls=373 0
50 50300
cfl=~
cfn=<built-in method nt.fspath>
calls=373 0
50 26200
cfl=~
cfn=<method 'replace' of 'str' objects>
calls=373 0
50 47600

fl=<frozen ntpath>
fn=join
99 17000
cfl=~
cfn=<built-in method builtins.isinstance>
calls=9 0
99 1100
cfl=~
cfn=<built-in method nt._path_splitroot_ex>
calls=18 0
99 5500
cfl=~
cfn=<built-in method nt.fspath>
calls=9 0
99 1200

fl=<frozen ntpath>
fn=splitdrive
146 1000
cfl=~
cfn=<built-in method nt._path_splitroot_ex>
calls=2 0
146 400

fl=<frozen ntpath>
fn=split
222 21700
cfl=<frozen ntpath>
cfn=_get_bothseps
calls=8 34
222 3700
cfl=~
cfn=<built-in method builtins.len>
calls=8 0
222 1000
cfl=~
cfn=<built-in method nt._path_splitroot_ex>
calls=8 0
222 4000
cfl=~
cfn=<built-in method nt.fspath>
calls=8 0
222 800
cfl=~
cfn=<method 'rstrip' of 'str' objects>
calls=8 0
222 2500

fl=<frozen ntpath>
fn=splitext
243 6900
cfl=<frozen genericpath>
cfn=_splitext
calls=7 157
243 13900
cfl=~
cfn=<built-in method builtins.isinstance>
calls=7 0
243 700
cfl=~
cfn=<built-in method nt.fspath>
calls=7 0
243 600

fl=<frozen ntpath>
fn=basename
254 4200
cfl=<frozen ntpath>
cfn=split
calls=7 222
254 28200

fl=<frozen ntpath>
fn=expanduser
343 5700
cfl=~
cfn=<built-in method builtins.isinstance>
calls=9 0
343 800
cfl=~
cfn=<built-in method nt.fspath>
calls=9 0
343 900
cfl=~
cfn=<method 'startswith' of 'str' objects>
calls=9 0
343 1500

fl=<frozen ntpath>
fn=abspath
529 19400
cfl=~
cfn=<built-in method nt._getfullpathname>
calls=45 0
529 37500
cfl=~
cfn=<built-in method nt._path_normpath>
calls=45 0
529 15400

fl=<frozen ntpath>
fn=relpath
737 137800
cfl=<frozen ntpath>
cfn=normcase
calls=352 50
737 370000
cfl=<frozen ntpath>
cfn=abspath
calls=44 529
737 67000
cfl=~
cfn=<built-in method builtins.isinstance>
calls=22 0
737 2500
cfl=~
cfn=<built-in method builtins.len>
calls=22 0
737 2300
cfl=~
cfn=<built-in method nt._path_splitroot_ex>
calls=44 0
737 12900
cfl=~
cfn=<built-in method nt.fspath>
calls=22 0
737 3300
cfl=~
cfn=<method 'join' of 'str' objects>
calls=22 0
737 5500
cfl=~
cfn=<method 'split' of 'str' objects>
calls=44 0
737 14700

fl=<frozen os>
fn=makedirs
211 4900
cfl=<frozen ntpath>
cfn=split
calls=1 222
211 5500
cfl=~
cfn=<built-in method nt._path_exists>
calls=1 0
211 35600
cfl=~
cfn=<built-in method nt.mkdir>
calls=1 0
211 249300

fl=<frozen os>
fn=__getitem__
704 120000
cfl=<frozen os>
cfn=encodekey
calls=259 778
704 185300

fl=<frozen os>
fn=__iter__
727 16200

fl=<frozen os>
fn=check_str
772 46700
cfl=~
cfn=<built-in method builtins.isinstance>
calls=259 0
772 19100

fl=<frozen os>
fn=encodekey
778 88600
cfl=<frozen os>
cfn=check_str
calls=259 772
778 65800
cfl=~
cfn=<method 'upper' of 'str' objects>
calls=259 0
778 30900

fl=<string>
fn=<lambda>:1
1 1403200
cfl=~
cfn=<built-in method __new__ of type object at 0x00007FFE69354D90>
calls=5915 0
1 888500

fl=<string>
fn=<lambda>:1
1 3500
cfl=~
cfn=<built-in method __new__ of type object at 0x00007FFE69354D90>
calls=7 0
1 2500

fl=<string>
fn=<lambda>:1
1 2400
cfl=~
cfn=<built-in method __new__ of type object at 0x00007FFE69354D90>
calls=5 0
1 1700

fl=<string>
fn=<lambda>:1
1 2300
cfl=~
cfn=<built-in method __new__ of type object at 0x00007FFE69354D90>
calls=5 0
1 1300

fl=<string>
fn=<lambda>:1
1 1700
cfl=~
cfn=<built-in method __new__ of type object at 0x00007FFE69354D90>
calls=4 0
1 1600

fl=<string>
fn=<lambda>:1
1 1400
cfl=~
cfn=<built-in method __new__ of type object at 0x00007FFE69354D90>
calls=4 0
1 1000

fl=<string>
fn=<lambda>:1
1 6600
cfl=~
cfn=<built-in method __new__ of type object at 0x00007FFE69354D90>
calls=17 0
1 4200

fl=<string>
fn=<lambda>:1
1 900
cfl=~
cfn=<built-in method __new__ of type object at 0x00007FFE69354D90>
calls=1 0
1 700

fl=<string>
fn=<lambda>:1
1 2700
cfl=~
cfn=<built-in method __new__ of type object at 0x00007FFE69354D90>
calls=6 0
1 2000

fl=<string>
fn=<lambda>:1
1 1500
cfl=~
cfn=<built-in method __new__ of type object at 0x00007FFE69354D90>
calls=3 0
1 1100

fl=<string>
fn=<module>
1 200

fl=<string>
fn=__init__:2
2 2800

fl=<string>
fn=__init__:2
2 2100

fl=<string>
fn=__init__:2
2 400

fl=C:\Users\Pedro\AppData\Local\Python\pythoncore-3.14-64\Lib\_colorize.py
fn=get_theme
322 1100

fl=C:\Users\Pedro\AppData\Local\Python\pythoncore-3.14-64\Lib\_py_warnings.py
fn=_filters
71 1500

fl=C:\Users\Pedro\AppData\Local\Python\pythoncore-3.14-64\Lib\_py_warnings.py
fn=_get_context
89 1800

fl=C:\Users\Pedro\AppData\Local\Python\pythoncore-3.14-64\Lib\_py_warnings.py
fn=_get_filters
111 7800
cfl=C:\Users\Pedro\AppData\Local\Python\pythoncore-3.14-64\Lib\_py_warnings.py
cfn=_filters
calls=12 71
111 1500
cfl=C:\Users\Pedro\AppData\Local\Python\pythoncore-3.14-64\Lib\_py_warnings.py
cfn=_get_context
calls=12 89
111 1500

fl=C:\Users\Pedro\AppData\Local\Python\pythoncore-3.14-64\Lib\_py_warnings.py
fn=_showwarnmsg_impl
133 5800
cfl=C:\Users\Pedro\AppData\Local\Python\pythoncore-3.14-64\Lib\_py_warnings.py
cfn=_get_context
calls=1 89
133 300
cfl=C:\Users\Pedro\AppData\Local\Python\pythoncore-3.14-64\Lib\_py_warnings.py
cfn=_formatwarnmsg
calls=0 240
133 0

fl=C:\Users\Pedro\AppData\Local\Python\pythoncore-3.14-64\Lib\_py_warnings.py
fn=_formatwarnmsg_impl
153 5300
cfl=C:\Users\Pedro\AppData\Local\Python\pythoncore-3.14-64\Lib\linecache.py
cfn=getline
calls=0 22
153 0

fl=C:\Users\Pedro\AppData\Local\Python\pythoncore-3.14-64\Lib\_py_warnings.py
fn=_showwarnmsg
217 3600
cfl=C:\Users\Pedro\AppData\Local\Python\pythoncore-3.14-64\Lib\_py_warnings.py
cfn=_showwarnmsg_impl
calls=0 133
217 0

fl=C:\Users\Pedro\AppData\Local\Python\pythoncore-3.14-64\Lib\_py_warnings.py
fn=_formatwarnmsg
240 4300
cfl=C:\Users\Pedro\AppData\Local\Python\pythoncore-3.14-64\Lib\_py_warnings.py
cfn=_formatwarnmsg_impl
calls=0 153
240 0
cfl=c:\Users\Pedro\faculdade\IniciacaoCientifica\grn\.env\Lib\site-packages\IPython\core\interactiveshell.py
cfn=write
calls=1 3098
240 214300

fl=C:\Users\Pedro\AppData\Local\Python\pythoncore-3.14-64\Lib\_py_warnings.py
fn=simplefilter
294 12100
cfl=C:\Users\Pedro\AppData\Local\Python\pythoncore-3.14-64\Lib\_py_warnings.py
cfn=_add_filter
calls=12 320
294 52700
cfl=~
cfn=<built-in method builtins.isinstance>
calls=12 0
294 900

fl=C:\Users\Pedro\AppData\Local\Python\pythoncore-3.14-64\Lib\_py_warnings.py
fn=_add_filter
320 23600
cfl=C:\Users\Pedro\AppData\Local\Python\pythoncore-3.14-64\Lib\_py_warnings.py
cfn=_get_filters
calls=12 111
320 10800
cfl=C:\Users\Pedro\AppData\Local\Python\pythoncore-3.14-64\Lib\warnings.py
cfn=__enter__
calls=12 80
320 3100
cfl=C:\Users\Pedro\AppData\Local\Python\pythoncore-3.14-64\Lib\warnings.py
cfn=__exit__
calls=12 84
320 3400
cfl=~
cfn=<built-in method _warnings._filters_mutated_lock_held>
calls=12 0
320 1800
cfl=~
cfn=<method 'insert' of 'list' objects>
calls=12 0
320 2600
cfl=~
cfn=<method 'remove' of 'list' objects>
calls=12 0
320 7400

fl=C:\Users\Pedro\AppData\Local\Python\pythoncore-3.14-64\Lib\_py_warnings.py
fn=__init__:576
576 1400

fl=C:\Users\Pedro\AppData\Local\Python\pythoncore-3.14-64\Lib\_py_warnings.py
fn=__init__:616
616 4100

fl=C:\Users\Pedro\AppData\Local\Python\pythoncore-3.14-64\Lib\_py_warnings.py
fn=__enter__
639 18500
cfl=C:\Users\Pedro\AppData\Local\Python\pythoncore-3.14-64\Lib\warnings.py
cfn=__enter__
calls=12 80
639 6000
cfl=C:\Users\Pedro\AppData\Local\Python\pythoncore-3.14-64\Lib\warnings.py
cfn=__exit__
calls=12 84
639 4900
cfl=~
cfn=<built-in method _warnings._filters_mutated_lock_held>
calls=12 0
639 1800

fl=C:\Users\Pedro\AppData\Local\Python\pythoncore-3.14-64\Lib\_py_warnings.py
fn=__exit__
668 12600
cfl=C:\Users\Pedro\AppData\Local\Python\pythoncore-3.14-64\Lib\warnings.py
cfn=__enter__
calls=12 80
668 3000
cfl=C:\Users\Pedro\AppData\Local\Python\pythoncore-3.14-64\Lib\warnings.py
cfn=__exit__
calls=12 84
668 3300
cfl=~
cfn=<built-in method _warnings._filters_mutated_lock_held>
calls=12 0
668 1200

fl=C:\Users\Pedro\AppData\Local\Python\pythoncore-3.14-64\Lib\_weakrefset.py
fn=__init__
12 1700

fl=C:\Users\Pedro\AppData\Local\Python\pythoncore-3.14-64\Lib\_weakrefset.py
fn=add
45 3500
cfl=~
cfn=<method 'add' of 'set' objects>
calls=3 0
45 1300

fl=C:\Users\Pedro\AppData\Local\Python\pythoncore-3.14-64\Lib\annotationlib.py
fn=get_annotations
907 3000
cfl=C:\Users\Pedro\AppData\Local\Python\pythoncore-3.14-64\Lib\annotationlib.py
cfn=_get_dunder_annotations
calls=1 1131
907 1400

fl=C:\Users\Pedro\AppData\Local\Python\pythoncore-3.14-64\Lib\annotationlib.py
fn=_get_dunder_annotations
1131 1000
cfl=~
cfn=<built-in method builtins.getattr>
calls=1 0
1131 200
cfl=~
cfn=<built-in method builtins.isinstance>
calls=2 0
1131 200

fl=C:\Users\Pedro\AppData\Local\Python\pythoncore-3.14-64\Lib\ast.py
fn=parse
26 8100
cfl=~
cfn=<built-in method builtins.compile>
calls=14 0
26 311700

fl=C:\Users\Pedro\AppData\Local\Python\pythoncore-3.14-64\Lib\asyncio\base_events.py
fn=_check_closed
548 500

fl=C:\Users\Pedro\AppData\Local\Python\pythoncore-3.14-64\Lib\asyncio\base_events.py
fn=time
766 7100
cfl=~
cfn=<built-in method time.monotonic>
calls=11 0
766 2500

fl=C:\Users\Pedro\AppData\Local\Python\pythoncore-3.14-64\Lib\asyncio\base_events.py
fn=call_later
775 4800
cfl=C:\Users\Pedro\AppData\Local\Python\pythoncore-3.14-64\Lib\asyncio\base_events.py
cfn=time
calls=2 766
775 900
cfl=C:\Users\Pedro\AppData\Local\Python\pythoncore-3.14-64\Lib\asyncio\base_events.py
cfn=call_at
calls=2 799
775 20700

fl=C:\Users\Pedro\AppData\Local\Python\pythoncore-3.14-64\Lib\asyncio\base_events.py
fn=call_at
799 7200
cfl=C:\Users\Pedro\AppData\Local\Python\pythoncore-3.14-64\Lib\asyncio\base_events.py
cfn=_check_closed
calls=2 548
799 300
cfl=C:\Users\Pedro\AppData\Local\Python\pythoncore-3.14-64\Lib\asyncio\events.py
cfn=__init__:146
calls=2 146
799 10400
cfl=~
cfn=<built-in method _heapq.heappush>
calls=2 0
799 2800

fl=C:\Users\Pedro\AppData\Local\Python\pythoncore-3.14-64\Lib\asyncio\base_events.py
fn=call_soon
817 1700
cfl=C:\Users\Pedro\AppData\Local\Python\pythoncore-3.14-64\Lib\asyncio\base_events.py
cfn=_check_closed
calls=1 548
817 200
cfl=C:\Users\Pedro\AppData\Local\Python\pythoncore-3.14-64\Lib\asyncio\base_events.py
cfn=_call_soon
calls=1 846
817 6600

fl=C:\Users\Pedro\AppData\Local\Python\pythoncore-3.14-64\Lib\asyncio\base_events.py
fn=_call_soon
846 3100
cfl=C:\Users\Pedro\AppData\Local\Python\pythoncore-3.14-64\Lib\asyncio\events.py
cfn=__init__:41
calls=1 41
846 3400
cfl=~
cfn=<method 'append' of 'collections.deque' objects>
calls=1 0
846 100

fl=C:\Users\Pedro\AppData\Local\Python\pythoncore-3.14-64\Lib\asyncio\base_events.py
fn=_add_callback
1951 2300
cfl=~
cfn=<method 'append' of 'collections.deque' objects>
calls=3 0
1951 900

fl=C:\Users\Pedro\AppData\Local\Python\pythoncore-3.14-64\Lib\asyncio\base_events.py
fn=_run_once
1966 38900
cfl=C:\Users\Pedro\AppData\Local\Python\pythoncore-3.14-64\Lib\asyncio\base_events.py
cfn=time
calls=5 766
1966 3000
cfl=C:\Users\Pedro\AppData\Local\Python\pythoncore-3.14-64\Lib\asyncio\events.py
cfn=_run
calls=1 92
1966 64500
cfl=C:\Users\Pedro\AppData\Local\Python\pythoncore-3.14-64\Lib\asyncio\selector_events.py
cfn=_process_events
calls=1 744
1966 300
cfl=C:\Users\Pedro\AppData\Local\Python\pythoncore-3.14-64\Lib\selectors.py
cfn=select
calls=1 310
1966 0
cfl=C:\Users\Pedro\AppData\Local\Python\pythoncore-3.14-64\Lib\traceback.py
cfn=_safe_string
calls=1 200
1966 700
cfl=C:\Users\Pedro\AppData\Local\Python\pythoncore-3.14-64\Lib\traceback.py
cfn=_load_lines
calls=1 1213
1966 10800
cfl=~
cfn=<built-in method builtins.getattr>
calls=1 0
1966 1300
cfl=~
cfn=<built-in method builtins.isinstance>
calls=1 0
1966 600
cfl=~
cfn=<built-in method builtins.issubclass>
calls=3 0
1966 600
cfl=~
cfn=<built-in method builtins.len>
calls=7 0
1966 1000
cfl=~
cfn=<method 'pop' of 'list' objects>
calls=1 0
1966 300
cfl=~
cfn=<method 'popleft' of 'collections.deque' objects>
calls=1 0
1966 200

fl=C:\Users\Pedro\AppData\Local\Python\pythoncore-3.14-64\Lib\asyncio\base_events.py
fn=get_debug
2064 300

fl=C:\Users\Pedro\AppData\Local\Python\pythoncore-3.14-64\Lib\asyncio\events.py
fn=__init__:41
41 7800
cfl=C:\Users\Pedro\AppData\Local\Python\pythoncore-3.14-64\Lib\asyncio\base_events.py
cfn=get_debug
calls=3 2064
41 300
cfl=~
cfn=<built-in method _contextvars.copy_context>
calls=3 0
41 1900

fl=C:\Users\Pedro\AppData\Local\Python\pythoncore-3.14-64\Lib\asyncio\events.py
fn=_run
92 9500
cfl=~
cfn=<method 'partition' of 'str' objects>
calls=1 0
92 700
cfl=~
cfn=<method 'run' of '_contextvars.Context' objects>
calls=5 0
92 2124200
cfl=~
cfn=<method 'strip' of 'str' objects>
calls=1 0
92 300

fl=C:\Users\Pedro\AppData\Local\Python\pythoncore-3.14-64\Lib\asyncio\events.py
fn=__init__:146
146 3800
cfl=C:\Users\Pedro\AppData\Local\Python\pythoncore-3.14-64\Lib\asyncio\events.py
cfn=__init__:41
calls=2 41
146 6600

fl=C:\Users\Pedro\AppData\Local\Python\pythoncore-3.14-64\Lib\asyncio\events.py
fn=__lt__
162 1500
cfl=~
cfn=<built-in method builtins.isinstance>
calls=3 0
162 400

fl=C:\Users\Pedro\AppData\Local\Python\pythoncore-3.14-64\Lib\asyncio\selector_events.py
fn=_process_events
744 29700
cfl=C:\Users\Pedro\AppData\Local\Python\pythoncore-3.14-64\Lib\asyncio\base_events.py
cfn=_add_callback
calls=3 1951
744 3200

fl=C:\Users\Pedro\AppData\Local\Python\pythoncore-3.14-64\Lib\cProfile.py
fn=__exit__
120 3500
cfl=~
cfn=<method 'disable' of '_lsprof.Profiler' objects>
calls=1 0
120 268600

fl=C:\Users\Pedro\AppData\Local\Python\pythoncore-3.14-64\Lib\collections\__init__.py
fn=namedtuple
361 37200
cfl=~
cfn=<built-in method builtins.eval>
calls=1 0
361 47500
cfl=~
cfn=<built-in method builtins.isinstance>
calls=1 0
361 200
cfl=~
cfn=<built-in method builtins.len>
calls=1 0
361 100
cfl=~
cfn=<built-in method sys._getframemodulename>
calls=1 0
361 200
cfl=~
cfn=<built-in method sys.intern>
calls=3 0
361 1000
cfl=~
cfn=<method '__contains__' of 'frozenset' objects>
calls=3 0
361 700
cfl=~
cfn=<method 'add' of 'set' objects>
calls=2 0
361 400
cfl=~
cfn=<method 'isidentifier' of 'str' objects>
calls=3 0
361 900
cfl=~
cfn=<method 'join' of 'str' objects>
calls=2 0
361 3200
cfl=~
cfn=<method 'startswith' of 'str' objects>
calls=2 0
361 400

fl=C:\Users\Pedro\AppData\Local\Python\pythoncore-3.14-64\Lib\collections\__init__.py
fn=<genexpr>
435 1100

fl=C:\Users\Pedro\AppData\Local\Python\pythoncore-3.14-64\Lib\collections\__init__.py
fn=__missing__
616 100

fl=C:\Users\Pedro\AppData\Local\Python\pythoncore-3.14-64\Lib\contextlib.py
fn=__init__:108
108 1408900
cfl=~
cfn=<built-in method builtins.getattr>
calls=2999 0
108 317200

fl=C:\Users\Pedro\AppData\Local\Python\pythoncore-3.14-64\Lib\contextlib.py
fn=__enter__:136
136 925600
cfl=~
cfn=<built-in method builtins.next>
calls=2999 0
136 9383700

fl=C:\Users\Pedro\AppData\Local\Python\pythoncore-3.14-64\Lib\contextlib.py
fn=__exit__:145
145 1762800
cfl=~
cfn=<built-in method builtins.next>
calls=40 0
145 144000
cfl=~
cfn=<method 'throw' of 'generator' objects>
calls=2960 0
145 8041600

fl=C:\Users\Pedro\AppData\Local\Python\pythoncore-3.14-64\Lib\contextlib.py
fn=helper
303 1149400
cfl=C:\Users\Pedro\AppData\Local\Python\pythoncore-3.14-64\Lib\contextlib.py
cfn=__init__:108
calls=2999 108
303 1726100

fl=C:\Users\Pedro\AppData\Local\Python\pythoncore-3.14-64\Lib\contextlib.py
fn=__init__:444
444 1700

fl=C:\Users\Pedro\AppData\Local\Python\pythoncore-3.14-64\Lib\contextlib.py
fn=__enter__:447
447 1600

fl=C:\Users\Pedro\AppData\Local\Python\pythoncore-3.14-64\Lib\contextlib.py
fn=__exit__:450
450 1500

fl=C:\Users\Pedro\AppData\Local\Python\pythoncore-3.14-64\Lib\contextlib.py
fn=_create_exit_wrapper
475 368900

fl=C:\Users\Pedro\AppData\Local\Python\pythoncore-3.14-64\Lib\contextlib.py
fn=__init__:485
485 394700

fl=C:\Users\Pedro\AppData\Local\Python\pythoncore-3.14-64\Lib\contextlib.py
fn=push
495 796800
cfl=C:\Users\Pedro\AppData\Local\Python\pythoncore-3.14-64\Lib\contextlib.py
cfn=_push_exit_callback
calls=611 552
495 250500

fl=C:\Users\Pedro\AppData\Local\Python\pythoncore-3.14-64\Lib\contextlib.py
fn=enter_context
515 1123500
cfl=C:\Users\Pedro\AppData\Local\Python\pythoncore-3.14-64\Lib\contextlib.py
cfn=__enter__:136
calls=1182 136
515 6086400
cfl=C:\Users\Pedro\AppData\Local\Python\pythoncore-3.14-64\Lib\contextlib.py
cfn=_push_cm_exit
calls=1774 547
515 1875600
cfl=c:\Users\Pedro\faculdade\IniciacaoCientifica\grn\.env\Lib\site-packages\numba\core\compiler_lock.py
cfn=__enter__
calls=591 19
515 2754800
cfl=~
cfn=<method '__enter__' of '_thread.RLock' objects>
calls=1 0
515 200

fl=C:\Users\Pedro\AppData\Local\Python\pythoncore-3.14-64\Lib\contextlib.py
fn=_push_cm_exit
547 826000
cfl=C:\Users\Pedro\AppData\Local\Python\pythoncore-3.14-64\Lib\contextlib.py
cfn=_create_exit_wrapper
calls=1774 475
547 368900
cfl=C:\Users\Pedro\AppData\Local\Python\pythoncore-3.14-64\Lib\contextlib.py
cfn=_push_exit_callback
calls=1774 552
547 680700

fl=C:\Users\Pedro\AppData\Local\Python\pythoncore-3.14-64\Lib\contextlib.py
fn=_push_exit_callback
552 644700
cfl=~
cfn=<method 'append' of 'collections.deque' objects>
calls=2385 0
552 286500

fl=C:\Users\Pedro\AppData\Local\Python\pythoncore-3.14-64\Lib\contextlib.py
fn=__enter__:568
568 118500

fl=C:\Users\Pedro\AppData\Local\Python\pythoncore-3.14-64\Lib\contextlib.py
fn=__exit__:571
571 2454300
cfl=C:\Users\Pedro\AppData\Local\Python\pythoncore-3.14-64\Lib\contextlib.py
cfn=__exit__:145
calls=1182 145
571 5257700
cfl=c:\Users\Pedro\faculdade\IniciacaoCientifica\grn\.env\Lib\site-packages\numba\core\compiler_lock.py
cfn=__exit__
calls=591 22
571 2853900
cfl=c:\Users\Pedro\faculdade\IniciacaoCientifica\grn\.env\Lib\site-packages\numba\core\event.py
cfn=on_exit
calls=609 436
571 1442200
cfl=c:\Users\Pedro\faculdade\IniciacaoCientifica\grn\.env\Lib\site-packages\numba\core\typing\context.py
cfn=clear_fail_cache
calls=1 76
571 900
cfl=c:\Users\Pedro\faculdade\IniciacaoCientifica\grn\.env\Lib\site-packages\numba\core\typing\context.py
cfn=undo_stack
calls=1 89
571 1100
cfl=~
cfn=<built-in method sys.exception>
calls=1201 0
571 125800
cfl=~
cfn=<method 'pop' of 'collections.deque' objects>
calls=2385 0
571 312500

fl=C:\Users\Pedro\AppData\Local\Python\pythoncore-3.14-64\Lib\copy.py
fn=copy
62 860200
cfl=C:\Users\Pedro\AppData\Local\Python\pythoncore-3.14-64\Lib\copy.py
cfn=_reconstruct
calls=1 228
62 5600
cfl=~
cfn=<built-in method builtins.getattr>
calls=1184 0
62 158200
cfl=~
cfn=<built-in method builtins.isinstance>
calls=1 0
62 200
cfl=~
cfn=<built-in method builtins.issubclass>
calls=1183 0
62 127700
cfl=~
cfn=<method '__copy__' of 'numpy.ndarray' objects>
calls=1182 0
62 448500
cfl=~
cfn=<method '__reduce_ex__' of 'object' objects>
calls=1 0
62 2000
cfl=~
cfn=<method 'get' of 'dict' objects>
calls=1 0
62 300

fl=C:\Users\Pedro\AppData\Local\Python\pythoncore-3.14-64\Lib\copy.py
fn=deepcopy
110 10935100
cfl=C:\Users\Pedro\AppData\Local\Python\pythoncore-3.14-64\Lib\copy.py
cfn=_deepcopy_dict
calls=7683 198
110 28096500
cfl=C:\Users\Pedro\AppData\Local\Python\pythoncore-3.14-64\Lib\copy.py
cfn=_keep_alive
calls=7683 212
110 4344000
cfl=~
cfn=<built-in method builtins.id>
calls=7683 0
110 598400
cfl=~
cfn=<method 'get' of 'dict' objects>
calls=14775 0
110 1494800

fl=C:\Users\Pedro\AppData\Local\Python\pythoncore-3.14-64\Lib\copy.py
fn=_deepcopy_dict
198 10305800
cfl=C:\Users\Pedro\AppData\Local\Python\pythoncore-3.14-64\Lib\copy.py
cfn=deepcopy
calls=44916 110
198 26590800
cfl=~
cfn=<built-in method builtins.id>
calls=7683 0
198 565000
cfl=~
cfn=<method 'items' of 'dict' objects>
calls=7683 0
198 889000

fl=C:\Users\Pedro\AppData\Local\Python\pythoncore-3.14-64\Lib\copy.py
fn=_keep_alive
212 2894800
cfl=~
cfn=<built-in method builtins.id>
calls=8274 0
212 689900
cfl=~
cfn=<method 'append' of 'list' objects>
calls=7092 0
212 759300

fl=C:\Users\Pedro\AppData\Local\Python\pythoncore-3.14-64\Lib\copy.py
fn=_reconstruct
228 2700
cfl=C:\Users\Pedro\AppData\Local\Python\pythoncore-3.14-64\Lib\copyreg.py
cfn=__newobj__
calls=1 103
228 1100
cfl=~
cfn=<built-in method builtins.hasattr>
calls=1 0
228 300
cfl=~
cfn=<built-in method builtins.isinstance>
calls=1 0
228 200
cfl=~
cfn=<method 'update' of 'dict' objects>
calls=1 0
228 1300

fl=C:\Users\Pedro\AppData\Local\Python\pythoncore-3.14-64\Lib\copyreg.py
fn=__newobj__
103 800
cfl=~
cfn=<built-in method __new__ of type object at 0x00007FFE69354D90>
calls=1 0
103 300

fl=C:\Users\Pedro\AppData\Local\Python\pythoncore-3.14-64\Lib\dataclasses.py
fn=is_dataclass
1468 2200
cfl=~
cfn=<built-in method builtins.hasattr>
calls=2 0
1468 1200
cfl=~
cfn=<built-in method builtins.isinstance>
calls=2 0
1468 300

fl=C:\Users\Pedro\AppData\Local\Python\pythoncore-3.14-64\Lib\dis.py
fn=_get_code_object
191 2600
cfl=~
cfn=<built-in method builtins.hasattr>
calls=12 0
191 1900
cfl=~
cfn=<built-in method builtins.isinstance>
calls=2 0
191 400

fl=C:\Users\Pedro\AppData\Local\Python\pythoncore-3.14-64\Lib\dis.py
fn=_deoptop
214 28800

fl=C:\Users\Pedro\AppData\Local\Python\pythoncore-3.14-64\Lib\dis.py
fn=_get_cache_size
339 51600
cfl=~
cfn=<method 'get' of 'dict' objects>
calls=343 0
339 25900

fl=C:\Users\Pedro\AppData\Local\Python\pythoncore-3.14-64\Lib\dis.py
fn=_get_jump_target
342 46500
cfl=C:\Users\Pedro\AppData\Local\Python\pythoncore-3.14-64\Lib\dis.py
cfn=_deoptop
calls=105 214
342 7800
cfl=C:\Users\Pedro\AppData\Local\Python\pythoncore-3.14-64\Lib\dis.py
cfn=_get_cache_size
calls=105 339
342 23100
cfl=C:\Users\Pedro\AppData\Local\Python\pythoncore-3.14-64\Lib\dis.py
cfn=_is_backward_jump
calls=2 749
342 700

fl=C:\Users\Pedro\AppData\Local\Python\pythoncore-3.14-64\Lib\dis.py
fn=_parse_varint
724 900
cfl=~
cfn=<built-in method builtins.next>
calls=2 0
724 300

fl=C:\Users\Pedro\AppData\Local\Python\pythoncore-3.14-64\Lib\dis.py
fn=_parse_exception_table
733 2500
cfl=C:\Users\Pedro\AppData\Local\Python\pythoncore-3.14-64\Lib\dis.py
cfn=_parse_varint
calls=2 724
733 1200
cfl=~
cfn=<built-in method builtins.iter>
calls=2 0
733 500

fl=C:\Users\Pedro\AppData\Local\Python\pythoncore-3.14-64\Lib\dis.py
fn=_is_backward_jump
749 700

fl=C:\Users\Pedro\AppData\Local\Python\pythoncore-3.14-64\Lib\dis.py
fn=_unpack_opargs
934 167400
cfl=C:\Users\Pedro\AppData\Local\Python\pythoncore-3.14-64\Lib\dis.py
cfn=_deoptop
calls=238 214
934 21000
cfl=C:\Users\Pedro\AppData\Local\Python\pythoncore-3.14-64\Lib\dis.py
cfn=_get_cache_size
calls=238 339
934 54400
cfl=~
cfn=<built-in method builtins.len>
calls=2 0
934 500

fl=C:\Users\Pedro\AppData\Local\Python\pythoncore-3.14-64\Lib\dis.py
fn=findlabels
965 37200
cfl=C:\Users\Pedro\AppData\Local\Python\pythoncore-3.14-64\Lib\dis.py
cfn=_get_jump_target
calls=105 342
965 78100
cfl=C:\Users\Pedro\AppData\Local\Python\pythoncore-3.14-64\Lib\dis.py
cfn=_unpack_opargs
calls=120 934
965 125900
cfl=~
cfn=<method 'append' of 'list' objects>
calls=2 0
965 400

fl=C:\Users\Pedro\AppData\Local\Python\pythoncore-3.14-64\Lib\dis.py
fn=findlinestarts
981 11300
cfl=~
cfn=<method 'co_lines' of 'code' objects>
calls=3 0
981 1100

fl=C:\Users\Pedro\AppData\Local\Python\pythoncore-3.14-64\Lib\dis.py
fn=__init__
1042 10100
cfl=C:\Users\Pedro\AppData\Local\Python\pythoncore-3.14-64\Lib\dis.py
cfn=_get_code_object
calls=2 191
1042 4900
cfl=C:\Users\Pedro\AppData\Local\Python\pythoncore-3.14-64\Lib\dis.py
cfn=_parse_exception_table
calls=2 733
1042 4200
cfl=C:\Users\Pedro\AppData\Local\Python\pythoncore-3.14-64\Lib\dis.py
cfn=findlinestarts
calls=26 981
1042 5600

fl=C:\Users\Pedro\AppData\Local\Python\pythoncore-3.14-64\Lib\encodings\cp1252.py
fn=encode
18 7500
cfl=~
cfn=<built-in method _codecs.charmap_encode>
calls=7 0
18 11800

fl=C:\Users\Pedro\AppData\Local\Python\pythoncore-3.14-64\Lib\enum.py
fn=__get__
187 4400
cfl=C:\Users\Pedro\AppData\Local\Python\pythoncore-3.14-64\Lib\enum.py
cfn=name
calls=2 1319
187 1100
cfl=C:\Users\Pedro\AppData\Local\Python\pythoncore-3.14-64\Lib\enum.py
cfn=value
calls=3 1324
187 1000

fl=C:\Users\Pedro\AppData\Local\Python\pythoncore-3.14-64\Lib\enum.py
fn=__call__
677 30000
cfl=C:\Users\Pedro\AppData\Local\Python\pythoncore-3.14-64\Lib\enum.py
cfn=__new__
calls=51 1146
677 15500

fl=C:\Users\Pedro\AppData\Local\Python\pythoncore-3.14-64\Lib\enum.py
fn=__new__
1146 15500

fl=C:\Users\Pedro\AppData\Local\Python\pythoncore-3.14-64\Lib\enum.py
fn=name
1319 1100

fl=C:\Users\Pedro\AppData\Local\Python\pythoncore-3.14-64\Lib\enum.py
fn=value
1324 1000

fl=C:\Users\Pedro\AppData\Local\Python\pythoncore-3.14-64\Lib\enum.py
fn=_get_value
1576 28300
cfl=~
cfn=<built-in method builtins.isinstance>
calls=140 0
1576 13400

fl=C:\Users\Pedro\AppData\Local\Python\pythoncore-3.14-64\Lib\enum.py
fn=__or__
1583 18300
cfl=C:\Users\Pedro\AppData\Local\Python\pythoncore-3.14-64\Lib\enum.py
cfn=__call__
calls=16 677
1583 9600
cfl=C:\Users\Pedro\AppData\Local\Python\pythoncore-3.14-64\Lib\enum.py
cfn=_get_value
calls=48 1576
1583 22100

fl=C:\Users\Pedro\AppData\Local\Python\pythoncore-3.14-64\Lib\enum.py
fn=__and__
1594 17600
cfl=C:\Users\Pedro\AppData\Local\Python\pythoncore-3.14-64\Lib\enum.py
cfn=__call__
calls=12 677
1594 8400
cfl=C:\Users\Pedro\AppData\Local\Python\pythoncore-3.14-64\Lib\enum.py
cfn=_get_value
calls=36 1576
1594 19600

fl=C:\Users\Pedro\AppData\Local\Python\pythoncore-3.14-64\Lib\functools.py
fn=_unwrap_partial
500 500
cfl=~
cfn=<built-in method builtins.isinstance>
calls=2 0
500 200

fl=C:\Users\Pedro\AppData\Local\Python\pythoncore-3.14-64\Lib\functools.py
fn=_unwrap_partialmethod
505 1700
cfl=C:\Users\Pedro\AppData\Local\Python\pythoncore-3.14-64\Lib\functools.py
cfn=_unwrap_partial
calls=1 500
505 400
cfl=~
cfn=<built-in method builtins.getattr>
calls=1 0
505 100
cfl=~
cfn=<built-in method builtins.isinstance>
calls=2 0
505 300

fl=C:\Users\Pedro\AppData\Local\Python\pythoncore-3.14-64\Lib\functools.py
fn=_c3_merge
735 12300
cfl=~
cfn=<method 'append' of 'list' objects>
calls=12 0
735 2000

fl=C:\Users\Pedro\AppData\Local\Python\pythoncore-3.14-64\Lib\functools.py
fn=_c3_mro
762 31700
cfl=C:\Users\Pedro\AppData\Local\Python\pythoncore-3.14-64\Lib\functools.py
cfn=_c3_merge
calls=7 735
762 14300
cfl=C:\Users\Pedro\AppData\Local\Python\pythoncore-3.14-64\Lib\functools.py
cfn=_c3_mro
calls=4 762
762 20400
cfl=~
cfn=<built-in method builtins.hasattr>
calls=4 0
762 2900

fl=C:\Users\Pedro\AppData\Local\Python\pythoncore-3.14-64\Lib\functools.py
fn=_compose_mro
807 36800
cfl=C:\Users\Pedro\AppData\Local\Python\pythoncore-3.14-64\Lib\functools.py
cfn=_c3_mro
calls=3 762
807 48900
cfl=C:\Users\Pedro\AppData\Local\Python\pythoncore-3.14-64\Lib\functools.py
cfn=is_related
calls=102 816
807 590500

fl=C:\Users\Pedro\AppData\Local\Python\pythoncore-3.14-64\Lib\functools.py
fn=is_related
816 42400
cfl=~
cfn=<built-in method builtins.hasattr>
calls=98 0
816 16100
cfl=~
cfn=<built-in method builtins.isinstance>
calls=98 0
816 9200
cfl=~
cfn=<built-in method builtins.issubclass>
calls=98 0
816 522800

fl=C:\Users\Pedro\AppData\Local\Python\pythoncore-3.14-64\Lib\functools.py
fn=_find_impl
849 9500
cfl=C:\Users\Pedro\AppData\Local\Python\pythoncore-3.14-64\Lib\functools.py
cfn=_compose_mro
calls=3 807
849 676200
cfl=~
cfn=<method 'get' of 'dict' objects>
calls=3 0
849 1000
cfl=~
cfn=<method 'keys' of 'dict' objects>
calls=3 0
849 1100

fl=C:\Users\Pedro\AppData\Local\Python\pythoncore-3.14-64\Lib\functools.py
fn=dispatch
893 2304500
cfl=C:\Users\Pedro\AppData\Local\Python\pythoncore-3.14-64\Lib\functools.py
cfn=_find_impl
calls=3 849
893 687800
cfl=C:\Users\Pedro\AppData\Local\Python\pythoncore-3.14-64\Lib\weakref.py
cfn=__getitem__
calls=5915 325
893 1424200
cfl=C:\Users\Pedro\AppData\Local\Python\pythoncore-3.14-64\Lib\weakref.py
cfn=__setitem__
calls=6 334
893 3900
cfl=~
cfn=<built-in method _abc.get_cache_token>
calls=5915 0
893 554000

fl=C:\Users\Pedro\AppData\Local\Python\pythoncore-3.14-64\Lib\functools.py
fn=wrapper
978 3501900
cfl=C:\Users\Pedro\AppData\Local\Python\pythoncore-3.14-64\Lib\functools.py
cfn=dispatch
calls=5915 893
978 4974400
cfl=c:\Users\Pedro\faculdade\IniciacaoCientifica\grn\.env\Lib\site-packages\numba\core\typing\typeof.py
cfn=typeof_impl
calls=2 41
978 47900
cfl=c:\Users\Pedro\faculdade\IniciacaoCientifica\grn\.env\Lib\site-packages\numba\core\typing\typeof.py
cfn=_typeof_type
calls=2 90
978 352900
cfl=c:\Users\Pedro\faculdade\IniciacaoCientifica\grn\.env\Lib\site-packages\numba\core\typing\typeof.py
cfn=_typeof_float
calls=1182 124
978 147900
cfl=c:\Users\Pedro\faculdade\IniciacaoCientifica\grn\.env\Lib\site-packages\numba\core\typing\typeof.py
cfn=_typeof_ndarray
calls=3547 246
978 44044500
cfl=c:\Users\Pedro\faculdade\IniciacaoCientifica\grn\.env\Lib\site-packages\numba\experimental\jitclass\boxing.py
cfn=_typeof_jitclass_box
calls=1182 273
978 480400

fl=C:\Users\Pedro\AppData\Local\Python\pythoncore-3.14-64\Lib\functools.py
fn=__get__
1110 51200
cfl=c:\Users\Pedro\faculdade\IniciacaoCientifica\grn\.env\Lib\site-packages\numba\core\controlflow.py
cfn=_exit_points
calls=1 206
1110 3800
cfl=c:\Users\Pedro\faculdade\IniciacaoCientifica\grn\.env\Lib\site-packages\numba\core\controlflow.py
cfn=_doms
calls=1 210
1110 8900
cfl=c:\Users\Pedro\faculdade\IniciacaoCientifica\grn\.env\Lib\site-packages\numba\core\controlflow.py
cfn=_back_edges
calls=14 214
1110 172700
cfl=c:\Users\Pedro\faculdade\IniciacaoCientifica\grn\.env\Lib\site-packages\numba\core\controlflow.py
cfn=_topo_order
calls=6 218
1110 131900
cfl=c:\Users\Pedro\faculdade\IniciacaoCientifica\grn\.env\Lib\site-packages\numba\core\controlflow.py
cfn=_loops
calls=7 226
1110 164500
cfl=c:\Users\Pedro\faculdade\IniciacaoCientifica\grn\.env\Lib\site-packages\numba\core\controlflow.py
cfn=_in_loops
calls=1 230
1110 8300
cfl=c:\Users\Pedro\faculdade\IniciacaoCientifica\grn\.env\Lib\site-packages\numba\core\controlflow.py
cfn=_post_doms
calls=1 234
1110 106100
cfl=c:\Users\Pedro\faculdade\IniciacaoCientifica\grn\.env\Lib\site-packages\numba\core\controlflow.py
cfn=_idom
calls=1 238
1110 33600
cfl=c:\Users\Pedro\faculdade\IniciacaoCientifica\grn\.env\Lib\site-packages\numba\core\controlflow.py
cfn=_df
calls=1 242
1110 41900
cfl=c:\Users\Pedro\faculdade\IniciacaoCientifica\grn\.env\Lib\site-packages\numba\core\postproc.py
cfn=cfg
calls=5 38
1110 96000
cfl=c:\Users\Pedro\faculdade\IniciacaoCientifica\grn\.env\Lib\site-packages\numba\core\postproc.py
cfn=usedefs
calls=5 42
1110 4741100
cfl=c:\Users\Pedro\faculdade\IniciacaoCientifica\grn\.env\Lib\site-packages\numba\core\postproc.py
cfn=livemap
calls=5 46
1110 448800
cfl=c:\Users\Pedro\faculdade\IniciacaoCientifica\grn\.env\Lib\site-packages\numba\core\postproc.py
cfn=deadmaps
calls=5 52
1110 808100
cfl=~
cfn=<method 'get' of 'dict' objects>
calls=53 0
1110 8100

fl=C:\Users\Pedro\AppData\Local\Python\pythoncore-3.14-64\Lib\hmac.py
fn=update
149 3300
cfl=C:\Users\Pedro\AppData\Local\Python\pythoncore-3.14-64\Lib\tokenize.py
cfn=open
calls=1 457
149 108400
cfl=~
cfn=<method '__enter__' of '_io._IOBase' objects>
calls=1 0
149 900
cfl=~
cfn=<method '__exit__' of '_io._IOBase' objects>
calls=1 0
149 16700
cfl=~
cfn=<method 'endswith' of 'str' objects>
calls=1 0
149 300
cfl=~
cfn=<method 'readlines' of '_io._IOBase' objects>
calls=1 0
149 49500
cfl=~
cfn=<method 'update' of '_hashlib.HMAC' objects>
calls=7 0
149 2200

fl=C:\Users\Pedro\AppData\Local\Python\pythoncore-3.14-64\Lib\hmac.py
fn=copy
154 3500
cfl=~
cfn=<built-in method __new__ of type object at 0x00007FFE69354D90>
calls=2 0
154 700
cfl=~
cfn=<method 'copy' of '_hashlib.HMAC' objects>
calls=2 0
154 7600

fl=C:\Users\Pedro\AppData\Local\Python\pythoncore-3.14-64\Lib\hmac.py
fn=_current
172 500

fl=C:\Users\Pedro\AppData\Local\Python\pythoncore-3.14-64\Lib\hmac.py
fn=hexdigest
194 6900
cfl=C:\Users\Pedro\AppData\Local\Python\pythoncore-3.14-64\Lib\hmac.py
cfn=_current
calls=2 172
194 500
cfl=~
cfn=<method 'hexdigest' of '_hashlib.HMAC' objects>
calls=2 0
194 8700

fl=C:\Users\Pedro\AppData\Local\Python\pythoncore-3.14-64\Lib\importlib\__init__.py
fn=import_module
71 9300
cfl=<frozen importlib._bootstrap>
cfn=_gcd_import
calls=12 1386
71 43700
cfl=~
cfn=<method 'startswith' of 'str' objects>
calls=12 0
71 1700

fl=C:\Users\Pedro\AppData\Local\Python\pythoncore-3.14-64\Lib\inspect.py
fn=ismodule
180 400
cfl=~
cfn=<built-in method builtins.isinstance>
calls=1 0
180 100

fl=C:\Users\Pedro\AppData\Local\Python\pythoncore-3.14-64\Lib\inspect.py
fn=isclass
184 5200
cfl=~
cfn=<built-in method builtins.isinstance>
calls=27 0
184 2000

fl=C:\Users\Pedro\AppData\Local\Python\pythoncore-3.14-64\Lib\inspect.py
fn=ismethod
188 200
cfl=~
cfn=<built-in method builtins.isinstance>
calls=1 0
188 100

fl=C:\Users\Pedro\AppData\Local\Python\pythoncore-3.14-64\Lib\inspect.py
fn=isfunction
267 1200
cfl=~
cfn=<built-in method builtins.isinstance>
calls=3 0
267 100

fl=C:\Users\Pedro\AppData\Local\Python\pythoncore-3.14-64\Lib\inspect.py
fn=_has_code_flag
285 2700
cfl=C:\Users\Pedro\AppData\Local\Python\pythoncore-3.14-64\Lib\functools.py
cfn=_unwrap_partial
calls=1 500
285 300
cfl=C:\Users\Pedro\AppData\Local\Python\pythoncore-3.14-64\Lib\functools.py
cfn=_unwrap_partialmethod
calls=1 505
285 2500
cfl=C:\Users\Pedro\AppData\Local\Python\pythoncore-3.14-64\Lib\inspect.py
cfn=ismethod
calls=1 188
285 300
cfl=C:\Users\Pedro\AppData\Local\Python\pythoncore-3.14-64\Lib\inspect.py
cfn=isfunction
calls=1 267
285 300

fl=C:\Users\Pedro\AppData\Local\Python\pythoncore-3.14-64\Lib\inspect.py
fn=isgeneratorfunction
298 1100
cfl=C:\Users\Pedro\AppData\Local\Python\pythoncore-3.14-64\Lib\inspect.py
cfn=_has_code_flag
calls=1 285
298 6100

fl=C:\Users\Pedro\AppData\Local\Python\pythoncore-3.14-64\Lib\inspect.py
fn=unwrap
663 2000
cfl=~
cfn=<built-in method builtins.hasattr>
calls=1 0
663 100
cfl=~
cfn=<built-in method builtins.id>
calls=1 0
663 200
cfl=~
cfn=<built-in method builtins.isinstance>
calls=1 0
663 200
cfl=~
cfn=<built-in method sys.getrecursionlimit>
calls=1 0
663 300

fl=C:\Users\Pedro\AppData\Local\Python\pythoncore-3.14-64\Lib\inspect.py
fn=getmodule
898 2400
cfl=C:\Users\Pedro\AppData\Local\Python\pythoncore-3.14-64\Lib\inspect.py
cfn=ismodule
calls=1 180
898 500
cfl=~
cfn=<built-in method builtins.hasattr>
calls=1 0
898 300
cfl=~
cfn=<method 'get' of 'dict' objects>
calls=1 0
898 200

fl=C:\Users\Pedro\AppData\Local\Python\pythoncore-3.14-64\Lib\inspect.py
fn=_signature_from_function
2307 24600
cfl=C:\Users\Pedro\AppData\Local\Python\pythoncore-3.14-64\Lib\annotationlib.py
cfn=get_annotations
calls=1 907
2307 4400
cfl=C:\Users\Pedro\AppData\Local\Python\pythoncore-3.14-64\Lib\inspect.py
cfn=isfunction
calls=1 267
2307 300
cfl=C:\Users\Pedro\AppData\Local\Python\pythoncore-3.14-64\Lib\inspect.py
cfn=__init__:2680
calls=5 2680
2307 15400
cfl=C:\Users\Pedro\AppData\Local\Python\pythoncore-3.14-64\Lib\inspect.py
cfn=__init__:2972
calls=1 2972
2307 7800
cfl=~
cfn=<built-in method builtins.getattr>
calls=1 0
2307 200
cfl=~
cfn=<method 'append' of 'list' objects>
calls=5 0
2307 700
cfl=~
cfn=<method 'get' of 'dict' objects>
calls=6 0
2307 800

fl=C:\Users\Pedro\AppData\Local\Python\pythoncore-3.14-64\Lib\inspect.py
fn=_signature_from_callable
2413 13600
cfl=C:\Users\Pedro\AppData\Local\Python\pythoncore-3.14-64\Lib\inspect.py
cfn=isfunction
calls=1 267
2413 700
cfl=C:\Users\Pedro\AppData\Local\Python\pythoncore-3.14-64\Lib\inspect.py
cfn=unwrap
calls=1 663
2413 2800
cfl=C:\Users\Pedro\AppData\Local\Python\pythoncore-3.14-64\Lib\inspect.py
cfn=_signature_from_function
calls=1 2307
2413 54200
cfl=~
cfn=<built-in method builtins.callable>
calls=1 0
2413 200
cfl=~
cfn=<built-in method builtins.isinstance>
calls=3 0
2413 300

fl=C:\Users\Pedro\AppData\Local\Python\pythoncore-3.14-64\Lib\inspect.py
fn=__init__:2680
2680 9300
cfl=C:\Users\Pedro\AppData\Local\Python\pythoncore-3.14-64\Lib\enum.py
cfn=__call__
calls=5 677
2680 3500
cfl=~
cfn=<built-in method builtins.isinstance>
calls=5 0
2680 400
cfl=~
cfn=<method '__contains__' of 'frozenset' objects>
calls=5 0
2680 1100
cfl=~
cfn=<method 'isidentifier' of 'str' objects>
calls=5 0
2680 1100

fl=C:\Users\Pedro\AppData\Local\Python\pythoncore-3.14-64\Lib\inspect.py
fn=name
2733 700

fl=C:\Users\Pedro\AppData\Local\Python\pythoncore-3.14-64\Lib\inspect.py
fn=__init__:2972
2972 4400
cfl=C:\Users\Pedro\AppData\Local\Python\pythoncore-3.14-64\Lib\inspect.py
cfn=<genexpr>
calls=6 3027
2972 3400

fl=C:\Users\Pedro\AppData\Local\Python\pythoncore-3.14-64\Lib\inspect.py
fn=<genexpr>
3027 2700
cfl=C:\Users\Pedro\AppData\Local\Python\pythoncore-3.14-64\Lib\inspect.py
cfn=name
calls=5 2733
3027 700

fl=C:\Users\Pedro\AppData\Local\Python\pythoncore-3.14-64\Lib\inspect.py
fn=from_callable
3032 9200
cfl=C:\Users\Pedro\AppData\Local\Python\pythoncore-3.14-64\Lib\inspect.py
cfn=_signature_from_callable
calls=1 2413
3032 71800

fl=C:\Users\Pedro\AppData\Local\Python\pythoncore-3.14-64\Lib\inspect.py
fn=parameters
3042 200

fl=C:\Users\Pedro\AppData\Local\Python\pythoncore-3.14-64\Lib\inspect.py
fn=signature
3319 2200
cfl=C:\Users\Pedro\AppData\Local\Python\pythoncore-3.14-64\Lib\inspect.py
cfn=from_callable
calls=1 3032
3319 81000

fl=C:\Users\Pedro\AppData\Local\Python\pythoncore-3.14-64\Lib\json\__init__.py
fn=dumps
185 19600
cfl=C:\Users\Pedro\AppData\Local\Python\pythoncore-3.14-64\Lib\json\encoder.py
cfn=__init__
calls=8 105
185 2200
cfl=C:\Users\Pedro\AppData\Local\Python\pythoncore-3.14-64\Lib\json\encoder.py
cfn=encode
calls=8 185
185 971100

fl=C:\Users\Pedro\AppData\Local\Python\pythoncore-3.14-64\Lib\json\encoder.py
fn=__init__
105 2200

fl=C:\Users\Pedro\AppData\Local\Python\pythoncore-3.14-64\Lib\json\encoder.py
fn=encode
185 13000
cfl=C:\Users\Pedro\AppData\Local\Python\pythoncore-3.14-64\Lib\json\encoder.py
cfn=iterencode
calls=8 207
185 954400
cfl=~
cfn=<built-in method builtins.isinstance>
calls=16 0
185 1900
cfl=~
cfn=<method 'join' of 'str' objects>
calls=8 0
185 1800

fl=C:\Users\Pedro\AppData\Local\Python\pythoncore-3.14-64\Lib\json\encoder.py
fn=iterencode
207 929000
cfl=c:\Users\Pedro\faculdade\IniciacaoCientifica\grn\.env\Lib\site-packages\jupyter_client\jsonutil.py
cfn=json_default
calls=4 108
207 25400

fl=C:\Users\Pedro\AppData\Local\Python\pythoncore-3.14-64\Lib\linecache.py
fn=getline
22 37100
cfl=<frozen importlib._bootstrap>
cfn=_verbose_message
calls=1 494
22 200
cfl=C:\Users\Pedro\AppData\Local\Python\pythoncore-3.14-64\Lib\asyncio\base_events.py
cfn=time
calls=1 766
22 1600
cfl=C:\Users\Pedro\AppData\Local\Python\pythoncore-3.14-64\Lib\asyncio\events.py
cfn=_run
calls=2 92
22 1875100
cfl=C:\Users\Pedro\AppData\Local\Python\pythoncore-3.14-64\Lib\asyncio\selector_events.py
cfn=_process_events
calls=1 744
22 300
cfl=C:\Users\Pedro\AppData\Local\Python\pythoncore-3.14-64\Lib\linecache.py
cfn=getlines
calls=21 32
22 0
cfl=c:\Users\Pedro\faculdade\IniciacaoCientifica\grn\.env\Lib\site-packages\traitlets\traitlets.py
cfn=__get__
calls=1 695
22 1500
cfl=~
cfn=<built-in method _heapq.heappop>
calls=2 0
22 3500
cfl=~
cfn=<built-in method builtins.len>
calls=22 0
22 1500
cfl=~
cfn=<method 'append' of 'collections.deque' objects>
calls=2 0
22 300
cfl=~
cfn=<method 'pop' of 'dict' objects>
calls=1 0
22 300
cfl=~
cfn=<method 'popleft' of 'collections.deque' objects>
calls=2 0
22 500
cfl=~
cfn=<method 'strip' of 'str' objects>
calls=1 0
22 300

fl=C:\Users\Pedro\AppData\Local\Python\pythoncore-3.14-64\Lib\linecache.py
fn=getlines
32 44400
cfl=<frozen importlib._bootstrap>
cfn=_call_with_frames_removed
calls=1 483
32 151100
cfl=<frozen importlib._bootstrap_external>
cfn=get_data
calls=0 947
32 0
cfl=C:\Users\Pedro\AppData\Local\Python\pythoncore-3.14-64\Lib\linecache.py
cfn=updatecache
calls=1 106
32 0
cfl=~
cfn=<built-in method builtins.len>
calls=37 0
32 3100
cfl=~
cfn=<method '__enter__' of '_io._IOBase' objects>
calls=2 0
32 900
cfl=~
cfn=<method '__exit__' of '_io._IOBase' objects>
calls=2 0
32 48300
cfl=~
cfn=<method 'endswith' of 'str' objects>
calls=2 0
32 400
cfl=~
cfn=<method 'get' of 'dict' objects>
calls=38 0
32 7200
cfl=~
cfn=<method 'readlines' of '_io._IOBase' objects>
calls=2 0
32 106800

fl=C:\Users\Pedro\AppData\Local\Python\pythoncore-3.14-64\Lib\linecache.py
fn=_source_unavailable
64 3800
cfl=~
cfn=<method 'startswith' of 'str' objects>
calls=7 0
64 1100

fl=C:\Users\Pedro\AppData\Local\Python\pythoncore-3.14-64\Lib\linecache.py
fn=checkcache
74 2700
cfl=~
cfn=<built-in method builtins.len>
calls=5 0
74 300
cfl=~
cfn=<method 'get' of 'dict' objects>
calls=5 0
74 400

fl=C:\Users\Pedro\AppData\Local\Python\pythoncore-3.14-64\Lib\linecache.py
fn=updatecache
106 49300
cfl=<frozen codecs>
cfn=__init__:312
calls=1 312
106 800
cfl=<frozen importlib._bootstrap>
cfn=_verbose_message
calls=1 494
106 300
cfl=<frozen importlib._bootstrap_external>
cfn=_classify_pyc
calls=1 424
106 5200
cfl=<frozen importlib._bootstrap_external>
cfn=_validate_timestamp_pyc
calls=1 457
106 2500
cfl=<frozen importlib._bootstrap_external>
cfn=_compile_bytecode
calls=1 509
106 55500
cfl=C:\Users\Pedro\AppData\Local\Python\pythoncore-3.14-64\Lib\linecache.py
cfn=_source_unavailable
calls=7 64
106 4900
cfl=C:\Users\Pedro\AppData\Local\Python\pythoncore-3.14-64\Lib\tokenize.py
cfn=open
calls=2 457
106 200700
cfl=c:\Users\Pedro\faculdade\IniciacaoCientifica\grn\.env\Lib\site-packages\ipykernel\iostream.py
cfn=send_multipart
calls=0 343
106 0
cfl=c:\Users\Pedro\faculdade\IniciacaoCientifica\grn\.env\Lib\site-packages\traitlets\traitlets.py
cfn=__get__
calls=1 695
106 1300
cfl=~
cfn=<built-in method builtins.len>
calls=7 0
106 900
cfl=~
cfn=<built-in method builtins.max>
calls=1 0
106 500
cfl=~
cfn=<built-in method nt.stat>
calls=5 0
106 114800
cfl=~
cfn=<method '__enter__' of '_io._IOBase' objects>
calls=2 0
106 1800
cfl=~
cfn=<method '__exit__' of '_io._IOBase' objects>
calls=1 0
106 0
cfl=~
cfn=<method 'endswith' of 'str' objects>
calls=1 0
106 400
cfl=~
cfn=<method 'extend' of 'list' objects>
calls=1 0
106 100
cfl=~
cfn=<method 'pop' of 'dict' objects>
calls=7 0
106 2100
cfl=~
cfn=<method 'readlines' of '_io._IOBase' objects>
calls=2 0
106 284600
cfl=~
cfn=<method 'seek' of '_io.BufferedReader' objects>
calls=1 0
106 700
cfl=~
cfn=<method 'startswith' of 'str' objects>
calls=7 0
106 700

fl=C:\Users\Pedro\AppData\Local\Python\pythoncore-3.14-64\Lib\linecache.py
fn=lazycache
200 6900
cfl=C:\Users\Pedro\AppData\Local\Python\pythoncore-3.14-64\Lib\linecache.py
cfn=_make_lazycache_entry
calls=5 224
200 10900
cfl=~
cfn=<built-in method builtins.len>
calls=2 0
200 200
cfl=~
cfn=<method 'get' of 'dict' objects>
calls=7 0
200 1000

fl=C:\Users\Pedro\AppData\Local\Python\pythoncore-3.14-64\Lib\linecache.py
fn=_make_lazycache_entry
224 6700
cfl=~
cfn=<built-in method builtins.getattr>
calls=15 0
224 2900
cfl=~
cfn=<method 'get' of 'dict' objects>
calls=5 0
224 700
cfl=~
cfn=<method 'startswith' of 'str' objects>
calls=5 0
224 600

fl=C:\Users\Pedro\AppData\Local\Python\pythoncore-3.14-64\Lib\logging\__init__.py
fn=getLevelName
129 2800
cfl=~
cfn=<method 'get' of 'dict' objects>
calls=7 0
129 2300

fl=C:\Users\Pedro\AppData\Local\Python\pythoncore-3.14-64\Lib\logging\__init__.py
fn=<lambda>
167 4800
cfl=~
cfn=<built-in method sys._getframe>
calls=7 0
167 2600

fl=C:\Users\Pedro\AppData\Local\Python\pythoncore-3.14-64\Lib\logging\__init__.py
fn=_is_internal_frame
197 13100
cfl=<frozen ntpath>
cfn=normcase
calls=21 50
197 67400

fl=C:\Users\Pedro\AppData\Local\Python\pythoncore-3.14-64\Lib\logging\__init__.py
fn=_checkLevel
205 1600
cfl=~
cfn=<built-in method builtins.isinstance>
calls=3 0
205 300

fl=C:\Users\Pedro\AppData\Local\Python\pythoncore-3.14-64\Lib\logging\__init__.py
fn=_register_at_fork_reinit_lock
257 400

fl=C:\Users\Pedro\AppData\Local\Python\pythoncore-3.14-64\Lib\logging\__init__.py
fn=__init__:298
298 60800
cfl=<frozen ntpath>
cfn=splitext
calls=7 243
298 22100
cfl=<frozen ntpath>
cfn=basename
calls=7 254
298 32400
cfl=C:\Users\Pedro\AppData\Local\Python\pythoncore-3.14-64\Lib\logging\__init__.py
cfn=getLevelName
calls=7 129
298 5100
cfl=C:\Users\Pedro\AppData\Local\Python\pythoncore-3.14-64\Lib\multiprocessing\process.py
cfn=current_process
calls=7 37
298 1500
cfl=C:\Users\Pedro\AppData\Local\Python\pythoncore-3.14-64\Lib\multiprocessing\process.py
cfn=name
calls=7 196
298 700
cfl=C:\Users\Pedro\AppData\Local\Python\pythoncore-3.14-64\Lib\threading.py
cfn=name
calls=7 1135
298 1200
cfl=C:\Users\Pedro\AppData\Local\Python\pythoncore-3.14-64\Lib\threading.py
cfn=current_thread
calls=7 1470
298 4500
cfl=~
cfn=<built-in method _asyncio.current_task>
calls=7 0
298 2900
cfl=~
cfn=<built-in method _thread.get_ident>
calls=7 0
298 1800
cfl=~
cfn=<built-in method builtins.hasattr>
calls=7 0
298 2300
cfl=~
cfn=<built-in method nt.getpid>
calls=7 0
298 1600
cfl=~
cfn=<built-in method time.time_ns>
calls=7 0
298 3300
cfl=~
cfn=<method 'get' of 'dict' objects>
calls=14 0
298 5200
cfl=~
cfn=<method 'get_name' of '_asyncio.Task' objects>
calls=7 0
298 1800

fl=C:\Users\Pedro\AppData\Local\Python\pythoncore-3.14-64\Lib\logging\__init__.py
fn=getMessage
391 3600

fl=C:\Users\Pedro\AppData\Local\Python\pythoncore-3.14-64\Lib\logging\__init__.py
fn=__init__:451
451 300

fl=C:\Users\Pedro\AppData\Local\Python\pythoncore-3.14-64\Lib\logging\__init__.py
fn=usesTime:455
455 4400
cfl=~
cfn=<method 'find' of 'str' objects>
calls=7 0
455 1300

fl=C:\Users\Pedro\AppData\Local\Python\pythoncore-3.14-64\Lib\logging\__init__.py
fn=validate
458 1900
cfl=~
cfn=<method 'search' of 're.Pattern' objects>
calls=1 0
458 2100

fl=C:\Users\Pedro\AppData\Local\Python\pythoncore-3.14-64\Lib\logging\__init__.py
fn=_format
463 10100

fl=C:\Users\Pedro\AppData\Local\Python\pythoncore-3.14-64\Lib\logging\__init__.py
fn=format:470
470 4000
cfl=C:\Users\Pedro\AppData\Local\Python\pythoncore-3.14-64\Lib\logging\__init__.py
cfn=_format
calls=7 463
470 10100

fl=C:\Users\Pedro\AppData\Local\Python\pythoncore-3.14-64\Lib\logging\__init__.py
fn=__init__:601
601 4200
cfl=C:\Users\Pedro\AppData\Local\Python\pythoncore-3.14-64\Lib\logging\__init__.py
cfn=__init__:451
calls=1 451
601 300
cfl=C:\Users\Pedro\AppData\Local\Python\pythoncore-3.14-64\Lib\logging\__init__.py
cfn=validate
calls=1 458
601 4000

fl=C:\Users\Pedro\AppData\Local\Python\pythoncore-3.14-64\Lib\logging\__init__.py
fn=formatTime
631 17100
cfl=~
cfn=<built-in method time.localtime>
calls=7 0
631 29200
cfl=~
cfn=<built-in method time.strftime>
calls=7 0
631 13600

fl=C:\Users\Pedro\AppData\Local\Python\pythoncore-3.14-64\Lib\logging\__init__.py
fn=usesTime:677
677 3900
cfl=C:\Users\Pedro\AppData\Local\Python\pythoncore-3.14-64\Lib\logging\__init__.py
cfn=usesTime:455
calls=7 455
677 5700

fl=C:\Users\Pedro\AppData\Local\Python\pythoncore-3.14-64\Lib\logging\__init__.py
fn=formatMessage
683 3100
cfl=C:\Users\Pedro\AppData\Local\Python\pythoncore-3.14-64\Lib\logging\__init__.py
cfn=format:470
calls=7 470
683 14100

fl=C:\Users\Pedro\AppData\Local\Python\pythoncore-3.14-64\Lib\logging\__init__.py
fn=format:699
699 22400
cfl=C:\Users\Pedro\AppData\Local\Python\pythoncore-3.14-64\Lib\logging\__init__.py
cfn=getMessage
calls=7 391
699 3600
cfl=C:\Users\Pedro\AppData\Local\Python\pythoncore-3.14-64\Lib\logging\__init__.py
cfn=formatTime
calls=7 631
699 59900
cfl=C:\Users\Pedro\AppData\Local\Python\pythoncore-3.14-64\Lib\logging\__init__.py
cfn=usesTime:677
calls=7 677
699 9600
cfl=C:\Users\Pedro\AppData\Local\Python\pythoncore-3.14-64\Lib\logging\__init__.py
cfn=formatMessage
calls=7 683
699 17200

fl=C:\Users\Pedro\AppData\Local\Python\pythoncore-3.14-64\Lib\logging\__init__.py
fn=__init__:820
820 700

fl=C:\Users\Pedro\AppData\Local\Python\pythoncore-3.14-64\Lib\logging\__init__.py
fn=filter
840 4500

fl=C:\Users\Pedro\AppData\Local\Python\pythoncore-3.14-64\Lib\logging\__init__.py
fn=_addHandlerRef
899 3400
cfl=~
cfn=<method '__enter__' of '_thread.RLock' objects>
calls=1 0
899 400
cfl=~
cfn=<method '__exit__' of '_thread.RLock' objects>
calls=1 0
899 300
cfl=~
cfn=<method 'append' of 'list' objects>
calls=1 0
899 200

fl=C:\Users\Pedro\AppData\Local\Python\pythoncore-3.14-64\Lib\logging\__init__.py
fn=__init__:931
931 4000
cfl=C:\Users\Pedro\AppData\Local\Python\pythoncore-3.14-64\Lib\logging\__init__.py
cfn=_checkLevel
calls=1 205
931 800
cfl=C:\Users\Pedro\AppData\Local\Python\pythoncore-3.14-64\Lib\logging\__init__.py
cfn=__init__:820
calls=1 820
931 400
cfl=C:\Users\Pedro\AppData\Local\Python\pythoncore-3.14-64\Lib\logging\__init__.py
cfn=_addHandlerRef
calls=1 899
931 4300
cfl=C:\Users\Pedro\AppData\Local\Python\pythoncore-3.14-64\Lib\logging\__init__.py
cfn=createLock
calls=1 958
931 4100

fl=C:\Users\Pedro\AppData\Local\Python\pythoncore-3.14-64\Lib\logging\__init__.py
fn=createLock
958 2800
cfl=C:\Users\Pedro\AppData\Local\Python\pythoncore-3.14-64\Lib\logging\__init__.py
cfn=_register_at_fork_reinit_lock
calls=1 257
958 400
cfl=C:\Users\Pedro\AppData\Local\Python\pythoncore-3.14-64\Lib\threading.py
cfn=RLock
calls=1 126
958 900

fl=C:\Users\Pedro\AppData\Local\Python\pythoncore-3.14-64\Lib\logging\__init__.py
fn=format:988
988 5800
cfl=C:\Users\Pedro\AppData\Local\Python\pythoncore-3.14-64\Lib\logging\__init__.py
cfn=format:699
calls=7 699
988 112700

fl=C:\Users\Pedro\AppData\Local\Python\pythoncore-3.14-64\Lib\logging\__init__.py
fn=handle:1011
1011 252200
cfl=C:\Users\Pedro\AppData\Local\Python\pythoncore-3.14-64\Lib\logging\__init__.py
cfn=filter
calls=7 840
1011 2500
cfl=C:\Users\Pedro\AppData\Local\Python\pythoncore-3.14-64\Lib\logging\__init__.py
cfn=emit:1251
calls=6 1251
1011 0
cfl=~
cfn=<built-in method builtins.isinstance>
calls=7 0
1011 500
cfl=~
cfn=<method '__enter__' of '_thread.RLock' objects>
calls=7 0
1011 2000
cfl=~
cfn=<method '__exit__' of '_thread.RLock' objects>
calls=6 0
1011 800

fl=C:\Users\Pedro\AppData\Local\Python\pythoncore-3.14-64\Lib\logging\__init__.py
fn=setFormatter
1030 200

fl=C:\Users\Pedro\AppData\Local\Python\pythoncore-3.14-64\Lib\logging\__init__.py
fn=__init__:1120
1120 1700
cfl=C:\Users\Pedro\AppData\Local\Python\pythoncore-3.14-64\Lib\logging\__init__.py
cfn=__init__:931
calls=1 931
1120 13600

fl=C:\Users\Pedro\AppData\Local\Python\pythoncore-3.14-64\Lib\logging\__init__.py
fn=flush
1131 9200
cfl=~
cfn=<built-in method builtins.hasattr>
calls=7 0
1131 1700
cfl=~
cfn=<method '__enter__' of '_thread.RLock' objects>
calls=7 0
1131 1200
cfl=~
cfn=<method '__exit__' of '_thread.RLock' objects>
calls=6 0
1131 1500
cfl=~
cfn=<method 'append' of 'list' objects>
calls=1 0
1131 500
cfl=~
cfn=<method 'flush' of '_io.TextIOWrapper' objects>
calls=6 0
1131 0
cfl=~
cfn=<method 'get' of 'dict' objects>
calls=1 0
1131 200

fl=C:\Users\Pedro\AppData\Local\Python\pythoncore-3.14-64\Lib\logging\__init__.py
fn=emit:1139
1139 10200
cfl=C:\Users\Pedro\AppData\Local\Python\pythoncore-3.14-64\Lib\asyncio\base_events.py
cfn=time
calls=1 766
1139 2600
cfl=C:\Users\Pedro\AppData\Local\Python\pythoncore-3.14-64\Lib\asyncio\events.py
cfn=_run
calls=1 92
1139 153500
cfl=C:\Users\Pedro\AppData\Local\Python\pythoncore-3.14-64\Lib\asyncio\selector_events.py
cfn=_process_events
calls=1 744
1139 3000
cfl=C:\Users\Pedro\AppData\Local\Python\pythoncore-3.14-64\Lib\logging\__init__.py
cfn=format:988
calls=7 988
1139 118500
cfl=C:\Users\Pedro\AppData\Local\Python\pythoncore-3.14-64\Lib\logging\__init__.py
cfn=flush
calls=6 1131
1139 0
cfl=~
cfn=<built-in method builtins.len>
calls=1 0
1139 300
cfl=~
cfn=<method 'popleft' of 'collections.deque' objects>
calls=1 0
1139 300
cfl=~
cfn=<method 'write' of '_io.TextIOWrapper' objects>
calls=7 0
1139 36100

fl=C:\Users\Pedro\AppData\Local\Python\pythoncore-3.14-64\Lib\logging\__init__.py
fn=__init__:1194
1194 9300
cfl=<frozen ntpath>
cfn=abspath
calls=1 529
1194 5300
cfl=C:\Users\Pedro\AppData\Local\Python\pythoncore-3.14-64\Lib\logging\__init__.py
cfn=__init__:1120
calls=1 1120
1194 15300
cfl=C:\Users\Pedro\AppData\Local\Python\pythoncore-3.14-64\Lib\logging\__init__.py
cfn=_open
calls=1 1242
1194 241500
cfl=~
cfn=<built-in method _io.text_encoding>
calls=1 0
1194 200
cfl=~
cfn=<built-in method nt.fspath>
calls=1 0
1194 200

fl=C:\Users\Pedro\AppData\Local\Python\pythoncore-3.14-64\Lib\logging\__init__.py
fn=_open
1242 1100
cfl=~
cfn=<built-in method _io.open>
calls=1 0
1242 240400

fl=C:\Users\Pedro\AppData\Local\Python\pythoncore-3.14-64\Lib\logging\__init__.py
fn=emit:1251
1251 6700
cfl=C:\Users\Pedro\AppData\Local\Python\pythoncore-3.14-64\Lib\asyncio\base_events.py
cfn=_run_once
calls=0 1966
1251 0
cfl=C:\Users\Pedro\AppData\Local\Python\pythoncore-3.14-64\Lib\logging\__init__.py
cfn=emit:1139
calls=6 1139
1251 0
cfl=~
cfn=<method '__exit__' of '_thread.RLock' objects>
calls=1 0
1251 200

fl=C:\Users\Pedro\AppData\Local\Python\pythoncore-3.14-64\Lib\logging\__init__.py
fn=disable
1354 600

fl=C:\Users\Pedro\AppData\Local\Python\pythoncore-3.14-64\Lib\logging\__init__.py
fn=getLogger:1362
1362 11400
cfl=C:\Users\Pedro\AppData\Local\Python\pythoncore-3.14-64\Lib\logging\__init__.py
cfn=_fixupParents
calls=1 1410
1362 2000
cfl=C:\Users\Pedro\AppData\Local\Python\pythoncore-3.14-64\Lib\logging\__init__.py
cfn=__init__:1478
calls=1 1478
1362 3800
cfl=~
cfn=<built-in method builtins.isinstance>
calls=1 0
1362 100
cfl=~
cfn=<method '__enter__' of '_thread.RLock' objects>
calls=1 0
1362 500
cfl=~
cfn=<method '__exit__' of '_thread.RLock' objects>
calls=1 0
1362 300

fl=C:\Users\Pedro\AppData\Local\Python\pythoncore-3.14-64\Lib\logging\__init__.py
fn=_fixupParents
1410 1600
cfl=~
cfn=<method 'rfind' of 'str' objects>
calls=1 0
1410 400

fl=C:\Users\Pedro\AppData\Local\Python\pythoncore-3.14-64\Lib\logging\__init__.py
fn=_clear_cache
1447 27400
cfl=~
cfn=<built-in method builtins.isinstance>
calls=63 0
1447 4700
cfl=~
cfn=<method '__enter__' of '_thread.RLock' objects>
calls=1 0
1447 200
cfl=~
cfn=<method '__exit__' of '_thread.RLock' objects>
calls=1 0
1447 200
cfl=~
cfn=<method 'clear' of 'dict' objects>
calls=53 0
1447 3800
cfl=~
cfn=<method 'values' of 'dict' objects>
calls=1 0
1447 400

fl=C:\Users\Pedro\AppData\Local\Python\pythoncore-3.14-64\Lib\logging\__init__.py
fn=__init__:1478
1478 2800
cfl=C:\Users\Pedro\AppData\Local\Python\pythoncore-3.14-64\Lib\logging\__init__.py
cfn=_checkLevel
calls=1 205
1478 700
cfl=C:\Users\Pedro\AppData\Local\Python\pythoncore-3.14-64\Lib\logging\__init__.py
cfn=__init__:820
calls=1 820
1478 300

fl=C:\Users\Pedro\AppData\Local\Python\pythoncore-3.14-64\Lib\logging\__init__.py
fn=setLevel
1491 2800
cfl=C:\Users\Pedro\AppData\Local\Python\pythoncore-3.14-64\Lib\logging\__init__.py
cfn=_checkLevel
calls=1 205
1491 400
cfl=C:\Users\Pedro\AppData\Local\Python\pythoncore-3.14-64\Lib\logging\__init__.py
cfn=_clear_cache
calls=1 1447
1491 36700

fl=C:\Users\Pedro\AppData\Local\Python\pythoncore-3.14-64\Lib\logging\__init__.py
fn=debug
1498 75500
cfl=C:\Users\Pedro\AppData\Local\Python\pythoncore-3.14-64\Lib\logging\__init__.py
cfn=isEnabledFor
calls=371 1765
1498 48300

fl=C:\Users\Pedro\AppData\Local\Python\pythoncore-3.14-64\Lib\logging\__init__.py
fn=info
1510 26500
cfl=C:\Users\Pedro\AppData\Local\Python\pythoncore-3.14-64\Lib\logging\__init__.py
cfn=_log
calls=5 1641
1510 0
cfl=C:\Users\Pedro\AppData\Local\Python\pythoncore-3.14-64\Lib\logging\__init__.py
cfn=isEnabledFor
calls=6 1765
1510 7100
cfl=c:\Users\Pedro\faculdade\IniciacaoCientifica\grn\PythonCode\Modules\Handlers.py
cfn=run_serial
calls=1 48
1510 244456200

fl=C:\Users\Pedro\AppData\Local\Python\pythoncore-3.14-64\Lib\logging\__init__.py
fn=error
1539 3900
cfl=C:\Users\Pedro\AppData\Local\Python\pythoncore-3.14-64\Lib\logging\__init__.py
cfn=_log
calls=1 1641
1539 251500
cfl=C:\Users\Pedro\AppData\Local\Python\pythoncore-3.14-64\Lib\logging\__init__.py
cfn=isEnabledFor
calls=1 1765
1539 4700

fl=C:\Users\Pedro\AppData\Local\Python\pythoncore-3.14-64\Lib\logging\__init__.py
fn=findCaller
1592 21100
cfl=C:\Users\Pedro\AppData\Local\Python\pythoncore-3.14-64\Lib\logging\__init__.py
cfn=<lambda>
calls=7 167
1592 7400
cfl=C:\Users\Pedro\AppData\Local\Python\pythoncore-3.14-64\Lib\logging\__init__.py
cfn=_is_internal_frame
calls=21 197
1592 80500

fl=C:\Users\Pedro\AppData\Local\Python\pythoncore-3.14-64\Lib\logging\__init__.py
fn=makeRecord
1626 14000
cfl=C:\Users\Pedro\AppData\Local\Python\pythoncore-3.14-64\Lib\logging\__init__.py
cfn=__init__:298
calls=7 298
1626 147200

fl=C:\Users\Pedro\AppData\Local\Python\pythoncore-3.14-64\Lib\logging\__init__.py
fn=_log
1641 13900
cfl=C:\Users\Pedro\AppData\Local\Python\pythoncore-3.14-64\Lib\logging\__init__.py
cfn=findCaller
calls=7 1592
1641 109000
cfl=C:\Users\Pedro\AppData\Local\Python\pythoncore-3.14-64\Lib\logging\__init__.py
cfn=makeRecord
calls=7 1626
1641 161200
cfl=C:\Users\Pedro\AppData\Local\Python\pythoncore-3.14-64\Lib\logging\__init__.py
cfn=handle:1667
calls=6 1667
1641 0

fl=C:\Users\Pedro\AppData\Local\Python\pythoncore-3.14-64\Lib\logging\__init__.py
fn=handle:1667
1667 8800
cfl=C:\Users\Pedro\AppData\Local\Python\pythoncore-3.14-64\Lib\logging\__init__.py
cfn=filter
calls=7 840
1667 2000
cfl=C:\Users\Pedro\AppData\Local\Python\pythoncore-3.14-64\Lib\logging\__init__.py
cfn=callHandlers
calls=6 1721
1667 0
cfl=~
cfn=<built-in method builtins.isinstance>
calls=7 0
1667 600

fl=C:\Users\Pedro\AppData\Local\Python\pythoncore-3.14-64\Lib\logging\__init__.py
fn=addHandler
1683 700
cfl=~
cfn=<method '__enter__' of '_thread.RLock' objects>
calls=1 0
1683 200
cfl=~
cfn=<method '__exit__' of '_thread.RLock' objects>
calls=1 0
1683 200
cfl=~
cfn=<method 'append' of 'list' objects>
calls=1 0
1683 200

fl=C:\Users\Pedro\AppData\Local\Python\pythoncore-3.14-64\Lib\logging\__init__.py
fn=callHandlers
1721 17300
cfl=C:\Users\Pedro\AppData\Local\Python\pythoncore-3.14-64\Lib\logging\__init__.py
cfn=handle:1011
calls=6 1011
1721 0

fl=C:\Users\Pedro\AppData\Local\Python\pythoncore-3.14-64\Lib\logging\__init__.py
fn=getEffectiveLevel
1751 3300

fl=C:\Users\Pedro\AppData\Local\Python\pythoncore-3.14-64\Lib\logging\__init__.py
fn=isEnabledFor
1765 53500
cfl=C:\Users\Pedro\AppData\Local\Python\pythoncore-3.14-64\Lib\logging\__init__.py
cfn=disable
calls=5 1354
1765 600
cfl=C:\Users\Pedro\AppData\Local\Python\pythoncore-3.14-64\Lib\logging\__init__.py
cfn=getEffectiveLevel
calls=5 1751
1765 3300
cfl=~
cfn=<method '__enter__' of '_thread.RLock' objects>
calls=5 0
1765 1400
cfl=~
cfn=<method '__exit__' of '_thread.RLock' objects>
calls=5 0
1765 1300

fl=C:\Users\Pedro\AppData\Local\Python\pythoncore-3.14-64\Lib\logging\__init__.py
fn=getLogger:2130
2130 5200
cfl=C:\Users\Pedro\AppData\Local\Python\pythoncore-3.14-64\Lib\logging\__init__.py
cfn=getLogger:1362
calls=1 1362
2130 18100
cfl=~
cfn=<built-in method builtins.isinstance>
calls=1 0
2130 300

fl=C:\Users\Pedro\AppData\Local\Python\pythoncore-3.14-64\Lib\multiprocessing\process.py
fn=current_process
37 1500

fl=C:\Users\Pedro\AppData\Local\Python\pythoncore-3.14-64\Lib\multiprocessing\process.py
fn=name
196 700

fl=C:\Users\Pedro\AppData\Local\Python\pythoncore-3.14-64\Lib\pathlib\__init__.py
fn=__init__
135 4500
cfl=~
cfn=<built-in method builtins.isinstance>
calls=8 0
135 500
cfl=~
cfn=<built-in method nt.fspath>
calls=4 0
135 400
cfl=~
cfn=<method 'append' of 'list' objects>
calls=4 0
135 800

fl=C:\Users\Pedro\AppData\Local\Python\pythoncore-3.14-64\Lib\pathlib\__init__.py
fn=with_segments
157 2100
cfl=C:\Users\Pedro\AppData\Local\Python\pythoncore-3.14-64\Lib\pathlib\__init__.py
cfn=__init__
calls=2 135
157 2800
cfl=C:\Users\Pedro\AppData\Local\Python\pythoncore-3.14-64\Lib\pathlib\__init__.py
cfn=__new__
calls=2 632
157 1200

fl=C:\Users\Pedro\AppData\Local\Python\pythoncore-3.14-64\Lib\pathlib\__init__.py
fn=__fspath__
190 2200
cfl=C:\Users\Pedro\AppData\Local\Python\pythoncore-3.14-64\Lib\pathlib\__init__.py
cfn=__str__
calls=2 251
190 200

fl=C:\Users\Pedro\AppData\Local\Python\pythoncore-3.14-64\Lib\pathlib\__init__.py
fn=__str__
251 200

fl=C:\Users\Pedro\AppData\Local\Python\pythoncore-3.14-64\Lib\pathlib\__init__.py
fn=_format_parsed_parts
261 4300
cfl=<frozen ntpath>
cfn=splitdrive
calls=2 146
261 1400
cfl=~
cfn=<method 'join' of 'str' objects>
calls=2 0
261 600

fl=C:\Users\Pedro\AppData\Local\Python\pythoncore-3.14-64\Lib\pathlib\__init__.py
fn=_from_parsed_parts
269 3000
cfl=C:\Users\Pedro\AppData\Local\Python\pythoncore-3.14-64\Lib\pathlib\__init__.py
cfn=_format_parsed_parts
calls=2 261
269 6300
cfl=C:\Users\Pedro\AppData\Local\Python\pythoncore-3.14-64\Lib\pathlib\__init__.py
cfn=_from_parsed_string
calls=2 276
269 7900

fl=C:\Users\Pedro\AppData\Local\Python\pythoncore-3.14-64\Lib\pathlib\__init__.py
fn=_from_parsed_string
276 1800
cfl=C:\Users\Pedro\AppData\Local\Python\pythoncore-3.14-64\Lib\pathlib\__init__.py
cfn=with_segments
calls=2 157
276 6100

fl=C:\Users\Pedro\AppData\Local\Python\pythoncore-3.14-64\Lib\pathlib\__init__.py
fn=_parse_path
281 3800
cfl=~
cfn=<built-in method nt._path_splitroot_ex>
calls=2 0
281 700
cfl=~
cfn=<method 'replace' of 'str' objects>
calls=2 0
281 700
cfl=~
cfn=<method 'split' of 'str' objects>
calls=2 0
281 800
cfl=~
cfn=<method 'startswith' of 'str' objects>
calls=2 0
281 400

fl=C:\Users\Pedro\AppData\Local\Python\pythoncore-3.14-64\Lib\pathlib\__init__.py
fn=_raw_path
330 1000
cfl=~
cfn=<built-in method builtins.len>
calls=2 0
330 200

fl=C:\Users\Pedro\AppData\Local\Python\pythoncore-3.14-64\Lib\pathlib\__init__.py
fn=drive
341 10000
cfl=C:\Users\Pedro\AppData\Local\Python\pythoncore-3.14-64\Lib\pathlib\__init__.py
cfn=_parse_path
calls=2 281
341 6400
cfl=C:\Users\Pedro\AppData\Local\Python\pythoncore-3.14-64\Lib\pathlib\__init__.py
cfn=_raw_path
calls=2 330
341 1200

fl=C:\Users\Pedro\AppData\Local\Python\pythoncore-3.14-64\Lib\pathlib\__init__.py
fn=root
350 200

fl=C:\Users\Pedro\AppData\Local\Python\pythoncore-3.14-64\Lib\pathlib\__init__.py
fn=_tail
359 200

fl=C:\Users\Pedro\AppData\Local\Python\pythoncore-3.14-64\Lib\pathlib\__init__.py
fn=parent
381 7100
cfl=C:\Users\Pedro\AppData\Local\Python\pythoncore-3.14-64\Lib\pathlib\__init__.py
cfn=_from_parsed_parts
calls=2 269
381 17200
cfl=C:\Users\Pedro\AppData\Local\Python\pythoncore-3.14-64\Lib\pathlib\__init__.py
cfn=drive
calls=2 341
381 17600
cfl=C:\Users\Pedro\AppData\Local\Python\pythoncore-3.14-64\Lib\pathlib\__init__.py
cfn=root
calls=2 350
381 200
cfl=C:\Users\Pedro\AppData\Local\Python\pythoncore-3.14-64\Lib\pathlib\__init__.py
cfn=_tail
calls=2 359
381 200

fl=C:\Users\Pedro\AppData\Local\Python\pythoncore-3.14-64\Lib\pathlib\__init__.py
fn=__new__
632 2300
cfl=~
cfn=<built-in method __new__ of type object at 0x00007FFE69354D90>
calls=4 0
632 1200

fl=C:\Users\Pedro\AppData\Local\Python\pythoncore-3.14-64\Lib\pathlib\__init__.py
fn=is_dir
674 1700
cfl=~
cfn=<built-in method nt._path_isdir>
calls=2 0
674 99100

fl=C:\Users\Pedro\AppData\Local\Python\pythoncore-3.14-64\Lib\queue.py
fn=empty
112 5400
cfl=C:\Users\Pedro\AppData\Local\Python\pythoncore-3.14-64\Lib\queue.py
cfn=_qsize
calls=4 266
112 1600
cfl=~
cfn=<method '__enter__' of '_thread.lock' objects>
calls=4 0
112 1200
cfl=~
cfn=<method '__exit__' of '_thread.lock' objects>
calls=4 0
112 900

fl=C:\Users\Pedro\AppData\Local\Python\pythoncore-3.14-64\Lib\queue.py
fn=_qsize
266 1100
cfl=~
cfn=<built-in method builtins.len>
calls=4 0
266 500

fl=C:\Users\Pedro\AppData\Local\Python\pythoncore-3.14-64\Lib\random.py
fn=getrandbits
901 2600
cfl=~
cfn=<built-in method from_bytes>
calls=1 0
901 500
cfl=~
cfn=<built-in method nt.urandom>
calls=1 0
901 2000

fl=C:\Users\Pedro\AppData\Local\Python\pythoncore-3.14-64\Lib\selectors.py
fn=_select
304 9900
cfl=<frozen codecs>
cfn=__init__:312
calls=1 312
304 1100
cfl=C:\Users\Pedro\AppData\Local\Python\pythoncore-3.14-64\Lib\tokenize.py
cfn=detect_encoding
calls=1 358
304 75900
cfl=C:\Users\Pedro\AppData\Local\Python\pythoncore-3.14-64\Lib\tokenize.py
cfn=open
calls=0 457
304 0
cfl=~
cfn=<built-in method select.select>
calls=1 0
304 0
cfl=~
cfn=<method '__exit__' of '_thread.RLock' objects>
calls=1 0
304 400
cfl=~
cfn=<method 'append' of 'list' objects>
calls=1 0
304 200
cfl=~
cfn=<method 'get' of 'dict' objects>
calls=1 0
304 400
cfl=~
cfn=<method 'seek' of '_io.BufferedReader' objects>
calls=1 0
304 600

fl=C:\Users\Pedro\AppData\Local\Python\pythoncore-3.14-64\Lib\selectors.py
fn=select
310 19400
cfl=C:\Users\Pedro\AppData\Local\Python\pythoncore-3.14-64\Lib\asyncio\base_events.py
cfn=time
calls=1 766
310 500
cfl=C:\Users\Pedro\AppData\Local\Python\pythoncore-3.14-64\Lib\asyncio\events.py
cfn=_run
calls=0 92
310 0
cfl=C:\Users\Pedro\AppData\Local\Python\pythoncore-3.14-64\Lib\asyncio\selector_events.py
cfn=_process_events
calls=1 744
310 2600
cfl=C:\Users\Pedro\AppData\Local\Python\pythoncore-3.14-64\Lib\selectors.py
cfn=_select
calls=1 304
310 0
cfl=C:\Users\Pedro\AppData\Local\Python\pythoncore-3.14-64\Lib\traceback.py
cfn=line
calls=1 373
310 7100
cfl=~
cfn=<built-in method builtins.len>
calls=1 0
310 200
cfl=~
cfn=<built-in method builtins.max>
calls=5 0
310 1400
cfl=~
cfn=<method '__enter__' of '_io._IOBase' objects>
calls=1 0
310 1200
cfl=~
cfn=<method '__exit__' of '_io._IOBase' objects>
calls=1 0
310 41900
cfl=~
cfn=<method 'endswith' of 'str' objects>
calls=1 0
310 400
cfl=~
cfn=<method 'popleft' of 'collections.deque' objects>
calls=1 0
310 200
cfl=~
cfn=<method 'readlines' of '_io._IOBase' objects>
calls=1 0
310 174800

fl=C:\Users\Pedro\AppData\Local\Python\pythoncore-3.14-64\Lib\textwrap.py
fn=dedent
416 62200
cfl=~
cfn=<built-in method builtins.max>
calls=16 0
416 3600
cfl=~
cfn=<built-in method builtins.min>
calls=16 0
416 5800
cfl=~
cfn=<method 'isspace' of 'str' objects>
calls=148 0
416 16500
cfl=~
cfn=<method 'join' of 'str' objects>
calls=16 0
416 3800
cfl=~
cfn=<method 'split' of 'str' objects>
calls=16 0
416 6300

fl=C:\Users\Pedro\AppData\Local\Python\pythoncore-3.14-64\Lib\textwrap.py
fn=indent
447 33900
cfl=C:\Users\Pedro\AppData\Local\Python\pythoncore-3.14-64\Lib\traceback.py
cfn=<lambda>:704
calls=19 704
447 1400
cfl=C:\Users\Pedro\AppData\Local\Python\pythoncore-3.14-64\Lib\traceback.py
cfn=<lambda>:998
calls=1 998
447 200
cfl=C:\Users\Pedro\AppData\Local\Python\pythoncore-3.14-64\Lib\traceback.py
cfn=<lambda>:1001
calls=37 1001
447 2300
cfl=~
cfn=<method 'append' of 'list' objects>
calls=114 0
447 10200
cfl=~
cfn=<method 'join' of 'str' objects>
calls=16 0
447 3600
cfl=~
cfn=<method 'splitlines' of 'str' objects>
calls=16 0
447 5600

fl=C:\Users\Pedro\AppData\Local\Python\pythoncore-3.14-64\Lib\threading.py
fn=RLock
126 1400

fl=C:\Users\Pedro\AppData\Local\Python\pythoncore-3.14-64\Lib\threading.py
fn=__init__:290
290 2400
cfl=~
cfn=<built-in method builtins.hasattr>
calls=6 0
290 1300

fl=C:\Users\Pedro\AppData\Local\Python\pythoncore-3.14-64\Lib\threading.py
fn=__enter__
313 1900
cfl=~
cfn=<method '__enter__' of '_thread.lock' objects>
calls=5 0
313 1200

fl=C:\Users\Pedro\AppData\Local\Python\pythoncore-3.14-64\Lib\threading.py
fn=__exit__
316 1400
cfl=~
cfn=<method '__exit__' of '_thread.lock' objects>
calls=4 0
316 800

fl=C:\Users\Pedro\AppData\Local\Python\pythoncore-3.14-64\Lib\threading.py
fn=_release_save
322 1000
cfl=~
cfn=<method 'release' of '_thread.lock' objects>
calls=2 0
322 400

fl=C:\Users\Pedro\AppData\Local\Python\pythoncore-3.14-64\Lib\threading.py
fn=_acquire_restore
325 300
cfl=~
cfn=<method 'acquire' of '_thread.lock' objects>
calls=1 0
325 200

fl=C:\Users\Pedro\AppData\Local\Python\pythoncore-3.14-64\Lib\threading.py
fn=_is_owned
328 2400
cfl=~
cfn=<method 'acquire' of '_thread.lock' objects>
calls=4 0
328 1300

fl=C:\Users\Pedro\AppData\Local\Python\pythoncore-3.14-64\Lib\threading.py
fn=wait:337
337 7500
cfl=<string>
cfn=<lambda>:1
calls=1 1
337 1600
cfl=C:\Users\Pedro\AppData\Local\Python\pythoncore-3.14-64\Lib\threading.py
cfn=_release_save
calls=2 322
337 1400
cfl=C:\Users\Pedro\AppData\Local\Python\pythoncore-3.14-64\Lib\threading.py
cfn=_is_owned
calls=2 328
337 2100
cfl=~
cfn=<built-in method _thread.allocate_lock>
calls=2 0
337 500
cfl=~
cfn=<built-in method builtins.id>
calls=1 0
337 300
cfl=~
cfn=<method '__exit__' of '_thread.lock' objects>
calls=1 0
337 300
cfl=~
cfn=<method 'acquire' of '_thread.lock' objects>
calls=2 0
337 200
cfl=~
cfn=<method 'append' of 'collections.deque' objects>
calls=2 0
337 200

fl=C:\Users\Pedro\AppData\Local\Python\pythoncore-3.14-64\Lib\threading.py
fn=notify
408 3900
cfl=C:\Users\Pedro\AppData\Local\Python\pythoncore-3.14-64\Lib\threading.py
cfn=_is_owned
calls=2 328
408 1600
cfl=~
cfn=<method 'release' of '_thread.lock' objects>
calls=1 0
408 3900
cfl=~
cfn=<method 'remove' of 'collections.deque' objects>
calls=1 0
408 200

fl=C:\Users\Pedro\AppData\Local\Python\pythoncore-3.14-64\Lib\threading.py
fn=notify_all
438 3500
cfl=C:\Users\Pedro\AppData\Local\Python\pythoncore-3.14-64\Lib\threading.py
cfn=notify
calls=2 408
438 9600
cfl=~
cfn=<built-in method builtins.len>
calls=2 0
438 600

fl=C:\Users\Pedro\AppData\Local\Python\pythoncore-3.14-64\Lib\threading.py
fn=__init__:602
602 3100
cfl=C:\Users\Pedro\AppData\Local\Python\pythoncore-3.14-64\Lib\threading.py
cfn=__init__:290
calls=2 290
602 3700

fl=C:\Users\Pedro\AppData\Local\Python\pythoncore-3.14-64\Lib\threading.py
fn=is_set
615 800

fl=C:\Users\Pedro\AppData\Local\Python\pythoncore-3.14-64\Lib\threading.py
fn=set
630 3800
cfl=C:\Users\Pedro\AppData\Local\Python\pythoncore-3.14-64\Lib\threading.py
cfn=__enter__
calls=2 313
630 1600
cfl=C:\Users\Pedro\AppData\Local\Python\pythoncore-3.14-64\Lib\threading.py
cfn=__exit__
calls=2 316
630 1300
cfl=C:\Users\Pedro\AppData\Local\Python\pythoncore-3.14-64\Lib\threading.py
cfn=notify_all
calls=2 438
630 13700

fl=C:\Users\Pedro\AppData\Local\Python\pythoncore-3.14-64\Lib\threading.py
fn=wait:651
651 9700
cfl=C:\Users\Pedro\AppData\Local\Python\pythoncore-3.14-64\Lib\threading.py
cfn=__enter__
calls=3 313
651 1500
cfl=C:\Users\Pedro\AppData\Local\Python\pythoncore-3.14-64\Lib\threading.py
cfn=__exit__
calls=1 316
651 400
cfl=C:\Users\Pedro\AppData\Local\Python\pythoncore-3.14-64\Lib\threading.py
cfn=wait:337
calls=0 337
651 0
cfl=c:\Users\Pedro\faculdade\IniciacaoCientifica\grn\.env\Lib\site-packages\zmq\utils\garbage.py
cfn=_push_socket
calls=1 148
651 732000

fl=C:\Users\Pedro\AppData\Local\Python\pythoncore-3.14-64\Lib\threading.py
fn=_newname
854 900

fl=C:\Users\Pedro\AppData\Local\Python\pythoncore-3.14-64\Lib\threading.py
fn=__init__:880
880 9600
cfl=C:\Users\Pedro\AppData\Local\Python\pythoncore-3.14-64\Lib\_weakrefset.py
cfn=add
calls=1 45
880 1400
cfl=C:\Users\Pedro\AppData\Local\Python\pythoncore-3.14-64\Lib\threading.py
cfn=__init__:602
calls=1 602
880 5000
cfl=C:\Users\Pedro\AppData\Local\Python\pythoncore-3.14-64\Lib\threading.py
cfn=_newname
calls=1 854
880 900
cfl=C:\Users\Pedro\AppData\Local\Python\pythoncore-3.14-64\Lib\threading.py
cfn=daemon:1188
calls=1 1188
880 500
cfl=C:\Users\Pedro\AppData\Local\Python\pythoncore-3.14-64\Lib\threading.py
cfn=_make_invoke_excepthook
calls=1 1308
880 1100
cfl=C:\Users\Pedro\AppData\Local\Python\pythoncore-3.14-64\Lib\threading.py
cfn=current_thread
calls=1 1470
880 1000

fl=C:\Users\Pedro\AppData\Local\Python\pythoncore-3.14-64\Lib\threading.py
fn=start
975 2800
cfl=C:\Users\Pedro\AppData\Local\Python\pythoncore-3.14-64\Lib\threading.py
cfn=is_set
calls=1 615
975 100
cfl=C:\Users\Pedro\AppData\Local\Python\pythoncore-3.14-64\Lib\threading.py
cfn=wait:651
calls=0 651
975 0
cfl=C:\Users\Pedro\AppData\Local\Python\pythoncore-3.14-64\Lib\threading.py
cfn=daemon:1188
calls=1 1188
975 200
cfl=~
cfn=<built-in method _thread.start_joinable_thread>
calls=1 0
975 35600
cfl=~
cfn=<method '__enter__' of '_thread.RLock' objects>
calls=1 0
975 400
cfl=~
cfn=<method '__exit__' of '_thread.RLock' objects>
calls=1 0
975 200

fl=C:\Users\Pedro\AppData\Local\Python\pythoncore-3.14-64\Lib\threading.py
fn=_set_ident
1050 800
cfl=~
cfn=<built-in method _thread.get_ident>
calls=1 0
1050 400

fl=C:\Users\Pedro\AppData\Local\Python\pythoncore-3.14-64\Lib\threading.py
fn=_set_native_id
1054 1700
cfl=~
cfn=<built-in method _thread.get_native_id>
calls=1 0
1054 200

fl=C:\Users\Pedro\AppData\Local\Python\pythoncore-3.14-64\Lib\threading.py
fn=_set_os_name
1057 1300
cfl=~
cfn=<built-in method _thread.set_name>
calls=1 0
1057 1500

fl=C:\Users\Pedro\AppData\Local\Python\pythoncore-3.14-64\Lib\threading.py
fn=name
1135 1200

fl=C:\Users\Pedro\AppData\Local\Python\pythoncore-3.14-64\Lib\threading.py
fn=is_alive
1177 5900
cfl=C:\Users\Pedro\AppData\Local\Python\pythoncore-3.14-64\Lib\threading.py
cfn=is_set
calls=5 615
1177 600
cfl=~
cfn=<method 'is_done' of '_thread._ThreadHandle' objects>
calls=5 0
1177 1100

fl=C:\Users\Pedro\AppData\Local\Python\pythoncore-3.14-64\Lib\threading.py
fn=daemon:1188
1188 700

fl=C:\Users\Pedro\AppData\Local\Python\pythoncore-3.14-64\Lib\threading.py
fn=daemon:1203
1203 1600
cfl=C:\Users\Pedro\AppData\Local\Python\pythoncore-3.14-64\Lib\threading.py
cfn=is_set
calls=1 615
1203 100
cfl=~
cfn=<built-in method _thread.daemon_threads_allowed>
calls=1 0
1203 300

fl=C:\Users\Pedro\AppData\Local\Python\pythoncore-3.14-64\Lib\threading.py
fn=_make_invoke_excepthook
1308 1100

fl=C:\Users\Pedro\AppData\Local\Python\pythoncore-3.14-64\Lib\threading.py
fn=current_thread
1470 4600
cfl=~
cfn=<built-in method _thread.get_ident>
calls=8 0
1470 900

fl=C:\Users\Pedro\AppData\Local\Python\pythoncore-3.14-64\Lib\tokenize.py
fn=_get_normal_name
347 2100
cfl=~
cfn=<method 'lower' of 'str' objects>
calls=1 0
347 300
cfl=~
cfn=<method 'replace' of 'str' objects>
calls=1 0
347 500

fl=C:\Users\Pedro\AppData\Local\Python\pythoncore-3.14-64\Lib\tokenize.py
fn=detect_encoding
358 33000
cfl=C:\Users\Pedro\AppData\Local\Python\pythoncore-3.14-64\Lib\hmac.py
cfn=hexdigest
calls=1 194
358 13500
cfl=C:\Users\Pedro\AppData\Local\Python\pythoncore-3.14-64\Lib\tokenize.py
cfn=read_or_stop
calls=6 382
358 87500
cfl=C:\Users\Pedro\AppData\Local\Python\pythoncore-3.14-64\Lib\tokenize.py
cfn=check
calls=5 388
358 5800
cfl=C:\Users\Pedro\AppData\Local\Python\pythoncore-3.14-64\Lib\tokenize.py
cfn=find_cookie
calls=6 400
358 29500
cfl=C:\Users\Pedro\AppData\Local\Python\pythoncore-3.14-64\Lib\traceback.py
cfn=line
calls=0 373
358 0
cfl=c:\Users\Pedro\faculdade\IniciacaoCientifica\grn\.env\Lib\site-packages\ipykernel\iostream.py
cfn=<lambda>
calls=1 348
358 43600
cfl=c:\Users\Pedro\faculdade\IniciacaoCientifica\grn\.env\Lib\site-packages\zmq\utils\garbage.py
cfn=store
calls=0 188
358 0
cfl=~
cfn=<method 'encode' of 'str' objects>
calls=1 0
358 400
cfl=~
cfn=<method 'match' of 're.Pattern' objects>
calls=4 0
358 3400
cfl=~
cfn=<method 'popleft' of 'collections.deque' objects>
calls=1 0
358 500
cfl=~
cfn=<method 'startswith' of 'bytes' objects>
calls=5 0
358 2400

fl=C:\Users\Pedro\AppData\Local\Python\pythoncore-3.14-64\Lib\tokenize.py
fn=read_or_stop
382 6400
cfl=<frozen importlib._bootstrap>
cfn=_load_unlocked
calls=0 914
382 0
cfl=C:\Users\Pedro\AppData\Local\Python\pythoncore-3.14-64\Lib\enum.py
cfn=__or__
calls=2 1583
382 5700
cfl=C:\Users\Pedro\AppData\Local\Python\pythoncore-3.14-64\Lib\traceback.py
cfn=line
calls=1 373
382 20300
cfl=c:\Users\Pedro\faculdade\IniciacaoCientifica\grn\.env\Lib\site-packages\zmq\sugar\socket.py
cfn=send
calls=2 623
382 1900
cfl=~
cfn=<method 'append' of 'list' objects>
calls=1 0
382 100
cfl=~
cfn=<method 'partition' of 'str' objects>
calls=1 0
382 300
cfl=~
cfn=<method 'readline' of '_io.BufferedReader' objects>
calls=6 0
382 85200
cfl=~
cfn=<method 'strip' of 'str' objects>
calls=1 0
382 200

fl=C:\Users\Pedro\AppData\Local\Python\pythoncore-3.14-64\Lib\tokenize.py
fn=check
388 5000
cfl=~
cfn=<method 'decode' of 'bytes' objects>
calls=7 0
388 2700

fl=C:\Users\Pedro\AppData\Local\Python\pythoncore-3.14-64\Lib\tokenize.py
fn=find_cookie
400 16800
cfl=C:\Users\Pedro\AppData\Local\Python\pythoncore-3.14-64\Lib\tokenize.py
cfn=_get_normal_name
calls=1 347
400 2900
cfl=~
cfn=<built-in method _codecs.lookup>
calls=1 0
400 2000
cfl=~
cfn=<method 'decode' of 'bytes' objects>
calls=1 0
400 500
cfl=~
cfn=<method 'group' of 're.Match' objects>
calls=1 0
400 700
cfl=~
cfn=<method 'match' of 're.Pattern' objects>
calls=8 0
400 10300

fl=C:\Users\Pedro\AppData\Local\Python\pythoncore-3.14-64\Lib\tokenize.py
fn=open
457 76300
cfl=<frozen codecs>
cfn=__init__:312
calls=3 312
457 3400
cfl=C:\Users\Pedro\AppData\Local\Python\pythoncore-3.14-64\Lib\tokenize.py
cfn=detect_encoding
calls=3 358
457 119300
cfl=~
cfn=<built-in method _io.open>
calls=4 0
457 177800
cfl=~
cfn=<method '__enter__' of '_io._IOBase' objects>
calls=1 0
457 600
cfl=~
cfn=<method '__exit__' of '_io._IOBase' objects>
calls=1 0
457 56400
cfl=~
cfn=<method 'append' of 'list' objects>
calls=1 0
457 200
cfl=~
cfn=<method 'extend' of 'list' objects>
calls=1 0
457 300
cfl=~
cfn=<method 'read' of '_io.BufferedReader' objects>
calls=1 0
457 481900
cfl=~
cfn=<method 'seek' of '_io.BufferedReader' objects>
calls=3 0
457 1300

fl=C:\Users\Pedro\AppData\Local\Python\pythoncore-3.14-64\Lib\traceback.py
fn=_parse_value_tb
104 1000
cfl=~
cfn=<built-in method builtins.isinstance>
calls=1 0
104 100

fl=C:\Users\Pedro\AppData\Local\Python\pythoncore-3.14-64\Lib\traceback.py
fn=format_exception
146 14900
cfl=C:\Users\Pedro\AppData\Local\Python\pythoncore-3.14-64\Lib\logging\__init__.py
cfn=info
calls=1 1510
146 48700
cfl=C:\Users\Pedro\AppData\Local\Python\pythoncore-3.14-64\Lib\traceback.py
cfn=_parse_value_tb
calls=1 104
146 1100
cfl=C:\Users\Pedro\AppData\Local\Python\pythoncore-3.14-64\Lib\traceback.py
cfn=__init__:1044
calls=0 1044
146 0
cfl=c:\Users\Pedro\faculdade\IniciacaoCientifica\grn\.env\Lib\site-packages\pandas\io\parsers\readers.py
cfn=read_csv
calls=1 349
146 5397800
cfl=c:\Users\Pedro\faculdade\IniciacaoCientifica\grn\PythonCode\Modules\Handlers.py
cfn=run_path
calls=1 29
146 2700
cfl=~
cfn=<built-in method time.time>
calls=1 0
146 200
cfl=~
cfn=<method 'get' of 'dict' objects>
calls=1 0
146 200

fl=C:\Users\Pedro\AppData\Local\Python\pythoncore-3.14-64\Lib\traceback.py
fn=_format_final_exc_line
186 3000
cfl=C:\Users\Pedro\AppData\Local\Python\pythoncore-3.14-64\Lib\_colorize.py
cfn=get_theme
calls=1 322
186 100
cfl=C:\Users\Pedro\AppData\Local\Python\pythoncore-3.14-64\Lib\traceback.py
cfn=_safe_string
calls=1 200
186 300

fl=C:\Users\Pedro\AppData\Local\Python\pythoncore-3.14-64\Lib\traceback.py
fn=_safe_string
200 1000

fl=C:\Users\Pedro\AppData\Local\Python\pythoncore-3.14-64\Lib\traceback.py
fn=format_exc
212 10400
cfl=C:\Users\Pedro\AppData\Local\Python\pythoncore-3.14-64\Lib\cProfile.py
cfn=__exit__
calls=1 120
212 272100
cfl=C:\Users\Pedro\AppData\Local\Python\pythoncore-3.14-64\Lib\traceback.py
cfn=format_exception
calls=0 146
212 0
cfl=~
cfn=<built-in method sys.exception>
calls=1 0
212 200

fl=C:\Users\Pedro\AppData\Local\Python\pythoncore-3.14-64\Lib\traceback.py
fn=clear_frames
267 6700
cfl=~
cfn=<method 'clear' of 'frame' objects>
calls=8 0
267 2500

fl=C:\Users\Pedro\AppData\Local\Python\pythoncore-3.14-64\Lib\traceback.py
fn=__init__:295
295 2400
cfl=~
cfn=<method 'get' of 'dict' objects>
calls=7 0
295 600

fl=C:\Users\Pedro\AppData\Local\Python\pythoncore-3.14-64\Lib\traceback.py
fn=_set_lines
344 39100
cfl=C:\Users\Pedro\AppData\Local\Python\pythoncore-3.14-64\Lib\asyncio\base_events.py
cfn=_run_once
calls=0 1966
344 0
cfl=C:\Users\Pedro\AppData\Local\Python\pythoncore-3.14-64\Lib\linecache.py
cfn=getline
calls=10 22
344 0
cfl=C:\Users\Pedro\AppData\Local\Python\pythoncore-3.14-64\Lib\traceback.py
cfn=format:1468
calls=10 1468
344 917200
cfl=c:\Users\Pedro\faculdade\IniciacaoCientifica\grn\.env\Lib\site-packages\ipykernel\iostream.py
cfn=_flush_buffers
calls=1 776
344 600
cfl=~
cfn=<built-in method builtins.len>
calls=2 0
344 400
cfl=~
cfn=<built-in method builtins.setattr>
calls=1 0
344 900
cfl=~
cfn=<method 'append' of 'list' objects>
calls=10 0
344 1400
cfl=~
cfn=<method 'join' of 'str' objects>
calls=2 0
344 600
cfl=~
cfn=<method 'pop' of 'list' objects>
calls=1 0
344 300
cfl=~
cfn=<method 'rstrip' of 'str' objects>
calls=10 0
344 1300

fl=C:\Users\Pedro\AppData\Local\Python\pythoncore-3.14-64\Lib\traceback.py
fn=_original_lines
359 2000
cfl=C:\Users\Pedro\AppData\Local\Python\pythoncore-3.14-64\Lib\traceback.py
cfn=_set_lines
calls=7 344
359 1000

fl=C:\Users\Pedro\AppData\Local\Python\pythoncore-3.14-64\Lib\traceback.py
fn=_dedented_lines
365 11100
cfl=C:\Users\Pedro\AppData\Local\Python\pythoncore-3.14-64\Lib\textwrap.py
cfn=dedent
calls=7 416
365 40900
cfl=C:\Users\Pedro\AppData\Local\Python\pythoncore-3.14-64\Lib\traceback.py
cfn=_set_lines
calls=21 344
365 2100

fl=C:\Users\Pedro\AppData\Local\Python\pythoncore-3.14-64\Lib\traceback.py
fn=line
373 42500
cfl=<frozen importlib._bootstrap>
cfn=__exit__:423
calls=1 423
373 5200
cfl=<frozen importlib._bootstrap>
cfn=cb
calls=1 448
373 1300
cfl=C:\Users\Pedro\AppData\Local\Python\pythoncore-3.14-64\Lib\linecache.py
cfn=getline
calls=3 22
373 3400
cfl=C:\Users\Pedro\AppData\Local\Python\pythoncore-3.14-64\Lib\traceback.py
cfn=_set_lines
calls=9 344
373 0
cfl=~
cfn=<method 'append' of 'list' objects>
calls=5 0
373 700
cfl=~
cfn=<method 'join' of 'str' objects>
calls=3 0
373 1200
cfl=~
cfn=<method 'partition' of 'str' objects>
calls=9 0
373 2300
cfl=~
cfn=<method 'rstrip' of 'str' objects>
calls=5 0
373 900
cfl=~
cfn=<method 'strip' of 'str' objects>
calls=9 0
373 1300

fl=C:\Users\Pedro\AppData\Local\Python\pythoncore-3.14-64\Lib\traceback.py
fn=_walk_tb_with_full_positions
410 6200
cfl=C:\Users\Pedro\AppData\Local\Python\pythoncore-3.14-64\Lib\traceback.py
cfn=_get_code_position
calls=7 424
410 93700

fl=C:\Users\Pedro\AppData\Local\Python\pythoncore-3.14-64\Lib\traceback.py
fn=_get_code_position
424 7000
cfl=~
cfn=<built-in method builtins.next>
calls=7 0
424 84700
cfl=~
cfn=<method 'co_positions' of 'code' objects>
calls=7 0
424 2000

fl=C:\Users\Pedro\AppData\Local\Python\pythoncore-3.14-64\Lib\traceback.py
fn=_extract_from_extended_frame_gen
459 5100
cfl=C:\Users\Pedro\AppData\Local\Python\pythoncore-3.14-64\Lib\linecache.py
cfn=checkcache
calls=5 74
459 3400
cfl=C:\Users\Pedro\AppData\Local\Python\pythoncore-3.14-64\Lib\linecache.py
cfn=lazycache
calls=7 200
459 19000
cfl=C:\Users\Pedro\AppData\Local\Python\pythoncore-3.14-64\Lib\logging\__init__.py
cfn=error
calls=1 1539
459 260100
cfl=C:\Users\Pedro\AppData\Local\Python\pythoncore-3.14-64\Lib\traceback.py
cfn=__init__:295
calls=7 295
459 3000
cfl=C:\Users\Pedro\AppData\Local\Python\pythoncore-3.14-64\Lib\traceback.py
cfn=line
calls=0 373
459 0
cfl=C:\Users\Pedro\AppData\Local\Python\pythoncore-3.14-64\Lib\traceback.py
cfn=_walk_tb_with_full_positions
calls=8 410
459 99900
cfl=~
cfn=<built-in method builtins.getattr>
calls=1 0
459 400
cfl=~
cfn=<method 'add' of 'set' objects>
calls=7 0
459 1200
cfl=~
cfn=<method 'append' of 'list' objects>
calls=7 0
459 800

fl=C:\Users\Pedro\AppData\Local\Python\pythoncore-3.14-64\Lib\traceback.py
fn=format_frame_summary
528 142700
cfl=C:\Users\Pedro\AppData\Local\Python\pythoncore-3.14-64\Lib\_colorize.py
cfn=get_theme
calls=7 322
528 1000
cfl=C:\Users\Pedro\AppData\Local\Python\pythoncore-3.14-64\Lib\contextlib.py
cfn=__init__:444
calls=7 444
528 800
cfl=C:\Users\Pedro\AppData\Local\Python\pythoncore-3.14-64\Lib\contextlib.py
cfn=__enter__:447
calls=7 447
528 1100
cfl=C:\Users\Pedro\AppData\Local\Python\pythoncore-3.14-64\Lib\contextlib.py
cfn=__exit__:450
calls=7 450
528 900
cfl=C:\Users\Pedro\AppData\Local\Python\pythoncore-3.14-64\Lib\textwrap.py
cfn=dedent
calls=7 416
528 28600
cfl=C:\Users\Pedro\AppData\Local\Python\pythoncore-3.14-64\Lib\textwrap.py
cfn=indent
calls=7 447
528 22500
cfl=C:\Users\Pedro\AppData\Local\Python\pythoncore-3.14-64\Lib\traceback.py
cfn=_original_lines
calls=7 359
528 3000
cfl=C:\Users\Pedro\AppData\Local\Python\pythoncore-3.14-64\Lib\traceback.py
cfn=_dedented_lines
calls=21 365
528 54100
cfl=C:\Users\Pedro\AppData\Local\Python\pythoncore-3.14-64\Lib\traceback.py
cfn=output_line
calls=16 640
528 21600
cfl=C:\Users\Pedro\AppData\Local\Python\pythoncore-3.14-64\Lib\traceback.py
cfn=_should_show_carets
calls=7 712
528 139900
cfl=C:\Users\Pedro\AppData\Local\Python\pythoncore-3.14-64\Lib\traceback.py
cfn=_byte_offset_to_character_offset
calls=14 794
528 15900
cfl=C:\Users\Pedro\AppData\Local\Python\pythoncore-3.14-64\Lib\traceback.py
cfn=_extract_caret_anchors_from_line_segment
calls=7 812
528 294900
cfl=C:\Users\Pedro\AppData\Local\Python\pythoncore-3.14-64\Lib\traceback.py
cfn=_display_width
calls=26 960
528 9700
cfl=~
cfn=<built-in method builtins.len>
calls=42 0
528 3900
cfl=~
cfn=<built-in method builtins.max>
calls=14 0
528 1700
cfl=~
cfn=<built-in method builtins.sorted>
calls=7 0
528 2800
cfl=~
cfn=<method 'append' of 'list' objects>
calls=16 0
528 1700
cfl=~
cfn=<method 'discard' of 'set' objects>
calls=14 0
528 2400
cfl=~
cfn=<method 'format' of 'str' objects>
calls=7 0
528 6300
cfl=~
cfn=<method 'get' of 'dict' objects>
calls=7 0
528 1200
cfl=~
cfn=<method 'join' of 'str' objects>
calls=21 0
528 4000
cfl=~
cfn=<method 'splitlines' of 'str' objects>
calls=14 0
528 4600
cfl=~
cfn=<method 'startswith' of 'str' objects>
calls=7 0
528 1000
cfl=~
cfn=<method 'strip' of 'str' objects>
calls=7 0
528 1500
cfl=~
cfn=<method 'update' of 'set' objects>
calls=12 0
528 3200

fl=C:\Users\Pedro\AppData\Local\Python\pythoncore-3.14-64\Lib\traceback.py
fn=output_line
640 16900
cfl=~
cfn=<built-in method builtins.len>
calls=3 0
640 300
cfl=~
cfn=<method 'append' of 'list' objects>
calls=43 0
640 3800
cfl=~
cfn=<method 'join' of 'str' objects>
calls=1 0
640 300
cfl=~
cfn=<method 'lstrip' of 'str' objects>
calls=1 0
640 300

fl=C:\Users\Pedro\AppData\Local\Python\pythoncore-3.14-64\Lib\traceback.py
fn=<lambda>:704
704 1400

fl=C:\Users\Pedro\AppData\Local\Python\pythoncore-3.14-64\Lib\traceback.py
fn=_should_show_carets
712 27900
cfl=C:\Users\Pedro\AppData\Local\Python\pythoncore-3.14-64\Lib\ast.py
cfn=parse
calls=7 26
712 103700
cfl=C:\Users\Pedro\AppData\Local\Python\pythoncore-3.14-64\Lib\contextlib.py
cfn=__init__:444
calls=7 444
712 900
cfl=C:\Users\Pedro\AppData\Local\Python\pythoncore-3.14-64\Lib\contextlib.py
cfn=__enter__:447
calls=7 447
712 500
cfl=C:\Users\Pedro\AppData\Local\Python\pythoncore-3.14-64\Lib\contextlib.py
cfn=__exit__:450
calls=7 450
712 600
cfl=C:\Users\Pedro\AppData\Local\Python\pythoncore-3.14-64\Lib\traceback.py
cfn=_spawns_full_line
calls=5 720
712 3400
cfl=~
cfn=<built-in method builtins.isinstance>
calls=5 0
712 700
cfl=~
cfn=<built-in method builtins.len>
calls=5 0
712 400
cfl=~
cfn=<method 'join' of 'str' objects>
calls=7 0
712 1400
cfl=~
cfn=<method 'lstrip' of 'str' objects>
calls=1 0
712 200
cfl=~
cfn=<method 'rstrip' of 'str' objects>
calls=1 0
712 200

fl=C:\Users\Pedro\AppData\Local\Python\pythoncore-3.14-64\Lib\traceback.py
fn=_spawns_full_line
720 3000
cfl=~
cfn=<built-in method builtins.len>
calls=5 0
720 400

fl=C:\Users\Pedro\AppData\Local\Python\pythoncore-3.14-64\Lib\traceback.py
fn=format:745
745 21100
cfl=C:\Users\Pedro\AppData\Local\Python\pythoncore-3.14-64\Lib\traceback.py
cfn=format_frame_summary
calls=7 528
745 771000
cfl=~
cfn=<method 'append' of 'list' objects>
calls=7 0
745 700
cfl=~
cfn=<method 'get' of 'dict' objects>
calls=1 0
745 100

fl=C:\Users\Pedro\AppData\Local\Python\pythoncore-3.14-64\Lib\traceback.py
fn=_byte_offset_to_character_offset
794 16700
cfl=~
cfn=<built-in method builtins.len>
calls=26 0
794 1600
cfl=~
cfn=<method 'decode' of 'bytes' objects>
calls=26 0
794 5600
cfl=~
cfn=<method 'encode' of 'str' objects>
calls=26 0
794 4300

fl=C:\Users\Pedro\AppData\Local\Python\pythoncore-3.14-64\Lib\traceback.py
fn=_extract_caret_anchors_from_line_segment
812 36400
cfl=<string>
cfn=<lambda>:1
calls=6 1
812 4700
cfl=C:\Users\Pedro\AppData\Local\Python\pythoncore-3.14-64\Lib\ast.py
cfn=parse
calls=7 26
812 216100
cfl=C:\Users\Pedro\AppData\Local\Python\pythoncore-3.14-64\Lib\traceback.py
cfn=increment_until
calls=6 878
812 4400
cfl=C:\Users\Pedro\AppData\Local\Python\pythoncore-3.14-64\Lib\traceback.py
cfn=setup_positions
calls=12 890
812 30600
cfl=~
cfn=<built-in method builtins.len>
calls=6 0
812 600
cfl=~
cfn=<method 'splitlines' of 'str' objects>
calls=6 0
812 2100

fl=C:\Users\Pedro\AppData\Local\Python\pythoncore-3.14-64\Lib\traceback.py
fn=normalize
851 4300
cfl=C:\Users\Pedro\AppData\Local\Python\pythoncore-3.14-64\Lib\traceback.py
cfn=_byte_offset_to_character_offset
calls=12 794
851 12300

fl=C:\Users\Pedro\AppData\Local\Python\pythoncore-3.14-64\Lib\traceback.py
fn=next_valid_char
855 4200
cfl=~
cfn=<built-in method builtins.len>
calls=24 0
855 1700

fl=C:\Users\Pedro\AppData\Local\Python\pythoncore-3.14-64\Lib\traceback.py
fn=increment_until
878 3300
cfl=C:\Users\Pedro\AppData\Local\Python\pythoncore-3.14-64\Lib\traceback.py
cfn=<lambda>:951
calls=6 951
878 1100

fl=C:\Users\Pedro\AppData\Local\Python\pythoncore-3.14-64\Lib\traceback.py
fn=setup_positions
890 8100
cfl=C:\Users\Pedro\AppData\Local\Python\pythoncore-3.14-64\Lib\traceback.py
cfn=normalize
calls=12 851
890 16600
cfl=C:\Users\Pedro\AppData\Local\Python\pythoncore-3.14-64\Lib\traceback.py
cfn=next_valid_char
calls=6 855
890 5900

fl=C:\Users\Pedro\AppData\Local\Python\pythoncore-3.14-64\Lib\traceback.py
fn=<lambda>:951
951 1100

fl=C:\Users\Pedro\AppData\Local\Python\pythoncore-3.14-64\Lib\traceback.py
fn=_display_width
960 6800
cfl=~
cfn=<method 'isascii' of 'str' objects>
calls=26 0
960 2900

fl=C:\Users\Pedro\AppData\Local\Python\pythoncore-3.14-64\Lib\traceback.py
fn=__init__:982
982 1400

fl=C:\Users\Pedro\AppData\Local\Python\pythoncore-3.14-64\Lib\traceback.py
fn=indent
987 1600

fl=C:\Users\Pedro\AppData\Local\Python\pythoncore-3.14-64\Lib\traceback.py
fn=emit
990 15500
cfl=C:\Users\Pedro\AppData\Local\Python\pythoncore-3.14-64\Lib\textwrap.py
cfn=indent
calls=9 447
990 34700
cfl=C:\Users\Pedro\AppData\Local\Python\pythoncore-3.14-64\Lib\traceback.py
cfn=indent
calls=3 987
990 1600
cfl=C:\Users\Pedro\AppData\Local\Python\pythoncore-3.14-64\Lib\traceback.py
cfn=format_exception_only
calls=2 1226
990 52700
cfl=~
cfn=<built-in method builtins.isinstance>
calls=3 0
990 1000

fl=C:\Users\Pedro\AppData\Local\Python\pythoncore-3.14-64\Lib\traceback.py
fn=<lambda>:998
998 200

fl=C:\Users\Pedro\AppData\Local\Python\pythoncore-3.14-64\Lib\traceback.py
fn=<lambda>:1001
1001 2300

fl=C:\Users\Pedro\AppData\Local\Python\pythoncore-3.14-64\Lib\traceback.py
fn=__init__:1044
1044 17100
cfl=C:\Users\Pedro\AppData\Local\Python\pythoncore-3.14-64\Lib\traceback.py
cfn=_extract_from_extended_frame_gen
calls=0 459
1044 0
cfl=c:\Users\Pedro\faculdade\IniciacaoCientifica\grn\PythonCode\Modules\Handlers.py
cfn=save_results
calls=2 132
1044 4511200
cfl=~
cfn=<built-in method builtins.id>
calls=1 0
1044 100
cfl=~
cfn=<method 'add' of 'set' objects>
calls=1 0
1044 300
cfl=~
cfn=<method 'append' of 'list' objects>
calls=1 0
1044 100

fl=C:\Users\Pedro\AppData\Local\Python\pythoncore-3.14-64\Lib\traceback.py
fn=exc_type_str
1201 1200
cfl=~
cfn=<built-in method builtins.isinstance>
calls=1 0
1201 200

fl=C:\Users\Pedro\AppData\Local\Python\pythoncore-3.14-64\Lib\traceback.py
fn=_load_lines
1213 2800
cfl=C:\Users\Pedro\AppData\Local\Python\pythoncore-3.14-64\Lib\traceback.py
cfn=line
calls=7 373
1213 8000

fl=C:\Users\Pedro\AppData\Local\Python\pythoncore-3.14-64\Lib\traceback.py
fn=format_exception_only
1226 6200
cfl=C:\Users\Pedro\AppData\Local\Python\pythoncore-3.14-64\Lib\traceback.py
cfn=_format_final_exc_line
calls=1 186
1226 3400
cfl=C:\Users\Pedro\AppData\Local\Python\pythoncore-3.14-64\Lib\traceback.py
cfn=exc_type_str
calls=1 1201
1226 1400
cfl=~
cfn=<built-in method builtins.isinstance>
calls=1 0
1226 41500
cfl=~
cfn=<method 'get' of 'dict' objects>
calls=1 0
1226 200

fl=C:\Users\Pedro\AppData\Local\Python\pythoncore-3.14-64\Lib\traceback.py
fn=format:1468
1468 17100
cfl=C:\Users\Pedro\AppData\Local\Python\pythoncore-3.14-64\Lib\traceback.py
cfn=format:745
calls=1 745
1468 792900
cfl=C:\Users\Pedro\AppData\Local\Python\pythoncore-3.14-64\Lib\traceback.py
cfn=__init__:982
calls=1 982
1468 1400
cfl=C:\Users\Pedro\AppData\Local\Python\pythoncore-3.14-64\Lib\traceback.py
cfn=emit
calls=12 990
1468 105500
cfl=~
cfn=<method 'append' of 'list' objects>
calls=1 0
1468 100
cfl=~
cfn=<method 'get' of 'dict' objects>
calls=1 0
1468 200

fl=C:\Users\Pedro\AppData\Local\Python\pythoncore-3.14-64\Lib\typing.py
fn=_type_convert
175 3000
cfl=~
cfn=<built-in method builtins.isinstance>
calls=8 0
175 2400

fl=C:\Users\Pedro\AppData\Local\Python\pythoncore-3.14-64\Lib\typing.py
fn=_type_check
184 27100
cfl=C:\Users\Pedro\AppData\Local\Python\pythoncore-3.14-64\Lib\typing.py
cfn=_type_convert
calls=8 175
184 5400
cfl=C:\Users\Pedro\AppData\Local\Python\pythoncore-3.14-64\Lib\typing.py
cfn=__eq__
calls=64 1355
184 18600
cfl=~
cfn=<built-in method builtins.isinstance>
calls=16 0
184 1400

fl=C:\Users\Pedro\AppData\Local\Python\pythoncore-3.14-64\Lib\typing.py
fn=inner
396 9500

fl=C:\Users\Pedro\AppData\Local\Python\pythoncore-3.14-64\Lib\typing.py
fn=__instancecheck__
1292 3700
cfl=C:\Users\Pedro\AppData\Local\Python\pythoncore-3.14-64\Lib\typing.py
cfn=__subclasscheck__
calls=4 1583
1292 13400

fl=C:\Users\Pedro\AppData\Local\Python\pythoncore-3.14-64\Lib\typing.py
fn=__eq__
1355 10900
cfl=~
cfn=<built-in method builtins.isinstance>
calls=64 0
1355 7700

fl=C:\Users\Pedro\AppData\Local\Python\pythoncore-3.14-64\Lib\typing.py
fn=__hash__
1361 5800
cfl=~
cfn=<built-in method builtins.hash>
calls=24 0
1361 3100

fl=C:\Users\Pedro\AppData\Local\Python\pythoncore-3.14-64\Lib\typing.py
fn=__subclasscheck__
1583 4300
cfl=~
cfn=<built-in method builtins.isinstance>
calls=8 0
1583 800
cfl=~
cfn=<built-in method builtins.issubclass>
calls=4 0
1583 8300

fl=C:\Users\Pedro\AppData\Local\Python\pythoncore-3.14-64\Lib\typing.py
fn=cast
2300 8100

fl=C:\Users\Pedro\AppData\Local\Python\pythoncore-3.14-64\Lib\typing.py
fn=__getattr__
3827 2700

fl=C:\Users\Pedro\AppData\Local\Python\pythoncore-3.14-64\Lib\urllib\parse.py
fn=_noop
108 300

fl=C:\Users\Pedro\AppData\Local\Python\pythoncore-3.14-64\Lib\urllib\parse.py
fn=_coerce_args
119 3600
cfl=~
cfn=<built-in method builtins.isinstance>
calls=3 0
119 300

fl=C:\Users\Pedro\AppData\Local\Python\pythoncore-3.14-64\Lib\urllib\parse.py
fn=urlparse
374 12600
cfl=<string>
cfn=<lambda>:1
calls=3 1
374 2600
cfl=C:\Users\Pedro\AppData\Local\Python\pythoncore-3.14-64\Lib\urllib\parse.py
cfn=_noop
calls=3 108
374 300
cfl=C:\Users\Pedro\AppData\Local\Python\pythoncore-3.14-64\Lib\urllib\parse.py
cfn=_coerce_args
calls=3 119
374 3900
cfl=C:\Users\Pedro\AppData\Local\Python\pythoncore-3.14-64\Lib\urllib\parse.py
cfn=_urlparse
calls=3 399
374 25500

fl=C:\Users\Pedro\AppData\Local\Python\pythoncore-3.14-64\Lib\urllib\parse.py
fn=_urlparse
399 7300
cfl=C:\Users\Pedro\AppData\Local\Python\pythoncore-3.14-64\Lib\urllib\parse.py
cfn=_urlsplit
calls=3 499
399 18200

fl=C:\Users\Pedro\AppData\Local\Python\pythoncore-3.14-64\Lib\urllib\parse.py
fn=_checknetloc
424 700

fl=C:\Users\Pedro\AppData\Local\Python\pythoncore-3.14-64\Lib\urllib\parse.py
fn=_urlsplit
499 12400
cfl=C:\Users\Pedro\AppData\Local\Python\pythoncore-3.14-64\Lib\urllib\parse.py
cfn=_checknetloc
calls=3 424
499 700
cfl=~
cfn=<method 'find' of 'str' objects>
calls=3 0
499 700
cfl=~
cfn=<method 'lstrip' of 'str' objects>
calls=3 0
499 900
cfl=~
cfn=<method 'replace' of 'str' objects>
calls=18 0
499 2600
cfl=~
cfn=<method 'strip' of 'str' objects>
calls=3 0
499 900

fl=C:\Users\Pedro\AppData\Local\Python\pythoncore-3.14-64\Lib\warnings.py
fn=__enter__
80 8200
cfl=~
cfn=<built-in method _warnings._acquire_lock>
calls=36 0
80 3900

fl=C:\Users\Pedro\AppData\Local\Python\pythoncore-3.14-64\Lib\warnings.py
fn=__exit__
84 7800
cfl=~
cfn=<built-in method _warnings._release_lock>
calls=36 0
84 3800

fl=C:\Users\Pedro\AppData\Local\Python\pythoncore-3.14-64\Lib\weakref.py
fn=__getitem__
325 1424200

fl=C:\Users\Pedro\AppData\Local\Python\pythoncore-3.14-64\Lib\weakref.py
fn=__setitem__
334 3900

fl=c:\Users\Pedro\faculdade\IniciacaoCientifica\grn\.env\Lib\site-packages\IPython\core\displayhook.py
fn=is_active
118 101100

fl=c:\Users\Pedro\faculdade\IniciacaoCientifica\grn\.env\Lib\site-packages\IPython\core\displaypub.py
fn=is_publishing
172 115700

fl=c:\Users\Pedro\faculdade\IniciacaoCientifica\grn\.env\Lib\site-packages\IPython\core\history.py
fn=_writeout_output_cache
1047 3800
cfl=c:\Users\Pedro\faculdade\IniciacaoCientifica\grn\.env\Lib\site-packages\traitlets\traitlets.py
cfn=__get__
calls=1 695
1047 1100
cfl=~
cfn=<method '__enter__' of 'sqlite3.Connection' objects>
calls=1 0
1047 300
cfl=~
cfn=<method '__exit__' of 'sqlite3.Connection' objects>
calls=1 0
1047 500

fl=c:\Users\Pedro\faculdade\IniciacaoCientifica\grn\.env\Lib\site-packages\IPython\core\history.py
fn=hold
1100 100

fl=c:\Users\Pedro\faculdade\IniciacaoCientifica\grn\.env\Lib\site-packages\IPython\core\interactiveshell.py
fn=write
3098 2435200
cfl=<string>
cfn=__init__:2
calls=3 2
3098 400
cfl=C:\Users\Pedro\AppData\Local\Python\pythoncore-3.14-64\Lib\asyncio\base_events.py
cfn=_run_once
calls=0 1966
3098 0
cfl=c:\Users\Pedro\faculdade\IniciacaoCientifica\grn\.env\Lib\site-packages\IPython\core\displayhook.py
cfn=is_active
calls=1191 118
3098 101100
cfl=c:\Users\Pedro\faculdade\IniciacaoCientifica\grn\.env\Lib\site-packages\IPython\core\displaypub.py
cfn=is_publishing
calls=1191 172
3098 115700
cfl=c:\Users\Pedro\faculdade\IniciacaoCientifica\grn\.env\Lib\site-packages\ipykernel\iostream.py
cfn=write
calls=1191 721
3098 6326400
cfl=c:\Users\Pedro\faculdade\IniciacaoCientifica\grn\.env\Lib\site-packages\traitlets\traitlets.py
cfn=__get__
calls=1191 695
3098 573400
cfl=~
cfn=<built-in method builtins.any>
calls=1191 0
3098 194700
cfl=~
cfn=<method 'append' of 'list' objects>
calls=1194 0
3098 175300

fl=c:\Users\Pedro\faculdade\IniciacaoCientifica\grn\.env\Lib\site-packages\cffi\api.py
fn=typeof
194 6900
cfl=c:\Users\Pedro\faculdade\IniciacaoCientifica\grn\.env\Lib\site-packages\cffi\api.py
cfn=_builtin_function_type
calls=1 954
194 4400
cfl=~
cfn=<built-in method builtins.isinstance>
calls=8 0
194 1100

fl=c:\Users\Pedro\faculdade\IniciacaoCientifica\grn\.env\Lib\site-packages\cffi\api.py
fn=_builtin_function_type
954 4100
cfl=<frozen importlib._bootstrap>
cfn=has_location
calls=1 656
954 300

fl=c:\Users\Pedro\faculdade\IniciacaoCientifica\grn\.env\Lib\site-packages\colorama\ansitowin32.py
fn=__init__:22
22 11700

fl=c:\Users\Pedro\faculdade\IniciacaoCientifica\grn\.env\Lib\site-packages\colorama\ansitowin32.py
fn=isatty
49 72800
cfl=<frozen _collections_abc>
cfn=__contains__
calls=138 799
49 252100
cfl=c:\Users\Pedro\faculdade\IniciacaoCientifica\grn\.env\Lib\site-packages\ipykernel\iostream.py
cfn=isatty
calls=138 595
49 15600

fl=c:\Users\Pedro\faculdade\IniciacaoCientifica\grn\.env\Lib\site-packages\colorama\ansitowin32.py
fn=closed
61 30600
cfl=c:\Users\Pedro\faculdade\IniciacaoCientifica\grn\.env\Lib\site-packages\ipykernel\iostream.py
cfn=closed:639
calls=138 639
61 15700

fl=c:\Users\Pedro\faculdade\IniciacaoCientifica\grn\.env\Lib\site-packages\colorama\ansitowin32.py
fn=__init__:81
81 287700
cfl=c:\Users\Pedro\faculdade\IniciacaoCientifica\grn\.env\Lib\site-packages\colorama\ansitowin32.py
cfn=__init__:22
calls=138 22
81 11700
cfl=c:\Users\Pedro\faculdade\IniciacaoCientifica\grn\.env\Lib\site-packages\colorama\ansitowin32.py
cfn=isatty
calls=138 49
81 340500
cfl=c:\Users\Pedro\faculdade\IniciacaoCientifica\grn\.env\Lib\site-packages\colorama\ansitowin32.py
cfn=closed
calls=138 61
81 46300
cfl=c:\Users\Pedro\faculdade\IniciacaoCientifica\grn\.env\Lib\site-packages\colorama\ansitowin32.py
cfn=get_win32_calls
calls=138 131
81 27000
cfl=c:\Users\Pedro\faculdade\IniciacaoCientifica\grn\.env\Lib\site-packages\colorama\win32.py
cfn=winapi_test
calls=138 114
81 707900
cfl=c:\Users\Pedro\faculdade\IniciacaoCientifica\grn\.env\Lib\site-packages\colorama\winterm.py
cfn=enable_vt_processing
calls=138 178
81 657100
cfl=c:\Users\Pedro\faculdade\IniciacaoCientifica\grn\.env\Lib\site-packages\ipykernel\iostream.py
cfn=fileno
calls=138 436
81 82200

fl=c:\Users\Pedro\faculdade\IniciacaoCientifica\grn\.env\Lib\site-packages\colorama\ansitowin32.py
fn=should_wrap
121 14000

fl=c:\Users\Pedro\faculdade\IniciacaoCientifica\grn\.env\Lib\site-packages\colorama\ansitowin32.py
fn=get_win32_calls
131 27000

fl=c:\Users\Pedro\faculdade\IniciacaoCientifica\grn\.env\Lib\site-packages\colorama\initialise.py
fn=init
37 53100
cfl=c:\Users\Pedro\faculdade\IniciacaoCientifica\grn\.env\Lib\site-packages\colorama\initialise.py
cfn=wrap_stream
calls=138 111
37 2278900

fl=c:\Users\Pedro\faculdade\IniciacaoCientifica\grn\.env\Lib\site-packages\colorama\initialise.py
fn=deinit
65 12100

fl=c:\Users\Pedro\faculdade\IniciacaoCientifica\grn\.env\Lib\site-packages\colorama\initialise.py
fn=reinit
104 12600

fl=c:\Users\Pedro\faculdade\IniciacaoCientifica\grn\.env\Lib\site-packages\colorama\initialise.py
fn=wrap_stream
111 104500
cfl=c:\Users\Pedro\faculdade\IniciacaoCientifica\grn\.env\Lib\site-packages\colorama\ansitowin32.py
cfn=__init__:81
calls=138 81
111 2160400
cfl=c:\Users\Pedro\faculdade\IniciacaoCientifica\grn\.env\Lib\site-packages\colorama\ansitowin32.py
cfn=should_wrap
calls=138 121
111 14000

fl=c:\Users\Pedro\faculdade\IniciacaoCientifica\grn\.env\Lib\site-packages\colorama\win32.py
fn=_winapi_test
108 771900
cfl=~
cfn=<built-in method _ctypes.byref>
calls=552 0
108 53400

fl=c:\Users\Pedro\faculdade\IniciacaoCientifica\grn\.env\Lib\site-packages\colorama\win32.py
fn=winapi_test
114 342600
cfl=c:\Users\Pedro\faculdade\IniciacaoCientifica\grn\.env\Lib\site-packages\colorama\win32.py
cfn=<genexpr>
calls=828 115
114 983700

fl=c:\Users\Pedro\faculdade\IniciacaoCientifica\grn\.env\Lib\site-packages\colorama\win32.py
fn=<genexpr>
115 158400
cfl=c:\Users\Pedro\faculdade\IniciacaoCientifica\grn\.env\Lib\site-packages\colorama\win32.py
cfn=_winapi_test
calls=552 108
115 825300

fl=c:\Users\Pedro\faculdade\IniciacaoCientifica\grn\.env\Lib\site-packages\colorama\winterm.py
fn=enable_vt_processing
178 38700
cfl=c:\Users\Pedro\faculdade\IniciacaoCientifica\grn\.env\Lib\site-packages\colorama\win32.py
cfn=winapi_test
calls=138 114
178 618400

fl=c:\Users\Pedro\faculdade\IniciacaoCientifica\grn\.env\Lib\site-packages\dateutil\tz\tz.py
fn=utcoffset
74 800

fl=c:\Users\Pedro\faculdade\IniciacaoCientifica\grn\.env\Lib\site-packages\ipykernel\iostream.py
fn=_event_pipe
210 2400

fl=c:\Users\Pedro\faculdade\IniciacaoCientifica\grn\.env\Lib\site-packages\ipykernel\iostream.py
fn=_handle_event
229 13600
cfl=c:\Users\Pedro\faculdade\IniciacaoCientifica\grn\.env\Lib\site-packages\ipykernel\iostream.py
cfn=<lambda>
calls=0 348
229 0
cfl=c:\Users\Pedro\faculdade\IniciacaoCientifica\grn\.env\Lib\site-packages\ipykernel\iostream.py
cfn=_schedule_in_thread
calls=2 653
229 43800
cfl=~
cfn=<built-in method builtins.len>
calls=4 0
229 500
cfl=~
cfn=<method 'popleft' of 'collections.deque' objects>
calls=3 0
229 500

fl=c:\Users\Pedro\faculdade\IniciacaoCientifica\grn\.env\Lib\site-packages\ipykernel\iostream.py
fn=_is_master_process:285
285 1400
cfl=~
cfn=<built-in method nt.getpid>
calls=2 0
285 400

fl=c:\Users\Pedro\faculdade\IniciacaoCientifica\grn\.env\Lib\site-packages\ipykernel\iostream.py
fn=_check_mp_mode
288 1500
cfl=c:\Users\Pedro\faculdade\IniciacaoCientifica\grn\.env\Lib\site-packages\ipykernel\iostream.py
cfn=_is_master_process:285
calls=2 285
288 1800

fl=c:\Users\Pedro\faculdade\IniciacaoCientifica\grn\.env\Lib\site-packages\ipykernel\iostream.py
fn=closed:327
327 500

fl=c:\Users\Pedro\faculdade\IniciacaoCientifica\grn\.env\Lib\site-packages\ipykernel\iostream.py
fn=schedule
331 10600
cfl=C:\Users\Pedro\AppData\Local\Python\pythoncore-3.14-64\Lib\threading.py
cfn=is_alive
calls=4 1177
331 6300
cfl=c:\Users\Pedro\faculdade\IniciacaoCientifica\grn\.env\Lib\site-packages\ipykernel\iostream.py
cfn=_event_pipe
calls=4 210
331 2400
cfl=c:\Users\Pedro\faculdade\IniciacaoCientifica\grn\.env\Lib\site-packages\zmq\sugar\socket.py
cfn=send
calls=2 623
331 26100
cfl=~
cfn=<method 'append' of 'collections.deque' objects>
calls=4 0
331 700

fl=c:\Users\Pedro\faculdade\IniciacaoCientifica\grn\.env\Lib\site-packages\ipykernel\iostream.py
fn=send_multipart
343 1600
cfl=C:\Users\Pedro\AppData\Local\Python\pythoncore-3.14-64\Lib\tokenize.py
cfn=check
calls=1 388
343 1000
cfl=C:\Users\Pedro\AppData\Local\Python\pythoncore-3.14-64\Lib\tokenize.py
cfn=find_cookie
calls=1 400
343 1900
cfl=c:\Users\Pedro\faculdade\IniciacaoCientifica\grn\.env\Lib\site-packages\ipykernel\iostream.py
cfn=schedule
calls=1 331
343 0
cfl=~
cfn=<method 'match' of 're.Pattern' objects>
calls=1 0
343 700
cfl=~
cfn=<method 'startswith' of 'bytes' objects>
calls=1 0
343 300

fl=c:\Users\Pedro\faculdade\IniciacaoCientifica\grn\.env\Lib\site-packages\ipykernel\iostream.py
fn=<lambda>
348 6500
cfl=C:\Users\Pedro\AppData\Local\Python\pythoncore-3.14-64\Lib\enum.py
cfn=__and__
calls=1 1594
348 4000
cfl=c:\Users\Pedro\faculdade\IniciacaoCientifica\grn\.env\Lib\site-packages\ipykernel\iostream.py
cfn=_really_send
calls=1 350
348 0
cfl=c:\Users\Pedro\faculdade\IniciacaoCientifica\grn\.env\Lib\site-packages\zmq\eventloop\zmqstream.py
cfn=_rebuild_io_state
calls=1 653
348 48600

fl=c:\Users\Pedro\faculdade\IniciacaoCientifica\grn\.env\Lib\site-packages\ipykernel\iostream.py
fn=_really_send
350 8800
cfl=c:\Users\Pedro\faculdade\IniciacaoCientifica\grn\.env\Lib\site-packages\ipykernel\iostream.py
cfn=_check_mp_mode
calls=2 288
350 3300
cfl=c:\Users\Pedro\faculdade\IniciacaoCientifica\grn\.env\Lib\site-packages\ipykernel\iostream.py
cfn=closed:327
calls=2 327
350 500
cfl=c:\Users\Pedro\faculdade\IniciacaoCientifica\grn\.env\Lib\site-packages\zmq\sugar\socket.py
cfn=send_multipart
calls=1 700
350 0

fl=c:\Users\Pedro\faculdade\IniciacaoCientifica\grn\.env\Lib\site-packages\ipykernel\iostream.py
fn=fileno
436 64100
cfl=~
cfn=<built-in method builtins.getattr>
calls=138 0
436 18100

fl=c:\Users\Pedro\faculdade\IniciacaoCientifica\grn\.env\Lib\site-packages\ipykernel\iostream.py
fn=parent_header
581 350300
cfl=~
cfn=<method 'get' of '_contextvars.ContextVar' objects>
calls=1191 0
581 162900

fl=c:\Users\Pedro\faculdade\IniciacaoCientifica\grn\.env\Lib\site-packages\ipykernel\iostream.py
fn=isatty
595 15600

fl=c:\Users\Pedro\faculdade\IniciacaoCientifica\grn\.env\Lib\site-packages\ipykernel\iostream.py
fn=_is_master_process:616
616 399600
cfl=~
cfn=<built-in method nt.getpid>
calls=1191 0
616 151100

fl=c:\Users\Pedro\faculdade\IniciacaoCientifica\grn\.env\Lib\site-packages\ipykernel\iostream.py
fn=closed:639
639 15700

fl=c:\Users\Pedro\faculdade\IniciacaoCientifica\grn\.env\Lib\site-packages\ipykernel\iostream.py
fn=_schedule_flush
643 200900
cfl=c:\Users\Pedro\faculdade\IniciacaoCientifica\grn\.env\Lib\site-packages\ipykernel\iostream.py
cfn=schedule
calls=1 331
643 34600
cfl=~
cfn=<method 'append' of 'list' objects>
calls=1 0
643 300
cfl=~
cfn=<method 'get' of 'dict' objects>
calls=1 0
643 300

fl=c:\Users\Pedro\faculdade\IniciacaoCientifica\grn\.env\Lib\site-packages\ipykernel\iostream.py
fn=_schedule_in_thread
653 3100
cfl=c:\Users\Pedro\faculdade\IniciacaoCientifica\grn\.env\Lib\site-packages\tornado\ioloop.py
cfn=call_later
calls=2 604
653 40700

fl=c:\Users\Pedro\faculdade\IniciacaoCientifica\grn\.env\Lib\site-packages\ipykernel\iostream.py
fn=_flush
682 9900
cfl=c:\Users\Pedro\faculdade\IniciacaoCientifica\grn\.env\Lib\site-packages\ipykernel\iostream.py
cfn=_flush_buffers
calls=3 776
682 104500
cfl=c:\Users\Pedro\faculdade\IniciacaoCientifica\grn\.env\Lib\site-packages\ipykernel\iostream.py
cfn=_hooks
calls=2 791
682 3200
cfl=c:\Users\Pedro\faculdade\IniciacaoCientifica\grn\.env\Lib\site-packages\jupyter_client\session.py
cfn=msg
calls=2 655
682 37200
cfl=c:\Users\Pedro\faculdade\IniciacaoCientifica\grn\.env\Lib\site-packages\jupyter_client\session.py
cfn=send
calls=1 760
682 0
cfl=c:\Users\Pedro\faculdade\IniciacaoCientifica\grn\.env\Lib\site-packages\traitlets\traitlets.py
cfn=__set__
calls=2 727
682 20600
cfl=~
cfn=<built-in method nt.getpid>
calls=2 0
682 700
cfl=~
cfn=<method 'partition' of 'str' objects>
calls=1 0
682 500
cfl=~
cfn=<method 'strip' of 'str' objects>
calls=1 0
682 200

fl=c:\Users\Pedro\faculdade\IniciacaoCientifica\grn\.env\Lib\site-packages\ipykernel\iostream.py
fn=write
721 3748800
cfl=C:\Users\Pedro\AppData\Local\Python\pythoncore-3.14-64\Lib\asyncio\base_events.py
cfn=time
calls=1 766
721 1000
cfl=C:\Users\Pedro\AppData\Local\Python\pythoncore-3.14-64\Lib\asyncio\events.py
cfn=_run
calls=1 92
721 102500
cfl=C:\Users\Pedro\AppData\Local\Python\pythoncore-3.14-64\Lib\asyncio\selector_events.py
cfn=_process_events
calls=1 744
721 26700
cfl=c:\Users\Pedro\faculdade\IniciacaoCientifica\grn\.env\Lib\site-packages\dateutil\tz\tz.py
cfn=utcoffset
calls=1 74
721 200
cfl=c:\Users\Pedro\faculdade\IniciacaoCientifica\grn\.env\Lib\site-packages\ipykernel\iostream.py
cfn=parent_header
calls=1191 581
721 513200
cfl=c:\Users\Pedro\faculdade\IniciacaoCientifica\grn\.env\Lib\site-packages\ipykernel\iostream.py
cfn=_is_master_process:616
calls=1191 616
721 550700
cfl=c:\Users\Pedro\faculdade\IniciacaoCientifica\grn\.env\Lib\site-packages\ipykernel\iostream.py
cfn=_schedule_flush
calls=1190 643
721 37100
cfl=~
cfn=<built-in method builtins.isinstance>
calls=1191 0
721 95400
cfl=~
cfn=<built-in method builtins.len>
calls=1191 0
721 163300
cfl=~
cfn=<method '__enter__' of '_thread.RLock' objects>
calls=1191 0
721 225000
cfl=~
cfn=<method '__exit__' of '_thread.RLock' objects>
calls=1191 0
721 191000
cfl=~
cfn=<method 'items' of 'dict' objects>
calls=1191 0
721 194700
cfl=~
cfn=<method 'popleft' of 'collections.deque' objects>
calls=1 0
721 300
cfl=~
cfn=<method 'write' of '_io.StringIO' objects>
calls=1191 0
721 401200

fl=c:\Users\Pedro\faculdade\IniciacaoCientifica\grn\.env\Lib\site-packages\ipykernel\iostream.py
fn=_flush_buffers
776 11800
cfl=c:\Users\Pedro\faculdade\IniciacaoCientifica\grn\.env\Lib\site-packages\ipykernel\iostream.py
cfn=_rotate_buffers
calls=2 784
776 5400
cfl=~
cfn=<method 'close' of '_io.StringIO' objects>
calls=2 0
776 1100
cfl=~
cfn=<method 'getvalue' of '_io.StringIO' objects>
calls=2 0
776 86400
cfl=~
cfn=<method 'items' of 'dict' objects>
calls=2 0
776 400

fl=c:\Users\Pedro\faculdade\IniciacaoCientifica\grn\.env\Lib\site-packages\ipykernel\iostream.py
fn=_rotate_buffers
784 3900
cfl=~
cfn=<method '__enter__' of '_thread.RLock' objects>
calls=2 0
784 900
cfl=~
cfn=<method '__exit__' of '_thread.RLock' objects>
calls=2 0
784 600

fl=c:\Users\Pedro\faculdade\IniciacaoCientifica\grn\.env\Lib\site-packages\ipykernel\iostream.py
fn=_hooks
791 1500
cfl=~
cfn=<built-in method builtins.hasattr>
calls=2 0
791 1700

fl=c:\Users\Pedro\faculdade\IniciacaoCientifica\grn\.env\Lib\site-packages\jupyter_client\jsonutil.py
fn=_ensure_tzinfo
39 2200

fl=c:\Users\Pedro\faculdade\IniciacaoCientifica\grn\.env\Lib\site-packages\jupyter_client\jsonutil.py
fn=json_default
108 8200
cfl=c:\Users\Pedro\faculdade\IniciacaoCientifica\grn\.env\Lib\site-packages\jupyter_client\jsonutil.py
cfn=_ensure_tzinfo
calls=4 39
108 2200
cfl=~
cfn=<built-in method builtins.isinstance>
calls=4 0
108 500
cfl=~
cfn=<method 'isoformat' of 'datetime.datetime' objects>
calls=4 0
108 12500
cfl=~
cfn=<method 'replace' of 'str' objects>
calls=4 0
108 2000

fl=c:\Users\Pedro\faculdade\IniciacaoCientifica\grn\.env\Lib\site-packages\jupyter_client\session.py
fn=json_packer
95 10100
cfl=C:\Users\Pedro\AppData\Local\Python\pythoncore-3.14-64\Lib\json\__init__.py
cfn=dumps
calls=8 185
95 992900
cfl=~
cfn=<method 'encode' of 'str' objects>
calls=8 0
95 71100

fl=c:\Users\Pedro\faculdade\IniciacaoCientifica\grn\.env\Lib\site-packages\jupyter_client\session.py
fn=utcnow
234 1900
cfl=~
cfn=<built-in method now>
calls=2 0
234 4000

fl=c:\Users\Pedro\faculdade\IniciacaoCientifica\grn\.env\Lib\site-packages\jupyter_client\session.py
fn=msg_header:308
308 2700
cfl=c:\Users\Pedro\faculdade\IniciacaoCientifica\grn\.env\Lib\site-packages\jupyter_client\session.py
cfn=utcnow
calls=2 234
308 5900
cfl=~
cfn=<built-in method builtins.locals>
calls=2 0
308 3800

fl=c:\Users\Pedro\faculdade\IniciacaoCientifica\grn\.env\Lib\site-packages\jupyter_client\session.py
fn=extract_header
317 3000
cfl=~
cfn=<built-in method builtins.isinstance>
calls=2 0
317 200

fl=c:\Users\Pedro\faculdade\IniciacaoCientifica\grn\.env\Lib\site-packages\jupyter_client\session.py
fn=msg_id
609 4600
cfl=c:\Users\Pedro\faculdade\IniciacaoCientifica\grn\.env\Lib\site-packages\traitlets\traitlets.py
cfn=__get__
calls=2 695
609 2200
cfl=~
cfn=<built-in method nt.getpid>
calls=2 0
609 200

fl=c:\Users\Pedro\faculdade\IniciacaoCientifica\grn\.env\Lib\site-packages\jupyter_client\session.py
fn=msg_header:651
651 4100
cfl=c:\Users\Pedro\faculdade\IniciacaoCientifica\grn\.env\Lib\site-packages\jupyter_client\session.py
cfn=msg_header:308
calls=2 308
651 12400
cfl=c:\Users\Pedro\faculdade\IniciacaoCientifica\grn\.env\Lib\site-packages\jupyter_client\session.py
cfn=msg_id
calls=2 609
651 7000
cfl=c:\Users\Pedro\faculdade\IniciacaoCientifica\grn\.env\Lib\site-packages\traitlets\traitlets.py
cfn=__get__
calls=4 695
651 2000

fl=c:\Users\Pedro\faculdade\IniciacaoCientifica\grn\.env\Lib\site-packages\jupyter_client\session.py
fn=msg
655 6500
cfl=c:\Users\Pedro\faculdade\IniciacaoCientifica\grn\.env\Lib\site-packages\jupyter_client\session.py
cfn=extract_header
calls=2 317
655 3200
cfl=c:\Users\Pedro\faculdade\IniciacaoCientifica\grn\.env\Lib\site-packages\jupyter_client\session.py
cfn=msg_header:651
calls=2 651
655 25500
cfl=c:\Users\Pedro\faculdade\IniciacaoCientifica\grn\.env\Lib\site-packages\traitlets\traitlets.py
cfn=__get__
calls=2 695
655 1600
cfl=~
cfn=<method 'copy' of 'dict' objects>
calls=2 0
655 400

fl=c:\Users\Pedro\faculdade\IniciacaoCientifica\grn\.env\Lib\site-packages\jupyter_client\session.py
fn=sign
681 7300
cfl=C:\Users\Pedro\AppData\Local\Python\pythoncore-3.14-64\Lib\hmac.py
cfn=update
calls=7 149
681 3700
cfl=C:\Users\Pedro\AppData\Local\Python\pythoncore-3.14-64\Lib\hmac.py
cfn=copy
calls=2 154
681 11800
cfl=C:\Users\Pedro\AppData\Local\Python\pythoncore-3.14-64\Lib\hmac.py
cfn=hexdigest
calls=1 194
681 2600
cfl=c:\Users\Pedro\faculdade\IniciacaoCientifica\grn\.env\Lib\site-packages\traitlets\traitlets.py
cfn=__get__
calls=4 695
681 1500
cfl=~
cfn=<method 'encode' of 'str' objects>
calls=1 0
681 200

fl=c:\Users\Pedro\faculdade\IniciacaoCientifica\grn\.env\Lib\site-packages\jupyter_client\session.py
fn=serialize
696 7700
cfl=c:\Users\Pedro\faculdade\IniciacaoCientifica\grn\.env\Lib\site-packages\jupyter_client\session.py
cfn=json_packer
calls=8 95
696 1074100
cfl=c:\Users\Pedro\faculdade\IniciacaoCientifica\grn\.env\Lib\site-packages\jupyter_client\session.py
cfn=sign
calls=1 681
696 0
cfl=c:\Users\Pedro\faculdade\IniciacaoCientifica\grn\.env\Lib\site-packages\traitlets\traitlets.py
cfn=__get__
calls=8 695
696 4500
cfl=~
cfn=<built-in method builtins.isinstance>
calls=4 0
696 900
cfl=~
cfn=<built-in method builtins.len>
calls=1 0
696 300
cfl=~
cfn=<method 'append' of 'list' objects>
calls=5 0
696 700
cfl=~
cfn=<method 'extend' of 'list' objects>
calls=1 0
696 300
cfl=~
cfn=<method 'get' of 'dict' objects>
calls=2 0
696 400

fl=c:\Users\Pedro\faculdade\IniciacaoCientifica\grn\.env\Lib\site-packages\jupyter_client\session.py
fn=send
760 10600
cfl=C:\Users\Pedro\AppData\Local\Python\pythoncore-3.14-64\Lib\linecache.py
cfn=getline
calls=8 22
760 7800
cfl=c:\Users\Pedro\faculdade\IniciacaoCientifica\grn\.env\Lib\site-packages\ipykernel\iostream.py
cfn=send_multipart
calls=1 343
760 11300
cfl=c:\Users\Pedro\faculdade\IniciacaoCientifica\grn\.env\Lib\site-packages\jupyter_client\session.py
cfn=serialize
calls=1 696
760 0
cfl=c:\Users\Pedro\faculdade\IniciacaoCientifica\grn\.env\Lib\site-packages\traitlets\traitlets.py
cfn=__get__
calls=8 695
760 3300
cfl=~
cfn=<built-in method builtins.isinstance>
calls=6 0
760 1800
cfl=~
cfn=<built-in method builtins.len>
calls=7 0
760 800
cfl=~
cfn=<built-in method builtins.max>
calls=1 0
760 400
cfl=~
cfn=<built-in method nt.getpid>
calls=2 0
760 200
cfl=~
cfn=<method 'append' of 'list' objects>
calls=9 0
760 1100
cfl=~
cfn=<method 'extend' of 'list' objects>
calls=1 0
760 100
cfl=~
cfn=<method 'get' of 'dict' objects>
calls=2 0
760 600
cfl=~
cfn=<method 'join' of 'str' objects>
calls=1 0
760 600
cfl=~
cfn=<method 'rstrip' of 'str' objects>
calls=9 0
760 2300

fl=c:\Users\Pedro\faculdade\IniciacaoCientifica\grn\.env\Lib\site-packages\numba\core\analysis.py
fn=compute_use_defs
23 640000
cfl=<string>
cfn=<lambda>:1
calls=5 1
23 4100
cfl=c:\Users\Pedro\faculdade\IniciacaoCientifica\grn\.env\Lib\site-packages\numba\core\analysis.py
cfn=<genexpr>:40
calls=720 40
23 63800
cfl=c:\Users\Pedro\faculdade\IniciacaoCientifica\grn\.env\Lib\site-packages\numba\core\ir.py
cfn=list_vars:354
calls=440 354
23 2791300
cfl=c:\Users\Pedro\faculdade\IniciacaoCientifica\grn\.env\Lib\site-packages\numba\core\ir.py
cfn=list_vars:611
calls=235 611
23 1074800
cfl=~
cfn=<built-in method builtins.isinstance>
calls=1200 0
23 96400
cfl=~
cfn=<method 'add' of 'set' objects>
calls=550 0
23 63400
cfl=~
cfn=<method 'items' of 'dict' objects>
calls=5 0
23 1000

fl=c:\Users\Pedro\faculdade\IniciacaoCientifica\grn\.env\Lib\site-packages\numba\core\analysis.py
fn=<genexpr>:40
40 63800

fl=c:\Users\Pedro\faculdade\IniciacaoCientifica\grn\.env\Lib\site-packages\numba\core\analysis.py
fn=compute_live_map
60 18300
cfl=c:\Users\Pedro\faculdade\IniciacaoCientifica\grn\.env\Lib\site-packages\numba\core\analysis.py
cfn=fix_point
calls=10 76
60 296900
cfl=c:\Users\Pedro\faculdade\IniciacaoCientifica\grn\.env\Lib\site-packages\numba\core\controlflow.py
cfn=topo_order
calls=5 305
60 117400
cfl=~
cfn=<method 'keys' of 'dict' objects>
calls=5 0
60 600

fl=c:\Users\Pedro\faculdade\IniciacaoCientifica\grn\.env\Lib\site-packages\numba\core\analysis.py
fn=fix_point_progress:71
71 39700
cfl=c:\Users\Pedro\faculdade\IniciacaoCientifica\grn\.env\Lib\site-packages\numba\core\analysis.py
cfn=<genexpr>:74
calls=155 74
71 32900
cfl=~
cfn=<method 'values' of 'dict' objects>
calls=35 0
71 4300

fl=c:\Users\Pedro\faculdade\IniciacaoCientifica\grn\.env\Lib\site-packages\numba\core\analysis.py
fn=<genexpr>:74
74 24400
cfl=~
cfn=<built-in method builtins.len>
calls=120 0
74 8500

fl=c:\Users\Pedro\faculdade\IniciacaoCientifica\grn\.env\Lib\site-packages\numba\core\analysis.py
fn=fix_point
76 22700
cfl=c:\Users\Pedro\faculdade\IniciacaoCientifica\grn\.env\Lib\site-packages\numba\core\analysis.py
cfn=fix_point_progress:71
calls=35 71
76 76900
cfl=c:\Users\Pedro\faculdade\IniciacaoCientifica\grn\.env\Lib\site-packages\numba\core\analysis.py
cfn=def_reach
calls=15 86
76 135400
cfl=c:\Users\Pedro\faculdade\IniciacaoCientifica\grn\.env\Lib\site-packages\numba\core\analysis.py
cfn=liveness
calls=10 96
76 61900

fl=c:\Users\Pedro\faculdade\IniciacaoCientifica\grn\.env\Lib\site-packages\numba\core\analysis.py
fn=def_reach
86 113900
cfl=c:\Users\Pedro\faculdade\IniciacaoCientifica\grn\.env\Lib\site-packages\numba\core\controlflow.py
cfn=successors
calls=120 125
86 21500

fl=c:\Users\Pedro\faculdade\IniciacaoCientifica\grn\.env\Lib\site-packages\numba\core\analysis.py
fn=liveness
96 48600
cfl=c:\Users\Pedro\faculdade\IniciacaoCientifica\grn\.env\Lib\site-packages\numba\core\controlflow.py
cfn=predecessors
calls=80 133
96 13300

fl=c:\Users\Pedro\faculdade\IniciacaoCientifica\grn\.env\Lib\site-packages\numba\core\analysis.py
fn=compute_dead_maps
125 164700
cfl=<string>
cfn=<lambda>:1
calls=5 1
125 3600
cfl=c:\Users\Pedro\faculdade\IniciacaoCientifica\grn\.env\Lib\site-packages\numba\core\analysis.py
cfn=<genexpr>:145
calls=40 145
125 16900
cfl=c:\Users\Pedro\faculdade\IniciacaoCientifica\grn\.env\Lib\site-packages\numba\core\analysis.py
cfn=<genexpr>:148
calls=30 148
125 3600
cfl=c:\Users\Pedro\faculdade\IniciacaoCientifica\grn\.env\Lib\site-packages\numba\core\analysis.py
cfn=<genexpr>:189
calls=25 189
125 11900
cfl=c:\Users\Pedro\faculdade\IniciacaoCientifica\grn\.env\Lib\site-packages\numba\core\ir.py
cfn=list_vars:354
calls=20 354
125 91400
cfl=c:\Users\Pedro\faculdade\IniciacaoCientifica\grn\.env\Lib\site-packages\numba\core\ir.py
cfn=terminator
calls=20 1336
125 3200
cfl=~
cfn=<built-in method _functools.reduce>
calls=40 0
125 32300
cfl=~
cfn=<method 'items' of 'dict' objects>
calls=25 0
125 3600
cfl=~
cfn=<method 'values' of 'dict' objects>
calls=40 0
125 5000

fl=c:\Users\Pedro\faculdade\IniciacaoCientifica\grn\.env\Lib\site-packages\numba\core\analysis.py
fn=<genexpr>:145
145 10200
cfl=c:\Users\Pedro\faculdade\IniciacaoCientifica\grn\.env\Lib\site-packages\numba\core\controlflow.py
cfn=successors
calls=40 125
145 6700

fl=c:\Users\Pedro\faculdade\IniciacaoCientifica\grn\.env\Lib\site-packages\numba\core\analysis.py
fn=<genexpr>:148
148 3600

fl=c:\Users\Pedro\faculdade\IniciacaoCientifica\grn\.env\Lib\site-packages\numba\core\analysis.py
fn=<genexpr>:189
189 11900

fl=c:\Users\Pedro\faculdade\IniciacaoCientifica\grn\.env\Lib\site-packages\numba\core\analysis.py
fn=compute_live_variables
197 74600
cfl=c:\Users\Pedro\faculdade\IniciacaoCientifica\grn\.env\Lib\site-packages\numba\core\analysis.py
cfn=fix_point_progress:207
calls=15 207
197 14700
cfl=c:\Users\Pedro\faculdade\IniciacaoCientifica\grn\.env\Lib\site-packages\numba\core\controlflow.py
cfn=successors
calls=80 125
197 12300
cfl=c:\Users\Pedro\faculdade\IniciacaoCientifica\grn\.env\Lib\site-packages\numba\core\controlflow.py
cfn=topo_order
calls=5 305
197 700

fl=c:\Users\Pedro\faculdade\IniciacaoCientifica\grn\.env\Lib\site-packages\numba\core\analysis.py
fn=fix_point_progress:207
207 12600
cfl=~
cfn=<method 'values' of 'dict' objects>
calls=15 0
207 2100

fl=c:\Users\Pedro\faculdade\IniciacaoCientifica\grn\.env\Lib\site-packages\numba\core\analysis.py
fn=compute_cfg_from_blocks
244 97000
cfl=c:\Users\Pedro\faculdade\IniciacaoCientifica\grn\.env\Lib\site-packages\numba\core\controlflow.py
cfn=__init__
calls=17 96
244 17400
cfl=c:\Users\Pedro\faculdade\IniciacaoCientifica\grn\.env\Lib\site-packages\numba\core\controlflow.py
cfn=add_node
calls=68 103
244 22600
cfl=c:\Users\Pedro\faculdade\IniciacaoCientifica\grn\.env\Lib\site-packages\numba\core\controlflow.py
cfn=add_edge
calls=68 110
244 80100
cfl=c:\Users\Pedro\faculdade\IniciacaoCientifica\grn\.env\Lib\site-packages\numba\core\controlflow.py
cfn=set_entry_point
calls=17 141
244 3400
cfl=c:\Users\Pedro\faculdade\IniciacaoCientifica\grn\.env\Lib\site-packages\numba\core\controlflow.py
cfn=process
calls=17 148
244 127900
cfl=c:\Users\Pedro\faculdade\IniciacaoCientifica\grn\.env\Lib\site-packages\numba\core\ir.py
cfn=get_targets:876
calls=17 876
244 1600
cfl=c:\Users\Pedro\faculdade\IniciacaoCientifica\grn\.env\Lib\site-packages\numba\core\ir.py
cfn=get_targets:893
calls=34 893
244 5400
cfl=c:\Users\Pedro\faculdade\IniciacaoCientifica\grn\.env\Lib\site-packages\numba\core\ir.py
cfn=get_targets:913
calls=17 913
244 4000
cfl=c:\Users\Pedro\faculdade\IniciacaoCientifica\grn\.env\Lib\site-packages\numba\core\ir.py
cfn=terminator
calls=68 1336
244 8500
cfl=~
cfn=<built-in method builtins.min>
calls=17 0
244 5300
cfl=~
cfn=<method 'items' of 'dict' objects>
calls=17 0
244 3100

fl=c:\Users\Pedro\faculdade\IniciacaoCientifica\grn\.env\Lib\site-packages\numba\core\analysis.py
fn=dead_branch_prune
300 77400
cfl=c:\Users\Pedro\faculdade\IniciacaoCientifica\grn\.env\Lib\site-packages\numba\core\analysis.py
cfn=compute_cfg_from_blocks
calls=3 244
300 68400
cfl=c:\Users\Pedro\faculdade\IniciacaoCientifica\grn\.env\Lib\site-packages\numba\core\analysis.py
cfn=find_branches
calls=3 313
300 20700
cfl=c:\Users\Pedro\faculdade\IniciacaoCientifica\grn\.env\Lib\site-packages\numba\core\controlflow.py
cfn=dead_nodes
calls=3 293
300 500
cfl=~
cfn=<built-in method builtins.__build_class__>
calls=3 0
300 33300
cfl=~
cfn=<built-in method builtins.isinstance>
calls=513 0
300 32400
cfl=~
cfn=<method 'items' of 'dict' objects>
calls=6 0
300 1200

fl=c:\Users\Pedro\faculdade\IniciacaoCientifica\grn\.env\Lib\site-packages\numba\core\analysis.py
fn=find_branches
313 9200
cfl=c:\Users\Pedro\faculdade\IniciacaoCientifica\grn\.env\Lib\site-packages\numba\core\ir_utils.py
cfn=guard
calls=3 1459
313 8600
cfl=~
cfn=<built-in method builtins.getattr>
calls=3 0
313 500
cfl=~
cfn=<built-in method builtins.isinstance>
calls=12 0
313 1800
cfl=~
cfn=<method 'values' of 'dict' objects>
calls=3 0
313 600

fl=c:\Users\Pedro\faculdade\IniciacaoCientifica\grn\.env\Lib\site-packages\numba\core\analysis.py
fn=Unknown
388 1600

fl=c:\Users\Pedro\faculdade\IniciacaoCientifica\grn\.env\Lib\site-packages\numba\core\analysis.py
fn=rewrite_semantic_constants
593 43600
cfl=c:\Users\Pedro\faculdade\IniciacaoCientifica\grn\.env\Lib\site-packages\numba\core\analysis.py
cfn=rewrite_array_ndim
calls=47 620
593 18500
cfl=c:\Users\Pedro\faculdade\IniciacaoCientifica\grn\.env\Lib\site-packages\numba\core\analysis.py
cfn=rewrite_tuple_len
calls=47 630
593 51100
cfl=~
cfn=<built-in method builtins.isinstance>
calls=171 0
593 11900
cfl=~
cfn=<method 'values' of 'dict' objects>
calls=1 0
593 200

fl=c:\Users\Pedro\faculdade\IniciacaoCientifica\grn\.env\Lib\site-packages\numba\core\analysis.py
fn=rewrite_array_ndim
620 11000
cfl=c:\Users\Pedro\faculdade\IniciacaoCientifica\grn\.env\Lib\site-packages\numba\core\ir.py
cfn=__getattr__
calls=11 387
620 4000
cfl=~
cfn=<built-in method builtins.getattr>
calls=47 0
620 3500

fl=c:\Users\Pedro\faculdade\IniciacaoCientifica\grn\.env\Lib\site-packages\numba\core\analysis.py
fn=rewrite_tuple_len
630 17600
cfl=c:\Users\Pedro\faculdade\IniciacaoCientifica\grn\.env\Lib\site-packages\numba\core\ir.py
cfn=__getattr__
calls=12 387
630 4200
cfl=c:\Users\Pedro\faculdade\IniciacaoCientifica\grn\.env\Lib\site-packages\numba\core\ir_utils.py
cfn=guard
calls=12 1459
630 22800
cfl=~
cfn=<built-in method builtins.getattr>
calls=49 0
630 3900
cfl=~
cfn=<built-in method builtins.isinstance>
calls=13 0
630 2600

fl=c:\Users\Pedro\faculdade\IniciacaoCientifica\grn\.env\Lib\site-packages\numba\core\analysis.py
fn=find_literally_calls
664 15900
cfl=<frozen importlib._bootstrap>
cfn=_handle_fromlist
calls=1 1401
664 1000
cfl=c:\Users\Pedro\faculdade\IniciacaoCientifica\grn\.env\Lib\site-packages\numba\core\ir.py
cfn=__getattr__
calls=11 387
664 3500
cfl=c:\Users\Pedro\faculdade\IniciacaoCientifica\grn\.env\Lib\site-packages\numba\core\ir.py
cfn=find_exprs
calls=15 1282
664 29100
cfl=c:\Users\Pedro\faculdade\IniciacaoCientifica\grn\.env\Lib\site-packages\numba\core\ir_utils.py
cfn=guard
calls=20 1459
664 63400
cfl=~
cfn=<built-in method builtins.isinstance>
calls=11 0
664 1300
cfl=~
cfn=<method 'values' of 'dict' objects>
calls=1 0
664 100

fl=c:\Users\Pedro\faculdade\IniciacaoCientifica\grn\.env\Lib\site-packages\numba\core\base.py
fn=refresh
261 4400
cfl=c:\Users\Pedro\faculdade\IniciacaoCientifica\grn\.env\Lib\site-packages\numba\core\base.py
cfn=install_registry
calls=1 352
261 7100
cfl=c:\Users\Pedro\faculdade\IniciacaoCientifica\grn\.env\Lib\site-packages\numba\core\cpu.py
cfn=load_additional_registries
calls=1 102
261 128400
cfl=c:\Users\Pedro\faculdade\IniciacaoCientifica\grn\.env\Lib\site-packages\numba\core\typing\context.py
cfn=refresh
calls=1 232
261 60200

fl=c:\Users\Pedro\faculdade\IniciacaoCientifica\grn\.env\Lib\site-packages\numba\core\base.py
fn=subtarget
341 3600
cfl=C:\Users\Pedro\AppData\Local\Python\pythoncore-3.14-64\Lib\copy.py
cfn=copy
calls=1 62
341 16900
cfl=c:\Users\Pedro\faculdade\IniciacaoCientifica\grn\.env\Lib\site-packages\numba\core\cpu.py
cfn=codegen
calls=2 157
341 600
cfl=~
cfn=<built-in method builtins.hasattr>
calls=3 0
341 700
cfl=~
cfn=<built-in method builtins.setattr>
calls=3 0
341 500
cfl=~
cfn=<method 'items' of 'dict' objects>
calls=1 0
341 200

fl=c:\Users\Pedro\faculdade\IniciacaoCientifica\grn\.env\Lib\site-packages\numba\core\base.py
fn=install_registry
352 15300
cfl=c:\Users\Pedro\faculdade\IniciacaoCientifica\grn\.env\Lib\site-packages\numba\core\base.py
cfn=insert_func_defn
calls=8 368
352 13300
cfl=c:\Users\Pedro\faculdade\IniciacaoCientifica\grn\.env\Lib\site-packages\numba\core\base.py
cfn=_insert_getattr_defn
calls=8 372
352 10500
cfl=c:\Users\Pedro\faculdade\IniciacaoCientifica\grn\.env\Lib\site-packages\numba\core\base.py
cfn=_insert_setattr_defn
calls=8 376
352 10000
cfl=c:\Users\Pedro\faculdade\IniciacaoCientifica\grn\.env\Lib\site-packages\numba\core\base.py
cfn=_insert_cast_defn
calls=8 380
352 9600
cfl=c:\Users\Pedro\faculdade\IniciacaoCientifica\grn\.env\Lib\site-packages\numba\core\base.py
cfn=_insert_get_constant_defn
calls=8 384
352 9900

fl=c:\Users\Pedro\faculdade\IniciacaoCientifica\grn\.env\Lib\site-packages\numba\core\base.py
fn=insert_func_defn
368 1900
cfl=c:\Users\Pedro\faculdade\IniciacaoCientifica\grn\.env\Lib\site-packages\numba\core\typing\templates.py
cfn=new_registrations
calls=8 1322
368 11400

fl=c:\Users\Pedro\faculdade\IniciacaoCientifica\grn\.env\Lib\site-packages\numba\core\base.py
fn=_insert_getattr_defn
372 1400
cfl=c:\Users\Pedro\faculdade\IniciacaoCientifica\grn\.env\Lib\site-packages\numba\core\typing\templates.py
cfn=new_registrations
calls=8 1322
372 9100

fl=c:\Users\Pedro\faculdade\IniciacaoCientifica\grn\.env\Lib\site-packages\numba\core\base.py
fn=_insert_setattr_defn
376 1200
cfl=c:\Users\Pedro\faculdade\IniciacaoCientifica\grn\.env\Lib\site-packages\numba\core\typing\templates.py
cfn=new_registrations
calls=8 1322
376 8800

fl=c:\Users\Pedro\faculdade\IniciacaoCientifica\grn\.env\Lib\site-packages\numba\core\base.py
fn=_insert_cast_defn
380 1200
cfl=c:\Users\Pedro\faculdade\IniciacaoCientifica\grn\.env\Lib\site-packages\numba\core\typing\templates.py
cfn=new_registrations
calls=8 1322
380 8400

fl=c:\Users\Pedro\faculdade\IniciacaoCientifica\grn\.env\Lib\site-packages\numba\core\base.py
fn=_insert_get_constant_defn
384 1400
cfl=c:\Users\Pedro\faculdade\IniciacaoCientifica\grn\.env\Lib\site-packages\numba\core\typing\templates.py
cfn=new_registrations
calls=8 1322
384 8500

fl=c:\Users\Pedro\faculdade\IniciacaoCientifica\grn\.env\Lib\site-packages\numba\core\bytecode.py
fn=get_function_object
33 500
cfl=~
cfn=<built-in method builtins.getattr>
calls=1 0
33 300

fl=c:\Users\Pedro\faculdade\IniciacaoCientifica\grn\.env\Lib\site-packages\numba\core\bytecode.py
fn=get_code_object
45 400
cfl=~
cfn=<built-in method builtins.getattr>
calls=2 0
45 700

fl=c:\Users\Pedro\faculdade\IniciacaoCientifica\grn\.env\Lib\site-packages\numba\core\bytecode.py
fn=__init__:82
82 11800

fl=c:\Users\Pedro\faculdade\IniciacaoCientifica\grn\.env\Lib\site-packages\numba\core\bytecode.py
fn=is_jump
90 1600

fl=c:\Users\Pedro\faculdade\IniciacaoCientifica\grn\.env\Lib\site-packages\numba\core\bytecode.py
fn=get_jump_target
98 11600
cfl=c:\Users\Pedro\faculdade\IniciacaoCientifica\grn\.env\Lib\site-packages\numba\core\bytecode.py
cfn=is_jump
calls=4 90
98 1600
cfl=c:\Users\Pedro\faculdade\IniciacaoCientifica\grn\.env\Lib\site-packages\numba\core\bytecode.py
cfn=<genexpr>:109
calls=10 109
98 3100

fl=c:\Users\Pedro\faculdade\IniciacaoCientifica\grn\.env\Lib\site-packages\numba\core\bytecode.py
fn=<genexpr>:109
109 3100

fl=c:\Users\Pedro\faculdade\IniciacaoCientifica\grn\.env\Lib\site-packages\numba\core\bytecode.py
fn=_unpack_opargs
164 65400
cfl=C:\Users\Pedro\AppData\Local\Python\pythoncore-3.14-64\Lib\dis.py
cfn=_unpack_opargs
calls=120 934
164 117400
cfl=~
cfn=<built-in method builtins.len>
calls=120 0
164 8200
cfl=~
cfn=<method 'append' of 'list' objects>
calls=119 0
164 13000

fl=c:\Users\Pedro\faculdade\IniciacaoCientifica\grn\.env\Lib\site-packages\numba\core\bytecode.py
fn=_patched_opargs
239 28900
cfl=c:\Users\Pedro\faculdade\IniciacaoCientifica\grn\.env\Lib\site-packages\numba\core\bytecode.py
cfn=_unpack_opargs
calls=120 164
239 204000

fl=c:\Users\Pedro\faculdade\IniciacaoCientifica\grn\.env\Lib\site-packages\numba\core\bytecode.py
fn=__init__:255
255 1100
cfl=~
cfn=<built-in method builtins.iter>
calls=1 0
255 100

fl=c:\Users\Pedro\faculdade\IniciacaoCientifica\grn\.env\Lib\site-packages\numba\core\bytecode.py
fn=__iter__
259 100

fl=c:\Users\Pedro\faculdade\IniciacaoCientifica\grn\.env\Lib\site-packages\numba\core\bytecode.py
fn=_fetch_opcode
262 18300
cfl=~
cfn=<built-in method builtins.next>
calls=121 0
262 254300

fl=c:\Users\Pedro\faculdade\IniciacaoCientifica\grn\.env\Lib\site-packages\numba\core\bytecode.py
fn=next
265 69900
cfl=c:\Users\Pedro\faculdade\IniciacaoCientifica\grn\.env\Lib\site-packages\numba\core\bytecode.py
cfn=__init__:82
calls=120 82
265 11800
cfl=c:\Users\Pedro\faculdade\IniciacaoCientifica\grn\.env\Lib\site-packages\numba\core\bytecode.py
cfn=_fetch_opcode
calls=121 262
265 272600

fl=c:\Users\Pedro\faculdade\IniciacaoCientifica\grn\.env\Lib\site-packages\numba\core\bytecode.py
fn=__init__:288
288 48800
cfl=C:\Users\Pedro\AppData\Local\Python\pythoncore-3.14-64\Lib\dis.py
cfn=findlabels
calls=1 965
288 241600
cfl=c:\Users\Pedro\faculdade\IniciacaoCientifica\grn\.env\Lib\site-packages\numba\core\bytecode.py
cfn=__init__:255
calls=1 255
288 1200
cfl=c:\Users\Pedro\faculdade\IniciacaoCientifica\grn\.env\Lib\site-packages\numba\core\bytecode.py
cfn=__iter__
calls=1 259
288 100
cfl=c:\Users\Pedro\faculdade\IniciacaoCientifica\grn\.env\Lib\site-packages\numba\core\bytecode.py
cfn=next
calls=121 265
288 354300
cfl=c:\Users\Pedro\faculdade\IniciacaoCientifica\grn\.env\Lib\site-packages\numba\core\bytecode.py
cfn=<genexpr>:291
calls=3 291
288 800
cfl=c:\Users\Pedro\faculdade\IniciacaoCientifica\grn\.env\Lib\site-packages\numba\core\bytecode.py
cfn=_compute_lineno
calls=1 308
288 18900
cfl=~
cfn=<built-in method builtins.sorted>
calls=1 0
288 1400
cfl=~
cfn=<method 'add' of 'set' objects>
calls=1 0
288 200

fl=c:\Users\Pedro\faculdade\IniciacaoCientifica\grn\.env\Lib\site-packages\numba\core\bytecode.py
fn=<genexpr>:291
291 800

fl=c:\Users\Pedro\faculdade\IniciacaoCientifica\grn\.env\Lib\site-packages\numba\core\bytecode.py
fn=_compute_lineno
308 11800
cfl=C:\Users\Pedro\AppData\Local\Python\pythoncore-3.14-64\Lib\dis.py
cfn=findlinestarts
calls=13 981
308 6800
cfl=~
cfn=<method 'values' of 'collections.OrderedDict' objects>
calls=1 0
308 300

fl=c:\Users\Pedro\faculdade\IniciacaoCientifica\grn\.env\Lib\site-packages\numba\core\bytecode.py
fn=__getitem__
330 54700

fl=c:\Users\Pedro\faculdade\IniciacaoCientifica\grn\.env\Lib\site-packages\numba\core\bytecode.py
fn=__init__:396
396 6300
cfl=C:\Users\Pedro\AppData\Local\Python\pythoncore-3.14-64\Lib\dis.py
cfn=__init__
calls=1 1042
396 16300
cfl=c:\Users\Pedro\faculdade\IniciacaoCientifica\grn\.env\Lib\site-packages\numba\core\bytecode.py
cfn=__init__:288
calls=1 288
396 667300

fl=c:\Users\Pedro\faculdade\IniciacaoCientifica\grn\.env\Lib\site-packages\numba\core\bytecode.py
fn=find_exception_entry
412 11800

fl=c:\Users\Pedro\faculdade\IniciacaoCientifica\grn\.env\Lib\site-packages\numba\core\bytecode.py
fn=__init__:427
427 8700
cfl=C:\Users\Pedro\AppData\Local\Python\pythoncore-3.14-64\Lib\dis.py
cfn=__init__
calls=1 1042
427 8500
cfl=c:\Users\Pedro\faculdade\IniciacaoCientifica\grn\.env\Lib\site-packages\numba\core\bytecode.py
cfn=__init__:396
calls=1 396
427 689900
cfl=c:\Users\Pedro\faculdade\IniciacaoCientifica\grn\.env\Lib\site-packages\numba\core\bytecode.py
cfn=remove_build_list_swap_pattern
calls=1 460
427 2500

fl=c:\Users\Pedro\faculdade\IniciacaoCientifica\grn\.env\Lib\site-packages\numba\core\bytecode.py
fn=remove_build_list_swap_pattern
460 2200
cfl=~
cfn=<method 'copy' of 'list' objects>
calls=1 0
460 300

fl=c:\Users\Pedro\faculdade\IniciacaoCientifica\grn\.env\Lib\site-packages\numba\core\bytecode.py
fn=from_function
630 15900
cfl=C:\Users\Pedro\AppData\Local\Python\pythoncore-3.14-64\Lib\inspect.py
cfn=isgeneratorfunction
calls=1 298
630 7200
cfl=C:\Users\Pedro\AppData\Local\Python\pythoncore-3.14-64\Lib\inspect.py
cfn=getmodule
calls=1 898
630 3400
cfl=C:\Users\Pedro\AppData\Local\Python\pythoncore-3.14-64\Lib\inspect.py
cfn=parameters
calls=2 3042
630 200
cfl=C:\Users\Pedro\AppData\Local\Python\pythoncore-3.14-64\Lib\inspect.py
cfn=signature
calls=1 3319
630 83200
cfl=c:\Users\Pedro\faculdade\IniciacaoCientifica\grn\.env\Lib\site-packages\numba\core\bytecode.py
cfn=get_function_object
calls=1 33
630 800
cfl=c:\Users\Pedro\faculdade\IniciacaoCientifica\grn\.env\Lib\site-packages\numba\core\bytecode.py
cfn=get_code_object
calls=1 45
630 1100
cfl=~
cfn=<built-in method builtins.len>
calls=1 0
630 300
cfl=~
cfn=<built-in method builtins.next>
calls=1 0
630 200
cfl=~
cfn=<method 'format' of 'str' objects>
calls=1 0
630 900
cfl=~
cfn=<method 'split' of 'str' objects>
calls=1 0
630 500

fl=c:\Users\Pedro\faculdade\IniciacaoCientifica\grn\.env\Lib\site-packages\numba\core\byteflow.py
fn=__init__:52
52 10600

fl=c:\Users\Pedro\faculdade\IniciacaoCientifica\grn\.env\Lib\site-packages\numba\core\byteflow.py
fn=__init__:80
80 3000
cfl=C:\Users\Pedro\AppData\Local\Python\pythoncore-3.14-64\Lib\logging\__init__.py
cfn=debug
calls=1 1498
80 5700
cfl=c:\Users\Pedro\faculdade\IniciacaoCientifica\grn\.env\Lib\site-packages\numba\core\utils.py
cfn=__init__:767
calls=1 767
80 500

fl=c:\Users\Pedro\faculdade\IniciacaoCientifica\grn\.env\Lib\site-packages\numba\core\byteflow.py
fn=run
86 117800
cfl=C:\Users\Pedro\AppData\Local\Python\pythoncore-3.14-64\Lib\logging\__init__.py
cfn=debug
calls=21 1498
86 7100
cfl=c:\Users\Pedro\faculdade\IniciacaoCientifica\grn\.env\Lib\site-packages\numba\core\byteflow.py
cfn=_run_handle_exception
calls=117 145
86 312000
cfl=c:\Users\Pedro\faculdade\IniciacaoCientifica\grn\.env\Lib\site-packages\numba\core\byteflow.py
cfn=_build_cfg
calls=1 197
86 31900
cfl=c:\Users\Pedro\faculdade\IniciacaoCientifica\grn\.env\Lib\site-packages\numba\core\byteflow.py
cfn=_prune_phis
calls=1 209
86 78400
cfl=c:\Users\Pedro\faculdade\IniciacaoCientifica\grn\.env\Lib\site-packages\numba\core\byteflow.py
cfn=_is_implicit_new_block
calls=117 286
86 60400
cfl=c:\Users\Pedro\faculdade\IniciacaoCientifica\grn\.env\Lib\site-packages\numba\core\byteflow.py
cfn=_guard_with_as
calls=1 297
86 100
cfl=c:\Users\Pedro\faculdade\IniciacaoCientifica\grn\.env\Lib\site-packages\numba\core\byteflow.py
cfn=__init__:324
calls=1 324
86 700
cfl=c:\Users\Pedro\faculdade\IniciacaoCientifica\grn\.env\Lib\site-packages\numba\core\byteflow.py
cfn=dispatch
calls=120 332
86 1038500
cfl=c:\Users\Pedro\faculdade\IniciacaoCientifica\grn\.env\Lib\site-packages\numba\core\byteflow.py
cfn=__hash__
calls=5 2036
86 4300
cfl=c:\Users\Pedro\faculdade\IniciacaoCientifica\grn\.env\Lib\site-packages\numba\core\byteflow.py
cfn=__eq__
calls=1 2042
86 900
cfl=c:\Users\Pedro\faculdade\IniciacaoCientifica\grn\.env\Lib\site-packages\numba\core\byteflow.py
cfn=pc_initial
calls=8 2045
86 600
cfl=c:\Users\Pedro\faculdade\IniciacaoCientifica\grn\.env\Lib\site-packages\numba\core\byteflow.py
cfn=outgoing_edges
calls=4 2059
86 300
cfl=c:\Users\Pedro\faculdade\IniciacaoCientifica\grn\.env\Lib\site-packages\numba\core\byteflow.py
cfn=has_terminated
calls=120 2101
86 11400
cfl=c:\Users\Pedro\faculdade\IniciacaoCientifica\grn\.env\Lib\site-packages\numba\core\byteflow.py
cfn=split_new_block
calls=1 2271
86 9100
cfl=c:\Users\Pedro\faculdade\IniciacaoCientifica\grn\.env\Lib\site-packages\numba\core\byteflow.py
cfn=get_outgoing_states
calls=4 2276
86 54000
cfl=c:\Users\Pedro\faculdade\IniciacaoCientifica\grn\.env\Lib\site-packages\numba\core\byteflow.py
cfn=__init__:2338
calls=1 2338
86 8000
cfl=c:\Users\Pedro\faculdade\IniciacaoCientifica\grn\.env\Lib\site-packages\numba\core\byteflow.py
cfn=adapt_state_infos
calls=4 2380
86 64500
cfl=c:\Users\Pedro\faculdade\IniciacaoCientifica\grn\.env\Lib\site-packages\numba\core\utils.py
cfn=__setitem__
calls=8 445
86 6000
cfl=~
cfn=<built-in method builtins.sorted>
calls=1 0
86 3200
cfl=~
cfn=<method 'add' of 'set' objects>
calls=4 0
86 5000
cfl=~
cfn=<method 'append' of 'collections.deque' objects>
calls=1 0
86 100
cfl=~
cfn=<method 'extend' of 'collections.deque' objects>
calls=4 0
86 1400
cfl=~
cfn=<method 'popleft' of 'collections.deque' objects>
calls=5 0
86 600

fl=c:\Users\Pedro\faculdade\IniciacaoCientifica\grn\.env\Lib\site-packages\numba\core\byteflow.py
fn=<lambda>
140 900
cfl=c:\Users\Pedro\faculdade\IniciacaoCientifica\grn\.env\Lib\site-packages\numba\core\byteflow.py
cfn=pc_initial
calls=4 2045
140 500

fl=c:\Users\Pedro\faculdade\IniciacaoCientifica\grn\.env\Lib\site-packages\numba\core\byteflow.py
fn=_run_handle_exception
145 101000
cfl=c:\Users\Pedro\faculdade\IniciacaoCientifica\grn\.env\Lib\site-packages\numba\core\byteflow.py
cfn=advance_pc
calls=117 2107
145 56000
cfl=c:\Users\Pedro\faculdade\IniciacaoCientifica\grn\.env\Lib\site-packages\numba\core\byteflow.py
cfn=has_active_try
calls=117 2214
145 94300
cfl=c:\Users\Pedro\faculdade\IniciacaoCientifica\grn\.env\Lib\site-packages\numba\core\byteflow.py
cfn=is_in_exception
calls=117 2320
145 38300
cfl=c:\Users\Pedro\faculdade\IniciacaoCientifica\grn\.env\Lib\site-packages\numba\core\byteflow.py
cfn=in_with
calls=234 2328
145 22400

fl=c:\Users\Pedro\faculdade\IniciacaoCientifica\grn\.env\Lib\site-packages\numba\core\byteflow.py
fn=_build_cfg
197 9000
cfl=c:\Users\Pedro\faculdade\IniciacaoCientifica\grn\.env\Lib\site-packages\numba\core\byteflow.py
cfn=pc_initial
calls=8 2045
197 500
cfl=c:\Users\Pedro\faculdade\IniciacaoCientifica\grn\.env\Lib\site-packages\numba\core\byteflow.py
cfn=outgoing_edges
calls=4 2059
197 300
cfl=c:\Users\Pedro\faculdade\IniciacaoCientifica\grn\.env\Lib\site-packages\numba\core\controlflow.py
cfn=__init__
calls=1 96
197 1300
cfl=c:\Users\Pedro\faculdade\IniciacaoCientifica\grn\.env\Lib\site-packages\numba\core\controlflow.py
cfn=add_node
calls=4 103
197 1500
cfl=c:\Users\Pedro\faculdade\IniciacaoCientifica\grn\.env\Lib\site-packages\numba\core\controlflow.py
cfn=add_edge
calls=4 110
197 8600
cfl=c:\Users\Pedro\faculdade\IniciacaoCientifica\grn\.env\Lib\site-packages\numba\core\controlflow.py
cfn=set_entry_point
calls=1 141
197 200
cfl=c:\Users\Pedro\faculdade\IniciacaoCientifica\grn\.env\Lib\site-packages\numba\core\controlflow.py
cfn=process
calls=1 148
197 10500

fl=c:\Users\Pedro\faculdade\IniciacaoCientifica\grn\.env\Lib\site-packages\numba\core\byteflow.py
fn=_prune_phis
209 10900
cfl=C:\Users\Pedro\AppData\Local\Python\pythoncore-3.14-64\Lib\logging\__init__.py
cfn=debug
calls=3 1498
209 800
cfl=c:\Users\Pedro\faculdade\IniciacaoCientifica\grn\.env\Lib\site-packages\numba\core\byteflow.py
cfn=get_used_phis_per_state
calls=1 217
209 14600
cfl=c:\Users\Pedro\faculdade\IniciacaoCientifica\grn\.env\Lib\site-packages\numba\core\byteflow.py
cfn=find_use_defs
calls=1 228
209 11900
cfl=c:\Users\Pedro\faculdade\IniciacaoCientifica\grn\.env\Lib\site-packages\numba\core\byteflow.py
cfn=propagate_phi_map
calls=1 241
209 25300
cfl=c:\Users\Pedro\faculdade\IniciacaoCientifica\grn\.env\Lib\site-packages\numba\core\byteflow.py
cfn=apply_changes
calls=1 263
209 13900
cfl=c:\Users\Pedro\faculdade\IniciacaoCientifica\grn\.env\Lib\site-packages\numba\core\utils.py
cfn=__init__:767
calls=1 767
209 400
cfl=~
cfn=<method 'center' of 'str' objects>
calls=2 0
209 600

fl=c:\Users\Pedro\faculdade\IniciacaoCientifica\grn\.env\Lib\site-packages\numba\core\byteflow.py
fn=get_used_phis_per_state
217 8700
cfl=c:\Users\Pedro\faculdade\IniciacaoCientifica\grn\.env\Lib\site-packages\numba\core\byteflow.py
cfn=__hash__
calls=12 2036
217 5900

fl=c:\Users\Pedro\faculdade\IniciacaoCientifica\grn\.env\Lib\site-packages\numba\core\byteflow.py
fn=find_use_defs
228 6500
cfl=C:\Users\Pedro\AppData\Local\Python\pythoncore-3.14-64\Lib\logging\__init__.py
cfn=debug
calls=2 1498
228 600
cfl=c:\Users\Pedro\faculdade\IniciacaoCientifica\grn\.env\Lib\site-packages\numba\core\utils.py
cfn=__init__:767
calls=2 767
228 200
cfl=~
cfn=<method 'add' of 'set' objects>
calls=6 0
228 4100
cfl=~
cfn=<method 'items' of 'dict' objects>
calls=4 0
228 500

fl=c:\Users\Pedro\faculdade\IniciacaoCientifica\grn\.env\Lib\site-packages\numba\core\byteflow.py
fn=propagate_phi_map
241 16500
cfl=C:\Users\Pedro\AppData\Local\Python\pythoncore-3.14-64\Lib\logging\__init__.py
cfn=debug
calls=3 1498
241 900
cfl=c:\Users\Pedro\faculdade\IniciacaoCientifica\grn\.env\Lib\site-packages\numba\core\utils.py
cfn=__init__:767
calls=3 767
241 300
cfl=~
cfn=<built-in method builtins.sorted>
calls=18 0
241 3600
cfl=~
cfn=<method 'add' of 'set' objects>
calls=5 0
241 3600
cfl=~
cfn=<method 'items' of 'dict' objects>
calls=3 0
241 400

fl=c:\Users\Pedro\faculdade\IniciacaoCientifica\grn\.env\Lib\site-packages\numba\core\byteflow.py
fn=apply_changes
263 7400
cfl=C:\Users\Pedro\AppData\Local\Python\pythoncore-3.14-64\Lib\logging\__init__.py
cfn=debug
calls=2 1498
263 500
cfl=c:\Users\Pedro\faculdade\IniciacaoCientifica\grn\.env\Lib\site-packages\numba\core\byteflow.py
cfn=__hash__
calls=10 2036
263 4300
cfl=c:\Users\Pedro\faculdade\IniciacaoCientifica\grn\.env\Lib\site-packages\numba\core\utils.py
cfn=__init__:767
calls=2 767
263 200
cfl=~
cfn=<method 'clear' of 'dict' objects>
calls=4 0
263 800
cfl=~
cfn=<method 'items' of 'dict' objects>
calls=1 0
263 100
cfl=~
cfn=<method 'update' of 'dict' objects>
calls=4 0
263 600

fl=c:\Users\Pedro\faculdade\IniciacaoCientifica\grn\.env\Lib\site-packages\numba\core\byteflow.py
fn=_is_implicit_new_block
286 31000
cfl=c:\Users\Pedro\faculdade\IniciacaoCientifica\grn\.env\Lib\site-packages\numba\core\byteflow.py
cfn=get_inst
calls=117 2104
286 29400

fl=c:\Users\Pedro\faculdade\IniciacaoCientifica\grn\.env\Lib\site-packages\numba\core\byteflow.py
fn=_guard_with_as
297 100

fl=c:\Users\Pedro\faculdade\IniciacaoCientifica\grn\.env\Lib\site-packages\numba\core\byteflow.py
fn=_is_null_temp_reg
317 4300
cfl=~
cfn=<method 'startswith' of 'str' objects>
calls=17 0
317 2400

fl=c:\Users\Pedro\faculdade\IniciacaoCientifica\grn\.env\Lib\site-packages\numba\core\byteflow.py
fn=__init__:324
324 700

fl=c:\Users\Pedro\faculdade\IniciacaoCientifica\grn\.env\Lib\site-packages\numba\core\byteflow.py
fn=dispatch
332 171100
cfl=C:\Users\Pedro\AppData\Local\Python\pythoncore-3.14-64\Lib\logging\__init__.py
cfn=debug
calls=240 1498
332 70700
cfl=c:\Users\Pedro\faculdade\IniciacaoCientifica\grn\.env\Lib\site-packages\numba\core\byteflow.py
cfn=op_NOP
calls=1 379
332 4300
cfl=c:\Users\Pedro\faculdade\IniciacaoCientifica\grn\.env\Lib\site-packages\numba\core\byteflow.py
cfn=op_RESUME
calls=1 390
332 1800
cfl=c:\Users\Pedro\faculdade\IniciacaoCientifica\grn\.env\Lib\site-packages\numba\core\byteflow.py
cfn=op_PUSH_NULL
calls=9 399
332 34700
cfl=c:\Users\Pedro\faculdade\IniciacaoCientifica\grn\.env\Lib\site-packages\numba\core\byteflow.py
cfn=op_POP_TOP
calls=1 463
332 600
cfl=c:\Users\Pedro\faculdade\IniciacaoCientifica\grn\.env\Lib\site-packages\numba\core\byteflow.py
cfn=op_LOAD_GLOBAL
calls=13 486
332 85200
cfl=c:\Users\Pedro\faculdade\IniciacaoCientifica\grn\.env\Lib\site-packages\numba\core\byteflow.py
cfn=op_LOAD_CONST
calls=2 523
332 7300
cfl=c:\Users\Pedro\faculdade\IniciacaoCientifica\grn\.env\Lib\site-packages\numba\core\byteflow.py
cfn=op_LOAD_SMALL_INT
calls=13 531
332 53900
cfl=c:\Users\Pedro\faculdade\IniciacaoCientifica\grn\.env\Lib\site-packages\numba\core\byteflow.py
cfn=op_LOAD_ATTR
calls=11 541
332 61500
cfl=c:\Users\Pedro\faculdade\IniciacaoCientifica\grn\.env\Lib\site-packages\numba\core\byteflow.py
cfn=op_LOAD_FAST
calls=16 558
332 66400
cfl=c:\Users\Pedro\faculdade\IniciacaoCientifica\grn\.env\Lib\site-packages\numba\core\byteflow.py
cfn=op_LOAD_FAST_LOAD_FAST
calls=10 587
332 64400
cfl=c:\Users\Pedro\faculdade\IniciacaoCientifica\grn\.env\Lib\site-packages\numba\core\byteflow.py
cfn=op_STORE_FAST
calls=8 652
332 18100
cfl=c:\Users\Pedro\faculdade\IniciacaoCientifica\grn\.env\Lib\site-packages\numba\core\byteflow.py
cfn=op_JUMP_BACKWARD
calls=1 983
332 9300
cfl=c:\Users\Pedro\faculdade\IniciacaoCientifica\grn\.env\Lib\site-packages\numba\core\byteflow.py
cfn=op_RETURN_VALUE
calls=1 1000
332 6000
cfl=c:\Users\Pedro\faculdade\IniciacaoCientifica\grn\.env\Lib\site-packages\numba\core\byteflow.py
cfn=op_END_FOR
calls=1 1077
332 600
cfl=c:\Users\Pedro\faculdade\IniciacaoCientifica\grn\.env\Lib\site-packages\numba\core\byteflow.py
cfn=op_STORE_SUBSCR
calls=1 1246
332 4000
cfl=c:\Users\Pedro\faculdade\IniciacaoCientifica\grn\.env\Lib\site-packages\numba\core\byteflow.py
cfn=op_CALL
calls=9 1257
332 111800
cfl=c:\Users\Pedro\faculdade\IniciacaoCientifica\grn\.env\Lib\site-packages\numba\core\byteflow.py
cfn=op_CALL_KW
calls=2 1304
332 22500
cfl=c:\Users\Pedro\faculdade\IniciacaoCientifica\grn\.env\Lib\site-packages\numba\core\byteflow.py
cfn=op_BUILD_LIST
calls=4 1522
332 35000
cfl=c:\Users\Pedro\faculdade\IniciacaoCientifica\grn\.env\Lib\site-packages\numba\core\byteflow.py
cfn=op_GET_ITER
calls=1 1602
332 6200
cfl=c:\Users\Pedro\faculdade\IniciacaoCientifica\grn\.env\Lib\site-packages\numba\core\byteflow.py
cfn=op_FOR_ITER
calls=1 1608
332 29000
cfl=c:\Users\Pedro\faculdade\IniciacaoCientifica\grn\.env\Lib\site-packages\numba\core\byteflow.py
cfn=op_BINARY_OP
calls=14 1639
332 94500
cfl=c:\Users\Pedro\faculdade\IniciacaoCientifica\grn\.env\Lib\site-packages\numba\core\byteflow.py
cfn=get_inst
calls=120 2104
332 30600
cfl=~
cfn=<built-in method builtins.getattr>
calls=120 0
332 25800
cfl=~
cfn=<method 'format' of 'str' objects>
calls=120 0
332 23200

fl=c:\Users\Pedro\faculdade\IniciacaoCientifica\grn\.env\Lib\site-packages\numba\core\byteflow.py
fn=op_NOP
379 900
cfl=c:\Users\Pedro\faculdade\IniciacaoCientifica\grn\.env\Lib\site-packages\numba\core\byteflow.py
cfn=append
calls=1 2129
379 3400

fl=c:\Users\Pedro\faculdade\IniciacaoCientifica\grn\.env\Lib\site-packages\numba\core\byteflow.py
fn=op_RESUME
390 200
cfl=c:\Users\Pedro\faculdade\IniciacaoCientifica\grn\.env\Lib\site-packages\numba\core\byteflow.py
cfn=append
calls=1 2129
390 1600

fl=c:\Users\Pedro\faculdade\IniciacaoCientifica\grn\.env\Lib\site-packages\numba\core\byteflow.py
fn=op_PUSH_NULL
399 6900
cfl=c:\Users\Pedro\faculdade\IniciacaoCientifica\grn\.env\Lib\site-packages\numba\core\byteflow.py
cfn=append
calls=9 2129
399 9600
cfl=c:\Users\Pedro\faculdade\IniciacaoCientifica\grn\.env\Lib\site-packages\numba\core\byteflow.py
cfn=push
calls=9 2142
399 2400
cfl=c:\Users\Pedro\faculdade\IniciacaoCientifica\grn\.env\Lib\site-packages\numba\core\byteflow.py
cfn=make_null
calls=9 2333
399 15800

fl=c:\Users\Pedro\faculdade\IniciacaoCientifica\grn\.env\Lib\site-packages\numba\core\byteflow.py
fn=op_POP_TOP
463 200
cfl=c:\Users\Pedro\faculdade\IniciacaoCientifica\grn\.env\Lib\site-packages\numba\core\byteflow.py
cfn=pop
calls=1 2146
463 400

fl=c:\Users\Pedro\faculdade\IniciacaoCientifica\grn\.env\Lib\site-packages\numba\core\byteflow.py
fn=op_LOAD_GLOBAL
486 14900
cfl=c:\Users\Pedro\faculdade\IniciacaoCientifica\grn\.env\Lib\site-packages\numba\core\byteflow.py
cfn=make_temp
calls=13 2111
486 30500
cfl=c:\Users\Pedro\faculdade\IniciacaoCientifica\grn\.env\Lib\site-packages\numba\core\byteflow.py
cfn=append
calls=13 2129
486 31700
cfl=c:\Users\Pedro\faculdade\IniciacaoCientifica\grn\.env\Lib\site-packages\numba\core\byteflow.py
cfn=push
calls=15 2142
486 4800
cfl=c:\Users\Pedro\faculdade\IniciacaoCientifica\grn\.env\Lib\site-packages\numba\core\byteflow.py
cfn=make_null
calls=2 2333
486 3300

fl=c:\Users\Pedro\faculdade\IniciacaoCientifica\grn\.env\Lib\site-packages\numba\core\byteflow.py
fn=op_LOAD_CONST
523 1900
cfl=c:\Users\Pedro\faculdade\IniciacaoCientifica\grn\.env\Lib\site-packages\numba\core\byteflow.py
cfn=make_temp
calls=2 2111
523 2200
cfl=c:\Users\Pedro\faculdade\IniciacaoCientifica\grn\.env\Lib\site-packages\numba\core\byteflow.py
cfn=append
calls=2 2129
523 2700
cfl=c:\Users\Pedro\faculdade\IniciacaoCientifica\grn\.env\Lib\site-packages\numba\core\byteflow.py
cfn=push
calls=2 2142
523 500

fl=c:\Users\Pedro\faculdade\IniciacaoCientifica\grn\.env\Lib\site-packages\numba\core\byteflow.py
fn=op_LOAD_SMALL_INT
531 14900
cfl=c:\Users\Pedro\faculdade\IniciacaoCientifica\grn\.env\Lib\site-packages\numba\core\byteflow.py
cfn=make_temp
calls=13 2111
531 15800
cfl=c:\Users\Pedro\faculdade\IniciacaoCientifica\grn\.env\Lib\site-packages\numba\core\byteflow.py
cfn=append
calls=13 2129
531 19400
cfl=c:\Users\Pedro\faculdade\IniciacaoCientifica\grn\.env\Lib\site-packages\numba\core\byteflow.py
cfn=push
calls=13 2142
531 3800

fl=c:\Users\Pedro\faculdade\IniciacaoCientifica\grn\.env\Lib\site-packages\numba\core\byteflow.py
fn=op_LOAD_ATTR
541 11400
cfl=c:\Users\Pedro\faculdade\IniciacaoCientifica\grn\.env\Lib\site-packages\numba\core\byteflow.py
cfn=make_temp
calls=11 2111
541 22400
cfl=c:\Users\Pedro\faculdade\IniciacaoCientifica\grn\.env\Lib\site-packages\numba\core\byteflow.py
cfn=append
calls=11 2129
541 20400
cfl=c:\Users\Pedro\faculdade\IniciacaoCientifica\grn\.env\Lib\site-packages\numba\core\byteflow.py
cfn=push
calls=11 2142
541 2800
cfl=c:\Users\Pedro\faculdade\IniciacaoCientifica\grn\.env\Lib\site-packages\numba\core\byteflow.py
cfn=pop
calls=11 2146
541 4500

fl=c:\Users\Pedro\faculdade\IniciacaoCientifica\grn\.env\Lib\site-packages\numba\core\byteflow.py
fn=op_LOAD_FAST
558 14600
cfl=c:\Users\Pedro\faculdade\IniciacaoCientifica\grn\.env\Lib\site-packages\numba\core\byteflow.py
cfn=make_temp
calls=16 2111
558 19400
cfl=c:\Users\Pedro\faculdade\IniciacaoCientifica\grn\.env\Lib\site-packages\numba\core\byteflow.py
cfn=append
calls=16 2129
558 22300
cfl=c:\Users\Pedro\faculdade\IniciacaoCientifica\grn\.env\Lib\site-packages\numba\core\byteflow.py
cfn=push
calls=16 2142
558 4600
cfl=c:\Users\Pedro\faculdade\IniciacaoCientifica\grn\.env\Lib\site-packages\numba\core\byteflow.py
cfn=get_varname
calls=16 2219
558 5500

fl=c:\Users\Pedro\faculdade\IniciacaoCientifica\grn\.env\Lib\site-packages\numba\core\byteflow.py
fn=op_LOAD_FAST_LOAD_FAST
587 14800
cfl=c:\Users\Pedro\faculdade\IniciacaoCientifica\grn\.env\Lib\site-packages\numba\core\byteflow.py
cfn=make_temp
calls=20 2111
587 23500
cfl=c:\Users\Pedro\faculdade\IniciacaoCientifica\grn\.env\Lib\site-packages\numba\core\byteflow.py
cfn=append
calls=10 2129
587 19000
cfl=c:\Users\Pedro\faculdade\IniciacaoCientifica\grn\.env\Lib\site-packages\numba\core\byteflow.py
cfn=push
calls=20 2142
587 5100
cfl=c:\Users\Pedro\faculdade\IniciacaoCientifica\grn\.env\Lib\site-packages\numba\core\byteflow.py
cfn=get_varname_by_arg
calls=20 2224
587 2000

fl=c:\Users\Pedro\faculdade\IniciacaoCientifica\grn\.env\Lib\site-packages\numba\core\byteflow.py
fn=op_STORE_FAST
652 4100
cfl=c:\Users\Pedro\faculdade\IniciacaoCientifica\grn\.env\Lib\site-packages\numba\core\byteflow.py
cfn=append
calls=8 2129
652 11300
cfl=c:\Users\Pedro\faculdade\IniciacaoCientifica\grn\.env\Lib\site-packages\numba\core\byteflow.py
cfn=pop
calls=8 2146
652 2700

fl=c:\Users\Pedro\faculdade\IniciacaoCientifica\grn\.env\Lib\site-packages\numba\core\byteflow.py
fn=op_JUMP_BACKWARD
983 1100
cfl=c:\Users\Pedro\faculdade\IniciacaoCientifica\grn\.env\Lib\site-packages\numba\core\bytecode.py
cfn=get_jump_target
calls=1 98
983 4300
cfl=c:\Users\Pedro\faculdade\IniciacaoCientifica\grn\.env\Lib\site-packages\numba\core\byteflow.py
cfn=append
calls=1 2129
983 900
cfl=c:\Users\Pedro\faculdade\IniciacaoCientifica\grn\.env\Lib\site-packages\numba\core\byteflow.py
cfn=fork
calls=1 2234
983 3000

fl=c:\Users\Pedro\faculdade\IniciacaoCientifica\grn\.env\Lib\site-packages\numba\core\byteflow.py
fn=op_RETURN_VALUE
1000 1100
cfl=c:\Users\Pedro\faculdade\IniciacaoCientifica\grn\.env\Lib\site-packages\numba\core\byteflow.py
cfn=make_temp
calls=1 2111
1000 2900
cfl=c:\Users\Pedro\faculdade\IniciacaoCientifica\grn\.env\Lib\site-packages\numba\core\byteflow.py
cfn=append
calls=1 2129
1000 1600
cfl=c:\Users\Pedro\faculdade\IniciacaoCientifica\grn\.env\Lib\site-packages\numba\core\byteflow.py
cfn=pop
calls=1 2146
1000 300
cfl=c:\Users\Pedro\faculdade\IniciacaoCientifica\grn\.env\Lib\site-packages\numba\core\byteflow.py
cfn=terminate
calls=1 2229
1000 100

fl=c:\Users\Pedro\faculdade\IniciacaoCientifica\grn\.env\Lib\site-packages\numba\core\byteflow.py
fn=op_END_FOR
1077 200
cfl=c:\Users\Pedro\faculdade\IniciacaoCientifica\grn\.env\Lib\site-packages\numba\core\byteflow.py
cfn=pop
calls=1 2146
1077 400

fl=c:\Users\Pedro\faculdade\IniciacaoCientifica\grn\.env\Lib\site-packages\numba\core\byteflow.py
fn=op_STORE_SUBSCR
1246 1300
cfl=c:\Users\Pedro\faculdade\IniciacaoCientifica\grn\.env\Lib\site-packages\numba\core\byteflow.py
cfn=append
calls=1 2129
1246 2000
cfl=c:\Users\Pedro\faculdade\IniciacaoCientifica\grn\.env\Lib\site-packages\numba\core\byteflow.py
cfn=pop
calls=3 2146
1246 700

fl=c:\Users\Pedro\faculdade\IniciacaoCientifica\grn\.env\Lib\site-packages\numba\core\byteflow.py
fn=op_CALL
1257 25400
cfl=c:\Users\Pedro\faculdade\IniciacaoCientifica\grn\.env\Lib\site-packages\numba\core\byteflow.py
cfn=_is_null_temp_reg
calls=9 317
1257 3400
cfl=c:\Users\Pedro\faculdade\IniciacaoCientifica\grn\.env\Lib\site-packages\numba\core\byteflow.py
cfn=make_temp
calls=9 2111
1257 20000
cfl=c:\Users\Pedro\faculdade\IniciacaoCientifica\grn\.env\Lib\site-packages\numba\core\byteflow.py
cfn=append
calls=9 2129
1257 47800
cfl=c:\Users\Pedro\faculdade\IniciacaoCientifica\grn\.env\Lib\site-packages\numba\core\byteflow.py
cfn=push
calls=9 2142
1257 2900
cfl=c:\Users\Pedro\faculdade\IniciacaoCientifica\grn\.env\Lib\site-packages\numba\core\byteflow.py
cfn=pop
calls=43 2146
1257 12300

fl=c:\Users\Pedro\faculdade\IniciacaoCientifica\grn\.env\Lib\site-packages\numba\core\byteflow.py
fn=op_CALL_KW
1304 6000
cfl=c:\Users\Pedro\faculdade\IniciacaoCientifica\grn\.env\Lib\site-packages\numba\core\byteflow.py
cfn=_is_null_temp_reg
calls=2 317
1304 900
cfl=c:\Users\Pedro\faculdade\IniciacaoCientifica\grn\.env\Lib\site-packages\numba\core\byteflow.py
cfn=make_temp
calls=2 2111
1304 4100
cfl=c:\Users\Pedro\faculdade\IniciacaoCientifica\grn\.env\Lib\site-packages\numba\core\byteflow.py
cfn=append
calls=2 2129
1304 8200
cfl=c:\Users\Pedro\faculdade\IniciacaoCientifica\grn\.env\Lib\site-packages\numba\core\byteflow.py
cfn=push
calls=2 2142
1304 600
cfl=c:\Users\Pedro\faculdade\IniciacaoCientifica\grn\.env\Lib\site-packages\numba\core\byteflow.py
cfn=pop
calls=10 2146
1304 2700

fl=c:\Users\Pedro\faculdade\IniciacaoCientifica\grn\.env\Lib\site-packages\numba\core\byteflow.py
fn=op_BUILD_LIST
1522 7200
cfl=c:\Users\Pedro\faculdade\IniciacaoCientifica\grn\.env\Lib\site-packages\numba\core\byteflow.py
cfn=make_temp
calls=4 2111
1522 8100
cfl=c:\Users\Pedro\faculdade\IniciacaoCientifica\grn\.env\Lib\site-packages\numba\core\byteflow.py
cfn=append
calls=4 2129
1522 15400
cfl=c:\Users\Pedro\faculdade\IniciacaoCientifica\grn\.env\Lib\site-packages\numba\core\byteflow.py
cfn=push
calls=4 2142
1522 1200
cfl=c:\Users\Pedro\faculdade\IniciacaoCientifica\grn\.env\Lib\site-packages\numba\core\byteflow.py
cfn=pop
calls=11 2146
1522 3100

fl=c:\Users\Pedro\faculdade\IniciacaoCientifica\grn\.env\Lib\site-packages\numba\core\byteflow.py
fn=op_GET_ITER
1602 1200
cfl=c:\Users\Pedro\faculdade\IniciacaoCientifica\grn\.env\Lib\site-packages\numba\core\byteflow.py
cfn=make_temp
calls=1 2111
1602 2300
cfl=c:\Users\Pedro\faculdade\IniciacaoCientifica\grn\.env\Lib\site-packages\numba\core\byteflow.py
cfn=append
calls=1 2129
1602 1900
cfl=c:\Users\Pedro\faculdade\IniciacaoCientifica\grn\.env\Lib\site-packages\numba\core\byteflow.py
cfn=push
calls=1 2142
1602 300
cfl=c:\Users\Pedro\faculdade\IniciacaoCientifica\grn\.env\Lib\site-packages\numba\core\byteflow.py
cfn=pop
calls=1 2146
1602 500

fl=c:\Users\Pedro\faculdade\IniciacaoCientifica\grn\.env\Lib\site-packages\numba\core\byteflow.py
fn=op_FOR_ITER
1608 6100
cfl=c:\Users\Pedro\faculdade\IniciacaoCientifica\grn\.env\Lib\site-packages\numba\core\bytecode.py
cfn=get_jump_target
calls=1 98
1608 5900
cfl=c:\Users\Pedro\faculdade\IniciacaoCientifica\grn\.env\Lib\site-packages\numba\core\byteflow.py
cfn=make_temp
calls=3 2111
1608 6100
cfl=c:\Users\Pedro\faculdade\IniciacaoCientifica\grn\.env\Lib\site-packages\numba\core\byteflow.py
cfn=append
calls=1 2129
1608 2900
cfl=c:\Users\Pedro\faculdade\IniciacaoCientifica\grn\.env\Lib\site-packages\numba\core\byteflow.py
cfn=get_tos
calls=1 2134
1608 900
cfl=c:\Users\Pedro\faculdade\IniciacaoCientifica\grn\.env\Lib\site-packages\numba\core\byteflow.py
cfn=push
calls=1 2142
1608 300
cfl=c:\Users\Pedro\faculdade\IniciacaoCientifica\grn\.env\Lib\site-packages\numba\core\byteflow.py
cfn=fork
calls=2 2234
1608 6800

fl=c:\Users\Pedro\faculdade\IniciacaoCientifica\grn\.env\Lib\site-packages\numba\core\byteflow.py
fn=op_BINARY_OP
1639 18600
cfl=c:\Users\Pedro\faculdade\IniciacaoCientifica\grn\.env\Lib\site-packages\numba\core\byteflow.py
cfn=make_temp
calls=14 2111
1639 27700
cfl=c:\Users\Pedro\faculdade\IniciacaoCientifica\grn\.env\Lib\site-packages\numba\core\byteflow.py
cfn=append
calls=14 2129
1639 36700
cfl=c:\Users\Pedro\faculdade\IniciacaoCientifica\grn\.env\Lib\site-packages\numba\core\byteflow.py
cfn=push
calls=14 2142
1639 3800
cfl=c:\Users\Pedro\faculdade\IniciacaoCientifica\grn\.env\Lib\site-packages\numba\core\byteflow.py
cfn=pop
calls=28 2146
1639 7700

fl=c:\Users\Pedro\faculdade\IniciacaoCientifica\grn\.env\Lib\site-packages\numba\core\byteflow.py
fn=__init__:1993
1993 9900
cfl=c:\Users\Pedro\faculdade\IniciacaoCientifica\grn\.env\Lib\site-packages\numba\core\byteflow.py
cfn=make_temp
calls=6 2111
1993 8400
cfl=c:\Users\Pedro\faculdade\IniciacaoCientifica\grn\.env\Lib\site-packages\numba\core\byteflow.py
cfn=push
calls=6 2142
1993 1900

fl=c:\Users\Pedro\faculdade\IniciacaoCientifica\grn\.env\Lib\site-packages\numba\core\byteflow.py
fn=get_identity
2033 4500

fl=c:\Users\Pedro\faculdade\IniciacaoCientifica\grn\.env\Lib\site-packages\numba\core\byteflow.py
fn=__hash__
2036 14500
cfl=c:\Users\Pedro\faculdade\IniciacaoCientifica\grn\.env\Lib\site-packages\numba\core\byteflow.py
cfn=get_identity
calls=42 2033
2036 4300
cfl=~
cfn=<built-in method builtins.hash>
calls=42 0
2036 4300

fl=c:\Users\Pedro\faculdade\IniciacaoCientifica\grn\.env\Lib\site-packages\numba\core\byteflow.py
fn=__eq__
2042 700
cfl=c:\Users\Pedro\faculdade\IniciacaoCientifica\grn\.env\Lib\site-packages\numba\core\byteflow.py
cfn=get_identity
calls=2 2033
2042 200

fl=c:\Users\Pedro\faculdade\IniciacaoCientifica\grn\.env\Lib\site-packages\numba\core\byteflow.py
fn=pc_initial
2045 1600

fl=c:\Users\Pedro\faculdade\IniciacaoCientifica\grn\.env\Lib\site-packages\numba\core\byteflow.py
fn=instructions
2052 300

fl=c:\Users\Pedro\faculdade\IniciacaoCientifica\grn\.env\Lib\site-packages\numba\core\byteflow.py
fn=outgoing_edges
2059 600

fl=c:\Users\Pedro\faculdade\IniciacaoCientifica\grn\.env\Lib\site-packages\numba\core\byteflow.py
fn=outgoing_phis
2069 400

fl=c:\Users\Pedro\faculdade\IniciacaoCientifica\grn\.env\Lib\site-packages\numba\core\byteflow.py
fn=blockstack_initial
2078 200

fl=c:\Users\Pedro\faculdade\IniciacaoCientifica\grn\.env\Lib\site-packages\numba\core\byteflow.py
fn=find_initial_try_block
2094 1300

fl=c:\Users\Pedro\faculdade\IniciacaoCientifica\grn\.env\Lib\site-packages\numba\core\byteflow.py
fn=has_terminated
2101 11400

fl=c:\Users\Pedro\faculdade\IniciacaoCientifica\grn\.env\Lib\site-packages\numba\core\byteflow.py
fn=get_inst
2104 69800
cfl=c:\Users\Pedro\faculdade\IniciacaoCientifica\grn\.env\Lib\site-packages\numba\core\bytecode.py
cfn=__getitem__
calls=412 330
2104 35100

fl=c:\Users\Pedro\faculdade\IniciacaoCientifica\grn\.env\Lib\site-packages\numba\core\byteflow.py
fn=advance_pc
2107 25900
cfl=c:\Users\Pedro\faculdade\IniciacaoCientifica\grn\.env\Lib\site-packages\numba\core\byteflow.py
cfn=get_inst
calls=117 2104
2107 30100

fl=c:\Users\Pedro\faculdade\IniciacaoCientifica\grn\.env\Lib\site-packages\numba\core\byteflow.py
fn=make_temp
2111 85300
cfl=c:\Users\Pedro\faculdade\IniciacaoCientifica\grn\.env\Lib\site-packages\numba\core\byteflow.py
cfn=get_inst
calls=58 2104
2111 14800
cfl=~
cfn=<built-in method builtins.len>
calls=126 0
2111 10300
cfl=~
cfn=<method 'append' of 'list' objects>
calls=126 0
2111 13600
cfl=~
cfn=<method 'format' of 'str' objects>
calls=126 0
2111 75100
cfl=~
cfn=<method 'lower' of 'str' objects>
calls=58 0
2111 9800

fl=c:\Users\Pedro\faculdade\IniciacaoCientifica\grn\.env\Lib\site-packages\numba\core\byteflow.py
fn=append
2129 130400
cfl=c:\Users\Pedro\faculdade\IniciacaoCientifica\grn\.env\Lib\site-packages\numba\core\byteflow.py
cfn=_flatten_inst_regs
calls=347 2402
2129 104600
cfl=~
cfn=<method 'append' of 'list' objects>
calls=118 0
2129 11000
cfl=~
cfn=<method 'values' of 'dict' objects>
calls=118 0
2129 12800

fl=c:\Users\Pedro\faculdade\IniciacaoCientifica\grn\.env\Lib\site-packages\numba\core\byteflow.py
fn=get_tos
2134 600
cfl=c:\Users\Pedro\faculdade\IniciacaoCientifica\grn\.env\Lib\site-packages\numba\core\byteflow.py
cfn=peek
calls=1 2137
2134 300

fl=c:\Users\Pedro\faculdade\IniciacaoCientifica\grn\.env\Lib\site-packages\numba\core\byteflow.py
fn=peek
2137 300

fl=c:\Users\Pedro\faculdade\IniciacaoCientifica\grn\.env\Lib\site-packages\numba\core\byteflow.py
fn=push
2142 23600
cfl=~
cfn=<method 'append' of 'list' objects>
calls=123 0
2142 11400

fl=c:\Users\Pedro\faculdade\IniciacaoCientifica\grn\.env\Lib\site-packages\numba\core\byteflow.py
fn=pop
2146 22200
cfl=~
cfn=<method 'pop' of 'list' objects>
calls=118 0
2146 13100

fl=c:\Users\Pedro\faculdade\IniciacaoCientifica\grn\.env\Lib\site-packages\numba\core\byteflow.py
fn=get_top_block
2198 56000
cfl=c:\Users\Pedro\faculdade\IniciacaoCientifica\grn\.env\Lib\site-packages\numba\core\byteflow.py
cfn=__init__:52
calls=117 52
2198 10600

fl=c:\Users\Pedro\faculdade\IniciacaoCientifica\grn\.env\Lib\site-packages\numba\core\byteflow.py
fn=has_active_try
2214 27700
cfl=c:\Users\Pedro\faculdade\IniciacaoCientifica\grn\.env\Lib\site-packages\numba\core\byteflow.py
cfn=get_top_block
calls=117 2198
2214 66600

fl=c:\Users\Pedro\faculdade\IniciacaoCientifica\grn\.env\Lib\site-packages\numba\core\byteflow.py
fn=get_varname
2219 3700
cfl=c:\Users\Pedro\faculdade\IniciacaoCientifica\grn\.env\Lib\site-packages\numba\core\byteflow.py
cfn=get_varname_by_arg
calls=16 2224
2219 1800

fl=c:\Users\Pedro\faculdade\IniciacaoCientifica\grn\.env\Lib\site-packages\numba\core\byteflow.py
fn=get_varname_by_arg
2224 3800

fl=c:\Users\Pedro\faculdade\IniciacaoCientifica\grn\.env\Lib\site-packages\numba\core\byteflow.py
fn=terminate
2229 500

fl=c:\Users\Pedro\faculdade\IniciacaoCientifica\grn\.env\Lib\site-packages\numba\core\byteflow.py
fn=fork
2234 11500
cfl=<string>
cfn=<lambda>:1
calls=4 1
2234 3300
cfl=c:\Users\Pedro\faculdade\IniciacaoCientifica\grn\.env\Lib\site-packages\numba\core\byteflow.py
cfn=terminate
calls=4 2229
2234 400
cfl=~
cfn=<method 'append' of 'list' objects>
calls=4 0
2234 500

fl=c:\Users\Pedro\faculdade\IniciacaoCientifica\grn\.env\Lib\site-packages\numba\core\byteflow.py
fn=split_new_block
2271 3200
cfl=c:\Users\Pedro\faculdade\IniciacaoCientifica\grn\.env\Lib\site-packages\numba\core\byteflow.py
cfn=fork
calls=1 2234
2271 5900

fl=c:\Users\Pedro\faculdade\IniciacaoCientifica\grn\.env\Lib\site-packages\numba\core\byteflow.py
fn=get_outgoing_states
2276 18100
cfl=c:\Users\Pedro\faculdade\IniciacaoCientifica\grn\.env\Lib\site-packages\numba\core\byteflow.py
cfn=_is_null_temp_reg
calls=6 317
2276 2400
cfl=c:\Users\Pedro\faculdade\IniciacaoCientifica\grn\.env\Lib\site-packages\numba\core\byteflow.py
cfn=__init__:2338
calls=4 2338
2276 28200
cfl=c:\Users\Pedro\faculdade\IniciacaoCientifica\grn\.env\Lib\site-packages\numba\core\utils.py
cfn=__setitem__
calls=6 445
2276 3800
cfl=~
cfn=<built-in method builtins.len>
calls=4 0
2276 400
cfl=~
cfn=<method 'append' of 'list' objects>
calls=4 0
2276 500
cfl=~
cfn=<method 'items' of 'dict' objects>
calls=4 0
2276 600

fl=c:\Users\Pedro\faculdade\IniciacaoCientifica\grn\.env\Lib\site-packages\numba\core\byteflow.py
fn=get_outgoing_edgepushed
2293 2700

fl=c:\Users\Pedro\faculdade\IniciacaoCientifica\grn\.env\Lib\site-packages\numba\core\byteflow.py
fn=__init__:2307
2307 6500
cfl=c:\Users\Pedro\faculdade\IniciacaoCientifica\grn\.env\Lib\site-packages\numba\core\byteflow.py
cfn=__init__:1993
calls=5 1993
2307 20200

fl=c:\Users\Pedro\faculdade\IniciacaoCientifica\grn\.env\Lib\site-packages\numba\core\byteflow.py
fn=is_in_exception
2320 26500
cfl=c:\Users\Pedro\faculdade\IniciacaoCientifica\grn\.env\Lib\site-packages\numba\core\bytecode.py
cfn=find_exception_entry
calls=117 412
2320 11800

fl=c:\Users\Pedro\faculdade\IniciacaoCientifica\grn\.env\Lib\site-packages\numba\core\byteflow.py
fn=in_with
2328 22400

fl=c:\Users\Pedro\faculdade\IniciacaoCientifica\grn\.env\Lib\site-packages\numba\core\byteflow.py
fn=make_null
2333 3600
cfl=c:\Users\Pedro\faculdade\IniciacaoCientifica\grn\.env\Lib\site-packages\numba\core\byteflow.py
cfn=make_temp
calls=11 2111
2333 15500

fl=c:\Users\Pedro\faculdade\IniciacaoCientifica\grn\.env\Lib\site-packages\numba\core\byteflow.py
fn=__init__:2338
2338 9500
cfl=c:\Users\Pedro\faculdade\IniciacaoCientifica\grn\.env\Lib\site-packages\numba\core\byteflow.py
cfn=__init__:2307
calls=5 2307
2338 26700

fl=c:\Users\Pedro\faculdade\IniciacaoCientifica\grn\.env\Lib\site-packages\numba\core\byteflow.py
fn=__init__:2365
2365 200

fl=c:\Users\Pedro\faculdade\IniciacaoCientifica\grn\.env\Lib\site-packages\numba\core\byteflow.py
fn=infos
2368 1000

fl=c:\Users\Pedro\faculdade\IniciacaoCientifica\grn\.env\Lib\site-packages\numba\core\byteflow.py
fn=adapt_state_infos
2380 27600
cfl=<string>
cfn=<lambda>:1
calls=4 1
2380 2400
cfl=c:\Users\Pedro\faculdade\IniciacaoCientifica\grn\.env\Lib\site-packages\numba\core\byteflow.py
cfn=instructions
calls=4 2052
2380 300
cfl=c:\Users\Pedro\faculdade\IniciacaoCientifica\grn\.env\Lib\site-packages\numba\core\byteflow.py
cfn=outgoing_phis
calls=4 2069
2380 400
cfl=c:\Users\Pedro\faculdade\IniciacaoCientifica\grn\.env\Lib\site-packages\numba\core\byteflow.py
cfn=blockstack_initial
calls=4 2078
2380 200
cfl=c:\Users\Pedro\faculdade\IniciacaoCientifica\grn\.env\Lib\site-packages\numba\core\byteflow.py
cfn=find_initial_try_block
calls=4 2094
2380 1300
cfl=c:\Users\Pedro\faculdade\IniciacaoCientifica\grn\.env\Lib\site-packages\numba\core\byteflow.py
cfn=get_outgoing_edgepushed
calls=4 2293
2380 2700
cfl=c:\Users\Pedro\faculdade\IniciacaoCientifica\grn\.env\Lib\site-packages\numba\core\byteflow.py
cfn=process_function_attributes
calls=118 2381
2380 29600

fl=c:\Users\Pedro\faculdade\IniciacaoCientifica\grn\.env\Lib\site-packages\numba\core\byteflow.py
fn=process_function_attributes
2381 22500
cfl=c:\Users\Pedro\faculdade\IniciacaoCientifica\grn\.env\Lib\site-packages\numba\core\bytecode.py
cfn=__getitem__
calls=118 330
2381 7100

fl=c:\Users\Pedro\faculdade\IniciacaoCientifica\grn\.env\Lib\site-packages\numba\core\byteflow.py
fn=_flatten_inst_regs
2402 82100
cfl=c:\Users\Pedro\faculdade\IniciacaoCientifica\grn\.env\Lib\site-packages\numba\core\byteflow.py
cfn=_flatten_inst_regs
calls=55 2402
2402 12300
cfl=~
cfn=<built-in method builtins.isinstance>
calls=303 0
2402 22500

fl=c:\Users\Pedro\faculdade\IniciacaoCientifica\grn\.env\Lib\site-packages\numba\core\byteflow.py
fn=__init__:2416
2416 7900
cfl=c:\Users\Pedro\faculdade\IniciacaoCientifica\grn\.env\Lib\site-packages\numba\core\byteflow.py
cfn=blocks
calls=1 2443
2416 100
cfl=c:\Users\Pedro\faculdade\IniciacaoCientifica\grn\.env\Lib\site-packages\numba\core\byteflow.py
cfn=__init__:2456
calls=4 2456
2416 20200
cfl=c:\Users\Pedro\faculdade\IniciacaoCientifica\grn\.env\Lib\site-packages\numba\core\controlflow.py
cfn=backbone
calls=2 270
2416 110900
cfl=c:\Users\Pedro\faculdade\IniciacaoCientifica\grn\.env\Lib\site-packages\numba\core\controlflow.py
cfn=in_loops
calls=4 286
2416 12200
cfl=~
cfn=<method 'add' of 'set' objects>
calls=2 0
2416 200
cfl=~
cfn=<method 'items' of 'dict' objects>
calls=1 0
2416 200
cfl=~
cfn=<method 'keys' of 'dict' objects>
calls=1 0
2416 200

fl=c:\Users\Pedro\faculdade\IniciacaoCientifica\grn\.env\Lib\site-packages\numba\core\byteflow.py
fn=graph
2435 100

fl=c:\Users\Pedro\faculdade\IniciacaoCientifica\grn\.env\Lib\site-packages\numba\core\byteflow.py
fn=backbone
2439 11100

fl=c:\Users\Pedro\faculdade\IniciacaoCientifica\grn\.env\Lib\site-packages\numba\core\byteflow.py
fn=blocks
2443 700

fl=c:\Users\Pedro\faculdade\IniciacaoCientifica\grn\.env\Lib\site-packages\numba\core\byteflow.py
fn=iterliveblocks
2447 2300
cfl=c:\Users\Pedro\faculdade\IniciacaoCientifica\grn\.env\Lib\site-packages\numba\core\byteflow.py
cfn=blocks
calls=5 2443
2447 500
cfl=~
cfn=<built-in method builtins.sorted>
calls=1 0
2447 300

fl=c:\Users\Pedro\faculdade\IniciacaoCientifica\grn\.env\Lib\site-packages\numba\core\byteflow.py
fn=__init__:2456
2456 12800
cfl=c:\Users\Pedro\faculdade\IniciacaoCientifica\grn\.env\Lib\site-packages\numba\core\byteflow.py
cfn=<genexpr>
calls=122 2458
2456 7400

fl=c:\Users\Pedro\faculdade\IniciacaoCientifica\grn\.env\Lib\site-packages\numba\core\byteflow.py
fn=<genexpr>
2458 7400

fl=c:\Users\Pedro\faculdade\IniciacaoCientifica\grn\.env\Lib\site-packages\numba\core\caching.py
fn=load_overload
87 56400

fl=c:\Users\Pedro\faculdade\IniciacaoCientifica\grn\.env\Lib\site-packages\numba\core\callconv.py
fn=__init__:60
60 100

fl=c:\Users\Pedro\faculdade\IniciacaoCientifica\grn\.env\Lib\site-packages\numba\core\callconv.py
fn=__init__:899
899 100

fl=c:\Users\Pedro\faculdade\IniciacaoCientifica\grn\.env\Lib\site-packages\numba\core\callconv.py
fn=create_error_model
939 1900
cfl=c:\Users\Pedro\faculdade\IniciacaoCientifica\grn\.env\Lib\site-packages\numba\core\callconv.py
cfn=__init__:899
calls=1 899
939 100
cfl=c:\Users\Pedro\faculdade\IniciacaoCientifica\grn\.env\Lib\site-packages\numba\core\cpu.py
cfn=call_conv
calls=1 160
939 1600

fl=c:\Users\Pedro\faculdade\IniciacaoCientifica\grn\.env\Lib\site-packages\numba\core\compiler.py
fn=__init__:329
329 200

fl=c:\Users\Pedro\faculdade\IniciacaoCientifica\grn\.env\Lib\site-packages\numba\core\compiler.py
fn=__getattr__
355 32900

fl=c:\Users\Pedro\faculdade\IniciacaoCientifica\grn\.env\Lib\site-packages\numba\core\compiler.py
fn=__setattr__
361 3900

fl=c:\Users\Pedro\faculdade\IniciacaoCientifica\grn\.env\Lib\site-packages\numba\core\compiler.py
fn=_make_subtarget
365 6700
cfl=c:\Users\Pedro\faculdade\IniciacaoCientifica\grn\.env\Lib\site-packages\numba\core\base.py
cfn=subtarget
calls=1 341
365 22500
cfl=c:\Users\Pedro\faculdade\IniciacaoCientifica\grn\.env\Lib\site-packages\numba\core\callconv.py
cfn=create_error_model
calls=1 939
365 3600
cfl=c:\Users\Pedro\faculdade\IniciacaoCientifica\grn\.env\Lib\site-packages\numba\core\cpu_options.py
cfn=__bool__
calls=1 53
365 500
cfl=c:\Users\Pedro\faculdade\IniciacaoCientifica\grn\.env\Lib\site-packages\numba\core\targetconfig.py
cfn=getter
calls=7 111
365 4500

fl=c:\Users\Pedro\faculdade\IniciacaoCientifica\grn\.env\Lib\site-packages\numba\core\compiler.py
fn=__init__:391
391 17300
cfl=c:\Users\Pedro\faculdade\IniciacaoCientifica\grn\.env\Lib\site-packages\numba\core\base.py
cfn=refresh
calls=1 261
391 200100
cfl=c:\Users\Pedro\faculdade\IniciacaoCientifica\grn\.env\Lib\site-packages\numba\core\compiler.py
cfn=__init__:329
calls=1 329
391 200
cfl=c:\Users\Pedro\faculdade\IniciacaoCientifica\grn\.env\Lib\site-packages\numba\core\compiler.py
cfn=__getattr__
calls=4 355
391 400
cfl=c:\Users\Pedro\faculdade\IniciacaoCientifica\grn\.env\Lib\site-packages\numba\core\compiler.py
cfn=__setattr__
calls=20 361
391 3300
cfl=c:\Users\Pedro\faculdade\IniciacaoCientifica\grn\.env\Lib\site-packages\numba\core\compiler.py
cfn=_make_subtarget
calls=1 365
391 37800
cfl=c:\Users\Pedro\faculdade\IniciacaoCientifica\grn\.env\Lib\site-packages\numba\core\config.py
cfn=reload_config
calls=1 596
391 246600
cfl=c:\Users\Pedro\faculdade\IniciacaoCientifica\grn\.env\Lib\site-packages\numba\core\targetconfig.py
cfn=getter
calls=1 111
391 500
cfl=c:\Users\Pedro\faculdade\IniciacaoCientifica\grn\.env\Lib\site-packages\numba\core\typing\context.py
cfn=refresh
calls=1 232
391 100200
cfl=c:\Users\Pedro\faculdade\IniciacaoCientifica\grn\.env\Lib\site-packages\numba\parfors\parfor.py
cfn=__init__
calls=1 797
391 2500

fl=c:\Users\Pedro\faculdade\IniciacaoCientifica\grn\.env\Lib\site-packages\numba\core\compiler.py
fn=compile_extra:433
433 8100
cfl=C:\Users\Pedro\AppData\Local\Python\pythoncore-3.14-64\Lib\contextlib.py
cfn=__exit__:145
calls=1 145
433 3900
cfl=c:\Users\Pedro\faculdade\IniciacaoCientifica\grn\.env\Lib\site-packages\numba\core\bytecode.py
cfn=from_function
calls=1 630
433 113700
cfl=c:\Users\Pedro\faculdade\IniciacaoCientifica\grn\.env\Lib\site-packages\numba\core\compiler.py
cfn=__getattr__
calls=1 355
433 200
cfl=c:\Users\Pedro\faculdade\IniciacaoCientifica\grn\.env\Lib\site-packages\numba\core\compiler.py
cfn=__setattr__
calls=3 361
433 300
cfl=c:\Users\Pedro\faculdade\IniciacaoCientifica\grn\.env\Lib\site-packages\numba\core\compiler.py
cfn=_compile_bytecode
calls=0 500
433 0
cfl=c:\Users\Pedro\faculdade\IniciacaoCientifica\grn\.env\Lib\site-packages\numba\core\untyped_passes.py
cfn=__init__
calls=1 56
433 1700
cfl=c:\Users\Pedro\faculdade\IniciacaoCientifica\grn\.env\Lib\site-packages\numba\core\untyped_passes.py
cfn=run_pass:59
calls=1 59
433 713200
cfl=~
cfn=<built-in method builtins.isinstance>
calls=1 0
433 100

fl=c:\Users\Pedro\faculdade\IniciacaoCientifica\grn\.env\Lib\site-packages\numba\core\compiler.py
fn=_compile_core
456 10800
cfl=C:\Users\Pedro\AppData\Local\Python\pythoncore-3.14-64\Lib\contextlib.py
cfn=__enter__:136
calls=1 136
456 2600
cfl=c:\Users\Pedro\faculdade\IniciacaoCientifica\grn\.env\Lib\site-packages\numba\core\compiler.py
cfn=__getattr__
calls=4 355
456 500
cfl=c:\Users\Pedro\faculdade\IniciacaoCientifica\grn\.env\Lib\site-packages\numba\core\compiler.py
cfn=define_pipelines
calls=1 519
456 293200
cfl=c:\Users\Pedro\faculdade\IniciacaoCientifica\grn\.env\Lib\site-packages\numba\core\compiler_lock.py
cfn=__exit__
calls=1 22
456 7200
cfl=c:\Users\Pedro\faculdade\IniciacaoCientifica\grn\.env\Lib\site-packages\numba\core\compiler_machinery.py
cfn=run
calls=0 342
456 0
cfl=c:\Users\Pedro\faculdade\IniciacaoCientifica\grn\.env\Lib\site-packages\numba\core\targetconfig.py
cfn=__init__:69
calls=1 69
456 1900
cfl=c:\Users\Pedro\faculdade\IniciacaoCientifica\grn\.env\Lib\site-packages\numba\core\targetconfig.py
cfn=enter
calls=1 78
456 3000
cfl=c:\Users\Pedro\faculdade\IniciacaoCientifica\grn\.env\Lib\site-packages\numba\core\targetconfig.py
cfn=copy
calls=1 238
456 2500
cfl=c:\Users\Pedro\faculdade\IniciacaoCientifica\grn\.env\Lib\site-packages\numba\core\tracing.py
cfn=noevent
calls=1 216
456 100

fl=c:\Users\Pedro\faculdade\IniciacaoCientifica\grn\.env\Lib\site-packages\numba\core\compiler.py
fn=_compile_bytecode
500 4700
cfl=c:\Users\Pedro\faculdade\IniciacaoCientifica\grn\.env\Lib\site-packages\numba\core\compiler.py
cfn=__getattr__
calls=1 355
500 200
cfl=c:\Users\Pedro\faculdade\IniciacaoCientifica\grn\.env\Lib\site-packages\numba\core\compiler.py
cfn=_compile_core
calls=0 456
500 0
cfl=c:\Users\Pedro\faculdade\IniciacaoCientifica\grn\.env\Lib\site-packages\numba\core\compiler_lock.py
cfn=_acquire_compile_lock
calls=17 32
500 18159600
cfl=c:\Users\Pedro\faculdade\IniciacaoCientifica\grn\.env\Lib\site-packages\numba\core\compiler_machinery.py
cfn=_patch_error
calls=1 259
500 2100
cfl=c:\Users\Pedro\faculdade\IniciacaoCientifica\grn\.env\Lib\site-packages\numba\core\compiler_machinery.py
cfn=get
calls=17 431
500 16200
cfl=c:\Users\Pedro\faculdade\IniciacaoCientifica\grn\.env\Lib\site-packages\numba\core\tracing.py
cfn=noevent
calls=17 216
500 1700
cfl=~
cfn=<built-in method builtins.isinstance>
calls=18 0
500 20200

fl=c:\Users\Pedro\faculdade\IniciacaoCientifica\grn\.env\Lib\site-packages\numba\core\compiler.py
fn=define_pipelines
519 3900
cfl=c:\Users\Pedro\faculdade\IniciacaoCientifica\grn\.env\Lib\site-packages\numba\core\compiler.py
cfn=__getattr__
calls=1 355
519 100
cfl=c:\Users\Pedro\faculdade\IniciacaoCientifica\grn\.env\Lib\site-packages\numba\core\compiler.py
cfn=define_nopython_pipeline
calls=1 539
519 288600
cfl=c:\Users\Pedro\faculdade\IniciacaoCientifica\grn\.env\Lib\site-packages\numba\core\targetconfig.py
cfn=getter
calls=1 111
519 600

fl=c:\Users\Pedro\faculdade\IniciacaoCientifica\grn\.env\Lib\site-packages\numba\core\compiler.py
fn=define_nopython_pipeline
539 9400
cfl=c:\Users\Pedro\faculdade\IniciacaoCientifica\grn\.env\Lib\site-packages\numba\core\compiler.py
cfn=define_nopython_lowering_pipeline
calls=1 558
539 41700
cfl=c:\Users\Pedro\faculdade\IniciacaoCientifica\grn\.env\Lib\site-packages\numba\core\compiler.py
cfn=define_typed_pipeline
calls=1 598
539 31700
cfl=c:\Users\Pedro\faculdade\IniciacaoCientifica\grn\.env\Lib\site-packages\numba\core\compiler.py
cfn=define_untyped_pipeline
calls=1 634
539 135000
cfl=c:\Users\Pedro\faculdade\IniciacaoCientifica\grn\.env\Lib\site-packages\numba\core\compiler_machinery.py
cfn=__init__:176
calls=1 176
539 700
cfl=c:\Users\Pedro\faculdade\IniciacaoCientifica\grn\.env\Lib\site-packages\numba\core\compiler_machinery.py
cfn=finalize
calls=1 245
539 69300
cfl=~
cfn=<method 'extend' of 'list' objects>
calls=3 0
539 800

fl=c:\Users\Pedro\faculdade\IniciacaoCientifica\grn\.env\Lib\site-packages\numba\core\compiler.py
fn=define_nopython_lowering_pipeline
558 2300
cfl=c:\Users\Pedro\faculdade\IniciacaoCientifica\grn\.env\Lib\site-packages\numba\core\compiler.py
cfn=__getattr__
calls=1 355
558 100
cfl=c:\Users\Pedro\faculdade\IniciacaoCientifica\grn\.env\Lib\site-packages\numba\core\compiler_machinery.py
cfn=__init__:176
calls=1 176
558 300
cfl=c:\Users\Pedro\faculdade\IniciacaoCientifica\grn\.env\Lib\site-packages\numba\core\compiler_machinery.py
cfn=add_pass
calls=6 200
558 17100
cfl=c:\Users\Pedro\faculdade\IniciacaoCientifica\grn\.env\Lib\site-packages\numba\core\compiler_machinery.py
cfn=finalize
calls=1 245
558 21400
cfl=c:\Users\Pedro\faculdade\IniciacaoCientifica\grn\.env\Lib\site-packages\numba\core\targetconfig.py
cfn=getter
calls=1 111
558 500

fl=c:\Users\Pedro\faculdade\IniciacaoCientifica\grn\.env\Lib\site-packages\numba\core\compiler.py
fn=define_typed_pipeline
598 3400
cfl=c:\Users\Pedro\faculdade\IniciacaoCientifica\grn\.env\Lib\site-packages\numba\core\compiler.py
cfn=__getattr__
calls=3 355
598 200
cfl=c:\Users\Pedro\faculdade\IniciacaoCientifica\grn\.env\Lib\site-packages\numba\core\compiler_machinery.py
cfn=__init__:176
calls=1 176
598 300
cfl=c:\Users\Pedro\faculdade\IniciacaoCientifica\grn\.env\Lib\site-packages\numba\core\compiler_machinery.py
cfn=add_pass
calls=4 200
598 11300
cfl=c:\Users\Pedro\faculdade\IniciacaoCientifica\grn\.env\Lib\site-packages\numba\core\compiler_machinery.py
cfn=finalize
calls=1 245
598 14800
cfl=c:\Users\Pedro\faculdade\IniciacaoCientifica\grn\.env\Lib\site-packages\numba\core\targetconfig.py
cfn=getter
calls=3 111
598 1700

fl=c:\Users\Pedro\faculdade\IniciacaoCientifica\grn\.env\Lib\site-packages\numba\core\compiler.py
fn=define_untyped_pipeline
634 7800
cfl=c:\Users\Pedro\faculdade\IniciacaoCientifica\grn\.env\Lib\site-packages\numba\core\compiler.py
cfn=__getattr__
calls=5 355
634 500
cfl=c:\Users\Pedro\faculdade\IniciacaoCientifica\grn\.env\Lib\site-packages\numba\core\compiler_machinery.py
cfn=__init__:176
calls=1 176
634 200
cfl=c:\Users\Pedro\faculdade\IniciacaoCientifica\grn\.env\Lib\site-packages\numba\core\compiler_machinery.py
cfn=add_pass
calls=17 200
634 55200
cfl=c:\Users\Pedro\faculdade\IniciacaoCientifica\grn\.env\Lib\site-packages\numba\core\compiler_machinery.py
cfn=finalize
calls=1 245
634 69100
cfl=c:\Users\Pedro\faculdade\IniciacaoCientifica\grn\.env\Lib\site-packages\numba\core\targetconfig.py
cfn=getter
calls=4 111
634 2200

fl=c:\Users\Pedro\faculdade\IniciacaoCientifica\grn\.env\Lib\site-packages\numba\core\compiler.py
fn=compile_extra:713
713 3600
cfl=c:\Users\Pedro\faculdade\IniciacaoCientifica\grn\.env\Lib\site-packages\numba\core\compiler.py
cfn=__init__:391
calls=1 391
713 608900
cfl=c:\Users\Pedro\faculdade\IniciacaoCientifica\grn\.env\Lib\site-packages\numba\core\compiler.py
cfn=compile_extra:433
calls=0 433
713 0

fl=c:\Users\Pedro\faculdade\IniciacaoCientifica\grn\.env\Lib\site-packages\numba\core\compiler_lock.py
fn=acquire
11 355200
cfl=c:\Users\Pedro\faculdade\IniciacaoCientifica\grn\.env\Lib\site-packages\numba\core\event.py
cfn=start_event
calls=610 390
11 2189400
cfl=~
cfn=<method 'acquire' of '_thread.RLock' objects>
calls=610 0
11 122300

fl=c:\Users\Pedro\faculdade\IniciacaoCientifica\grn\.env\Lib\site-packages\numba\core\compiler_lock.py
fn=release
15 339200
cfl=c:\Users\Pedro\faculdade\IniciacaoCientifica\grn\.env\Lib\site-packages\numba\core\event.py
cfn=end_event
calls=610 404
15 2354400
cfl=~
cfn=<method 'release' of '_thread.RLock' objects>
calls=610 0
15 100600

fl=c:\Users\Pedro\faculdade\IniciacaoCientifica\grn\.env\Lib\site-packages\numba\core\compiler_lock.py
fn=__enter__
19 164600
cfl=c:\Users\Pedro\faculdade\IniciacaoCientifica\grn\.env\Lib\site-packages\numba\core\compiler_lock.py
cfn=acquire
calls=610 11
19 2666900

fl=c:\Users\Pedro\faculdade\IniciacaoCientifica\grn\.env\Lib\site-packages\numba\core\compiler_lock.py
fn=__exit__
22 161500
cfl=c:\Users\Pedro\faculdade\IniciacaoCientifica\grn\.env\Lib\site-packages\numba\core\compiler_lock.py
cfn=release
calls=610 15
22 2794200

fl=c:\Users\Pedro\faculdade\IniciacaoCientifica\grn\.env\Lib\site-packages\numba\core\compiler_lock.py
fn=_acquire_compile_lock
32 48800
cfl=c:\Users\Pedro\faculdade\IniciacaoCientifica\grn\.env\Lib\site-packages\numba\core\compiler_lock.py
cfn=__enter__
calls=19 19
32 76700
cfl=c:\Users\Pedro\faculdade\IniciacaoCientifica\grn\.env\Lib\site-packages\numba\core\compiler_lock.py
cfn=__exit__
calls=18 22
32 94600
cfl=c:\Users\Pedro\faculdade\IniciacaoCientifica\grn\.env\Lib\site-packages\numba\core\compiler_machinery.py
cfn=_runPass
calls=17 267
32 0
cfl=c:\Users\Pedro\faculdade\IniciacaoCientifica\grn\.env\Lib\site-packages\numba\core\runtime\nrt.py
cfn=initialize
calls=1 19
32 100

fl=c:\Users\Pedro\faculdade\IniciacaoCientifica\grn\.env\Lib\site-packages\numba\core\compiler_machinery.py
fn=__enter__
23 12200
cfl=~
cfn=<built-in method time.perf_counter>
calls=53 0
23 6700

fl=c:\Users\Pedro\faculdade\IniciacaoCientifica\grn\.env\Lib\site-packages\numba\core\compiler_machinery.py
fn=__exit__
27 17900
cfl=~
cfn=<built-in method time.perf_counter>
calls=53 0
27 7600

fl=c:\Users\Pedro\faculdade\IniciacaoCientifica\grn\.env\Lib\site-packages\numba\core\compiler_machinery.py
fn=__init__:35
35 500

fl=c:\Users\Pedro\faculdade\IniciacaoCientifica\grn\.env\Lib\site-packages\numba\core\compiler_machinery.py
fn=name
40 12300

fl=c:\Users\Pedro\faculdade\IniciacaoCientifica\grn\.env\Lib\site-packages\numba\core\compiler_machinery.py
fn=analysis
68 5400

fl=c:\Users\Pedro\faculdade\IniciacaoCientifica\grn\.env\Lib\site-packages\numba\core\compiler_machinery.py
fn=run_initialization
75 1800

fl=c:\Users\Pedro\faculdade\IniciacaoCientifica\grn\.env\Lib\site-packages\numba\core\compiler_machinery.py
fn=run_finalizer
90 1800

fl=c:\Users\Pedro\faculdade\IniciacaoCientifica\grn\.env\Lib\site-packages\numba\core\compiler_machinery.py
fn=get_analysis_usage
97 2700

fl=c:\Users\Pedro\faculdade\IniciacaoCientifica\grn\.env\Lib\site-packages\numba\core\compiler_machinery.py
fn=get_analysis
102 600

fl=c:\Users\Pedro\faculdade\IniciacaoCientifica\grn\.env\Lib\site-packages\numba\core\compiler_machinery.py
fn=__init__:138
138 15700

fl=c:\Users\Pedro\faculdade\IniciacaoCientifica\grn\.env\Lib\site-packages\numba\core\compiler_machinery.py
fn=get_required_set
142 3000

fl=c:\Users\Pedro\faculdade\IniciacaoCientifica\grn\.env\Lib\site-packages\numba\core\compiler_machinery.py
fn=add_required
148 2200
cfl=~
cfn=<method 'add' of 'set' objects>
calls=10 0
148 1400

fl=c:\Users\Pedro\faculdade\IniciacaoCientifica\grn\.env\Lib\site-packages\numba\core\compiler_machinery.py
fn=__init__:176
176 1500

fl=c:\Users\Pedro\faculdade\IniciacaoCientifica\grn\.env\Lib\site-packages\numba\core\compiler_machinery.py
fn=_validate_pass
187 24400
cfl=C:\Users\Pedro\AppData\Local\Python\pythoncore-3.14-64\Lib\inspect.py
cfn=isclass
calls=27 184
187 7200
cfl=c:\Users\Pedro\faculdade\IniciacaoCientifica\grn\.env\Lib\site-packages\numba\core\compiler_machinery.py
cfn=is_registered
calls=27 428
187 10000
cfl=~
cfn=<built-in method builtins.isinstance>
calls=54 0
187 5000
cfl=~
cfn=<built-in method builtins.issubclass>
calls=27 0
187 19900

fl=c:\Users\Pedro\faculdade\IniciacaoCientifica\grn\.env\Lib\site-packages\numba\core\compiler_machinery.py
fn=add_pass
200 14700
cfl=c:\Users\Pedro\faculdade\IniciacaoCientifica\grn\.env\Lib\site-packages\numba\core\compiler_machinery.py
cfn=_validate_pass
calls=27 187
200 66500
cfl=~
cfn=<method 'append' of 'list' objects>
calls=27 0
200 2400

fl=c:\Users\Pedro\faculdade\IniciacaoCientifica\grn\.env\Lib\site-packages\numba\core\compiler_machinery.py
fn=_debug_init
226 4700
cfl=c:\Users\Pedro\faculdade\IniciacaoCientifica\grn\.env\Lib\site-packages\numba\core\compiler_machinery.py
cfn=parse
calls=12 228
226 1300

fl=c:\Users\Pedro\faculdade\IniciacaoCientifica\grn\.env\Lib\site-packages\numba\core\compiler_machinery.py
fn=parse
228 1300

fl=c:\Users\Pedro\faculdade\IniciacaoCientifica\grn\.env\Lib\site-packages\numba\core\compiler_machinery.py
fn=finalize
245 7500
cfl=c:\Users\Pedro\faculdade\IniciacaoCientifica\grn\.env\Lib\site-packages\numba\core\compiler_machinery.py
cfn=_debug_init
calls=4 226
245 6000
cfl=c:\Users\Pedro\faculdade\IniciacaoCientifica\grn\.env\Lib\site-packages\numba\core\compiler_machinery.py
cfn=dependency_analysis
calls=4 369
245 161100

fl=c:\Users\Pedro\faculdade\IniciacaoCientifica\grn\.env\Lib\site-packages\numba\core\compiler_machinery.py
fn=finalized
255 100

fl=c:\Users\Pedro\faculdade\IniciacaoCientifica\grn\.env\Lib\site-packages\numba\core\compiler_machinery.py
fn=_patch_error
259 700
cfl=~
cfn=<method 'format' of 'str' objects>
calls=1 0
259 1400

fl=c:\Users\Pedro\faculdade\IniciacaoCientifica\grn\.env\Lib\site-packages\numba\core\compiler_machinery.py
fn=_runPass
267 291900
cfl=<string>
cfn=<lambda>:1
calls=16 1
267 9700
cfl=C:\Users\Pedro\AppData\Local\Python\pythoncore-3.14-64\Lib\contextlib.py
cfn=__enter__:136
calls=36 136
267 158200
cfl=C:\Users\Pedro\AppData\Local\Python\pythoncore-3.14-64\Lib\contextlib.py
cfn=__exit__:145
calls=35 145
267 234500
cfl=C:\Users\Pedro\AppData\Local\Python\pythoncore-3.14-64\Lib\contextlib.py
cfn=helper
calls=36 303
267 57500
cfl=C:\Users\Pedro\AppData\Local\Python\pythoncore-3.14-64\Lib\threading.py
cfn=wait:651
calls=0 651
267 0
cfl=c:\Users\Pedro\faculdade\IniciacaoCientifica\grn\.env\Lib\site-packages\numba\core\compiler.py
cfn=__getattr__
calls=106 355
267 11200
cfl=c:\Users\Pedro\faculdade\IniciacaoCientifica\grn\.env\Lib\site-packages\numba\core\compiler_machinery.py
cfn=__enter__
calls=52 23
267 18500
cfl=c:\Users\Pedro\faculdade\IniciacaoCientifica\grn\.env\Lib\site-packages\numba\core\compiler_machinery.py
cfn=__exit__
calls=51 27
267 23300
cfl=c:\Users\Pedro\faculdade\IniciacaoCientifica\grn\.env\Lib\site-packages\numba\core\compiler_machinery.py
cfn=name
calls=86 40
267 11400
cfl=c:\Users\Pedro\faculdade\IniciacaoCientifica\grn\.env\Lib\site-packages\numba\core\compiler_machinery.py
cfn=analysis
calls=18 68
267 5400
cfl=c:\Users\Pedro\faculdade\IniciacaoCientifica\grn\.env\Lib\site-packages\numba\core\compiler_machinery.py
cfn=check
calls=51 271
267 1100
cfl=c:\Users\Pedro\faculdade\IniciacaoCientifica\grn\.env\Lib\site-packages\numba\core\compiler_machinery.py
cfn=debug_print
calls=34 279
267 5100
cfl=c:\Users\Pedro\faculdade\IniciacaoCientifica\grn\.env\Lib\site-packages\numba\core\ir_utils.py
cfn=enforce_no_dels
calls=16 2128
267 241900
cfl=c:\Users\Pedro\faculdade\IniciacaoCientifica\grn\.env\Lib\site-packages\numba\core\targetconfig.py
cfn=values
calls=18 197
267 354800
cfl=c:\Users\Pedro\faculdade\IniciacaoCientifica\grn\.env\Lib\site-packages\numba\core\types\abstract.py
cfn=__repr__
calls=36 115
267 6200
cfl=c:\Users\Pedro\faculdade\IniciacaoCientifica\grn\.env\Lib\site-packages\numba\core\types\npytypes.py
cfn=__repr__
calls=54 523
267 73500
cfl=c:\Users\Pedro\faculdade\IniciacaoCientifica\grn\.env\Lib\site-packages\numba\core\utils.py
cfn=__init__:767
calls=18 767
267 3500
cfl=~
cfn=<built-in method builtins.isinstance>
calls=16 0
267 17200

fl=c:\Users\Pedro\faculdade\IniciacaoCientifica\grn\.env\Lib\site-packages\numba\core\compiler_machinery.py
fn=check
271 81100
cfl=c:\Users\Pedro\faculdade\IniciacaoCientifica\grn\.env\Lib\site-packages\numba\core\compiler_machinery.py
cfn=run_initialization
calls=18 75
271 1800
cfl=c:\Users\Pedro\faculdade\IniciacaoCientifica\grn\.env\Lib\site-packages\numba\core\compiler_machinery.py
cfn=run_finalizer
calls=17 90
271 1800
cfl=c:\Users\Pedro\faculdade\IniciacaoCientifica\grn\.env\Lib\site-packages\numba\core\typed_passes.py
cfn=run_pass
calls=1 107
271 2078800
cfl=c:\Users\Pedro\faculdade\IniciacaoCientifica\grn\.env\Lib\site-packages\numba\core\untyped_passes.py
cfn=run_pass:79
calls=0 79
271 0
cfl=c:\Users\Pedro\faculdade\IniciacaoCientifica\grn\.env\Lib\site-packages\numba\core\untyped_passes.py
cfn=run_pass:98
calls=1 98
271 1200
cfl=c:\Users\Pedro\faculdade\IniciacaoCientifica\grn\.env\Lib\site-packages\numba\core\untyped_passes.py
cfn=run_pass:118
calls=1 118
271 1277100
cfl=c:\Users\Pedro\faculdade\IniciacaoCientifica\grn\.env\Lib\site-packages\numba\core\untyped_passes.py
cfn=run_pass:140
calls=1 140
271 136100
cfl=c:\Users\Pedro\faculdade\IniciacaoCientifica\grn\.env\Lib\site-packages\numba\core\untyped_passes.py
cfn=run_pass:162
calls=3 162
271 269400
cfl=c:\Users\Pedro\faculdade\IniciacaoCientifica\grn\.env\Lib\site-packages\numba\core\untyped_passes.py
cfn=run_pass:192
calls=1 192
271 4753300
cfl=c:\Users\Pedro\faculdade\IniciacaoCientifica\grn\.env\Lib\site-packages\numba\core\untyped_passes.py
cfn=run_pass:224
calls=1 224
271 5093400
cfl=c:\Users\Pedro\faculdade\IniciacaoCientifica\grn\.env\Lib\site-packages\numba\core\untyped_passes.py
cfn=run_pass:245
calls=1 245
271 130000
cfl=c:\Users\Pedro\faculdade\IniciacaoCientifica\grn\.env\Lib\site-packages\numba\core\untyped_passes.py
cfn=run_pass:284
calls=1 284
271 160000
cfl=c:\Users\Pedro\faculdade\IniciacaoCientifica\grn\.env\Lib\site-packages\numba\core\untyped_passes.py
cfn=run_pass:425
calls=1 425
271 118800
cfl=c:\Users\Pedro\faculdade\IniciacaoCientifica\grn\.env\Lib\site-packages\numba\core\untyped_passes.py
cfn=run_pass:571
calls=1 571
271 35800
cfl=c:\Users\Pedro\faculdade\IniciacaoCientifica\grn\.env\Lib\site-packages\numba\core\untyped_passes.py
cfn=run_pass:1639
calls=1 1639
271 46800
cfl=c:\Users\Pedro\faculdade\IniciacaoCientifica\grn\.env\Lib\site-packages\numba\core\untyped_passes.py
cfn=run_pass:1685
calls=1 1685
271 46400
cfl=c:\Users\Pedro\faculdade\IniciacaoCientifica\grn\.env\Lib\site-packages\numba\core\untyped_passes.py
cfn=run_pass:1755
calls=1 1755
271 2302000
cfl=c:\Users\Pedro\faculdade\IniciacaoCientifica\grn\.env\Lib\site-packages\numba\core\untyped_passes.py
cfn=run_pass:1798
calls=1 1798
271 16900

fl=c:\Users\Pedro\faculdade\IniciacaoCientifica\grn\.env\Lib\site-packages\numba\core\compiler_machinery.py
fn=debug_print
279 5300

fl=c:\Users\Pedro\faculdade\IniciacaoCientifica\grn\.env\Lib\site-packages\numba\core\compiler_machinery.py
fn=run
342 39700
cfl=<string>
cfn=<lambda>:1
calls=1 1
342 1100
cfl=C:\Users\Pedro\AppData\Local\Python\pythoncore-3.14-64\Lib\contextlib.py
cfn=__exit__:145
calls=2 145
342 24500
cfl=c:\Users\Pedro\faculdade\IniciacaoCientifica\grn\.env\Lib\site-packages\numba\core\compiler.py
cfn=__getattr__
calls=1 355
342 100
cfl=c:\Users\Pedro\faculdade\IniciacaoCientifica\grn\.env\Lib\site-packages\numba\core\compiler_lock.py
cfn=_acquire_compile_lock
calls=0 32
342 0
cfl=c:\Users\Pedro\faculdade\IniciacaoCientifica\grn\.env\Lib\site-packages\numba\core\compiler_machinery.py
cfn=__enter__
calls=1 23
342 400
cfl=c:\Users\Pedro\faculdade\IniciacaoCientifica\grn\.env\Lib\site-packages\numba\core\compiler_machinery.py
cfn=__exit__
calls=2 27
342 2200
cfl=c:\Users\Pedro\faculdade\IniciacaoCientifica\grn\.env\Lib\site-packages\numba\core\compiler_machinery.py
cfn=name
calls=2 40
342 900
cfl=c:\Users\Pedro\faculdade\IniciacaoCientifica\grn\.env\Lib\site-packages\numba\core\compiler_machinery.py
cfn=finalized
calls=1 255
342 100
cfl=c:\Users\Pedro\faculdade\IniciacaoCientifica\grn\.env\Lib\site-packages\numba\core\compiler_machinery.py
cfn=check
calls=1 271
342 1500
cfl=c:\Users\Pedro\faculdade\IniciacaoCientifica\grn\.env\Lib\site-packages\numba\core\compiler_machinery.py
cfn=debug_print
calls=1 279
342 200
cfl=c:\Users\Pedro\faculdade\IniciacaoCientifica\grn\.env\Lib\site-packages\numba\core\compiler_machinery.py
cfn=get
calls=1 431
342 500
cfl=c:\Users\Pedro\faculdade\IniciacaoCientifica\grn\.env\Lib\site-packages\numba\core\ir_utils.py
cfn=enforce_no_dels
calls=1 2128
342 20800
cfl=c:\Users\Pedro\faculdade\IniciacaoCientifica\grn\.env\Lib\site-packages\numba\core\tracing.py
cfn=noevent
calls=1 216
342 100
cfl=~
cfn=<built-in method builtins.isinstance>
calls=2 0
342 3700

fl=c:\Users\Pedro\faculdade\IniciacaoCientifica\grn\.env\Lib\site-packages\numba\core\compiler_machinery.py
fn=dependency_analysis
369 86300
cfl=c:\Users\Pedro\faculdade\IniciacaoCientifica\grn\.env\Lib\site-packages\numba\core\compiler_machinery.py
cfn=get_analysis_usage
calls=44 97
369 2700
cfl=c:\Users\Pedro\faculdade\IniciacaoCientifica\grn\.env\Lib\site-packages\numba\core\compiler_machinery.py
cfn=__init__:138
calls=54 138
369 15700
cfl=c:\Users\Pedro\faculdade\IniciacaoCientifica\grn\.env\Lib\site-packages\numba\core\compiler_machinery.py
cfn=get_required_set
calls=50 142
369 3000
cfl=c:\Users\Pedro\faculdade\IniciacaoCientifica\grn\.env\Lib\site-packages\numba\core\compiler_machinery.py
cfn=resolve_requires
calls=50 384
369 19200
cfl=c:\Users\Pedro\faculdade\IniciacaoCientifica\grn\.env\Lib\site-packages\numba\core\compiler_machinery.py
cfn=get
calls=54 431
369 26600
cfl=c:\Users\Pedro\faculdade\IniciacaoCientifica\grn\.env\Lib\site-packages\numba\core\typed_passes.py
cfn=get_analysis_usage
calls=2 192
369 1200
cfl=c:\Users\Pedro\faculdade\IniciacaoCientifica\grn\.env\Lib\site-packages\numba\core\untyped_passes.py
cfn=get_analysis_usage:181
calls=6 181
369 4000
cfl=c:\Users\Pedro\faculdade\IniciacaoCientifica\grn\.env\Lib\site-packages\numba\core\untyped_passes.py
cfn=get_analysis_usage:1673
calls=2 1673
369 1200
cfl=~
cfn=<method 'items' of 'dict' objects>
calls=8 0
369 1200

fl=c:\Users\Pedro\faculdade\IniciacaoCientifica\grn\.env\Lib\site-packages\numba\core\compiler_machinery.py
fn=resolve_requires
384 17700
cfl=c:\Users\Pedro\faculdade\IniciacaoCientifica\grn\.env\Lib\site-packages\numba\core\compiler_machinery.py
cfn=walk
calls=6 385
384 1500

fl=c:\Users\Pedro\faculdade\IniciacaoCientifica\grn\.env\Lib\site-packages\numba\core\compiler_machinery.py
fn=walk
385 1500

fl=c:\Users\Pedro\faculdade\IniciacaoCientifica\grn\.env\Lib\site-packages\numba\core\compiler_machinery.py
fn=is_registered
428 23400
cfl=~
cfn=<method 'keys' of 'dict' objects>
calls=99 0
428 12300

fl=c:\Users\Pedro\faculdade\IniciacaoCientifica\grn\.env\Lib\site-packages\numba\core\compiler_machinery.py
fn=get
431 17600
cfl=c:\Users\Pedro\faculdade\IniciacaoCientifica\grn\.env\Lib\site-packages\numba\core\compiler_machinery.py
cfn=is_registered
calls=72 428
431 25700

fl=c:\Users\Pedro\faculdade\IniciacaoCientifica\grn\.env\Lib\site-packages\numba\core\config.py
fn=update
125 31900
cfl=<frozen _collections_abc>
cfn=items
calls=1 811
125 2000
cfl=<frozen _collections_abc>
cfn=__iter__:881
calls=122 881
125 163600
cfl=c:\Users\Pedro\faculdade\IniciacaoCientifica\grn\.env\Lib\site-packages\numba\core\config.py
cfn=validate
calls=1 158
125 300
cfl=~
cfn=<built-in method nt._path_exists>
calls=1 0
125 35800
cfl=~
cfn=<method 'startswith' of 'str' objects>
calls=121 0
125 9800

fl=c:\Users\Pedro\faculdade\IniciacaoCientifica\grn\.env\Lib\site-packages\numba\core\config.py
fn=validate
158 300

fl=c:\Users\Pedro\faculdade\IniciacaoCientifica\grn\.env\Lib\site-packages\numba\core\config.py
fn=reload_config
596 3200
cfl=c:\Users\Pedro\faculdade\IniciacaoCientifica\grn\.env\Lib\site-packages\numba\core\config.py
cfn=update
calls=1 125
596 243400

fl=c:\Users\Pedro\faculdade\IniciacaoCientifica\grn\.env\Lib\site-packages\numba\core\consts.py
fn=__init__
18 1600
cfl=~
cfn=<built-in method _weakref.proxy>
calls=1 0
18 500

fl=c:\Users\Pedro\faculdade\IniciacaoCientifica\grn\.env\Lib\site-packages\numba\core\consts.py
fn=infer_constant
24 24900
cfl=c:\Users\Pedro\faculdade\IniciacaoCientifica\grn\.env\Lib\site-packages\numba\core\consts.py
cfn=_do_infer
calls=33 56
24 3185700
cfl=c:\Users\Pedro\faculdade\IniciacaoCientifica\grn\.env\Lib\site-packages\numba\core\errors.py
cfn=__init__:748
calls=3 748
24 122500
cfl=~
cfn=<built-in method builtins.issubclass>
calls=3 0
24 400

fl=c:\Users\Pedro\faculdade\IniciacaoCientifica\grn\.env\Lib\site-packages\numba\core\consts.py
fn=_fail
47 2600
cfl=c:\Users\Pedro\faculdade\IniciacaoCientifica\grn\.env\Lib\site-packages\numba\core\errors.py
cfn=__init__:748
calls=1 748
47 44400
cfl=c:\Users\Pedro\faculdade\IniciacaoCientifica\grn\.env\Lib\site-packages\numba\core\ir.py
cfn=__repr__
calls=1 592
47 5100

fl=c:\Users\Pedro\faculdade\IniciacaoCientifica\grn\.env\Lib\site-packages\numba\core\consts.py
fn=_do_infer
56 41700
cfl=c:\Users\Pedro\faculdade\IniciacaoCientifica\grn\.env\Lib\site-packages\numba\core\consts.py
cfn=_infer_expr
calls=10 73
56 117700
cfl=c:\Users\Pedro\faculdade\IniciacaoCientifica\grn\.env\Lib\site-packages\numba\core\ir.py
cfn=infer_constant:614
calls=10 614
56 2997600
cfl=c:\Users\Pedro\faculdade\IniciacaoCientifica\grn\.env\Lib\site-packages\numba\core\ir.py
cfn=infer_constant:1030
calls=12 1030
56 1300
cfl=c:\Users\Pedro\faculdade\IniciacaoCientifica\grn\.env\Lib\site-packages\numba\core\ir.py
cfn=infer_constant:1051
calls=11 1051
56 1500
cfl=c:\Users\Pedro\faculdade\IniciacaoCientifica\grn\.env\Lib\site-packages\numba\core\ir.py
cfn=get_definition
calls=33 1553
56 46800
cfl=~
cfn=<built-in method builtins.isinstance>
calls=43 0
56 3400

fl=c:\Users\Pedro\faculdade\IniciacaoCientifica\grn\.env\Lib\site-packages\numba\core\consts.py
fn=_infer_expr
73 14200
cfl=c:\Users\Pedro\faculdade\IniciacaoCientifica\grn\.env\Lib\site-packages\numba\core\consts.py
cfn=infer_constant
calls=9 24
73 29900
cfl=c:\Users\Pedro\faculdade\IniciacaoCientifica\grn\.env\Lib\site-packages\numba\core\consts.py
cfn=_fail
calls=1 47
73 52100
cfl=c:\Users\Pedro\faculdade\IniciacaoCientifica\grn\.env\Lib\site-packages\numba\core\consts.py
cfn=_infer_getattr
calls=9 111
73 16400
cfl=c:\Users\Pedro\faculdade\IniciacaoCientifica\grn\.env\Lib\site-packages\numba\core\ir.py
cfn=__getattr__
calls=9 387
73 5100

fl=c:\Users\Pedro\faculdade\IniciacaoCientifica\grn\.env\Lib\site-packages\numba\core\consts.py
fn=_infer_getattr
111 7700
cfl=c:\Users\Pedro\faculdade\IniciacaoCientifica\grn\.env\Lib\site-packages\numba\core\ir.py
cfn=__getattr__
calls=9 387
111 4500
cfl=~
cfn=<built-in method builtins.getattr>
calls=9 0
111 3600
cfl=~
cfn=<built-in method builtins.isinstance>
calls=9 0
111 600

fl=c:\Users\Pedro\faculdade\IniciacaoCientifica\grn\.env\Lib\site-packages\numba\core\controlflow.py
fn=__eq__:72
72 2700
cfl=c:\Users\Pedro\faculdade\IniciacaoCientifica\grn\.env\Lib\site-packages\numba\core\controlflow.py
cfn=_non_empty_items
calls=4 87
72 5700
cfl=~
cfn=<built-in method builtins.isinstance>
calls=2 0
72 100

fl=c:\Users\Pedro\faculdade\IniciacaoCientifica\grn\.env\Lib\site-packages\numba\core\controlflow.py
fn=__ne__:80
80 1700
cfl=c:\Users\Pedro\faculdade\IniciacaoCientifica\grn\.env\Lib\site-packages\numba\core\controlflow.py
cfn=__eq__:72
calls=2 72
80 8500

fl=c:\Users\Pedro\faculdade\IniciacaoCientifica\grn\.env\Lib\site-packages\numba\core\controlflow.py
fn=_non_empty_items
87 3100
cfl=~
cfn=<built-in method builtins.sorted>
calls=4 0
87 2000
cfl=~
cfn=<method 'items' of 'dict' objects>
calls=4 0
87 600

fl=c:\Users\Pedro\faculdade\IniciacaoCientifica\grn\.env\Lib\site-packages\numba\core\controlflow.py
fn=__init__
96 18700

fl=c:\Users\Pedro\faculdade\IniciacaoCientifica\grn\.env\Lib\site-packages\numba\core\controlflow.py
fn=add_node
103 14500
cfl=~
cfn=<method 'add' of 'set' objects>
calls=72 0
103 9600

fl=c:\Users\Pedro\faculdade\IniciacaoCientifica\grn\.env\Lib\site-packages\numba\core\controlflow.py
fn=add_edge
110 25300
cfl=c:\Users\Pedro\faculdade\IniciacaoCientifica\grn\.env\Lib\site-packages\numba\core\controlflow.py
cfn=_add_edge
calls=72 375
110 63400

fl=c:\Users\Pedro\faculdade\IniciacaoCientifica\grn\.env\Lib\site-packages\numba\core\controlflow.py
fn=successors
125 40500

fl=c:\Users\Pedro\faculdade\IniciacaoCientifica\grn\.env\Lib\site-packages\numba\core\controlflow.py
fn=predecessors
133 15700

fl=c:\Users\Pedro\faculdade\IniciacaoCientifica\grn\.env\Lib\site-packages\numba\core\controlflow.py
fn=set_entry_point
141 3600

fl=c:\Users\Pedro\faculdade\IniciacaoCientifica\grn\.env\Lib\site-packages\numba\core\controlflow.py
fn=process
148 8100
cfl=c:\Users\Pedro\faculdade\IniciacaoCientifica\grn\.env\Lib\site-packages\numba\core\controlflow.py
cfn=_eliminate_dead_blocks
calls=18 403
148 130300

fl=c:\Users\Pedro\faculdade\IniciacaoCientifica\grn\.env\Lib\site-packages\numba\core\controlflow.py
fn=dominators
158 800
cfl=C:\Users\Pedro\AppData\Local\Python\pythoncore-3.14-64\Lib\functools.py
cfn=__get__
calls=1 1110
158 10200

fl=c:\Users\Pedro\faculdade\IniciacaoCientifica\grn\.env\Lib\site-packages\numba\core\controlflow.py
fn=dominance_frontier
186 900
cfl=C:\Users\Pedro\AppData\Local\Python\pythoncore-3.14-64\Lib\functools.py
cfn=__get__
calls=1 1110
186 43300

fl=c:\Users\Pedro\faculdade\IniciacaoCientifica\grn\.env\Lib\site-packages\numba\core\controlflow.py
fn=_exit_points
206 1100
cfl=c:\Users\Pedro\faculdade\IniciacaoCientifica\grn\.env\Lib\site-packages\numba\core\controlflow.py
cfn=_find_exit_points
calls=1 417
206 2700

fl=c:\Users\Pedro\faculdade\IniciacaoCientifica\grn\.env\Lib\site-packages\numba\core\controlflow.py
fn=_doms
210 600
cfl=c:\Users\Pedro\faculdade\IniciacaoCientifica\grn\.env\Lib\site-packages\numba\core\controlflow.py
cfn=_find_dominators
calls=1 577
210 8300

fl=c:\Users\Pedro\faculdade\IniciacaoCientifica\grn\.env\Lib\site-packages\numba\core\controlflow.py
fn=_back_edges
214 14500
cfl=c:\Users\Pedro\faculdade\IniciacaoCientifica\grn\.env\Lib\site-packages\numba\core\controlflow.py
cfn=_find_back_edges
calls=14 616
214 158200

fl=c:\Users\Pedro\faculdade\IniciacaoCientifica\grn\.env\Lib\site-packages\numba\core\controlflow.py
fn=_topo_order
218 2600
cfl=c:\Users\Pedro\faculdade\IniciacaoCientifica\grn\.env\Lib\site-packages\numba\core\controlflow.py
cfn=_find_topo_order
calls=6 678
218 129300

fl=c:\Users\Pedro\faculdade\IniciacaoCientifica\grn\.env\Lib\site-packages\numba\core\controlflow.py
fn=_loops
226 6800
cfl=c:\Users\Pedro\faculdade\IniciacaoCientifica\grn\.env\Lib\site-packages\numba\core\controlflow.py
cfn=_find_loops
calls=7 691
226 157700

fl=c:\Users\Pedro\faculdade\IniciacaoCientifica\grn\.env\Lib\site-packages\numba\core\controlflow.py
fn=_in_loops
230 1400
cfl=c:\Users\Pedro\faculdade\IniciacaoCientifica\grn\.env\Lib\site-packages\numba\core\controlflow.py
cfn=_find_in_loops
calls=1 727
230 6900

fl=c:\Users\Pedro\faculdade\IniciacaoCientifica\grn\.env\Lib\site-packages\numba\core\controlflow.py
fn=_post_doms
234 2300
cfl=c:\Users\Pedro\faculdade\IniciacaoCientifica\grn\.env\Lib\site-packages\numba\core\controlflow.py
cfn=_find_post_dominators
calls=1 580
234 103800

fl=c:\Users\Pedro\faculdade\IniciacaoCientifica\grn\.env\Lib\site-packages\numba\core\controlflow.py
fn=_idom
238 1100
cfl=c:\Users\Pedro\faculdade\IniciacaoCientifica\grn\.env\Lib\site-packages\numba\core\controlflow.py
cfn=_find_immediate_dominators
calls=1 461
238 32500

fl=c:\Users\Pedro\faculdade\IniciacaoCientifica\grn\.env\Lib\site-packages\numba\core\controlflow.py
fn=_df
242 1800
cfl=c:\Users\Pedro\faculdade\IniciacaoCientifica\grn\.env\Lib\site-packages\numba\core\controlflow.py
cfn=_find_dominance_frontier
calls=1 530
242 40100

fl=c:\Users\Pedro\faculdade\IniciacaoCientifica\grn\.env\Lib\site-packages\numba\core\controlflow.py
fn=entry_point
257 3500

fl=c:\Users\Pedro\faculdade\IniciacaoCientifica\grn\.env\Lib\site-packages\numba\core\controlflow.py
fn=backbone
270 3000
cfl=C:\Users\Pedro\AppData\Local\Python\pythoncore-3.14-64\Lib\functools.py
cfn=__get__
calls=1 1110
270 107900

fl=c:\Users\Pedro\faculdade\IniciacaoCientifica\grn\.env\Lib\site-packages\numba\core\controlflow.py
fn=loops
279 4700
cfl=C:\Users\Pedro\AppData\Local\Python\pythoncore-3.14-64\Lib\functools.py
cfn=__get__
calls=6 1110
279 137900

fl=c:\Users\Pedro\faculdade\IniciacaoCientifica\grn\.env\Lib\site-packages\numba\core\controlflow.py
fn=in_loops
286 2100
cfl=C:\Users\Pedro\AppData\Local\Python\pythoncore-3.14-64\Lib\functools.py
cfn=__get__
calls=1 1110
286 9400
cfl=~
cfn=<method 'get' of 'dict' objects>
calls=4 0
286 700

fl=c:\Users\Pedro\faculdade\IniciacaoCientifica\grn\.env\Lib\site-packages\numba\core\controlflow.py
fn=dead_nodes
293 500

fl=c:\Users\Pedro\faculdade\IniciacaoCientifica\grn\.env\Lib\site-packages\numba\core\controlflow.py
fn=topo_order
305 3000
cfl=C:\Users\Pedro\AppData\Local\Python\pythoncore-3.14-64\Lib\functools.py
cfn=__get__
calls=5 1110
305 115100

fl=c:\Users\Pedro\faculdade\IniciacaoCientifica\grn\.env\Lib\site-packages\numba\core\controlflow.py
fn=topo_sort
312 1100
cfl=C:\Users\Pedro\AppData\Local\Python\pythoncore-3.14-64\Lib\functools.py
cfn=__get__
calls=1 1110
312 22000

fl=c:\Users\Pedro\faculdade\IniciacaoCientifica\grn\.env\Lib\site-packages\numba\core\controlflow.py
fn=_add_edge
375 51100
cfl=~
cfn=<method 'add' of 'set' objects>
calls=146 0
375 13400

fl=c:\Users\Pedro\faculdade\IniciacaoCientifica\grn\.env\Lib\site-packages\numba\core\controlflow.py
fn=_remove_node_edges
382 1400
cfl=~
cfn=<method 'pop' of 'dict' objects>
calls=2 0
382 600
cfl=~
cfn=<method 'remove' of 'set' objects>
calls=1 0
382 100

fl=c:\Users\Pedro\faculdade\IniciacaoCientifica\grn\.env\Lib\site-packages\numba\core\controlflow.py
fn=_dfs
390 61200
cfl=~
cfn=<method 'add' of 'set' objects>
calls=72 0
390 6300
cfl=~
cfn=<method 'append' of 'list' objects>
calls=72 0
390 6800
cfl=~
cfn=<method 'pop' of 'list' objects>
calls=90 0
390 11000

fl=c:\Users\Pedro\faculdade\IniciacaoCientifica\grn\.env\Lib\site-packages\numba\core\controlflow.py
fn=_eliminate_dead_blocks
403 39000
cfl=c:\Users\Pedro\faculdade\IniciacaoCientifica\grn\.env\Lib\site-packages\numba\core\controlflow.py
cfn=_dfs
calls=90 390
403 85300
cfl=~
cfn=<method 'add' of 'set' objects>
calls=72 0
403 6000

fl=c:\Users\Pedro\faculdade\IniciacaoCientifica\grn\.env\Lib\site-packages\numba\core\controlflow.py
fn=_find_exit_points
417 1800
cfl=~
cfn=<method 'add' of 'set' objects>
calls=1 0
417 100
cfl=~
cfn=<method 'get' of 'dict' objects>
calls=4 0
417 800

fl=c:\Users\Pedro\faculdade\IniciacaoCientifica\grn\.env\Lib\site-packages\numba\core\controlflow.py
fn=_find_postorder
427 41100
cfl=C:\Users\Pedro\AppData\Local\Python\pythoncore-3.14-64\Lib\functools.py
cfn=__get__
calls=6 1110
427 73400
cfl=~
cfn=<method 'add' of 'set' objects>
calls=33 0
427 3100
cfl=~
cfn=<method 'append' of 'list' objects>
calls=91 0
427 7800
cfl=~
cfn=<method 'pop' of 'list' objects>
calls=66 0
427 6200

fl=c:\Users\Pedro\faculdade\IniciacaoCientifica\grn\.env\Lib\site-packages\numba\core\controlflow.py
fn=_find_reverse_postorder
458 10100
cfl=c:\Users\Pedro\faculdade\IniciacaoCientifica\grn\.env\Lib\site-packages\numba\core\controlflow.py
cfn=_find_postorder
calls=6 427
458 116400

fl=c:\Users\Pedro\faculdade\IniciacaoCientifica\grn\.env\Lib\site-packages\numba\core\controlflow.py
fn=_find_immediate_dominators
461 16100
cfl=C:\Users\Pedro\AppData\Local\Python\pythoncore-3.14-64\Lib\functools.py
cfn=__get__
calls=1 1110
461 13300
cfl=c:\Users\Pedro\faculdade\IniciacaoCientifica\grn\.env\Lib\site-packages\numba\core\controlflow.py
cfn=_find_postorder
calls=2 427
461 15200
cfl=~
cfn=<built-in method _functools.reduce>
calls=14 0
461 13800
cfl=~
cfn=<method 'pop' of 'list' objects>
calls=2 0
461 200
cfl=~
cfn=<method 'reverse' of 'list' objects>
calls=2 0
461 400

fl=c:\Users\Pedro\faculdade\IniciacaoCientifica\grn\.env\Lib\site-packages\numba\core\controlflow.py
fn=intersect
477 1400

fl=c:\Users\Pedro\faculdade\IniciacaoCientifica\grn\.env\Lib\site-packages\numba\core\controlflow.py
fn=<genexpr>:509
509 3900

fl=c:\Users\Pedro\faculdade\IniciacaoCientifica\grn\.env\Lib\site-packages\numba\core\controlflow.py
fn=_find_dominance_frontier
530 3900
cfl=C:\Users\Pedro\AppData\Local\Python\pythoncore-3.14-64\Lib\functools.py
cfn=__get__
calls=1 1110
530 35800
cfl=~
cfn=<built-in method builtins.len>
calls=4 0
530 300
cfl=~
cfn=<method 'add' of 'set' objects>
calls=2 0
530 100

fl=c:\Users\Pedro\faculdade\IniciacaoCientifica\grn\.env\Lib\site-packages\numba\core\controlflow.py
fn=_find_dominators_from_immediate_doms
545 11600
cfl=~
cfn=<method 'append' of 'list' objects>
calls=5 0
545 400
cfl=~
cfn=<method 'keys' of 'dict' objects>
calls=2 0
545 300
cfl=~
cfn=<method 'pop' of 'list' objects>
calls=14 0
545 1700
cfl=~
cfn=<method 'update' of 'set' objects>
calls=7 0
545 1400

fl=c:\Users\Pedro\faculdade\IniciacaoCientifica\grn\.env\Lib\site-packages\numba\core\controlflow.py
fn=_find_dominators
577 600
cfl=c:\Users\Pedro\faculdade\IniciacaoCientifica\grn\.env\Lib\site-packages\numba\core\controlflow.py
cfn=_find_dominators_from_immediate_doms
calls=1 545
577 7700

fl=c:\Users\Pedro\faculdade\IniciacaoCientifica\grn\.env\Lib\site-packages\numba\core\controlflow.py
fn=_find_post_dominators
580 11600
cfl=C:\Users\Pedro\AppData\Local\Python\pythoncore-3.14-64\Lib\functools.py
cfn=__get__
calls=2 1110
580 42400
cfl=c:\Users\Pedro\faculdade\IniciacaoCientifica\grn\.env\Lib\site-packages\numba\core\controlflow.py
cfn=_add_edge
calls=1 375
580 1100
cfl=c:\Users\Pedro\faculdade\IniciacaoCientifica\grn\.env\Lib\site-packages\numba\core\controlflow.py
cfn=_remove_node_edges
calls=1 382
580 2100
cfl=c:\Users\Pedro\faculdade\IniciacaoCientifica\grn\.env\Lib\site-packages\numba\core\controlflow.py
cfn=_find_immediate_dominators
calls=1 461
580 26500
cfl=c:\Users\Pedro\faculdade\IniciacaoCientifica\grn\.env\Lib\site-packages\numba\core\controlflow.py
cfn=_find_dominators_from_immediate_doms
calls=1 545
580 7700
cfl=c:\Users\Pedro\faculdade\IniciacaoCientifica\grn\.env\Lib\site-packages\numba\core\controlflow.py
cfn=_find_back_edges
calls=1 616
580 11600
cfl=~
cfn=<method 'discard' of 'set' objects>
calls=4 0
580 500
cfl=~
cfn=<method 'values' of 'dict' objects>
calls=2 0
580 300

fl=c:\Users\Pedro\faculdade\IniciacaoCientifica\grn\.env\Lib\site-packages\numba\core\controlflow.py
fn=_find_back_edges
616 86600
cfl=c:\Users\Pedro\faculdade\IniciacaoCientifica\grn\.env\Lib\site-packages\numba\core\controlflow.py
cfn=entry_point
calls=14 257
616 3500
cfl=c:\Users\Pedro\faculdade\IniciacaoCientifica\grn\.env\Lib\site-packages\numba\core\controlflow.py
cfn=push_state
calls=62 644
616 48600
cfl=~
cfn=<method 'add' of 'set' objects>
calls=77 0
616 8500
cfl=~
cfn=<method 'pop' of 'list' objects>
calls=124 0
616 13700
cfl=~
cfn=<method 'remove' of 'set' objects>
calls=62 0
616 8900

fl=c:\Users\Pedro\faculdade\IniciacaoCientifica\grn\.env\Lib\site-packages\numba\core\controlflow.py
fn=push_state
644 36100
cfl=~
cfn=<method 'add' of 'set' objects>
calls=62 0
644 6200
cfl=~
cfn=<method 'append' of 'list' objects>
calls=62 0
644 6300

fl=c:\Users\Pedro\faculdade\IniciacaoCientifica\grn\.env\Lib\site-packages\numba\core\controlflow.py
fn=_find_topo_order
678 2800
cfl=c:\Users\Pedro\faculdade\IniciacaoCientifica\grn\.env\Lib\site-packages\numba\core\controlflow.py
cfn=_find_reverse_postorder
calls=6 458
678 126500

fl=c:\Users\Pedro\faculdade\IniciacaoCientifica\grn\.env\Lib\site-packages\numba\core\controlflow.py
fn=_find_loops
691 44500
cfl=<string>
cfn=<lambda>:1
calls=7 1
691 6000
cfl=C:\Users\Pedro\AppData\Local\Python\pythoncore-3.14-64\Lib\functools.py
cfn=__get__
calls=7 1110
691 97800
cfl=~
cfn=<method 'add' of 'set' objects>
calls=7 0
691 700
cfl=~
cfn=<method 'extend' of 'list' objects>
calls=7 0
691 1700
cfl=~
cfn=<method 'items' of 'dict' objects>
calls=7 0
691 1200
cfl=~
cfn=<method 'pop' of 'list' objects>
calls=14 0
691 1600
cfl=~
cfn=<method 'update' of 'set' objects>
calls=28 0
691 4200

fl=c:\Users\Pedro\faculdade\IniciacaoCientifica\grn\.env\Lib\site-packages\numba\core\controlflow.py
fn=_find_in_loops
727 4300
cfl=c:\Users\Pedro\faculdade\IniciacaoCientifica\grn\.env\Lib\site-packages\numba\core\controlflow.py
cfn=<genexpr>:730
calls=5 730
727 600
cfl=~
cfn=<built-in method builtins.sorted>
calls=1 0
727 1600
cfl=~
cfn=<method 'append' of 'list' objects>
calls=2 0
727 200
cfl=~
cfn=<method 'values' of 'dict' objects>
calls=1 0
727 200

fl=c:\Users\Pedro\faculdade\IniciacaoCientifica\grn\.env\Lib\site-packages\numba\core\controlflow.py
fn=<genexpr>:730
730 600

fl=c:\Users\Pedro\faculdade\IniciacaoCientifica\grn\.env\Lib\site-packages\numba\core\controlflow.py
fn=<lambda>
733 500
cfl=~
cfn=<built-in method builtins.len>
calls=1 0
733 100

fl=c:\Users\Pedro\faculdade\IniciacaoCientifica\grn\.env\Lib\site-packages\numba\core\controlflow.py
fn=__eq__:744
744 3700
cfl=c:\Users\Pedro\faculdade\IniciacaoCientifica\grn\.env\Lib\site-packages\numba\core\controlflow.py
cfn=__ne__:80
calls=2 80
744 10200
cfl=~
cfn=<built-in method builtins.getattr>
calls=10 0
744 1100
cfl=~
cfn=<built-in method builtins.isinstance>
calls=1 0
744 100

fl=c:\Users\Pedro\faculdade\IniciacaoCientifica\grn\.env\Lib\site-packages\numba\core\controlflow.py
fn=__ne__:755
755 1100
cfl=c:\Users\Pedro\faculdade\IniciacaoCientifica\grn\.env\Lib\site-packages\numba\core\controlflow.py
cfn=__eq__:744
calls=1 744
755 15100

fl=c:\Users\Pedro\faculdade\IniciacaoCientifica\grn\.env\Lib\site-packages\numba\core\cpu.py
fn=load_additional_registries
102 24000
cfl=<frozen importlib._bootstrap>
cfn=_handle_fromlist
calls=16 1401
102 23600
cfl=c:\Users\Pedro\faculdade\IniciacaoCientifica\grn\.env\Lib\site-packages\numba\core\base.py
cfn=install_registry
calls=7 352
102 61500
cfl=c:\Users\Pedro\faculdade\IniciacaoCientifica\grn\.env\Lib\site-packages\numba\core\compiler_lock.py
cfn=_acquire_compile_lock
calls=1 32
102 19200
cfl=c:\Users\Pedro\faculdade\IniciacaoCientifica\grn\.env\Lib\site-packages\numba\core\entrypoints.py
cfn=init_all
calls=1 11
102 100

fl=c:\Users\Pedro\faculdade\IniciacaoCientifica\grn\.env\Lib\site-packages\numba\core\cpu.py
fn=codegen
157 600

fl=c:\Users\Pedro\faculdade\IniciacaoCientifica\grn\.env\Lib\site-packages\numba\core\cpu.py
fn=call_conv
160 1500
cfl=c:\Users\Pedro\faculdade\IniciacaoCientifica\grn\.env\Lib\site-packages\numba\core\callconv.py
cfn=__init__:60
calls=1 60
160 100

fl=c:\Users\Pedro\faculdade\IniciacaoCientifica\grn\.env\Lib\site-packages\numba\core\cpu.py
fn=finalize
335 7900
cfl=c:\Users\Pedro\faculdade\IniciacaoCientifica\grn\.env\Lib\site-packages\numba\core\targetconfig.py
cfn=getter
calls=2 111
335 1800
cfl=c:\Users\Pedro\faculdade\IniciacaoCientifica\grn\.env\Lib\site-packages\numba\core\targetconfig.py
cfn=setter
calls=4 114
335 1800
cfl=c:\Users\Pedro\faculdade\IniciacaoCientifica\grn\.env\Lib\site-packages\numba\core\targetconfig.py
cfn=is_set
calls=5 202
335 3000
cfl=c:\Users\Pedro\faculdade\IniciacaoCientifica\grn\.env\Lib\site-packages\numba\core\targetconfig.py
cfn=inherit_if_not_set
calls=4 216
335 22000

fl=c:\Users\Pedro\faculdade\IniciacaoCientifica\grn\.env\Lib\site-packages\numba\core\cpu_options.py
fn=__bool__
53 500

fl=c:\Users\Pedro\faculdade\IniciacaoCientifica\grn\.env\Lib\site-packages\numba\core\dispatcher.py
fn=compile:79
79 338700
cfl=c:\Users\Pedro\faculdade\IniciacaoCientifica\grn\.env\Lib\site-packages\numba\core\dispatcher.py
cfn=_compile_cached
calls=590 86
79 0

fl=c:\Users\Pedro\faculdade\IniciacaoCientifica\grn\.env\Lib\site-packages\numba\core\dispatcher.py
fn=_compile_cached
86 271800
cfl=c:\Users\Pedro\faculdade\IniciacaoCientifica\grn\.env\Lib\site-packages\numba\core\dispatcher.py
cfn=_compile_core
calls=0 101
86 0

fl=c:\Users\Pedro\faculdade\IniciacaoCientifica\grn\.env\Lib\site-packages\numba\core\dispatcher.py
fn=_compile_core
101 1500
cfl=c:\Users\Pedro\faculdade\IniciacaoCientifica\grn\.env\Lib\site-packages\numba\core\compiler.py
cfn=compile_extra:713
calls=0 713
101 0
cfl=c:\Users\Pedro\faculdade\IniciacaoCientifica\grn\.env\Lib\site-packages\numba\core\dispatcher.py
cfn=_get_implementation
calls=1 121
101 400
cfl=c:\Users\Pedro\faculdade\IniciacaoCientifica\grn\.env\Lib\site-packages\numba\core\dispatcher.py
cfn=_customize_flags
calls=1 124
101 100
cfl=c:\Users\Pedro\faculdade\IniciacaoCientifica\grn\.env\Lib\site-packages\numba\core\options.py
cfn=parse_as_flags
calls=1 30
101 96100
cfl=c:\Users\Pedro\faculdade\IniciacaoCientifica\grn\.env\Lib\site-packages\numba\core\registry.py
cfn=target_context
calls=1 25
101 900
cfl=c:\Users\Pedro\faculdade\IniciacaoCientifica\grn\.env\Lib\site-packages\numba\core\registry.py
cfn=typing_context
calls=1 32
101 400
cfl=c:\Users\Pedro\faculdade\IniciacaoCientifica\grn\.env\Lib\site-packages\numba\core\targetconfig.py
cfn=__init__:161
calls=1 161
101 200

fl=c:\Users\Pedro\faculdade\IniciacaoCientifica\grn\.env\Lib\site-packages\numba\core\dispatcher.py
fn=_get_implementation
121 400

fl=c:\Users\Pedro\faculdade\IniciacaoCientifica\grn\.env\Lib\site-packages\numba\core\dispatcher.py
fn=_customize_flags
124 100

fl=c:\Users\Pedro\faculdade\IniciacaoCientifica\grn\.env\Lib\site-packages\numba\core\dispatcher.py
fn=__enter__
178 102600

fl=c:\Users\Pedro\faculdade\IniciacaoCientifica\grn\.env\Lib\site-packages\numba\core\dispatcher.py
fn=__exit__
182 127200

fl=c:\Users\Pedro\faculdade\IniciacaoCientifica\grn\.env\Lib\site-packages\numba\core\dispatcher.py
fn=_compilation_chain_init_hook
235 236500
cfl=c:\Users\Pedro\faculdade\IniciacaoCientifica\grn\.env\Lib\site-packages\numba\core\entrypoints.py
cfn=init_all
calls=591 11
235 87700

fl=c:\Users\Pedro\faculdade\IniciacaoCientifica\grn\.env\Lib\site-packages\numba\core\dispatcher.py
fn=_compile_for_args
342 4625900
cfl=c:\Users\Pedro\faculdade\IniciacaoCientifica\grn\.env\Lib\site-packages\numba\core\dispatcher.py
cfn=_compilation_chain_init_hook
calls=591 235
342 324200
cfl=c:\Users\Pedro\faculdade\IniciacaoCientifica\grn\.env\Lib\site-packages\numba\core\dispatcher.py
cfn=error_rewrite
calls=590 352
342 1993600
cfl=c:\Users\Pedro\faculdade\IniciacaoCientifica\grn\.env\Lib\site-packages\numba\core\dispatcher.py
cfn=typeof_pyval
calls=2955 678
342 36416500
cfl=c:\Users\Pedro\faculdade\IniciacaoCientifica\grn\.env\Lib\site-packages\numba\core\dispatcher.py
cfn=compile:860
calls=590 860
342 0
cfl=c:\Users\Pedro\faculdade\IniciacaoCientifica\grn\.env\Lib\site-packages\numba\core\typing\typeof.py
cfn=typeof
calls=2950 27
342 27749700
cfl=~
cfn=<built-in method builtins.isinstance>
calls=5905 0
342 693100
cfl=~
cfn=<method 'append' of 'list' objects>
calls=2955 0
342 454200
cfl=~
cfn=<method 'clear' of 'set' objects>
calls=590 0
342 135800

fl=c:\Users\Pedro\faculdade\IniciacaoCientifica\grn\.env\Lib\site-packages\numba\core\dispatcher.py
fn=error_rewrite
352 339200
cfl=~
cfn=<method 'with_traceback' of 'BaseException' objects>
calls=591 0
352 1656600

fl=c:\Users\Pedro\faculdade\IniciacaoCientifica\grn\.env\Lib\site-packages\numba\core\dispatcher.py
fn=typeof_pyval
678 1634000
cfl=c:\Users\Pedro\faculdade\IniciacaoCientifica\grn\.env\Lib\site-packages\numba\core\typing\typeof.py
cfn=typeof
calls=2956 27
678 30579600
cfl=~
cfn=<method 'add' of 'set' objects>
calls=2956 0
678 4274700

fl=c:\Users\Pedro\faculdade\IniciacaoCientifica\grn\.env\Lib\site-packages\numba\core\dispatcher.py
fn=compile:860
860 4579400
cfl=C:\Users\Pedro\AppData\Local\Python\pythoncore-3.14-64\Lib\collections\__init__.py
cfn=__missing__
calls=1 616
860 100
cfl=C:\Users\Pedro\AppData\Local\Python\pythoncore-3.14-64\Lib\contextlib.py
cfn=__enter__:136
calls=591 136
860 3697000
cfl=C:\Users\Pedro\AppData\Local\Python\pythoncore-3.14-64\Lib\contextlib.py
cfn=__exit__:145
calls=590 145
860 3801100
cfl=C:\Users\Pedro\AppData\Local\Python\pythoncore-3.14-64\Lib\contextlib.py
cfn=helper
calls=1773 303
860 1817600
cfl=C:\Users\Pedro\AppData\Local\Python\pythoncore-3.14-64\Lib\contextlib.py
cfn=__init__:485
calls=591 485
860 207800
cfl=C:\Users\Pedro\AppData\Local\Python\pythoncore-3.14-64\Lib\contextlib.py
cfn=enter_context
calls=1773 515
860 11836800
cfl=C:\Users\Pedro\AppData\Local\Python\pythoncore-3.14-64\Lib\contextlib.py
cfn=__enter__:568
calls=591 568
860 53400
cfl=C:\Users\Pedro\AppData\Local\Python\pythoncore-3.14-64\Lib\contextlib.py
cfn=__exit__:571
calls=590 571
860 9837800
cfl=c:\Users\Pedro\faculdade\IniciacaoCientifica\grn\.env\Lib\site-packages\numba\core\caching.py
cfn=load_overload
calls=591 87
860 56400
cfl=c:\Users\Pedro\faculdade\IniciacaoCientifica\grn\.env\Lib\site-packages\numba\core\dispatcher.py
cfn=compile:79
calls=590 79
860 0
cfl=c:\Users\Pedro\faculdade\IniciacaoCientifica\grn\.env\Lib\site-packages\numba\core\dispatcher.py
cfn=__enter__
calls=591 178
860 102600
cfl=c:\Users\Pedro\faculdade\IniciacaoCientifica\grn\.env\Lib\site-packages\numba\core\dispatcher.py
cfn=__exit__
calls=590 182
860 126900
cfl=c:\Users\Pedro\faculdade\IniciacaoCientifica\grn\.env\Lib\site-packages\numba\core\sigutils.py
cfn=normalize_signature
calls=591 22
860 3220900
cfl=~
cfn=<method 'get' of 'dict' objects>
calls=591 0
860 3703700

fl=c:\Users\Pedro\faculdade\IniciacaoCientifica\grn\.env\Lib\site-packages\numba\core\entrypoints.py
fn=init_all
11 87800

fl=c:\Users\Pedro\faculdade\IniciacaoCientifica\grn\.env\Lib\site-packages\numba\core\errors.py
fn=__init__:285
285 27100
cfl=c:\Users\Pedro\faculdade\IniciacaoCientifica\grn\.env\Lib\site-packages\colorama\initialise.py
cfn=init
calls=69 37
285 2332000

fl=c:\Users\Pedro\faculdade\IniciacaoCientifica\grn\.env\Lib\site-packages\numba\core\errors.py
fn=__enter__:289
289 16800
cfl=c:\Users\Pedro\faculdade\IniciacaoCientifica\grn\.env\Lib\site-packages\colorama\initialise.py
cfn=reinit
calls=69 104
289 12600

fl=c:\Users\Pedro\faculdade\IniciacaoCientifica\grn\.env\Lib\site-packages\numba\core\errors.py
fn=__exit__:293
293 19300
cfl=c:\Users\Pedro\faculdade\IniciacaoCientifica\grn\.env\Lib\site-packages\colorama\initialise.py
cfn=deinit
calls=69 65
293 12100

fl=c:\Users\Pedro\faculdade\IniciacaoCientifica\grn\.env\Lib\site-packages\numba\core\errors.py
fn=__init__:298
298 20900

fl=c:\Users\Pedro\faculdade\IniciacaoCientifica\grn\.env\Lib\site-packages\numba\core\errors.py
fn=__enter__:301
301 7300

fl=c:\Users\Pedro\faculdade\IniciacaoCientifica\grn\.env\Lib\site-packages\numba\core\errors.py
fn=__exit__:304
304 38400
cfl=~
cfn=<method 'encode' of 'str' objects>
calls=69 0
304 9000

fl=c:\Users\Pedro\faculdade\IniciacaoCientifica\grn\.env\Lib\site-packages\numba\core\errors.py
fn=_markup
362 185000
cfl=c:\Users\Pedro\faculdade\IniciacaoCientifica\grn\.env\Lib\site-packages\numba\core\errors.py
cfn=__init__:285
calls=69 285
362 2359100
cfl=c:\Users\Pedro\faculdade\IniciacaoCientifica\grn\.env\Lib\site-packages\numba\core\errors.py
cfn=__enter__:289
calls=69 289
362 29400
cfl=c:\Users\Pedro\faculdade\IniciacaoCientifica\grn\.env\Lib\site-packages\numba\core\errors.py
cfn=__exit__:293
calls=69 293
362 31400
cfl=c:\Users\Pedro\faculdade\IniciacaoCientifica\grn\.env\Lib\site-packages\numba\core\errors.py
cfn=__init__:298
calls=69 298
362 20900
cfl=c:\Users\Pedro\faculdade\IniciacaoCientifica\grn\.env\Lib\site-packages\numba\core\errors.py
cfn=__enter__:301
calls=69 301
362 7300
cfl=c:\Users\Pedro\faculdade\IniciacaoCientifica\grn\.env\Lib\site-packages\numba\core\errors.py
cfn=__exit__:304
calls=69 304
362 47400
cfl=~
cfn=<method 'decode' of 'bytearray' objects>
calls=69 0
362 15000
cfl=~
cfn=<method 'encode' of 'str' objects>
calls=138 0
362 24500

fl=c:\Users\Pedro\faculdade\IniciacaoCientifica\grn\.env\Lib\site-packages\numba\core\errors.py
fn=code
374 3900
cfl=c:\Users\Pedro\faculdade\IniciacaoCientifica\grn\.env\Lib\site-packages\numba\core\errors.py
cfn=_markup
calls=11 362
374 399800

fl=c:\Users\Pedro\faculdade\IniciacaoCientifica\grn\.env\Lib\site-packages\numba\core\errors.py
fn=errmsg
377 8700
cfl=c:\Users\Pedro\faculdade\IniciacaoCientifica\grn\.env\Lib\site-packages\numba\core\errors.py
cfn=_markup
calls=24 362
377 993500

fl=c:\Users\Pedro\faculdade\IniciacaoCientifica\grn\.env\Lib\site-packages\numba\core\errors.py
fn=filename
380 3400
cfl=c:\Users\Pedro\faculdade\IniciacaoCientifica\grn\.env\Lib\site-packages\numba\core\errors.py
cfn=_markup
calls=12 362
380 430000

fl=c:\Users\Pedro\faculdade\IniciacaoCientifica\grn\.env\Lib\site-packages\numba\core\errors.py
fn=indicate
383 4300
cfl=c:\Users\Pedro\faculdade\IniciacaoCientifica\grn\.env\Lib\site-packages\numba\core\errors.py
cfn=_markup
calls=11 362
383 398000

fl=c:\Users\Pedro\faculdade\IniciacaoCientifica\grn\.env\Lib\site-packages\numba\core\errors.py
fn=highlight
386 7500
cfl=c:\Users\Pedro\faculdade\IniciacaoCientifica\grn\.env\Lib\site-packages\numba\core\errors.py
cfn=_markup
calls=11 362
386 498700

fl=c:\Users\Pedro\faculdade\IniciacaoCientifica\grn\.env\Lib\site-packages\numba\core\errors.py
fn=termcolor
392 3200

fl=c:\Users\Pedro\faculdade\IniciacaoCientifica\grn\.env\Lib\site-packages\numba\core\errors.py
fn=__init__:526
526 700

fl=c:\Users\Pedro\faculdade\IniciacaoCientifica\grn\.env\Lib\site-packages\numba\core\errors.py
fn=flush
552 1500
cfl=~
cfn=<built-in method builtins.sorted>
calls=1 0
552 800
cfl=~
cfn=<method 'clear' of 'dict' objects>
calls=1 0
552 200
cfl=~
cfn=<method 'items' of 'dict' objects>
calls=1 0
552 300

fl=c:\Users\Pedro\faculdade\IniciacaoCientifica\grn\.env\Lib\site-packages\numba\core\errors.py
fn=__enter__:569
569 100

fl=c:\Users\Pedro\faculdade\IniciacaoCientifica\grn\.env\Lib\site-packages\numba\core\errors.py
fn=__exit__:572
572 1400
cfl=c:\Users\Pedro\faculdade\IniciacaoCientifica\grn\.env\Lib\site-packages\numba\core\errors.py
cfn=flush
calls=1 552
572 2800

fl=c:\Users\Pedro\faculdade\IniciacaoCientifica\grn\.env\Lib\site-packages\numba\core\errors.py
fn=__init__:577
577 42700
cfl=c:\Users\Pedro\faculdade\IniciacaoCientifica\grn\.env\Lib\site-packages\numba\core\errors.py
cfn=errmsg
calls=18 377
577 711900
cfl=c:\Users\Pedro\faculdade\IniciacaoCientifica\grn\.env\Lib\site-packages\numba\core\errors.py
cfn=termcolor
calls=18 392
577 2800
cfl=c:\Users\Pedro\faculdade\IniciacaoCientifica\grn\.env\Lib\site-packages\numba\core\ir.py
cfn=strformat
calls=11 115
577 2762000

fl=c:\Users\Pedro\faculdade\IniciacaoCientifica\grn\.env\Lib\site-packages\numba\core\errors.py
fn=contexts
592 2300

fl=c:\Users\Pedro\faculdade\IniciacaoCientifica\grn\.env\Lib\site-packages\numba\core\errors.py
fn=add_context
600 3600
cfl=c:\Users\Pedro\faculdade\IniciacaoCientifica\grn\.env\Lib\site-packages\numba\core\errors.py
cfn=errmsg
calls=1 377
600 37100
cfl=c:\Users\Pedro\faculdade\IniciacaoCientifica\grn\.env\Lib\site-packages\numba\core\errors.py
cfn=filename
calls=1 380
600 37700
cfl=c:\Users\Pedro\faculdade\IniciacaoCientifica\grn\.env\Lib\site-packages\numba\core\errors.py
cfn=termcolor
calls=2 392
600 400
cfl=c:\Users\Pedro\faculdade\IniciacaoCientifica\grn\.env\Lib\site-packages\numba\core\errors.py
cfn=contexts
calls=2 592
600 2300
cfl=~
cfn=<method 'append' of 'list' objects>
calls=1 0
600 200
cfl=~
cfn=<method 'format' of 'str' objects>
calls=1 0
600 2900

fl=c:\Users\Pedro\faculdade\IniciacaoCientifica\grn\.env\Lib\site-packages\numba\core\errors.py
fn=patch_message
614 1000

fl=c:\Users\Pedro\faculdade\IniciacaoCientifica\grn\.env\Lib\site-packages\numba\core\errors.py
fn=__init__:748
748 12200
cfl=c:\Users\Pedro\faculdade\IniciacaoCientifica\grn\.env\Lib\site-packages\numba\core\errors.py
cfn=__init__:577
calls=14 577
748 3097600

fl=c:\Users\Pedro\faculdade\IniciacaoCientifica\grn\.env\Lib\site-packages\numba\core\errors.py
fn=_format_msg
882 1100
cfl=~
cfn=<method 'format' of 'str' objects>
calls=1 0
882 1200

fl=c:\Users\Pedro\faculdade\IniciacaoCientifica\grn\.env\Lib\site-packages\numba\core\errors.py
fn=new_error_context
895 10800
cfl=c:\Users\Pedro\faculdade\IniciacaoCientifica\grn\.env\Lib\site-packages\numba\core\errors.py
cfn=add_context
calls=1 600
895 84200
cfl=c:\Users\Pedro\faculdade\IniciacaoCientifica\grn\.env\Lib\site-packages\numba\core\errors.py
cfn=_format_msg
calls=1 882
895 2300
cfl=~
cfn=<method 'get' of 'dict' objects>
calls=18 0
895 2000

fl=c:\Users\Pedro\faculdade\IniciacaoCientifica\grn\.env\Lib\site-packages\numba\core\event.py
fn=_guard_kind
66 1338900
cfl=~
cfn=<method 'startswith' of 'str' objects>
calls=4802 0
66 603500

fl=c:\Users\Pedro\faculdade\IniciacaoCientifica\grn\.env\Lib\site-packages\numba\core\event.py
fn=__init__:100
100 845700
cfl=c:\Users\Pedro\faculdade\IniciacaoCientifica\grn\.env\Lib\site-packages\numba\core\event.py
cfn=_guard_kind
calls=2438 66
100 986900

fl=c:\Users\Pedro\faculdade\IniciacaoCientifica\grn\.env\Lib\site-packages\numba\core\event.py
fn=kind
108 223600

fl=c:\Users\Pedro\faculdade\IniciacaoCientifica\grn\.env\Lib\site-packages\numba\core\event.py
fn=is_start
138 206300

fl=c:\Users\Pedro\faculdade\IniciacaoCientifica\grn\.env\Lib\site-packages\numba\core\event.py
fn=is_end
148 77000

fl=c:\Users\Pedro\faculdade\IniciacaoCientifica\grn\.env\Lib\site-packages\numba\core\event.py
fn=register
182 738600
cfl=c:\Users\Pedro\faculdade\IniciacaoCientifica\grn\.env\Lib\site-packages\numba\core\event.py
cfn=_guard_kind
calls=1182 66
182 536400
cfl=~
cfn=<built-in method builtins.isinstance>
calls=1182 0
182 776200
cfl=~
cfn=<method 'append' of 'list' objects>
calls=1182 0
182 160600

fl=c:\Users\Pedro\faculdade\IniciacaoCientifica\grn\.env\Lib\site-packages\numba\core\event.py
fn=unregister
195 741000
cfl=c:\Users\Pedro\faculdade\IniciacaoCientifica\grn\.env\Lib\site-packages\numba\core\event.py
cfn=_guard_kind
calls=1182 66
195 419100
cfl=~
cfn=<built-in method builtins.isinstance>
calls=1182 0
195 741800
cfl=~
cfn=<method 'remove' of 'list' objects>
calls=1182 0
195 176100

fl=c:\Users\Pedro\faculdade\IniciacaoCientifica\grn\.env\Lib\site-packages\numba\core\event.py
fn=broadcast
209 1058800
cfl=c:\Users\Pedro\faculdade\IniciacaoCientifica\grn\.env\Lib\site-packages\numba\core\event.py
cfn=kind
calls=2438 108
209 223600
cfl=c:\Users\Pedro\faculdade\IniciacaoCientifica\grn\.env\Lib\site-packages\numba\core\event.py
cfn=notify
calls=1220 243
209 1847100

fl=c:\Users\Pedro\faculdade\IniciacaoCientifica\grn\.env\Lib\site-packages\numba\core\event.py
fn=notify
243 631500
cfl=c:\Users\Pedro\faculdade\IniciacaoCientifica\grn\.env\Lib\site-packages\numba\core\event.py
cfn=is_start
calls=1220 138
243 206300
cfl=c:\Users\Pedro\faculdade\IniciacaoCientifica\grn\.env\Lib\site-packages\numba\core\event.py
cfn=is_end
calls=610 148
243 77000
cfl=c:\Users\Pedro\faculdade\IniciacaoCientifica\grn\.env\Lib\site-packages\numba\core\event.py
cfn=on_start
calls=610 265
243 412400
cfl=c:\Users\Pedro\faculdade\IniciacaoCientifica\grn\.env\Lib\site-packages\numba\core\event.py
cfn=on_end
calls=610 270
243 519900

fl=c:\Users\Pedro\faculdade\IniciacaoCientifica\grn\.env\Lib\site-packages\numba\core\event.py
fn=__init__:262
262 133600

fl=c:\Users\Pedro\faculdade\IniciacaoCientifica\grn\.env\Lib\site-packages\numba\core\event.py
fn=on_start
265 330500
cfl=~
cfn=<built-in method time.perf_counter>
calls=591 0
265 81900

fl=c:\Users\Pedro\faculdade\IniciacaoCientifica\grn\.env\Lib\site-packages\numba\core\event.py
fn=on_end
270 334800
cfl=~
cfn=<built-in method builtins.getattr>
calls=591 0
270 110100
cfl=~
cfn=<built-in method time.perf_counter>
calls=591 0
270 75000

fl=c:\Users\Pedro\faculdade\IniciacaoCientifica\grn\.env\Lib\site-packages\numba\core\event.py
fn=install_listener
312 941500
cfl=c:\Users\Pedro\faculdade\IniciacaoCientifica\grn\.env\Lib\site-packages\numba\core\event.py
cfn=register
calls=1182 182
312 2211800
cfl=c:\Users\Pedro\faculdade\IniciacaoCientifica\grn\.env\Lib\site-packages\numba\core\event.py
cfn=unregister
calls=1182 195
312 2078000

fl=c:\Users\Pedro\faculdade\IniciacaoCientifica\grn\.env\Lib\site-packages\numba\core\event.py
fn=install_timer
337 1682200
cfl=C:\Users\Pedro\AppData\Local\Python\pythoncore-3.14-64\Lib\contextlib.py
cfn=__enter__:136
calls=1182 136
337 3206800
cfl=C:\Users\Pedro\AppData\Local\Python\pythoncore-3.14-64\Lib\contextlib.py
cfn=__exit__:145
calls=1182 145
337 3627200
cfl=C:\Users\Pedro\AppData\Local\Python\pythoncore-3.14-64\Lib\contextlib.py
cfn=helper
calls=1182 303
337 990000
cfl=c:\Users\Pedro\faculdade\IniciacaoCientifica\grn\.env\Lib\site-packages\numba\core\event.py
cfn=__init__:262
calls=1182 262
337 133600

fl=c:\Users\Pedro\faculdade\IniciacaoCientifica\grn\.env\Lib\site-packages\numba\core\event.py
fn=start_event
390 1017000
cfl=c:\Users\Pedro\faculdade\IniciacaoCientifica\grn\.env\Lib\site-packages\numba\core\event.py
cfn=__init__:100
calls=1219 100
390 943200
cfl=c:\Users\Pedro\faculdade\IniciacaoCientifica\grn\.env\Lib\site-packages\numba\core\event.py
cfn=broadcast
calls=1219 209
390 1451900

fl=c:\Users\Pedro\faculdade\IniciacaoCientifica\grn\.env\Lib\site-packages\numba\core\event.py
fn=end_event
404 976700
cfl=c:\Users\Pedro\faculdade\IniciacaoCientifica\grn\.env\Lib\site-packages\numba\core\event.py
cfn=__init__:100
calls=1219 100
404 889400
cfl=c:\Users\Pedro\faculdade\IniciacaoCientifica\grn\.env\Lib\site-packages\numba\core\event.py
cfn=broadcast
calls=1219 209
404 1677600

fl=c:\Users\Pedro\faculdade\IniciacaoCientifica\grn\.env\Lib\site-packages\numba\core\event.py
fn=trigger_event
422 1414300
cfl=C:\Users\Pedro\AppData\Local\Python\pythoncore-3.14-64\Lib\contextlib.py
cfn=__init__:485
calls=609 485
422 186500
cfl=C:\Users\Pedro\AppData\Local\Python\pythoncore-3.14-64\Lib\contextlib.py
cfn=push
calls=609 495
422 1044000
cfl=C:\Users\Pedro\AppData\Local\Python\pythoncore-3.14-64\Lib\contextlib.py
cfn=__enter__:568
calls=609 568
422 65000
cfl=C:\Users\Pedro\AppData\Local\Python\pythoncore-3.14-64\Lib\contextlib.py
cfn=__exit__:571
calls=609 571
422 2579400
cfl=c:\Users\Pedro\faculdade\IniciacaoCientifica\grn\.env\Lib\site-packages\numba\core\event.py
cfn=start_event
calls=609 390
422 1222700

fl=c:\Users\Pedro\faculdade\IniciacaoCientifica\grn\.env\Lib\site-packages\numba\core\event.py
fn=on_exit
436 252900
cfl=c:\Users\Pedro\faculdade\IniciacaoCientifica\grn\.env\Lib\site-packages\numba\core\event.py
cfn=end_event
calls=609 404
436 1189300

fl=c:\Users\Pedro\faculdade\IniciacaoCientifica\grn\.env\Lib\site-packages\numba\core\inline_closurecall.py
fn=__init__:81
81 200

fl=c:\Users\Pedro\faculdade\IniciacaoCientifica\grn\.env\Lib\site-packages\numba\core\inline_closurecall.py
fn=run
90 74600
cfl=c:\Users\Pedro\faculdade\IniciacaoCientifica\grn\.env\Lib\site-packages\numba\core\analysis.py
cfn=compute_cfg_from_blocks
calls=1 244
90 30000
cfl=c:\Users\Pedro\faculdade\IniciacaoCientifica\grn\.env\Lib\site-packages\numba\core\controlflow.py
cfn=loops
calls=1 279
90 28800
cfl=c:\Users\Pedro\faculdade\IniciacaoCientifica\grn\.env\Lib\site-packages\numba\core\inline_closurecall.py
cfn=_make_debug_print
calls=1 816
90 600
cfl=c:\Users\Pedro\faculdade\IniciacaoCientifica\grn\.env\Lib\site-packages\numba\core\inline_closurecall.py
cfn=debug_print
calls=3 817
90 900
cfl=c:\Users\Pedro\faculdade\IniciacaoCientifica\grn\.env\Lib\site-packages\numba\core\inline_closurecall.py
cfn=_debug_dump
calls=1 823
90 300
cfl=c:\Users\Pedro\faculdade\IniciacaoCientifica\grn\.env\Lib\site-packages\numba\core\ir.py
cfn=__getattr__
calls=11 387
90 3500
cfl=c:\Users\Pedro\faculdade\IniciacaoCientifica\grn\.env\Lib\site-packages\numba\core\ir_utils.py
cfn=remove_dels
calls=1 439
90 47400
cfl=c:\Users\Pedro\faculdade\IniciacaoCientifica\grn\.env\Lib\site-packages\numba\core\ir_utils.py
cfn=guard
calls=56 1459
90 524500
cfl=c:\Users\Pedro\faculdade\IniciacaoCientifica\grn\.env\Lib\site-packages\numba\core\postproc.py
cfn=__init__:68
calls=1 68
90 200
cfl=c:\Users\Pedro\faculdade\IniciacaoCientifica\grn\.env\Lib\site-packages\numba\core\postproc.py
cfn=run
calls=1 71
90 2102200
cfl=~
cfn=<built-in method builtins.isinstance>
calls=255 0
90 21400
cfl=~
cfn=<built-in method builtins.len>
calls=1 0
90 200
cfl=~
cfn=<built-in method builtins.sorted>
calls=1 0
90 2200
cfl=~
cfn=<method 'append' of 'list' objects>
calls=1 0
90 200
cfl=~
cfn=<method 'items' of 'dict' objects>
calls=1 0
90 200
cfl=~
cfn=<method 'keys' of 'dict' objects>
calls=1 0
90 300
cfl=~
cfn=<method 'pop' of 'list' objects>
calls=4 0
90 1000

fl=c:\Users\Pedro\faculdade\IniciacaoCientifica\grn\.env\Lib\site-packages\numba\core\inline_closurecall.py
fn=<lambda>
137 300

fl=c:\Users\Pedro\faculdade\IniciacaoCientifica\grn\.env\Lib\site-packages\numba\core\inline_closurecall.py
fn=_inline_reduction
165 9000
cfl=c:\Users\Pedro\faculdade\IniciacaoCientifica\grn\.env\Lib\site-packages\numba\core\ir_utils.py
cfn=require
calls=22 1452
165 4900

fl=c:\Users\Pedro\faculdade\IniciacaoCientifica\grn\.env\Lib\site-packages\numba\core\inline_closurecall.py
fn=_inline_stencil
194 13600
cfl=c:\Users\Pedro\faculdade\IniciacaoCientifica\grn\.env\Lib\site-packages\numba\core\ir_utils.py
cfn=require
calls=11 1452
194 1900
cfl=~
cfn=<built-in method builtins.isinstance>
calls=11 0
194 1000

fl=c:\Users\Pedro\faculdade\IniciacaoCientifica\grn\.env\Lib\site-packages\numba\core\inline_closurecall.py
fn=_inline_closure
270 6300
cfl=c:\Users\Pedro\faculdade\IniciacaoCientifica\grn\.env\Lib\site-packages\numba\core\ir_utils.py
cfn=require
calls=11 1452
270 2500
cfl=~
cfn=<built-in method builtins.isinstance>
calls=11 0
270 700

fl=c:\Users\Pedro\faculdade\IniciacaoCientifica\grn\.env\Lib\site-packages\numba\core\inline_closurecall.py
fn=__init__:312
312 6000
cfl=c:\Users\Pedro\faculdade\IniciacaoCientifica\grn\.env\Lib\site-packages\numba\core\inline_closurecall.py
cfn=check
calls=1 330
312 200
cfl=c:\Users\Pedro\faculdade\IniciacaoCientifica\grn\.env\Lib\site-packages\numba\core\inline_closurecall.py
cfn=_make_debug_print
calls=1 816
312 500
cfl=~
cfn=<built-in method builtins.all>
calls=4 0
312 700
cfl=~
cfn=<built-in method builtins.any>
calls=2 0
312 500

fl=c:\Users\Pedro\faculdade\IniciacaoCientifica\grn\.env\Lib\site-packages\numba\core\inline_closurecall.py
fn=check
330 200

fl=c:\Users\Pedro\faculdade\IniciacaoCientifica\grn\.env\Lib\site-packages\numba\core\inline_closurecall.py
fn=_make_debug_print
816 1700

fl=c:\Users\Pedro\faculdade\IniciacaoCientifica\grn\.env\Lib\site-packages\numba\core\inline_closurecall.py
fn=debug_print
817 1200

fl=c:\Users\Pedro\faculdade\IniciacaoCientifica\grn\.env\Lib\site-packages\numba\core\inline_closurecall.py
fn=_debug_dump
823 300

fl=c:\Users\Pedro\faculdade\IniciacaoCientifica\grn\.env\Lib\site-packages\numba\core\inline_closurecall.py
fn=_find_arraycall
899 44800
cfl=c:\Users\Pedro\faculdade\IniciacaoCientifica\grn\.env\Lib\site-packages\numba\core\inline_closurecall.py
cfn=_make_debug_print
calls=1 816
899 300
cfl=c:\Users\Pedro\faculdade\IniciacaoCientifica\grn\.env\Lib\site-packages\numba\core\inline_closurecall.py
cfn=debug_print
calls=1 817
899 200
cfl=c:\Users\Pedro\faculdade\IniciacaoCientifica\grn\.env\Lib\site-packages\numba\core\ir.py
cfn=__getattr__
calls=3 387
899 1200
cfl=c:\Users\Pedro\faculdade\IniciacaoCientifica\grn\.env\Lib\site-packages\numba\core\ir_utils.py
cfn=require
calls=1 1452
899 100
cfl=c:\Users\Pedro\faculdade\IniciacaoCientifica\grn\.env\Lib\site-packages\numba\core\ir_utils.py
cfn=guard
calls=46 1459
899 102400
cfl=~
cfn=<built-in method builtins.isinstance>
calls=139 0
899 9300
cfl=~
cfn=<built-in method builtins.len>
calls=92 0
899 6200

fl=c:\Users\Pedro\faculdade\IniciacaoCientifica\grn\.env\Lib\site-packages\numba\core\inline_closurecall.py
fn=_inline_arraycall
1042 10800
cfl=c:\Users\Pedro\faculdade\IniciacaoCientifica\grn\.env\Lib\site-packages\numba\core\inline_closurecall.py
cfn=_make_debug_print
calls=1 816
1042 300
cfl=c:\Users\Pedro\faculdade\IniciacaoCientifica\grn\.env\Lib\site-packages\numba\core\inline_closurecall.py
cfn=debug_print
calls=1 817
1042 100
cfl=c:\Users\Pedro\faculdade\IniciacaoCientifica\grn\.env\Lib\site-packages\numba\core\inline_closurecall.py
cfn=_find_arraycall
calls=1 899
1042 164500
cfl=c:\Users\Pedro\faculdade\IniciacaoCientifica\grn\.env\Lib\site-packages\numba\core\ir.py
cfn=__getattr__
calls=2 387
1042 800
cfl=c:\Users\Pedro\faculdade\IniciacaoCientifica\grn\.env\Lib\site-packages\numba\core\ir_utils.py
cfn=require
calls=5 1452
1042 600
cfl=c:\Users\Pedro\faculdade\IniciacaoCientifica\grn\.env\Lib\site-packages\numba\core\ir_utils.py
cfn=get_definition
calls=3 1470
1042 4300
cfl=~
cfn=<built-in method builtins.isinstance>
calls=4 0
1042 200
cfl=~
cfn=<built-in method builtins.iter>
calls=1 0
1042 200
cfl=~
cfn=<built-in method builtins.len>
calls=2 0
1042 300
cfl=~
cfn=<built-in method builtins.next>
calls=1 0
1042 200

fl=c:\Users\Pedro\faculdade\IniciacaoCientifica\grn\.env\Lib\site-packages\numba\core\interpreter.py
fn=__init__:58
58 2500

fl=c:\Users\Pedro\faculdade\IniciacaoCientifica\grn\.env\Lib\site-packages\numba\core\interpreter.py
fn=assign
66 26900
cfl=c:\Users\Pedro\faculdade\IniciacaoCientifica\grn\.env\Lib\site-packages\numba\core\ir.py
cfn=is_temp
calls=44 1118
66 15000
cfl=~
cfn=<method 'add' of 'set' objects>
calls=36 0
66 4800
cfl=~
cfn=<method 'append' of 'list' objects>
calls=36 0
66 3900

fl=c:\Users\Pedro\faculdade\IniciacaoCientifica\grn\.env\Lib\site-packages\numba\core\interpreter.py
fn=get_assignment_source
86 30900
cfl=~
cfn=<method 'discard' of 'set' objects>
calls=110 0
86 13000

fl=c:\Users\Pedro\faculdade\IniciacaoCientifica\grn\.env\Lib\site-packages\numba\core\interpreter.py
fn=peep_hole_call_function_ex_to_call_function_kw
509 63100
cfl=C:\Users\Pedro\AppData\Local\Python\pythoncore-3.14-64\Lib\textwrap.py
cfn=dedent
calls=1 416
509 19300
cfl=c:\Users\Pedro\faculdade\IniciacaoCientifica\grn\.env\Lib\site-packages\numba\core\ir.py
cfn=__getattr__
calls=22 387
509 7600
cfl=~
cfn=<built-in method builtins.isinstance>
calls=342 0
509 23000
cfl=~
cfn=<method 'append' of 'list' objects>
calls=88 0
509 6800
cfl=~
cfn=<method 'values' of 'dict' objects>
calls=1 0
509 200

fl=c:\Users\Pedro\faculdade\IniciacaoCientifica\grn\.env\Lib\site-packages\numba\core\interpreter.py
fn=peep_hole_list_to_tuple
764 4200
cfl=c:\Users\Pedro\faculdade\IniciacaoCientifica\grn\.env\Lib\site-packages\numba\core\interpreter.py
cfn=find_postive_region
calls=4 804
764 32800
cfl=~
cfn=<method 'items' of 'dict' objects>
calls=1 0
764 200

fl=c:\Users\Pedro\faculdade\IniciacaoCientifica\grn\.env\Lib\site-packages\numba\core\interpreter.py
fn=find_postive_region
804 22800
cfl=~
cfn=<built-in method builtins.isinstance>
calls=171 0
804 9600
cfl=~
cfn=<built-in method builtins.len>
calls=4 0
804 400

fl=c:\Users\Pedro\faculdade\IniciacaoCientifica\grn\.env\Lib\site-packages\numba\core\interpreter.py
fn=peep_hole_delete_with_exit
986 162300
cfl=c:\Users\Pedro\faculdade\IniciacaoCientifica\grn\.env\Lib\site-packages\numba\core\ir.py
cfn=__hash__
calls=376 259
986 82000
cfl=c:\Users\Pedro\faculdade\IniciacaoCientifica\grn\.env\Lib\site-packages\numba\core\ir.py
cfn=list_vars:354
calls=176 354
986 1105700
cfl=~
cfn=<method 'append' of 'list' objects>
calls=88 0
986 8700
cfl=~
cfn=<method 'clear' of 'list' objects>
calls=4 0
986 900
cfl=~
cfn=<method 'extend' of 'list' objects>
calls=4 0
986 600
cfl=~
cfn=<method 'startswith' of 'str' objects>
calls=188 0
986 16200
cfl=~
cfn=<method 'values' of 'dict' objects>
calls=1 0
986 200

fl=c:\Users\Pedro\faculdade\IniciacaoCientifica\grn\.env\Lib\site-packages\numba\core\interpreter.py
fn=peep_hole_fuse_dict_add_updates
1018 132600
cfl=C:\Users\Pedro\AppData\Local\Python\pythoncore-3.14-64\Lib\textwrap.py
cfn=dedent
calls=1 416
1018 9400
cfl=c:\Users\Pedro\faculdade\IniciacaoCientifica\grn\.env\Lib\site-packages\numba\core\ir.py
cfn=list_vars:354
calls=24 354
1018 174100
cfl=c:\Users\Pedro\faculdade\IniciacaoCientifica\grn\.env\Lib\site-packages\numba\core\ir.py
cfn=__getattr__
calls=9 387
1018 3800
cfl=~
cfn=<built-in method builtins.isinstance>
calls=97 0
1018 6300
cfl=~
cfn=<method 'append' of 'list' objects>
calls=24 0
1018 2400
cfl=~
cfn=<method 'values' of 'dict' objects>
calls=1 0
1018 200

fl=c:\Users\Pedro\faculdade\IniciacaoCientifica\grn\.env\Lib\site-packages\numba\core\interpreter.py
fn=peep_hole_split_at_pop_block
1240 10900
cfl=~
cfn=<built-in method builtins.isinstance>
calls=88 0
1240 5600
cfl=~
cfn=<built-in method builtins.sorted>
calls=1 0
1240 600
cfl=~
cfn=<method 'items' of 'dict' objects>
calls=1 0
1240 200
cfl=~
cfn=<method 'update' of 'dict' objects>
calls=1 0
1240 200

fl=c:\Users\Pedro\faculdade\IniciacaoCientifica\grn\.env\Lib\site-packages\numba\core\interpreter.py
fn=__init__:1348
1348 3200
cfl=c:\Users\Pedro\faculdade\IniciacaoCientifica\grn\.env\Lib\site-packages\numba\core\ir.py
cfn=from_function_id
calls=1 55
1348 1700

fl=c:\Users\Pedro\faculdade\IniciacaoCientifica\grn\.env\Lib\site-packages\numba\core\interpreter.py
fn=interpret
1365 4500
cfl=C:\Users\Pedro\AppData\Local\Python\pythoncore-3.14-64\Lib\logging\__init__.py
cfn=debug
calls=1 1498
1365 4300
cfl=c:\Users\Pedro\faculdade\IniciacaoCientifica\grn\.env\Lib\site-packages\IPython\core\history.py
cfn=_writeout_output_cache
calls=1 1047
1365 5700
cfl=c:\Users\Pedro\faculdade\IniciacaoCientifica\grn\.env\Lib\site-packages\numba\core\byteflow.py
cfn=__init__:80
calls=1 80
1365 9200
cfl=c:\Users\Pedro\faculdade\IniciacaoCientifica\grn\.env\Lib\site-packages\numba\core\byteflow.py
cfn=run
calls=1 86
1365 1816300
cfl=c:\Users\Pedro\faculdade\IniciacaoCientifica\grn\.env\Lib\site-packages\numba\core\byteflow.py
cfn=__init__:2365
calls=1 2365
1365 200
cfl=c:\Users\Pedro\faculdade\IniciacaoCientifica\grn\.env\Lib\site-packages\numba\core\byteflow.py
cfn=__init__:2416
calls=1 2416
1365 151900
cfl=c:\Users\Pedro\faculdade\IniciacaoCientifica\grn\.env\Lib\site-packages\numba\core\byteflow.py
cfn=blocks
calls=1 2443
1365 100
cfl=c:\Users\Pedro\faculdade\IniciacaoCientifica\grn\.env\Lib\site-packages\numba\core\interpreter.py
cfn=post_process
calls=0 1443
1365 0
cfl=c:\Users\Pedro\faculdade\IniciacaoCientifica\grn\.env\Lib\site-packages\numba\core\interpreter.py
cfn=_end_try_blocks
calls=1 1448
1365 21400
cfl=c:\Users\Pedro\faculdade\IniciacaoCientifica\grn\.env\Lib\site-packages\numba\core\interpreter.py
cfn=_legalize_exception_vars
calls=1 1495
1365 28400
cfl=c:\Users\Pedro\faculdade\IniciacaoCientifica\grn\.env\Lib\site-packages\numba\core\interpreter.py
cfn=_iter_inst
calls=119 1523
1365 464200
cfl=c:\Users\Pedro\faculdade\IniciacaoCientifica\grn\.env\Lib\site-packages\numba\core\interpreter.py
cfn=current_scope
calls=1 1775
1365 300
cfl=c:\Users\Pedro\faculdade\IniciacaoCientifica\grn\.env\Lib\site-packages\numba\core\interpreter.py
cfn=_dispatch
calls=118 1799
1365 1361200
cfl=c:\Users\Pedro\faculdade\IniciacaoCientifica\grn\.env\Lib\site-packages\numba\core\ir.py
cfn=__init__:1165
calls=2 1165
1365 4100
cfl=c:\Users\Pedro\faculdade\IniciacaoCientifica\grn\.env\Lib\site-packages\numba\core\ir.py
cfn=__init__:1399
calls=1 1399
1365 5600
cfl=c:\Users\Pedro\faculdade\IniciacaoCientifica\grn\.env\Lib\site-packages\numba\core\utils.py
cfn=__init__:767
calls=1 767
1365 400
cfl=c:\Users\Pedro\faculdade\IniciacaoCientifica\grn\.env\Lib\site-packages\traitlets\traitlets.py
cfn=__set__
calls=2 727
1365 49000
cfl=~
cfn=<built-in method builtins.max>
calls=8 0
1365 1900
cfl=~
cfn=<method '__enter__' of '_thread.lock' objects>
calls=1 0
1365 300
cfl=~
cfn=<method '__exit__' of '_thread.lock' objects>
calls=2 0
1365 400
cfl=~
cfn=<method 'append' of 'list' objects>
calls=7 0
1365 900
cfl=~
cfn=<method 'items' of 'dict' objects>
calls=1 0
1365 200

fl=c:\Users\Pedro\faculdade\IniciacaoCientifica\grn\.env\Lib\site-packages\numba\core\interpreter.py
fn=post_process
1443 4800
cfl=c:\Users\Pedro\faculdade\IniciacaoCientifica\grn\.env\Lib\site-packages\numba\core\interpreter.py
cfn=peep_hole_call_function_ex_to_call_function_kw
calls=1 509
1443 120000
cfl=c:\Users\Pedro\faculdade\IniciacaoCientifica\grn\.env\Lib\site-packages\numba\core\interpreter.py
cfn=peep_hole_list_to_tuple
calls=1 764
1443 37200
cfl=c:\Users\Pedro\faculdade\IniciacaoCientifica\grn\.env\Lib\site-packages\numba\core\interpreter.py
cfn=peep_hole_delete_with_exit
calls=1 986
1443 1376600
cfl=c:\Users\Pedro\faculdade\IniciacaoCientifica\grn\.env\Lib\site-packages\numba\core\interpreter.py
cfn=peep_hole_fuse_dict_add_updates
calls=0 1018
1443 0
cfl=c:\Users\Pedro\faculdade\IniciacaoCientifica\grn\.env\Lib\site-packages\numba\core\interpreter.py
cfn=peep_hole_split_at_pop_block
calls=1 1240
1443 17500

fl=c:\Users\Pedro\faculdade\IniciacaoCientifica\grn\.env\Lib\site-packages\numba\core\interpreter.py
fn=_end_try_blocks
1448 15900
cfl=c:\Users\Pedro\faculdade\IniciacaoCientifica\grn\.env\Lib\site-packages\numba\core\byteflow.py
cfn=infos
calls=8 2368
1448 600
cfl=c:\Users\Pedro\faculdade\IniciacaoCientifica\grn\.env\Lib\site-packages\numba\core\byteflow.py
cfn=graph
calls=1 2435
1448 100
cfl=c:\Users\Pedro\faculdade\IniciacaoCientifica\grn\.env\Lib\site-packages\numba\core\controlflow.py
cfn=predecessors
calls=8 133
1448 2400
cfl=c:\Users\Pedro\faculdade\IniciacaoCientifica\grn\.env\Lib\site-packages\numba\core\interpreter.py
cfn=do_change
calls=4 1480
1448 700
cfl=~
cfn=<built-in method builtins.len>
calls=8 0
1448 900
cfl=~
cfn=<built-in method builtins.min>
calls=4 0
1448 600
cfl=~
cfn=<method 'items' of 'dict' objects>
calls=1 0
1448 200

fl=c:\Users\Pedro\faculdade\IniciacaoCientifica\grn\.env\Lib\site-packages\numba\core\interpreter.py
fn=do_change
1480 700

fl=c:\Users\Pedro\faculdade\IniciacaoCientifica\grn\.env\Lib\site-packages\numba\core\interpreter.py
fn=_legalize_exception_vars
1495 19900
cfl=~
cfn=<built-in method builtins.isinstance>
calls=119 0
1495 8000
cfl=~
cfn=<method 'copy' of 'set' objects>
calls=1 0
1495 300
cfl=~
cfn=<method 'items' of 'dict' objects>
calls=1 0
1495 200

fl=c:\Users\Pedro\faculdade\IniciacaoCientifica\grn\.env\Lib\site-packages\numba\core\interpreter.py
fn=init_first_block
1517 6600
cfl=c:\Users\Pedro\faculdade\IniciacaoCientifica\grn\.env\Lib\site-packages\numba\core\interpreter.py
cfn=store
calls=5 1840
1517 41500
cfl=c:\Users\Pedro\faculdade\IniciacaoCientifica\grn\.env\Lib\site-packages\numba\core\ir.py
cfn=__init__:1004
calls=5 1004
1517 3800

fl=c:\Users\Pedro\faculdade\IniciacaoCientifica\grn\.env\Lib\site-packages\numba\core\interpreter.py
fn=_iter_inst
1523 73100
cfl=c:\Users\Pedro\faculdade\IniciacaoCientifica\grn\.env\Lib\site-packages\numba\core\bytecode.py
cfn=__getitem__
calls=123 330
1523 12500
cfl=c:\Users\Pedro\faculdade\IniciacaoCientifica\grn\.env\Lib\site-packages\numba\core\byteflow.py
cfn=iterliveblocks
calls=5 2447
1523 3100
cfl=c:\Users\Pedro\faculdade\IniciacaoCientifica\grn\.env\Lib\site-packages\numba\core\interpreter.py
cfn=init_first_block
calls=1 1517
1523 51900
cfl=c:\Users\Pedro\faculdade\IniciacaoCientifica\grn\.env\Lib\site-packages\numba\core\interpreter.py
cfn=_start_new_block
calls=4 1543
1523 27100
cfl=c:\Users\Pedro\faculdade\IniciacaoCientifica\grn\.env\Lib\site-packages\numba\core\interpreter.py
cfn=_end_current_block
calls=4 1595
1523 232600
cfl=c:\Users\Pedro\faculdade\IniciacaoCientifica\grn\.env\Lib\site-packages\numba\core\ir.py
cfn=with_lineno
calls=122 198
1523 63900

fl=c:\Users\Pedro\faculdade\IniciacaoCientifica\grn\.env\Lib\site-packages\numba\core\interpreter.py
fn=_start_new_block
1543 12400
cfl=c:\Users\Pedro\faculdade\IniciacaoCientifica\grn\.env\Lib\site-packages\numba\core\byteflow.py
cfn=infos
calls=4 2368
1543 400
cfl=c:\Users\Pedro\faculdade\IniciacaoCientifica\grn\.env\Lib\site-packages\numba\core\interpreter.py
cfn=__init__:58
calls=4 58
1543 2500
cfl=c:\Users\Pedro\faculdade\IniciacaoCientifica\grn\.env\Lib\site-packages\numba\core\interpreter.py
cfn=insert_block
calls=4 1876
1543 9700
cfl=c:\Users\Pedro\faculdade\IniciacaoCientifica\grn\.env\Lib\site-packages\numba\core\ir.py
cfn=__init__:885
calls=1 885
1543 900
cfl=c:\Users\Pedro\faculdade\IniciacaoCientifica\grn\.env\Lib\site-packages\numba\core\ir.py
cfn=append
calls=1 1315
1543 600
cfl=c:\Users\Pedro\faculdade\IniciacaoCientifica\grn\.env\Lib\site-packages\numba\core\ir.py
cfn=is_terminated
calls=3 1340
1543 600

fl=c:\Users\Pedro\faculdade\IniciacaoCientifica\grn\.env\Lib\site-packages\numba\core\interpreter.py
fn=_end_current_block
1595 10200
cfl=c:\Users\Pedro\faculdade\IniciacaoCientifica\grn\.env\Lib\site-packages\numba\core\interpreter.py
cfn=_remove_unused_temporaries
calls=4 1662
1595 195900
cfl=c:\Users\Pedro\faculdade\IniciacaoCientifica\grn\.env\Lib\site-packages\numba\core\interpreter.py
cfn=_insert_outgoing_phis
calls=4 1731
1595 24900
cfl=c:\Users\Pedro\faculdade\IniciacaoCientifica\grn\.env\Lib\site-packages\numba\core\ir.py
cfn=is_terminated
calls=4 1340
1595 1600

fl=c:\Users\Pedro\faculdade\IniciacaoCientifica\grn\.env\Lib\site-packages\numba\core\interpreter.py
fn=_remove_unused_temporaries
1662 106100
cfl=c:\Users\Pedro\faculdade\IniciacaoCientifica\grn\.env\Lib\site-packages\numba\core\interpreter.py
cfn=_var_used_in_binop
calls=7 1723
1662 3100
cfl=c:\Users\Pedro\faculdade\IniciacaoCientifica\grn\.env\Lib\site-packages\numba\core\ir.py
cfn=is_temp
calls=132 1118
1662 32200
cfl=~
cfn=<built-in method builtins.isinstance>
calls=527 0
1662 42200
cfl=~
cfn=<method 'append' of 'list' objects>
calls=85 0
1662 8600
cfl=~
cfn=<method 'extend' of 'list' objects>
calls=7 0
1662 1000
cfl=~
cfn=<method 'pop' of 'dict' objects>
calls=7 0
1662 1400
cfl=~
cfn=<method 'remove' of 'list' objects>
calls=7 0
1662 1300

fl=c:\Users\Pedro\faculdade\IniciacaoCientifica\grn\.env\Lib\site-packages\numba\core\interpreter.py
fn=_var_used_in_binop
1723 2600
cfl=~
cfn=<built-in method builtins.isinstance>
calls=7 0
1723 500

fl=c:\Users\Pedro\faculdade\IniciacaoCientifica\grn\.env\Lib\site-packages\numba\core\interpreter.py
fn=_insert_outgoing_phis
1731 10900
cfl=c:\Users\Pedro\faculdade\IniciacaoCientifica\grn\.env\Lib\site-packages\numba\core\interpreter.py
cfn=current_scope
calls=2 1775
1731 300
cfl=c:\Users\Pedro\faculdade\IniciacaoCientifica\grn\.env\Lib\site-packages\numba\core\interpreter.py
cfn=get
calls=2 1858
1731 3500
cfl=c:\Users\Pedro\faculdade\IniciacaoCientifica\grn\.env\Lib\site-packages\numba\core\ir.py
cfn=__init__:921
calls=2 921
1731 1400
cfl=c:\Users\Pedro\faculdade\IniciacaoCientifica\grn\.env\Lib\site-packages\numba\core\ir.py
cfn=get_or_define
calls=2 1203
1731 5100
cfl=c:\Users\Pedro\faculdade\IniciacaoCientifica\grn\.env\Lib\site-packages\numba\core\ir.py
cfn=append
calls=1 1315
1731 500
cfl=c:\Users\Pedro\faculdade\IniciacaoCientifica\grn\.env\Lib\site-packages\numba\core\ir.py
cfn=is_terminated
calls=2 1340
1731 400
cfl=c:\Users\Pedro\faculdade\IniciacaoCientifica\grn\.env\Lib\site-packages\numba\core\ir.py
cfn=insert_before_terminator
calls=1 1360
1731 2200
cfl=~
cfn=<method 'append' of 'list' objects>
calls=2 0
1731 200
cfl=~
cfn=<method 'items' of 'dict' objects>
calls=4 0
1731 400

fl=c:\Users\Pedro\faculdade\IniciacaoCientifica\grn\.env\Lib\site-packages\numba\core\interpreter.py
fn=get_global_value
1754 4800
cfl=~
cfn=<built-in method builtins.getattr>
calls=2 0
1754 500

fl=c:\Users\Pedro\faculdade\IniciacaoCientifica\grn\.env\Lib\site-packages\numba\core\interpreter.py
fn=current_scope
1775 20700

fl=c:\Users\Pedro\faculdade\IniciacaoCientifica\grn\.env\Lib\site-packages\numba\core\interpreter.py
fn=code_consts
1779 700

fl=c:\Users\Pedro\faculdade\IniciacaoCientifica\grn\.env\Lib\site-packages\numba\core\interpreter.py
fn=code_locals
1783 4400

fl=c:\Users\Pedro\faculdade\IniciacaoCientifica\grn\.env\Lib\site-packages\numba\core\interpreter.py
fn=code_names
1787 2300

fl=c:\Users\Pedro\faculdade\IniciacaoCientifica\grn\.env\Lib\site-packages\numba\core\interpreter.py
fn=code_cellvars
1791 8600

fl=c:\Users\Pedro\faculdade\IniciacaoCientifica\grn\.env\Lib\site-packages\numba\core\interpreter.py
fn=_dispatch
1799 138100
cfl=c:\Users\Pedro\faculdade\IniciacaoCientifica\grn\.env\Lib\site-packages\numba\core\interpreter.py
cfn=op_NOP
calls=1 1887
1799 100
cfl=c:\Users\Pedro\faculdade\IniciacaoCientifica\grn\.env\Lib\site-packages\numba\core\interpreter.py
cfn=op_RESUME
calls=1 1898
1799 100
cfl=c:\Users\Pedro\faculdade\IniciacaoCientifica\grn\.env\Lib\site-packages\numba\core\interpreter.py
cfn=op_PUSH_NULL
calls=9 1907
1799 1000
cfl=c:\Users\Pedro\faculdade\IniciacaoCientifica\grn\.env\Lib\site-packages\numba\core\interpreter.py
cfn=op_LOAD_FAST
calls=16 2246
1799 149600
cfl=c:\Users\Pedro\faculdade\IniciacaoCientifica\grn\.env\Lib\site-packages\numba\core\interpreter.py
cfn=op_LOAD_FAST_LOAD_FAST
calls=10 2256
1799 169000
cfl=c:\Users\Pedro\faculdade\IniciacaoCientifica\grn\.env\Lib\site-packages\numba\core\interpreter.py
cfn=op_STORE_FAST
calls=8 2320
1799 70100
cfl=c:\Users\Pedro\faculdade\IniciacaoCientifica\grn\.env\Lib\site-packages\numba\core\interpreter.py
cfn=op_LOAD_ATTR
calls=11 2347
1799 126600
cfl=c:\Users\Pedro\faculdade\IniciacaoCientifica\grn\.env\Lib\site-packages\numba\core\interpreter.py
cfn=op_LOAD_CONST
calls=2 2358
1799 42900
cfl=c:\Users\Pedro\faculdade\IniciacaoCientifica\grn\.env\Lib\site-packages\numba\core\interpreter.py
cfn=op_LOAD_SMALL_INT
calls=13 2409
1799 79400
cfl=c:\Users\Pedro\faculdade\IniciacaoCientifica\grn\.env\Lib\site-packages\numba\core\interpreter.py
cfn=op_LOAD_GLOBAL
calls=13 2419
1799 103600
cfl=c:\Users\Pedro\faculdade\IniciacaoCientifica\grn\.env\Lib\site-packages\numba\core\interpreter.py
cfn=op_CALL
calls=9 2561
1799 122400
cfl=c:\Users\Pedro\faculdade\IniciacaoCientifica\grn\.env\Lib\site-packages\numba\core\interpreter.py
cfn=op_CALL_KW
calls=2 2575
1799 36400
cfl=c:\Users\Pedro\faculdade\IniciacaoCientifica\grn\.env\Lib\site-packages\numba\core\interpreter.py
cfn=op_GET_ITER
calls=1 2745
1799 12100
cfl=c:\Users\Pedro\faculdade\IniciacaoCientifica\grn\.env\Lib\site-packages\numba\core\interpreter.py
cfn=op_FOR_ITER
calls=1 2749
1799 45300
cfl=c:\Users\Pedro\faculdade\IniciacaoCientifica\grn\.env\Lib\site-packages\numba\core\interpreter.py
cfn=op_STORE_SUBSCR
calls=1 2785
1799 8100
cfl=c:\Users\Pedro\faculdade\IniciacaoCientifica\grn\.env\Lib\site-packages\numba\core\interpreter.py
cfn=op_BUILD_LIST
calls=4 2804
1799 45100
cfl=c:\Users\Pedro\faculdade\IniciacaoCientifica\grn\.env\Lib\site-packages\numba\core\interpreter.py
cfn=op_BINARY_OP
calls=14 2932
1799 148200
cfl=c:\Users\Pedro\faculdade\IniciacaoCientifica\grn\.env\Lib\site-packages\numba\core\interpreter.py
cfn=op_JUMP_BACKWARD
calls=1 3036
1799 5600
cfl=c:\Users\Pedro\faculdade\IniciacaoCientifica\grn\.env\Lib\site-packages\numba\core\interpreter.py
cfn=op_RETURN_VALUE
calls=1 3051
1799 15400
cfl=~
cfn=<built-in method builtins.getattr>
calls=118 0
1799 25600
cfl=~
cfn=<method 'replace' of 'str' objects>
calls=118 0
1799 16500

fl=c:\Users\Pedro\faculdade\IniciacaoCientifica\grn\.env\Lib\site-packages\numba\core\interpreter.py
fn=store
1840 226100
cfl=c:\Users\Pedro\faculdade\IniciacaoCientifica\grn\.env\Lib\site-packages\numba\core\byteflow.py
cfn=backbone
calls=122 2439
1840 11100
cfl=c:\Users\Pedro\faculdade\IniciacaoCientifica\grn\.env\Lib\site-packages\numba\core\interpreter.py
cfn=assign
calls=44 66
1840 50600
cfl=c:\Users\Pedro\faculdade\IniciacaoCientifica\grn\.env\Lib\site-packages\numba\core\interpreter.py
cfn=current_scope
calls=124 1775
1840 9700
cfl=c:\Users\Pedro\faculdade\IniciacaoCientifica\grn\.env\Lib\site-packages\numba\core\interpreter.py
cfn=code_cellvars
calls=109 1791
1840 8600
cfl=c:\Users\Pedro\faculdade\IniciacaoCientifica\grn\.env\Lib\site-packages\numba\core\ir.py
cfn=__init__:921
calls=124 921
1840 72700
cfl=c:\Users\Pedro\faculdade\IniciacaoCientifica\grn\.env\Lib\site-packages\numba\core\ir.py
cfn=get_or_define
calls=15 1203
1840 30000
cfl=c:\Users\Pedro\faculdade\IniciacaoCientifica\grn\.env\Lib\site-packages\numba\core\ir.py
cfn=redefine
calls=109 1212
1840 209400
cfl=c:\Users\Pedro\faculdade\IniciacaoCientifica\grn\.env\Lib\site-packages\numba\core\ir.py
cfn=append
calls=124 1315
1840 62700
cfl=~
cfn=<built-in method builtins.isinstance>
calls=124 0
1840 13400
cfl=~
cfn=<method 'append' of 'list' objects>
calls=124 0
1840 14000

fl=c:\Users\Pedro\faculdade\IniciacaoCientifica\grn\.env\Lib\site-packages\numba\core\interpreter.py
fn=get
1858 67200
cfl=c:\Users\Pedro\faculdade\IniciacaoCientifica\grn\.env\Lib\site-packages\numba\core\interpreter.py
cfn=get_assignment_source
calls=146 86
1858 43900
cfl=c:\Users\Pedro\faculdade\IniciacaoCientifica\grn\.env\Lib\site-packages\numba\core\interpreter.py
cfn=current_scope
calls=110 1775
1858 9900
cfl=c:\Users\Pedro\faculdade\IniciacaoCientifica\grn\.env\Lib\site-packages\numba\core\ir.py
cfn=get:1182
calls=110 1182
1858 60600

fl=c:\Users\Pedro\faculdade\IniciacaoCientifica\grn\.env\Lib\site-packages\numba\core\interpreter.py
fn=insert_block
1876 6100
cfl=c:\Users\Pedro\faculdade\IniciacaoCientifica\grn\.env\Lib\site-packages\numba\core\interpreter.py
cfn=current_scope
calls=4 1775
1876 500
cfl=c:\Users\Pedro\faculdade\IniciacaoCientifica\grn\.env\Lib\site-packages\numba\core\ir.py
cfn=__init__:1270
calls=4 1270
1876 3100

fl=c:\Users\Pedro\faculdade\IniciacaoCientifica\grn\.env\Lib\site-packages\numba\core\interpreter.py
fn=op_NOP
1887 100

fl=c:\Users\Pedro\faculdade\IniciacaoCientifica\grn\.env\Lib\site-packages\numba\core\interpreter.py
fn=op_RESUME
1898 100

fl=c:\Users\Pedro\faculdade\IniciacaoCientifica\grn\.env\Lib\site-packages\numba\core\interpreter.py
fn=op_PUSH_NULL
1907 1000

fl=c:\Users\Pedro\faculdade\IniciacaoCientifica\grn\.env\Lib\site-packages\numba\core\interpreter.py
fn=_op_LOAD_FAST
2241 10200
cfl=c:\Users\Pedro\faculdade\IniciacaoCientifica\grn\.env\Lib\site-packages\numba\core\interpreter.py
cfn=code_locals
calls=16 1783
2241 1600
cfl=c:\Users\Pedro\faculdade\IniciacaoCientifica\grn\.env\Lib\site-packages\numba\core\interpreter.py
cfn=store
calls=16 1840
2241 106600
cfl=c:\Users\Pedro\faculdade\IniciacaoCientifica\grn\.env\Lib\site-packages\numba\core\interpreter.py
cfn=get
calls=16 1858
2241 25300

fl=c:\Users\Pedro\faculdade\IniciacaoCientifica\grn\.env\Lib\site-packages\numba\core\interpreter.py
fn=op_LOAD_FAST
2246 5900
cfl=c:\Users\Pedro\faculdade\IniciacaoCientifica\grn\.env\Lib\site-packages\numba\core\interpreter.py
cfn=_op_LOAD_FAST
calls=16 2241
2246 143700

fl=c:\Users\Pedro\faculdade\IniciacaoCientifica\grn\.env\Lib\site-packages\numba\core\interpreter.py
fn=op_LOAD_FAST_LOAD_FAST
2256 11800
cfl=c:\Users\Pedro\faculdade\IniciacaoCientifica\grn\.env\Lib\site-packages\numba\core\interpreter.py
cfn=code_locals
calls=20 1783
2256 2000
cfl=c:\Users\Pedro\faculdade\IniciacaoCientifica\grn\.env\Lib\site-packages\numba\core\interpreter.py
cfn=store
calls=20 1840
2256 125700
cfl=c:\Users\Pedro\faculdade\IniciacaoCientifica\grn\.env\Lib\site-packages\numba\core\interpreter.py
cfn=get
calls=20 1858
2256 29500

fl=c:\Users\Pedro\faculdade\IniciacaoCientifica\grn\.env\Lib\site-packages\numba\core\interpreter.py
fn=op_STORE_FAST
2320 6300
cfl=c:\Users\Pedro\faculdade\IniciacaoCientifica\grn\.env\Lib\site-packages\numba\core\interpreter.py
cfn=code_locals
calls=8 1783
2320 800
cfl=c:\Users\Pedro\faculdade\IniciacaoCientifica\grn\.env\Lib\site-packages\numba\core\interpreter.py
cfn=store
calls=8 1840
2320 50400
cfl=c:\Users\Pedro\faculdade\IniciacaoCientifica\grn\.env\Lib\site-packages\numba\core\interpreter.py
cfn=get
calls=8 1858
2320 12600

fl=c:\Users\Pedro\faculdade\IniciacaoCientifica\grn\.env\Lib\site-packages\numba\core\interpreter.py
fn=op_LOAD_ATTR
2347 16300
cfl=c:\Users\Pedro\faculdade\IniciacaoCientifica\grn\.env\Lib\site-packages\numba\core\interpreter.py
cfn=code_names
calls=11 1787
2347 1100
cfl=c:\Users\Pedro\faculdade\IniciacaoCientifica\grn\.env\Lib\site-packages\numba\core\interpreter.py
cfn=store
calls=11 1840
2347 56900
cfl=c:\Users\Pedro\faculdade\IniciacaoCientifica\grn\.env\Lib\site-packages\numba\core\interpreter.py
cfn=get
calls=11 1858
2347 19400
cfl=c:\Users\Pedro\faculdade\IniciacaoCientifica\grn\.env\Lib\site-packages\numba\core\ir.py
cfn=getattr
calls=11 496
2347 32900

fl=c:\Users\Pedro\faculdade\IniciacaoCientifica\grn\.env\Lib\site-packages\numba\core\interpreter.py
fn=op_LOAD_CONST
2358 10300
cfl=c:\Users\Pedro\faculdade\IniciacaoCientifica\grn\.env\Lib\site-packages\numba\core\interpreter.py
cfn=code_consts
calls=2 1779
2358 500
cfl=c:\Users\Pedro\faculdade\IniciacaoCientifica\grn\.env\Lib\site-packages\numba\core\interpreter.py
cfn=store
calls=2 1840
2358 9900
cfl=c:\Users\Pedro\faculdade\IniciacaoCientifica\grn\.env\Lib\site-packages\numba\core\interpreter.py
cfn=process_args
calls=2 2382
2358 17500
cfl=c:\Users\Pedro\faculdade\IniciacaoCientifica\grn\.env\Lib\site-packages\numba\core\ir.py
cfn=build_tuple
calls=2 436
2358 4500
cfl=~
cfn=<built-in method builtins.isinstance>
calls=2 0
2358 200

fl=c:\Users\Pedro\faculdade\IniciacaoCientifica\grn\.env\Lib\site-packages\numba\core\interpreter.py
fn=process_args
2382 4400
cfl=c:\Users\Pedro\faculdade\IniciacaoCientifica\grn\.env\Lib\site-packages\numba\core\interpreter.py
cfn=store
calls=2 1840
2382 12300
cfl=c:\Users\Pedro\faculdade\IniciacaoCientifica\grn\.env\Lib\site-packages\numba\core\ir.py
cfn=__init__:1020
calls=2 1020
2382 500
cfl=~
cfn=<built-in method builtins.isinstance>
calls=2 0
2382 200
cfl=~
cfn=<method 'append' of 'list' objects>
calls=2 0
2382 100

fl=c:\Users\Pedro\faculdade\IniciacaoCientifica\grn\.env\Lib\site-packages\numba\core\interpreter.py
fn=op_LOAD_SMALL_INT
2409 11700
cfl=c:\Users\Pedro\faculdade\IniciacaoCientifica\grn\.env\Lib\site-packages\numba\core\interpreter.py
cfn=store
calls=13 1840
2409 63400
cfl=c:\Users\Pedro\faculdade\IniciacaoCientifica\grn\.env\Lib\site-packages\numba\core\ir.py
cfn=__init__:1020
calls=13 1020
2409 4300

fl=c:\Users\Pedro\faculdade\IniciacaoCientifica\grn\.env\Lib\site-packages\numba\core\interpreter.py
fn=op_LOAD_GLOBAL
2419 24500
cfl=c:\Users\Pedro\faculdade\IniciacaoCientifica\grn\.env\Lib\site-packages\numba\core\interpreter.py
cfn=get_global_value
calls=13 1754
2419 5300
cfl=c:\Users\Pedro\faculdade\IniciacaoCientifica\grn\.env\Lib\site-packages\numba\core\interpreter.py
cfn=code_names
calls=13 1787
2419 1200
cfl=c:\Users\Pedro\faculdade\IniciacaoCientifica\grn\.env\Lib\site-packages\numba\core\interpreter.py
cfn=store
calls=13 1840
2419 67800
cfl=c:\Users\Pedro\faculdade\IniciacaoCientifica\grn\.env\Lib\site-packages\numba\core\ir.py
cfn=__init__:1042
calls=13 1042
2419 4800

fl=c:\Users\Pedro\faculdade\IniciacaoCientifica\grn\.env\Lib\site-packages\numba\core\interpreter.py
fn=op_CALL
2561 14800
cfl=c:\Users\Pedro\faculdade\IniciacaoCientifica\grn\.env\Lib\site-packages\numba\core\interpreter.py
cfn=store
calls=9 1840
2561 46300
cfl=c:\Users\Pedro\faculdade\IniciacaoCientifica\grn\.env\Lib\site-packages\numba\core\interpreter.py
cfn=get
calls=34 1858
2561 35000
cfl=c:\Users\Pedro\faculdade\IniciacaoCientifica\grn\.env\Lib\site-packages\numba\core\ir.py
cfn=call
calls=9 428
2561 26300

fl=c:\Users\Pedro\faculdade\IniciacaoCientifica\grn\.env\Lib\site-packages\numba\core\interpreter.py
fn=op_CALL_KW
2575 10700
cfl=c:\Users\Pedro\faculdade\IniciacaoCientifica\grn\.env\Lib\site-packages\numba\core\interpreter.py
cfn=code_consts
calls=2 1779
2575 200
cfl=c:\Users\Pedro\faculdade\IniciacaoCientifica\grn\.env\Lib\site-packages\numba\core\interpreter.py
cfn=store
calls=2 1840
2575 9800
cfl=c:\Users\Pedro\faculdade\IniciacaoCientifica\grn\.env\Lib\site-packages\numba\core\interpreter.py
cfn=get
calls=6 1858
2575 8400
cfl=c:\Users\Pedro\faculdade\IniciacaoCientifica\grn\.env\Lib\site-packages\numba\core\ir.py
cfn=call
calls=2 428
2575 5700
cfl=~
cfn=<built-in method builtins.len>
calls=4 0
2575 500
cfl=~
cfn=<method 'rsplit' of 'str' objects>
calls=2 0
2575 1100

fl=c:\Users\Pedro\faculdade\IniciacaoCientifica\grn\.env\Lib\site-packages\numba\core\interpreter.py
fn=op_GET_ITER
2745 2200
cfl=c:\Users\Pedro\faculdade\IniciacaoCientifica\grn\.env\Lib\site-packages\numba\core\interpreter.py
cfn=store
calls=1 1840
2745 5600
cfl=c:\Users\Pedro\faculdade\IniciacaoCientifica\grn\.env\Lib\site-packages\numba\core\interpreter.py
cfn=get
calls=1 1858
2745 1600
cfl=c:\Users\Pedro\faculdade\IniciacaoCientifica\grn\.env\Lib\site-packages\numba\core\ir.py
cfn=getiter
calls=1 474
2745 2700

fl=c:\Users\Pedro\faculdade\IniciacaoCientifica\grn\.env\Lib\site-packages\numba\core\interpreter.py
fn=op_FOR_ITER
2749 8000
cfl=c:\Users\Pedro\faculdade\IniciacaoCientifica\grn\.env\Lib\site-packages\numba\core\bytecode.py
cfn=get_jump_target
calls=1 98
2749 3200
cfl=c:\Users\Pedro\faculdade\IniciacaoCientifica\grn\.env\Lib\site-packages\numba\core\interpreter.py
cfn=store
calls=3 1840
2749 18500
cfl=c:\Users\Pedro\faculdade\IniciacaoCientifica\grn\.env\Lib\site-packages\numba\core\interpreter.py
cfn=get
calls=4 1858
2749 6600
cfl=c:\Users\Pedro\faculdade\IniciacaoCientifica\grn\.env\Lib\site-packages\numba\core\ir.py
cfn=pair_first
calls=1 461
2749 2100
cfl=c:\Users\Pedro\faculdade\IniciacaoCientifica\grn\.env\Lib\site-packages\numba\core\ir.py
cfn=pair_second
calls=1 467
2749 2200
cfl=c:\Users\Pedro\faculdade\IniciacaoCientifica\grn\.env\Lib\site-packages\numba\core\ir.py
cfn=iternext
calls=1 481
2749 2900
cfl=c:\Users\Pedro\faculdade\IniciacaoCientifica\grn\.env\Lib\site-packages\numba\core\ir.py
cfn=__init__:902
calls=1 902
2749 1300
cfl=c:\Users\Pedro\faculdade\IniciacaoCientifica\grn\.env\Lib\site-packages\numba\core\ir.py
cfn=append
calls=1 1315
2749 500

fl=c:\Users\Pedro\faculdade\IniciacaoCientifica\grn\.env\Lib\site-packages\numba\core\interpreter.py
fn=op_STORE_SUBSCR
2785 3900
cfl=c:\Users\Pedro\faculdade\IniciacaoCientifica\grn\.env\Lib\site-packages\numba\core\interpreter.py
cfn=get
calls=3 1858
2785 2100
cfl=c:\Users\Pedro\faculdade\IniciacaoCientifica\grn\.env\Lib\site-packages\numba\core\ir.py
cfn=__init__:623
calls=1 623
2785 1600
cfl=c:\Users\Pedro\faculdade\IniciacaoCientifica\grn\.env\Lib\site-packages\numba\core\ir.py
cfn=append
calls=1 1315
2785 500

fl=c:\Users\Pedro\faculdade\IniciacaoCientifica\grn\.env\Lib\site-packages\numba\core\interpreter.py
fn=op_BUILD_LIST
2804 6200
cfl=c:\Users\Pedro\faculdade\IniciacaoCientifica\grn\.env\Lib\site-packages\numba\core\interpreter.py
cfn=store
calls=4 1840
2804 18500
cfl=c:\Users\Pedro\faculdade\IniciacaoCientifica\grn\.env\Lib\site-packages\numba\core\interpreter.py
cfn=get
calls=11 1858
2804 10000
cfl=c:\Users\Pedro\faculdade\IniciacaoCientifica\grn\.env\Lib\site-packages\numba\core\ir.py
cfn=build_list
calls=4 442
2804 10400

fl=c:\Users\Pedro\faculdade\IniciacaoCientifica\grn\.env\Lib\site-packages\numba\core\interpreter.py
fn=op_BINARY_OP
2932 15300
cfl=c:\Users\Pedro\faculdade\IniciacaoCientifica\grn\.env\Lib\site-packages\numba\core\interpreter.py
cfn=store
calls=14 1840
2932 70000
cfl=c:\Users\Pedro\faculdade\IniciacaoCientifica\grn\.env\Lib\site-packages\numba\core\interpreter.py
cfn=get
calls=28 1858
2932 24600
cfl=c:\Users\Pedro\faculdade\IniciacaoCientifica\grn\.env\Lib\site-packages\numba\core\ir.py
cfn=getitem
calls=14 504
2932 38300

fl=c:\Users\Pedro\faculdade\IniciacaoCientifica\grn\.env\Lib\site-packages\numba\core\interpreter.py
fn=op_JUMP_BACKWARD
3036 1700
cfl=c:\Users\Pedro\faculdade\IniciacaoCientifica\grn\.env\Lib\site-packages\numba\core\bytecode.py
cfn=get_jump_target
calls=1 98
3036 2900
cfl=c:\Users\Pedro\faculdade\IniciacaoCientifica\grn\.env\Lib\site-packages\numba\core\ir.py
cfn=__init__:885
calls=1 885
3036 500
cfl=c:\Users\Pedro\faculdade\IniciacaoCientifica\grn\.env\Lib\site-packages\numba\core\ir.py
cfn=append
calls=1 1315
3036 500

fl=c:\Users\Pedro\faculdade\IniciacaoCientifica\grn\.env\Lib\site-packages\numba\core\interpreter.py
fn=op_RETURN_VALUE
3051 3800
cfl=c:\Users\Pedro\faculdade\IniciacaoCientifica\grn\.env\Lib\site-packages\numba\core\interpreter.py
cfn=store
calls=1 1840
3051 5100
cfl=c:\Users\Pedro\faculdade\IniciacaoCientifica\grn\.env\Lib\site-packages\numba\core\interpreter.py
cfn=get
calls=2 1858
3051 3000
cfl=c:\Users\Pedro\faculdade\IniciacaoCientifica\grn\.env\Lib\site-packages\numba\core\ir.py
cfn=cast
calls=1 531
3051 2400
cfl=c:\Users\Pedro\faculdade\IniciacaoCientifica\grn\.env\Lib\site-packages\numba\core\ir.py
cfn=__init__:867
calls=1 867
3051 500
cfl=c:\Users\Pedro\faculdade\IniciacaoCientifica\grn\.env\Lib\site-packages\numba\core\ir.py
cfn=append
calls=1 1315
3051 600

fl=c:\Users\Pedro\faculdade\IniciacaoCientifica\grn\.env\Lib\site-packages\numba\core\ir.py
fn=__init__:31
31 13500

fl=c:\Users\Pedro\faculdade\IniciacaoCientifica\grn\.env\Lib\site-packages\numba\core\ir.py
fn=from_function_id
55 1500
cfl=c:\Users\Pedro\faculdade\IniciacaoCientifica\grn\.env\Lib\site-packages\numba\core\ir.py
cfn=__init__:31
calls=1 31
55 200

fl=c:\Users\Pedro\faculdade\IniciacaoCientifica\grn\.env\Lib\site-packages\numba\core\ir.py
fn=get_lines
91 12900
cfl=C:\Users\Pedro\AppData\Local\Python\pythoncore-3.14-64\Lib\linecache.py
cfn=getlines
calls=11 32
91 276900
cfl=c:\Users\Pedro\faculdade\IniciacaoCientifica\grn\.env\Lib\site-packages\numba\core\ir.py
cfn=_get_path
calls=11 101
91 336800

fl=c:\Users\Pedro\faculdade\IniciacaoCientifica\grn\.env\Lib\site-packages\numba\core\ir.py
fn=_get_path
101 20200
cfl=<frozen ntpath>
cfn=relpath
calls=22 737
101 616000

fl=c:\Users\Pedro\faculdade\IniciacaoCientifica\grn\.env\Lib\site-packages\numba\core\ir.py
fn=strformat
115 93800
cfl=c:\Users\Pedro\faculdade\IniciacaoCientifica\grn\.env\Lib\site-packages\numba\core\errors.py
cfn=code
calls=11 374
115 403700
cfl=c:\Users\Pedro\faculdade\IniciacaoCientifica\grn\.env\Lib\site-packages\numba\core\errors.py
cfn=filename
calls=11 380
115 395700
cfl=c:\Users\Pedro\faculdade\IniciacaoCientifica\grn\.env\Lib\site-packages\numba\core\errors.py
cfn=indicate
calls=11 383
115 402300
cfl=c:\Users\Pedro\faculdade\IniciacaoCientifica\grn\.env\Lib\site-packages\numba\core\errors.py
cfn=highlight
calls=11 386
115 506200
cfl=c:\Users\Pedro\faculdade\IniciacaoCientifica\grn\.env\Lib\site-packages\numba\core\ir.py
cfn=get_lines
calls=11 91
115 626600
cfl=c:\Users\Pedro\faculdade\IniciacaoCientifica\grn\.env\Lib\site-packages\numba\core\ir.py
cfn=_get_path
calls=11 101
115 299400
cfl=c:\Users\Pedro\faculdade\IniciacaoCientifica\grn\.env\Lib\site-packages\numba\core\ir.py
cfn=count_spaces
calls=22 147
115 20000
cfl=~
cfn=<built-in method builtins.max>
calls=11 0
115 2800
cfl=~
cfn=<method 'append' of 'list' objects>
calls=44 0
115 6600
cfl=~
cfn=<method 'extend' of 'list' objects>
calls=11 0
115 2300
cfl=~
cfn=<method 'join' of 'str' objects>
calls=11 0
115 2600

fl=c:\Users\Pedro\faculdade\IniciacaoCientifica\grn\.env\Lib\site-packages\numba\core\ir.py
fn=count_spaces
147 20000

fl=c:\Users\Pedro\faculdade\IniciacaoCientifica\grn\.env\Lib\site-packages\numba\core\ir.py
fn=with_lineno
198 50600
cfl=c:\Users\Pedro\faculdade\IniciacaoCientifica\grn\.env\Lib\site-packages\numba\core\ir.py
cfn=__init__:31
calls=122 31
198 13300

fl=c:\Users\Pedro\faculdade\IniciacaoCientifica\grn\.env\Lib\site-packages\numba\core\ir.py
fn=__eq__
242 8500
cfl=c:\Users\Pedro\faculdade\IniciacaoCientifica\grn\.env\Lib\site-packages\numba\core\ir.py
cfn=__eq__
calls=2 242
242 5300
cfl=c:\Users\Pedro\faculdade\IniciacaoCientifica\grn\.env\Lib\site-packages\numba\core\ir.py
cfn=fixup
calls=12 244
242 10500

fl=c:\Users\Pedro\faculdade\IniciacaoCientifica\grn\.env\Lib\site-packages\numba\core\ir.py
fn=fixup
244 7600
cfl=~
cfn=<method 'pop' of 'dict' objects>
calls=24 0
244 2900

fl=c:\Users\Pedro\faculdade\IniciacaoCientifica\grn\.env\Lib\site-packages\numba\core\ir.py
fn=__hash__
259 93200
cfl=~
cfn=<built-in method builtins.id>
calls=670 0
259 54300

fl=c:\Users\Pedro\faculdade\IniciacaoCientifica\grn\.env\Lib\site-packages\numba\core\ir.py
fn=__init__:264
264 400

fl=c:\Users\Pedro\faculdade\IniciacaoCientifica\grn\.env\Lib\site-packages\numba\core\ir.py
fn=define:267
267 19100

fl=c:\Users\Pedro\faculdade\IniciacaoCientifica\grn\.env\Lib\site-packages\numba\core\ir.py
fn=get:273
273 11900

fl=c:\Users\Pedro\faculdade\IniciacaoCientifica\grn\.env\Lib\site-packages\numba\core\ir.py
fn=__contains__
279 31500

fl=c:\Users\Pedro\faculdade\IniciacaoCientifica\grn\.env\Lib\site-packages\numba\core\ir.py
fn=_rec_list_vars
321 4624600
cfl=c:\Users\Pedro\faculdade\IniciacaoCientifica\grn\.env\Lib\site-packages\numba\core\ir.py
cfn=_rec_list_vars
calls=5985 321
321 4470900
cfl=c:\Users\Pedro\faculdade\IniciacaoCientifica\grn\.env\Lib\site-packages\numba\core\ir.py
cfn=list_vars:611
calls=517 611
321 2393700
cfl=~
cfn=<built-in method builtins.isinstance>
calls=21687 0
321 1574600
cfl=~
cfn=<method 'extend' of 'list' objects>
calls=5985 0
321 578400
cfl=~
cfn=<method 'values' of 'dict' objects>
calls=1736 0
321 193500

fl=c:\Users\Pedro\faculdade\IniciacaoCientifica\grn\.env\Lib\site-packages\numba\core\ir.py
fn=list_vars:354
354 220100
cfl=c:\Users\Pedro\faculdade\IniciacaoCientifica\grn\.env\Lib\site-packages\numba\core\ir.py
cfn=_rec_list_vars
calls=984 321
354 6080600

fl=c:\Users\Pedro\faculdade\IniciacaoCientifica\grn\.env\Lib\site-packages\numba\core\ir.py
fn=__init__:380
380 51300
cfl=c:\Users\Pedro\faculdade\IniciacaoCientifica\grn\.env\Lib\site-packages\numba\core\ir.py
cfn=__setattr__
calls=177 392
380 27000
cfl=~
cfn=<built-in method builtins.isinstance>
calls=118 0
380 6900

fl=c:\Users\Pedro\faculdade\IniciacaoCientifica\grn\.env\Lib\site-packages\numba\core\ir.py
fn=__getattr__
387 78800
cfl=~
cfn=<method 'startswith' of 'str' objects>
calls=282 0
387 30700

fl=c:\Users\Pedro\faculdade\IniciacaoCientifica\grn\.env\Lib\site-packages\numba\core\ir.py
fn=__setattr__
392 27000

fl=c:\Users\Pedro\faculdade\IniciacaoCientifica\grn\.env\Lib\site-packages\numba\core\ir.py
fn=call
428 14700
cfl=c:\Users\Pedro\faculdade\IniciacaoCientifica\grn\.env\Lib\site-packages\numba\core\ir.py
cfn=__init__:380
calls=11 380
428 15900
cfl=~
cfn=<built-in method builtins.isinstance>
calls=22 0
428 1400

fl=c:\Users\Pedro\faculdade\IniciacaoCientifica\grn\.env\Lib\site-packages\numba\core\ir.py
fn=build_tuple
436 1800
cfl=c:\Users\Pedro\faculdade\IniciacaoCientifica\grn\.env\Lib\site-packages\numba\core\ir.py
cfn=__init__:380
calls=2 380
436 2700
cfl=~
cfn=<built-in method builtins.isinstance>
calls=2 0
436 0

fl=c:\Users\Pedro\faculdade\IniciacaoCientifica\grn\.env\Lib\site-packages\numba\core\ir.py
fn=build_list
442 4700
cfl=c:\Users\Pedro\faculdade\IniciacaoCientifica\grn\.env\Lib\site-packages\numba\core\ir.py
cfn=__init__:380
calls=4 380
442 5400
cfl=~
cfn=<built-in method builtins.isinstance>
calls=4 0
442 300

fl=c:\Users\Pedro\faculdade\IniciacaoCientifica\grn\.env\Lib\site-packages\numba\core\ir.py
fn=pair_first
461 700
cfl=c:\Users\Pedro\faculdade\IniciacaoCientifica\grn\.env\Lib\site-packages\numba\core\ir.py
cfn=__init__:380
calls=1 380
461 1300
cfl=~
cfn=<built-in method builtins.isinstance>
calls=1 0
461 100

fl=c:\Users\Pedro\faculdade\IniciacaoCientifica\grn\.env\Lib\site-packages\numba\core\ir.py
fn=pair_second
467 800
cfl=c:\Users\Pedro\faculdade\IniciacaoCientifica\grn\.env\Lib\site-packages\numba\core\ir.py
cfn=__init__:380
calls=1 380
467 1200
cfl=~
cfn=<built-in method builtins.isinstance>
calls=2 0
467 200

fl=c:\Users\Pedro\faculdade\IniciacaoCientifica\grn\.env\Lib\site-packages\numba\core\ir.py
fn=getiter
474 1200
cfl=c:\Users\Pedro\faculdade\IniciacaoCientifica\grn\.env\Lib\site-packages\numba\core\ir.py
cfn=__init__:380
calls=1 380
474 1400
cfl=~
cfn=<built-in method builtins.isinstance>
calls=2 0
474 100

fl=c:\Users\Pedro\faculdade\IniciacaoCientifica\grn\.env\Lib\site-packages\numba\core\ir.py
fn=iternext
481 1200
cfl=c:\Users\Pedro\faculdade\IniciacaoCientifica\grn\.env\Lib\site-packages\numba\core\ir.py
cfn=__init__:380
calls=1 380
481 1600
cfl=~
cfn=<built-in method builtins.isinstance>
calls=2 0
481 100

fl=c:\Users\Pedro\faculdade\IniciacaoCientifica\grn\.env\Lib\site-packages\numba\core\ir.py
fn=getattr
496 14200
cfl=c:\Users\Pedro\faculdade\IniciacaoCientifica\grn\.env\Lib\site-packages\numba\core\ir.py
cfn=__init__:380
calls=11 380
496 16800
cfl=~
cfn=<built-in method builtins.isinstance>
calls=33 0
496 1900

fl=c:\Users\Pedro\faculdade\IniciacaoCientifica\grn\.env\Lib\site-packages\numba\core\ir.py
fn=getitem
504 16400
cfl=c:\Users\Pedro\faculdade\IniciacaoCientifica\grn\.env\Lib\site-packages\numba\core\ir.py
cfn=__init__:380
calls=14 380
504 19300
cfl=~
cfn=<built-in method builtins.isinstance>
calls=42 0
504 2600

fl=c:\Users\Pedro\faculdade\IniciacaoCientifica\grn\.env\Lib\site-packages\numba\core\ir.py
fn=static_getitem
521 14000
cfl=c:\Users\Pedro\faculdade\IniciacaoCientifica\grn\.env\Lib\site-packages\numba\core\ir.py
cfn=__init__:380
calls=12 380
521 18200
cfl=~
cfn=<built-in method builtins.isinstance>
calls=36 0
521 1900

fl=c:\Users\Pedro\faculdade\IniciacaoCientifica\grn\.env\Lib\site-packages\numba\core\ir.py
fn=cast
531 800
cfl=c:\Users\Pedro\faculdade\IniciacaoCientifica\grn\.env\Lib\site-packages\numba\core\ir.py
cfn=__init__:380
calls=1 380
531 1400
cfl=~
cfn=<built-in method builtins.isinstance>
calls=2 0
531 200

fl=c:\Users\Pedro\faculdade\IniciacaoCientifica\grn\.env\Lib\site-packages\numba\core\ir.py
fn=__repr__
592 14200
cfl=~
cfn=<method 'items' of 'dict' objects>
calls=11 0
592 2300
cfl=~
cfn=<method 'join' of 'str' objects>
calls=11 0
592 24500

fl=c:\Users\Pedro\faculdade\IniciacaoCientifica\grn\.env\Lib\site-packages\numba\core\ir.py
fn=<genexpr>
608 10800
cfl=c:\Users\Pedro\faculdade\IniciacaoCientifica\grn\.env\Lib\site-packages\numba\core\ir.py
cfn=__str__
calls=11 1115
608 2200

fl=c:\Users\Pedro\faculdade\IniciacaoCientifica\grn\.env\Lib\site-packages\numba\core\ir.py
fn=list_vars:611
611 184300
cfl=c:\Users\Pedro\faculdade\IniciacaoCientifica\grn\.env\Lib\site-packages\numba\core\ir.py
cfn=_rec_list_vars
calls=752 321
611 3284200

fl=c:\Users\Pedro\faculdade\IniciacaoCientifica\grn\.env\Lib\site-packages\numba\core\ir.py
fn=infer_constant:614
614 18800
cfl=c:\Users\Pedro\faculdade\IniciacaoCientifica\grn\.env\Lib\site-packages\numba\core\errors.py
cfn=__init__:748
calls=10 748
614 2942900
cfl=c:\Users\Pedro\faculdade\IniciacaoCientifica\grn\.env\Lib\site-packages\numba\core\ir.py
cfn=__repr__
calls=10 592
614 35900

fl=c:\Users\Pedro\faculdade\IniciacaoCientifica\grn\.env\Lib\site-packages\numba\core\ir.py
fn=__init__:623
623 1300
cfl=~
cfn=<built-in method builtins.isinstance>
calls=4 0
623 300

fl=c:\Users\Pedro\faculdade\IniciacaoCientifica\grn\.env\Lib\site-packages\numba\core\ir.py
fn=__init__:719
719 25400
cfl=~
cfn=<built-in method builtins.isinstance>
calls=168 0
719 10300

fl=c:\Users\Pedro\faculdade\IniciacaoCientifica\grn\.env\Lib\site-packages\numba\core\ir.py
fn=__init__:867
867 400
cfl=~
cfn=<built-in method builtins.isinstance>
calls=2 0
867 100

fl=c:\Users\Pedro\faculdade\IniciacaoCientifica\grn\.env\Lib\site-packages\numba\core\ir.py
fn=get_targets:876
876 1600

fl=c:\Users\Pedro\faculdade\IniciacaoCientifica\grn\.env\Lib\site-packages\numba\core\ir.py
fn=__init__:885
885 1200
cfl=~
cfn=<built-in method builtins.isinstance>
calls=2 0
885 200

fl=c:\Users\Pedro\faculdade\IniciacaoCientifica\grn\.env\Lib\site-packages\numba\core\ir.py
fn=get_targets:893
893 6300

fl=c:\Users\Pedro\faculdade\IniciacaoCientifica\grn\.env\Lib\site-packages\numba\core\ir.py
fn=__init__:902
902 1100
cfl=~
cfn=<built-in method builtins.isinstance>
calls=2 0
902 200

fl=c:\Users\Pedro\faculdade\IniciacaoCientifica\grn\.env\Lib\site-packages\numba\core\ir.py
fn=get_targets:913
913 5000

fl=c:\Users\Pedro\faculdade\IniciacaoCientifica\grn\.env\Lib\site-packages\numba\core\ir.py
fn=__init__:921
921 55600
cfl=~
cfn=<built-in method builtins.isinstance>
calls=414 0
921 25600

fl=c:\Users\Pedro\faculdade\IniciacaoCientifica\grn\.env\Lib\site-packages\numba\core\ir.py
fn=__init__:1004
1004 2900
cfl=~
cfn=<built-in method builtins.isinstance>
calls=15 0
1004 900

fl=c:\Users\Pedro\faculdade\IniciacaoCientifica\grn\.env\Lib\site-packages\numba\core\ir.py
fn=__init__:1020
1020 4000
cfl=~
cfn=<built-in method builtins.isinstance>
calls=15 0
1020 800

fl=c:\Users\Pedro\faculdade\IniciacaoCientifica\grn\.env\Lib\site-packages\numba\core\ir.py
fn=infer_constant:1030
1030 1300

fl=c:\Users\Pedro\faculdade\IniciacaoCientifica\grn\.env\Lib\site-packages\numba\core\ir.py
fn=__init__:1042
1042 4000
cfl=~
cfn=<built-in method builtins.isinstance>
calls=13 0
1042 800

fl=c:\Users\Pedro\faculdade\IniciacaoCientifica\grn\.env\Lib\site-packages\numba\core\ir.py
fn=infer_constant:1051
1051 1500

fl=c:\Users\Pedro\faculdade\IniciacaoCientifica\grn\.env\Lib\site-packages\numba\core\ir.py
fn=__init__:1103
1103 55200
cfl=~
cfn=<built-in method builtins.isinstance>
calls=378 0
1103 23500

fl=c:\Users\Pedro\faculdade\IniciacaoCientifica\grn\.env\Lib\site-packages\numba\core\ir.py
fn=__str__
1115 2200

fl=c:\Users\Pedro\faculdade\IniciacaoCientifica\grn\.env\Lib\site-packages\numba\core\ir.py
fn=is_temp
1118 31200
cfl=~
cfn=<method 'startswith' of 'str' objects>
calls=176 0
1118 16000

fl=c:\Users\Pedro\faculdade\IniciacaoCientifica\grn\.env\Lib\site-packages\numba\core\ir.py
fn=__init__:1165
1165 3400
cfl=c:\Users\Pedro\faculdade\IniciacaoCientifica\grn\.env\Lib\site-packages\numba\core\ir.py
cfn=__init__:264
calls=2 264
1165 400
cfl=~
cfn=<built-in method builtins.isinstance>
calls=3 0
1165 300

fl=c:\Users\Pedro\faculdade\IniciacaoCientifica\grn\.env\Lib\site-packages\numba\core\ir.py
fn=define:1174
1174 77100
cfl=c:\Users\Pedro\faculdade\IniciacaoCientifica\grn\.env\Lib\site-packages\numba\core\ir.py
cfn=define:267
calls=126 267
1174 19100
cfl=c:\Users\Pedro\faculdade\IniciacaoCientifica\grn\.env\Lib\site-packages\numba\core\ir.py
cfn=__init__:1103
calls=126 1103
1174 78700

fl=c:\Users\Pedro\faculdade\IniciacaoCientifica\grn\.env\Lib\site-packages\numba\core\ir.py
fn=get:1182
1182 24900
cfl=c:\Users\Pedro\faculdade\IniciacaoCientifica\grn\.env\Lib\site-packages\numba\core\ir.py
cfn=get_exact
calls=110 1190
1182 35700

fl=c:\Users\Pedro\faculdade\IniciacaoCientifica\grn\.env\Lib\site-packages\numba\core\ir.py
fn=get_exact
1190 23800
cfl=c:\Users\Pedro\faculdade\IniciacaoCientifica\grn\.env\Lib\site-packages\numba\core\ir.py
cfn=get:273
calls=110 273
1190 11900

fl=c:\Users\Pedro\faculdade\IniciacaoCientifica\grn\.env\Lib\site-packages\numba\core\ir.py
fn=get_or_define
1203 8100
cfl=c:\Users\Pedro\faculdade\IniciacaoCientifica\grn\.env\Lib\site-packages\numba\core\ir.py
cfn=__contains__
calls=17 279
1203 2100
cfl=c:\Users\Pedro\faculdade\IniciacaoCientifica\grn\.env\Lib\site-packages\numba\core\ir.py
cfn=define:1174
calls=17 1174
1203 24900

fl=c:\Users\Pedro\faculdade\IniciacaoCientifica\grn\.env\Lib\site-packages\numba\core\ir.py
fn=redefine
1212 48700
cfl=c:\Users\Pedro\faculdade\IniciacaoCientifica\grn\.env\Lib\site-packages\numba\core\ir.py
cfn=__contains__
calls=109 279
1212 10600
cfl=c:\Users\Pedro\faculdade\IniciacaoCientifica\grn\.env\Lib\site-packages\numba\core\ir.py
cfn=define:1174
calls=109 1174
1212 150000
cfl=~
cfn=<method 'add' of 'set' objects>
calls=1 0
1212 100

fl=c:\Users\Pedro\faculdade\IniciacaoCientifica\grn\.env\Lib\site-packages\numba\core\ir.py
fn=__init__:1270
1270 3200
cfl=~
cfn=<built-in method builtins.isinstance>
calls=10 0
1270 800

fl=c:\Users\Pedro\faculdade\IniciacaoCientifica\grn\.env\Lib\site-packages\numba\core\ir.py
fn=copy
1277 1000
cfl=c:\Users\Pedro\faculdade\IniciacaoCientifica\grn\.env\Lib\site-packages\numba\core\ir.py
cfn=__init__:1270
calls=1 1270
1277 900

fl=c:\Users\Pedro\faculdade\IniciacaoCientifica\grn\.env\Lib\site-packages\numba\core\ir.py
fn=find_exprs
1282 74100
cfl=~
cfn=<built-in method builtins.isinstance>
calls=632 0
1282 37400

fl=c:\Users\Pedro\faculdade\IniciacaoCientifica\grn\.env\Lib\site-packages\numba\core\ir.py
fn=find_insts
1293 192700
cfl=~
cfn=<built-in method builtins.isinstance>
calls=2112 0
1293 143900

fl=c:\Users\Pedro\faculdade\IniciacaoCientifica\grn\.env\Lib\site-packages\numba\core\ir.py
fn=prepend
1311 3000
cfl=~
cfn=<built-in method builtins.isinstance>
calls=6 0
1311 600
cfl=~
cfn=<method 'insert' of 'list' objects>
calls=6 0
1311 1000

fl=c:\Users\Pedro\faculdade\IniciacaoCientifica\grn\.env\Lib\site-packages\numba\core\ir.py
fn=append
1315 56900
cfl=~
cfn=<built-in method builtins.isinstance>
calls=190 0
1315 14500
cfl=~
cfn=<method 'append' of 'list' objects>
calls=190 0
1315 20400

fl=c:\Users\Pedro\faculdade\IniciacaoCientifica\grn\.env\Lib\site-packages\numba\core\ir.py
fn=clear
1323 600

fl=c:\Users\Pedro\faculdade\IniciacaoCientifica\grn\.env\Lib\site-packages\numba\core\ir.py
fn=terminator
1336 12700

fl=c:\Users\Pedro\faculdade\IniciacaoCientifica\grn\.env\Lib\site-packages\numba\core\ir.py
fn=is_terminated
1340 3300

fl=c:\Users\Pedro\faculdade\IniciacaoCientifica\grn\.env\Lib\site-packages\numba\core\ir.py
fn=verify
1344 2200
cfl=c:\Users\Pedro\faculdade\IniciacaoCientifica\grn\.env\Lib\site-packages\numba\core\ir.py
cfn=is_terminated
calls=1 1340
1344 400

fl=c:\Users\Pedro\faculdade\IniciacaoCientifica\grn\.env\Lib\site-packages\numba\core\ir.py
fn=insert_before_terminator
1360 1400
cfl=c:\Users\Pedro\faculdade\IniciacaoCientifica\grn\.env\Lib\site-packages\numba\core\ir.py
cfn=is_terminated
calls=1 1340
1360 300
cfl=~
cfn=<built-in method builtins.isinstance>
calls=1 0
1360 100
cfl=~
cfn=<method 'insert' of 'list' objects>
calls=1 0
1360 400

fl=c:\Users\Pedro\faculdade\IniciacaoCientifica\grn\.env\Lib\site-packages\numba\core\ir.py
fn=__init__:1399
1399 1600
cfl=c:\Users\Pedro\faculdade\IniciacaoCientifica\grn\.env\Lib\site-packages\numba\core\ir.py
cfn=_reset_analysis_variables
calls=1 1491
1399 4000

fl=c:\Users\Pedro\faculdade\IniciacaoCientifica\grn\.env\Lib\site-packages\numba\core\ir.py
fn=_reset_analysis_variables
1491 1900
cfl=c:\Users\Pedro\faculdade\IniciacaoCientifica\grn\.env\Lib\site-packages\numba\core\consts.py
cfn=__init__
calls=1 18
1491 2100

fl=c:\Users\Pedro\faculdade\IniciacaoCientifica\grn\.env\Lib\site-packages\numba\core\ir.py
fn=infer_constant:1545
1545 15900
cfl=c:\Users\Pedro\faculdade\IniciacaoCientifica\grn\.env\Lib\site-packages\numba\core\consts.py
cfn=infer_constant
calls=26 24
1545 3327900
cfl=~
cfn=<built-in method builtins.isinstance>
calls=26 0
1545 1300

fl=c:\Users\Pedro\faculdade\IniciacaoCientifica\grn\.env\Lib\site-packages\numba\core\ir.py
fn=get_definition
1553 145900
cfl=~
cfn=<built-in method builtins.isinstance>
calls=434 0
1553 35700
cfl=~
cfn=<built-in method builtins.len>
calls=268 0
1553 22300

fl=c:\Users\Pedro\faculdade\IniciacaoCientifica\grn\.env\Lib\site-packages\numba\core\ir_utils.py
fn=remove_dels
439 29200
cfl=~
cfn=<built-in method builtins.isinstance>
calls=172 0
439 10800
cfl=~
cfn=<method 'append' of 'list' objects>
calls=88 0
439 7100
cfl=~
cfn=<method 'values' of 'dict' objects>
calls=1 0
439 300

fl=c:\Users\Pedro\faculdade\IniciacaoCientifica\grn\.env\Lib\site-packages\numba\core\ir_utils.py
fn=require
1452 17900

fl=c:\Users\Pedro\faculdade\IniciacaoCientifica\grn\.env\Lib\site-packages\numba\core\ir_utils.py
fn=guard
1459 106100
cfl=c:\Users\Pedro\faculdade\IniciacaoCientifica\grn\.env\Lib\site-packages\numba\core\inline_closurecall.py
cfn=_inline_reduction
calls=11 165
1459 13900
cfl=c:\Users\Pedro\faculdade\IniciacaoCientifica\grn\.env\Lib\site-packages\numba\core\inline_closurecall.py
cfn=_inline_stencil
calls=11 194
1459 16500
cfl=c:\Users\Pedro\faculdade\IniciacaoCientifica\grn\.env\Lib\site-packages\numba\core\inline_closurecall.py
cfn=_inline_closure
calls=11 270
1459 9500
cfl=c:\Users\Pedro\faculdade\IniciacaoCientifica\grn\.env\Lib\site-packages\numba\core\inline_closurecall.py
cfn=_inline_arraycall
calls=1 1042
1459 182300
cfl=c:\Users\Pedro\faculdade\IniciacaoCientifica\grn\.env\Lib\site-packages\numba\core\ir_utils.py
cfn=get_definition
calls=37 1470
1459 98900
cfl=c:\Users\Pedro\faculdade\IniciacaoCientifica\grn\.env\Lib\site-packages\numba\core\ir_utils.py
cfn=find_callname
calls=57 1505
1459 263500
cfl=c:\Users\Pedro\faculdade\IniciacaoCientifica\grn\.env\Lib\site-packages\numba\core\ir_utils.py
cfn=resolve_func_from_module
calls=9 2092
1459 39500
cfl=c:\Users\Pedro\faculdade\IniciacaoCientifica\grn\.env\Lib\site-packages\numba\core\untyped_passes.py
cfn=_do_work
calls=11 332
1459 93700

fl=c:\Users\Pedro\faculdade\IniciacaoCientifica\grn\.env\Lib\site-packages\numba\core\ir_utils.py
fn=get_definition
1470 29900
cfl=c:\Users\Pedro\faculdade\IniciacaoCientifica\grn\.env\Lib\site-packages\numba\core\ir.py
cfn=get_definition
calls=70 1553
1470 126700

fl=c:\Users\Pedro\faculdade\IniciacaoCientifica\grn\.env\Lib\site-packages\numba\core\ir_utils.py
fn=build_definitions
1480 45600
cfl=~
cfn=<built-in method builtins.isinstance>
calls=88 0
1480 6400
cfl=~
cfn=<method 'append' of 'list' objects>
calls=83 0
1480 5900
cfl=~
cfn=<method 'get' of 'dict' objects>
calls=83 0
1480 8100
cfl=~
cfn=<method 'values' of 'dict' objects>
calls=1 0
1480 100

fl=c:\Users\Pedro\faculdade\IniciacaoCientifica\grn\.env\Lib\site-packages\numba\core\ir_utils.py
fn=find_callname
1505 92400
cfl=c:\Users\Pedro\faculdade\IniciacaoCientifica\grn\.env\Lib\site-packages\numba\core\ir.py
cfn=__getattr__
calls=44 387
1505 17000
cfl=c:\Users\Pedro\faculdade\IniciacaoCientifica\grn\.env\Lib\site-packages\numba\core\ir_utils.py
cfn=require
calls=57 1452
1505 7900
cfl=c:\Users\Pedro\faculdade\IniciacaoCientifica\grn\.env\Lib\site-packages\numba\core\ir_utils.py
cfn=get_definition
calls=30 1470
1505 53400
cfl=~
cfn=<built-in method builtins.getattr>
calls=16 0
1505 2100
cfl=~
cfn=<built-in method builtins.hasattr>
calls=67 0
1505 45900
cfl=~
cfn=<built-in method builtins.isinstance>
calls=133 0
1505 35800
cfl=~
cfn=<method 'append' of 'list' objects>
calls=33 0
1505 4300
cfl=~
cfn=<method 'join' of 'str' objects>
calls=16 0
1505 4400
cfl=~
cfn=<method 'startswith' of 'str' objects>
calls=3 0
1505 300

fl=c:\Users\Pedro\faculdade\IniciacaoCientifica\grn\.env\Lib\site-packages\numba\core\ir_utils.py
fn=resolve_func_from_module
2092 13800
cfl=c:\Users\Pedro\faculdade\IniciacaoCientifica\grn\.env\Lib\site-packages\numba\core\ir_utils.py
cfn=resolve_mod
calls=18 2102
2092 70600
cfl=~
cfn=<built-in method builtins.getattr>
calls=16 0
2092 2200

fl=c:\Users\Pedro\faculdade\IniciacaoCientifica\grn\.env\Lib\site-packages\numba\core\ir_utils.py
fn=resolve_mod
2102 30900
cfl=c:\Users\Pedro\faculdade\IniciacaoCientifica\grn\.env\Lib\site-packages\numba\core\ir.py
cfn=__getattr__
calls=36 387
2102 12200
cfl=c:\Users\Pedro\faculdade\IniciacaoCientifica\grn\.env\Lib\site-packages\numba\core\ir.py
cfn=get_definition
calls=18 1553
2102 18300
cfl=c:\Users\Pedro\faculdade\IniciacaoCientifica\grn\.env\Lib\site-packages\numba\core\ir_utils.py
cfn=resolve_mod
calls=18 2102
2102 15500
cfl=~
cfn=<built-in method builtins.getattr>
calls=36 0
2102 3500
cfl=~
cfn=<built-in method builtins.isinstance>
calls=36 0
2102 3400
cfl=~
cfn=<method 'insert' of 'list' objects>
calls=18 0
2102 2300

fl=c:\Users\Pedro\faculdade\IniciacaoCientifica\grn\.env\Lib\site-packages\numba\core\ir_utils.py
fn=enforce_no_dels
2128 31700
cfl=c:\Users\Pedro\faculdade\IniciacaoCientifica\grn\.env\Lib\site-packages\numba\core\ir.py
cfn=find_insts
calls=68 1293
2128 227900
cfl=~
cfn=<method 'values' of 'dict' objects>
calls=17 0
2128 3100

fl=c:\Users\Pedro\faculdade\IniciacaoCientifica\grn\.env\Lib\site-packages\numba\core\ir_utils.py
fn=fixup_var_define_in_scope
2233 91800
cfl=c:\Users\Pedro\faculdade\IniciacaoCientifica\grn\.env\Lib\site-packages\numba\core\ir.py
cfn=__hash__
calls=188 259
2233 39600
cfl=c:\Users\Pedro\faculdade\IniciacaoCientifica\grn\.env\Lib\site-packages\numba\core\ir.py
cfn=__contains__
calls=332 279
2233 18800
cfl=c:\Users\Pedro\faculdade\IniciacaoCientifica\grn\.env\Lib\site-packages\numba\core\ir.py
cfn=list_vars:354
calls=88 354
2233 550700
cfl=~
cfn=<method 'items' of 'dict' objects>
calls=4 0
2233 500
cfl=~
cfn=<method 'values' of 'dict' objects>
calls=2 0
2233 300

fl=c:\Users\Pedro\faculdade\IniciacaoCientifica\grn\.env\Lib\site-packages\numba\core\ir_utils.py
fn=is_setup_with
2275 12700
cfl=~
cfn=<built-in method builtins.isinstance>
calls=88 0
2275 5400

fl=c:\Users\Pedro\faculdade\IniciacaoCientifica\grn\.env\Lib\site-packages\numba\core\ir_utils.py
fn=is_pop_block
2291 12100
cfl=~
cfn=<built-in method builtins.isinstance>
calls=88 0
2291 5300

fl=c:\Users\Pedro\faculdade\IniciacaoCientifica\grn\.env\Lib\site-packages\numba\core\options.py
fn=<lambda>
15 100

fl=c:\Users\Pedro\faculdade\IniciacaoCientifica\grn\.env\Lib\site-packages\numba\core\options.py
fn=parse_as_flags
30 4600
cfl=c:\Users\Pedro\faculdade\IniciacaoCientifica\grn\.env\Lib\site-packages\numba\core\cpu.py
cfn=finalize
calls=1 335
30 36500
cfl=c:\Users\Pedro\faculdade\IniciacaoCientifica\grn\.env\Lib\site-packages\numba\core\options.py
cfn=_apply
calls=1 45
30 55000

fl=c:\Users\Pedro\faculdade\IniciacaoCientifica\grn\.env\Lib\site-packages\numba\core\options.py
fn=_apply
45 19100
cfl=c:\Users\Pedro\faculdade\IniciacaoCientifica\grn\.env\Lib\site-packages\numba\core\options.py
cfn=<lambda>
calls=1 15
45 100
cfl=~
cfn=<built-in method _operator.not_>
calls=1 0
45 300
cfl=~
cfn=<built-in method builtins.dir>
calls=1 0
45 16100
cfl=~
cfn=<built-in method builtins.getattr>
calls=50 0
45 10000
cfl=~
cfn=<built-in method builtins.isinstance>
calls=50 0
45 4100
cfl=~
cfn=<built-in method builtins.setattr>
calls=2 0
45 4800
cfl=~
cfn=<method 'add' of 'set' objects>
calls=2 0
45 300
cfl=~
cfn=<method 'items' of 'dict' objects>
calls=1 0
45 200

fl=c:\Users\Pedro\faculdade\IniciacaoCientifica\grn\.env\Lib\site-packages\numba\core\postproc.py
fn=__init__:35
35 500

fl=c:\Users\Pedro\faculdade\IniciacaoCientifica\grn\.env\Lib\site-packages\numba\core\postproc.py
fn=cfg
38 2800
cfl=c:\Users\Pedro\faculdade\IniciacaoCientifica\grn\.env\Lib\site-packages\numba\core\analysis.py
cfn=compute_cfg_from_blocks
calls=5 244
38 93200

fl=c:\Users\Pedro\faculdade\IniciacaoCientifica\grn\.env\Lib\site-packages\numba\core\postproc.py
fn=usedefs
42 6300
cfl=c:\Users\Pedro\faculdade\IniciacaoCientifica\grn\.env\Lib\site-packages\numba\core\analysis.py
cfn=compute_use_defs
calls=5 23
42 4734800

fl=c:\Users\Pedro\faculdade\IniciacaoCientifica\grn\.env\Lib\site-packages\numba\core\postproc.py
fn=livemap
46 15600
cfl=c:\Users\Pedro\faculdade\IniciacaoCientifica\grn\.env\Lib\site-packages\numba\core\analysis.py
cfn=compute_live_map
calls=5 60
46 433200

fl=c:\Users\Pedro\faculdade\IniciacaoCientifica\grn\.env\Lib\site-packages\numba\core\postproc.py
fn=deadmaps
52 18000
cfl=C:\Users\Pedro\AppData\Local\Python\pythoncore-3.14-64\Lib\functools.py
cfn=__get__
calls=5 1110
52 453900
cfl=c:\Users\Pedro\faculdade\IniciacaoCientifica\grn\.env\Lib\site-packages\numba\core\analysis.py
cfn=compute_dead_maps
calls=5 125
52 336200

fl=c:\Users\Pedro\faculdade\IniciacaoCientifica\grn\.env\Lib\site-packages\numba\core\postproc.py
fn=__init__:68
68 800

fl=c:\Users\Pedro\faculdade\IniciacaoCientifica\grn\.env\Lib\site-packages\numba\core\postproc.py
fn=run
71 54600
cfl=C:\Users\Pedro\AppData\Local\Python\pythoncore-3.14-64\Lib\functools.py
cfn=__get__
calls=15 1110
71 5662600
cfl=c:\Users\Pedro\faculdade\IniciacaoCientifica\grn\.env\Lib\site-packages\numba\core\analysis.py
cfn=compute_live_variables
calls=5 197
71 102300
cfl=c:\Users\Pedro\faculdade\IniciacaoCientifica\grn\.env\Lib\site-packages\numba\core\ir.py
cfn=__hash__
calls=20 259
71 6300
cfl=c:\Users\Pedro\faculdade\IniciacaoCientifica\grn\.env\Lib\site-packages\numba\core\postproc.py
cfn=__init__:35
calls=5 35
71 500
cfl=c:\Users\Pedro\faculdade\IniciacaoCientifica\grn\.env\Lib\site-packages\numba\core\postproc.py
cfn=_insert_var_dels
calls=1 158
71 903100
cfl=c:\Users\Pedro\faculdade\IniciacaoCientifica\grn\.env\Lib\site-packages\numba\core\transforms.py
cfn=canonicalize_cfg
calls=5 362
71 283400
cfl=~
cfn=<method 'items' of 'dict' objects>
calls=5 0
71 700

fl=c:\Users\Pedro\faculdade\IniciacaoCientifica\grn\.env\Lib\site-packages\numba\core\postproc.py
fn=_insert_var_dels
158 7100
cfl=c:\Users\Pedro\faculdade\IniciacaoCientifica\grn\.env\Lib\site-packages\numba\core\postproc.py
cfn=_patch_var_dels
calls=1 179
158 896000

fl=c:\Users\Pedro\faculdade\IniciacaoCientifica\grn\.env\Lib\site-packages\numba\core\postproc.py
fn=_patch_var_dels
179 222700
cfl=c:\Users\Pedro\faculdade\IniciacaoCientifica\grn\.env\Lib\site-packages\numba\core\ir.py
cfn=list_vars:354
calls=84 354
179 542900
cfl=c:\Users\Pedro\faculdade\IniciacaoCientifica\grn\.env\Lib\site-packages\numba\core\ir.py
cfn=__init__:719
calls=84 719
179 35700
cfl=c:\Users\Pedro\faculdade\IniciacaoCientifica\grn\.env\Lib\site-packages\numba\core\ir.py
cfn=prepend
calls=6 1311
179 4600
cfl=c:\Users\Pedro\faculdade\IniciacaoCientifica\grn\.env\Lib\site-packages\numba\core\postproc.py
cfn=<genexpr>
calls=270 191
179 22200
cfl=~
cfn=<built-in method builtins.isinstance>
calls=168 0
179 14100
cfl=~
cfn=<built-in method builtins.sorted>
calls=88 0
179 16600
cfl=~
cfn=<method 'append' of 'list' objects>
calls=250 0
179 25300
cfl=~
cfn=<method 'copy' of 'set' objects>
calls=4 0
179 1800
cfl=~
cfn=<method 'items' of 'dict' objects>
calls=85 0
179 10100

fl=c:\Users\Pedro\faculdade\IniciacaoCientifica\grn\.env\Lib\site-packages\numba\core\postproc.py
fn=<genexpr>
191 22200

fl=c:\Users\Pedro\faculdade\IniciacaoCientifica\grn\.env\Lib\site-packages\numba\core\registry.py
fn=target_context
25 900

fl=c:\Users\Pedro\faculdade\IniciacaoCientifica\grn\.env\Lib\site-packages\numba\core\registry.py
fn=typing_context
32 400

fl=c:\Users\Pedro\faculdade\IniciacaoCientifica\grn\.env\Lib\site-packages\numba\core\rewrites\ir_print.py
fn=match:11
11 32600
cfl=c:\Users\Pedro\faculdade\IniciacaoCientifica\grn\.env\Lib\site-packages\numba\core\ir.py
cfn=__getattr__
calls=11 387
11 5300
cfl=c:\Users\Pedro\faculdade\IniciacaoCientifica\grn\.env\Lib\site-packages\numba\core\ir.py
cfn=find_insts
calls=87 1293
11 19700
cfl=c:\Users\Pedro\faculdade\IniciacaoCientifica\grn\.env\Lib\site-packages\numba\core\ir.py
cfn=infer_constant:1545
calls=11 1545
11 2424900
cfl=~
cfn=<built-in method builtins.isinstance>
calls=83 0
11 5100
cfl=~
cfn=<built-in method builtins.len>
calls=4 0
11 600

fl=c:\Users\Pedro\faculdade\IniciacaoCientifica\grn\.env\Lib\site-packages\numba\core\rewrites\ir_print.py
fn=match:59
59 2500
cfl=c:\Users\Pedro\faculdade\IniciacaoCientifica\grn\.env\Lib\site-packages\numba\core\ir.py
cfn=find_insts
calls=4 1293
59 12800
cfl=~
cfn=<built-in method builtins.len>
calls=4 0
59 200

fl=c:\Users\Pedro\faculdade\IniciacaoCientifica\grn\.env\Lib\site-packages\numba\core\rewrites\registry.py
fn=__init__
10 800

fl=c:\Users\Pedro\faculdade\IniciacaoCientifica\grn\.env\Lib\site-packages\numba\core\rewrites\registry.py
fn=apply
54 63900
cfl=<frozen importlib._bootstrap>
cfn=_handle_fromlist
calls=1 1401
54 1200
cfl=c:\Users\Pedro\faculdade\IniciacaoCientifica\grn\.env\Lib\site-packages\numba\core\compiler.py
cfn=__getattr__
calls=77 355
54 11200
cfl=c:\Users\Pedro\faculdade\IniciacaoCientifica\grn\.env\Lib\site-packages\numba\core\ir.py
cfn=__eq__
calls=4 242
54 19000
cfl=c:\Users\Pedro\faculdade\IniciacaoCientifica\grn\.env\Lib\site-packages\numba\core\ir.py
cfn=verify
calls=1 1344
54 2600
cfl=c:\Users\Pedro\faculdade\IniciacaoCientifica\grn\.env\Lib\site-packages\numba\core\postproc.py
cfn=__init__:68
calls=1 68
54 200
cfl=c:\Users\Pedro\faculdade\IniciacaoCientifica\grn\.env\Lib\site-packages\numba\core\postproc.py
cfn=run
calls=1 71
54 1252200
cfl=c:\Users\Pedro\faculdade\IniciacaoCientifica\grn\.env\Lib\site-packages\numba\core\rewrites\ir_print.py
cfn=match:11
calls=4 11
54 2488200
cfl=c:\Users\Pedro\faculdade\IniciacaoCientifica\grn\.env\Lib\site-packages\numba\core\rewrites\ir_print.py
cfn=match:59
calls=4 59
54 15500
cfl=c:\Users\Pedro\faculdade\IniciacaoCientifica\grn\.env\Lib\site-packages\numba\core\rewrites\registry.py
cfn=__init__
calls=6 10
54 800
cfl=c:\Users\Pedro\faculdade\IniciacaoCientifica\grn\.env\Lib\site-packages\numba\core\rewrites\static_binop.py
cfn=match
calls=4 14
54 30900
cfl=c:\Users\Pedro\faculdade\IniciacaoCientifica\grn\.env\Lib\site-packages\numba\core\rewrites\static_getitem.py
cfn=match:13
calls=5 13
54 962500
cfl=c:\Users\Pedro\faculdade\IniciacaoCientifica\grn\.env\Lib\site-packages\numba\core\rewrites\static_getitem.py
cfn=apply
calls=1 28
54 147600
cfl=c:\Users\Pedro\faculdade\IniciacaoCientifica\grn\.env\Lib\site-packages\numba\core\rewrites\static_getitem.py
cfn=match:147
calls=4 147
54 62500
cfl=c:\Users\Pedro\faculdade\IniciacaoCientifica\grn\.env\Lib\site-packages\numba\core\rewrites\static_raise.py
cfn=match
calls=4 46
54 18000
cfl=~
cfn=<method 'append' of 'list' objects>
calls=1 0
54 100
cfl=~
cfn=<method 'copy' of 'dict' objects>
calls=1 0
54 300
cfl=~
cfn=<method 'items' of 'dict' objects>
calls=7 0
54 1400
cfl=~
cfn=<method 'pop' of 'list' objects>
calls=25 0
54 4500

fl=c:\Users\Pedro\faculdade\IniciacaoCientifica\grn\.env\Lib\site-packages\numba\core\rewrites\static_binop.py
fn=match
14 3400
cfl=c:\Users\Pedro\faculdade\IniciacaoCientifica\grn\.env\Lib\site-packages\numba\core\ir.py
cfn=find_exprs
calls=4 1282
14 26800
cfl=~
cfn=<built-in method builtins.len>
calls=8 0
14 700

fl=c:\Users\Pedro\faculdade\IniciacaoCientifica\grn\.env\Lib\site-packages\numba\core\rewrites\static_getitem.py
fn=match:13
13 20600
cfl=c:\Users\Pedro\faculdade\IniciacaoCientifica\grn\.env\Lib\site-packages\numba\core\ir.py
cfn=__hash__
calls=12 259
13 3700
cfl=c:\Users\Pedro\faculdade\IniciacaoCientifica\grn\.env\Lib\site-packages\numba\core\ir.py
cfn=__getattr__
calls=14 387
13 5500
cfl=c:\Users\Pedro\faculdade\IniciacaoCientifica\grn\.env\Lib\site-packages\numba\core\ir.py
cfn=find_exprs
calls=19 1282
13 55600
cfl=c:\Users\Pedro\faculdade\IniciacaoCientifica\grn\.env\Lib\site-packages\numba\core\ir.py
cfn=infer_constant:1545
calls=14 1545
13 876600
cfl=~
cfn=<built-in method builtins.len>
calls=5 0
13 500

fl=c:\Users\Pedro\faculdade\IniciacaoCientifica\grn\.env\Lib\site-packages\numba\core\rewrites\static_getitem.py
fn=apply
28 52500
cfl=c:\Users\Pedro\faculdade\IniciacaoCientifica\grn\.env\Lib\site-packages\numba\core\ir.py
cfn=__hash__
calls=71 259
28 14600
cfl=c:\Users\Pedro\faculdade\IniciacaoCientifica\grn\.env\Lib\site-packages\numba\core\ir.py
cfn=__getattr__
calls=24 387
28 7400
cfl=c:\Users\Pedro\faculdade\IniciacaoCientifica\grn\.env\Lib\site-packages\numba\core\ir.py
cfn=static_getitem
calls=12 521
28 34100
cfl=c:\Users\Pedro\faculdade\IniciacaoCientifica\grn\.env\Lib\site-packages\numba\core\ir.py
cfn=__init__:921
calls=12 921
28 7100
cfl=c:\Users\Pedro\faculdade\IniciacaoCientifica\grn\.env\Lib\site-packages\numba\core\ir.py
cfn=copy
calls=1 1277
28 1900
cfl=c:\Users\Pedro\faculdade\IniciacaoCientifica\grn\.env\Lib\site-packages\numba\core\ir.py
cfn=append
calls=60 1315
28 25900
cfl=c:\Users\Pedro\faculdade\IniciacaoCientifica\grn\.env\Lib\site-packages\numba\core\ir.py
cfn=clear
calls=1 1323
28 600
cfl=~
cfn=<built-in method builtins.isinstance>
calls=60 0
28 3500

fl=c:\Users\Pedro\faculdade\IniciacaoCientifica\grn\.env\Lib\site-packages\numba\core\rewrites\static_getitem.py
fn=match:147
147 4200
cfl=c:\Users\Pedro\faculdade\IniciacaoCientifica\grn\.env\Lib\site-packages\numba\core\ir.py
cfn=find_insts
calls=5 1293
147 14300
cfl=c:\Users\Pedro\faculdade\IniciacaoCientifica\grn\.env\Lib\site-packages\numba\core\ir.py
cfn=infer_constant:1545
calls=1 1545
147 43600
cfl=~
cfn=<built-in method builtins.len>
calls=4 0
147 400

fl=c:\Users\Pedro\faculdade\IniciacaoCientifica\grn\.env\Lib\site-packages\numba\core\rewrites\static_raise.py
fn=match
46 3200
cfl=c:\Users\Pedro\faculdade\IniciacaoCientifica\grn\.env\Lib\site-packages\numba\core\ir.py
cfn=find_insts
calls=4 1293
46 14100
cfl=~
cfn=<built-in method builtins.len>
calls=8 0
46 700

fl=c:\Users\Pedro\faculdade\IniciacaoCientifica\grn\.env\Lib\site-packages\numba\core\runtime\nrt.py
fn=initialize
19 100

fl=c:\Users\Pedro\faculdade\IniciacaoCientifica\grn\.env\Lib\site-packages\numba\core\sigutils.py
fn=normalize_signature
22 903200
cfl=c:\Users\Pedro\faculdade\IniciacaoCientifica\grn\.env\Lib\site-packages\numba\core\sigutils.py
cfn=check_type
calls=2955 43
22 2205800
cfl=~
cfn=<built-in method builtins.isinstance>
calls=1182 0
22 111900

fl=c:\Users\Pedro\faculdade\IniciacaoCientifica\grn\.env\Lib\site-packages\numba\core\sigutils.py
fn=check_type
43 554500
cfl=~
cfn=<built-in method builtins.isinstance>
calls=2955 0
43 1651300

fl=c:\Users\Pedro\faculdade\IniciacaoCientifica\grn\.env\Lib\site-packages\numba\core\ssa.py
fn=reconstruct_ssa
26 4100
cfl=c:\Users\Pedro\faculdade\IniciacaoCientifica\grn\.env\Lib\site-packages\numba\core\ssa.py
cfn=_run_ssa
calls=1 47
26 1019200

fl=c:\Users\Pedro\faculdade\IniciacaoCientifica\grn\.env\Lib\site-packages\numba\core\ssa.py
fn=__init__
37 600

fl=c:\Users\Pedro\faculdade\IniciacaoCientifica\grn\.env\Lib\site-packages\numba\core\ssa.py
fn=_run_ssa
47 12600
cfl=c:\Users\Pedro\faculdade\IniciacaoCientifica\grn\.env\Lib\site-packages\numba\core\analysis.py
cfn=compute_cfg_from_blocks
calls=2 244
47 42600
cfl=c:\Users\Pedro\faculdade\IniciacaoCientifica\grn\.env\Lib\site-packages\numba\core\controlflow.py
cfn=__ne__:755
calls=1 755
47 16200
cfl=c:\Users\Pedro\faculdade\IniciacaoCientifica\grn\.env\Lib\site-packages\numba\core\ssa.py
cfn=__init__
calls=1 37
47 600
cfl=c:\Users\Pedro\faculdade\IniciacaoCientifica\grn\.env\Lib\site-packages\numba\core\ssa.py
cfn=_iterated_domfronts
calls=1 101
47 52300
cfl=c:\Users\Pedro\faculdade\IniciacaoCientifica\grn\.env\Lib\site-packages\numba\core\ssa.py
cfn=_find_defs_violators
calls=1 145
47 894200
cfl=c:\Users\Pedro\faculdade\IniciacaoCientifica\grn\.env\Lib\site-packages\numba\core\utils.py
cfn=__iter__
calls=1 357
47 700

fl=c:\Users\Pedro\faculdade\IniciacaoCientifica\grn\.env\Lib\site-packages\numba\core\ssa.py
fn=_iterated_domfronts
101 6000
cfl=c:\Users\Pedro\faculdade\IniciacaoCientifica\grn\.env\Lib\site-packages\numba\core\controlflow.py
cfn=dominance_frontier
calls=1 186
101 44200
cfl=~
cfn=<built-in method _functools.reduce>
calls=4 0
101 900
cfl=~
cfn=<method 'difference' of 'set' objects>
calls=4 0
101 600
cfl=~
cfn=<method 'items' of 'dict' objects>
calls=2 0
101 600

fl=c:\Users\Pedro\faculdade\IniciacaoCientifica\grn\.env\Lib\site-packages\numba\core\ssa.py
fn=_find_defs_violators
145 52700
cfl=C:\Users\Pedro\AppData\Local\Python\pythoncore-3.14-64\Lib\logging\__init__.py
cfn=debug
calls=2 1498
145 500
cfl=c:\Users\Pedro\faculdade\IniciacaoCientifica\grn\.env\Lib\site-packages\numba\core\controlflow.py
cfn=dominators
calls=1 158
145 11000
cfl=c:\Users\Pedro\faculdade\IniciacaoCientifica\grn\.env\Lib\site-packages\numba\core\ssa.py
cfn=_run_block_analysis
calls=1 175
145 806300
cfl=c:\Users\Pedro\faculdade\IniciacaoCientifica\grn\.env\Lib\site-packages\numba\core\utils.py
cfn=__init__:350
calls=1 350
145 2000
cfl=c:\Users\Pedro\faculdade\IniciacaoCientifica\grn\.env\Lib\site-packages\numba\core\utils.py
cfn=__contains__
calls=80 354
145 5800
cfl=c:\Users\Pedro\faculdade\IniciacaoCientifica\grn\.env\Lib\site-packages\numba\core\utils.py
cfn=__init__:767
calls=2 767
145 400
cfl=~
cfn=<built-in method builtins.len>
calls=83 0
145 4500
cfl=~
cfn=<method 'intersection' of 'set' objects>
calls=82 0
145 10600
cfl=~
cfn=<method 'items' of 'dict' objects>
calls=2 0
145 400

fl=c:\Users\Pedro\faculdade\IniciacaoCientifica\grn\.env\Lib\site-packages\numba\core\ssa.py
fn=_run_block_analysis
175 13900
cfl=C:\Users\Pedro\AppData\Local\Python\pythoncore-3.14-64\Lib\logging\__init__.py
cfn=debug
calls=4 1498
175 6700
cfl=c:\Users\Pedro\faculdade\IniciacaoCientifica\grn\.env\Lib\site-packages\numba\core\ssa.py
cfn=_run_ssa_block_pass
calls=92 206
175 785500
cfl=~
cfn=<method 'items' of 'dict' objects>
calls=1 0
175 200

fl=c:\Users\Pedro\faculdade\IniciacaoCientifica\grn\.env\Lib\site-packages\numba\core\ssa.py
fn=_run_ssa_block_pass
206 54500
cfl=C:\Users\Pedro\AppData\Local\Python\pythoncore-3.14-64\Lib\logging\__init__.py
cfn=debug
calls=92 1498
206 26000
cfl=c:\Users\Pedro\faculdade\IniciacaoCientifica\grn\.env\Lib\site-packages\numba\core\ssa.py
cfn=on_assign
calls=83 268
206 675600
cfl=c:\Users\Pedro\faculdade\IniciacaoCientifica\grn\.env\Lib\site-packages\numba\core\ssa.py
cfn=on_other
calls=5 277
206 23200
cfl=~
cfn=<built-in method builtins.isinstance>
calls=88 0
206 6200

fl=c:\Users\Pedro\faculdade\IniciacaoCientifica\grn\.env\Lib\site-packages\numba\core\ssa.py
fn=on_assign
268 86000
cfl=c:\Users\Pedro\faculdade\IniciacaoCientifica\grn\.env\Lib\site-packages\numba\core\ir.py
cfn=list_vars:354
calls=83 354
268 570500
cfl=~
cfn=<method 'add' of 'set' objects>
calls=100 0
268 9600
cfl=~
cfn=<method 'append' of 'list' objects>
calls=83 0
268 9500

fl=c:\Users\Pedro\faculdade\IniciacaoCientifica\grn\.env\Lib\site-packages\numba\core\ssa.py
fn=on_other
277 3300
cfl=c:\Users\Pedro\faculdade\IniciacaoCientifica\grn\.env\Lib\site-packages\numba\core\ir.py
cfn=list_vars:354
calls=5 354
277 19300
cfl=~
cfn=<method 'add' of 'set' objects>
calls=5 0
277 600

fl=c:\Users\Pedro\faculdade\IniciacaoCientifica\grn\.env\Lib\site-packages\numba\core\target_extension.py
fn=current_target
47 4200
cfl=~
cfn=<built-in method builtins.getattr>
calls=18 0
47 9400

fl=c:\Users\Pedro\faculdade\IniciacaoCientifica\grn\.env\Lib\site-packages\numba\core\target_extension.py
fn=get_local_target
53 12900
cfl=c:\Users\Pedro\faculdade\IniciacaoCientifica\grn\.env\Lib\site-packages\numba\core\target_extension.py
cfn=current_target
calls=18 47
53 13600
cfl=~
cfn=<built-in method builtins.len>
calls=18 0
53 1400
cfl=~
cfn=<method 'get' of 'dict' objects>
calls=18 0
53 3500

fl=c:\Users\Pedro\faculdade\IniciacaoCientifica\grn\.env\Lib\site-packages\numba\core\targetconfig.py
fn=type
34 600

fl=c:\Users\Pedro\faculdade\IniciacaoCientifica\grn\.env\Lib\site-packages\numba\core\targetconfig.py
fn=default
38 26900

fl=c:\Users\Pedro\faculdade\IniciacaoCientifica\grn\.env\Lib\site-packages\numba\core\targetconfig.py
fn=__init__:69
69 5200
cfl=c:\Users\Pedro\faculdade\IniciacaoCientifica\grn\.env\Lib\site-packages\numba\core\utils.py
cfn=__init__:210
calls=5 210
69 5000

fl=c:\Users\Pedro\faculdade\IniciacaoCientifica\grn\.env\Lib\site-packages\numba\core\targetconfig.py
fn=__len__
75 800
cfl=~
cfn=<built-in method builtins.len>
calls=4 0
75 3000

fl=c:\Users\Pedro\faculdade\IniciacaoCientifica\grn\.env\Lib\site-packages\numba\core\targetconfig.py
fn=enter
78 800
cfl=C:\Users\Pedro\AppData\Local\Python\pythoncore-3.14-64\Lib\contextlib.py
cfn=helper
calls=1 303
78 2200

fl=c:\Users\Pedro\faculdade\IniciacaoCientifica\grn\.env\Lib\site-packages\numba\core\targetconfig.py
fn=getter
111 122600
cfl=c:\Users\Pedro\faculdade\IniciacaoCientifica\grn\.env\Lib\site-packages\numba\core\targetconfig.py
cfn=default
calls=416 38
111 26900
cfl=~
cfn=<method 'get' of 'dict' objects>
calls=416 0
111 46300

fl=c:\Users\Pedro\faculdade\IniciacaoCientifica\grn\.env\Lib\site-packages\numba\core\targetconfig.py
fn=setter
114 4400
cfl=c:\Users\Pedro\faculdade\IniciacaoCientifica\grn\.env\Lib\site-packages\numba\core\targetconfig.py
cfn=type
calls=8 34
114 600

fl=c:\Users\Pedro\faculdade\IniciacaoCientifica\grn\.env\Lib\site-packages\numba\core\targetconfig.py
fn=__init__:161
161 1100
cfl=~
cfn=<built-in method builtins.isinstance>
calls=1 0
161 400
cfl=~
cfn=<method 'update' of 'dict' objects>
calls=1 0
161 500

fl=c:\Users\Pedro\faculdade\IniciacaoCientifica\grn\.env\Lib\site-packages\numba\core\targetconfig.py
fn=values
197 65800
cfl=~
cfn=<built-in method builtins.getattr>
calls=396 0
197 289000

fl=c:\Users\Pedro\faculdade\IniciacaoCientifica\grn\.env\Lib\site-packages\numba\core\targetconfig.py
fn=is_set
202 2600
cfl=c:\Users\Pedro\faculdade\IniciacaoCientifica\grn\.env\Lib\site-packages\numba\core\targetconfig.py
cfn=_guard_option
calls=9 253
202 1700

fl=c:\Users\Pedro\faculdade\IniciacaoCientifica\grn\.env\Lib\site-packages\numba\core\targetconfig.py
fn=inherit_if_not_set
216 5700
cfl=c:\Users\Pedro\faculdade\IniciacaoCientifica\grn\.env\Lib\site-packages\numba\core\targetconfig.py
cfn=__init__:69
calls=4 69
216 8300
cfl=c:\Users\Pedro\faculdade\IniciacaoCientifica\grn\.env\Lib\site-packages\numba\core\targetconfig.py
cfn=__len__
calls=4 75
216 3800
cfl=c:\Users\Pedro\faculdade\IniciacaoCientifica\grn\.env\Lib\site-packages\numba\core\targetconfig.py
cfn=is_set
calls=4 202
216 1300
cfl=c:\Users\Pedro\faculdade\IniciacaoCientifica\grn\.env\Lib\site-packages\numba\core\targetconfig.py
cfn=_guard_option
calls=4 253
216 600
cfl=~
cfn=<built-in method builtins.setattr>
calls=2 0
216 2300

fl=c:\Users\Pedro\faculdade\IniciacaoCientifica\grn\.env\Lib\site-packages\numba\core\targetconfig.py
fn=copy
238 700
cfl=c:\Users\Pedro\faculdade\IniciacaoCientifica\grn\.env\Lib\site-packages\numba\core\targetconfig.py
cfn=__init__:161
calls=1 161
238 1800

fl=c:\Users\Pedro\faculdade\IniciacaoCientifica\grn\.env\Lib\site-packages\numba\core\targetconfig.py
fn=_guard_option
253 2300

fl=c:\Users\Pedro\faculdade\IniciacaoCientifica\grn\.env\Lib\site-packages\numba\core\tracing.py
fn=noevent
216 1900

fl=c:\Users\Pedro\faculdade\IniciacaoCientifica\grn\.env\Lib\site-packages\numba\core\transforms.py
fn=canonicalize_cfg_single_backedge
292 15100
cfl=c:\Users\Pedro\faculdade\IniciacaoCientifica\grn\.env\Lib\site-packages\numba\core\analysis.py
cfn=compute_cfg_from_blocks
calls=5 244
292 120200
cfl=c:\Users\Pedro\faculdade\IniciacaoCientifica\grn\.env\Lib\site-packages\numba\core\transforms.py
cfn=yield_loops_with_multiple_backedges
calls=5 315
292 136200
cfl=~
cfn=<method 'copy' of 'dict' objects>
calls=5 0
292 1400

fl=c:\Users\Pedro\faculdade\IniciacaoCientifica\grn\.env\Lib\site-packages\numba\core\transforms.py
fn=has_multiple_backedges
302 10400
cfl=c:\Users\Pedro\faculdade\IniciacaoCientifica\grn\.env\Lib\site-packages\numba\core\ir.py
cfn=get_targets:893
calls=5 893
302 900
cfl=c:\Users\Pedro\faculdade\IniciacaoCientifica\grn\.env\Lib\site-packages\numba\core\ir.py
cfn=get_targets:913
calls=5 913
302 1000
cfl=c:\Users\Pedro\faculdade\IniciacaoCientifica\grn\.env\Lib\site-packages\numba\core\ir.py
cfn=terminator
calls=10 1336
302 1000

fl=c:\Users\Pedro\faculdade\IniciacaoCientifica\grn\.env\Lib\site-packages\numba\core\transforms.py
fn=yield_loops_with_multiple_backedges
315 8300
cfl=c:\Users\Pedro\faculdade\IniciacaoCientifica\grn\.env\Lib\site-packages\numba\core\controlflow.py
cfn=loops
calls=5 279
315 113800
cfl=c:\Users\Pedro\faculdade\IniciacaoCientifica\grn\.env\Lib\site-packages\numba\core\transforms.py
cfn=has_multiple_backedges
calls=5 302
315 13300
cfl=~
cfn=<method 'values' of 'dict' objects>
calls=5 0
315 800

fl=c:\Users\Pedro\faculdade\IniciacaoCientifica\grn\.env\Lib\site-packages\numba\core\transforms.py
fn=canonicalize_cfg
362 10500
cfl=c:\Users\Pedro\faculdade\IniciacaoCientifica\grn\.env\Lib\site-packages\numba\core\transforms.py
cfn=canonicalize_cfg_single_backedge
calls=5 292
362 272900

fl=c:\Users\Pedro\faculdade\IniciacaoCientifica\grn\.env\Lib\site-packages\numba\core\transforms.py
fn=with_lifting
370 6500
cfl=<frozen importlib._bootstrap>
cfn=_handle_fromlist
calls=1 1401
370 1500
cfl=c:\Users\Pedro\faculdade\IniciacaoCientifica\grn\.env\Lib\site-packages\numba\core\transforms.py
cfn=find_setupwiths
calls=1 533
370 117000

fl=c:\Users\Pedro\faculdade\IniciacaoCientifica\grn\.env\Lib\site-packages\numba\core\transforms.py
fn=find_setupwiths
533 8500
cfl=c:\Users\Pedro\faculdade\IniciacaoCientifica\grn\.env\Lib\site-packages\numba\core\transforms.py
cfn=find_ranges
calls=1 538
533 106500
cfl=c:\Users\Pedro\faculdade\IniciacaoCientifica\grn\.env\Lib\site-packages\numba\core\transforms.py
cfn=_eliminate_nested_withs
calls=1 734
533 1500
cfl=c:\Users\Pedro\faculdade\IniciacaoCientifica\grn\.env\Lib\site-packages\numba\core\transforms.py
cfn=consolidate_multi_exit_withs
calls=1 751
533 300
cfl=~
cfn=<method 'items' of 'dict' objects>
calls=1 0
533 200

fl=c:\Users\Pedro\faculdade\IniciacaoCientifica\grn\.env\Lib\site-packages\numba\core\transforms.py
fn=find_ranges
538 25900
cfl=c:\Users\Pedro\faculdade\IniciacaoCientifica\grn\.env\Lib\site-packages\numba\core\analysis.py
cfn=compute_cfg_from_blocks
calls=1 244
538 21900
cfl=c:\Users\Pedro\faculdade\IniciacaoCientifica\grn\.env\Lib\site-packages\numba\core\controlflow.py
cfn=topo_sort
calls=1 312
538 23100
cfl=c:\Users\Pedro\faculdade\IniciacaoCientifica\grn\.env\Lib\site-packages\numba\core\ir_utils.py
cfn=is_setup_with
calls=88 2275
538 18100
cfl=c:\Users\Pedro\faculdade\IniciacaoCientifica\grn\.env\Lib\site-packages\numba\core\ir_utils.py
cfn=is_pop_block
calls=88 2291
538 17400
cfl=~
cfn=<method 'items' of 'dict' objects>
calls=1 0
538 100

fl=c:\Users\Pedro\faculdade\IniciacaoCientifica\grn\.env\Lib\site-packages\numba\core\transforms.py
fn=_eliminate_nested_withs
734 600
cfl=~
cfn=<built-in method builtins.sorted>
calls=1 0
734 900

fl=c:\Users\Pedro\faculdade\IniciacaoCientifica\grn\.env\Lib\site-packages\numba\core\transforms.py
fn=consolidate_multi_exit_withs
751 300

fl=c:\Users\Pedro\faculdade\IniciacaoCientifica\grn\.env\Lib\site-packages\numba\core\typed_passes.py
fn=fallback_context
42 2700
cfl=c:\Users\Pedro\faculdade\IniciacaoCientifica\grn\.env\Lib\site-packages\numba\core\compiler.py
cfn=__getattr__
calls=1 355
42 500

fl=c:\Users\Pedro\faculdade\IniciacaoCientifica\grn\.env\Lib\site-packages\numba\core\typed_passes.py
fn=type_inference_stage
68 18400
cfl=C:\Users\Pedro\AppData\Local\Python\pythoncore-3.14-64\Lib\contextlib.py
cfn=__enter__:136
calls=1 136
68 29400
cfl=C:\Users\Pedro\AppData\Local\Python\pythoncore-3.14-64\Lib\contextlib.py
cfn=__exit__:145
calls=1 145
68 14700
cfl=C:\Users\Pedro\AppData\Local\Python\pythoncore-3.14-64\Lib\contextlib.py
cfn=helper
calls=1 303
68 1700
cfl=c:\Users\Pedro\faculdade\IniciacaoCientifica\grn\.env\Lib\site-packages\numba\core\errors.py
cfn=__init__:526
calls=1 526
68 700
cfl=c:\Users\Pedro\faculdade\IniciacaoCientifica\grn\.env\Lib\site-packages\numba\core\errors.py
cfn=__enter__:569
calls=1 569
68 100
cfl=c:\Users\Pedro\faculdade\IniciacaoCientifica\grn\.env\Lib\site-packages\numba\core\errors.py
cfn=__exit__:572
calls=1 572
68 4200
cfl=c:\Users\Pedro\faculdade\IniciacaoCientifica\grn\.env\Lib\site-packages\numba\core\typeinfer.py
cfn=__init__:957
calls=1 957
68 7400
cfl=c:\Users\Pedro\faculdade\IniciacaoCientifica\grn\.env\Lib\site-packages\numba\core\typeinfer.py
cfn=seed_argument
calls=5 1017
68 134300
cfl=c:\Users\Pedro\faculdade\IniciacaoCientifica\grn\.env\Lib\site-packages\numba\core\typeinfer.py
cfn=build_constraint
calls=1 1033
68 1851300
cfl=~
cfn=<built-in method builtins.len>
calls=1 0
68 300
cfl=~
cfn=<method 'items' of 'dict' objects>
calls=1 0
68 400

fl=c:\Users\Pedro\faculdade\IniciacaoCientifica\grn\.env\Lib\site-packages\numba\core\typed_passes.py
fn=run_pass
107 6900
cfl=C:\Users\Pedro\AppData\Local\Python\pythoncore-3.14-64\Lib\contextlib.py
cfn=__enter__:136
calls=1 136
107 2100
cfl=C:\Users\Pedro\AppData\Local\Python\pythoncore-3.14-64\Lib\contextlib.py
cfn=__exit__:145
calls=1 145
107 5400
cfl=C:\Users\Pedro\AppData\Local\Python\pythoncore-3.14-64\Lib\contextlib.py
cfn=helper
calls=1 303
107 1000
cfl=c:\Users\Pedro\faculdade\IniciacaoCientifica\grn\.env\Lib\site-packages\numba\core\compiler.py
cfn=__getattr__
calls=7 355
107 500
cfl=c:\Users\Pedro\faculdade\IniciacaoCientifica\grn\.env\Lib\site-packages\numba\core\typed_passes.py
cfn=type_inference_stage
calls=1 68
107 2062900

fl=c:\Users\Pedro\faculdade\IniciacaoCientifica\grn\.env\Lib\site-packages\numba\core\typed_passes.py
fn=get_analysis_usage
192 500
cfl=c:\Users\Pedro\faculdade\IniciacaoCientifica\grn\.env\Lib\site-packages\numba\core\compiler_machinery.py
cfn=add_required
calls=2 148
192 700

fl=c:\Users\Pedro\faculdade\IniciacaoCientifica\grn\.env\Lib\site-packages\numba\core\typeinfer.py
fn=__init__:44
44 1400

fl=c:\Users\Pedro\faculdade\IniciacaoCientifica\grn\.env\Lib\site-packages\numba\core\typeinfer.py
fn=lock
87 7200
cfl=~
cfn=<built-in method builtins.isinstance>
calls=8 0
87 12700

fl=c:\Users\Pedro\faculdade\IniciacaoCientifica\grn\.env\Lib\site-packages\numba\core\typeinfer.py
fn=__init__:141
141 100

fl=c:\Users\Pedro\faculdade\IniciacaoCientifica\grn\.env\Lib\site-packages\numba\core\typeinfer.py
fn=append
144 3900
cfl=~
cfn=<method 'append' of 'list' objects>
calls=16 0
144 3000

fl=c:\Users\Pedro\faculdade\IniciacaoCientifica\grn\.env\Lib\site-packages\numba\core\typeinfer.py
fn=__init__:179
179 500

fl=c:\Users\Pedro\faculdade\IniciacaoCientifica\grn\.env\Lib\site-packages\numba\core\typeinfer.py
fn=__init__:200
200 600

fl=c:\Users\Pedro\faculdade\IniciacaoCientifica\grn\.env\Lib\site-packages\numba\core\typeinfer.py
fn=__init__:410
410 400

fl=c:\Users\Pedro\faculdade\IniciacaoCientifica\grn\.env\Lib\site-packages\numba\core\typeinfer.py
fn=__init__:429
429 300

fl=c:\Users\Pedro\faculdade\IniciacaoCientifica\grn\.env\Lib\site-packages\numba\core\typeinfer.py
fn=__init__:556
556 3300

fl=c:\Users\Pedro\faculdade\IniciacaoCientifica\grn\.env\Lib\site-packages\numba\core\typeinfer.py
fn=__init__:703
703 200

fl=c:\Users\Pedro\faculdade\IniciacaoCientifica\grn\.env\Lib\site-packages\numba\core\typeinfer.py
fn=set_context
905 100

fl=c:\Users\Pedro\faculdade\IniciacaoCientifica\grn\.env\Lib\site-packages\numba\core\typeinfer.py
fn=__getitem__
908 20400
cfl=c:\Users\Pedro\faculdade\IniciacaoCientifica\grn\.env\Lib\site-packages\numba\core\typeinfer.py
cfn=__init__:44
calls=8 44
908 1400
cfl=c:\Users\Pedro\faculdade\IniciacaoCientifica\grn\.env\Lib\site-packages\numba\core\typeinfer.py
cfn=__setitem__
calls=8 913
908 10300
cfl=~
cfn=<function TypeVarMap.__getitem__ at 0x000002453E7916F0>
calls=11 0
908 1700

fl=c:\Users\Pedro\faculdade\IniciacaoCientifica\grn\.env\Lib\site-packages\numba\core\typeinfer.py
fn=__setitem__
913 9500
cfl=~
cfn=<built-in method builtins.isinstance>
calls=8 0
913 800

fl=c:\Users\Pedro\faculdade\IniciacaoCientifica\grn\.env\Lib\site-packages\numba\core\typeinfer.py
fn=__init__:957
957 6500
cfl=c:\Users\Pedro\faculdade\IniciacaoCientifica\grn\.env\Lib\site-packages\numba\core\typeinfer.py
cfn=__init__:141
calls=1 141
957 100
cfl=c:\Users\Pedro\faculdade\IniciacaoCientifica\grn\.env\Lib\site-packages\numba\core\typeinfer.py
cfn=set_context
calls=1 905
957 100
cfl=~
cfn=<built-in method builtins.sorted>
calls=1 0
957 500
cfl=~
cfn=<method 'keys' of 'dict' objects>
calls=1 0
957 200

fl=c:\Users\Pedro\faculdade\IniciacaoCientifica\grn\.env\Lib\site-packages\numba\core\typeinfer.py
fn=_mangle_arg_name
1002 2600

fl=c:\Users\Pedro\faculdade\IniciacaoCientifica\grn\.env\Lib\site-packages\numba\core\typeinfer.py
fn=seed_argument
1017 4100
cfl=c:\Users\Pedro\faculdade\IniciacaoCientifica\grn\.env\Lib\site-packages\numba\core\typeinfer.py
cfn=_mangle_arg_name
calls=5 1002
1017 2000
cfl=c:\Users\Pedro\faculdade\IniciacaoCientifica\grn\.env\Lib\site-packages\numba\core\typeinfer.py
cfn=seed_type
calls=5 1022
1017 128200

fl=c:\Users\Pedro\faculdade\IniciacaoCientifica\grn\.env\Lib\site-packages\numba\core\typeinfer.py
fn=seed_type
1022 2800
cfl=c:\Users\Pedro\faculdade\IniciacaoCientifica\grn\.env\Lib\site-packages\numba\core\typeinfer.py
cfn=lock_type
calls=5 1106
1022 125400

fl=c:\Users\Pedro\faculdade\IniciacaoCientifica\grn\.env\Lib\site-packages\numba\core\typeinfer.py
fn=build_constraint
1033 10300
cfl=c:\Users\Pedro\faculdade\IniciacaoCientifica\grn\.env\Lib\site-packages\numba\core\typeinfer.py
cfn=constrain_statement
calls=22 1396
1033 1840600
cfl=~
cfn=<method 'values' of 'collections.OrderedDict' objects>
calls=1 0
1033 400

fl=c:\Users\Pedro\faculdade\IniciacaoCientifica\grn\.env\Lib\site-packages\numba\core\typeinfer.py
fn=lock_type
1106 87700
cfl=c:\Users\Pedro\faculdade\IniciacaoCientifica\grn\.env\Lib\site-packages\numba\core\typeinfer.py
cfn=lock
calls=8 87
1106 19900
cfl=c:\Users\Pedro\faculdade\IniciacaoCientifica\grn\.env\Lib\site-packages\numba\core\typeinfer.py
cfn=__getitem__
calls=8 908
1106 25600

fl=c:\Users\Pedro\faculdade\IniciacaoCientifica\grn\.env\Lib\site-packages\numba\core\typeinfer.py
fn=constrain_statement
1396 14900
cfl=c:\Users\Pedro\faculdade\IniciacaoCientifica\grn\.env\Lib\site-packages\numba\core\typeinfer.py
cfn=typeof_assign
calls=20 1465
1396 1822000
cfl=~
cfn=<built-in method builtins.isinstance>
calls=36 0
1396 3700

fl=c:\Users\Pedro\faculdade\IniciacaoCientifica\grn\.env\Lib\site-packages\numba\core\typeinfer.py
fn=typeof_assign
1465 40600
cfl=c:\Users\Pedro\faculdade\IniciacaoCientifica\grn\.env\Lib\site-packages\numba\core\typeinfer.py
cfn=append
calls=3 144
1465 1000
cfl=c:\Users\Pedro\faculdade\IniciacaoCientifica\grn\.env\Lib\site-packages\numba\core\typeinfer.py
cfn=__init__:179
calls=3 179
1465 500
cfl=c:\Users\Pedro\faculdade\IniciacaoCientifica\grn\.env\Lib\site-packages\numba\core\typeinfer.py
cfn=typeof_arg
calls=5 1496
1465 11200
cfl=c:\Users\Pedro\faculdade\IniciacaoCientifica\grn\.env\Lib\site-packages\numba\core\typeinfer.py
cfn=typeof_global
calls=4 1571
1465 1712400
cfl=c:\Users\Pedro\faculdade\IniciacaoCientifica\grn\.env\Lib\site-packages\numba\core\typeinfer.py
cfn=typeof_expr
calls=8 1661
1465 47200
cfl=~
cfn=<built-in method builtins.isinstance>
calls=78 0
1465 9100

fl=c:\Users\Pedro\faculdade\IniciacaoCientifica\grn\.env\Lib\site-packages\numba\core\typeinfer.py
fn=resolve_value_type
1485 5500
cfl=c:\Users\Pedro\faculdade\IniciacaoCientifica\grn\.env\Lib\site-packages\numba\core\errors.py
cfn=__init__:577
calls=1 577
1485 278400
cfl=c:\Users\Pedro\faculdade\IniciacaoCientifica\grn\.env\Lib\site-packages\numba\core\typing\context.py
cfn=resolve_value_type
calls=4 441
1485 1151800

fl=c:\Users\Pedro\faculdade\IniciacaoCientifica\grn\.env\Lib\site-packages\numba\core\typeinfer.py
fn=typeof_arg
1496 8000
cfl=c:\Users\Pedro\faculdade\IniciacaoCientifica\grn\.env\Lib\site-packages\numba\core\typeinfer.py
cfn=append
calls=5 144
1496 2000
cfl=c:\Users\Pedro\faculdade\IniciacaoCientifica\grn\.env\Lib\site-packages\numba\core\typeinfer.py
cfn=__init__:200
calls=5 200
1496 600
cfl=c:\Users\Pedro\faculdade\IniciacaoCientifica\grn\.env\Lib\site-packages\numba\core\typeinfer.py
cfn=_mangle_arg_name
calls=5 1002
1496 600

fl=c:\Users\Pedro\faculdade\IniciacaoCientifica\grn\.env\Lib\site-packages\numba\core\typeinfer.py
fn=sentry_modified_builtin
1514 1600

fl=c:\Users\Pedro\faculdade\IniciacaoCientifica\grn\.env\Lib\site-packages\numba\core\typeinfer.py
fn=typeof_global
1571 26400
cfl=<frozen importlib._bootstrap>
cfn=_handle_fromlist
calls=1 1401
1571 900
cfl=c:\Users\Pedro\faculdade\IniciacaoCientifica\grn\.env\Lib\site-packages\numba\core\errors.py
cfn=errmsg
calls=1 377
1571 35500
cfl=c:\Users\Pedro\faculdade\IniciacaoCientifica\grn\.env\Lib\site-packages\numba\core\errors.py
cfn=patch_message
calls=1 614
1571 1000
cfl=c:\Users\Pedro\faculdade\IniciacaoCientifica\grn\.env\Lib\site-packages\numba\core\typeinfer.py
cfn=__getitem__
calls=3 908
1571 8200
cfl=c:\Users\Pedro\faculdade\IniciacaoCientifica\grn\.env\Lib\site-packages\numba\core\typeinfer.py
cfn=lock_type
calls=3 1106
1571 7800
cfl=c:\Users\Pedro\faculdade\IniciacaoCientifica\grn\.env\Lib\site-packages\numba\core\typeinfer.py
cfn=resolve_value_type
calls=4 1485
1571 1435700
cfl=c:\Users\Pedro\faculdade\IniciacaoCientifica\grn\.env\Lib\site-packages\numba\core\typeinfer.py
cfn=sentry_modified_builtin
calls=3 1514
1571 1600
cfl=c:\Users\Pedro\faculdade\IniciacaoCientifica\grn\.env\Lib\site-packages\numba\core\types\misc.py
cfn=maybe_literal
calls=3 87
1571 165300
cfl=~
cfn=<built-in method builtins.isinstance>
calls=9 0
1571 26700
cfl=~
cfn=<method 'add' of 'set' objects>
calls=3 0
1571 3100
cfl=~
cfn=<method 'keys' of 'dict' objects>
calls=1 0
1571 200

fl=c:\Users\Pedro\faculdade\IniciacaoCientifica\grn\.env\Lib\site-packages\numba\core\typeinfer.py
fn=typeof_expr
1661 15500
cfl=c:\Users\Pedro\faculdade\IniciacaoCientifica\grn\.env\Lib\site-packages\numba\core\ir.py
cfn=__getattr__
calls=6 387
1661 3200
cfl=c:\Users\Pedro\faculdade\IniciacaoCientifica\grn\.env\Lib\site-packages\numba\core\typeinfer.py
cfn=append
calls=3 144
1661 1200
cfl=c:\Users\Pedro\faculdade\IniciacaoCientifica\grn\.env\Lib\site-packages\numba\core\typeinfer.py
cfn=__init__:410
calls=1 410
1661 400
cfl=c:\Users\Pedro\faculdade\IniciacaoCientifica\grn\.env\Lib\site-packages\numba\core\typeinfer.py
cfn=__init__:429
calls=1 429
1661 300
cfl=c:\Users\Pedro\faculdade\IniciacaoCientifica\grn\.env\Lib\site-packages\numba\core\typeinfer.py
cfn=__init__:703
calls=1 703
1661 200
cfl=c:\Users\Pedro\faculdade\IniciacaoCientifica\grn\.env\Lib\site-packages\numba\core\typeinfer.py
cfn=typeof_call
calls=3 1751
1661 19200
cfl=c:\Users\Pedro\faculdade\IniciacaoCientifica\grn\.env\Lib\site-packages\numba\core\typeinfer.py
cfn=typeof_intrinsic_call
calls=2 1757
1661 7200

fl=c:\Users\Pedro\faculdade\IniciacaoCientifica\grn\.env\Lib\site-packages\numba\core\typeinfer.py
fn=typeof_call
1751 10200
cfl=c:\Users\Pedro\faculdade\IniciacaoCientifica\grn\.env\Lib\site-packages\numba\core\ir.py
cfn=__getattr__
calls=12 387
1751 4800
cfl=c:\Users\Pedro\faculdade\IniciacaoCientifica\grn\.env\Lib\site-packages\numba\core\typeinfer.py
cfn=append
calls=3 144
1751 2100
cfl=c:\Users\Pedro\faculdade\IniciacaoCientifica\grn\.env\Lib\site-packages\numba\core\typeinfer.py
cfn=__init__:556
calls=3 556
1751 1700
cfl=~
cfn=<method 'append' of 'list' objects>
calls=3 0
1751 400

fl=c:\Users\Pedro\faculdade\IniciacaoCientifica\grn\.env\Lib\site-packages\numba\core\typeinfer.py
fn=typeof_intrinsic_call
1757 4700
cfl=c:\Users\Pedro\faculdade\IniciacaoCientifica\grn\.env\Lib\site-packages\numba\core\typeinfer.py
cfn=append
calls=2 144
1757 600
cfl=c:\Users\Pedro\faculdade\IniciacaoCientifica\grn\.env\Lib\site-packages\numba\core\typeinfer.py
cfn=__init__:556
calls=2 556
1757 1600
cfl=~
cfn=<method 'append' of 'list' objects>
calls=2 0
1757 300

fl=c:\Users\Pedro\faculdade\IniciacaoCientifica\grn\.env\Lib\site-packages\numba\core\types\abstract.py
fn=_autoincr
20 1900
cfl=~
cfn=<built-in method builtins.next>
calls=2 0
20 800

fl=c:\Users\Pedro\faculdade\IniciacaoCientifica\grn\.env\Lib\site-packages\numba\core\types\abstract.py
fn=_intern
49 2150700
cfl=c:\Users\Pedro\faculdade\IniciacaoCientifica\grn\.env\Lib\site-packages\numba\core\types\abstract.py
cfn=_autoincr
calls=2 20
49 2700
cfl=~
cfn=<method 'get' of 'dict' objects>
calls=3548 0
49 9427900

fl=c:\Users\Pedro\faculdade\IniciacaoCientifica\grn\.env\Lib\site-packages\numba\core\types\abstract.py
fn=__call__
61 3639000
cfl=c:\Users\Pedro\faculdade\IniciacaoCientifica\grn\.env\Lib\site-packages\numba\core\types\abstract.py
cfn=_intern
calls=3548 49
61 11581300
cfl=c:\Users\Pedro\faculdade\IniciacaoCientifica\grn\.env\Lib\site-packages\numba\core\types\misc.py
cfn=__init__
calls=1 134
61 11300
cfl=c:\Users\Pedro\faculdade\IniciacaoCientifica\grn\.env\Lib\site-packages\numba\core\types\npytypes.py
cfn=__init__
calls=3547 444
61 20836300

fl=c:\Users\Pedro\faculdade\IniciacaoCientifica\grn\.env\Lib\site-packages\numba\core\types\abstract.py
fn=__init__
93 336900

fl=c:\Users\Pedro\faculdade\IniciacaoCientifica\grn\.env\Lib\site-packages\numba\core\types\abstract.py
fn=key
96 917000

fl=c:\Users\Pedro\faculdade\IniciacaoCientifica\grn\.env\Lib\site-packages\numba\core\types\abstract.py
fn=__repr__
115 12400

fl=c:\Users\Pedro\faculdade\IniciacaoCientifica\grn\.env\Lib\site-packages\numba\core\types\abstract.py
fn=__str__
118 348700

fl=c:\Users\Pedro\faculdade\IniciacaoCientifica\grn\.env\Lib\site-packages\numba\core\types\abstract.py
fn=__hash__
121 5882400
cfl=c:\Users\Pedro\faculdade\IniciacaoCientifica\grn\.env\Lib\site-packages\numba\core\types\abstract.py
cfn=key
calls=8276 96
121 781500
cfl=c:\Users\Pedro\faculdade\IniciacaoCientifica\grn\.env\Lib\site-packages\numba\core\types\misc.py
cfn=key:138
calls=1 138
121 100
cfl=c:\Users\Pedro\faculdade\IniciacaoCientifica\grn\.env\Lib\site-packages\numba\core\types\misc.py
cfn=key:384
calls=1182 384
121 377700
cfl=c:\Users\Pedro\faculdade\IniciacaoCientifica\grn\.env\Lib\site-packages\numba\core\types\npytypes.py
cfn=key
calls=7094 482
121 1157900
cfl=~
cfn=<built-in method builtins.hash>
calls=16553 0
121 6178800

fl=c:\Users\Pedro\faculdade\IniciacaoCientifica\grn\.env\Lib\site-packages\numba\core\types\abstract.py
fn=__eq__
124 1393000
cfl=c:\Users\Pedro\faculdade\IniciacaoCientifica\grn\.env\Lib\site-packages\numba\core\types\npytypes.py
cfn=key
calls=7092 482
124 1026600

fl=c:\Users\Pedro\faculdade\IniciacaoCientifica\grn\.env\Lib\site-packages\numba\core\types\common.py
fn=__init__
49 5278000
cfl=<frozen importlib._bootstrap>
cfn=parent
calls=3547 648
49 1808200
cfl=c:\Users\Pedro\faculdade\IniciacaoCientifica\grn\.env\Lib\site-packages\numba\core\types\abstract.py
cfn=__init__
calls=3547 93
49 336500
cfl=c:\Users\Pedro\faculdade\IniciacaoCientifica\grn\.env\Lib\site-packages\numba\core\types\misc.py
cfn=unliteral
calls=3547 63
49 1918300
cfl=~
cfn=<built-in method builtins.isinstance>
calls=3547 0
49 2133100

fl=c:\Users\Pedro\faculdade\IniciacaoCientifica\grn\.env\Lib\site-packages\numba\core\types\misc.py
fn=unliteral
63 1183400
cfl=~
cfn=<built-in method builtins.getattr>
calls=3547 0
63 351400
cfl=~
cfn=<built-in method builtins.hasattr>
calls=3547 0
63 383500

fl=c:\Users\Pedro\faculdade\IniciacaoCientifica\grn\.env\Lib\site-packages\numba\core\types\misc.py
fn=literal
72 6200
cfl=c:\Users\Pedro\faculdade\IniciacaoCientifica\grn\.env\Lib\site-packages\numba\core\errors.py
cfn=__init__:577
calls=3 577
72 143400
cfl=~
cfn=<built-in method builtins.isinstance>
calls=3 0
72 8900
cfl=~
cfn=<method 'format' of 'str' objects>
calls=3 0
72 2700

fl=c:\Users\Pedro\faculdade\IniciacaoCientifica\grn\.env\Lib\site-packages\numba\core\types\misc.py
fn=maybe_literal
87 4100
cfl=c:\Users\Pedro\faculdade\IniciacaoCientifica\grn\.env\Lib\site-packages\numba\core\types\misc.py
cfn=literal
calls=3 72
87 161200

fl=c:\Users\Pedro\faculdade\IniciacaoCientifica\grn\.env\Lib\site-packages\numba\core\types\misc.py
fn=__init__
134 5200
cfl=<frozen importlib._bootstrap>
cfn=_module_repr
calls=1 544
134 5700
cfl=c:\Users\Pedro\faculdade\IniciacaoCientifica\grn\.env\Lib\site-packages\numba\core\types\abstract.py
cfn=__init__
calls=1 93
134 400

fl=c:\Users\Pedro\faculdade\IniciacaoCientifica\grn\.env\Lib\site-packages\numba\core\types\misc.py
fn=key:138
138 100

fl=c:\Users\Pedro\faculdade\IniciacaoCientifica\grn\.env\Lib\site-packages\numba\core\types\misc.py
fn=key:384
384 242200
cfl=c:\Users\Pedro\faculdade\IniciacaoCientifica\grn\.env\Lib\site-packages\numba\core\types\abstract.py
cfn=key
calls=1182 96
384 135500

fl=c:\Users\Pedro\faculdade\IniciacaoCientifica\grn\.env\Lib\site-packages\numba\core\types\npytypes.py
fn=__init__
444 4586600
cfl=c:\Users\Pedro\faculdade\IniciacaoCientifica\grn\.env\Lib\site-packages\numba\core\types\abstract.py
cfn=__str__
calls=3547 118
444 348700
cfl=c:\Users\Pedro\faculdade\IniciacaoCientifica\grn\.env\Lib\site-packages\numba\core\types\common.py
cfn=__init__
calls=3547 49
444 11474100
cfl=~
cfn=<built-in method builtins.isinstance>
calls=7094 0
444 4426900

fl=c:\Users\Pedro\faculdade\IniciacaoCientifica\grn\.env\Lib\site-packages\numba\core\types\npytypes.py
fn=key
482 2184500

fl=c:\Users\Pedro\faculdade\IniciacaoCientifica\grn\.env\Lib\site-packages\numba\core\types\npytypes.py
fn=__repr__
523 50000
cfl=~
cfn=<built-in method builtins.repr>
calls=54 0
523 23500

fl=c:\Users\Pedro\faculdade\IniciacaoCientifica\grn\.env\Lib\site-packages\numba\core\typing\cffi_utils.py
fn=is_ffi_instance
29 2000
cfl=~
cfn=<built-in method builtins.isinstance>
calls=2 0
29 200

fl=c:\Users\Pedro\faculdade\IniciacaoCientifica\grn\.env\Lib\site-packages\numba\core\typing\cffi_utils.py
fn=is_cffi_func
39 5800
cfl=c:\Users\Pedro\faculdade\IniciacaoCientifica\grn\.env\Lib\site-packages\cffi\api.py
cfn=typeof
calls=2 194
39 12400

fl=c:\Users\Pedro\faculdade\IniciacaoCientifica\grn\.env\Lib\site-packages\numba\core\typing\context.py
fn=__getitem__
54 1200
cfl=~
cfn=<built-in method builtins.len>
calls=1 0
54 1300

fl=c:\Users\Pedro\faculdade\IniciacaoCientifica\grn\.env\Lib\site-packages\numba\core\typing\context.py
fn=__len__
61 400
cfl=~
cfn=<built-in method builtins.len>
calls=1 0
61 100

fl=c:\Users\Pedro\faculdade\IniciacaoCientifica\grn\.env\Lib\site-packages\numba\core\typing\context.py
fn=register
64 12900
cfl=C:\Users\Pedro\AppData\Local\Python\pythoncore-3.14-64\Lib\contextlib.py
cfn=__init__:485
calls=1 485
64 400
cfl=C:\Users\Pedro\AppData\Local\Python\pythoncore-3.14-64\Lib\contextlib.py
cfn=push
calls=2 495
64 3300
cfl=C:\Users\Pedro\AppData\Local\Python\pythoncore-3.14-64\Lib\contextlib.py
cfn=enter_context
calls=1 515
64 3700
cfl=C:\Users\Pedro\AppData\Local\Python\pythoncore-3.14-64\Lib\contextlib.py
cfn=__enter__:568
calls=1 568
64 100
cfl=C:\Users\Pedro\AppData\Local\Python\pythoncore-3.14-64\Lib\contextlib.py
cfn=__exit__:571
calls=1 571
64 7500
cfl=c:\Users\Pedro\faculdade\IniciacaoCientifica\grn\.env\Lib\site-packages\numba\core\typing\context.py
cfn=clear_fail_cache
calls=1 76
64 700
cfl=c:\Users\Pedro\faculdade\IniciacaoCientifica\grn\.env\Lib\site-packages\numba\core\typing\context.py
cfn=match
calls=1 113
64 7500
cfl=c:\Users\Pedro\faculdade\IniciacaoCientifica\grn\.env\Lib\site-packages\numba\core\typing\context.py
cfn=__init__
calls=1 187
64 400
cfl=~
cfn=<method 'append' of 'list' objects>
calls=1 0
64 100

fl=c:\Users\Pedro\faculdade\IniciacaoCientifica\grn\.env\Lib\site-packages\numba\core\typing\context.py
fn=clear_fail_cache
76 1200
cfl=~
cfn=<method 'clear' of 'dict' objects>
calls=2 0
76 400

fl=c:\Users\Pedro\faculdade\IniciacaoCientifica\grn\.env\Lib\site-packages\numba\core\typing\context.py
fn=undo_stack
89 600
cfl=~
cfn=<method 'pop' of 'list' objects>
calls=1 0
89 500

fl=c:\Users\Pedro\faculdade\IniciacaoCientifica\grn\.env\Lib\site-packages\numba\core\typing\context.py
fn=finditer
95 2000
cfl=<frozen _collections_abc>
cfn=__iter__:1011
calls=1 1011
95 4400

fl=c:\Users\Pedro\faculdade\IniciacaoCientifica\grn\.env\Lib\site-packages\numba\core\typing\context.py
fn=match
113 1100
cfl=c:\Users\Pedro\faculdade\IniciacaoCientifica\grn\.env\Lib\site-packages\numba\core\typing\context.py
cfn=finditer
calls=1 95
113 6400

fl=c:\Users\Pedro\faculdade\IniciacaoCientifica\grn\.env\Lib\site-packages\numba\core\typing\context.py
fn=__init__
187 400

fl=c:\Users\Pedro\faculdade\IniciacaoCientifica\grn\.env\Lib\site-packages\numba\core\typing\context.py
fn=refresh
232 3100
cfl=c:\Users\Pedro\faculdade\IniciacaoCientifica\grn\.env\Lib\site-packages\numba\core\typing\context.py
cfn=_load_builtins
calls=2 482
232 22200
cfl=c:\Users\Pedro\faculdade\IniciacaoCientifica\grn\.env\Lib\site-packages\numba\core\typing\context.py
cfn=load_additional_registries
calls=2 811
232 135100

fl=c:\Users\Pedro\faculdade\IniciacaoCientifica\grn\.env\Lib\site-packages\numba\core\typing\context.py
fn=resolve_value_type
441 11400
cfl=c:\Users\Pedro\faculdade\IniciacaoCientifica\grn\.env\Lib\site-packages\numba\core\typing\context.py
cfn=_get_global_type
calls=4 475
441 33300
cfl=c:\Users\Pedro\faculdade\IniciacaoCientifica\grn\.env\Lib\site-packages\numba\core\typing\typeof.py
cfn=typeof
calls=4 27
441 1084100
cfl=c:\Users\Pedro\faculdade\IniciacaoCientifica\grn\.env\Lib\site-packages\numba\core\utils.py
cfn=erase_traceback
calls=4 35
441 17100
cfl=~
cfn=<built-in method builtins.isinstance>
calls=4 0
441 5900

fl=c:\Users\Pedro\faculdade\IniciacaoCientifica\grn\.env\Lib\site-packages\numba\core\typing\context.py
fn=_get_global_type
475 5200
cfl=c:\Users\Pedro\faculdade\IniciacaoCientifica\grn\.env\Lib\site-packages\numba\core\types\abstract.py
cfn=__call__
calls=1 61
475 23000
cfl=c:\Users\Pedro\faculdade\IniciacaoCientifica\grn\.env\Lib\site-packages\numba\core\typing\context.py
cfn=_lookup_global
calls=4 566
475 4900
cfl=~
cfn=<built-in method builtins.isinstance>
calls=2 0
475 200

fl=c:\Users\Pedro\faculdade\IniciacaoCientifica\grn\.env\Lib\site-packages\numba\core\typing\context.py
fn=_load_builtins
482 4200
cfl=<frozen importlib._bootstrap>
cfn=_handle_fromlist
calls=6 1401
482 5500
cfl=c:\Users\Pedro\faculdade\IniciacaoCientifica\grn\.env\Lib\site-packages\numba\core\typing\context.py
cfn=install_registry
calls=2 495
482 12500

fl=c:\Users\Pedro\faculdade\IniciacaoCientifica\grn\.env\Lib\site-packages\numba\core\typing\context.py
fn=install_registry
495 25100
cfl=c:\Users\Pedro\faculdade\IniciacaoCientifica\grn\.env\Lib\site-packages\numba\core\target_extension.py
cfn=get_local_target
calls=18 53
495 31400
cfl=c:\Users\Pedro\faculdade\IniciacaoCientifica\grn\.env\Lib\site-packages\numba\core\typing\templates.py
cfn=new_registrations
calls=54 1322
495 66400

fl=c:\Users\Pedro\faculdade\IniciacaoCientifica\grn\.env\Lib\site-packages\numba\core\typing\context.py
fn=_lookup_global
566 3000
cfl=~
cfn=<method 'get' of 'dict' objects>
calls=4 0
566 1900

fl=c:\Users\Pedro\faculdade\IniciacaoCientifica\grn\.env\Lib\site-packages\numba\core\typing\context.py
fn=load_additional_registries
811 13400
cfl=<frozen importlib._bootstrap>
cfn=parent
calls=2 648
811 2600
cfl=<frozen importlib._bootstrap>
cfn=_handle_fromlist
calls=2 1401
811 8700
cfl=c:\Users\Pedro\faculdade\IniciacaoCientifica\grn\.env\Lib\site-packages\numba\core\typing\context.py
cfn=install_registry
calls=16 495
811 110400

fl=c:\Users\Pedro\faculdade\IniciacaoCientifica\grn\.env\Lib\site-packages\numba\core\typing\templates.py
fn=new_registrations
1322 23700
cfl=~
cfn=<built-in method builtins.next>
calls=94 0
1322 88900

fl=c:\Users\Pedro\faculdade\IniciacaoCientifica\grn\.env\Lib\site-packages\numba\core\typing\typeof.py
fn=typeof
27 3433800
cfl=<string>
cfn=<lambda>:1
calls=5915 1
27 2291700
cfl=C:\Users\Pedro\AppData\Local\Python\pythoncore-3.14-64\Lib\functools.py
cfn=wrapper
calls=5915 978
27 53549900
cfl=c:\Users\Pedro\faculdade\IniciacaoCientifica\grn\.env\Lib\site-packages\numba\core\errors.py
cfn=errmsg
calls=4 377
27 217700

fl=c:\Users\Pedro\faculdade\IniciacaoCientifica\grn\.env\Lib\site-packages\numba\core\typing\typeof.py
fn=typeof_impl
41 9300
cfl=<frozen importlib._bootstrap>
cfn=_handle_fromlist
calls=2 1401
41 1500
cfl=c:\Users\Pedro\faculdade\IniciacaoCientifica\grn\.env\Lib\site-packages\numba\core\typing\cffi_utils.py
cfn=is_ffi_instance
calls=2 29
41 2200
cfl=c:\Users\Pedro\faculdade\IniciacaoCientifica\grn\.env\Lib\site-packages\numba\core\typing\cffi_utils.py
cfn=is_cffi_func
calls=2 39
41 18200
cfl=c:\Users\Pedro\faculdade\IniciacaoCientifica\grn\.env\Lib\site-packages\numba\core\typing\typeof.py
cfn=_typeof_buffer
calls=2 66
41 10100
cfl=~
cfn=<built-in method builtins.getattr>
calls=2 0
41 6600

fl=c:\Users\Pedro\faculdade\IniciacaoCientifica\grn\.env\Lib\site-packages\numba\core\typing\typeof.py
fn=_typeof_buffer
66 7400
cfl=<frozen importlib._bootstrap>
cfn=_handle_fromlist
calls=2 1401
66 2700

fl=c:\Users\Pedro\faculdade\IniciacaoCientifica\grn\.env\Lib\site-packages\numba\core\typing\typeof.py
fn=_typeof_type
90 9100
cfl=<frozen importlib._bootstrap>
cfn=_handle_fromlist
calls=6 1401
90 46900
cfl=c:\Users\Pedro\faculdade\IniciacaoCientifica\grn\.env\Lib\site-packages\numba\typed\__init__.py
cfn=__getattr__
calls=6 11
90 24400
cfl=~
cfn=<built-in method builtins.issubclass>
calls=14 0
90 272500

fl=c:\Users\Pedro\faculdade\IniciacaoCientifica\grn\.env\Lib\site-packages\numba\core\typing\typeof.py
fn=_typeof_float
124 147900

fl=c:\Users\Pedro\faculdade\IniciacaoCientifica\grn\.env\Lib\site-packages\numba\core\typing\typeof.py
fn=_typeof_ndarray
246 5106700
cfl=c:\Users\Pedro\faculdade\IniciacaoCientifica\grn\.env\Lib\site-packages\numba\core\types\abstract.py
cfn=__call__
calls=3547 61
246 36044900
cfl=c:\Users\Pedro\faculdade\IniciacaoCientifica\grn\.env\Lib\site-packages\numba\np\numpy_support.py
cfn=from_dtype
calls=3547 85
246 1627000
cfl=c:\Users\Pedro\faculdade\IniciacaoCientifica\grn\.env\Lib\site-packages\numba\np\numpy_support.py
cfn=map_layout
calls=3547 221
246 945400
cfl=~
cfn=<built-in method builtins.isinstance>
calls=3547 0
246 320500

fl=c:\Users\Pedro\faculdade\IniciacaoCientifica\grn\.env\Lib\site-packages\numba\core\untyped_passes.py
fn=fallback_context
26 1100

fl=c:\Users\Pedro\faculdade\IniciacaoCientifica\grn\.env\Lib\site-packages\numba\core\untyped_passes.py
fn=__init__
56 1200
cfl=c:\Users\Pedro\faculdade\IniciacaoCientifica\grn\.env\Lib\site-packages\numba\core\compiler_machinery.py
cfn=__init__:35
calls=1 35
56 500

fl=c:\Users\Pedro\faculdade\IniciacaoCientifica\grn\.env\Lib\site-packages\numba\core\untyped_passes.py
fn=run_pass:59
59 3600
cfl=c:\Users\Pedro\faculdade\IniciacaoCientifica\grn\.env\Lib\site-packages\numba\core\bytecode.py
cfn=__init__:427
calls=1 427
59 709600

fl=c:\Users\Pedro\faculdade\IniciacaoCientifica\grn\.env\Lib\site-packages\numba\core\untyped_passes.py
fn=run_pass:79
79 5881300
cfl=c:\Users\Pedro\faculdade\IniciacaoCientifica\grn\.env\Lib\site-packages\numba\core\interpreter.py
cfn=__init__:1348
calls=1 1348
79 4900
cfl=c:\Users\Pedro\faculdade\IniciacaoCientifica\grn\.env\Lib\site-packages\numba\core\interpreter.py
cfn=interpret
calls=0 1365
79 0

fl=c:\Users\Pedro\faculdade\IniciacaoCientifica\grn\.env\Lib\site-packages\numba\core\untyped_passes.py
fn=run_pass:98
98 1100
cfl=~
cfn=<built-in method builtins.len>
calls=1 0
98 100

fl=c:\Users\Pedro\faculdade\IniciacaoCientifica\grn\.env\Lib\site-packages\numba\core\untyped_passes.py
fn=run_pass:118
118 4300
cfl=c:\Users\Pedro\faculdade\IniciacaoCientifica\grn\.env\Lib\site-packages\numba\core\postproc.py
cfn=__init__:68
calls=1 68
118 100
cfl=c:\Users\Pedro\faculdade\IniciacaoCientifica\grn\.env\Lib\site-packages\numba\core\postproc.py
cfn=run
calls=1 71
118 1272700

fl=c:\Users\Pedro\faculdade\IniciacaoCientifica\grn\.env\Lib\site-packages\numba\core\untyped_passes.py
fn=run_pass:140
140 5800
cfl=C:\Users\Pedro\AppData\Local\Python\pythoncore-3.14-64\Lib\contextlib.py
cfn=__enter__:136
calls=1 136
140 2200
cfl=C:\Users\Pedro\AppData\Local\Python\pythoncore-3.14-64\Lib\contextlib.py
cfn=__exit__:145
calls=1 145
140 1000
cfl=C:\Users\Pedro\AppData\Local\Python\pythoncore-3.14-64\Lib\contextlib.py
cfn=helper
calls=1 303
140 1400
cfl=c:\Users\Pedro\faculdade\IniciacaoCientifica\grn\.env\Lib\site-packages\numba\core\analysis.py
cfn=rewrite_semantic_constants
calls=1 593
140 125300
cfl=c:\Users\Pedro\faculdade\IniciacaoCientifica\grn\.env\Lib\site-packages\numba\core\compiler.py
cfn=__getattr__
calls=4 355
140 400

fl=c:\Users\Pedro\faculdade\IniciacaoCientifica\grn\.env\Lib\site-packages\numba\core\untyped_passes.py
fn=run_pass:162
162 24600
cfl=C:\Users\Pedro\AppData\Local\Python\pythoncore-3.14-64\Lib\contextlib.py
cfn=__enter__:136
calls=3 136
162 2300
cfl=C:\Users\Pedro\AppData\Local\Python\pythoncore-3.14-64\Lib\contextlib.py
cfn=__exit__:145
calls=3 145
162 3300
cfl=C:\Users\Pedro\AppData\Local\Python\pythoncore-3.14-64\Lib\contextlib.py
cfn=helper
calls=3 303
162 3200
cfl=c:\Users\Pedro\faculdade\IniciacaoCientifica\grn\.env\Lib\site-packages\numba\core\analysis.py
cfn=dead_branch_prune
calls=3 300
162 233900
cfl=c:\Users\Pedro\faculdade\IniciacaoCientifica\grn\.env\Lib\site-packages\numba\core\compiler.py
cfn=__getattr__
calls=12 355
162 1500
cfl=c:\Users\Pedro\faculdade\IniciacaoCientifica\grn\.env\Lib\site-packages\numba\core\compiler_machinery.py
cfn=get_analysis
calls=3 102
162 600

fl=c:\Users\Pedro\faculdade\IniciacaoCientifica\grn\.env\Lib\site-packages\numba\core\untyped_passes.py
fn=get_analysis_usage:181
181 1800
cfl=c:\Users\Pedro\faculdade\IniciacaoCientifica\grn\.env\Lib\site-packages\numba\core\compiler_machinery.py
cfn=add_required
calls=6 148
181 2200

fl=c:\Users\Pedro\faculdade\IniciacaoCientifica\grn\.env\Lib\site-packages\numba\core\untyped_passes.py
fn=run_pass:192
192 20400
cfl=c:\Users\Pedro\faculdade\IniciacaoCientifica\grn\.env\Lib\site-packages\numba\core\compiler.py
cfn=__getattr__
calls=7 355
192 800
cfl=c:\Users\Pedro\faculdade\IniciacaoCientifica\grn\.env\Lib\site-packages\numba\core\inline_closurecall.py
cfn=__init__:81
calls=1 81
192 200
cfl=c:\Users\Pedro\faculdade\IniciacaoCientifica\grn\.env\Lib\site-packages\numba\core\inline_closurecall.py
cfn=run
calls=1 90
192 2838500
cfl=c:\Users\Pedro\faculdade\IniciacaoCientifica\grn\.env\Lib\site-packages\numba\core\ir_utils.py
cfn=fixup_var_define_in_scope
calls=1 2233
192 701700
cfl=c:\Users\Pedro\faculdade\IniciacaoCientifica\grn\.env\Lib\site-packages\numba\core\postproc.py
cfn=__init__:68
calls=1 68
192 200
cfl=c:\Users\Pedro\faculdade\IniciacaoCientifica\grn\.env\Lib\site-packages\numba\core\postproc.py
cfn=run
calls=1 71
192 1189000
cfl=c:\Users\Pedro\faculdade\IniciacaoCientifica\grn\.env\Lib\site-packages\numba\core\targetconfig.py
cfn=getter
calls=1 111
192 600
cfl=~
cfn=<built-in method builtins.isinstance>
calls=1 0
192 1900

fl=c:\Users\Pedro\faculdade\IniciacaoCientifica\grn\.env\Lib\site-packages\numba\core\untyped_passes.py
fn=run_pass:224
224 6600
cfl=C:\Users\Pedro\AppData\Local\Python\pythoncore-3.14-64\Lib\contextlib.py
cfn=__enter__:136
calls=1 136
224 700
cfl=C:\Users\Pedro\AppData\Local\Python\pythoncore-3.14-64\Lib\contextlib.py
cfn=__exit__:145
calls=1 145
224 2400
cfl=C:\Users\Pedro\AppData\Local\Python\pythoncore-3.14-64\Lib\contextlib.py
cfn=helper
calls=1 303
224 900
cfl=c:\Users\Pedro\faculdade\IniciacaoCientifica\grn\.env\Lib\site-packages\numba\core\compiler.py
cfn=__getattr__
calls=2 355
224 200
cfl=c:\Users\Pedro\faculdade\IniciacaoCientifica\grn\.env\Lib\site-packages\numba\core\rewrites\registry.py
cfn=apply
calls=1 54
224 5082600

fl=c:\Users\Pedro\faculdade\IniciacaoCientifica\grn\.env\Lib\site-packages\numba\core\untyped_passes.py
fn=run_pass:245
245 4400
cfl=c:\Users\Pedro\faculdade\IniciacaoCientifica\grn\.env\Lib\site-packages\numba\core\compiler.py
cfn=__getattr__
calls=5 355
245 600
cfl=c:\Users\Pedro\faculdade\IniciacaoCientifica\grn\.env\Lib\site-packages\numba\core\transforms.py
cfn=with_lifting
calls=1 370
245 125000

fl=c:\Users\Pedro\faculdade\IniciacaoCientifica\grn\.env\Lib\site-packages\numba\core\untyped_passes.py
fn=run_pass:284
284 38200
cfl=c:\Users\Pedro\faculdade\IniciacaoCientifica\grn\.env\Lib\site-packages\numba\core\compiler.py
cfn=__getattr__
calls=6 355
284 700
cfl=c:\Users\Pedro\faculdade\IniciacaoCientifica\grn\.env\Lib\site-packages\numba\core\inline_closurecall.py
cfn=__init__:312
calls=1 312
284 7900
cfl=c:\Users\Pedro\faculdade\IniciacaoCientifica\grn\.env\Lib\site-packages\numba\core\ir_utils.py
cfn=guard
calls=11 1459
284 102200
cfl=~
cfn=<built-in method builtins.isinstance>
calls=171 0
284 10100
cfl=~
cfn=<method 'items' of 'dict' objects>
calls=1 0
284 200
cfl=~
cfn=<method 'pop' of 'list' objects>
calls=4 0
284 700

fl=c:\Users\Pedro\faculdade\IniciacaoCientifica\grn\.env\Lib\site-packages\numba\core\untyped_passes.py
fn=_do_work
332 23400
cfl=c:\Users\Pedro\faculdade\IniciacaoCientifica\grn\.env\Lib\site-packages\numba\core\compiler.py
cfn=__getattr__
calls=20 355
332 1800
cfl=c:\Users\Pedro\faculdade\IniciacaoCientifica\grn\.env\Lib\site-packages\numba\core\ir.py
cfn=__getattr__
calls=11 387
332 4300
cfl=c:\Users\Pedro\faculdade\IniciacaoCientifica\grn\.env\Lib\site-packages\numba\core\ir.py
cfn=get_definition
calls=11 1553
332 12100
cfl=c:\Users\Pedro\faculdade\IniciacaoCientifica\grn\.env\Lib\site-packages\numba\core\ir_utils.py
cfn=resolve_func_from_module
calls=9 2092
332 47100
cfl=~
cfn=<built-in method builtins.getattr>
calls=34 0
332 4100
cfl=~
cfn=<method 'get' of 'dict' objects>
calls=5 0
332 900

fl=c:\Users\Pedro\faculdade\IniciacaoCientifica\grn\.env\Lib\site-packages\numba\core\untyped_passes.py
fn=run_pass:425
425 4300
cfl=c:\Users\Pedro\faculdade\IniciacaoCientifica\grn\.env\Lib\site-packages\numba\core\analysis.py
cfn=find_literally_calls
calls=1 664
425 114300
cfl=c:\Users\Pedro\faculdade\IniciacaoCientifica\grn\.env\Lib\site-packages\numba\core\compiler.py
cfn=__getattr__
calls=2 355
425 200

fl=c:\Users\Pedro\faculdade\IniciacaoCientifica\grn\.env\Lib\site-packages\numba\core\untyped_passes.py
fn=run_pass:571
571 23800
cfl=<frozen importlib._bootstrap>
cfn=_handle_fromlist
calls=1 1401
571 1100
cfl=c:\Users\Pedro\faculdade\IniciacaoCientifica\grn\.env\Lib\site-packages\numba\core\compiler.py
cfn=__getattr__
calls=1 355
571 100
cfl=~
cfn=<built-in method builtins.isinstance>
calls=171 0
571 10600
cfl=~
cfn=<method 'items' of 'dict' objects>
calls=1 0
571 200

fl=c:\Users\Pedro\faculdade\IniciacaoCientifica\grn\.env\Lib\site-packages\numba\core\untyped_passes.py
fn=run_pass:1639
1639 21700
cfl=c:\Users\Pedro\faculdade\IniciacaoCientifica\grn\.env\Lib\site-packages\numba\core\compiler.py
cfn=__getattr__
calls=1 355
1639 200
cfl=c:\Users\Pedro\faculdade\IniciacaoCientifica\grn\.env\Lib\site-packages\numba\core\ir.py
cfn=find_insts
calls=87 1293
1639 16200
cfl=~
cfn=<built-in method builtins.isinstance>
calls=83 0
1639 8600
cfl=~
cfn=<method 'values' of 'dict' objects>
calls=1 0
1639 100

fl=c:\Users\Pedro\faculdade\IniciacaoCientifica\grn\.env\Lib\site-packages\numba\core\untyped_passes.py
fn=get_analysis_usage:1673
1673 500
cfl=c:\Users\Pedro\faculdade\IniciacaoCientifica\grn\.env\Lib\site-packages\numba\core\compiler_machinery.py
cfn=add_required
calls=2 148
1673 700

fl=c:\Users\Pedro\faculdade\IniciacaoCientifica\grn\.env\Lib\site-packages\numba\core\untyped_passes.py
fn=run_pass:1685
1685 20300
cfl=c:\Users\Pedro\faculdade\IniciacaoCientifica\grn\.env\Lib\site-packages\numba\core\compiler.py
cfn=__getattr__
calls=1 355
1685 100
cfl=c:\Users\Pedro\faculdade\IniciacaoCientifica\grn\.env\Lib\site-packages\numba\core\ir.py
cfn=find_insts
calls=87 1293
1685 17300
cfl=~
cfn=<built-in method builtins.isinstance>
calls=83 0
1685 8500
cfl=~
cfn=<method 'values' of 'dict' objects>
calls=1 0
1685 200

fl=c:\Users\Pedro\faculdade\IniciacaoCientifica\grn\.env\Lib\site-packages\numba\core\untyped_passes.py
fn=run_pass:1755
1755 10600
cfl=c:\Users\Pedro\faculdade\IniciacaoCientifica\grn\.env\Lib\site-packages\numba\core\compiler.py
cfn=__getattr__
calls=4 355
1755 400
cfl=c:\Users\Pedro\faculdade\IniciacaoCientifica\grn\.env\Lib\site-packages\numba\core\compiler.py
cfn=__setattr__
calls=1 361
1755 300
cfl=c:\Users\Pedro\faculdade\IniciacaoCientifica\grn\.env\Lib\site-packages\numba\core\ir_utils.py
cfn=build_definitions
calls=1 1480
1755 66100
cfl=c:\Users\Pedro\faculdade\IniciacaoCientifica\grn\.env\Lib\site-packages\numba\core\postproc.py
cfn=__init__:68
calls=1 68
1755 100
cfl=c:\Users\Pedro\faculdade\IniciacaoCientifica\grn\.env\Lib\site-packages\numba\core\postproc.py
cfn=run
calls=1 71
1755 1197400
cfl=c:\Users\Pedro\faculdade\IniciacaoCientifica\grn\.env\Lib\site-packages\numba\core\ssa.py
cfn=reconstruct_ssa
calls=1 26
1755 1023300
cfl=c:\Users\Pedro\faculdade\IniciacaoCientifica\grn\.env\Lib\site-packages\numba\core\untyped_passes.py
cfn=_patch_locals
calls=1 1774
1755 3800

fl=c:\Users\Pedro\faculdade\IniciacaoCientifica\grn\.env\Lib\site-packages\numba\core\untyped_passes.py
fn=_patch_locals
1774 3300
cfl=c:\Users\Pedro\faculdade\IniciacaoCientifica\grn\.env\Lib\site-packages\numba\core\compiler.py
cfn=__getattr__
calls=1 355
1774 100
cfl=~
cfn=<method 'get' of 'dict' objects>
calls=1 0
1774 200
cfl=~
cfn=<method 'items' of 'dict' objects>
calls=1 0
1774 100
cfl=~
cfn=<method 'values' of 'dict' objects>
calls=1 0
1774 100

fl=c:\Users\Pedro\faculdade\IniciacaoCientifica\grn\.env\Lib\site-packages\numba\core\untyped_passes.py
fn=run_pass:1798
1798 2300
cfl=c:\Users\Pedro\faculdade\IniciacaoCientifica\grn\.env\Lib\site-packages\numba\core\compiler.py
cfn=__getattr__
calls=1 355
1798 100
cfl=c:\Users\Pedro\faculdade\IniciacaoCientifica\grn\.env\Lib\site-packages\numba\core\ir.py
cfn=find_insts
calls=4 1293
1798 14300
cfl=~
cfn=<method 'values' of 'dict' objects>
calls=1 0
1798 200

fl=c:\Users\Pedro\faculdade\IniciacaoCientifica\grn\.env\Lib\site-packages\numba\core\utils.py
fn=erase_traceback
35 6900
cfl=C:\Users\Pedro\AppData\Local\Python\pythoncore-3.14-64\Lib\traceback.py
cfn=clear_frames
calls=4 267
35 9200
cfl=~
cfn=<method 'with_traceback' of 'BaseException' objects>
calls=4 0
35 1000

fl=c:\Users\Pedro\faculdade\IniciacaoCientifica\grn\.env\Lib\site-packages\numba\core\utils.py
fn=__init__:210
210 2900
cfl=~
cfn=<built-in method builtins.getattr>
calls=5 0
210 2100

fl=c:\Users\Pedro\faculdade\IniciacaoCientifica\grn\.env\Lib\site-packages\numba\core\utils.py
fn=push
223 300
cfl=~
cfn=<method 'append' of 'list' objects>
calls=1 0
223 200

fl=c:\Users\Pedro\faculdade\IniciacaoCientifica\grn\.env\Lib\site-packages\numba\core\utils.py
fn=pop
228 300
cfl=~
cfn=<method 'pop' of 'list' objects>
calls=1 0
228 200

fl=c:\Users\Pedro\faculdade\IniciacaoCientifica\grn\.env\Lib\site-packages\numba\core\utils.py
fn=__len__
241 1100
cfl=~
cfn=<built-in method builtins.len>
calls=4 0
241 400

fl=c:\Users\Pedro\faculdade\IniciacaoCientifica\grn\.env\Lib\site-packages\numba\core\utils.py
fn=enter
244 2200
cfl=c:\Users\Pedro\faculdade\IniciacaoCientifica\grn\.env\Lib\site-packages\numba\core\utils.py
cfn=push
calls=1 223
244 500
cfl=c:\Users\Pedro\faculdade\IniciacaoCientifica\grn\.env\Lib\site-packages\numba\core\utils.py
cfn=pop
calls=1 228
244 500

fl=c:\Users\Pedro\faculdade\IniciacaoCientifica\grn\.env\Lib\site-packages\numba\core\utils.py
fn=__init__:350
350 1600
cfl=~
cfn=<built-in method fromkeys>
calls=1 0
350 400

fl=c:\Users\Pedro\faculdade\IniciacaoCientifica\grn\.env\Lib\site-packages\numba\core\utils.py
fn=__contains__
354 5800

fl=c:\Users\Pedro\faculdade\IniciacaoCientifica\grn\.env\Lib\site-packages\numba\core\utils.py
fn=__iter__
357 400
cfl=~
cfn=<built-in method builtins.iter>
calls=1 0
357 300

fl=c:\Users\Pedro\faculdade\IniciacaoCientifica\grn\.env\Lib\site-packages\numba\core\utils.py
fn=__setitem__
445 9800

fl=c:\Users\Pedro\faculdade\IniciacaoCientifica\grn\.env\Lib\site-packages\numba\core\utils.py
fn=stream_list
475 39100
cfl=c:\Users\Pedro\faculdade\IniciacaoCientifica\grn\.env\Lib\site-packages\numba\core\utils.py
cfn=sublist_iterator
calls=94 484
475 26400
cfl=~
cfn=<built-in method builtins.len>
calls=94 0
475 6200

fl=c:\Users\Pedro\faculdade\IniciacaoCientifica\grn\.env\Lib\site-packages\numba\core\utils.py
fn=sublist_iterator
484 19700
cfl=~
cfn=<built-in method builtins.iter>
calls=94 0
484 6700

fl=c:\Users\Pedro\faculdade\IniciacaoCientifica\grn\.env\Lib\site-packages\numba\core\utils.py
fn=__init__:767
767 5900

fl=c:\Users\Pedro\faculdade\IniciacaoCientifica\grn\.env\Lib\site-packages\numba\experimental\jitclass\boxing.py
fn=_typeof_jitclass_box
273 354100
cfl=~
cfn=<built-in method builtins.getattr>
calls=1182 0
273 126300

fl=c:\Users\Pedro\faculdade\IniciacaoCientifica\grn\.env\Lib\site-packages\numba\np\numpy_support.py
fn=from_dtype
85 1214400
cfl=~
cfn=<built-in method builtins.getattr>
calls=3547 0
85 412600

fl=c:\Users\Pedro\faculdade\IniciacaoCientifica\grn\.env\Lib\site-packages\numba\np\numpy_support.py
fn=map_layout
221 945400

fl=c:\Users\Pedro\faculdade\IniciacaoCientifica\grn\.env\Lib\site-packages\numba\parfors\parfor.py
fn=__init__
797 2400
cfl=c:\Users\Pedro\faculdade\IniciacaoCientifica\grn\.env\Lib\site-packages\numba\parfors\parfor.py
cfn=has_setup
calls=1 829
797 100

fl=c:\Users\Pedro\faculdade\IniciacaoCientifica\grn\.env\Lib\site-packages\numba\parfors\parfor.py
fn=has_setup
829 100

fl=c:\Users\Pedro\faculdade\IniciacaoCientifica\grn\.env\Lib\site-packages\numba\typed\__init__.py
fn=__getattr__
11 7600
cfl=C:\Users\Pedro\AppData\Local\Python\pythoncore-3.14-64\Lib\importlib\__init__.py
cfn=import_module
calls=12 71
11 54700
cfl=~
cfn=<built-in method builtins.getattr>
calls=12 0
11 1900

fl=c:\Users\Pedro\faculdade\IniciacaoCientifica\grn\.env\Lib\site-packages\numpy\__init__.py
fn=__getattr__
717 21100

fl=c:\Users\Pedro\faculdade\IniciacaoCientifica\grn\.env\Lib\site-packages\numpy\_core\_asarray.py
fn=require
22 14500
cfl=~
cfn=<built-in method numpy.array>
calls=6 0
22 6100
cfl=~
cfn=<method 'upper' of 'str' objects>
calls=6 0
22 1400

fl=c:\Users\Pedro\faculdade\IniciacaoCientifica\grn\.env\Lib\site-packages\numpy\_core\_internal.py
fn=npy_ctypes_check
946 8000

fl=c:\Users\Pedro\faculdade\IniciacaoCientifica\grn\.env\Lib\site-packages\numpy\_core\_methods.py
fn=_any
55 1900
cfl=~
cfn=<method 'reduce' of 'numpy.ufunc' objects>
calls=4 0
55 13700

fl=c:\Users\Pedro\faculdade\IniciacaoCientifica\grn\.env\Lib\site-packages\numpy\_core\_methods.py
fn=_all
64 223200
cfl=~
cfn=<method 'reduce' of 'numpy.ufunc' objects>
calls=593 0
64 1042200

fl=c:\Users\Pedro\faculdade\IniciacaoCientifica\grn\.env\Lib\site-packages\numpy\_core\_methods.py
fn=_count_reduce_items
73 10500
cfl=~
cfn=<built-in method numpy.lib.array_utils.normalize_axis_index>
calls=2 0
73 600

fl=c:\Users\Pedro\faculdade\IniciacaoCientifica\grn\.env\Lib\site-packages\numpy\_core\_methods.py
fn=_clip
96 8600

fl=c:\Users\Pedro\faculdade\IniciacaoCientifica\grn\.env\Lib\site-packages\numpy\_core\_methods.py
fn=_mean
115 5600
cfl=c:\Users\Pedro\faculdade\IniciacaoCientifica\grn\.env\Lib\site-packages\numpy\_core\_methods.py
cfn=_count_reduce_items
calls=1 73
115 7000
cfl=~
cfn=<built-in method builtins.hasattr>
calls=1 0
115 500
cfl=~
cfn=<built-in method builtins.isinstance>
calls=1 0
115 400
cfl=~
cfn=<built-in method builtins.issubclass>
calls=2 0
115 400
cfl=~
cfn=<built-in method numpy.asanyarray>
calls=1 0
115 300
cfl=~
cfn=<method 'reduce' of 'numpy.ufunc' objects>
calls=1 0
115 7000

fl=c:\Users\Pedro\faculdade\IniciacaoCientifica\grn\.env\Lib\site-packages\numpy\_core\_methods.py
fn=_var
148 25000
cfl=c:\Users\Pedro\faculdade\IniciacaoCientifica\grn\.env\Lib\site-packages\numpy\_core\_methods.py
cfn=_count_reduce_items
calls=1 73
148 4100
cfl=~
cfn=<built-in method builtins.hasattr>
calls=1 0
148 700
cfl=~
cfn=<built-in method builtins.isinstance>
calls=2 0
148 700
cfl=~
cfn=<built-in method builtins.issubclass>
calls=2 0
148 300
cfl=~
cfn=<built-in method numpy.asanyarray>
calls=1 0
148 300
cfl=~
cfn=<method 'reduce' of 'numpy.ufunc' objects>
calls=2 0
148 3600

fl=c:\Users\Pedro\faculdade\IniciacaoCientifica\grn\.env\Lib\site-packages\numpy\_core\_methods.py
fn=_std
217 49000
cfl=c:\Users\Pedro\faculdade\IniciacaoCientifica\grn\.env\Lib\site-packages\numpy\_core\_methods.py
cfn=_var
calls=1 148
217 34700
cfl=~
cfn=<built-in method builtins.hasattr>
calls=1 0
217 200
cfl=~
cfn=<built-in method builtins.isinstance>
calls=1 0
217 200

fl=c:\Users\Pedro\faculdade\IniciacaoCientifica\grn\.env\Lib\site-packages\numpy\_core\_ufunc_config.py
fn=__init__
462 500

fl=c:\Users\Pedro\faculdade\IniciacaoCientifica\grn\.env\Lib\site-packages\numpy\_core\_ufunc_config.py
fn=__enter__
472 2700
cfl=~
cfn=<built-in method numpy._core._multiarray_umath._make_extobj>
calls=1 0
472 800
cfl=~
cfn=<method 'set' of '_contextvars.ContextVar' objects>
calls=1 0
472 1200

fl=c:\Users\Pedro\faculdade\IniciacaoCientifica\grn\.env\Lib\site-packages\numpy\_core\_ufunc_config.py
fn=__exit__
488 1400
cfl=~
cfn=<method 'reset' of '_contextvars.ContextVar' objects>
calls=1 0
488 1600

fl=c:\Users\Pedro\faculdade\IniciacaoCientifica\grn\.env\Lib\site-packages\numpy\_core\_ufunc_config.py
fn=inner
496 50000
cfl=~
cfn=<built-in method numpy._core._multiarray_umath._make_extobj>
calls=1 0
496 500
cfl=~
cfn=<method 'reset' of '_contextvars.ContextVar' objects>
calls=1 0
496 500
cfl=~
cfn=<method 'set' of '_contextvars.ContextVar' objects>
calls=1 0
496 500

fl=c:\Users\Pedro\faculdade\IniciacaoCientifica\grn\.env\Lib\site-packages\numpy\_core\einsumfunc.py
fn=_einsum_dispatcher
1236 900

fl=c:\Users\Pedro\faculdade\IniciacaoCientifica\grn\.env\Lib\site-packages\numpy\_core\einsumfunc.py
fn=einsum
1244 1500
cfl=~
cfn=<built-in method numpy._core._multiarray_umath.c_einsum>
calls=1 0
1244 6500

fl=c:\Users\Pedro\faculdade\IniciacaoCientifica\grn\.env\Lib\site-packages\numpy\_core\fromnumeric.py
fn=_wrapit
38 19700
cfl=~
cfn=<built-in method builtins.getattr>
calls=2 0
38 800
cfl=~
cfn=<method 'as_arrays' of 'numpy._core._multiarray_umath._array_converter' objects>
calls=2 0
38 1000
cfl=~
cfn=<method 'squeeze' of 'numpy.ndarray' objects>
calls=2 0
38 1100
cfl=~
cfn=<method 'wrap' of 'numpy._core._multiarray_umath._array_converter' objects>
calls=2 0
38 800

fl=c:\Users\Pedro\faculdade\IniciacaoCientifica\grn\.env\Lib\site-packages\numpy\_core\fromnumeric.py
fn=_wrapfunc
48 4600
cfl=~
cfn=<built-in method builtins.getattr>
calls=3 0
48 1500
cfl=~
cfn=<method 'argmin' of 'numpy.ndarray' objects>
calls=2 0
48 12300
cfl=~
cfn=<method 'clip' of 'numpy.ndarray' objects>
calls=1 0
48 15000

fl=c:\Users\Pedro\faculdade\IniciacaoCientifica\grn\.env\Lib\site-packages\numpy\_core\fromnumeric.py
fn=_wrapreduction
66 5500
cfl=~
cfn=<built-in method builtins.getattr>
calls=2 0
66 2500
cfl=~
cfn=<method 'items' of 'dict' objects>
calls=2 0
66 800
cfl=~
cfn=<method 'reduce' of 'numpy.ufunc' objects>
calls=2 0
66 5400

fl=c:\Users\Pedro\faculdade\IniciacaoCientifica\grn\.env\Lib\site-packages\numpy\_core\fromnumeric.py
fn=_wrapreduction_any_all
86 39000
cfl=~
cfn=<built-in method builtins.getattr>
calls=7 0
86 7900
cfl=~
cfn=<method 'all' of 'numpy.generic' objects>
calls=1 0
86 18400
cfl=~
cfn=<method 'any' of 'numpy.generic' objects>
calls=2 0
86 5900
cfl=~
cfn=<method 'items' of 'dict' objects>
calls=15 0
86 3300
cfl=~
cfn=<method 'reduce' of 'numpy.ufunc' objects>
calls=12 0
86 77400

fl=c:\Users\Pedro\faculdade\IniciacaoCientifica\grn\.env\Lib\site-packages\numpy\_core\fromnumeric.py
fn=_argmin_dispatcher
1317 300

fl=c:\Users\Pedro\faculdade\IniciacaoCientifica\grn\.env\Lib\site-packages\numpy\_core\fromnumeric.py
fn=argmin
1321 4300
cfl=c:\Users\Pedro\faculdade\IniciacaoCientifica\grn\.env\Lib\site-packages\numpy\_core\fromnumeric.py
cfn=_wrapfunc
calls=2 48
1321 15200

fl=c:\Users\Pedro\faculdade\IniciacaoCientifica\grn\.env\Lib\site-packages\numpy\_core\fromnumeric.py
fn=_squeeze_dispatcher
1592 300

fl=c:\Users\Pedro\faculdade\IniciacaoCientifica\grn\.env\Lib\site-packages\numpy\_core\fromnumeric.py
fn=squeeze
1596 5800
cfl=c:\Users\Pedro\faculdade\IniciacaoCientifica\grn\.env\Lib\site-packages\numpy\_core\fromnumeric.py
cfn=_wrapit
calls=2 38
1596 23400

fl=c:\Users\Pedro\faculdade\IniciacaoCientifica\grn\.env\Lib\site-packages\numpy\_core\fromnumeric.py
fn=_ravel_dispatcher
1875 100

fl=c:\Users\Pedro\faculdade\IniciacaoCientifica\grn\.env\Lib\site-packages\numpy\_core\fromnumeric.py
fn=ravel
1879 1300
cfl=~
cfn=<built-in method builtins.isinstance>
calls=1 0
1879 100
cfl=~
cfn=<built-in method numpy.asanyarray>
calls=1 0
1879 100
cfl=~
cfn=<method 'ravel' of 'numpy.ndarray' objects>
calls=1 0
1879 500

fl=c:\Users\Pedro\faculdade\IniciacaoCientifica\grn\.env\Lib\site-packages\numpy\_core\fromnumeric.py
fn=_shape_dispatcher
2080 700

fl=c:\Users\Pedro\faculdade\IniciacaoCientifica\grn\.env\Lib\site-packages\numpy\_core\fromnumeric.py
fn=shape
2084 1800

fl=c:\Users\Pedro\faculdade\IniciacaoCientifica\grn\.env\Lib\site-packages\numpy\_core\fromnumeric.py
fn=_clip_dispatcher
2202 200

fl=c:\Users\Pedro\faculdade\IniciacaoCientifica\grn\.env\Lib\site-packages\numpy\_core\fromnumeric.py
fn=clip
2207 2200
cfl=c:\Users\Pedro\faculdade\IniciacaoCientifica\grn\.env\Lib\site-packages\numpy\_core\fromnumeric.py
cfn=_wrapfunc
calls=1 48
2207 18200

fl=c:\Users\Pedro\faculdade\IniciacaoCientifica\grn\.env\Lib\site-packages\numpy\_core\fromnumeric.py
fn=_sum_dispatcher
2299 100

fl=c:\Users\Pedro\faculdade\IniciacaoCientifica\grn\.env\Lib\site-packages\numpy\_core\fromnumeric.py
fn=sum
2304 3400
cfl=c:\Users\Pedro\faculdade\IniciacaoCientifica\grn\.env\Lib\site-packages\numpy\_core\fromnumeric.py
cfn=_wrapreduction
calls=1 66
2304 7000
cfl=~
cfn=<built-in method builtins.isinstance>
calls=1 0
2304 100

fl=c:\Users\Pedro\faculdade\IniciacaoCientifica\grn\.env\Lib\site-packages\numpy\_core\fromnumeric.py
fn=_any_dispatcher
2431 1600

fl=c:\Users\Pedro\faculdade\IniciacaoCientifica\grn\.env\Lib\site-packages\numpy\_core\fromnumeric.py
fn=any
2436 7900
cfl=c:\Users\Pedro\faculdade\IniciacaoCientifica\grn\.env\Lib\site-packages\numpy\_core\fromnumeric.py
cfn=_wrapreduction_any_all
calls=8 86
2436 93800

fl=c:\Users\Pedro\faculdade\IniciacaoCientifica\grn\.env\Lib\site-packages\numpy\_core\fromnumeric.py
fn=_all_dispatcher
2543 1000

fl=c:\Users\Pedro\faculdade\IniciacaoCientifica\grn\.env\Lib\site-packages\numpy\_core\fromnumeric.py
fn=all
2548 9500
cfl=c:\Users\Pedro\faculdade\IniciacaoCientifica\grn\.env\Lib\site-packages\numpy\_core\fromnumeric.py
cfn=_wrapreduction_any_all
calls=7 86
2548 58100

fl=c:\Users\Pedro\faculdade\IniciacaoCientifica\grn\.env\Lib\site-packages\numpy\_core\fromnumeric.py
fn=_prod_dispatcher
3282 300

fl=c:\Users\Pedro\faculdade\IniciacaoCientifica\grn\.env\Lib\site-packages\numpy\_core\fromnumeric.py
fn=prod
3287 1800
cfl=c:\Users\Pedro\faculdade\IniciacaoCientifica\grn\.env\Lib\site-packages\numpy\_core\fromnumeric.py
cfn=_wrapreduction
calls=1 66
3287 7200

fl=c:\Users\Pedro\faculdade\IniciacaoCientifica\grn\.env\Lib\site-packages\numpy\_core\fromnumeric.py
fn=_ndim_dispatcher
3478 300

fl=c:\Users\Pedro\faculdade\IniciacaoCientifica\grn\.env\Lib\site-packages\numpy\_core\fromnumeric.py
fn=ndim
3482 3500
cfl=~
cfn=<built-in method numpy.asarray>
calls=2 0
3482 600

fl=c:\Users\Pedro\faculdade\IniciacaoCientifica\grn\.env\Lib\site-packages\numpy\_core\fromnumeric.py
fn=_size_dispatcher
3521 1000

fl=c:\Users\Pedro\faculdade\IniciacaoCientifica\grn\.env\Lib\site-packages\numpy\_core\fromnumeric.py
fn=size
3525 28100
cfl=<frozen importlib._bootstrap>
cfn=parent
calls=6 648
3525 5600
cfl=c:\Users\Pedro\faculdade\IniciacaoCientifica\grn\.env\Lib\site-packages\numpy\_core\fromnumeric.py
cfn=_shape_dispatcher
calls=6 2080
3525 700
cfl=c:\Users\Pedro\faculdade\IniciacaoCientifica\grn\.env\Lib\site-packages\numpy\_core\fromnumeric.py
cfn=shape
calls=6 2084
3525 1800
cfl=c:\Users\Pedro\faculdade\IniciacaoCientifica\grn\.env\Lib\site-packages\numpy\_core\numeric.py
cfn=normalize_axis_tuple
calls=6 1431
3525 29400
cfl=~
cfn=<built-in method builtins.len>
calls=6 0
3525 800
cfl=~
cfn=<built-in method math.prod>
calls=6 0
3525 8000

fl=c:\Users\Pedro\faculdade\IniciacaoCientifica\grn\.env\Lib\site-packages\numpy\_core\fromnumeric.py
fn=<genexpr>
3575 2300

fl=c:\Users\Pedro\faculdade\IniciacaoCientifica\grn\.env\Lib\site-packages\numpy\_core\fromnumeric.py
fn=_mean_dispatcher
3694 400

fl=c:\Users\Pedro\faculdade\IniciacaoCientifica\grn\.env\Lib\site-packages\numpy\_core\fromnumeric.py
fn=mean
3699 6000
cfl=c:\Users\Pedro\faculdade\IniciacaoCientifica\grn\.env\Lib\site-packages\numpy\_core\_methods.py
cfn=_mean
calls=1 115
3699 21200

fl=c:\Users\Pedro\faculdade\IniciacaoCientifica\grn\.env\Lib\site-packages\numpy\_core\fromnumeric.py
fn=_std_dispatcher
3828 200

fl=c:\Users\Pedro\faculdade\IniciacaoCientifica\grn\.env\Lib\site-packages\numpy\_core\fromnumeric.py
fn=std
3833 4400
cfl=c:\Users\Pedro\faculdade\IniciacaoCientifica\grn\.env\Lib\site-packages\numpy\_core\_methods.py
cfn=_std
calls=1 217
3833 84100

fl=c:\Users\Pedro\faculdade\IniciacaoCientifica\grn\.env\Lib\site-packages\numpy\_core\function_base.py
fn=_linspace_dispatcher
22 200

fl=c:\Users\Pedro\faculdade\IniciacaoCientifica\grn\.env\Lib\site-packages\numpy\_core\function_base.py
fn=linspace
27 15500
cfl=c:\Users\Pedro\faculdade\IniciacaoCientifica\grn\.env\Lib\site-packages\numpy\_core\fromnumeric.py
cfn=_ndim_dispatcher
calls=1 3478
27 100
cfl=c:\Users\Pedro\faculdade\IniciacaoCientifica\grn\.env\Lib\site-packages\numpy\_core\fromnumeric.py
cfn=ndim
calls=1 3482
27 900
cfl=c:\Users\Pedro\faculdade\IniciacaoCientifica\grn\.env\Lib\site-packages\numpy\_core\numeric.py
cfn=isscalar
calls=1 1975
27 600
cfl=~
cfn=<built-in method _operator.index>
calls=1 0
27 200
cfl=~
cfn=<built-in method numpy.arange>
calls=1 0
27 2800
cfl=~
cfn=<method 'as_arrays' of 'numpy._core._multiarray_umath._array_converter' objects>
calls=1 0
27 600
cfl=~
cfn=<method 'astype' of 'numpy.ndarray' objects>
calls=1 0
27 700
cfl=~
cfn=<method 'reshape' of 'numpy.ndarray' objects>
calls=1 0
27 1300
cfl=~
cfn=<method 'result_type' of 'numpy._core._multiarray_umath._array_converter' objects>
calls=1 0
27 600
cfl=~
cfn=<method 'wrap' of 'numpy._core._multiarray_umath._array_converter' objects>
calls=1 0
27 500

fl=c:\Users\Pedro\faculdade\IniciacaoCientifica\grn\.env\Lib\site-packages\numpy\_core\getlimits.py
fn=__new__
178 3100
cfl=~
cfn=<method 'get' of 'dict' objects>
calls=4 0
178 1100

fl=c:\Users\Pedro\faculdade\IniciacaoCientifica\grn\.env\Lib\site-packages\numpy\_core\multiarray.py
fn=empty_like
115 200

fl=c:\Users\Pedro\faculdade\IniciacaoCientifica\grn\.env\Lib\site-packages\numpy\_core\multiarray.py
fn=concatenate
197 1300

fl=c:\Users\Pedro\faculdade\IniciacaoCientifica\grn\.env\Lib\site-packages\numpy\_core\multiarray.py
fn=where
403 1000

fl=c:\Users\Pedro\faculdade\IniciacaoCientifica\grn\.env\Lib\site-packages\numpy\_core\multiarray.py
fn=copyto
1085 8200

fl=c:\Users\Pedro\faculdade\IniciacaoCientifica\grn\.env\Lib\site-packages\numpy\_core\multiarray.py
fn=putmask
1135 500

fl=c:\Users\Pedro\faculdade\IniciacaoCientifica\grn\.env\Lib\site-packages\numpy\_core\multiarray.py
fn=may_share_memory
1397 2100

fl=c:\Users\Pedro\faculdade\IniciacaoCientifica\grn\.env\Lib\site-packages\numpy\_core\numeric.py
fn=_zeros_like_dispatcher
91 200

fl=c:\Users\Pedro\faculdade\IniciacaoCientifica\grn\.env\Lib\site-packages\numpy\_core\numeric.py
fn=zeros_like
97 6200
cfl=c:\Users\Pedro\faculdade\IniciacaoCientifica\grn\.env\Lib\site-packages\numpy\_core\multiarray.py
cfn=empty_like
calls=1 115
97 100
cfl=c:\Users\Pedro\faculdade\IniciacaoCientifica\grn\.env\Lib\site-packages\numpy\_core\multiarray.py
cfn=copyto
calls=1 1085
97 100
cfl=~
cfn=<built-in method numpy.zeros>
calls=1 0
97 600

fl=c:\Users\Pedro\faculdade\IniciacaoCientifica\grn\.env\Lib\site-packages\numpy\_core\numeric.py
fn=ones
170 7000
cfl=c:\Users\Pedro\faculdade\IniciacaoCientifica\grn\.env\Lib\site-packages\numpy\_core\multiarray.py
cfn=copyto
calls=3 1085
170 300
cfl=~
cfn=<built-in method numpy.empty>
calls=3 0
170 1700

fl=c:\Users\Pedro\faculdade\IniciacaoCientifica\grn\.env\Lib\site-packages\numpy\_core\numeric.py
fn=_ones_like_dispatcher
240 100

fl=c:\Users\Pedro\faculdade\IniciacaoCientifica\grn\.env\Lib\site-packages\numpy\_core\numeric.py
fn=ones_like
246 5000
cfl=c:\Users\Pedro\faculdade\IniciacaoCientifica\grn\.env\Lib\site-packages\numpy\_core\multiarray.py
cfn=empty_like
calls=1 115
246 100
cfl=c:\Users\Pedro\faculdade\IniciacaoCientifica\grn\.env\Lib\site-packages\numpy\_core\multiarray.py
cfn=copyto
calls=1 1085
246 100

fl=c:\Users\Pedro\faculdade\IniciacaoCientifica\grn\.env\Lib\site-packages\numpy\_core\numeric.py
fn=full
323 79100
cfl=c:\Users\Pedro\faculdade\IniciacaoCientifica\grn\.env\Lib\site-packages\numpy\_core\multiarray.py
cfn=copyto
calls=71 1085
323 7700
cfl=~
cfn=<built-in method numpy.asarray>
calls=71 0
323 22700
cfl=~
cfn=<built-in method numpy.empty>
calls=71 0
323 20800

fl=c:\Users\Pedro\faculdade\IniciacaoCientifica\grn\.env\Lib\site-packages\numpy\_core\numeric.py
fn=_count_nonzero_dispatcher
479 1200

fl=c:\Users\Pedro\faculdade\IniciacaoCientifica\grn\.env\Lib\site-packages\numpy\_core\numeric.py
fn=count_nonzero
483 5700
cfl=~
cfn=<built-in method numpy._core._multiarray_umath.count_nonzero>
calls=7 0
483 8400

fl=c:\Users\Pedro\faculdade\IniciacaoCientifica\grn\.env\Lib\site-packages\numpy\_core\numeric.py
fn=normalize_axis_tuple
1431 19700
cfl=c:\Users\Pedro\faculdade\IniciacaoCientifica\grn\.env\Lib\site-packages\numpy\_core\numeric.py
cfn=<genexpr>
calls=12 1480
1431 5800
cfl=~
cfn=<built-in method _operator.index>
calls=6 0
1431 1200
cfl=~
cfn=<built-in method builtins.isinstance>
calls=6 0
1431 1100
cfl=~
cfn=<built-in method builtins.len>
calls=12 0
1431 1600

fl=c:\Users\Pedro\faculdade\IniciacaoCientifica\grn\.env\Lib\site-packages\numpy\_core\numeric.py
fn=<genexpr>
1480 4300
cfl=~
cfn=<built-in method numpy.lib.array_utils.normalize_axis_index>
calls=6 0
1480 1500

fl=c:\Users\Pedro\faculdade\IniciacaoCientifica\grn\.env\Lib\site-packages\numpy\_core\numeric.py
fn=isscalar
1975 7800
cfl=~
cfn=<built-in method builtins.isinstance>
calls=21 0
1975 2400

fl=c:\Users\Pedro\faculdade\IniciacaoCientifica\grn\.env\Lib\site-packages\numpy\_core\numeric.py
fn=_array_equal_dispatcher
2516 200

fl=c:\Users\Pedro\faculdade\IniciacaoCientifica\grn\.env\Lib\site-packages\numpy\_core\numeric.py
fn=array_equal
2535 3500
cfl=~
cfn=<built-in method numpy.asanyarray>
calls=1 0
2535 100
cfl=~
cfn=<built-in method numpy.asarray>
calls=2 0
2535 200
cfl=~
cfn=<method 'all' of 'numpy.ndarray' objects>
calls=1 0
2535 2700

fl=c:\Users\Pedro\faculdade\IniciacaoCientifica\grn\.env\Lib\site-packages\numpy\_core\numerictypes.py
fn=issubclass_
293 9900
cfl=~
cfn=<built-in method builtins.issubclass>
calls=28 0
293 6700

fl=c:\Users\Pedro\faculdade\IniciacaoCientifica\grn\.env\Lib\site-packages\numpy\_core\numerictypes.py
fn=_preprocess_dtype
372 26600
cfl=~
cfn=<built-in method builtins.isinstance>
calls=42 0
372 8100
cfl=~
cfn=<method 'values' of 'dict' objects>
calls=21 0
372 2900

fl=c:\Users\Pedro\faculdade\IniciacaoCientifica\grn\.env\Lib\site-packages\numpy\_core\numerictypes.py
fn=isdtype
385 34700
cfl=c:\Users\Pedro\faculdade\IniciacaoCientifica\grn\.env\Lib\site-packages\numpy\_core\numerictypes.py
cfn=_preprocess_dtype
calls=21 372
385 37600
cfl=~
cfn=<built-in method builtins.isinstance>
calls=21 0
385 2100
cfl=~
cfn=<method 'update' of 'set' objects>
calls=21 0
385 7300

fl=c:\Users\Pedro\faculdade\IniciacaoCientifica\grn\.env\Lib\site-packages\numpy\_core\numerictypes.py
fn=issubdtype
475 15800
cfl=c:\Users\Pedro\faculdade\IniciacaoCientifica\grn\.env\Lib\site-packages\numpy\_core\numerictypes.py
cfn=issubclass_
calls=28 293
475 16600
cfl=~
cfn=<built-in method builtins.issubclass>
calls=14 0
475 1500

fl=c:\Users\Pedro\faculdade\IniciacaoCientifica\grn\.env\Lib\site-packages\numpy\_core\shape_base.py
fn=_atleast_1d_dispatcher
15 4000

fl=c:\Users\Pedro\faculdade\IniciacaoCientifica\grn\.env\Lib\site-packages\numpy\_core\shape_base.py
fn=atleast_1d
19 33100
cfl=~
cfn=<built-in method builtins.len>
calls=48 0
19 5400
cfl=~
cfn=<built-in method numpy.asanyarray>
calls=48 0
19 15200
cfl=~
cfn=<method 'reshape' of 'numpy.ndarray' objects>
calls=21 0
19 12800

fl=c:\Users\Pedro\faculdade\IniciacaoCientifica\grn\.env\Lib\site-packages\numpy\_core\shape_base.py
fn=_atleast_2d_dispatcher
74 2200

fl=c:\Users\Pedro\faculdade\IniciacaoCientifica\grn\.env\Lib\site-packages\numpy\_core\shape_base.py
fn=atleast_2d
78 29500
cfl=~
cfn=<built-in method builtins.len>
calls=21 0
78 2200
cfl=~
cfn=<built-in method numpy.asanyarray>
calls=21 0
78 2300
cfl=~
cfn=<method 'append' of 'list' objects>
calls=21 0
78 3000
cfl=~
cfn=<method 'reshape' of 'numpy.ndarray' objects>
calls=1 0
78 500

fl=c:\Users\Pedro\faculdade\IniciacaoCientifica\grn\.env\Lib\site-packages\numpy\lib\_function_base_impl.py
fn=iterable
363 3100
cfl=~
cfn=<built-in method builtins.iter>
calls=5 0
363 1700

fl=c:\Users\Pedro\faculdade\IniciacaoCientifica\grn\.env\Lib\site-packages\numpy\lib\_function_base_impl.py
fn=_copy_dispatcher
920 5200

fl=c:\Users\Pedro\faculdade\IniciacaoCientifica\grn\.env\Lib\site-packages\numpy\lib\_function_base_impl.py
fn=copy
924 13400
cfl=~
cfn=<built-in method numpy.array>
calls=42 0
924 25900

fl=c:\Users\Pedro\faculdade\IniciacaoCientifica\grn\.env\Lib\site-packages\numpy\lib\_function_base_impl.py
fn=_diff_dispatcher
1398 91100

fl=c:\Users\Pedro\faculdade\IniciacaoCientifica\grn\.env\Lib\site-packages\numpy\lib\_function_base_impl.py
fn=diff
1402 2579500
cfl=~
cfn=<built-in method builtins.len>
calls=591 0
1402 75900
cfl=~
cfn=<built-in method numpy.asanyarray>
calls=591 0
1402 92300
cfl=~
cfn=<built-in method numpy.lib.array_utils.normalize_axis_index>
calls=591 0
1402 112900
cfl=~
cfn=<method 'append' of 'list' objects>
calls=591 0
1402 91100

fl=c:\Users\Pedro\faculdade\IniciacaoCientifica\grn\.env\Lib\site-packages\numpy\lib\_stride_tricks_impl.py
fn=_maybe_view_as_subclass
24 1800

fl=c:\Users\Pedro\faculdade\IniciacaoCientifica\grn\.env\Lib\site-packages\numpy\lib\_stride_tricks_impl.py
fn=_broadcast_to
373 71100
cfl=c:\Users\Pedro\faculdade\IniciacaoCientifica\grn\.env\Lib\site-packages\numpy\lib\_function_base_impl.py
cfn=iterable
calls=5 363
373 4800
cfl=c:\Users\Pedro\faculdade\IniciacaoCientifica\grn\.env\Lib\site-packages\numpy\lib\_stride_tricks_impl.py
cfn=_maybe_view_as_subclass
calls=5 24
373 1800
cfl=c:\Users\Pedro\faculdade\IniciacaoCientifica\grn\.env\Lib\site-packages\numpy\lib\_stride_tricks_impl.py
cfn=<genexpr>
calls=10 378
373 1900
cfl=~
cfn=<built-in method numpy.array>
calls=5 0
373 1300
cfl=~
cfn=<method '__enter__' of 'numpy.nditer' objects>
calls=5 0
373 1000
cfl=~
cfn=<method '__exit__' of 'numpy.nditer' objects>
calls=5 0
373 1100

fl=c:\Users\Pedro\faculdade\IniciacaoCientifica\grn\.env\Lib\site-packages\numpy\lib\_stride_tricks_impl.py
fn=<genexpr>
378 1900

fl=c:\Users\Pedro\faculdade\IniciacaoCientifica\grn\.env\Lib\site-packages\numpy\lib\_stride_tricks_impl.py
fn=_broadcast_to_dispatcher
396 400

fl=c:\Users\Pedro\faculdade\IniciacaoCientifica\grn\.env\Lib\site-packages\numpy\lib\_stride_tricks_impl.py
fn=broadcast_to
400 1700
cfl=c:\Users\Pedro\faculdade\IniciacaoCientifica\grn\.env\Lib\site-packages\numpy\lib\_stride_tricks_impl.py
cfn=_broadcast_to
calls=4 373
400 28300

fl=c:\Users\Pedro\faculdade\IniciacaoCientifica\grn\.env\Lib\site-packages\numpy\lib\_stride_tricks_impl.py
fn=_broadcast_shape
446 4800
cfl=~
cfn=<built-in method builtins.len>
calls=1 0
446 100

fl=c:\Users\Pedro\faculdade\IniciacaoCientifica\grn\.env\Lib\site-packages\numpy\lib\_stride_tricks_impl.py
fn=_broadcast_arrays_dispatcher
510 100

fl=c:\Users\Pedro\faculdade\IniciacaoCientifica\grn\.env\Lib\site-packages\numpy\lib\_stride_tricks_impl.py
fn=broadcast_arrays
514 7900
cfl=c:\Users\Pedro\faculdade\IniciacaoCientifica\grn\.env\Lib\site-packages\numpy\lib\_stride_tricks_impl.py
cfn=_broadcast_to
calls=1 373
514 54700
cfl=c:\Users\Pedro\faculdade\IniciacaoCientifica\grn\.env\Lib\site-packages\numpy\lib\_stride_tricks_impl.py
cfn=_broadcast_shape
calls=1 446
514 4900
cfl=~
cfn=<built-in method numpy.array>
calls=3 0
514 500

fl=c:\Users\Pedro\faculdade\IniciacaoCientifica\grn\.env\Lib\site-packages\pandas\_config\__init__.py
fn=using_string_dtype
33 5200

fl=c:\Users\Pedro\faculdade\IniciacaoCientifica\grn\.env\Lib\site-packages\pandas\_config\config.py
fn=_get_single_key
127 33800
cfl=c:\Users\Pedro\faculdade\IniciacaoCientifica\grn\.env\Lib\site-packages\pandas\_config\config.py
cfn=_select_options
calls=27 650
127 6500
cfl=c:\Users\Pedro\faculdade\IniciacaoCientifica\grn\.env\Lib\site-packages\pandas\_config\config.py
cfn=_translate_key
calls=27 703
127 13000
cfl=c:\Users\Pedro\faculdade\IniciacaoCientifica\grn\.env\Lib\site-packages\pandas\_config\config.py
cfn=_warn_if_deprecated
calls=27 715
127 23100
cfl=~
cfn=<built-in method builtins.len>
calls=54 0
127 4300

fl=c:\Users\Pedro\faculdade\IniciacaoCientifica\grn\.env\Lib\site-packages\pandas\_config\config.py
fn=get_option
143 20400
cfl=c:\Users\Pedro\faculdade\IniciacaoCientifica\grn\.env\Lib\site-packages\pandas\_config\config.py
cfn=_get_single_key
calls=27 127
143 80700
cfl=c:\Users\Pedro\faculdade\IniciacaoCientifica\grn\.env\Lib\site-packages\pandas\_config\config.py
cfn=_get_root
calls=27 668
143 29300

fl=c:\Users\Pedro\faculdade\IniciacaoCientifica\grn\.env\Lib\site-packages\pandas\_config\config.py
fn=_select_options
650 6500

fl=c:\Users\Pedro\faculdade\IniciacaoCientifica\grn\.env\Lib\site-packages\pandas\_config\config.py
fn=_get_root
668 20200
cfl=~
cfn=<method 'split' of 'str' objects>
calls=27 0
668 9100

fl=c:\Users\Pedro\faculdade\IniciacaoCientifica\grn\.env\Lib\site-packages\pandas\_config\config.py
fn=_get_deprecated_option
676 18900

fl=c:\Users\Pedro\faculdade\IniciacaoCientifica\grn\.env\Lib\site-packages\pandas\_config\config.py
fn=_translate_key
703 6600
cfl=c:\Users\Pedro\faculdade\IniciacaoCientifica\grn\.env\Lib\site-packages\pandas\_config\config.py
cfn=_get_deprecated_option
calls=27 676
703 6400

fl=c:\Users\Pedro\faculdade\IniciacaoCientifica\grn\.env\Lib\site-packages\pandas\_config\config.py
fn=_warn_if_deprecated
715 10600
cfl=c:\Users\Pedro\faculdade\IniciacaoCientifica\grn\.env\Lib\site-packages\pandas\_config\config.py
cfn=_get_deprecated_option
calls=27 676
715 12500

fl=c:\Users\Pedro\faculdade\IniciacaoCientifica\grn\.env\Lib\site-packages\pandas\core\arrays\_mixins.py
fn=_box_func
107 900

fl=c:\Users\Pedro\faculdade\IniciacaoCientifica\grn\.env\Lib\site-packages\pandas\core\arrays\_mixins.py
fn=__getitem__
287 34600
cfl=c:\Users\Pedro\faculdade\IniciacaoCientifica\grn\.env\Lib\site-packages\pandas\core\arrays\_mixins.py
cfn=_box_func
calls=12 107
287 900
cfl=c:\Users\Pedro\faculdade\IniciacaoCientifica\grn\.env\Lib\site-packages\pandas\core\construction.py
cfn=extract_array
calls=10 430
287 5200
cfl=c:\Users\Pedro\faculdade\IniciacaoCientifica\grn\.env\Lib\site-packages\pandas\core\indexers\utils.py
cfn=getitem_returns_view
calls=10 416
287 27800
cfl=c:\Users\Pedro\faculdade\IniciacaoCientifica\grn\.env\Lib\site-packages\pandas\core\indexers\utils.py
cfn=check_array_indexer
calls=10 441
287 6200

fl=c:\Users\Pedro\faculdade\IniciacaoCientifica\grn\.env\Lib\site-packages\pandas\core\arrays\base.py
fn=__iter__
559 3500
cfl=c:\Users\Pedro\faculdade\IniciacaoCientifica\grn\.env\Lib\site-packages\pandas\core\arrays\_mixins.py
cfn=__getitem__
calls=12 287
559 6800
cfl=~
cfn=<built-in method builtins.len>
calls=1 0
559 100

fl=c:\Users\Pedro\faculdade\IniciacaoCientifica\grn\.env\Lib\site-packages\pandas\core\arrays\numpy_.py
fn=dtype
179 14700

fl=c:\Users\Pedro\faculdade\IniciacaoCientifica\grn\.env\Lib\site-packages\pandas\core\arrays\numpy_.py
fn=astype
272 25000
cfl=c:\Users\Pedro\faculdade\IniciacaoCientifica\grn\.env\Lib\site-packages\numpy\_core\_internal.py
cfn=npy_ctypes_check
calls=12 946
272 2800
cfl=c:\Users\Pedro\faculdade\IniciacaoCientifica\grn\.env\Lib\site-packages\pandas\core\arrays\numpy_.py
cfn=dtype
calls=12 179
272 1100
cfl=c:\Users\Pedro\faculdade\IniciacaoCientifica\grn\.env\Lib\site-packages\pandas\core\arrays\string_.py
cfn=__repr__
calls=12 232
272 7100
cfl=c:\Users\Pedro\faculdade\IniciacaoCientifica\grn\.env\Lib\site-packages\pandas\core\arrays\string_.py
cfn=__eq__
calls=12 236
272 7500
cfl=c:\Users\Pedro\faculdade\IniciacaoCientifica\grn\.env\Lib\site-packages\pandas\core\dtypes\astype.py
cfn=astype_array
calls=12 160
272 16200
cfl=c:\Users\Pedro\faculdade\IniciacaoCientifica\grn\.env\Lib\site-packages\pandas\core\dtypes\common.py
cfn=pandas_dtype
calls=12 1821
272 8000

fl=c:\Users\Pedro\faculdade\IniciacaoCientifica\grn\.env\Lib\site-packages\pandas\core\arrays\numpy_.py
fn=isna
283 5100
cfl=c:\Users\Pedro\faculdade\IniciacaoCientifica\grn\.env\Lib\site-packages\pandas\core\dtypes\missing.py
cfn=isna
calls=12 97
283 85100

fl=c:\Users\Pedro\faculdade\IniciacaoCientifica\grn\.env\Lib\site-packages\pandas\core\arrays\string_.py
fn=name
141 800

fl=c:\Users\Pedro\faculdade\IniciacaoCientifica\grn\.env\Lib\site-packages\pandas\core\arrays\string_.py
fn=na_value
150 1900

fl=c:\Users\Pedro\faculdade\IniciacaoCientifica\grn\.env\Lib\site-packages\pandas\core\arrays\string_.py
fn=storage
174 9200

fl=c:\Users\Pedro\faculdade\IniciacaoCientifica\grn\.env\Lib\site-packages\pandas\core\arrays\string_.py
fn=__init__
197 58200
cfl=C:\Users\Pedro\AppData\Local\Python\pythoncore-3.14-64\Lib\typing.py
cfn=cast
calls=19 2300
197 2400
cfl=c:\Users\Pedro\faculdade\IniciacaoCientifica\grn\.env\Lib\site-packages\pandas\_config\config.py
cfn=get_option
calls=19 143
197 100000
cfl=~
cfn=<built-in method builtins.isinstance>
calls=19 0
197 6100

fl=c:\Users\Pedro\faculdade\IniciacaoCientifica\grn\.env\Lib\site-packages\pandas\core\arrays\string_.py
fn=__repr__
232 17700
cfl=c:\Users\Pedro\faculdade\IniciacaoCientifica\grn\.env\Lib\site-packages\pandas\core\arrays\string_.py
cfn=storage
calls=24 174
232 2300

fl=c:\Users\Pedro\faculdade\IniciacaoCientifica\grn\.env\Lib\site-packages\pandas\core\arrays\string_.py
fn=__eq__
236 18800
cfl=c:\Users\Pedro\faculdade\IniciacaoCientifica\grn\.env\Lib\site-packages\pandas\core\arrays\string_.py
cfn=name
calls=5 141
236 800
cfl=~
cfn=<built-in method builtins.isinstance>
calls=64 0
236 6000

fl=c:\Users\Pedro\faculdade\IniciacaoCientifica\grn\.env\Lib\site-packages\pandas\core\arrays\string_.py
fn=type
265 200

fl=c:\Users\Pedro\faculdade\IniciacaoCientifica\grn\.env\Lib\site-packages\pandas\core\arrays\string_.py
fn=construct_array_type
312 18800
cfl=c:\Users\Pedro\faculdade\IniciacaoCientifica\grn\.env\Lib\site-packages\pandas\core\arrays\string_.py
cfn=storage
calls=57 174
312 4800

fl=c:\Users\Pedro\faculdade\IniciacaoCientifica\grn\.env\Lib\site-packages\pandas\core\arrays\string_.py
fn=_from_sequence
756 74700
cfl=c:\Users\Pedro\faculdade\IniciacaoCientifica\grn\.env\Lib\site-packages\pandas\core\arrays\string_.py
cfn=na_value
calls=19 150
756 1700
cfl=c:\Users\Pedro\faculdade\IniciacaoCientifica\grn\.env\Lib\site-packages\pandas\core\arrays\string_.py
cfn=storage
calls=19 174
756 1500
cfl=c:\Users\Pedro\faculdade\IniciacaoCientifica\grn\.env\Lib\site-packages\pandas\core\dtypes\common.py
cfn=pandas_dtype
calls=19 1821
756 14300
cfl=~
cfn=<built-in method __new__ of type object at 0x00007FFE69354D90>
calls=19 0
756 6400
cfl=~
cfn=<built-in method builtins.isinstance>
calls=57 0
756 6500

fl=c:\Users\Pedro\faculdade\IniciacaoCientifica\grn\.env\Lib\site-packages\pandas\core\arrays\string_.py
fn=astype
915 48800
cfl=c:\Users\Pedro\faculdade\IniciacaoCientifica\grn\.env\Lib\site-packages\numpy\_core\_internal.py
cfn=npy_ctypes_check
calls=12 946
915 5200
cfl=c:\Users\Pedro\faculdade\IniciacaoCientifica\grn\.env\Lib\site-packages\numpy\_core\numerictypes.py
cfn=issubdtype
calls=12 475
915 27400
cfl=c:\Users\Pedro\faculdade\IniciacaoCientifica\grn\.env\Lib\site-packages\pandas\core\arrays\numpy_.py
cfn=dtype
calls=12 179
915 1000
cfl=c:\Users\Pedro\faculdade\IniciacaoCientifica\grn\.env\Lib\site-packages\pandas\core\arrays\numpy_.py
cfn=astype
calls=12 272
915 67700
cfl=c:\Users\Pedro\faculdade\IniciacaoCientifica\grn\.env\Lib\site-packages\pandas\core\arrays\string_.py
cfn=__repr__
calls=12 232
915 12900
cfl=c:\Users\Pedro\faculdade\IniciacaoCientifica\grn\.env\Lib\site-packages\pandas\core\arrays\string_.py
cfn=__eq__
calls=12 236
915 8600
cfl=c:\Users\Pedro\faculdade\IniciacaoCientifica\grn\.env\Lib\site-packages\pandas\core\dtypes\common.py
cfn=pandas_dtype
calls=12 1821
915 192100
cfl=~
cfn=<built-in method builtins.isinstance>
calls=36 0
915 3300

fl=c:\Users\Pedro\faculdade\IniciacaoCientifica\grn\.env\Lib\site-packages\pandas\core\base.py
fn=__iter__
931 1300
cfl=c:\Users\Pedro\faculdade\IniciacaoCientifica\grn\.env\Lib\site-packages\pandas\core\indexes\base.py
cfn=_values
calls=2 5101
931 200
cfl=~
cfn=<built-in method builtins.isinstance>
calls=1 0
931 100
cfl=~
cfn=<built-in method builtins.iter>
calls=1 0
931 500

fl=c:\Users\Pedro\faculdade\IniciacaoCientifica\grn\.env\Lib\site-packages\pandas\core\common.py
fn=all_none
197 1600
cfl=c:\Users\Pedro\faculdade\IniciacaoCientifica\grn\.env\Lib\site-packages\pandas\core\common.py
cfn=<genexpr>
calls=2 201
197 600

fl=c:\Users\Pedro\faculdade\IniciacaoCientifica\grn\.env\Lib\site-packages\pandas\core\common.py
fn=<genexpr>
201 600

fl=c:\Users\Pedro\faculdade\IniciacaoCientifica\grn\.env\Lib\site-packages\pandas\core\common.py
fn=apply_if_callable
377 1500
cfl=~
cfn=<built-in method builtins.callable>
calls=2 0
377 200
cfl=~
cfn=<built-in method builtins.isinstance>
calls=2 0
377 200

fl=c:\Users\Pedro\faculdade\IniciacaoCientifica\grn\.env\Lib\site-packages\pandas\core\common.py
fn=require_length_match
596 11600
cfl=~
cfn=<built-in method builtins.len>
calls=72 0
596 20500

fl=c:\Users\Pedro\faculdade\IniciacaoCientifica\grn\.env\Lib\site-packages\pandas\core\construction.py
fn=extract_array
430 16800
cfl=~
cfn=<built-in method builtins.getattr>
calls=50 0
430 3700

fl=c:\Users\Pedro\faculdade\IniciacaoCientifica\grn\.env\Lib\site-packages\pandas\core\construction.py
fn=ensure_wrapped_if_datetimelike
495 9700
cfl=~
cfn=<built-in method builtins.isinstance>
calls=29 0
495 2400

fl=c:\Users\Pedro\faculdade\IniciacaoCientifica\grn\.env\Lib\site-packages\pandas\core\construction.py
fn=sanitize_array
531 205100
cfl=C:\Users\Pedro\AppData\Local\Python\pythoncore-3.14-64\Lib\typing.py
cfn=cast
calls=25 2300
531 2300
cfl=c:\Users\Pedro\faculdade\IniciacaoCientifica\grn\.env\Lib\site-packages\numpy\_core\numeric.py
cfn=full
calls=19 323
531 30700
cfl=c:\Users\Pedro\faculdade\IniciacaoCientifica\grn\.env\Lib\site-packages\pandas\_config\__init__.py
cfn=using_string_dtype
calls=9 33
531 2800
cfl=c:\Users\Pedro\faculdade\IniciacaoCientifica\grn\.env\Lib\site-packages\pandas\core\arrays\numpy_.py
cfn=dtype
calls=10 179
531 1300
cfl=c:\Users\Pedro\faculdade\IniciacaoCientifica\grn\.env\Lib\site-packages\pandas\core\arrays\string_.py
cfn=storage
calls=5 174
531 600
cfl=c:\Users\Pedro\faculdade\IniciacaoCientifica\grn\.env\Lib\site-packages\pandas\core\arrays\string_.py
cfn=__init__
calls=9 197
531 89100
cfl=c:\Users\Pedro\faculdade\IniciacaoCientifica\grn\.env\Lib\site-packages\pandas\core\arrays\string_.py
cfn=__eq__
calls=5 236
531 3800
cfl=c:\Users\Pedro\faculdade\IniciacaoCientifica\grn\.env\Lib\site-packages\pandas\core\arrays\string_.py
cfn=construct_array_type
calls=9 312
531 11900
cfl=c:\Users\Pedro\faculdade\IniciacaoCientifica\grn\.env\Lib\site-packages\pandas\core\arrays\string_.py
cfn=_from_sequence
calls=9 756
531 54400
cfl=c:\Users\Pedro\faculdade\IniciacaoCientifica\grn\.env\Lib\site-packages\pandas\core\construction.py
cfn=extract_array
calls=40 430
531 15300
cfl=c:\Users\Pedro\faculdade\IniciacaoCientifica\grn\.env\Lib\site-packages\pandas\core\construction.py
cfn=_sanitize_non_ordered
calls=4 710
531 2000
cfl=c:\Users\Pedro\faculdade\IniciacaoCientifica\grn\.env\Lib\site-packages\pandas\core\construction.py
cfn=_sanitize_ndim
calls=40 718
531 60400
cfl=c:\Users\Pedro\faculdade\IniciacaoCientifica\grn\.env\Lib\site-packages\pandas\core\construction.py
cfn=_sanitize_str_dtypes
calls=21 757
531 9800
cfl=c:\Users\Pedro\faculdade\IniciacaoCientifica\grn\.env\Lib\site-packages\pandas\core\dtypes\cast.py
cfn=maybe_convert_platform
calls=4 127
531 77900
cfl=~
cfn=<built-in method builtins.hasattr>
calls=4 0
531 300
cfl=~
cfn=<built-in method builtins.isinstance>
calls=366 0
531 108300
cfl=~
cfn=<built-in method builtins.len>
calls=4 0
531 300

fl=c:\Users\Pedro\faculdade\IniciacaoCientifica\grn\.env\Lib\site-packages\pandas\core\construction.py
fn=_sanitize_non_ordered
710 1700
cfl=~
cfn=<built-in method builtins.isinstance>
calls=4 0
710 300

fl=c:\Users\Pedro\faculdade\IniciacaoCientifica\grn\.env\Lib\site-packages\pandas\core\construction.py
fn=_sanitize_ndim
718 18700
cfl=c:\Users\Pedro\faculdade\IniciacaoCientifica\grn\.env\Lib\site-packages\pandas\core\construction.py
cfn=_maybe_repeat
calls=40 780
718 35100
cfl=~
cfn=<built-in method builtins.getattr>
calls=40 0
718 6600

fl=c:\Users\Pedro\faculdade\IniciacaoCientifica\grn\.env\Lib\site-packages\pandas\core\construction.py
fn=_sanitize_str_dtypes
757 7500
cfl=~
cfn=<built-in method builtins.issubclass>
calls=21 0
757 2300

fl=c:\Users\Pedro\faculdade\IniciacaoCientifica\grn\.env\Lib\site-packages\pandas\core\construction.py
fn=_maybe_repeat
780 12300
cfl=~
cfn=<built-in method builtins.len>
calls=72 0
780 22800

fl=c:\Users\Pedro\faculdade\IniciacaoCientifica\grn\.env\Lib\site-packages\pandas\core\dtypes\astype.py
fn=astype_array
160 6600
cfl=~
cfn=<method 'copy' of 'numpy.ndarray' objects>
calls=12 0
160 9600

fl=c:\Users\Pedro\faculdade\IniciacaoCientifica\grn\.env\Lib\site-packages\pandas\core\dtypes\base.py
fn=kind
181 1500

fl=c:\Users\Pedro\faculdade\IniciacaoCientifica\grn\.env\Lib\site-packages\pandas\core\dtypes\base.py
fn=index_class
416 4400
cfl=<frozen importlib._bootstrap>
cfn=_handle_fromlist
calls=4 1401
416 3800

fl=c:\Users\Pedro\faculdade\IniciacaoCientifica\grn\.env\Lib\site-packages\pandas\core\dtypes\base.py
fn=_supports_2d
426 1800

fl=c:\Users\Pedro\faculdade\IniciacaoCientifica\grn\.env\Lib\site-packages\pandas\core\dtypes\base.py
fn=find
563 6600
cfl=~
cfn=<built-in method builtins.isinstance>
calls=24 0
563 1900
cfl=~
cfn=<built-in method builtins.issubclass>
calls=12 0
563 1100

fl=c:\Users\Pedro\faculdade\IniciacaoCientifica\grn\.env\Lib\site-packages\pandas\core\dtypes\cast.py
fn=maybe_convert_platform
127 36300
cfl=C:\Users\Pedro\AppData\Local\Python\pythoncore-3.14-64\Lib\typing.py
cfn=cast
calls=4 2300
127 300
cfl=c:\Users\Pedro\faculdade\IniciacaoCientifica\grn\.env\Lib\site-packages\numpy\_core\numeric.py
cfn=full
calls=4 323
127 22500
cfl=c:\Users\Pedro\faculdade\IniciacaoCientifica\grn\.env\Lib\site-packages\pandas\core\dtypes\cast.py
cfn=construct_1d_object_array_from_listlike
calls=4 1468
127 18600
cfl=~
cfn=<built-in method builtins.isinstance>
calls=4 0
127 200

fl=c:\Users\Pedro\faculdade\IniciacaoCientifica\grn\.env\Lib\site-packages\pandas\core\dtypes\cast.py
fn=construct_1d_object_array_from_listlike
1468 4900
cfl=~
cfn=<built-in method builtins.len>
calls=4 0
1468 300
cfl=~
cfn=<built-in method numpy.fromiter>
calls=4 0
1468 13400

fl=c:\Users\Pedro\faculdade\IniciacaoCientifica\grn\.env\Lib\site-packages\pandas\core\dtypes\common.py
fn=ensure_python_int
96 1100

fl=c:\Users\Pedro\faculdade\IniciacaoCientifica\grn\.env\Lib\site-packages\pandas\core\dtypes\common.py
fn=classes
126 400

fl=c:\Users\Pedro\faculdade\IniciacaoCientifica\grn\.env\Lib\site-packages\pandas\core\dtypes\common.py
fn=<lambda>
128 200
cfl=~
cfn=<built-in method builtins.issubclass>
calls=1 0
128 200

fl=c:\Users\Pedro\faculdade\IniciacaoCientifica\grn\.env\Lib\site-packages\pandas\core\dtypes\common.py
fn=is_object_dtype
142 3000
cfl=c:\Users\Pedro\faculdade\IniciacaoCientifica\grn\.env\Lib\site-packages\pandas\core\dtypes\common.py
cfn=classes
calls=1 126
142 400
cfl=c:\Users\Pedro\faculdade\IniciacaoCientifica\grn\.env\Lib\site-packages\pandas\core\dtypes\common.py
cfn=_is_dtype_type
calls=1 1659
142 4600

fl=c:\Users\Pedro\faculdade\IniciacaoCientifica\grn\.env\Lib\site-packages\pandas\core\dtypes\common.py
fn=is_string_or_object_np_dtype
603 6500
cfl=c:\Users\Pedro\faculdade\IniciacaoCientifica\grn\.env\Lib\site-packages\pandas\core\arrays\string_.py
cfn=__eq__
calls=1 236
603 700
cfl=c:\Users\Pedro\faculdade\IniciacaoCientifica\grn\.env\Lib\site-packages\pandas\core\dtypes\base.py
cfn=kind
calls=1 181
603 100

fl=c:\Users\Pedro\faculdade\IniciacaoCientifica\grn\.env\Lib\site-packages\pandas\core\dtypes\common.py
fn=is_string_dtype
610 1700
cfl=c:\Users\Pedro\faculdade\IniciacaoCientifica\grn\.env\Lib\site-packages\pandas\core\dtypes\common.py
cfn=_is_dtype
calls=1 1600
610 6500
cfl=~
cfn=<built-in method builtins.hasattr>
calls=1 0
610 100

fl=c:\Users\Pedro\faculdade\IniciacaoCientifica\grn\.env\Lib\site-packages\pandas\core\dtypes\common.py
fn=condition
652 600
cfl=c:\Users\Pedro\faculdade\IniciacaoCientifica\grn\.env\Lib\site-packages\pandas\core\arrays\string_.py
cfn=__eq__
calls=1 236
652 300
cfl=c:\Users\Pedro\faculdade\IniciacaoCientifica\grn\.env\Lib\site-packages\pandas\core\dtypes\common.py
cfn=is_string_or_object_np_dtype
calls=1 603
652 1600

fl=c:\Users\Pedro\faculdade\IniciacaoCientifica\grn\.env\Lib\site-packages\pandas\core\dtypes\common.py
fn=needs_i8_conversion
1204 600
cfl=~
cfn=<built-in method builtins.isinstance>
calls=2 0
1204 300

fl=c:\Users\Pedro\faculdade\IniciacaoCientifica\grn\.env\Lib\site-packages\pandas\core\dtypes\common.py
fn=is_1d_only_ea_dtype
1473 16400
cfl=c:\Users\Pedro\faculdade\IniciacaoCientifica\grn\.env\Lib\site-packages\pandas\core\dtypes\base.py
cfn=_supports_2d
calls=25 426
1473 1800
cfl=~
cfn=<built-in method builtins.isinstance>
calls=56 0
1473 4700

fl=c:\Users\Pedro\faculdade\IniciacaoCientifica\grn\.env\Lib\site-packages\pandas\core\dtypes\common.py
fn=is_ea_or_datetimelike_dtype
1547 4100
cfl=~
cfn=<built-in method builtins.isinstance>
calls=8 0
1547 500

fl=c:\Users\Pedro\faculdade\IniciacaoCientifica\grn\.env\Lib\site-packages\pandas\core\dtypes\common.py
fn=_is_dtype
1600 2000
cfl=c:\Users\Pedro\faculdade\IniciacaoCientifica\grn\.env\Lib\site-packages\pandas\core\dtypes\common.py
cfn=condition
calls=1 652
1600 2500
cfl=c:\Users\Pedro\faculdade\IniciacaoCientifica\grn\.env\Lib\site-packages\pandas\core\dtypes\common.py
cfn=_get_dtype
calls=1 1624
1600 2000

fl=c:\Users\Pedro\faculdade\IniciacaoCientifica\grn\.env\Lib\site-packages\pandas\core\dtypes\common.py
fn=_get_dtype
1624 1100
cfl=c:\Users\Pedro\faculdade\IniciacaoCientifica\grn\.env\Lib\site-packages\pandas\core\dtypes\common.py
cfn=pandas_dtype
calls=1 1821
1624 600
cfl=~
cfn=<built-in method builtins.hasattr>
calls=1 0
1624 100
cfl=~
cfn=<built-in method builtins.isinstance>
calls=2 0
1624 200

fl=c:\Users\Pedro\faculdade\IniciacaoCientifica\grn\.env\Lib\site-packages\pandas\core\dtypes\common.py
fn=_is_dtype_type
1659 3100
cfl=c:\Users\Pedro\faculdade\IniciacaoCientifica\grn\.env\Lib\site-packages\pandas\core\arrays\string_.py
cfn=type
calls=1 265
1659 200
cfl=c:\Users\Pedro\faculdade\IniciacaoCientifica\grn\.env\Lib\site-packages\pandas\core\dtypes\common.py
cfn=<lambda>
calls=1 128
1659 400
cfl=c:\Users\Pedro\faculdade\IniciacaoCientifica\grn\.env\Lib\site-packages\pandas\core\dtypes\common.py
cfn=pandas_dtype
calls=1 1821
1659 600
cfl=~
cfn=<built-in method builtins.hasattr>
calls=1 0
1659 100
cfl=~
cfn=<built-in method builtins.isinstance>
calls=2 0
1659 200

fl=c:\Users\Pedro\faculdade\IniciacaoCientifica\grn\.env\Lib\site-packages\pandas\core\dtypes\common.py
fn=pandas_dtype
1821 66400
cfl=C:\Users\Pedro\AppData\Local\Python\pythoncore-3.14-64\Lib\_py_warnings.py
cfn=simplefilter
calls=12 294
1821 65700
cfl=C:\Users\Pedro\AppData\Local\Python\pythoncore-3.14-64\Lib\_py_warnings.py
cfn=__init__:616
calls=12 616
1821 4100
cfl=C:\Users\Pedro\AppData\Local\Python\pythoncore-3.14-64\Lib\_py_warnings.py
cfn=__enter__
calls=12 639
1821 31200
cfl=C:\Users\Pedro\AppData\Local\Python\pythoncore-3.14-64\Lib\_py_warnings.py
cfn=__exit__
calls=12 668
1821 20100
cfl=c:\Users\Pedro\faculdade\IniciacaoCientifica\grn\.env\Lib\site-packages\pandas\core\dtypes\base.py
cfn=find
calls=12 563
1821 9600
cfl=c:\Users\Pedro\faculdade\IniciacaoCientifica\grn\.env\Lib\site-packages\pandas\core\dtypes\inference.py
cfn=is_hashable
calls=12 387
1821 5800
cfl=~
cfn=<built-in method builtins.isinstance>
calls=90 0
1821 12700

fl=c:\Users\Pedro\faculdade\IniciacaoCientifica\grn\.env\Lib\site-packages\pandas\core\dtypes\concat.py
fn=concat_compat
52 21200
cfl=C:\Users\Pedro\AppData\Local\Python\pythoncore-3.14-64\Lib\typing.py
cfn=cast
calls=12 2300
52 700
cfl=c:\Users\Pedro\faculdade\IniciacaoCientifica\grn\.env\Lib\site-packages\numpy\_core\multiarray.py
cfn=concatenate
calls=12 197
52 1200
cfl=~
cfn=<built-in method builtins.isinstance>
calls=12 0
52 900
cfl=~
cfn=<built-in method builtins.len>
calls=12 0
52 900

fl=c:\Users\Pedro\faculdade\IniciacaoCientifica\grn\.env\Lib\site-packages\pandas\core\dtypes\generic.py
fn=_check
38 53100
cfl=~
cfn=<built-in method builtins.getattr>
calls=251 0
38 25600

fl=c:\Users\Pedro\faculdade\IniciacaoCientifica\grn\.env\Lib\site-packages\pandas\core\dtypes\generic.py
fn=_instancecheck
43 58200
cfl=c:\Users\Pedro\faculdade\IniciacaoCientifica\grn\.env\Lib\site-packages\pandas\core\dtypes\generic.py
cfn=_check
calls=251 38
43 78700
cfl=~
cfn=<built-in method builtins.isinstance>
calls=24 0
43 2800

fl=c:\Users\Pedro\faculdade\IniciacaoCientifica\grn\.env\Lib\site-packages\pandas\core\dtypes\inference.py
fn=is_file_like
106 1600
cfl=~
cfn=<built-in method builtins.hasattr>
calls=8 0
106 1400

fl=c:\Users\Pedro\faculdade\IniciacaoCientifica\grn\.env\Lib\site-packages\pandas\core\dtypes\inference.py
fn=is_named_tuple
349 1700
cfl=~
cfn=<built-in method builtins.isinstance>
calls=2 0
349 9600

fl=c:\Users\Pedro\faculdade\IniciacaoCientifica\grn\.env\Lib\site-packages\pandas\core\dtypes\inference.py
fn=is_hashable
387 5600
cfl=~
cfn=<built-in method builtins.hash>
calls=17 0
387 3000

fl=c:\Users\Pedro\faculdade\IniciacaoCientifica\grn\.env\Lib\site-packages\pandas\core\dtypes\inference.py
fn=is_dataclass
485 4000
cfl=C:\Users\Pedro\AppData\Local\Python\pythoncore-3.14-64\Lib\dataclasses.py
cfn=is_dataclass
calls=2 1468
485 3700

fl=c:\Users\Pedro\faculdade\IniciacaoCientifica\grn\.env\Lib\site-packages\pandas\core\dtypes\missing.py
fn=isna
97 12400
cfl=c:\Users\Pedro\faculdade\IniciacaoCientifica\grn\.env\Lib\site-packages\pandas\core\dtypes\missing.py
cfn=_isna
calls=30 180
97 172400

fl=c:\Users\Pedro\faculdade\IniciacaoCientifica\grn\.env\Lib\site-packages\pandas\core\dtypes\missing.py
fn=_isna
180 28100
cfl=c:\Users\Pedro\faculdade\IniciacaoCientifica\grn\.env\Lib\site-packages\pandas\core\dtypes\missing.py
cfn=_isna_array
calls=30 223
180 123000
cfl=~
cfn=<built-in method builtins.isinstance>
calls=90 0
180 43000

fl=c:\Users\Pedro\faculdade\IniciacaoCientifica\grn\.env\Lib\site-packages\pandas\core\dtypes\missing.py
fn=_isna_array
223 40700
cfl=c:\Users\Pedro\faculdade\IniciacaoCientifica\grn\.env\Lib\site-packages\pandas\core\arrays\numpy_.py
cfn=dtype
calls=12 179
223 1100
cfl=c:\Users\Pedro\faculdade\IniciacaoCientifica\grn\.env\Lib\site-packages\pandas\core\arrays\numpy_.py
cfn=isna
calls=12 283
223 90200
cfl=c:\Users\Pedro\faculdade\IniciacaoCientifica\grn\.env\Lib\site-packages\pandas\core\dtypes\common.py
cfn=is_string_or_object_np_dtype
calls=18 603
223 5700
cfl=c:\Users\Pedro\faculdade\IniciacaoCientifica\grn\.env\Lib\site-packages\pandas\core\dtypes\missing.py
cfn=_isna_string_dtype
calls=14 260
223 42200
cfl=~
cfn=<built-in method builtins.isinstance>
calls=48 0
223 3600

fl=c:\Users\Pedro\faculdade\IniciacaoCientifica\grn\.env\Lib\site-packages\pandas\core\dtypes\missing.py
fn=_isna_string_dtype
260 42200

fl=c:\Users\Pedro\faculdade\IniciacaoCientifica\grn\.env\Lib\site-packages\pandas\core\flags.py
fn=__init__
63 4900

fl=c:\Users\Pedro\faculdade\IniciacaoCientifica\grn\.env\Lib\site-packages\pandas\core\flags.py
fn=allows_duplicate_labels:67
67 300

fl=c:\Users\Pedro\faculdade\IniciacaoCientifica\grn\.env\Lib\site-packages\pandas\core\flags.py
fn=allows_duplicate_labels:99
99 1200

fl=c:\Users\Pedro\faculdade\IniciacaoCientifica\grn\.env\Lib\site-packages\pandas\core\frame.py
fn=_constructor_from_mgr
667 3800
cfl=c:\Users\Pedro\faculdade\IniciacaoCientifica\grn\.env\Lib\site-packages\pandas\core\generic.py
cfn=_from_mgr
calls=4 294
667 13900

fl=c:\Users\Pedro\faculdade\IniciacaoCientifica\grn\.env\Lib\site-packages\pandas\core\frame.py
fn=__init__
702 40500
cfl=c:\Users\Pedro\faculdade\IniciacaoCientifica\grn\.env\Lib\site-packages\pandas\core\dtypes\inference.py
cfn=is_dataclass
calls=2 485
702 7700
cfl=c:\Users\Pedro\faculdade\IniciacaoCientifica\grn\.env\Lib\site-packages\pandas\core\generic.py
cfn=__init__
calls=3 258
702 10900
cfl=c:\Users\Pedro\faculdade\IniciacaoCientifica\grn\.env\Lib\site-packages\pandas\core\internals\construction.py
cfn=arrays_to_mgr
calls=2 96
702 516100
cfl=c:\Users\Pedro\faculdade\IniciacaoCientifica\grn\.env\Lib\site-packages\pandas\core\internals\construction.py
cfn=dict_to_mgr
calls=1 375
702 523500
cfl=c:\Users\Pedro\faculdade\IniciacaoCientifica\grn\.env\Lib\site-packages\pandas\core\internals\construction.py
cfn=nested_data_to_arrays
calls=2 463
702 808400
cfl=c:\Users\Pedro\faculdade\IniciacaoCientifica\grn\.env\Lib\site-packages\pandas\core\internals\construction.py
cfn=treat_as_nested
calls=2 489
702 13500
cfl=~
cfn=<built-in method builtins.isinstance>
calls=30 0
702 8700
cfl=~
cfn=<built-in method builtins.len>
calls=2 0
702 500

fl=c:\Users\Pedro\faculdade\IniciacaoCientifica\grn\.env\Lib\site-packages\pandas\core\frame.py
fn=_get_values_for_csv
1386 3800
cfl=c:\Users\Pedro\faculdade\IniciacaoCientifica\grn\.env\Lib\site-packages\pandas\core\frame.py
cfn=_constructor_from_mgr
calls=2 667
1386 8300
cfl=c:\Users\Pedro\faculdade\IniciacaoCientifica\grn\.env\Lib\site-packages\pandas\core\internals\managers.py
cfn=get_values_for_csv
calls=2 622
1386 648800

fl=c:\Users\Pedro\faculdade\IniciacaoCientifica\grn\.env\Lib\site-packages\pandas\core\frame.py
fn=_get_column_array
4316 6500
cfl=c:\Users\Pedro\faculdade\IniciacaoCientifica\grn\.env\Lib\site-packages\pandas\core\internals\managers.py
cfn=iget_values
calls=24 1227
4316 54000

fl=c:\Users\Pedro\faculdade\IniciacaoCientifica\grn\.env\Lib\site-packages\pandas\core\frame.py
fn=_iter_column_arrays
4326 8300
cfl=c:\Users\Pedro\faculdade\IniciacaoCientifica\grn\.env\Lib\site-packages\pandas\core\frame.py
cfn=_get_column_array
calls=24 4316
4326 60500
cfl=~
cfn=<built-in method builtins.len>
calls=2 0
4326 1900

fl=c:\Users\Pedro\faculdade\IniciacaoCientifica\grn\.env\Lib\site-packages\pandas\core\generic.py
fn=__init__
258 15200
cfl=c:\Users\Pedro\faculdade\IniciacaoCientifica\grn\.env\Lib\site-packages\pandas\core\flags.py
cfn=__init__
calls=7 63
258 4900

fl=c:\Users\Pedro\faculdade\IniciacaoCientifica\grn\.env\Lib\site-packages\pandas\core\generic.py
fn=_from_mgr
294 3000
cfl=c:\Users\Pedro\faculdade\IniciacaoCientifica\grn\.env\Lib\site-packages\pandas\core\generic.py
cfn=__init__
calls=4 258
294 9200
cfl=~
cfn=<built-in method __new__ of type object at 0x00007FFE69354D90>
calls=4 0
294 1700

fl=c:\Users\Pedro\faculdade\IniciacaoCientifica\grn\.env\Lib\site-packages\pandas\core\generic.py
fn=attrs
318 200

fl=c:\Users\Pedro\faculdade\IniciacaoCientifica\grn\.env\Lib\site-packages\pandas\core\generic.py
fn=flags
360 700

fl=c:\Users\Pedro\faculdade\IniciacaoCientifica\grn\.env\Lib\site-packages\pandas\core\generic.py
fn=_get_axis_number
519 1300

fl=c:\Users\Pedro\faculdade\IniciacaoCientifica\grn\.env\Lib\site-packages\pandas\core\generic.py
fn=_get_axis
535 3400
cfl=c:\Users\Pedro\faculdade\IniciacaoCientifica\grn\.env\Lib\site-packages\pandas\core\generic.py
cfn=_get_axis_number
calls=2 519
535 1100

fl=c:\Users\Pedro\faculdade\IniciacaoCientifica\grn\.env\Lib\site-packages\pandas\core\generic.py
fn=_get_block_manager_axis
541 1700
cfl=c:\Users\Pedro\faculdade\IniciacaoCientifica\grn\.env\Lib\site-packages\pandas\core\generic.py
cfn=_get_axis_number
calls=2 519
541 200

fl=c:\Users\Pedro\faculdade\IniciacaoCientifica\grn\.env\Lib\site-packages\pandas\core\generic.py
fn=to_csv
3795 19000
cfl=c:\Users\Pedro\faculdade\IniciacaoCientifica\grn\.env\Lib\site-packages\pandas\io\formats\format.py
cfn=__init__:425
calls=2 425
3795 72700
cfl=c:\Users\Pedro\faculdade\IniciacaoCientifica\grn\.env\Lib\site-packages\pandas\io\formats\format.py
cfn=__init__:892
calls=2 892
3795 700
cfl=c:\Users\Pedro\faculdade\IniciacaoCientifica\grn\.env\Lib\site-packages\pandas\io\formats\format.py
cfn=to_csv
calls=2 976
3795 2811800
cfl=~
cfn=<built-in method builtins.isinstance>
calls=2 0
3795 4600

fl=c:\Users\Pedro\faculdade\IniciacaoCientifica\grn\.env\Lib\site-packages\pandas\core\generic.py
fn=_slice
4308 35500
cfl=c:\Users\Pedro\faculdade\IniciacaoCientifica\grn\.env\Lib\site-packages\pandas\core\frame.py
cfn=_constructor_from_mgr
calls=2 667
4308 9400
cfl=c:\Users\Pedro\faculdade\IniciacaoCientifica\grn\.env\Lib\site-packages\pandas\core\generic.py
cfn=_get_block_manager_axis
calls=2 541
4308 1900
cfl=c:\Users\Pedro\faculdade\IniciacaoCientifica\grn\.env\Lib\site-packages\pandas\core\generic.py
cfn=__finalize__
calls=2 6131
4308 12600
cfl=c:\Users\Pedro\faculdade\IniciacaoCientifica\grn\.env\Lib\site-packages\pandas\core\indexes\base.py
cfn=view
calls=2 1033
4308 15200
cfl=c:\Users\Pedro\faculdade\IniciacaoCientifica\grn\.env\Lib\site-packages\pandas\core\indexes\range.py
cfn=_getitem_slice
calls=2 1311
4308 6800
cfl=c:\Users\Pedro\faculdade\IniciacaoCientifica\grn\.env\Lib\site-packages\pandas\core\internals\blocks.py
cfn=slice_block_rows
calls=10 2081
4308 85900
cfl=c:\Users\Pedro\faculdade\IniciacaoCientifica\grn\.env\Lib\site-packages\pandas\core\internals\managers.py
cfn=__init__
calls=2 1095
4308 400
cfl=~
cfn=<built-in method builtins.isinstance>
calls=2 0
4308 200

fl=c:\Users\Pedro\faculdade\IniciacaoCientifica\grn\.env\Lib\site-packages\pandas\core\generic.py
fn=__finalize__
6131 10000
cfl=c:\Users\Pedro\faculdade\IniciacaoCientifica\grn\.env\Lib\site-packages\pandas\core\flags.py
cfn=allows_duplicate_labels:67
calls=4 67
6131 300
cfl=c:\Users\Pedro\faculdade\IniciacaoCientifica\grn\.env\Lib\site-packages\pandas\core\flags.py
cfn=allows_duplicate_labels:99
calls=2 99
6131 1200
cfl=c:\Users\Pedro\faculdade\IniciacaoCientifica\grn\.env\Lib\site-packages\pandas\core\generic.py
cfn=attrs
calls=2 318
6131 200
cfl=c:\Users\Pedro\faculdade\IniciacaoCientifica\grn\.env\Lib\site-packages\pandas\core\generic.py
cfn=flags
calls=6 360
6131 700
cfl=~
cfn=<built-in method builtins.isinstance>
calls=2 0
6131 200

fl=c:\Users\Pedro\faculdade\IniciacaoCientifica\grn\.env\Lib\site-packages\pandas\core\indexers\utils.py
fn=getitem_returns_view
416 18500
cfl=c:\Users\Pedro\faculdade\IniciacaoCientifica\grn\.env\Lib\site-packages\pandas\core\indexers\utils.py
cfn=<genexpr>:425
calls=20 425
416 4000
cfl=c:\Users\Pedro\faculdade\IniciacaoCientifica\grn\.env\Lib\site-packages\pandas\core\indexers\utils.py
cfn=<genexpr>:432
calls=20 432
416 4300
cfl=~
cfn=<built-in method builtins.isinstance>
calls=10 0
416 1000

fl=c:\Users\Pedro\faculdade\IniciacaoCientifica\grn\.env\Lib\site-packages\pandas\core\indexers\utils.py
fn=<genexpr>:425
425 4000

fl=c:\Users\Pedro\faculdade\IniciacaoCientifica\grn\.env\Lib\site-packages\pandas\core\indexers\utils.py
fn=<genexpr>:432
432 3600
cfl=~
cfn=<built-in method builtins.isinstance>
calls=10 0
432 700

fl=c:\Users\Pedro\faculdade\IniciacaoCientifica\grn\.env\Lib\site-packages\pandas\core\indexers\utils.py
fn=check_array_indexer
441 6200

fl=c:\Users\Pedro\faculdade\IniciacaoCientifica\grn\.env\Lib\site-packages\pandas\core\indexes\api.py
fn=default_index
340 4100
cfl=c:\Users\Pedro\faculdade\IniciacaoCientifica\grn\.env\Lib\site-packages\pandas\core\indexes\range.py
cfn=_simple_new
calls=2 236
340 5000

fl=c:\Users\Pedro\faculdade\IniciacaoCientifica\grn\.env\Lib\site-packages\pandas\core\indexes\base.py
fn=__new__
486 53400
cfl=c:\Users\Pedro\faculdade\IniciacaoCientifica\grn\.env\Lib\site-packages\pandas\core\arrays\numpy_.py
cfn=dtype
calls=8 179
486 2200
cfl=c:\Users\Pedro\faculdade\IniciacaoCientifica\grn\.env\Lib\site-packages\pandas\core\construction.py
cfn=ensure_wrapped_if_datetimelike
calls=4 495
486 1600
cfl=c:\Users\Pedro\faculdade\IniciacaoCientifica\grn\.env\Lib\site-packages\pandas\core\construction.py
cfn=sanitize_array
calls=4 531
486 275800
cfl=c:\Users\Pedro\faculdade\IniciacaoCientifica\grn\.env\Lib\site-packages\pandas\core\dtypes\common.py
cfn=is_ea_or_datetimelike_dtype
calls=8 1547
486 4600
cfl=c:\Users\Pedro\faculdade\IniciacaoCientifica\grn\.env\Lib\site-packages\pandas\core\indexes\base.py
cfn=<genexpr>
calls=2 555
486 900
cfl=c:\Users\Pedro\faculdade\IniciacaoCientifica\grn\.env\Lib\site-packages\pandas\core\indexes\base.py
cfn=_ensure_array
calls=4 594
486 9100
cfl=c:\Users\Pedro\faculdade\IniciacaoCientifica\grn\.env\Lib\site-packages\pandas\core\indexes\base.py
cfn=_dtype_to_subclass
calls=4 612
486 14500
cfl=c:\Users\Pedro\faculdade\IniciacaoCientifica\grn\.env\Lib\site-packages\pandas\core\indexes\base.py
cfn=_simple_new
calls=4 652
486 21500
cfl=c:\Users\Pedro\faculdade\IniciacaoCientifica\grn\.env\Lib\site-packages\pandas\core\indexes\base.py
cfn=_maybe_copy_array_input
calls=4 5286
486 3700
cfl=c:\Users\Pedro\faculdade\IniciacaoCientifica\grn\.env\Lib\site-packages\pandas\core\indexes\base.py
cfn=maybe_extract_name
calls=4 8003
486 9600
cfl=~
cfn=<built-in method builtins.getattr>
calls=4 0
486 600
cfl=~
cfn=<built-in method builtins.hasattr>
calls=4 0
486 900
cfl=~
cfn=<built-in method builtins.isinstance>
calls=24 0
486 11300
cfl=~
cfn=<built-in method builtins.len>
calls=8 0
486 600

fl=c:\Users\Pedro\faculdade\IniciacaoCientifica\grn\.env\Lib\site-packages\pandas\core\indexes\base.py
fn=<genexpr>
555 800
cfl=~
cfn=<built-in method builtins.isinstance>
calls=1 0
555 100

fl=c:\Users\Pedro\faculdade\IniciacaoCientifica\grn\.env\Lib\site-packages\pandas\core\indexes\base.py
fn=_ensure_array
594 4400
cfl=c:\Users\Pedro\faculdade\IniciacaoCientifica\grn\.env\Lib\site-packages\pandas\core\arrays\string_.py
cfn=__eq__
calls=4 236
594 4700

fl=c:\Users\Pedro\faculdade\IniciacaoCientifica\grn\.env\Lib\site-packages\pandas\core\indexes\base.py
fn=_dtype_to_subclass
612 5900
cfl=c:\Users\Pedro\faculdade\IniciacaoCientifica\grn\.env\Lib\site-packages\pandas\core\dtypes\base.py
cfn=index_class
calls=4 416
612 8200
cfl=~
cfn=<built-in method builtins.isinstance>
calls=4 0
612 400

fl=c:\Users\Pedro\faculdade\IniciacaoCientifica\grn\.env\Lib\site-packages\pandas\core\indexes\base.py
fn=_simple_new
652 17700
cfl=c:\Users\Pedro\faculdade\IniciacaoCientifica\grn\.env\Lib\site-packages\pandas\core\indexes\base.py
cfn=_reset_identity
calls=8 837
652 9900
cfl=~
cfn=<built-in method __new__ of type object at 0x00007FFE69354D90>
calls=8 0
652 2400
cfl=~
cfn=<built-in method builtins.isinstance>
calls=8 0
652 1300

fl=c:\Users\Pedro\faculdade\IniciacaoCientifica\grn\.env\Lib\site-packages\pandas\core\indexes\base.py
fn=_view
779 5400
cfl=c:\Users\Pedro\faculdade\IniciacaoCientifica\grn\.env\Lib\site-packages\pandas\core\indexes\base.py
cfn=_simple_new
calls=4 652
779 9800
cfl=c:\Users\Pedro\faculdade\IniciacaoCientifica\grn\.env\Lib\site-packages\pandas\core\indexes\base.py
cfn=_values
calls=4 5101
779 1000

fl=c:\Users\Pedro\faculdade\IniciacaoCientifica\grn\.env\Lib\site-packages\pandas\core\indexes\base.py
fn=_reset_identity
837 13100

fl=c:\Users\Pedro\faculdade\IniciacaoCientifica\grn\.env\Lib\site-packages\pandas\core\indexes\base.py
fn=_engine
849 13000
cfl=C:\Users\Pedro\AppData\Local\Python\pythoncore-3.14-64\Lib\typing.py
cfn=cast
calls=1 2300
849 100
cfl=c:\Users\Pedro\faculdade\IniciacaoCientifica\grn\.env\Lib\site-packages\pandas\core\arrays\string_.py
cfn=na_value
calls=1 150
849 200
cfl=c:\Users\Pedro\faculdade\IniciacaoCientifica\grn\.env\Lib\site-packages\pandas\core\dtypes\common.py
cfn=is_object_dtype
calls=1 142
849 8000
cfl=c:\Users\Pedro\faculdade\IniciacaoCientifica\grn\.env\Lib\site-packages\pandas\core\dtypes\common.py
cfn=is_string_dtype
calls=1 610
849 8300
cfl=c:\Users\Pedro\faculdade\IniciacaoCientifica\grn\.env\Lib\site-packages\pandas\core\dtypes\common.py
cfn=needs_i8_conversion
calls=1 1204
849 900
cfl=c:\Users\Pedro\faculdade\IniciacaoCientifica\grn\.env\Lib\site-packages\pandas\core\indexes\base.py
cfn=dtype
calls=1 986
849 300
cfl=c:\Users\Pedro\faculdade\IniciacaoCientifica\grn\.env\Lib\site-packages\pandas\core\indexes\base.py
cfn=_values
calls=1 5101
849 100
cfl=c:\Users\Pedro\faculdade\IniciacaoCientifica\grn\.env\Lib\site-packages\pandas\core\indexes\base.py
cfn=_get_engine_target
calls=1 5127
849 700
cfl=~
cfn=<built-in method builtins.isinstance>
calls=2 0
849 200

fl=c:\Users\Pedro\faculdade\IniciacaoCientifica\grn\.env\Lib\site-packages\pandas\core\indexes\base.py
fn=__len__
918 3000
cfl=~
cfn=<built-in method builtins.len>
calls=10 0
918 1700

fl=c:\Users\Pedro\faculdade\IniciacaoCientifica\grn\.env\Lib\site-packages\pandas\core\indexes\base.py
fn=dtype
986 200
cfl=c:\Users\Pedro\faculdade\IniciacaoCientifica\grn\.env\Lib\site-packages\pandas\core\arrays\numpy_.py
cfn=dtype
calls=1 179
986 100

fl=c:\Users\Pedro\faculdade\IniciacaoCientifica\grn\.env\Lib\site-packages\pandas\core\indexes\base.py
fn=view
1033 9400
cfl=c:\Users\Pedro\faculdade\IniciacaoCientifica\grn\.env\Lib\site-packages\pandas\core\indexes\base.py
cfn=_view
calls=4 779
1033 16200
cfl=c:\Users\Pedro\faculdade\IniciacaoCientifica\grn\.env\Lib\site-packages\pandas\core\indexes\range.py
cfn=_view
calls=2 620
1033 4500
cfl=~
cfn=<built-in method builtins.isinstance>
calls=6 0
1033 500

fl=c:\Users\Pedro\faculdade\IniciacaoCientifica\grn\.env\Lib\site-packages\pandas\core\indexes\base.py
fn=_get_values_for_csv
1574 9200
cfl=c:\Users\Pedro\faculdade\IniciacaoCientifica\grn\.env\Lib\site-packages\pandas\core\indexes\base.py
cfn=_values
calls=2 5101
1574 100
cfl=c:\Users\Pedro\faculdade\IniciacaoCientifica\grn\.env\Lib\site-packages\pandas\core\indexes\base.py
cfn=get_values_for_csv
calls=2 8085
1574 167400

fl=c:\Users\Pedro\faculdade\IniciacaoCientifica\grn\.env\Lib\site-packages\pandas\core\indexes\base.py
fn=name
1779 900

fl=c:\Users\Pedro\faculdade\IniciacaoCientifica\grn\.env\Lib\site-packages\pandas\core\indexes\base.py
fn=get_loc
3601 19200
cfl=c:\Users\Pedro\faculdade\IniciacaoCientifica\grn\.env\Lib\site-packages\pandas\core\indexes\base.py
cfn=_engine
calls=1 849
3601 31800
cfl=c:\Users\Pedro\faculdade\IniciacaoCientifica\grn\.env\Lib\site-packages\pandas\core\indexes\base.py
cfn=_maybe_cast_indexer
calls=12 6814
3601 2000

fl=c:\Users\Pedro\faculdade\IniciacaoCientifica\grn\.env\Lib\site-packages\pandas\core\indexes\base.py
fn=_validate_positional_slice
4034 3000
cfl=c:\Users\Pedro\faculdade\IniciacaoCientifica\grn\.env\Lib\site-packages\pandas\core\indexes\base.py
cfn=_validate_indexer
calls=6 6852
4034 2700

fl=c:\Users\Pedro\faculdade\IniciacaoCientifica\grn\.env\Lib\site-packages\pandas\core\indexes\base.py
fn=_values
5101 1500

fl=c:\Users\Pedro\faculdade\IniciacaoCientifica\grn\.env\Lib\site-packages\pandas\core\indexes\base.py
fn=_get_engine_target
5127 500
cfl=c:\Users\Pedro\faculdade\IniciacaoCientifica\grn\.env\Lib\site-packages\pandas\core\indexes\base.py
cfn=_values
calls=1 5101
5127 100
cfl=~
cfn=<built-in method builtins.isinstance>
calls=1 0
5127 100

fl=c:\Users\Pedro\faculdade\IniciacaoCientifica\grn\.env\Lib\site-packages\pandas\core\indexes\base.py
fn=_maybe_copy_array_input
5286 3200
cfl=~
cfn=<built-in method builtins.isinstance>
calls=4 0
5286 500

fl=c:\Users\Pedro\faculdade\IniciacaoCientifica\grn\.env\Lib\site-packages\pandas\core\indexes\base.py
fn=_maybe_cast_indexer
6814 2000

fl=c:\Users\Pedro\faculdade\IniciacaoCientifica\grn\.env\Lib\site-packages\pandas\core\indexes\base.py
fn=_validate_indexer
6852 2700

fl=c:\Users\Pedro\faculdade\IniciacaoCientifica\grn\.env\Lib\site-packages\pandas\core\indexes\base.py
fn=ensure_index
7919 28700
cfl=c:\Users\Pedro\faculdade\IniciacaoCientifica\grn\.env\Lib\site-packages\pandas\core\dtypes\generic.py
cfn=_instancecheck
calls=6 43
7919 4700
cfl=c:\Users\Pedro\faculdade\IniciacaoCientifica\grn\.env\Lib\site-packages\pandas\core\indexes\base.py
cfn=__new__
calls=4 486
7919 410300
cfl=~
cfn=<built-in method builtins.isinstance>
calls=21 0
7919 8900

fl=c:\Users\Pedro\faculdade\IniciacaoCientifica\grn\.env\Lib\site-packages\pandas\core\indexes\base.py
fn=maybe_extract_name
8003 4900
cfl=c:\Users\Pedro\faculdade\IniciacaoCientifica\grn\.env\Lib\site-packages\pandas\core\dtypes\inference.py
cfn=is_hashable
calls=5 387
8003 2800
cfl=~
cfn=<built-in method builtins.isinstance>
calls=5 0
8003 5100

fl=c:\Users\Pedro\faculdade\IniciacaoCientifica\grn\.env\Lib\site-packages\pandas\core\indexes\base.py
fn=get_values_for_csv
8085 70300
cfl=c:\Users\Pedro\faculdade\IniciacaoCientifica\grn\.env\Lib\site-packages\pandas\core\arrays\numpy_.py
cfn=dtype
calls=36 179
8085 3600
cfl=c:\Users\Pedro\faculdade\IniciacaoCientifica\grn\.env\Lib\site-packages\pandas\core\arrays\string_.py
cfn=astype
calls=12 915
8085 367000
cfl=c:\Users\Pedro\faculdade\IniciacaoCientifica\grn\.env\Lib\site-packages\pandas\core\construction.py
cfn=ensure_wrapped_if_datetimelike
calls=18 495
8085 7900
cfl=c:\Users\Pedro\faculdade\IniciacaoCientifica\grn\.env\Lib\site-packages\pandas\core\dtypes\base.py
cfn=kind
calls=12 181
8085 1400
cfl=c:\Users\Pedro\faculdade\IniciacaoCientifica\grn\.env\Lib\site-packages\pandas\core\dtypes\missing.py
cfn=isna
calls=18 97
8085 181900
cfl=~
cfn=<built-in method builtins.isinstance>
calls=90 0
8085 9700
cfl=~
cfn=<built-in method numpy.array>
calls=6 0
8085 10500
cfl=~
cfn=<built-in method numpy.asarray>
calls=12 0
8085 2200
cfl=~
cfn=<method 'astype' of 'numpy.ndarray' objects>
calls=6 0
8085 2600

fl=c:\Users\Pedro\faculdade\IniciacaoCientifica\grn\.env\Lib\site-packages\pandas\core\indexes\range.py
fn=__new__
151 7400
cfl=c:\Users\Pedro\faculdade\IniciacaoCientifica\grn\.env\Lib\site-packages\pandas\core\common.py
cfn=all_none
calls=1 197
151 2200
cfl=c:\Users\Pedro\faculdade\IniciacaoCientifica\grn\.env\Lib\site-packages\pandas\core\dtypes\common.py
cfn=ensure_python_int
calls=2 96
151 1100
cfl=c:\Users\Pedro\faculdade\IniciacaoCientifica\grn\.env\Lib\site-packages\pandas\core\indexes\base.py
cfn=maybe_extract_name
calls=1 8003
151 3200
cfl=c:\Users\Pedro\faculdade\IniciacaoCientifica\grn\.env\Lib\site-packages\pandas\core\indexes\range.py
cfn=_simple_new
calls=1 236
151 2100
cfl=c:\Users\Pedro\faculdade\IniciacaoCientifica\grn\.env\Lib\site-packages\pandas\core\indexes\range.py
cfn=_validate_dtype
calls=1 251
151 100
cfl=~
cfn=<built-in method builtins.isinstance>
calls=2 0
151 300

fl=c:\Users\Pedro\faculdade\IniciacaoCientifica\grn\.env\Lib\site-packages\pandas\core\indexes\range.py
fn=_simple_new
236 7400
cfl=c:\Users\Pedro\faculdade\IniciacaoCientifica\grn\.env\Lib\site-packages\pandas\core\indexes\base.py
cfn=_reset_identity
calls=7 837
236 3200
cfl=~
cfn=<built-in method __new__ of type object at 0x00007FFE69354D90>
calls=7 0
236 1700
cfl=~
cfn=<built-in method builtins.isinstance>
calls=7 0
236 600

fl=c:\Users\Pedro\faculdade\IniciacaoCientifica\grn\.env\Lib\site-packages\pandas\core\indexes\range.py
fn=_validate_dtype
251 100

fl=c:\Users\Pedro\faculdade\IniciacaoCientifica\grn\.env\Lib\site-packages\pandas\core\indexes\range.py
fn=_view
620 1700
cfl=c:\Users\Pedro\faculdade\IniciacaoCientifica\grn\.env\Lib\site-packages\pandas\core\indexes\range.py
cfn=_simple_new
calls=2 236
620 2800

fl=c:\Users\Pedro\faculdade\IniciacaoCientifica\grn\.env\Lib\site-packages\pandas\core\indexes\range.py
fn=__len__
1265 15200
cfl=~
cfn=<built-in method builtins.len>
calls=76 0
1265 5700

fl=c:\Users\Pedro\faculdade\IniciacaoCientifica\grn\.env\Lib\site-packages\pandas\core\indexes\range.py
fn=_getitem_slice
1311 3800
cfl=c:\Users\Pedro\faculdade\IniciacaoCientifica\grn\.env\Lib\site-packages\pandas\core\indexes\range.py
cfn=_simple_new
calls=2 236
1311 3000

fl=c:\Users\Pedro\faculdade\IniciacaoCientifica\grn\.env\Lib\site-packages\pandas\core\indexing.py
fn=iloc
159 2300

fl=c:\Users\Pedro\faculdade\IniciacaoCientifica\grn\.env\Lib\site-packages\pandas\core\indexing.py
fn=_raise_callable_usage
1184 1900
cfl=~
cfn=<built-in method builtins.callable>
calls=2 0
1184 100

fl=c:\Users\Pedro\faculdade\IniciacaoCientifica\grn\.env\Lib\site-packages\pandas\core\indexing.py
fn=__getitem__
1192 12700
cfl=c:\Users\Pedro\faculdade\IniciacaoCientifica\grn\.env\Lib\site-packages\pandas\core\common.py
cfn=apply_if_callable
calls=2 377
1192 1900
cfl=c:\Users\Pedro\faculdade\IniciacaoCientifica\grn\.env\Lib\site-packages\pandas\core\indexing.py
cfn=_raise_callable_usage
calls=2 1184
1192 2000
cfl=c:\Users\Pedro\faculdade\IniciacaoCientifica\grn\.env\Lib\site-packages\pandas\core\indexing.py
cfn=_getitem_axis
calls=2 1740
1192 191700
cfl=c:\Users\Pedro\faculdade\IniciacaoCientifica\grn\.env\Lib\site-packages\pandas\core\indexing.py
cfn=check_dict_or_set_indexers
calls=2 2780
1192 3100

fl=c:\Users\Pedro\faculdade\IniciacaoCientifica\grn\.env\Lib\site-packages\pandas\core\indexing.py
fn=_getitem_axis
1740 3100
cfl=c:\Users\Pedro\faculdade\IniciacaoCientifica\grn\.env\Lib\site-packages\pandas\core\indexing.py
cfn=_get_slice_axis
calls=2 1777
1740 186600
cfl=~
cfn=<built-in method builtins.isinstance>
calls=4 0
1740 2000

fl=c:\Users\Pedro\faculdade\IniciacaoCientifica\grn\.env\Lib\site-packages\pandas\core\indexing.py
fn=_get_slice_axis
1777 7800
cfl=c:\Users\Pedro\faculdade\IniciacaoCientifica\grn\.env\Lib\site-packages\pandas\core\generic.py
cfn=_get_axis
calls=2 535
1777 4500
cfl=c:\Users\Pedro\faculdade\IniciacaoCientifica\grn\.env\Lib\site-packages\pandas\core\generic.py
cfn=_slice
calls=2 4308
1777 167900
cfl=c:\Users\Pedro\faculdade\IniciacaoCientifica\grn\.env\Lib\site-packages\pandas\core\indexes\base.py
cfn=_validate_positional_slice
calls=2 4034
1777 5700
cfl=c:\Users\Pedro\faculdade\IniciacaoCientifica\grn\.env\Lib\site-packages\pandas\core\indexing.py
cfn=need_slice
calls=2 2767
1777 700

fl=c:\Users\Pedro\faculdade\IniciacaoCientifica\grn\.env\Lib\site-packages\pandas\core\indexing.py
fn=need_slice
2767 700

fl=c:\Users\Pedro\faculdade\IniciacaoCientifica\grn\.env\Lib\site-packages\pandas\core\indexing.py
fn=check_dict_or_set_indexers
2780 2100
cfl=~
cfn=<built-in method builtins.isinstance>
calls=8 0
2780 1000

fl=c:\Users\Pedro\faculdade\IniciacaoCientifica\grn\.env\Lib\site-packages\pandas\core\internals\blocks.py
fn=is_extension
168 13000
cfl=c:\Users\Pedro\faculdade\IniciacaoCientifica\grn\.env\Lib\site-packages\pandas\core\arrays\numpy_.py
cfn=dtype
calls=20 179
168 1700

fl=c:\Users\Pedro\faculdade\IniciacaoCientifica\grn\.env\Lib\site-packages\pandas\core\internals\blocks.py
fn=_can_consolidate
173 6700
cfl=c:\Users\Pedro\faculdade\IniciacaoCientifica\grn\.env\Lib\site-packages\pandas\core\internals\blocks.py
cfn=is_extension
calls=16 168
173 7100

fl=c:\Users\Pedro\faculdade\IniciacaoCientifica\grn\.env\Lib\site-packages\pandas\core\internals\blocks.py
fn=make_block
228 20000
cfl=c:\Users\Pedro\faculdade\IniciacaoCientifica\grn\.env\Lib\site-packages\pandas\core\internals\blocks.py
cfn=is_extension
calls=16 168
228 7600
cfl=c:\Users\Pedro\faculdade\IniciacaoCientifica\grn\.env\Lib\site-packages\pandas\core\internals\blocks.py
cfn=new_block
calls=16 2258
228 26900
cfl=c:\Users\Pedro\faculdade\IniciacaoCientifica\grn\.env\Lib\site-packages\pandas\core\internals\blocks.py
cfn=ensure_block_shape
calls=10 2352
228 19200

fl=c:\Users\Pedro\faculdade\IniciacaoCientifica\grn\.env\Lib\site-packages\pandas\core\internals\blocks.py
fn=dtype
573 900

fl=c:\Users\Pedro\faculdade\IniciacaoCientifica\grn\.env\Lib\site-packages\pandas\core\internals\blocks.py
fn=get_values_for_csv
624 14500
cfl=c:\Users\Pedro\faculdade\IniciacaoCientifica\grn\.env\Lib\site-packages\pandas\core\indexes\base.py
cfn=get_values_for_csv
calls=16 8085
624 489700
cfl=c:\Users\Pedro\faculdade\IniciacaoCientifica\grn\.env\Lib\site-packages\pandas\core\internals\blocks.py
cfn=make_block
calls=16 228
624 73700

fl=c:\Users\Pedro\faculdade\IniciacaoCientifica\grn\.env\Lib\site-packages\pandas\core\internals\blocks.py
fn=iget
961 6300

fl=c:\Users\Pedro\faculdade\IniciacaoCientifica\grn\.env\Lib\site-packages\pandas\core\internals\blocks.py
fn=slice_block_rows
2081 18000
cfl=c:\Users\Pedro\faculdade\IniciacaoCientifica\grn\.env\Lib\site-packages\pandas\core\arrays\_mixins.py
cfn=__getitem__
calls=10 287
2081 67900

fl=c:\Users\Pedro\faculdade\IniciacaoCientifica\grn\.env\Lib\site-packages\pandas\core\internals\blocks.py
fn=maybe_coerce_values
2187 7800
cfl=c:\Users\Pedro\faculdade\IniciacaoCientifica\grn\.env\Lib\site-packages\pandas\core\construction.py
cfn=ensure_wrapped_if_datetimelike
calls=7 495
2187 2600
cfl=~
cfn=<built-in method builtins.isinstance>
calls=24 0
2187 2300
cfl=~
cfn=<built-in method builtins.issubclass>
calls=7 0
2187 600

fl=c:\Users\Pedro\faculdade\IniciacaoCientifica\grn\.env\Lib\site-packages\pandas\core\internals\blocks.py
fn=get_block_type
2216 23800
cfl=~
cfn=<built-in method builtins.isinstance>
calls=132 0
2216 8900

fl=c:\Users\Pedro\faculdade\IniciacaoCientifica\grn\.env\Lib\site-packages\pandas\core\internals\blocks.py
fn=new_block_2d
2245 14700
cfl=c:\Users\Pedro\faculdade\IniciacaoCientifica\grn\.env\Lib\site-packages\pandas\core\arrays\numpy_.py
cfn=dtype
calls=5 179
2245 500
cfl=c:\Users\Pedro\faculdade\IniciacaoCientifica\grn\.env\Lib\site-packages\pandas\core\internals\blocks.py
cfn=maybe_coerce_values
calls=12 2187
2245 13300
cfl=c:\Users\Pedro\faculdade\IniciacaoCientifica\grn\.env\Lib\site-packages\pandas\core\internals\blocks.py
cfn=get_block_type
calls=12 2216
2245 8300

fl=c:\Users\Pedro\faculdade\IniciacaoCientifica\grn\.env\Lib\site-packages\pandas\core\internals\blocks.py
fn=new_block
2258 14800
cfl=c:\Users\Pedro\faculdade\IniciacaoCientifica\grn\.env\Lib\site-packages\pandas\core\internals\blocks.py
cfn=get_block_type
calls=16 2216
2258 12100

fl=c:\Users\Pedro\faculdade\IniciacaoCientifica\grn\.env\Lib\site-packages\pandas\core\internals\blocks.py
fn=extend_blocks
2336 10100
cfl=~
cfn=<built-in method builtins.isinstance>
calls=32 0
2336 3300
cfl=~
cfn=<method 'append' of 'list' objects>
calls=16 0
2336 2400

fl=c:\Users\Pedro\faculdade\IniciacaoCientifica\grn\.env\Lib\site-packages\pandas\core\internals\blocks.py
fn=ensure_block_shape
2352 16800
cfl=C:\Users\Pedro\AppData\Local\Python\pythoncore-3.14-64\Lib\typing.py
cfn=cast
calls=17 2300
2352 1300
cfl=c:\Users\Pedro\faculdade\IniciacaoCientifica\grn\.env\Lib\site-packages\pandas\core\arrays\numpy_.py
cfn=dtype
calls=5 179
2352 600
cfl=c:\Users\Pedro\faculdade\IniciacaoCientifica\grn\.env\Lib\site-packages\pandas\core\dtypes\common.py
cfn=is_1d_only_ea_dtype
calls=22 1473
2352 8200
cfl=~
cfn=<method 'reshape' of 'numpy.ndarray' objects>
calls=17 0
2352 7500

fl=c:\Users\Pedro\faculdade\IniciacaoCientifica\grn\.env\Lib\site-packages\pandas\core\internals\construction.py
fn=arrays_to_mgr
96 11100
cfl=c:\Users\Pedro\faculdade\IniciacaoCientifica\grn\.env\Lib\site-packages\pandas\core\indexes\base.py
cfn=ensure_index
calls=6 7919
96 1800
cfl=c:\Users\Pedro\faculdade\IniciacaoCientifica\grn\.env\Lib\site-packages\pandas\core\internals\construction.py
cfn=_homogenize
calls=3 553
96 515900
cfl=c:\Users\Pedro\faculdade\IniciacaoCientifica\grn\.env\Lib\site-packages\pandas\core\internals\managers.py
cfn=create_block_manager_from_column_arrays
calls=3 2319
96 274800
cfl=~
cfn=<built-in method builtins.len>
calls=6 0
96 2200

fl=c:\Users\Pedro\faculdade\IniciacaoCientifica\grn\.env\Lib\site-packages\pandas\core\internals\construction.py
fn=dict_to_mgr
375 14700
cfl=c:\Users\Pedro\faculdade\IniciacaoCientifica\grn\.env\Lib\site-packages\pandas\core\arrays\base.py
cfn=__iter__
calls=13 559
375 10400
cfl=c:\Users\Pedro\faculdade\IniciacaoCientifica\grn\.env\Lib\site-packages\pandas\core\base.py
cfn=__iter__
calls=1 931
375 2100
cfl=c:\Users\Pedro\faculdade\IniciacaoCientifica\grn\.env\Lib\site-packages\pandas\core\indexes\base.py
cfn=get_loc
calls=12 3601
375 53000
cfl=c:\Users\Pedro\faculdade\IniciacaoCientifica\grn\.env\Lib\site-packages\pandas\core\indexes\base.py
cfn=ensure_index
calls=3 7919
375 152000
cfl=c:\Users\Pedro\faculdade\IniciacaoCientifica\grn\.env\Lib\site-packages\pandas\core\internals\construction.py
cfn=arrays_to_mgr
calls=1 96
375 289700
cfl=~
cfn=<built-in method builtins.len>
calls=1 0
375 1200
cfl=~
cfn=<method 'keys' of 'dict' objects>
calls=1 0
375 200
cfl=~
cfn=<method 'values' of 'dict' objects>
calls=1 0
375 200

fl=c:\Users\Pedro\faculdade\IniciacaoCientifica\grn\.env\Lib\site-packages\pandas\core\internals\construction.py
fn=nested_data_to_arrays
463 13200
cfl=c:\Users\Pedro\faculdade\IniciacaoCientifica\grn\.env\Lib\site-packages\pandas\core\dtypes\inference.py
cfn=is_named_tuple
calls=2 349
463 11300
cfl=c:\Users\Pedro\faculdade\IniciacaoCientifica\grn\.env\Lib\site-packages\pandas\core\indexes\api.py
cfn=default_index
calls=2 340
463 9100
cfl=c:\Users\Pedro\faculdade\IniciacaoCientifica\grn\.env\Lib\site-packages\pandas\core\indexes\base.py
cfn=ensure_index
calls=2 7919
463 800
cfl=c:\Users\Pedro\faculdade\IniciacaoCientifica\grn\.env\Lib\site-packages\pandas\core\internals\construction.py
cfn=to_arrays
calls=2 759
463 770400
cfl=~
cfn=<built-in method builtins.isinstance>
calls=2 0
463 3400
cfl=~
cfn=<built-in method builtins.len>
calls=2 0
463 200

fl=c:\Users\Pedro\faculdade\IniciacaoCientifica\grn\.env\Lib\site-packages\pandas\core\internals\construction.py
fn=treat_as_nested
489 13000
cfl=~
cfn=<built-in method builtins.getattr>
calls=2 0
489 300
cfl=~
cfn=<built-in method builtins.isinstance>
calls=2 0
489 200
cfl=~
cfn=<built-in method builtins.len>
calls=2 0
489 0

fl=c:\Users\Pedro\faculdade\IniciacaoCientifica\grn\.env\Lib\site-packages\pandas\core\internals\construction.py
fn=_homogenize
553 40800
cfl=c:\Users\Pedro\faculdade\IniciacaoCientifica\grn\.env\Lib\site-packages\pandas\core\common.py
cfn=require_length_match
calls=36 596
553 32100
cfl=c:\Users\Pedro\faculdade\IniciacaoCientifica\grn\.env\Lib\site-packages\pandas\core\construction.py
cfn=sanitize_array
calls=36 531
553 400500
cfl=~
cfn=<built-in method builtins.isinstance>
calls=72 0
553 32700
cfl=~
cfn=<method 'append' of 'list' objects>
calls=72 0
553 9800

fl=c:\Users\Pedro\faculdade\IniciacaoCientifica\grn\.env\Lib\site-packages\pandas\core\internals\construction.py
fn=to_arrays
759 11900
cfl=c:\Users\Pedro\faculdade\IniciacaoCientifica\grn\.env\Lib\site-packages\pandas\core\internals\construction.py
cfn=_list_of_dict_to_arrays
calls=2 858
759 335300
cfl=c:\Users\Pedro\faculdade\IniciacaoCientifica\grn\.env\Lib\site-packages\pandas\core\internals\construction.py
cfn=_finalize_columns_and_data
calls=2 900
759 418700
cfl=~
cfn=<built-in method builtins.isinstance>
calls=6 0
759 4100
cfl=~
cfn=<built-in method builtins.len>
calls=2 0
759 400

fl=c:\Users\Pedro\faculdade\IniciacaoCientifica\grn\.env\Lib\site-packages\pandas\core\internals\construction.py
fn=_list_of_dict_to_arrays
858 31000
cfl=c:\Users\Pedro\faculdade\IniciacaoCientifica\grn\.env\Lib\site-packages\pandas\core\indexes\base.py
cfn=ensure_index
calls=2 7919
858 298000
cfl=c:\Users\Pedro\faculdade\IniciacaoCientifica\grn\.env\Lib\site-packages\pandas\core\internals\construction.py
cfn=<genexpr>:886
calls=4 886
858 3500
cfl=c:\Users\Pedro\faculdade\IniciacaoCientifica\grn\.env\Lib\site-packages\pandas\core\internals\construction.py
cfn=<genexpr>:887
calls=4 887
858 2800

fl=c:\Users\Pedro\faculdade\IniciacaoCientifica\grn\.env\Lib\site-packages\pandas\core\internals\construction.py
fn=<genexpr>:886
886 2900
cfl=~
cfn=<method 'keys' of 'dict' objects>
calls=2 0
886 600

fl=c:\Users\Pedro\faculdade\IniciacaoCientifica\grn\.env\Lib\site-packages\pandas\core\internals\construction.py
fn=<genexpr>:887
887 2600
cfl=~
cfn=<built-in method builtins.isinstance>
calls=2 0
887 200

fl=c:\Users\Pedro\faculdade\IniciacaoCientifica\grn\.env\Lib\site-packages\pandas\core\internals\construction.py
fn=_finalize_columns_and_data
900 27300
cfl=c:\Users\Pedro\faculdade\IniciacaoCientifica\grn\.env\Lib\site-packages\pandas\core\internals\construction.py
cfn=_validate_or_indexify_columns
calls=2 922
900 7500
cfl=c:\Users\Pedro\faculdade\IniciacaoCientifica\grn\.env\Lib\site-packages\pandas\core\internals\construction.py
cfn=convert_object_array
calls=2 977
900 383900

fl=c:\Users\Pedro\faculdade\IniciacaoCientifica\grn\.env\Lib\site-packages\pandas\core\internals\construction.py
fn=_validate_or_indexify_columns
922 2600
cfl=~
cfn=<built-in method builtins.isinstance>
calls=2 0
922 1000
cfl=~
cfn=<built-in method builtins.len>
calls=4 0
922 3900

fl=c:\Users\Pedro\faculdade\IniciacaoCientifica\grn\.env\Lib\site-packages\pandas\core\internals\construction.py
fn=convert_object_array
977 10700
cfl=c:\Users\Pedro\faculdade\IniciacaoCientifica\grn\.env\Lib\site-packages\pandas\core\internals\construction.py
cfn=convert
calls=24 999
977 373200

fl=c:\Users\Pedro\faculdade\IniciacaoCientifica\grn\.env\Lib\site-packages\pandas\core\internals\construction.py
fn=convert
999 161800
cfl=c:\Users\Pedro\faculdade\IniciacaoCientifica\grn\.env\Lib\site-packages\numpy\_core\numeric.py
cfn=full
calls=44 323
999 67000
cfl=c:\Users\Pedro\faculdade\IniciacaoCientifica\grn\.env\Lib\site-packages\pandas\_config\__init__.py
cfn=using_string_dtype
calls=10 33
999 2400
cfl=c:\Users\Pedro\faculdade\IniciacaoCientifica\grn\.env\Lib\site-packages\pandas\core\arrays\string_.py
cfn=__init__
calls=10 197
999 77600
cfl=c:\Users\Pedro\faculdade\IniciacaoCientifica\grn\.env\Lib\site-packages\pandas\core\arrays\string_.py
cfn=construct_array_type
calls=10 312
999 11700
cfl=c:\Users\Pedro\faculdade\IniciacaoCientifica\grn\.env\Lib\site-packages\pandas\core\arrays\string_.py
cfn=_from_sequence
calls=10 756
999 50700
cfl=~
cfn=<built-in method builtins.isinstance>
calls=24 0
999 2000

fl=c:\Users\Pedro\faculdade\IniciacaoCientifica\grn\.env\Lib\site-packages\pandas\core\internals\managers.py
fn=shape
215 2700
cfl=c:\Users\Pedro\faculdade\IniciacaoCientifica\grn\.env\Lib\site-packages\pandas\core\internals\managers.py
cfn=<genexpr>
calls=6 217
215 4100

fl=c:\Users\Pedro\faculdade\IniciacaoCientifica\grn\.env\Lib\site-packages\pandas\core\internals\managers.py
fn=<genexpr>
217 1600
cfl=~
cfn=<built-in method builtins.len>
calls=4 0
217 2500

fl=c:\Users\Pedro\faculdade\IniciacaoCientifica\grn\.env\Lib\site-packages\pandas\core\internals\managers.py
fn=blknos
223 20000
cfl=c:\Users\Pedro\faculdade\IniciacaoCientifica\grn\.env\Lib\site-packages\pandas\core\internals\managers.py
cfn=shape
calls=2 215
223 6800

fl=c:\Users\Pedro\faculdade\IniciacaoCientifica\grn\.env\Lib\site-packages\pandas\core\internals\managers.py
fn=blklocs
239 2800

fl=c:\Users\Pedro\faculdade\IniciacaoCientifica\grn\.env\Lib\site-packages\pandas\core\internals\managers.py
fn=apply
399 26900
cfl=c:\Users\Pedro\faculdade\IniciacaoCientifica\grn\.env\Lib\site-packages\pandas\core\indexes\base.py
cfn=view
calls=4 1033
399 15400
cfl=c:\Users\Pedro\faculdade\IniciacaoCientifica\grn\.env\Lib\site-packages\pandas\core\internals\blocks.py
cfn=get_values_for_csv
calls=16 624
399 577900
cfl=c:\Users\Pedro\faculdade\IniciacaoCientifica\grn\.env\Lib\site-packages\pandas\core\internals\blocks.py
cfn=extend_blocks
calls=16 2336
399 15800
cfl=c:\Users\Pedro\faculdade\IniciacaoCientifica\grn\.env\Lib\site-packages\pandas\core\internals\managers.py
cfn=from_blocks
calls=2 1130
399 3400
cfl=~
cfn=<built-in method builtins.callable>
calls=16 0
399 1900
cfl=~
cfn=<built-in method builtins.getattr>
calls=16 0
399 2300

fl=c:\Users\Pedro\faculdade\IniciacaoCientifica\grn\.env\Lib\site-packages\pandas\core\internals\managers.py
fn=get_values_for_csv
622 5200
cfl=c:\Users\Pedro\faculdade\IniciacaoCientifica\grn\.env\Lib\site-packages\pandas\core\internals\managers.py
cfn=apply
calls=2 399
622 643600

fl=c:\Users\Pedro\faculdade\IniciacaoCientifica\grn\.env\Lib\site-packages\pandas\core\internals\managers.py
fn=__init__
1095 900

fl=c:\Users\Pedro\faculdade\IniciacaoCientifica\grn\.env\Lib\site-packages\pandas\core\internals\managers.py
fn=from_blocks
1130 3200
cfl=c:\Users\Pedro\faculdade\IniciacaoCientifica\grn\.env\Lib\site-packages\pandas\core\internals\managers.py
cfn=__init__
calls=2 1095
1130 200

fl=c:\Users\Pedro\faculdade\IniciacaoCientifica\grn\.env\Lib\site-packages\pandas\core\internals\managers.py
fn=iget_values
1227 18100
cfl=c:\Users\Pedro\faculdade\IniciacaoCientifica\grn\.env\Lib\site-packages\pandas\core\internals\blocks.py
cfn=iget
calls=24 961
1227 6300
cfl=c:\Users\Pedro\faculdade\IniciacaoCientifica\grn\.env\Lib\site-packages\pandas\core\internals\managers.py
cfn=blknos
calls=24 223
1227 26800
cfl=c:\Users\Pedro\faculdade\IniciacaoCientifica\grn\.env\Lib\site-packages\pandas\core\internals\managers.py
cfn=blklocs
calls=24 239
1227 2800

fl=c:\Users\Pedro\faculdade\IniciacaoCientifica\grn\.env\Lib\site-packages\pandas\core\internals\managers.py
fn=is_consolidated
1944 3800
cfl=c:\Users\Pedro\faculdade\IniciacaoCientifica\grn\.env\Lib\site-packages\pandas\core\internals\managers.py
cfn=_consolidate_check
calls=2 1952
1944 30200

fl=c:\Users\Pedro\faculdade\IniciacaoCientifica\grn\.env\Lib\site-packages\pandas\core\internals\managers.py
fn=_consolidate_check
1952 15000
cfl=c:\Users\Pedro\faculdade\IniciacaoCientifica\grn\.env\Lib\site-packages\pandas\core\internals\blocks.py
cfn=_can_consolidate
calls=16 173
1952 13800
cfl=c:\Users\Pedro\faculdade\IniciacaoCientifica\grn\.env\Lib\site-packages\pandas\core\internals\blocks.py
cfn=dtype
calls=6 573
1952 900
cfl=~
cfn=<built-in method builtins.len>
calls=6 0
1952 500

fl=c:\Users\Pedro\faculdade\IniciacaoCientifica\grn\.env\Lib\site-packages\pandas\core\internals\managers.py
fn=_consolidate_inplace
1962 1300
cfl=c:\Users\Pedro\faculdade\IniciacaoCientifica\grn\.env\Lib\site-packages\pandas\core\internals\managers.py
cfn=is_consolidated
calls=2 1944
1962 34000

fl=c:\Users\Pedro\faculdade\IniciacaoCientifica\grn\.env\Lib\site-packages\pandas\core\internals\managers.py
fn=create_block_manager_from_column_arrays
2319 15100
cfl=c:\Users\Pedro\faculdade\IniciacaoCientifica\grn\.env\Lib\site-packages\pandas\core\internals\managers.py
cfn=__init__
calls=3 1095
2319 300
cfl=c:\Users\Pedro\faculdade\IniciacaoCientifica\grn\.env\Lib\site-packages\pandas\core\internals\managers.py
cfn=_consolidate_inplace
calls=2 1962
2319 35300
cfl=c:\Users\Pedro\faculdade\IniciacaoCientifica\grn\.env\Lib\site-packages\pandas\core\internals\managers.py
cfn=_form_blocks
calls=3 2388
2319 224100

fl=c:\Users\Pedro\faculdade\IniciacaoCientifica\grn\.env\Lib\site-packages\pandas\core\internals\managers.py
fn=_grouping_func
2375 12200
cfl=c:\Users\Pedro\faculdade\IniciacaoCientifica\grn\.env\Lib\site-packages\pandas\core\arrays\numpy_.py
cfn=dtype
calls=10 179
2375 1500
cfl=c:\Users\Pedro\faculdade\IniciacaoCientifica\grn\.env\Lib\site-packages\pandas\core\dtypes\common.py
cfn=is_1d_only_ea_dtype
calls=24 1473
2375 10400
cfl=~
cfn=<built-in method builtins.id>
calls=10 0
2375 1400

fl=c:\Users\Pedro\faculdade\IniciacaoCientifica\grn\.env\Lib\site-packages\pandas\core\internals\managers.py
fn=_form_blocks
2388 62800
cfl=c:\Users\Pedro\faculdade\IniciacaoCientifica\grn\.env\Lib\site-packages\numpy\_core\_asarray.py
cfn=require
calls=6 22
2388 22000
cfl=c:\Users\Pedro\faculdade\IniciacaoCientifica\grn\.env\Lib\site-packages\pandas\core\dtypes\common.py
cfn=is_1d_only_ea_dtype
calls=10 1473
2388 4300
cfl=c:\Users\Pedro\faculdade\IniciacaoCientifica\grn\.env\Lib\site-packages\pandas\core\internals\blocks.py
cfn=get_block_type
calls=16 2216
2388 12300
cfl=c:\Users\Pedro\faculdade\IniciacaoCientifica\grn\.env\Lib\site-packages\pandas\core\internals\managers.py
cfn=_grouping_func
calls=12 2375
2388 16500
cfl=c:\Users\Pedro\faculdade\IniciacaoCientifica\grn\.env\Lib\site-packages\pandas\core\internals\managers.py
cfn=_tuples_to_blocks_no_consolidate
calls=1 2434
2388 61800
cfl=c:\Users\Pedro\faculdade\IniciacaoCientifica\grn\.env\Lib\site-packages\pandas\core\internals\managers.py
cfn=_stack_arrays
calls=6 2444
2388 38700
cfl=~
cfn=<built-in method builtins.isinstance>
calls=16 0
2388 2200
cfl=~
cfn=<built-in method builtins.issubclass>
calls=6 0
2388 700
cfl=~
cfn=<method 'append' of 'list' objects>
calls=6 0
2388 1000
cfl=~
cfn=<method 'extend' of 'list' objects>
calls=10 0
2388 1800

fl=c:\Users\Pedro\faculdade\IniciacaoCientifica\grn\.env\Lib\site-packages\pandas\core\internals\managers.py
fn=_tuples_to_blocks_no_consolidate
2434 9800
cfl=c:\Users\Pedro\faculdade\IniciacaoCientifica\grn\.env\Lib\site-packages\pandas\core\internals\blocks.py
cfn=new_block_2d
calls=12 2245
2434 36800
cfl=c:\Users\Pedro\faculdade\IniciacaoCientifica\grn\.env\Lib\site-packages\pandas\core\internals\blocks.py
cfn=ensure_block_shape
calls=12 2352
2434 15200

fl=c:\Users\Pedro\faculdade\IniciacaoCientifica\grn\.env\Lib\site-packages\pandas\core\internals\managers.py
fn=_stack_arrays
2444 26600
cfl=c:\Users\Pedro\faculdade\IniciacaoCientifica\grn\.env\Lib\site-packages\pandas\core\internals\managers.py
cfn=_grouping_func
calls=12 2375
2444 9000
cfl=~
cfn=<built-in method builtins.len>
calls=6 0
2444 500
cfl=~
cfn=<built-in method numpy.empty>
calls=6 0
2444 2600

fl=c:\Users\Pedro\faculdade\IniciacaoCientifica\grn\.env\Lib\site-packages\pandas\io\common.py
fn=close
126 5800
cfl=~
cfn=<method 'close' of '_io.TextIOWrapper' objects>
calls=3 0
126 178100

fl=c:\Users\Pedro\faculdade\IniciacaoCientifica\grn\.env\Lib\site-packages\pandas\io\common.py
fn=__enter__
143 300

fl=c:\Users\Pedro\faculdade\IniciacaoCientifica\grn\.env\Lib\site-packages\pandas\io\common.py
fn=__exit__
146 2600
cfl=c:\Users\Pedro\faculdade\IniciacaoCientifica\grn\.env\Lib\site-packages\pandas\io\common.py
cfn=close
calls=2 126
146 162000

fl=c:\Users\Pedro\faculdade\IniciacaoCientifica\grn\.env\Lib\site-packages\pandas\io\common.py
fn=is_url
155 5700
cfl=C:\Users\Pedro\AppData\Local\Python\pythoncore-3.14-64\Lib\urllib\parse.py
cfn=urlparse
calls=3 374
155 44900
cfl=~
cfn=<built-in method builtins.isinstance>
calls=3 0
155 300

fl=c:\Users\Pedro\faculdade\IniciacaoCientifica\grn\.env\Lib\site-packages\pandas\io\common.py
fn=_expand_user
181 9000
cfl=<frozen ntpath>
cfn=expanduser
calls=9 343
181 8900
cfl=~
cfn=<built-in method builtins.isinstance>
calls=9 0
181 800

fl=c:\Users\Pedro\faculdade\IniciacaoCientifica\grn\.env\Lib\site-packages\pandas\io\common.py
fn=validate_header_arg
200 1200
cfl=C:\Users\Pedro\AppData\Local\Python\pythoncore-3.14-64\Lib\typing.py
cfn=cast
calls=1 2300
200 100

fl=c:\Users\Pedro\faculdade\IniciacaoCientifica\grn\.env\Lib\site-packages\pandas\io\common.py
fn=stringify_path
241 5500
cfl=c:\Users\Pedro\faculdade\IniciacaoCientifica\grn\.env\Lib\site-packages\pandas\core\dtypes\inference.py
cfn=is_file_like
calls=3 106
241 2300
cfl=c:\Users\Pedro\faculdade\IniciacaoCientifica\grn\.env\Lib\site-packages\pandas\io\common.py
cfn=_expand_user
calls=6 181
241 14000
cfl=~
cfn=<built-in method builtins.isinstance>
calls=6 0
241 5400

fl=c:\Users\Pedro\faculdade\IniciacaoCientifica\grn\.env\Lib\site-packages\pandas\io\common.py
fn=is_fsspec_url
285 3400
cfl=~
cfn=<built-in method builtins.isinstance>
calls=3 0
285 200
cfl=~
cfn=<method 'match' of 're.Pattern' objects>
calls=3 0
285 2600

fl=c:\Users\Pedro\faculdade\IniciacaoCientifica\grn\.env\Lib\site-packages\pandas\io\common.py
fn=_get_filepath_or_buffer
297 25700
cfl=<string>
cfn=__init__:2
calls=3 2
297 2800
cfl=c:\Users\Pedro\faculdade\IniciacaoCientifica\grn\.env\Lib\site-packages\pandas\io\common.py
cfn=is_url
calls=3 155
297 50900
cfl=c:\Users\Pedro\faculdade\IniciacaoCientifica\grn\.env\Lib\site-packages\pandas\io\common.py
cfn=_expand_user
calls=3 181
297 4700
cfl=c:\Users\Pedro\faculdade\IniciacaoCientifica\grn\.env\Lib\site-packages\pandas\io\common.py
cfn=stringify_path
calls=3 241
297 19300
cfl=c:\Users\Pedro\faculdade\IniciacaoCientifica\grn\.env\Lib\site-packages\pandas\io\common.py
cfn=is_fsspec_url
calls=3 285
297 6200
cfl=c:\Users\Pedro\faculdade\IniciacaoCientifica\grn\.env\Lib\site-packages\pandas\io\common.py
cfn=get_compression_method
calls=3 539
297 3800
cfl=c:\Users\Pedro\faculdade\IniciacaoCientifica\grn\.env\Lib\site-packages\pandas\io\common.py
cfn=infer_compression
calls=3 574
297 29300
cfl=~
cfn=<built-in method builtins.isinstance>
calls=6 0
297 900

fl=c:\Users\Pedro\faculdade\IniciacaoCientifica\grn\.env\Lib\site-packages\pandas\io\common.py
fn=get_compression_method
539 1100
cfl=~
cfn=<built-in method builtins.isinstance>
calls=3 0
539 2700

fl=c:\Users\Pedro\faculdade\IniciacaoCientifica\grn\.env\Lib\site-packages\pandas\io\common.py
fn=infer_compression
574 14500
cfl=c:\Users\Pedro\faculdade\IniciacaoCientifica\grn\.env\Lib\site-packages\pandas\io\common.py
cfn=stringify_path
calls=3 241
574 7900
cfl=~
cfn=<built-in method builtins.isinstance>
calls=6 0
574 200
cfl=~
cfn=<method 'endswith' of 'str' objects>
calls=27 0
574 2400
cfl=~
cfn=<method 'items' of 'dict' objects>
calls=3 0
574 700
cfl=~
cfn=<method 'lower' of 'str' objects>
calls=27 0
574 3600

fl=c:\Users\Pedro\faculdade\IniciacaoCientifica\grn\.env\Lib\site-packages\pandas\io\common.py
fn=check_parent_directory
645 10800
cfl=C:\Users\Pedro\AppData\Local\Python\pythoncore-3.14-64\Lib\pathlib\__init__.py
cfn=__init__
calls=2 135
645 3400
cfl=C:\Users\Pedro\AppData\Local\Python\pythoncore-3.14-64\Lib\pathlib\__init__.py
cfn=parent
calls=2 381
645 42300
cfl=C:\Users\Pedro\AppData\Local\Python\pythoncore-3.14-64\Lib\pathlib\__init__.py
cfn=__new__
calls=2 632
645 2300
cfl=C:\Users\Pedro\AppData\Local\Python\pythoncore-3.14-64\Lib\pathlib\__init__.py
cfn=is_dir
calls=2 674
645 100800

fl=c:\Users\Pedro\faculdade\IniciacaoCientifica\grn\.env\Lib\site-packages\pandas\io\common.py
fn=get_handle
701 43000
cfl=<string>
cfn=__init__:2
calls=3 2
701 2100
cfl=c:\Users\Pedro\faculdade\IniciacaoCientifica\grn\.env\Lib\site-packages\pandas\io\common.py
cfn=_get_filepath_or_buffer
calls=3 297
701 143600
cfl=c:\Users\Pedro\faculdade\IniciacaoCientifica\grn\.env\Lib\site-packages\pandas\io\common.py
cfn=check_parent_directory
calls=2 645
701 159600
cfl=c:\Users\Pedro\faculdade\IniciacaoCientifica\grn\.env\Lib\site-packages\pandas\io\common.py
cfn=_maybe_memory_map
calls=3 1178
701 3100
cfl=c:\Users\Pedro\faculdade\IniciacaoCientifica\grn\.env\Lib\site-packages\pandas\io\common.py
cfn=_is_binary_mode
calls=6 1228
701 28700
cfl=~
cfn=<built-in method _codecs.lookup>
calls=3 0
701 2300
cfl=~
cfn=<built-in method _codecs.lookup_error>
calls=3 0
701 1400
cfl=~
cfn=<built-in method _io.open>
calls=3 0
701 4607600
cfl=~
cfn=<built-in method builtins.hasattr>
calls=1 0
701 500
cfl=~
cfn=<built-in method builtins.isinstance>
calls=9 0
701 800
cfl=~
cfn=<method 'append' of 'list' objects>
calls=3 0
701 900
cfl=~
cfn=<method 'pop' of 'dict' objects>
calls=3 0
701 700
cfl=~
cfn=<method 'reverse' of 'list' objects>
calls=3 0
701 700

fl=c:\Users\Pedro\faculdade\IniciacaoCientifica\grn\.env\Lib\site-packages\pandas\io\common.py
fn=_maybe_memory_map
1178 2600
cfl=~
cfn=<built-in method builtins.hasattr>
calls=3 0
1178 500
cfl=~
cfn=<built-in method builtins.isinstance>
calls=3 0
1178 0

fl=c:\Users\Pedro\faculdade\IniciacaoCientifica\grn\.env\Lib\site-packages\pandas\io\common.py
fn=_is_binary_mode
1228 12200
cfl=~
cfn=<built-in method builtins.getattr>
calls=6 0
1228 1300
cfl=~
cfn=<built-in method builtins.isinstance>
calls=6 0
1228 14100
cfl=~
cfn=<built-in method builtins.issubclass>
calls=6 0
1228 1100

fl=c:\Users\Pedro\faculdade\IniciacaoCientifica\grn\.env\Lib\site-packages\pandas\io\common.py
fn=is_potential_multi_index
1267 8300
cfl=c:\Users\Pedro\faculdade\IniciacaoCientifica\grn\.env\Lib\site-packages\pandas\io\common.py
cfn=<genexpr>
calls=4 1294
1267 2400
cfl=~
cfn=<built-in method builtins.isinstance>
calls=2 0
1267 2900
cfl=~
cfn=<built-in method builtins.len>
calls=2 0
1267 100

fl=c:\Users\Pedro\faculdade\IniciacaoCientifica\grn\.env\Lib\site-packages\pandas\io\common.py
fn=<genexpr>
1294 2100
cfl=~
cfn=<built-in method builtins.isinstance>
calls=2 0
1294 300

fl=c:\Users\Pedro\faculdade\IniciacaoCientifica\grn\.env\Lib\site-packages\pandas\io\common.py
fn=dedup_names
1298 5100

fl=c:\Users\Pedro\faculdade\IniciacaoCientifica\grn\.env\Lib\site-packages\pandas\io\formats\csvs.py
fn=<module>
1 17400
cfl=<frozen importlib._bootstrap>
cfn=_handle_fromlist
calls=1 1401
1 1500
cfl=C:\Users\Pedro\AppData\Local\Python\pythoncore-3.14-64\Lib\typing.py
cfn=__getattr__
calls=1 3827
1 2700
cfl=~
cfn=<built-in method builtins.__build_class__>
calls=1 0
1 25900

fl=c:\Users\Pedro\faculdade\IniciacaoCientifica\grn\.env\Lib\site-packages\pandas\io\formats\csvs.py
fn=CSVFormatter
56 9600

fl=c:\Users\Pedro\faculdade\IniciacaoCientifica\grn\.env\Lib\site-packages\pandas\io\formats\csvs.py
fn=__init__
59 11200
cfl=c:\Users\Pedro\faculdade\IniciacaoCientifica\grn\.env\Lib\site-packages\pandas\io\formats\csvs.py
cfn=_initialize_index_label
calls=2 121
59 13200
cfl=c:\Users\Pedro\faculdade\IniciacaoCientifica\grn\.env\Lib\site-packages\pandas\io\formats\csvs.py
cfn=_initialize_quotechar
calls=2 143
59 700
cfl=c:\Users\Pedro\faculdade\IniciacaoCientifica\grn\.env\Lib\site-packages\pandas\io\formats\csvs.py
cfn=_initialize_columns
calls=2 153
59 190300
cfl=c:\Users\Pedro\faculdade\IniciacaoCientifica\grn\.env\Lib\site-packages\pandas\io\formats\csvs.py
cfn=_initialize_chunksize
calls=2 174
59 1700

fl=c:\Users\Pedro\faculdade\IniciacaoCientifica\grn\.env\Lib\site-packages\pandas\io\formats\csvs.py
fn=na_rep
101 800

fl=c:\Users\Pedro\faculdade\IniciacaoCientifica\grn\.env\Lib\site-packages\pandas\io\formats\csvs.py
fn=float_format
105 600

fl=c:\Users\Pedro\faculdade\IniciacaoCientifica\grn\.env\Lib\site-packages\pandas\io\formats\csvs.py
fn=decimal
109 900

fl=c:\Users\Pedro\faculdade\IniciacaoCientifica\grn\.env\Lib\site-packages\pandas\io\formats\csvs.py
fn=header
113 1300

fl=c:\Users\Pedro\faculdade\IniciacaoCientifica\grn\.env\Lib\site-packages\pandas\io\formats\csvs.py
fn=index
117 1000

fl=c:\Users\Pedro\faculdade\IniciacaoCientifica\grn\.env\Lib\site-packages\pandas\io\formats\csvs.py
fn=_initialize_index_label
121 1800
cfl=c:\Users\Pedro\faculdade\IniciacaoCientifica\grn\.env\Lib\site-packages\pandas\io\formats\csvs.py
cfn=_get_index_label_from_obj
calls=2 130
121 11400

fl=c:\Users\Pedro\faculdade\IniciacaoCientifica\grn\.env\Lib\site-packages\pandas\io\formats\csvs.py
fn=_get_index_label_from_obj
130 3900
cfl=c:\Users\Pedro\faculdade\IniciacaoCientifica\grn\.env\Lib\site-packages\pandas\io\formats\csvs.py
cfn=_get_index_label_flat
calls=2 139
130 3300
cfl=~
cfn=<built-in method builtins.isinstance>
calls=2 0
130 4200

fl=c:\Users\Pedro\faculdade\IniciacaoCientifica\grn\.env\Lib\site-packages\pandas\io\formats\csvs.py
fn=_get_index_label_flat
139 2400
cfl=c:\Users\Pedro\faculdade\IniciacaoCientifica\grn\.env\Lib\site-packages\pandas\core\indexes\base.py
cfn=name
calls=2 1779
139 900

fl=c:\Users\Pedro\faculdade\IniciacaoCientifica\grn\.env\Lib\site-packages\pandas\io\formats\csvs.py
fn=_initialize_quotechar
143 700

fl=c:\Users\Pedro\faculdade\IniciacaoCientifica\grn\.env\Lib\site-packages\pandas\io\formats\csvs.py
fn=has_mi_columns
149 4700
cfl=~
cfn=<built-in method builtins.isinstance>
calls=6 0
149 6200

fl=c:\Users\Pedro\faculdade\IniciacaoCientifica\grn\.env\Lib\site-packages\pandas\io\formats\csvs.py
fn=_initialize_columns
153 5400
cfl=c:\Users\Pedro\faculdade\IniciacaoCientifica\grn\.env\Lib\site-packages\pandas\core\indexes\base.py
cfn=_get_values_for_csv
calls=2 1574
153 176700
cfl=c:\Users\Pedro\faculdade\IniciacaoCientifica\grn\.env\Lib\site-packages\pandas\io\formats\csvs.py
cfn=has_mi_columns
calls=2 149
153 3600
cfl=c:\Users\Pedro\faculdade\IniciacaoCientifica\grn\.env\Lib\site-packages\pandas\io\formats\csvs.py
cfn=_number_format
calls=2 179
153 4600

fl=c:\Users\Pedro\faculdade\IniciacaoCientifica\grn\.env\Lib\site-packages\pandas\io\formats\csvs.py
fn=_initialize_chunksize
174 1400
cfl=~
cfn=<built-in method builtins.len>
calls=2 0
174 300

fl=c:\Users\Pedro\faculdade\IniciacaoCientifica\grn\.env\Lib\site-packages\pandas\io\formats\csvs.py
fn=_number_format
179 5800
cfl=c:\Users\Pedro\faculdade\IniciacaoCientifica\grn\.env\Lib\site-packages\pandas\io\formats\csvs.py
cfn=na_rep
calls=4 101
179 800
cfl=c:\Users\Pedro\faculdade\IniciacaoCientifica\grn\.env\Lib\site-packages\pandas\io\formats\csvs.py
cfn=float_format
calls=4 105
179 600
cfl=c:\Users\Pedro\faculdade\IniciacaoCientifica\grn\.env\Lib\site-packages\pandas\io\formats\csvs.py
cfn=decimal
calls=4 109
179 900

fl=c:\Users\Pedro\faculdade\IniciacaoCientifica\grn\.env\Lib\site-packages\pandas\io\formats\csvs.py
fn=data_index
190 1900
cfl=~
cfn=<built-in method builtins.isinstance>
calls=4 0
190 6000

fl=c:\Users\Pedro\faculdade\IniciacaoCientifica\grn\.env\Lib\site-packages\pandas\io\formats\csvs.py
fn=nlevels
204 1800
cfl=c:\Users\Pedro\faculdade\IniciacaoCientifica\grn\.env\Lib\site-packages\pandas\io\formats\csvs.py
cfn=index
calls=4 117
204 700

fl=c:\Users\Pedro\faculdade\IniciacaoCientifica\grn\.env\Lib\site-packages\pandas\io\formats\csvs.py
fn=_has_aliases
211 4200
cfl=c:\Users\Pedro\faculdade\IniciacaoCientifica\grn\.env\Lib\site-packages\pandas\io\formats\csvs.py
cfn=header
calls=4 113
211 900
cfl=~
cfn=<built-in method builtins.isinstance>
calls=4 0
211 5700

fl=c:\Users\Pedro\faculdade\IniciacaoCientifica\grn\.env\Lib\site-packages\pandas\io\formats\csvs.py
fn=_need_to_save_header
215 2400
cfl=c:\Users\Pedro\faculdade\IniciacaoCientifica\grn\.env\Lib\site-packages\pandas\io\formats\csvs.py
cfn=header
calls=2 113
215 400
cfl=c:\Users\Pedro\faculdade\IniciacaoCientifica\grn\.env\Lib\site-packages\pandas\io\formats\csvs.py
cfn=_has_aliases
calls=2 211
215 7300

fl=c:\Users\Pedro\faculdade\IniciacaoCientifica\grn\.env\Lib\site-packages\pandas\io\formats\csvs.py
fn=write_cols
219 9800
cfl=C:\Users\Pedro\AppData\Local\Python\pythoncore-3.14-64\Lib\typing.py
cfn=inner
calls=2 396
219 2200
cfl=C:\Users\Pedro\AppData\Local\Python\pythoncore-3.14-64\Lib\typing.py
cfn=cast
calls=2 2300
219 200
cfl=c:\Users\Pedro\faculdade\IniciacaoCientifica\grn\.env\Lib\site-packages\pandas\io\formats\csvs.py
cfn=_has_aliases
calls=2 211
219 3500

fl=c:\Users\Pedro\faculdade\IniciacaoCientifica\grn\.env\Lib\site-packages\pandas\io\formats\csvs.py
fn=encoded_labels
233 11000
cfl=c:\Users\Pedro\faculdade\IniciacaoCientifica\grn\.env\Lib\site-packages\pandas\io\formats\csvs.py
cfn=index
calls=2 117
233 300
cfl=c:\Users\Pedro\faculdade\IniciacaoCientifica\grn\.env\Lib\site-packages\pandas\io\formats\csvs.py
cfn=has_mi_columns
calls=2 149
233 2300
cfl=c:\Users\Pedro\faculdade\IniciacaoCientifica\grn\.env\Lib\site-packages\pandas\io\formats\csvs.py
cfn=write_cols
calls=2 219
233 15700

fl=c:\Users\Pedro\faculdade\IniciacaoCientifica\grn\.env\Lib\site-packages\pandas\io\formats\csvs.py
fn=save
246 25000
cfl=c:\Users\Pedro\faculdade\IniciacaoCientifica\grn\.env\Lib\site-packages\pandas\io\common.py
cfn=__enter__
calls=2 143
246 300
cfl=c:\Users\Pedro\faculdade\IniciacaoCientifica\grn\.env\Lib\site-packages\pandas\io\common.py
cfn=__exit__
calls=2 146
246 164600
cfl=c:\Users\Pedro\faculdade\IniciacaoCientifica\grn\.env\Lib\site-packages\pandas\io\common.py
cfn=get_handle
calls=2 701
246 662900
cfl=c:\Users\Pedro\faculdade\IniciacaoCientifica\grn\.env\Lib\site-packages\pandas\io\formats\csvs.py
cfn=_save
calls=2 274
246 1091000
cfl=~
cfn=<built-in method _csv.writer>
calls=2 0
246 7000

fl=c:\Users\Pedro\faculdade\IniciacaoCientifica\grn\.env\Lib\site-packages\pandas\io\formats\csvs.py
fn=_save
274 5600
cfl=c:\Users\Pedro\faculdade\IniciacaoCientifica\grn\.env\Lib\site-packages\pandas\io\formats\csvs.py
cfn=_need_to_save_header
calls=2 215
274 10100
cfl=c:\Users\Pedro\faculdade\IniciacaoCientifica\grn\.env\Lib\site-packages\pandas\io\formats\csvs.py
cfn=_save_header
calls=2 279
274 46100
cfl=c:\Users\Pedro\faculdade\IniciacaoCientifica\grn\.env\Lib\site-packages\pandas\io\formats\csvs.py
cfn=_save_body
calls=2 307
274 1029200

fl=c:\Users\Pedro\faculdade\IniciacaoCientifica\grn\.env\Lib\site-packages\pandas\io\formats\csvs.py
fn=_save_header
279 6300
cfl=c:\Users\Pedro\faculdade\IniciacaoCientifica\grn\.env\Lib\site-packages\pandas\io\formats\csvs.py
cfn=has_mi_columns
calls=2 149
279 5000
cfl=c:\Users\Pedro\faculdade\IniciacaoCientifica\grn\.env\Lib\site-packages\pandas\io\formats\csvs.py
cfn=encoded_labels
calls=2 233
279 29300
cfl=~
cfn=<method 'writerow' of '_csv.writer' objects>
calls=2 0
279 5500

fl=c:\Users\Pedro\faculdade\IniciacaoCientifica\grn\.env\Lib\site-packages\pandas\io\formats\csvs.py
fn=_save_body
307 20400
cfl=c:\Users\Pedro\faculdade\IniciacaoCientifica\grn\.env\Lib\site-packages\pandas\io\formats\csvs.py
cfn=data_index
calls=2 190
307 7900
cfl=c:\Users\Pedro\faculdade\IniciacaoCientifica\grn\.env\Lib\site-packages\pandas\io\formats\csvs.py
cfn=_save_chunk
calls=2 317
307 998000
cfl=~
cfn=<built-in method builtins.len>
calls=2 0
307 2500
cfl=~
cfn=<built-in method builtins.min>
calls=2 0
307 400

fl=c:\Users\Pedro\faculdade\IniciacaoCientifica\grn\.env\Lib\site-packages\pandas\io\formats\csvs.py
fn=_save_chunk
317 45600
cfl=c:\Users\Pedro\faculdade\IniciacaoCientifica\grn\.env\Lib\site-packages\pandas\core\frame.py
cfn=_get_values_for_csv
calls=2 1386
317 660900
cfl=c:\Users\Pedro\faculdade\IniciacaoCientifica\grn\.env\Lib\site-packages\pandas\core\frame.py
cfn=_iter_column_arrays
calls=26 4326
317 70700
cfl=c:\Users\Pedro\faculdade\IniciacaoCientifica\grn\.env\Lib\site-packages\pandas\core\indexing.py
cfn=iloc
calls=2 159
317 2300
cfl=c:\Users\Pedro\faculdade\IniciacaoCientifica\grn\.env\Lib\site-packages\pandas\core\indexing.py
cfn=__getitem__
calls=2 1192
317 211400
cfl=c:\Users\Pedro\faculdade\IniciacaoCientifica\grn\.env\Lib\site-packages\pandas\io\formats\csvs.py
cfn=_number_format
calls=2 179
317 3500
cfl=c:\Users\Pedro\faculdade\IniciacaoCientifica\grn\.env\Lib\site-packages\pandas\io\formats\csvs.py
cfn=nlevels
calls=4 204
317 2500
cfl=~
cfn=<built-in method numpy.empty>
calls=2 0
317 1100

fl=c:\Users\Pedro\faculdade\IniciacaoCientifica\grn\.env\Lib\site-packages\pandas\io\formats\format.py
fn=__init__:425
425 22400
cfl=c:\Users\Pedro\faculdade\IniciacaoCientifica\grn\.env\Lib\site-packages\pandas\io\formats\format.py
cfn=_initialize_sparsify
calls=2 526
425 7500
cfl=c:\Users\Pedro\faculdade\IniciacaoCientifica\grn\.env\Lib\site-packages\pandas\io\formats\format.py
cfn=_initialize_formatters
calls=2 531
425 300
cfl=c:\Users\Pedro\faculdade\IniciacaoCientifica\grn\.env\Lib\site-packages\pandas\io\formats\format.py
cfn=_initialize_justify
calls=2 544
425 11800
cfl=c:\Users\Pedro\faculdade\IniciacaoCientifica\grn\.env\Lib\site-packages\pandas\io\formats\format.py
cfn=_initialize_columns
calls=2 550
425 1500
cfl=c:\Users\Pedro\faculdade\IniciacaoCientifica\grn\.env\Lib\site-packages\pandas\io\formats\format.py
cfn=_initialize_colspace
calls=2 558
425 300
cfl=c:\Users\Pedro\faculdade\IniciacaoCientifica\grn\.env\Lib\site-packages\pandas\io\formats\format.py
cfn=_calc_max_cols_fitted
calls=2 582
425 2800
cfl=c:\Users\Pedro\faculdade\IniciacaoCientifica\grn\.env\Lib\site-packages\pandas\io\formats\format.py
cfn=_calc_max_rows_fitted
calls=2 593
425 4100
cfl=c:\Users\Pedro\faculdade\IniciacaoCientifica\grn\.env\Lib\site-packages\pandas\io\formats\format.py
cfn=truncate
calls=2 650
425 4100
cfl=c:\Users\Pedro\faculdade\IniciacaoCientifica\grn\.env\Lib\site-packages\pandas\io\formats\format.py
cfn=_validate_float_format
calls=2 851
425 200
cfl=c:\Users\Pedro\faculdade\IniciacaoCientifica\grn\.env\Lib\site-packages\pandas\io\formats\printing.py
cfn=get_adjustment
calls=2 582
425 17700

fl=c:\Users\Pedro\faculdade\IniciacaoCientifica\grn\.env\Lib\site-packages\pandas\io\formats\format.py
fn=is_truncated_horizontally
494 700

fl=c:\Users\Pedro\faculdade\IniciacaoCientifica\grn\.env\Lib\site-packages\pandas\io\formats\format.py
fn=is_truncated_vertically
498 400

fl=c:\Users\Pedro\faculdade\IniciacaoCientifica\grn\.env\Lib\site-packages\pandas\io\formats\format.py
fn=_initialize_sparsify
526 600
cfl=c:\Users\Pedro\faculdade\IniciacaoCientifica\grn\.env\Lib\site-packages\pandas\_config\config.py
cfn=get_option
calls=2 143
526 6900

fl=c:\Users\Pedro\faculdade\IniciacaoCientifica\grn\.env\Lib\site-packages\pandas\io\formats\format.py
fn=_initialize_formatters
531 300

fl=c:\Users\Pedro\faculdade\IniciacaoCientifica\grn\.env\Lib\site-packages\pandas\io\formats\format.py
fn=_initialize_justify
544 1500
cfl=c:\Users\Pedro\faculdade\IniciacaoCientifica\grn\.env\Lib\site-packages\pandas\_config\config.py
cfn=get_option
calls=2 143
544 10300

fl=c:\Users\Pedro\faculdade\IniciacaoCientifica\grn\.env\Lib\site-packages\pandas\io\formats\format.py
fn=_initialize_columns
550 1500

fl=c:\Users\Pedro\faculdade\IniciacaoCientifica\grn\.env\Lib\site-packages\pandas\io\formats\format.py
fn=_initialize_colspace
558 300

fl=c:\Users\Pedro\faculdade\IniciacaoCientifica\grn\.env\Lib\site-packages\pandas\io\formats\format.py
fn=_calc_max_cols_fitted
582 1800
cfl=c:\Users\Pedro\faculdade\IniciacaoCientifica\grn\.env\Lib\site-packages\pandas\io\formats\format.py
cfn=_is_in_terminal
calls=2 626
582 1000

fl=c:\Users\Pedro\faculdade\IniciacaoCientifica\grn\.env\Lib\site-packages\pandas\io\formats\format.py
fn=_calc_max_rows_fitted
593 3000
cfl=c:\Users\Pedro\faculdade\IniciacaoCientifica\grn\.env\Lib\site-packages\pandas\io\formats\format.py
cfn=_adjust_max_rows
calls=2 612
593 200
cfl=c:\Users\Pedro\faculdade\IniciacaoCientifica\grn\.env\Lib\site-packages\pandas\io\formats\format.py
cfn=_is_in_terminal
calls=2 626
593 900

fl=c:\Users\Pedro\faculdade\IniciacaoCientifica\grn\.env\Lib\site-packages\pandas\io\formats\format.py
fn=_adjust_max_rows
612 200

fl=c:\Users\Pedro\faculdade\IniciacaoCientifica\grn\.env\Lib\site-packages\pandas\io\formats\format.py
fn=_is_in_terminal
626 1900

fl=c:\Users\Pedro\faculdade\IniciacaoCientifica\grn\.env\Lib\site-packages\pandas\io\formats\format.py
fn=truncate
650 3000
cfl=c:\Users\Pedro\faculdade\IniciacaoCientifica\grn\.env\Lib\site-packages\pandas\io\formats\format.py
cfn=is_truncated_horizontally
calls=2 494
650 700
cfl=c:\Users\Pedro\faculdade\IniciacaoCientifica\grn\.env\Lib\site-packages\pandas\io\formats\format.py
cfn=is_truncated_vertically
calls=2 498
650 400

fl=c:\Users\Pedro\faculdade\IniciacaoCientifica\grn\.env\Lib\site-packages\pandas\io\formats\format.py
fn=_validate_float_format
851 200

fl=c:\Users\Pedro\faculdade\IniciacaoCientifica\grn\.env\Lib\site-packages\pandas\io\formats\format.py
fn=__init__:892
892 700

fl=c:\Users\Pedro\faculdade\IniciacaoCientifica\grn\.env\Lib\site-packages\pandas\io\formats\format.py
fn=to_csv
976 13600
cfl=<frozen importlib._bootstrap>
cfn=_find_and_load
calls=1 1360
976 630300
cfl=c:\Users\Pedro\faculdade\IniciacaoCientifica\grn\.env\Lib\site-packages\pandas\io\formats\csvs.py
cfn=__init__
calls=2 59
976 217100
cfl=c:\Users\Pedro\faculdade\IniciacaoCientifica\grn\.env\Lib\site-packages\pandas\io\formats\csvs.py
cfn=save
calls=2 246
976 1950800

fl=c:\Users\Pedro\faculdade\IniciacaoCientifica\grn\.env\Lib\site-packages\pandas\io\formats\printing.py
fn=__init__
522 900
cfl=c:\Users\Pedro\faculdade\IniciacaoCientifica\grn\.env\Lib\site-packages\pandas\_config\config.py
cfn=get_option
calls=2 143
522 6100

fl=c:\Users\Pedro\faculdade\IniciacaoCientifica\grn\.env\Lib\site-packages\pandas\io\formats\printing.py
fn=get_adjustment
582 3600
cfl=c:\Users\Pedro\faculdade\IniciacaoCientifica\grn\.env\Lib\site-packages\pandas\_config\config.py
cfn=get_option
calls=2 143
582 7100
cfl=c:\Users\Pedro\faculdade\IniciacaoCientifica\grn\.env\Lib\site-packages\pandas\io\formats\printing.py
cfn=__init__
calls=2 522
582 7000

fl=c:\Users\Pedro\faculdade\IniciacaoCientifica\grn\.env\Lib\site-packages\pandas\io\parsers\base_parser.py
fn=__init__
99 13400
cfl=C:\Users\Pedro\AppData\Local\Python\pythoncore-3.14-64\Lib\copy.py
cfn=copy
calls=1 62
99 500
cfl=c:\Users\Pedro\faculdade\IniciacaoCientifica\grn\.env\Lib\site-packages\pandas\io\parsers\base_parser.py
cfn=_validate_usecols_arg
calls=1 921
99 300
cfl=~
cfn=<method 'get' of 'dict' objects>
calls=13 0
99 1500
cfl=~
cfn=<method 'pop' of 'dict' objects>
calls=5 0
99 1000

fl=c:\Users\Pedro\faculdade\IniciacaoCientifica\grn\.env\Lib\site-packages\pandas\io\parsers\base_parser.py
fn=_extract_multi_indexer_columns
189 600
cfl=~
cfn=<built-in method builtins.len>
calls=1 0
189 200

fl=c:\Users\Pedro\faculdade\IniciacaoCientifica\grn\.env\Lib\site-packages\pandas\io\parsers\base_parser.py
fn=_maybe_make_multi_index_columns
260 800
cfl=c:\Users\Pedro\faculdade\IniciacaoCientifica\grn\.env\Lib\site-packages\pandas\io\common.py
cfn=is_potential_multi_index
calls=1 1267
260 4100

fl=c:\Users\Pedro\faculdade\IniciacaoCientifica\grn\.env\Lib\site-packages\pandas\io\parsers\base_parser.py
fn=_make_index
272 1600
cfl=c:\Users\Pedro\faculdade\IniciacaoCientifica\grn\.env\Lib\site-packages\pandas\io\parsers\base_parser.py
cfn=_maybe_make_multi_index_columns
calls=1 260
272 4900
cfl=~
cfn=<built-in method builtins.isinstance>
calls=1 0
272 100

fl=c:\Users\Pedro\faculdade\IniciacaoCientifica\grn\.env\Lib\site-packages\pandas\io\parsers\base_parser.py
fn=_set_noconvert_dtype_columns
390 2500
cfl=~
cfn=<built-in method builtins.callable>
calls=1 0
390 100
cfl=~
cfn=<built-in method builtins.isinstance>
calls=1 0
390 200

fl=c:\Users\Pedro\faculdade\IniciacaoCientifica\grn\.env\Lib\site-packages\pandas\io\parsers\base_parser.py
fn=_do_date_conversions
579 300
cfl=~
cfn=<built-in method builtins.isinstance>
calls=1 0
579 200

fl=c:\Users\Pedro\faculdade\IniciacaoCientifica\grn\.env\Lib\site-packages\pandas\io\parsers\base_parser.py
fn=_check_data_length
607 800
cfl=~
cfn=<built-in method builtins.len>
calls=2 0
607 100

fl=c:\Users\Pedro\faculdade\IniciacaoCientifica\grn\.env\Lib\site-packages\pandas\io\parsers\base_parser.py
fn=is_index_col
871 400

fl=c:\Users\Pedro\faculdade\IniciacaoCientifica\grn\.env\Lib\site-packages\pandas\io\parsers\base_parser.py
fn=validate_parse_dates_presence
875 800
cfl=~
cfn=<built-in method builtins.isinstance>
calls=1 0
875 200

fl=c:\Users\Pedro\faculdade\IniciacaoCientifica\grn\.env\Lib\site-packages\pandas\io\parsers\base_parser.py
fn=_validate_usecols_arg
921 300

fl=c:\Users\Pedro\faculdade\IniciacaoCientifica\grn\.env\Lib\site-packages\pandas\io\parsers\base_parser.py
fn=evaluate_callable_usecols
984 800
cfl=~
cfn=<built-in method builtins.callable>
calls=1 0
984 300

fl=c:\Users\Pedro\faculdade\IniciacaoCientifica\grn\.env\Lib\site-packages\pandas\io\parsers\c_parser_wrapper.py
fn=__init__
65 86500
cfl=<frozen codecs>
cfn=decode
calls=2 322
65 2400
cfl=<frozen codecs>
cfn=getstate
calls=2 334
65 400
cfl=C:\Users\Pedro\AppData\Local\Python\pythoncore-3.14-64\Lib\enum.py
cfn=__get__
calls=1 187
65 1000
cfl=c:\Users\Pedro\faculdade\IniciacaoCientifica\grn\.env\Lib\site-packages\pandas\io\parsers\base_parser.py
cfn=__init__
calls=1 99
65 16700
cfl=c:\Users\Pedro\faculdade\IniciacaoCientifica\grn\.env\Lib\site-packages\pandas\io\parsers\base_parser.py
cfn=_extract_multi_indexer_columns
calls=1 189
65 800
cfl=c:\Users\Pedro\faculdade\IniciacaoCientifica\grn\.env\Lib\site-packages\pandas\io\parsers\base_parser.py
cfn=is_index_col
calls=1 871
65 200
cfl=c:\Users\Pedro\faculdade\IniciacaoCientifica\grn\.env\Lib\site-packages\pandas\io\parsers\base_parser.py
cfn=validate_parse_dates_presence
calls=1 875
65 1000
cfl=c:\Users\Pedro\faculdade\IniciacaoCientifica\grn\.env\Lib\site-packages\pandas\io\parsers\c_parser_wrapper.py
cfn=_set_noconvert_columns
calls=1 183
65 8800
cfl=c:\Users\Pedro\faculdade\IniciacaoCientifica\grn\.env\Lib\site-packages\pandas\io\parsers\c_parser_wrapper.py
cfn=ensure_dtype_objs
calls=1 377
65 1300
cfl=~
cfn=<method 'copy' of 'dict' objects>
calls=1 0
65 500
cfl=~
cfn=<method 'get' of 'dict' objects>
calls=1 0
65 100
cfl=~
cfn=<method 'pop' of 'dict' objects>
calls=5 0
65 800

fl=c:\Users\Pedro\faculdade\IniciacaoCientifica\grn\.env\Lib\site-packages\pandas\io\parsers\c_parser_wrapper.py
fn=close
176 3100

fl=c:\Users\Pedro\faculdade\IniciacaoCientifica\grn\.env\Lib\site-packages\pandas\io\parsers\c_parser_wrapper.py
fn=_set_noconvert_columns
183 6000
cfl=c:\Users\Pedro\faculdade\IniciacaoCientifica\grn\.env\Lib\site-packages\pandas\io\parsers\base_parser.py
cfn=_set_noconvert_dtype_columns
calls=1 390
183 2800

fl=c:\Users\Pedro\faculdade\IniciacaoCientifica\grn\.env\Lib\site-packages\pandas\io\parsers\c_parser_wrapper.py
fn=read
203 125400
cfl=<frozen codecs>
cfn=decode
calls=1 322
203 800
cfl=<frozen codecs>
cfn=getstate
calls=1 334
203 100
cfl=c:\Users\Pedro\faculdade\IniciacaoCientifica\grn\.env\Lib\site-packages\numpy\_core\multiarray.py
cfn=putmask
calls=5 1135
203 500
cfl=c:\Users\Pedro\faculdade\IniciacaoCientifica\grn\.env\Lib\site-packages\pandas\io\common.py
cfn=is_potential_multi_index
calls=1 1267
203 9600
cfl=c:\Users\Pedro\faculdade\IniciacaoCientifica\grn\.env\Lib\site-packages\pandas\io\common.py
cfn=dedup_names
calls=1 1298
203 5100
cfl=c:\Users\Pedro\faculdade\IniciacaoCientifica\grn\.env\Lib\site-packages\pandas\io\parsers\base_parser.py
cfn=_make_index
calls=1 272
203 6600
cfl=c:\Users\Pedro\faculdade\IniciacaoCientifica\grn\.env\Lib\site-packages\pandas\io\parsers\base_parser.py
cfn=_do_date_conversions
calls=1 579
203 500
cfl=c:\Users\Pedro\faculdade\IniciacaoCientifica\grn\.env\Lib\site-packages\pandas\io\parsers\base_parser.py
cfn=_check_data_length
calls=1 607
203 900
cfl=c:\Users\Pedro\faculdade\IniciacaoCientifica\grn\.env\Lib\site-packages\pandas\io\parsers\c_parser_wrapper.py
cfn=_filter_usecols
calls=1 328
203 2500
cfl=c:\Users\Pedro\faculdade\IniciacaoCientifica\grn\.env\Lib\site-packages\pandas\io\parsers\c_parser_wrapper.py
cfn=_concatenate_chunks
calls=1 336
203 56900
cfl=~
cfn=<built-in method builtins.sorted>
calls=1 0
203 1600
cfl=~
cfn=<method 'items' of 'dict' objects>
calls=1 0
203 200

fl=c:\Users\Pedro\faculdade\IniciacaoCientifica\grn\.env\Lib\site-packages\pandas\io\parsers\c_parser_wrapper.py
fn=_filter_usecols
328 1400
cfl=c:\Users\Pedro\faculdade\IniciacaoCientifica\grn\.env\Lib\site-packages\pandas\io\parsers\base_parser.py
cfn=evaluate_callable_usecols
calls=1 984
328 1100

fl=c:\Users\Pedro\faculdade\IniciacaoCientifica\grn\.env\Lib\site-packages\pandas\io\parsers\c_parser_wrapper.py
fn=_concatenate_chunks
336 24700
cfl=c:\Users\Pedro\faculdade\IniciacaoCientifica\grn\.env\Lib\site-packages\pandas\core\dtypes\concat.py
cfn=concat_compat
calls=12 52
336 24900
cfl=~
cfn=<built-in method builtins.isinstance>
calls=24 0
336 2500
cfl=~
cfn=<built-in method builtins.len>
calls=12 0
336 1200
cfl=~
cfn=<method 'keys' of 'dict' objects>
calls=1 0
336 300
cfl=~
cfn=<method 'pop' of 'dict' objects>
calls=12 0
336 1800
cfl=~
cfn=<method 'pop' of 'set' objects>
calls=12 0
336 1500

fl=c:\Users\Pedro\faculdade\IniciacaoCientifica\grn\.env\Lib\site-packages\pandas\io\parsers\c_parser_wrapper.py
fn=ensure_dtype_objs
377 900
cfl=~
cfn=<built-in method builtins.isinstance>
calls=2 0
377 400

fl=c:\Users\Pedro\faculdade\IniciacaoCientifica\grn\.env\Lib\site-packages\pandas\io\parsers\readers.py
fn=validate_integer
202 300

fl=c:\Users\Pedro\faculdade\IniciacaoCientifica\grn\.env\Lib\site-packages\pandas\io\parsers\readers.py
fn=_validate_names
234 200

fl=c:\Users\Pedro\faculdade\IniciacaoCientifica\grn\.env\Lib\site-packages\pandas\io\parsers\readers.py
fn=_read
258 19200
cfl=c:\Users\Pedro\faculdade\IniciacaoCientifica\grn\.env\Lib\site-packages\pandas\io\parsers\readers.py
cfn=validate_integer
calls=1 202
258 100
cfl=c:\Users\Pedro\faculdade\IniciacaoCientifica\grn\.env\Lib\site-packages\pandas\io\parsers\readers.py
cfn=_validate_names
calls=1 234
258 200
cfl=c:\Users\Pedro\faculdade\IniciacaoCientifica\grn\.env\Lib\site-packages\pandas\io\parsers\readers.py
cfn=__init__
calls=1 1600
258 4526300
cfl=c:\Users\Pedro\faculdade\IniciacaoCientifica\grn\.env\Lib\site-packages\pandas\io\parsers\readers.py
cfn=read
calls=1 1931
258 781700
cfl=c:\Users\Pedro\faculdade\IniciacaoCientifica\grn\.env\Lib\site-packages\pandas\io\parsers\readers.py
cfn=__enter__
calls=1 2014
258 100
cfl=c:\Users\Pedro\faculdade\IniciacaoCientifica\grn\.env\Lib\site-packages\pandas\io\parsers\readers.py
cfn=__exit__
calls=1 2017
258 29100
cfl=~
cfn=<built-in method builtins.isinstance>
calls=1 0
258 100
cfl=~
cfn=<method 'get' of 'dict' objects>
calls=8 0
258 1000

fl=c:\Users\Pedro\faculdade\IniciacaoCientifica\grn\.env\Lib\site-packages\pandas\io\parsers\readers.py
fn=read_csv
349 28200
cfl=c:\Users\Pedro\faculdade\IniciacaoCientifica\grn\.env\Lib\site-packages\pandas\io\parsers\readers.py
cfn=_read
calls=1 258
349 5357800
cfl=c:\Users\Pedro\faculdade\IniciacaoCientifica\grn\.env\Lib\site-packages\pandas\io\parsers\readers.py
cfn=_refine_defaults_read
calls=1 2156
349 5300
cfl=~
cfn=<built-in method builtins.locals>
calls=1 0
349 5400
cfl=~
cfn=<method 'copy' of 'dict' objects>
calls=1 0
349 400
cfl=~
cfn=<method 'update' of 'dict' objects>
calls=1 0
349 700

fl=c:\Users\Pedro\faculdade\IniciacaoCientifica\grn\.env\Lib\site-packages\pandas\io\parsers\readers.py
fn=__init__
1600 24400
cfl=c:\Users\Pedro\faculdade\IniciacaoCientifica\grn\.env\Lib\site-packages\pandas\io\parsers\readers.py
cfn=_get_options_with_defaults
calls=1 1652
1600 11100
cfl=c:\Users\Pedro\faculdade\IniciacaoCientifica\grn\.env\Lib\site-packages\pandas\io\parsers\readers.py
cfn=_check_file_or_buffer
calls=1 1698
1600 1900
cfl=c:\Users\Pedro\faculdade\IniciacaoCientifica\grn\.env\Lib\site-packages\pandas\io\parsers\readers.py
cfn=_clean_options
calls=1 1719
1600 17400
cfl=c:\Users\Pedro\faculdade\IniciacaoCientifica\grn\.env\Lib\site-packages\pandas\io\parsers\readers.py
cfn=_make_engine
calls=1 1871
1600 4469600
cfl=c:\Users\Pedro\faculdade\IniciacaoCientifica\grn\.env\Lib\site-packages\pandas\io\parsers\readers.py
cfn=_extract_dialect
calls=1 2269
1600 500
cfl=c:\Users\Pedro\faculdade\IniciacaoCientifica\grn\.env\Lib\site-packages\pandas\io\parsers\readers.py
cfn=_validate_skipfooter
calls=1 2371
1600 600
cfl=~
cfn=<method 'get' of 'dict' objects>
calls=4 0
1600 500
cfl=~
cfn=<method 'pop' of 'dict' objects>
calls=2 0
1600 300

fl=c:\Users\Pedro\faculdade\IniciacaoCientifica\grn\.env\Lib\site-packages\pandas\io\parsers\readers.py
fn=close
1647 2600
cfl=c:\Users\Pedro\faculdade\IniciacaoCientifica\grn\.env\Lib\site-packages\pandas\io\common.py
cfn=close
calls=1 126
1647 21900
cfl=c:\Users\Pedro\faculdade\IniciacaoCientifica\grn\.env\Lib\site-packages\pandas\io\parsers\c_parser_wrapper.py
cfn=close
calls=1 176
1647 3100

fl=c:\Users\Pedro\faculdade\IniciacaoCientifica\grn\.env\Lib\site-packages\pandas\io\parsers\readers.py
fn=_get_options_with_defaults
1652 7900
cfl=~
cfn=<method 'get' of 'dict' objects>
calls=34 0
1652 2800
cfl=~
cfn=<method 'items' of 'dict' objects>
calls=2 0
1652 400

fl=c:\Users\Pedro\faculdade\IniciacaoCientifica\grn\.env\Lib\site-packages\pandas\io\parsers\readers.py
fn=_check_file_or_buffer
1698 900
cfl=c:\Users\Pedro\faculdade\IniciacaoCientifica\grn\.env\Lib\site-packages\pandas\core\dtypes\inference.py
cfn=is_file_like
calls=1 106
1698 700
cfl=~
cfn=<built-in method builtins.hasattr>
calls=1 0
1698 300

fl=c:\Users\Pedro\faculdade\IniciacaoCientifica\grn\.env\Lib\site-packages\pandas\io\parsers\readers.py
fn=_clean_options
1719 13100
cfl=c:\Users\Pedro\faculdade\IniciacaoCientifica\grn\.env\Lib\site-packages\pandas\io\common.py
cfn=validate_header_arg
calls=1 200
1719 1300
cfl=c:\Users\Pedro\faculdade\IniciacaoCientifica\grn\.env\Lib\site-packages\pandas\io\parsers\base_parser.py
cfn=is_index_col
calls=1 871
1719 200
cfl=c:\Users\Pedro\faculdade\IniciacaoCientifica\grn\.env\Lib\site-packages\pandas\io\parsers\readers.py
cfn=_clean_na_values
calls=1 2079
1719 700
cfl=~
cfn=<built-in method builtins.isinstance>
calls=1 0
1719 300
cfl=~
cfn=<built-in method builtins.len>
calls=3 0
1719 400
cfl=~
cfn=<built-in method builtins.ord>
calls=1 0
1719 200
cfl=~
cfn=<built-in method sys.getfilesystemencoding>
calls=1 0
1719 400
cfl=~
cfn=<method 'copy' of 'dict' objects>
calls=1 0
1719 400
cfl=~
cfn=<method 'encode' of 'str' objects>
calls=1 0
1719 400

fl=c:\Users\Pedro\faculdade\IniciacaoCientifica\grn\.env\Lib\site-packages\pandas\io\parsers\readers.py
fn=_make_engine
1871 16300
cfl=c:\Users\Pedro\faculdade\IniciacaoCientifica\grn\.env\Lib\site-packages\pandas\io\common.py
cfn=get_handle
calls=1 701
1871 4332100
cfl=c:\Users\Pedro\faculdade\IniciacaoCientifica\grn\.env\Lib\site-packages\pandas\io\parsers\c_parser_wrapper.py
cfn=__init__
calls=1 65
1871 120500
cfl=~
cfn=<built-in method builtins.isinstance>
calls=1 0
1871 100
cfl=~
cfn=<method 'get' of 'dict' objects>
calls=6 0
1871 600

fl=c:\Users\Pedro\faculdade\IniciacaoCientifica\grn\.env\Lib\site-packages\pandas\io\parsers\readers.py
fn=read
1931 16300
cfl=c:\Users\Pedro\faculdade\IniciacaoCientifica\grn\.env\Lib\site-packages\pandas\core\frame.py
cfn=__init__
calls=1 702
1931 536400
cfl=c:\Users\Pedro\faculdade\IniciacaoCientifica\grn\.env\Lib\site-packages\pandas\core\indexes\range.py
cfn=__new__
calls=1 151
1931 16400
cfl=c:\Users\Pedro\faculdade\IniciacaoCientifica\grn\.env\Lib\site-packages\pandas\io\parsers\c_parser_wrapper.py
cfn=read
calls=1 203
1931 210700
cfl=c:\Users\Pedro\faculdade\IniciacaoCientifica\grn\.env\Lib\site-packages\pandas\io\parsers\readers.py
cfn=validate_integer
calls=1 202
1931 200
cfl=~
cfn=<built-in method builtins.hasattr>
calls=1 0
1931 300
cfl=~
cfn=<built-in method builtins.isinstance>
calls=1 0
1931 100
cfl=~
cfn=<built-in method builtins.iter>
calls=1 0
1931 400
cfl=~
cfn=<built-in method builtins.len>
calls=1 0
1931 200
cfl=~
cfn=<built-in method builtins.next>
calls=1 0
1931 300
cfl=~
cfn=<method 'get' of 'dict' objects>
calls=1 0
1931 200
cfl=~
cfn=<method 'values' of 'dict' objects>
calls=1 0
1931 200

fl=c:\Users\Pedro\faculdade\IniciacaoCientifica\grn\.env\Lib\site-packages\pandas\io\parsers\readers.py
fn=__enter__
2014 100

fl=c:\Users\Pedro\faculdade\IniciacaoCientifica\grn\.env\Lib\site-packages\pandas\io\parsers\readers.py
fn=__exit__
2017 1500
cfl=c:\Users\Pedro\faculdade\IniciacaoCientifica\grn\.env\Lib\site-packages\pandas\io\parsers\readers.py
cfn=close
calls=1 1647
2017 27600

fl=c:\Users\Pedro\faculdade\IniciacaoCientifica\grn\.env\Lib\site-packages\pandas\io\parsers\readers.py
fn=_clean_na_values
2079 700

fl=c:\Users\Pedro\faculdade\IniciacaoCientifica\grn\.env\Lib\site-packages\pandas\io\parsers\readers.py
fn=_refine_defaults_read
2156 5000
cfl=c:\Users\Pedro\faculdade\IniciacaoCientifica\grn\.env\Lib\site-packages\pandas\util\_validators.py
cfn=check_dtype_backend
calls=1 476
2156 300

fl=c:\Users\Pedro\faculdade\IniciacaoCientifica\grn\.env\Lib\site-packages\pandas\io\parsers\readers.py
fn=_extract_dialect
2269 300
cfl=~
cfn=<method 'get' of 'dict' objects>
calls=1 0
2269 200

fl=c:\Users\Pedro\faculdade\IniciacaoCientifica\grn\.env\Lib\site-packages\pandas\io\parsers\readers.py
fn=_validate_skipfooter
2371 500
cfl=~
cfn=<method 'get' of 'dict' objects>
calls=1 0
2371 100

fl=c:\Users\Pedro\faculdade\IniciacaoCientifica\grn\.env\Lib\site-packages\pandas\util\_validators.py
fn=check_dtype_backend
476 300

fl=c:\Users\Pedro\faculdade\IniciacaoCientifica\grn\.env\Lib\site-packages\scipy\_lib\_array_api_override.py
fn=array_namespace
69 4100

fl=c:\Users\Pedro\faculdade\IniciacaoCientifica\grn\.env\Lib\site-packages\scipy\_lib\_sparse.py
fn=issparse
10 1600
cfl=~
cfn=<built-in method builtins.isinstance>
calls=4 0
10 107300

fl=c:\Users\Pedro\faculdade\IniciacaoCientifica\grn\.env\Lib\site-packages\scipy\_lib\_util.py
fn=wrapper
291 9300
cfl=c:\Users\Pedro\faculdade\IniciacaoCientifica\grn\.env\Lib\site-packages\scipy\optimize\_differentialevolution.py
cfn=differential_evolution
calls=0 25
291 0
cfl=c:\Users\Pedro\faculdade\IniciacaoCientifica\grn\.env\Lib\site-packages\scipy\optimize\_differentialevolution.py
cfn=__exit__
calls=1 1553
291 900
cfl=~
cfn=<built-in method builtins.len>
calls=1 0
291 200
cfl=~
cfn=<method 'pop' of 'dict' objects>
calls=1 0
291 400

fl=c:\Users\Pedro\faculdade\IniciacaoCientifica\grn\.env\Lib\site-packages\scipy\_lib\_util.py
fn=check_random_state
393 73100
cfl=<frozen abc>
cfn=__instancecheck__
calls=1 117
393 6800
cfl=C:\Users\Pedro\AppData\Local\Python\pythoncore-3.14-64\Lib\random.py
cfn=getrandbits
calls=1 901
393 5100
cfl=C:\Users\Pedro\AppData\Local\Python\pythoncore-3.14-64\Lib\threading.py
cfn=RLock
calls=1 126
393 500
cfl=c:\Users\Pedro\faculdade\IniciacaoCientifica\grn\.env\Lib\site-packages\numpy\_core\_ufunc_config.py
cfn=inner
calls=1 496
393 51500
cfl=c:\Users\Pedro\faculdade\IniciacaoCientifica\grn\.env\Lib\site-packages\numpy\_core\multiarray.py
cfn=concatenate
calls=1 197
393 100
cfl=~
cfn=<built-in method builtins.isinstance>
calls=1 0
393 6000

fl=c:\Users\Pedro\faculdade\IniciacaoCientifica\grn\.env\Lib\site-packages\scipy\_lib\_util.py
fn=__init__:583
583 500

fl=c:\Users\Pedro\faculdade\IniciacaoCientifica\grn\.env\Lib\site-packages\scipy\_lib\_util.py
fn=__call__:587
587 15500
cfl=c:\Users\Pedro\faculdade\IniciacaoCientifica\grn\PythonCode\Modules\Methods.py
cfn=objective_function
calls=21 199
587 0
cfl=~
cfn=<built-in method builtins.print>
calls=1 0
587 32600

fl=c:\Users\Pedro\faculdade\IniciacaoCientifica\grn\.env\Lib\site-packages\scipy\_lib\_util.py
fn=__init__:595
595 700

fl=c:\Users\Pedro\faculdade\IniciacaoCientifica\grn\.env\Lib\site-packages\scipy\_lib\_util.py
fn=__call__:600
600 34200
cfl=c:\Users\Pedro\faculdade\IniciacaoCientifica\grn\.env\Lib\site-packages\numpy\_core\numeric.py
cfn=isscalar
calls=20 1975
600 9600
cfl=c:\Users\Pedro\faculdade\IniciacaoCientifica\grn\.env\Lib\site-packages\numpy\lib\_function_base_impl.py
cfn=_copy_dispatcher
calls=20 920
600 2300
cfl=c:\Users\Pedro\faculdade\IniciacaoCientifica\grn\.env\Lib\site-packages\numpy\lib\_function_base_impl.py
cfn=copy
calls=20 924
600 12800
cfl=c:\Users\Pedro\faculdade\IniciacaoCientifica\grn\.env\Lib\site-packages\scipy\optimize\_differentialevolution.py
cfn=_f
calls=20 1293
600 6526300

fl=c:\Users\Pedro\faculdade\IniciacaoCientifica\grn\.env\Lib\site-packages\scipy\_lib\_util.py
fn=__init__:633
633 3300
cfl=~
cfn=<built-in method builtins.callable>
calls=2 0
633 300

fl=c:\Users\Pedro\faculdade\IniciacaoCientifica\grn\.env\Lib\site-packages\scipy\_lib\_util.py
fn=__enter__
669 100

fl=c:\Users\Pedro\faculdade\IniciacaoCientifica\grn\.env\Lib\site-packages\scipy\_lib\_util.py
fn=__exit__
684 500

fl=c:\Users\Pedro\faculdade\IniciacaoCientifica\grn\.env\Lib\site-packages\scipy\_lib\_util.py
fn=__call__:689
689 28300
cfl=c:\Users\Pedro\faculdade\IniciacaoCientifica\grn\.env\Lib\site-packages\scipy\optimize\_differentialevolution.py
cfn=maplike_for_vectorized_func
calls=21 849
689 0

fl=c:\Users\Pedro\faculdade\IniciacaoCientifica\grn\.env\Lib\site-packages\scipy\_lib\_util.py
fn=rng_integers
722 19200
cfl=c:\Users\Pedro\faculdade\IniciacaoCientifica\grn\.env\Lib\site-packages\numpy\_core\fromnumeric.py
cfn=_prod_dispatcher
calls=1 3282
722 300
cfl=c:\Users\Pedro\faculdade\IniciacaoCientifica\grn\.env\Lib\site-packages\numpy\_core\fromnumeric.py
cfn=prod
calls=1 3287
722 9000
cfl=~
cfn=<built-in method builtins.isinstance>
calls=1 0
722 700

fl=c:\Users\Pedro\faculdade\IniciacaoCientifica\grn\.env\Lib\site-packages\scipy\_lib\_util.py
fn=__getattr__
1016 800

fl=c:\Users\Pedro\faculdade\IniciacaoCientifica\grn\.env\Lib\site-packages\scipy\_lib\array_api_compat\common\_helpers.py
fn=_check_device
683 10500
cfl=~
cfn=<method 'get' of 'dict' objects>
calls=23 0
683 3600

fl=c:\Users\Pedro\faculdade\IniciacaoCientifica\grn\.env\Lib\site-packages\scipy\_lib\array_api_compat\numpy\_aliases.py
fn=asarray
70 6000
cfl=c:\Users\Pedro\faculdade\IniciacaoCientifica\grn\.env\Lib\site-packages\scipy\_lib\array_api_compat\common\_helpers.py
cfn=_check_device
calls=2 683
70 1500
cfl=~
cfn=<built-in method numpy.array>
calls=2 0
70 8100

fl=c:\Users\Pedro\faculdade\IniciacaoCientifica\grn\.env\Lib\site-packages\scipy\_lib\array_api_compat\numpy\_aliases.py
fn=astype
97 12600
cfl=c:\Users\Pedro\faculdade\IniciacaoCientifica\grn\.env\Lib\site-packages\scipy\_lib\array_api_compat\common\_helpers.py
cfn=_check_device
calls=21 683
97 12600
cfl=~
cfn=<method 'astype' of 'numpy.ndarray' objects>
calls=21 0
97 13100

fl=c:\Users\Pedro\faculdade\IniciacaoCientifica\grn\.env\Lib\site-packages\scipy\_lib\array_api_extra\_delegation.py
fn=atleast_nd
34 6300
cfl=c:\Users\Pedro\faculdade\IniciacaoCientifica\grn\.env\Lib\site-packages\numpy\_core\shape_base.py
cfn=_atleast_1d_dispatcher
calls=2 15
34 200
cfl=c:\Users\Pedro\faculdade\IniciacaoCientifica\grn\.env\Lib\site-packages\numpy\_core\shape_base.py
cfn=atleast_1d
calls=2 19
34 2000
cfl=~
cfn=<built-in method builtins.getattr>
calls=2 0
34 1400

fl=c:\Users\Pedro\faculdade\IniciacaoCientifica\grn\.env\Lib\site-packages\scipy\integrate\_odepack_py.py
fn=odeint
31 2331300
cfl=C:\Users\Pedro\AppData\Local\Python\pythoncore-3.14-64\Lib\copy.py
cfn=copy
calls=1182 62
31 1585300
cfl=c:\Users\Pedro\faculdade\IniciacaoCientifica\grn\.env\Lib\site-packages\numba\core\dispatcher.py
cfn=error_rewrite
calls=1 352
31 2200
cfl=c:\Users\Pedro\faculdade\IniciacaoCientifica\grn\.env\Lib\site-packages\numba\core\typing\typeof.py
cfn=typeof
calls=5 27
31 79700
cfl=c:\Users\Pedro\faculdade\IniciacaoCientifica\grn\.env\Lib\site-packages\numpy\lib\_function_base_impl.py
cfn=_diff_dispatcher
calls=591 1398
31 91100
cfl=c:\Users\Pedro\faculdade\IniciacaoCientifica\grn\.env\Lib\site-packages\numpy\lib\_function_base_impl.py
cfn=diff
calls=591 1402
31 2951700
cfl=~
cfn=<built-in method builtins.isinstance>
calls=5 0
31 1300
cfl=~
cfn=<built-in method scipy.integrate._odepack.odeint>
calls=590 0
31 0
cfl=~
cfn=<method 'all' of 'numpy.ndarray' objects>
calls=591 0
31 1564500
cfl=~
cfn=<method 'clear' of 'set' objects>
calls=1 0
31 400

fl=c:\Users\Pedro\faculdade\IniciacaoCientifica\grn\.env\Lib\site-packages\scipy\optimize\_constraints.py
fn=_arr_to_scalar
16 7200
cfl=~
cfn=<built-in method builtins.isinstance>
calls=38 0
16 3400

fl=c:\Users\Pedro\faculdade\IniciacaoCientifica\grn\.env\Lib\site-packages\scipy\optimize\_constraints.py
fn=_input_validation
258 5200
cfl=c:\Users\Pedro\faculdade\IniciacaoCientifica\grn\.env\Lib\site-packages\numpy\lib\_stride_tricks_impl.py
cfn=_broadcast_arrays_dispatcher
calls=1 510
258 100
cfl=c:\Users\Pedro\faculdade\IniciacaoCientifica\grn\.env\Lib\site-packages\numpy\lib\_stride_tricks_impl.py
cfn=broadcast_arrays
calls=1 514
258 68000

fl=c:\Users\Pedro\faculdade\IniciacaoCientifica\grn\.env\Lib\site-packages\scipy\optimize\_constraints.py
fn=__init__
266 8400
cfl=c:\Users\Pedro\faculdade\IniciacaoCientifica\grn\.env\Lib\site-packages\numpy\_core\shape_base.py
cfn=_atleast_1d_dispatcher
calls=3 15
266 300
cfl=c:\Users\Pedro\faculdade\IniciacaoCientifica\grn\.env\Lib\site-packages\numpy\_core\shape_base.py
cfn=atleast_1d
calls=3 19
266 5500
cfl=c:\Users\Pedro\faculdade\IniciacaoCientifica\grn\.env\Lib\site-packages\scipy\_lib\_sparse.py
cfn=issparse
calls=3 10
266 73900
cfl=c:\Users\Pedro\faculdade\IniciacaoCientifica\grn\.env\Lib\site-packages\scipy\optimize\_constraints.py
cfn=_input_validation
calls=1 258
266 73300
cfl=~
cfn=<method 'astype' of 'numpy.ndarray' objects>
calls=1 0
266 1100

fl=c:\Users\Pedro\faculdade\IniciacaoCientifica\grn\.env\Lib\site-packages\scipy\optimize\_constraints.py
fn=new_bounds_to_old
419 107000
cfl=c:\Users\Pedro\faculdade\IniciacaoCientifica\grn\.env\Lib\site-packages\numpy\lib\_stride_tricks_impl.py
cfn=_broadcast_to_dispatcher
calls=2 396
419 200
cfl=c:\Users\Pedro\faculdade\IniciacaoCientifica\grn\.env\Lib\site-packages\numpy\lib\_stride_tricks_impl.py
cfn=broadcast_to
calls=2 400
419 11300

fl=c:\Users\Pedro\faculdade\IniciacaoCientifica\grn\.env\Lib\site-packages\scipy\optimize\_constraints.py
fn=old_bound_to_new
437 51700
cfl=c:\Users\Pedro\faculdade\IniciacaoCientifica\grn\.env\Lib\site-packages\scipy\optimize\_constraints.py
cfn=_arr_to_scalar
calls=38 16
437 10600
cfl=~
cfn=<built-in method numpy.array>
calls=2 0
437 4500

fl=c:\Users\Pedro\faculdade\IniciacaoCientifica\grn\.env\Lib\site-packages\scipy\optimize\_differentiable_functions.py
fn=__init__:20
20 1100

fl=c:\Users\Pedro\faculdade\IniciacaoCientifica\grn\.env\Lib\site-packages\scipy\optimize\_differentiable_functions.py
fn=__call__
35 10900
cfl=c:\Users\Pedro\faculdade\IniciacaoCientifica\grn\.env\Lib\site-packages\scipy\optimize\_numdiff.py
cfn=approx_derivative
calls=1 278
35 6595000
cfl=~
cfn=<built-in method builtins.callable>
calls=1 0
35 100

fl=c:\Users\Pedro\faculdade\IniciacaoCientifica\grn\.env\Lib\site-packages\scipy\optimize\_differentiable_functions.py
fn=__init__:57
57 6300
cfl=c:\Users\Pedro\faculdade\IniciacaoCientifica\grn\.env\Lib\site-packages\numpy\_core\shape_base.py
cfn=_atleast_2d_dispatcher
calls=1 74
57 100
cfl=c:\Users\Pedro\faculdade\IniciacaoCientifica\grn\.env\Lib\site-packages\numpy\_core\shape_base.py
cfn=atleast_2d
calls=1 78
57 2200
cfl=c:\Users\Pedro\faculdade\IniciacaoCientifica\grn\.env\Lib\site-packages\numpy\lib\_function_base_impl.py
cfn=_copy_dispatcher
calls=1 920
57 100
cfl=c:\Users\Pedro\faculdade\IniciacaoCientifica\grn\.env\Lib\site-packages\numpy\lib\_function_base_impl.py
cfn=copy
calls=1 924
57 800
cfl=c:\Users\Pedro\faculdade\IniciacaoCientifica\grn\.env\Lib\site-packages\scipy\_lib\_sparse.py
cfn=issparse
calls=1 10
57 35000
cfl=c:\Users\Pedro\faculdade\IniciacaoCientifica\grn\.env\Lib\site-packages\scipy\optimize\_optimize.py
cfn=hess
calls=1 299
57 200
cfl=~
cfn=<built-in method builtins.callable>
calls=1 0
57 100
cfl=~
cfn=<built-in method builtins.isinstance>
calls=1 0
57 100
cfl=~
cfn=<built-in method numpy.asarray>
calls=1 0
57 1300

fl=c:\Users\Pedro\faculdade\IniciacaoCientifica\grn\.env\Lib\site-packages\scipy\optimize\_differentiable_functions.py
fn=__init__:218
218 32500
cfl=c:\Users\Pedro\faculdade\IniciacaoCientifica\grn\.env\Lib\site-packages\numpy\_core\numerictypes.py
cfn=isdtype
calls=1 385
218 8400
cfl=c:\Users\Pedro\faculdade\IniciacaoCientifica\grn\.env\Lib\site-packages\scipy\_lib\_array_api_override.py
cfn=array_namespace
calls=1 69
218 600
cfl=c:\Users\Pedro\faculdade\IniciacaoCientifica\grn\.env\Lib\site-packages\scipy\_lib\_util.py
cfn=__init__:595
calls=1 595
218 700
cfl=c:\Users\Pedro\faculdade\IniciacaoCientifica\grn\.env\Lib\site-packages\scipy\_lib\array_api_compat\numpy\_aliases.py
cfn=asarray
calls=1 70
218 11500
cfl=c:\Users\Pedro\faculdade\IniciacaoCientifica\grn\.env\Lib\site-packages\scipy\_lib\array_api_compat\numpy\_aliases.py
cfn=astype
calls=1 97
218 2500
cfl=c:\Users\Pedro\faculdade\IniciacaoCientifica\grn\.env\Lib\site-packages\scipy\_lib\array_api_extra\_delegation.py
cfn=atleast_nd
calls=1 34
218 6000
cfl=c:\Users\Pedro\faculdade\IniciacaoCientifica\grn\.env\Lib\site-packages\scipy\optimize\_differentiable_functions.py
cfn=__init__:20
calls=1 20
218 1100
cfl=c:\Users\Pedro\faculdade\IniciacaoCientifica\grn\.env\Lib\site-packages\scipy\optimize\_differentiable_functions.py
cfn=__init__:57
calls=1 57
218 46200
cfl=c:\Users\Pedro\faculdade\IniciacaoCientifica\grn\.env\Lib\site-packages\scipy\optimize\_differentiable_functions.py
cfn=_update_fun
calls=1 360
218 431800
cfl=c:\Users\Pedro\faculdade\IniciacaoCientifica\grn\.env\Lib\site-packages\scipy\optimize\_differentiable_functions.py
cfn=_update_grad
calls=1 371
218 6610600
cfl=~
cfn=<built-in method builtins.callable>
calls=3 0
218 300
cfl=~
cfn=<built-in method builtins.isinstance>
calls=1 0
218 300

fl=c:\Users\Pedro\faculdade\IniciacaoCientifica\grn\.env\Lib\site-packages\scipy\optimize\_differentiable_functions.py
fn=nfev
325 400

fl=c:\Users\Pedro\faculdade\IniciacaoCientifica\grn\.env\Lib\site-packages\scipy\optimize\_differentiable_functions.py
fn=ngev
329 100

fl=c:\Users\Pedro\faculdade\IniciacaoCientifica\grn\.env\Lib\site-packages\scipy\optimize\_differentiable_functions.py
fn=_update_fun
360 4100
cfl=c:\Users\Pedro\faculdade\IniciacaoCientifica\grn\.env\Lib\site-packages\scipy\_lib\_util.py
cfn=__call__:600
calls=1 600
360 428400

fl=c:\Users\Pedro\faculdade\IniciacaoCientifica\grn\.env\Lib\site-packages\scipy\optimize\_differentiable_functions.py
fn=_update_grad
371 4600
cfl=c:\Users\Pedro\faculdade\IniciacaoCientifica\grn\.env\Lib\site-packages\scipy\optimize\_differentiable_functions.py
cfn=__call__
calls=1 35
371 6606000
cfl=c:\Users\Pedro\faculdade\IniciacaoCientifica\grn\.env\Lib\site-packages\scipy\optimize\_differentiable_functions.py
cfn=_update_fun
calls=1 360
371 500

fl=c:\Users\Pedro\faculdade\IniciacaoCientifica\grn\.env\Lib\site-packages\scipy\optimize\_differentiable_functions.py
fn=fun_and_grad
409 5000
cfl=c:\Users\Pedro\faculdade\IniciacaoCientifica\grn\.env\Lib\site-packages\numpy\_core\numeric.py
cfn=_array_equal_dispatcher
calls=1 2516
409 200
cfl=c:\Users\Pedro\faculdade\IniciacaoCientifica\grn\.env\Lib\site-packages\numpy\_core\numeric.py
cfn=array_equal
calls=1 2535
409 6500
cfl=c:\Users\Pedro\faculdade\IniciacaoCientifica\grn\.env\Lib\site-packages\scipy\optimize\_differentiable_functions.py
cfn=_update_fun
calls=1 360
409 200
cfl=c:\Users\Pedro\faculdade\IniciacaoCientifica\grn\.env\Lib\site-packages\scipy\optimize\_differentiable_functions.py
cfn=_update_grad
calls=1 371
409 500

fl=c:\Users\Pedro\faculdade\IniciacaoCientifica\grn\.env\Lib\site-packages\scipy\optimize\_differentialevolution.py
fn=differential_evolution
25 10100
cfl=c:\Users\Pedro\faculdade\IniciacaoCientifica\grn\.env\Lib\site-packages\numpy\_core\fromnumeric.py
cfn=_any_dispatcher
calls=1 2431
25 200
cfl=c:\Users\Pedro\faculdade\IniciacaoCientifica\grn\.env\Lib\site-packages\numpy\_core\fromnumeric.py
cfn=any
calls=1 2436
25 5400
cfl=c:\Users\Pedro\faculdade\IniciacaoCientifica\grn\.env\Lib\site-packages\numpy\_core\fromnumeric.py
cfn=_all_dispatcher
calls=1 2543
25 200
cfl=c:\Users\Pedro\faculdade\IniciacaoCientifica\grn\.env\Lib\site-packages\numpy\_core\fromnumeric.py
cfn=all
calls=1 2548
25 18900
cfl=c:\Users\Pedro\faculdade\IniciacaoCientifica\grn\.env\Lib\site-packages\numpy\lib\_function_base_impl.py
cfn=_copy_dispatcher
calls=1 920
25 200
cfl=c:\Users\Pedro\faculdade\IniciacaoCientifica\grn\.env\Lib\site-packages\numpy\lib\_function_base_impl.py
cfn=copy
calls=1 924
25 3100
cfl=c:\Users\Pedro\faculdade\IniciacaoCientifica\grn\.env\Lib\site-packages\scipy\_lib\_util.py
cfn=__getattr__
calls=3 1016
25 700
cfl=c:\Users\Pedro\faculdade\IniciacaoCientifica\grn\.env\Lib\site-packages\scipy\optimize\_constraints.py
cfn=__init__
calls=1 266
25 162500
cfl=c:\Users\Pedro\faculdade\IniciacaoCientifica\grn\.env\Lib\site-packages\scipy\optimize\_differentialevolution.py
cfn=__init__
calls=0 805
25 0
cfl=c:\Users\Pedro\faculdade\IniciacaoCientifica\grn\.env\Lib\site-packages\scipy\optimize\_differentialevolution.py
cfn=converged
calls=1 1174
25 140800
cfl=c:\Users\Pedro\faculdade\IniciacaoCientifica\grn\.env\Lib\site-packages\scipy\optimize\_differentialevolution.py
cfn=_result
calls=1 1343
25 94200
cfl=c:\Users\Pedro\faculdade\IniciacaoCientifica\grn\.env\Lib\site-packages\scipy\optimize\_differentialevolution.py
cfn=_promote_lowest_energy
calls=1 1423
25 41400
cfl=c:\Users\Pedro\faculdade\IniciacaoCientifica\grn\.env\Lib\site-packages\scipy\optimize\_minimize.py
cfn=minimize
calls=1 54
25 7710800
cfl=~
cfn=<built-in method builtins.callable>
calls=1 0
25 300
cfl=~
cfn=<built-in method builtins.isinstance>
calls=1 0
25 100
cfl=~
cfn=<built-in method builtins.next>
calls=1 0
25 92502400
cfl=~
cfn=<built-in method builtins.print>
calls=2 0
25 42800
cfl=~
cfn=<method 'get' of 'dict' objects>
calls=1 0
25 200

fl=c:\Users\Pedro\faculdade\IniciacaoCientifica\grn\.env\Lib\site-packages\scipy\optimize\_differentialevolution.py
fn=__init__
805 114700
cfl=c:\Users\Pedro\faculdade\IniciacaoCientifica\grn\.env\Lib\site-packages\numpy\_core\fromnumeric.py
cfn=_squeeze_dispatcher
calls=1 1592
805 200
cfl=c:\Users\Pedro\faculdade\IniciacaoCientifica\grn\.env\Lib\site-packages\numpy\_core\fromnumeric.py
cfn=squeeze
calls=1 1596
805 15700
cfl=c:\Users\Pedro\faculdade\IniciacaoCientifica\grn\.env\Lib\site-packages\scipy\optimize\_differentialevolution.py
cfn=solve
calls=0 1185
805 0
cfl=c:\Users\Pedro\faculdade\IniciacaoCientifica\grn\.env\Lib\site-packages\scipy\optimize\_differentialevolution.py
cfn=__enter__
calls=1 1550
805 100
cfl=c:\Users\Pedro\faculdade\IniciacaoCientifica\grn\.env\Lib\site-packages\scipy\optimize\_optimize.py
cfn=_wrap_callback
calls=1 88
805 200
cfl=~
cfn=<built-in method _warnings.warn>
calls=0 0
805 0
cfl=~
cfn=<built-in method builtins.callable>
calls=1 0
805 200

fl=c:\Users\Pedro\faculdade\IniciacaoCientifica\grn\.env\Lib\site-packages\scipy\optimize\_differentialevolution.py
fn=maplike_for_vectorized_func
849 44300
cfl=c:\Users\Pedro\faculdade\IniciacaoCientifica\grn\.env\Lib\site-packages\numpy\_core\shape_base.py
cfn=_atleast_1d_dispatcher
calls=21 15
849 2000
cfl=c:\Users\Pedro\faculdade\IniciacaoCientifica\grn\.env\Lib\site-packages\numpy\_core\shape_base.py
cfn=atleast_1d
calls=21 19
849 18700
cfl=c:\Users\Pedro\faculdade\IniciacaoCientifica\grn\.env\Lib\site-packages\scipy\_lib\_util.py
cfn=__call__:587
calls=21 587
849 0
cfl=c:\Users\Pedro\faculdade\IniciacaoCientifica\grn\PythonCode\Modules\EvolutionModules.py
cfn=calculate_fitness
calls=284 107
849 66915700
cfl=c:\Users\Pedro\faculdade\IniciacaoCientifica\grn\PythonCode\Modules\EvolutionModules.py
cfn=list_to_ind
calls=284 221
849 23361400

fl=c:\Users\Pedro\faculdade\IniciacaoCientifica\grn\.env\Lib\site-packages\scipy\optimize\_differentialevolution.py
fn=mutation_func
1028 1100
cfl=~
cfn=<built-in method builtins.getattr>
calls=1 0
1028 700

fl=c:\Users\Pedro\faculdade\IniciacaoCientifica\grn\.env\Lib\site-packages\scipy\optimize\_differentialevolution.py
fn=init_population_lhs
1032 519200
cfl=c:\Users\Pedro\faculdade\IniciacaoCientifica\grn\.env\Lib\site-packages\numpy\_core\function_base.py
cfn=_linspace_dispatcher
calls=1 22
1032 200
cfl=c:\Users\Pedro\faculdade\IniciacaoCientifica\grn\.env\Lib\site-packages\numpy\_core\function_base.py
cfn=linspace
calls=1 27
1032 23800
cfl=c:\Users\Pedro\faculdade\IniciacaoCientifica\grn\.env\Lib\site-packages\numpy\_core\multiarray.py
cfn=may_share_memory
calls=19 1397
1032 2100
cfl=c:\Users\Pedro\faculdade\IniciacaoCientifica\grn\.env\Lib\site-packages\numpy\_core\numeric.py
cfn=_zeros_like_dispatcher
calls=1 91
1032 200
cfl=c:\Users\Pedro\faculdade\IniciacaoCientifica\grn\.env\Lib\site-packages\numpy\_core\numeric.py
cfn=zeros_like
calls=1 97
1032 7000
cfl=c:\Users\Pedro\faculdade\IniciacaoCientifica\grn\.env\Lib\site-packages\numpy\_core\numeric.py
cfn=full
calls=1 323
1032 3900

fl=c:\Users\Pedro\faculdade\IniciacaoCientifica\grn\.env\Lib\site-packages\scipy\optimize\_differentialevolution.py
fn=x
1156 3100
cfl=c:\Users\Pedro\faculdade\IniciacaoCientifica\grn\.env\Lib\site-packages\scipy\optimize\_differentialevolution.py
cfn=_scale_parameters
calls=2 1726
1156 19100

fl=c:\Users\Pedro\faculdade\IniciacaoCientifica\grn\.env\Lib\site-packages\scipy\optimize\_differentialevolution.py
fn=converged
1174 18000
cfl=c:\Users\Pedro\faculdade\IniciacaoCientifica\grn\.env\Lib\site-packages\numpy\_core\fromnumeric.py
cfn=_any_dispatcher
calls=1 2431
1174 300
cfl=c:\Users\Pedro\faculdade\IniciacaoCientifica\grn\.env\Lib\site-packages\numpy\_core\fromnumeric.py
cfn=any
calls=1 2436
1174 6200
cfl=c:\Users\Pedro\faculdade\IniciacaoCientifica\grn\.env\Lib\site-packages\numpy\_core\fromnumeric.py
cfn=_mean_dispatcher
calls=1 3694
1174 400
cfl=c:\Users\Pedro\faculdade\IniciacaoCientifica\grn\.env\Lib\site-packages\numpy\_core\fromnumeric.py
cfn=mean
calls=1 3699
1174 27200
cfl=c:\Users\Pedro\faculdade\IniciacaoCientifica\grn\.env\Lib\site-packages\numpy\_core\fromnumeric.py
cfn=_std_dispatcher
calls=1 3828
1174 200
cfl=c:\Users\Pedro\faculdade\IniciacaoCientifica\grn\.env\Lib\site-packages\numpy\_core\fromnumeric.py
cfn=std
calls=1 3833
1174 88500

fl=c:\Users\Pedro\faculdade\IniciacaoCientifica\grn\.env\Lib\site-packages\scipy\optimize\_differentialevolution.py
fn=solve
1185 76400
cfl=c:\Users\Pedro\faculdade\IniciacaoCientifica\grn\.env\Lib\site-packages\numpy\_core\fromnumeric.py
cfn=_all_dispatcher
calls=1 2543
1185 100
cfl=c:\Users\Pedro\faculdade\IniciacaoCientifica\grn\.env\Lib\site-packages\numpy\_core\fromnumeric.py
cfn=all
calls=1 2548
1185 4100
cfl=c:\Users\Pedro\faculdade\IniciacaoCientifica\grn\.env\Lib\site-packages\scipy\optimize\_differentialevolution.py
cfn=_calculate_population_energies
calls=0 1368
1185 0
cfl=c:\Users\Pedro\faculdade\IniciacaoCientifica\grn\.env\Lib\site-packages\scipy\optimize\_differentialevolution.py
cfn=_calculate_population_feasibilities
calls=1 1502
1185 14600

fl=c:\Users\Pedro\faculdade\IniciacaoCientifica\grn\.env\Lib\site-packages\scipy\optimize\_differentialevolution.py
fn=_f
1293 55000
cfl=c:\Users\Pedro\faculdade\IniciacaoCientifica\grn\.env\Lib\site-packages\numpy\_core\shape_base.py
cfn=_atleast_2d_dispatcher
calls=20 74
1293 2100
cfl=c:\Users\Pedro\faculdade\IniciacaoCientifica\grn\.env\Lib\site-packages\numpy\_core\shape_base.py
cfn=atleast_2d
calls=20 78
1293 35300
cfl=c:\Users\Pedro\faculdade\IniciacaoCientifica\grn\.env\Lib\site-packages\scipy\_lib\_util.py
cfn=__call__:689
calls=20 689
1293 6433900

fl=c:\Users\Pedro\faculdade\IniciacaoCientifica\grn\.env\Lib\site-packages\scipy\optimize\_differentialevolution.py
fn=_result
1343 6400
cfl=c:\Users\Pedro\faculdade\IniciacaoCientifica\grn\.env\Lib\site-packages\scipy\optimize\_differentialevolution.py
cfn=x
calls=1 1156
1343 11100
cfl=c:\Users\Pedro\faculdade\IniciacaoCientifica\grn\.env\Lib\site-packages\scipy\optimize\_differentialevolution.py
cfn=_scale_parameters
calls=1 1726
1343 76000
cfl=~
cfn=<method 'get' of 'dict' objects>
calls=3 0
1343 700

fl=c:\Users\Pedro\faculdade\IniciacaoCientifica\grn\.env\Lib\site-packages\scipy\optimize\_differentialevolution.py
fn=_calculate_population_energies
1368 58800
cfl=c:\Users\Pedro\faculdade\IniciacaoCientifica\grn\.env\Lib\site-packages\numpy\_core\fromnumeric.py
cfn=_squeeze_dispatcher
calls=1 1592
1368 100
cfl=c:\Users\Pedro\faculdade\IniciacaoCientifica\grn\.env\Lib\site-packages\numpy\_core\fromnumeric.py
cfn=squeeze
calls=1 1596
1368 13500
cfl=c:\Users\Pedro\faculdade\IniciacaoCientifica\grn\.env\Lib\site-packages\numpy\_core\fromnumeric.py
cfn=_size_dispatcher
calls=2 3521
1368 300
cfl=c:\Users\Pedro\faculdade\IniciacaoCientifica\grn\.env\Lib\site-packages\numpy\_core\fromnumeric.py
cfn=size
calls=2 3525
1368 14700
cfl=c:\Users\Pedro\faculdade\IniciacaoCientifica\grn\.env\Lib\site-packages\numpy\_core\numeric.py
cfn=full
calls=2 323
1368 3700
cfl=c:\Users\Pedro\faculdade\IniciacaoCientifica\grn\.env\Lib\site-packages\numpy\_core\shape_base.py
cfn=_atleast_1d_dispatcher
calls=1 15
1368 100
cfl=c:\Users\Pedro\faculdade\IniciacaoCientifica\grn\.env\Lib\site-packages\numpy\_core\shape_base.py
cfn=atleast_1d
calls=1 19
1368 1200
cfl=c:\Users\Pedro\faculdade\IniciacaoCientifica\grn\.env\Lib\site-packages\scipy\_lib\_util.py
cfn=__call__:689
calls=1 689
1368 0
cfl=c:\Users\Pedro\faculdade\IniciacaoCientifica\grn\.env\Lib\site-packages\scipy\optimize\_differentialevolution.py
cfn=_scale_parameters
calls=2 1726
1368 34300
cfl=~
cfn=<built-in method builtins.min>
calls=2 0
1368 600

fl=c:\Users\Pedro\faculdade\IniciacaoCientifica\grn\.env\Lib\site-packages\scipy\optimize\_differentialevolution.py
fn=_promote_lowest_energy
1423 44200
cfl=c:\Users\Pedro\faculdade\IniciacaoCientifica\grn\.env\Lib\site-packages\numpy\_core\fromnumeric.py
cfn=_argmin_dispatcher
calls=2 1317
1423 300
cfl=c:\Users\Pedro\faculdade\IniciacaoCientifica\grn\.env\Lib\site-packages\numpy\_core\fromnumeric.py
cfn=argmin
calls=2 1321
1423 19500
cfl=~
cfn=<built-in method numpy.arange>
calls=2 0
1423 10100

fl=c:\Users\Pedro\faculdade\IniciacaoCientifica\grn\.env\Lib\site-packages\scipy\optimize\_differentialevolution.py
fn=_calculate_population_feasibilities
1502 6200
cfl=c:\Users\Pedro\faculdade\IniciacaoCientifica\grn\.env\Lib\site-packages\numpy\_core\fromnumeric.py
cfn=_size_dispatcher
calls=2 3521
1502 200
cfl=c:\Users\Pedro\faculdade\IniciacaoCientifica\grn\.env\Lib\site-packages\numpy\_core\fromnumeric.py
cfn=size
calls=2 3525
1502 25400
cfl=c:\Users\Pedro\faculdade\IniciacaoCientifica\grn\.env\Lib\site-packages\numpy\_core\numeric.py
cfn=ones
calls=2 170
1502 6000
cfl=~
cfn=<built-in method numpy.zeros>
calls=2 0
1502 1300

fl=c:\Users\Pedro\faculdade\IniciacaoCientifica\grn\.env\Lib\site-packages\scipy\optimize\_differentialevolution.py
fn=__enter__
1550 100

fl=c:\Users\Pedro\faculdade\IniciacaoCientifica\grn\.env\Lib\site-packages\scipy\optimize\_differentialevolution.py
fn=__exit__
1553 700
cfl=c:\Users\Pedro\faculdade\IniciacaoCientifica\grn\.env\Lib\site-packages\scipy\_lib\_util.py
cfn=__exit__
calls=1 684
1553 200

fl=c:\Users\Pedro\faculdade\IniciacaoCientifica\grn\.env\Lib\site-packages\scipy\optimize\_differentialevolution.py
fn=_accept_trial
1556 21600

fl=c:\Users\Pedro\faculdade\IniciacaoCientifica\grn\.env\Lib\site-packages\scipy\optimize\_differentialevolution.py
fn=__next__
1601 192400
cfl=c:\Users\Pedro\faculdade\IniciacaoCientifica\grn\.env\Lib\site-packages\numpy\_core\fromnumeric.py
cfn=_all_dispatcher
calls=1 2543
1601 200
cfl=c:\Users\Pedro\faculdade\IniciacaoCientifica\grn\.env\Lib\site-packages\numpy\_core\fromnumeric.py
cfn=all
calls=1 2548
1601 5700
cfl=c:\Users\Pedro\faculdade\IniciacaoCientifica\grn\.env\Lib\site-packages\numpy\_core\multiarray.py
cfn=where
calls=4 403
1601 600
cfl=c:\Users\Pedro\faculdade\IniciacaoCientifica\grn\.env\Lib\site-packages\numpy\_core\numeric.py
cfn=full
calls=1 323
1601 2500
cfl=c:\Users\Pedro\faculdade\IniciacaoCientifica\grn\.env\Lib\site-packages\scipy\optimize\_differentialevolution.py
cfn=x
calls=1 1156
1601 11100
cfl=c:\Users\Pedro\faculdade\IniciacaoCientifica\grn\.env\Lib\site-packages\scipy\optimize\_differentialevolution.py
cfn=_calculate_population_energies
calls=1 1368
1601 90296000
cfl=c:\Users\Pedro\faculdade\IniciacaoCientifica\grn\.env\Lib\site-packages\scipy\optimize\_differentialevolution.py
cfn=_promote_lowest_energy
calls=1 1423
1601 32700
cfl=c:\Users\Pedro\faculdade\IniciacaoCientifica\grn\.env\Lib\site-packages\scipy\optimize\_differentialevolution.py
cfn=_calculate_population_feasibilities
calls=1 1502
1601 24500
cfl=c:\Users\Pedro\faculdade\IniciacaoCientifica\grn\.env\Lib\site-packages\scipy\optimize\_differentialevolution.py
cfn=_accept_trial
calls=285 1556
1601 21600
cfl=c:\Users\Pedro\faculdade\IniciacaoCientifica\grn\.env\Lib\site-packages\scipy\optimize\_differentialevolution.py
cfn=_ensure_constraint
calls=1 1740
1601 33300
cfl=c:\Users\Pedro\faculdade\IniciacaoCientifica\grn\.env\Lib\site-packages\scipy\optimize\_differentialevolution.py
cfn=_mutate_many
calls=1 1769
1601 1865700
cfl=~
cfn=<built-in method numpy.arange>
calls=1 0
1601 1300
cfl=~
cfn=<built-in method numpy.array>
calls=1 0
1601 7400

fl=c:\Users\Pedro\faculdade\IniciacaoCientifica\grn\.env\Lib\site-packages\scipy\optimize\_differentialevolution.py
fn=_scale_parameters
1726 118100
cfl=c:\Users\Pedro\faculdade\IniciacaoCientifica\grn\.env\Lib\site-packages\numpy\_core\numeric.py
cfn=_count_nonzero_dispatcher
calls=5 479
1726 1000
cfl=c:\Users\Pedro\faculdade\IniciacaoCientifica\grn\.env\Lib\site-packages\numpy\_core\numeric.py
cfn=count_nonzero
calls=5 483
1726 10300

fl=c:\Users\Pedro\faculdade\IniciacaoCientifica\grn\.env\Lib\site-packages\scipy\optimize\_differentialevolution.py
fn=_ensure_constraint
1740 31500
cfl=c:\Users\Pedro\faculdade\IniciacaoCientifica\grn\.env\Lib\site-packages\numpy\_core\numeric.py
cfn=_count_nonzero_dispatcher
calls=1 479
1740 100
cfl=c:\Users\Pedro\faculdade\IniciacaoCientifica\grn\.env\Lib\site-packages\numpy\_core\numeric.py
cfn=count_nonzero
calls=1 483
1740 1700

fl=c:\Users\Pedro\faculdade\IniciacaoCientifica\grn\.env\Lib\site-packages\scipy\optimize\_differentialevolution.py
fn=_mutate_many
1769 134200
cfl=c:\Users\Pedro\faculdade\IniciacaoCientifica\grn\.env\Lib\site-packages\numpy\_core\multiarray.py
cfn=where
calls=1 403
1769 200
cfl=c:\Users\Pedro\faculdade\IniciacaoCientifica\grn\.env\Lib\site-packages\numpy\lib\_function_base_impl.py
cfn=_copy_dispatcher
calls=1 920
1769 100
cfl=c:\Users\Pedro\faculdade\IniciacaoCientifica\grn\.env\Lib\site-packages\numpy\lib\_function_base_impl.py
cfn=copy
calls=1 924
1769 5000
cfl=c:\Users\Pedro\faculdade\IniciacaoCientifica\grn\.env\Lib\site-packages\scipy\_lib\_util.py
cfn=rng_integers
calls=1 722
1769 29200
cfl=c:\Users\Pedro\faculdade\IniciacaoCientifica\grn\.env\Lib\site-packages\scipy\optimize\_differentialevolution.py
cfn=mutation_func
calls=1 1028
1769 1800
cfl=c:\Users\Pedro\faculdade\IniciacaoCientifica\grn\.env\Lib\site-packages\scipy\optimize\_differentialevolution.py
cfn=_best1
calls=1 1858
1769 24200
cfl=c:\Users\Pedro\faculdade\IniciacaoCientifica\grn\.env\Lib\site-packages\scipy\optimize\_differentialevolution.py
cfn=_select_samples
calls=285 1908
1769 1637400
cfl=~
cfn=<built-in method builtins.callable>
calls=1 0
1769 200
cfl=~
cfn=<built-in method builtins.len>
calls=1 0
1769 200
cfl=~
cfn=<built-in method numpy.arange>
calls=1 0
1769 1400
cfl=~
cfn=<built-in method numpy.array>
calls=1 0
1769 31800

fl=c:\Users\Pedro\faculdade\IniciacaoCientifica\grn\.env\Lib\site-packages\scipy\optimize\_differentialevolution.py
fn=_best1
1858 24200

fl=c:\Users\Pedro\faculdade\IniciacaoCientifica\grn\.env\Lib\site-packages\scipy\optimize\_differentialevolution.py
fn=_select_samples
1908 1637400

fl=c:\Users\Pedro\faculdade\IniciacaoCientifica\grn\.env\Lib\site-packages\scipy\optimize\_lbfgsb_py.py
fn=_minimize_lbfgsb
294 92300
cfl=c:\Users\Pedro\faculdade\IniciacaoCientifica\grn\.env\Lib\site-packages\numpy\_core\fromnumeric.py
cfn=_clip_dispatcher
calls=1 2202
294 200
cfl=c:\Users\Pedro\faculdade\IniciacaoCientifica\grn\.env\Lib\site-packages\numpy\_core\fromnumeric.py
cfn=clip
calls=1 2207
294 20400
cfl=c:\Users\Pedro\faculdade\IniciacaoCientifica\grn\.env\Lib\site-packages\numpy\_core\getlimits.py
cfn=__new__
calls=1 178
294 3300
cfl=c:\Users\Pedro\faculdade\IniciacaoCientifica\grn\.env\Lib\site-packages\scipy\optimize\_constraints.py
cfn=old_bound_to_new
calls=1 437
294 66800
cfl=c:\Users\Pedro\faculdade\IniciacaoCientifica\grn\.env\Lib\site-packages\scipy\optimize\_differentiable_functions.py
cfn=nfev
calls=1 325
294 400
cfl=c:\Users\Pedro\faculdade\IniciacaoCientifica\grn\.env\Lib\site-packages\scipy\optimize\_differentiable_functions.py
cfn=ngev
calls=1 329
294 100
cfl=c:\Users\Pedro\faculdade\IniciacaoCientifica\grn\.env\Lib\site-packages\scipy\optimize\_differentiable_functions.py
cfn=fun_and_grad
calls=1 409
294 12400
cfl=c:\Users\Pedro\faculdade\IniciacaoCientifica\grn\.env\Lib\site-packages\scipy\optimize\_lbfgsb_py.py
cfn=__init__
calls=1 539
294 34700
cfl=c:\Users\Pedro\faculdade\IniciacaoCientifica\grn\.env\Lib\site-packages\scipy\optimize\_optimize.py
cfn=_check_unknown_options
calls=1 176
294 200
cfl=c:\Users\Pedro\faculdade\IniciacaoCientifica\grn\.env\Lib\site-packages\scipy\optimize\_optimize.py
cfn=_prepare_scalar_function
calls=1 204
294 7162300
cfl=c:\Users\Pedro\faculdade\IniciacaoCientifica\grn\.env\Lib\site-packages\scipy\sparse\linalg\_interface.py
cfn=__new__
calls=1 158
294 2200
cfl=~
cfn=<built-in method builtins.len>
calls=1 0
294 300
cfl=~
cfn=<built-in method builtins.min>
calls=1 0
294 300
cfl=~
cfn=<built-in method numpy.array>
calls=3 0
294 3000
cfl=~
cfn=<built-in method numpy.asarray>
calls=1 0
294 400
cfl=~
cfn=<built-in method numpy.zeros>
calls=11 0
294 11900
cfl=~
cfn=<built-in method scipy.optimize._lbfgsb.setulb>
calls=2 0
294 9700
cfl=~
cfn=<method 'any' of 'numpy.ndarray' objects>
calls=1 0
294 12900
cfl=~
cfn=<method 'astype' of 'numpy.ndarray' objects>
calls=2 0
294 1000
cfl=~
cfn=<method 'ravel' of 'numpy.ndarray' objects>
calls=1 0
294 1100
cfl=~
cfn=<method 'reshape' of 'numpy.ndarray' objects>
calls=2 0
294 800

fl=c:\Users\Pedro\faculdade\IniciacaoCientifica\grn\.env\Lib\site-packages\scipy\optimize\_lbfgsb_py.py
fn=__init__
539 11900
cfl=c:\Users\Pedro\faculdade\IniciacaoCientifica\grn\.env\Lib\site-packages\numpy\_core\einsumfunc.py
cfn=_einsum_dispatcher
calls=5 1236
539 900
cfl=c:\Users\Pedro\faculdade\IniciacaoCientifica\grn\.env\Lib\site-packages\numpy\_core\einsumfunc.py
cfn=einsum
calls=1 1244
539 8000
cfl=c:\Users\Pedro\faculdade\IniciacaoCientifica\grn\.env\Lib\site-packages\scipy\sparse\linalg\_interface.py
cfn=__init__
calls=1 173
539 13900

fl=c:\Users\Pedro\faculdade\IniciacaoCientifica\grn\.env\Lib\site-packages\scipy\optimize\_minimize.py
fn=minimize
54 40300
cfl=c:\Users\Pedro\faculdade\IniciacaoCientifica\grn\.env\Lib\site-packages\numpy\_core\fromnumeric.py
cfn=_any_dispatcher
calls=1 2431
54 200
cfl=c:\Users\Pedro\faculdade\IniciacaoCientifica\grn\.env\Lib\site-packages\numpy\_core\fromnumeric.py
cfn=any
calls=1 2436
54 52400
cfl=c:\Users\Pedro\faculdade\IniciacaoCientifica\grn\.env\Lib\site-packages\numpy\_core\fromnumeric.py
cfn=_all_dispatcher
calls=1 2543
54 100
cfl=c:\Users\Pedro\faculdade\IniciacaoCientifica\grn\.env\Lib\site-packages\numpy\_core\fromnumeric.py
cfn=all
calls=1 2548
54 3400
cfl=c:\Users\Pedro\faculdade\IniciacaoCientifica\grn\.env\Lib\site-packages\numpy\_core\shape_base.py
cfn=_atleast_1d_dispatcher
calls=1 15
54 100
cfl=c:\Users\Pedro\faculdade\IniciacaoCientifica\grn\.env\Lib\site-packages\numpy\_core\shape_base.py
cfn=atleast_1d
calls=1 19
54 1400
cfl=c:\Users\Pedro\faculdade\IniciacaoCientifica\grn\.env\Lib\site-packages\scipy\optimize\_lbfgsb_py.py
cfn=_minimize_lbfgsb
calls=1 294
54 7436700
cfl=c:\Users\Pedro\faculdade\IniciacaoCientifica\grn\.env\Lib\site-packages\scipy\optimize\_minimize.py
cfn=_validate_bounds
calls=1 1105
54 44600
cfl=c:\Users\Pedro\faculdade\IniciacaoCientifica\grn\.env\Lib\site-packages\scipy\optimize\_minimize.py
cfn=standardize_bounds
calls=2 1121
54 123100
cfl=c:\Users\Pedro\faculdade\IniciacaoCientifica\grn\.env\Lib\site-packages\scipy\optimize\_minimize.py
cfn=standardize_constraints
calls=1 1134
54 3500
cfl=c:\Users\Pedro\faculdade\IniciacaoCientifica\grn\.env\Lib\site-packages\scipy\optimize\_optimize.py
cfn=_wrap_callback
calls=1 88
54 200
cfl=~
cfn=<built-in method builtins.callable>
calls=3 0
54 600
cfl=~
cfn=<built-in method builtins.getattr>
calls=1 0
54 400
cfl=~
cfn=<built-in method builtins.isinstance>
calls=1 0
54 100
cfl=~
cfn=<built-in method numpy.asarray>
calls=1 0
54 300
cfl=~
cfn=<method 'any' of 'numpy.ndarray' objects>
calls=1 0
54 2700
cfl=~
cfn=<method 'get' of 'dict' objects>
calls=1 0
54 400
cfl=~
cfn=<method 'lower' of 'str' objects>
calls=1 0
54 300

fl=c:\Users\Pedro\faculdade\IniciacaoCientifica\grn\.env\Lib\site-packages\scipy\optimize\_minimize.py
fn=_validate_bounds
1105 17300
cfl=c:\Users\Pedro\faculdade\IniciacaoCientifica\grn\.env\Lib\site-packages\numpy\_core\fromnumeric.py
cfn=_any_dispatcher
calls=1 2431
1105 200
cfl=c:\Users\Pedro\faculdade\IniciacaoCientifica\grn\.env\Lib\site-packages\numpy\_core\fromnumeric.py
cfn=any
calls=1 2436
1105 8200
cfl=c:\Users\Pedro\faculdade\IniciacaoCientifica\grn\.env\Lib\site-packages\numpy\lib\_stride_tricks_impl.py
cfn=_broadcast_to_dispatcher
calls=2 396
1105 200
cfl=c:\Users\Pedro\faculdade\IniciacaoCientifica\grn\.env\Lib\site-packages\numpy\lib\_stride_tricks_impl.py
cfn=broadcast_to
calls=2 400
1105 18700

fl=c:\Users\Pedro\faculdade\IniciacaoCientifica\grn\.env\Lib\site-packages\scipy\optimize\_minimize.py
fn=standardize_bounds
1121 4200
cfl=c:\Users\Pedro\faculdade\IniciacaoCientifica\grn\.env\Lib\site-packages\scipy\optimize\_constraints.py
cfn=new_bounds_to_old
calls=1 419
1121 118500
cfl=~
cfn=<built-in method builtins.isinstance>
calls=2 0
1121 400

fl=c:\Users\Pedro\faculdade\IniciacaoCientifica\grn\.env\Lib\site-packages\scipy\optimize\_minimize.py
fn=standardize_constraints
1134 2900
cfl=~
cfn=<built-in method builtins.isinstance>
calls=1 0
1134 600

fl=c:\Users\Pedro\faculdade\IniciacaoCientifica\grn\.env\Lib\site-packages\scipy\optimize\_numdiff.py
fn=_adjust_scheme_to_bounds
14 24200
cfl=c:\Users\Pedro\faculdade\IniciacaoCientifica\grn\.env\Lib\site-packages\numpy\_core\fromnumeric.py
cfn=_all_dispatcher
calls=1 2543
14 100
cfl=c:\Users\Pedro\faculdade\IniciacaoCientifica\grn\.env\Lib\site-packages\numpy\_core\fromnumeric.py
cfn=all
calls=1 2548
14 3600
cfl=c:\Users\Pedro\faculdade\IniciacaoCientifica\grn\.env\Lib\site-packages\numpy\_core\numeric.py
cfn=_ones_like_dispatcher
calls=1 240
14 100
cfl=c:\Users\Pedro\faculdade\IniciacaoCientifica\grn\.env\Lib\site-packages\numpy\_core\numeric.py
cfn=ones_like
calls=1 246
14 5200
cfl=~
cfn=<method 'copy' of 'numpy.ndarray' objects>
calls=1 0
14 600

fl=c:\Users\Pedro\faculdade\IniciacaoCientifica\grn\.env\Lib\site-packages\scipy\optimize\_numdiff.py
fn=_eps_for_method
93 6400
cfl=c:\Users\Pedro\faculdade\IniciacaoCientifica\grn\.env\Lib\site-packages\numpy\_core\getlimits.py
cfn=__new__
calls=2 178
93 900
cfl=c:\Users\Pedro\faculdade\IniciacaoCientifica\grn\.env\Lib\site-packages\numpy\_core\numerictypes.py
cfn=issubdtype
calls=2 475
93 6500

fl=c:\Users\Pedro\faculdade\IniciacaoCientifica\grn\.env\Lib\site-packages\scipy\optimize\_numdiff.py
fn=_prepare_bounds
196 2100
cfl=c:\Users\Pedro\faculdade\IniciacaoCientifica\grn\.env\Lib\site-packages\scipy\optimize\_numdiff.py
cfn=<genexpr>
calls=3 207
196 3100

fl=c:\Users\Pedro\faculdade\IniciacaoCientifica\grn\.env\Lib\site-packages\scipy\optimize\_numdiff.py
fn=<genexpr>
207 2500
cfl=~
cfn=<built-in method numpy.asarray>
calls=2 0
207 600

fl=c:\Users\Pedro\faculdade\IniciacaoCientifica\grn\.env\Lib\site-packages\scipy\optimize\_numdiff.py
fn=approx_derivative
278 56800
cfl=c:\Users\Pedro\faculdade\IniciacaoCientifica\grn\.env\Lib\site-packages\numpy\_core\fromnumeric.py
cfn=_any_dispatcher
calls=1 2431
278 200
cfl=c:\Users\Pedro\faculdade\IniciacaoCientifica\grn\.env\Lib\site-packages\numpy\_core\fromnumeric.py
cfn=any
calls=1 2436
278 5900
cfl=c:\Users\Pedro\faculdade\IniciacaoCientifica\grn\.env\Lib\site-packages\numpy\_core\multiarray.py
cfn=where
calls=1 403
278 200
cfl=c:\Users\Pedro\faculdade\IniciacaoCientifica\grn\.env\Lib\site-packages\numpy\_core\numerictypes.py
cfn=isdtype
calls=1 385
278 4400
cfl=c:\Users\Pedro\faculdade\IniciacaoCientifica\grn\.env\Lib\site-packages\numpy\_core\shape_base.py
cfn=_atleast_1d_dispatcher
calls=1 15
278 0
cfl=c:\Users\Pedro\faculdade\IniciacaoCientifica\grn\.env\Lib\site-packages\numpy\_core\shape_base.py
cfn=atleast_1d
calls=1 19
278 3100
cfl=c:\Users\Pedro\faculdade\IniciacaoCientifica\grn\.env\Lib\site-packages\scipy\_lib\_array_api_override.py
cfn=array_namespace
calls=1 69
278 600
cfl=c:\Users\Pedro\faculdade\IniciacaoCientifica\grn\.env\Lib\site-packages\scipy\_lib\_util.py
cfn=__init__:633
calls=1 633
278 1700
cfl=c:\Users\Pedro\faculdade\IniciacaoCientifica\grn\.env\Lib\site-packages\scipy\_lib\_util.py
cfn=__enter__
calls=1 669
278 100
cfl=c:\Users\Pedro\faculdade\IniciacaoCientifica\grn\.env\Lib\site-packages\scipy\_lib\_util.py
cfn=__exit__
calls=1 684
278 300
cfl=c:\Users\Pedro\faculdade\IniciacaoCientifica\grn\.env\Lib\site-packages\scipy\_lib\array_api_compat\numpy\_aliases.py
cfn=asarray
calls=1 70
278 4100
cfl=c:\Users\Pedro\faculdade\IniciacaoCientifica\grn\.env\Lib\site-packages\scipy\_lib\array_api_compat\numpy\_aliases.py
cfn=astype
calls=1 97
278 2400
cfl=c:\Users\Pedro\faculdade\IniciacaoCientifica\grn\.env\Lib\site-packages\scipy\_lib\array_api_extra\_delegation.py
cfn=atleast_nd
calls=1 34
278 3900
cfl=c:\Users\Pedro\faculdade\IniciacaoCientifica\grn\.env\Lib\site-packages\scipy\optimize\_numdiff.py
cfn=_adjust_scheme_to_bounds
calls=1 14
278 33800
cfl=c:\Users\Pedro\faculdade\IniciacaoCientifica\grn\.env\Lib\site-packages\scipy\optimize\_numdiff.py
cfn=_eps_for_method
calls=1 93
278 13800
cfl=c:\Users\Pedro\faculdade\IniciacaoCientifica\grn\.env\Lib\site-packages\scipy\optimize\_numdiff.py
cfn=_prepare_bounds
calls=1 196
278 5200
cfl=c:\Users\Pedro\faculdade\IniciacaoCientifica\grn\.env\Lib\site-packages\scipy\optimize\_numdiff.py
cfn=_dense_difference
calls=1 663
278 6456700
cfl=c:\Users\Pedro\faculdade\IniciacaoCientifica\grn\.env\Lib\site-packages\scipy\optimize\_numdiff.py
cfn=__init__
calls=1 865
278 700
cfl=~
cfn=<method 'astype' of 'numpy.ndarray' objects>
calls=1 0
278 1100

fl=c:\Users\Pedro\faculdade\IniciacaoCientifica\grn\.env\Lib\site-packages\scipy\optimize\_numdiff.py
fn=_dense_difference
663 57200
cfl=c:\Users\Pedro\faculdade\IniciacaoCientifica\grn\.env\Lib\site-packages\numpy\_core\fromnumeric.py
cfn=_ravel_dispatcher
calls=1 1875
663 100
cfl=c:\Users\Pedro\faculdade\IniciacaoCientifica\grn\.env\Lib\site-packages\numpy\_core\fromnumeric.py
cfn=ravel
calls=1 1879
663 2000
cfl=c:\Users\Pedro\faculdade\IniciacaoCientifica\grn\.env\Lib\site-packages\scipy\_lib\_util.py
cfn=__call__:689
calls=1 689
663 400
cfl=c:\Users\Pedro\faculdade\IniciacaoCientifica\grn\.env\Lib\site-packages\scipy\optimize\_numdiff.py
cfn=x_generator2
calls=20 670
663 43000
cfl=c:\Users\Pedro\faculdade\IniciacaoCientifica\grn\.env\Lib\site-packages\scipy\optimize\_numdiff.py
cfn=__call__
calls=19 871
663 6353300
cfl=~
cfn=<built-in method builtins.len>
calls=1 0
663 100
cfl=~
cfn=<built-in method numpy.empty>
calls=1 0
663 600

fl=c:\Users\Pedro\faculdade\IniciacaoCientifica\grn\.env\Lib\site-packages\scipy\optimize\_numdiff.py
fn=x_generator2
670 22900
cfl=c:\Users\Pedro\faculdade\IniciacaoCientifica\grn\.env\Lib\site-packages\numpy\lib\_function_base_impl.py
cfn=_copy_dispatcher
calls=19 920
670 2500
cfl=c:\Users\Pedro\faculdade\IniciacaoCientifica\grn\.env\Lib\site-packages\numpy\lib\_function_base_impl.py
cfn=copy
calls=19 924
670 17600

fl=c:\Users\Pedro\faculdade\IniciacaoCientifica\grn\.env\Lib\site-packages\scipy\optimize\_numdiff.py
fn=__init__
865 700

fl=c:\Users\Pedro\faculdade\IniciacaoCientifica\grn\.env\Lib\site-packages\scipy\optimize\_numdiff.py
fn=__call__
871 55400
cfl=c:\Users\Pedro\faculdade\IniciacaoCientifica\grn\.env\Lib\site-packages\numpy\_core\numerictypes.py
cfn=isdtype
calls=19 385
871 68900
cfl=c:\Users\Pedro\faculdade\IniciacaoCientifica\grn\.env\Lib\site-packages\numpy\_core\shape_base.py
cfn=_atleast_1d_dispatcher
calls=19 15
871 1300
cfl=c:\Users\Pedro\faculdade\IniciacaoCientifica\grn\.env\Lib\site-packages\numpy\_core\shape_base.py
cfn=atleast_1d
calls=19 19
871 34600
cfl=c:\Users\Pedro\faculdade\IniciacaoCientifica\grn\.env\Lib\site-packages\scipy\_lib\_array_api_override.py
cfn=array_namespace
calls=19 69
871 2900
cfl=c:\Users\Pedro\faculdade\IniciacaoCientifica\grn\.env\Lib\site-packages\scipy\_lib\_util.py
cfn=__call__:600
calls=19 600
871 6156800
cfl=c:\Users\Pedro\faculdade\IniciacaoCientifica\grn\.env\Lib\site-packages\scipy\_lib\array_api_compat\numpy\_aliases.py
cfn=astype
calls=19 97
871 33400

fl=c:\Users\Pedro\faculdade\IniciacaoCientifica\grn\.env\Lib\site-packages\scipy\optimize\_optimize.py
fn=_wrap_callback
88 400

fl=c:\Users\Pedro\faculdade\IniciacaoCientifica\grn\.env\Lib\site-packages\scipy\optimize\_optimize.py
fn=_check_unknown_options
176 200

fl=c:\Users\Pedro\faculdade\IniciacaoCientifica\grn\.env\Lib\site-packages\scipy\optimize\_optimize.py
fn=_prepare_scalar_function
204 9600
cfl=c:\Users\Pedro\faculdade\IniciacaoCientifica\grn\.env\Lib\site-packages\scipy\optimize\_differentiable_functions.py
cfn=__init__:218
calls=1 218
204 7152500
cfl=~
cfn=<built-in method builtins.callable>
calls=1 0
204 200

fl=c:\Users\Pedro\faculdade\IniciacaoCientifica\grn\.env\Lib\site-packages\scipy\optimize\_optimize.py
fn=hess
299 200

fl=c:\Users\Pedro\faculdade\IniciacaoCientifica\grn\.env\Lib\site-packages\scipy\sparse\_sputils.py
fn=isintlike
350 4000
cfl=c:\Users\Pedro\faculdade\IniciacaoCientifica\grn\.env\Lib\site-packages\numpy\_core\fromnumeric.py
cfn=_ndim_dispatcher
calls=2 3478
350 200
cfl=c:\Users\Pedro\faculdade\IniciacaoCientifica\grn\.env\Lib\site-packages\numpy\_core\fromnumeric.py
cfn=ndim
calls=2 3482
350 3200
cfl=~
cfn=<built-in method _operator.index>
calls=2 0
350 500

fl=c:\Users\Pedro\faculdade\IniciacaoCientifica\grn\.env\Lib\site-packages\scipy\sparse\_sputils.py
fn=isshape
372 3100
cfl=c:\Users\Pedro\faculdade\IniciacaoCientifica\grn\.env\Lib\site-packages\scipy\sparse\_sputils.py
cfn=isintlike
calls=2 350
372 7900
cfl=~
cfn=<built-in method builtins.len>
calls=1 0
372 100

fl=c:\Users\Pedro\faculdade\IniciacaoCientifica\grn\.env\Lib\site-packages\scipy\sparse\linalg\_interface.py
fn=__new__
158 1900
cfl=~
cfn=<built-in method __new__ of type object at 0x00007FFE69354D90>
calls=1 0
158 300

fl=c:\Users\Pedro\faculdade\IniciacaoCientifica\grn\.env\Lib\site-packages\scipy\sparse\linalg\_interface.py
fn=__init__
173 2800
cfl=c:\Users\Pedro\faculdade\IniciacaoCientifica\grn\.env\Lib\site-packages\scipy\sparse\_sputils.py
cfn=isshape
calls=1 372
173 11100

fl=c:\Users\Pedro\faculdade\IniciacaoCientifica\grn\.env\Lib\site-packages\tornado\ioloop.py
fn=time
549 1500
cfl=~
cfn=<built-in method time.time>
calls=4 0
549 1300

fl=c:\Users\Pedro\faculdade\IniciacaoCientifica\grn\.env\Lib\site-packages\tornado\ioloop.py
fn=call_later
604 5700
cfl=c:\Users\Pedro\faculdade\IniciacaoCientifica\grn\.env\Lib\site-packages\tornado\ioloop.py
cfn=time
calls=2 549
604 2000
cfl=c:\Users\Pedro\faculdade\IniciacaoCientifica\grn\.env\Lib\site-packages\tornado\platform\asyncio.py
cfn=call_at
calls=2 216
604 33000

fl=c:\Users\Pedro\faculdade\IniciacaoCientifica\grn\.env\Lib\site-packages\tornado\ioloop.py
fn=_run_callback
750 6600
cfl=C:\Users\Pedro\AppData\Local\Python\pythoncore-3.14-64\Lib\traceback.py
cfn=line
calls=0 373
750 0
cfl=c:\Users\Pedro\faculdade\IniciacaoCientifica\grn\.env\Lib\site-packages\ipykernel\iostream.py
cfn=_flush
calls=1 682
750 0
cfl=c:\Users\Pedro\faculdade\IniciacaoCientifica\grn\.env\Lib\site-packages\zmq\eventloop\zmqstream.py
cfn=<lambda>
calls=1 684
750 61600
cfl=~
cfn=<method 'partition' of 'str' objects>
calls=1 0
750 400
cfl=~
cfn=<method 'strip' of 'str' objects>
calls=1 0
750 200

fl=c:\Users\Pedro\faculdade\IniciacaoCientifica\grn\.env\Lib\site-packages\tornado\platform\asyncio.py
fn=_handle_events
206 7100
cfl=C:\Users\Pedro\AppData\Local\Python\pythoncore-3.14-64\Lib\asyncio\base_events.py
cfn=_run_once
calls=1 1966
206 91400
cfl=c:\Users\Pedro\faculdade\IniciacaoCientifica\grn\.env\Lib\site-packages\zmq\eventloop\zmqstream.py
cfn=_handle_events
calls=2 573
206 247000
cfl=~
cfn=<built-in method builtins.len>
calls=1 0
206 300

fl=c:\Users\Pedro\faculdade\IniciacaoCientifica\grn\.env\Lib\site-packages\tornado\platform\asyncio.py
fn=call_at
216 4900
cfl=C:\Users\Pedro\AppData\Local\Python\pythoncore-3.14-64\Lib\asyncio\base_events.py
cfn=call_later
calls=2 775
216 26400
cfl=c:\Users\Pedro\faculdade\IniciacaoCientifica\grn\.env\Lib\site-packages\tornado\ioloop.py
cfn=time
calls=2 549
216 800
cfl=~
cfn=<built-in method builtins.max>
calls=2 0
216 900

fl=c:\Users\Pedro\faculdade\IniciacaoCientifica\grn\.env\Lib\site-packages\tornado\platform\asyncio.py
fn=add_callback
231 9800
cfl=C:\Users\Pedro\AppData\Local\Python\pythoncore-3.14-64\Lib\asyncio\base_events.py
cfn=call_soon
calls=1 817
231 8500
cfl=~
cfn=<built-in method _asyncio.get_running_loop>
calls=1 0
231 800

fl=c:\Users\Pedro\faculdade\IniciacaoCientifica\grn\.env\Lib\site-packages\traitlets\traitlets.py
fn=get
648 222300

fl=c:\Users\Pedro\faculdade\IniciacaoCientifica\grn\.env\Lib\site-packages\traitlets\traitlets.py
fn=__get__
695 370100
cfl=c:\Users\Pedro\faculdade\IniciacaoCientifica\grn\.env\Lib\site-packages\traitlets\traitlets.py
cfn=get
calls=1222 648
695 222300

fl=c:\Users\Pedro\faculdade\IniciacaoCientifica\grn\.env\Lib\site-packages\traitlets\traitlets.py
fn=set:708
708 7400
cfl=c:\Users\Pedro\faculdade\IniciacaoCientifica\grn\.env\Lib\site-packages\traitlets\traitlets.py
cfn=_validate
calls=4 737
708 39400
cfl=c:\Users\Pedro\faculdade\IniciacaoCientifica\grn\.env\Lib\site-packages\traitlets\traitlets.py
cfn=_notify_trait
calls=1 1520
708 10900

fl=c:\Users\Pedro\faculdade\IniciacaoCientifica\grn\.env\Lib\site-packages\traitlets\traitlets.py
fn=__set__
727 6000
cfl=c:\Users\Pedro\faculdade\IniciacaoCientifica\grn\.env\Lib\site-packages\traitlets\traitlets.py
cfn=set:708
calls=2 708
727 16900
cfl=c:\Users\Pedro\faculdade\IniciacaoCientifica\grn\.env\Lib\site-packages\traitlets\traitlets.py
cfn=set:3646
calls=2 3646
727 46700

fl=c:\Users\Pedro\faculdade\IniciacaoCientifica\grn\.env\Lib\site-packages\traitlets\traitlets.py
fn=_validate
737 10100
cfl=c:\Users\Pedro\faculdade\IniciacaoCientifica\grn\.env\Lib\site-packages\traitlets\traitlets.py
cfn=_cross_validate
calls=4 746
737 12900
cfl=c:\Users\Pedro\faculdade\IniciacaoCientifica\grn\.env\Lib\site-packages\traitlets\traitlets.py
cfn=validate:2643
calls=2 2643
737 4400
cfl=c:\Users\Pedro\faculdade\IniciacaoCientifica\grn\.env\Lib\site-packages\traitlets\traitlets.py
cfn=validate:3491
calls=2 3491
737 10700
cfl=~
cfn=<built-in method builtins.hasattr>
calls=4 0
737 1300

fl=c:\Users\Pedro\faculdade\IniciacaoCientifica\grn\.env\Lib\site-packages\traitlets\traitlets.py
fn=_cross_validate
746 10700
cfl=~
cfn=<built-in method builtins.hasattr>
calls=4 0
746 2200

fl=c:\Users\Pedro\faculdade\IniciacaoCientifica\grn\.env\Lib\site-packages\traitlets\traitlets.py
fn=_notify_trait
1520 2500
cfl=c:\Users\Pedro\faculdade\IniciacaoCientifica\grn\.env\Lib\site-packages\traitlets\traitlets.py
cfn=notify_change
calls=1 1531
1520 8400

fl=c:\Users\Pedro\faculdade\IniciacaoCientifica\grn\.env\Lib\site-packages\traitlets\traitlets.py
fn=notify_change
1531 3500
cfl=c:\Users\Pedro\faculdade\IniciacaoCientifica\grn\.env\Lib\site-packages\traitlets\traitlets.py
cfn=_notify_observers
calls=1 1535
1531 4900

fl=c:\Users\Pedro\faculdade\IniciacaoCientifica\grn\.env\Lib\site-packages\traitlets\traitlets.py
fn=_notify_observers
1535 3300
cfl=~
cfn=<built-in method builtins.hasattr>
calls=1 0
1535 400
cfl=~
cfn=<built-in method builtins.isinstance>
calls=1 0
1535 100
cfl=~
cfn=<method 'extend' of 'list' objects>
calls=2 0
1535 400
cfl=~
cfn=<method 'get' of 'dict' objects>
calls=4 0
1535 700

fl=c:\Users\Pedro\faculdade\IniciacaoCientifica\grn\.env\Lib\site-packages\traitlets\traitlets.py
fn=validate:2312
2312 900
cfl=~
cfn=<built-in method builtins.isinstance>
calls=2 0
2312 200

fl=c:\Users\Pedro\faculdade\IniciacaoCientifica\grn\.env\Lib\site-packages\traitlets\traitlets.py
fn=_validate_bounds
2566 1000

fl=c:\Users\Pedro\faculdade\IniciacaoCientifica\grn\.env\Lib\site-packages\traitlets\traitlets.py
fn=validate:2643
2643 3000
cfl=c:\Users\Pedro\faculdade\IniciacaoCientifica\grn\.env\Lib\site-packages\traitlets\traitlets.py
cfn=_validate_bounds
calls=2 2566
2643 1000
cfl=~
cfn=<built-in method builtins.isinstance>
calls=4 0
2643 400

fl=c:\Users\Pedro\faculdade\IniciacaoCientifica\grn\.env\Lib\site-packages\traitlets\traitlets.py
fn=validate:3491
3491 4400
cfl=c:\Users\Pedro\faculdade\IniciacaoCientifica\grn\.env\Lib\site-packages\traitlets\traitlets.py
cfn=validate:2312
calls=2 2312
3491 1100
cfl=c:\Users\Pedro\faculdade\IniciacaoCientifica\grn\.env\Lib\site-packages\traitlets\traitlets.py
cfn=validate_elements:3639
calls=2 3639
3491 4900
cfl=~
cfn=<built-in method builtins.isinstance>
calls=2 0
3491 300

fl=c:\Users\Pedro\faculdade\IniciacaoCientifica\grn\.env\Lib\site-packages\traitlets\traitlets.py
fn=validate_elements:3501
3501 500

fl=c:\Users\Pedro\faculdade\IniciacaoCientifica\grn\.env\Lib\site-packages\traitlets\traitlets.py
fn=validate_elements:3639
3639 4200
cfl=c:\Users\Pedro\faculdade\IniciacaoCientifica\grn\.env\Lib\site-packages\traitlets\traitlets.py
cfn=validate_elements:3501
calls=2 3501
3639 500
cfl=~
cfn=<built-in method builtins.len>
calls=2 0
3639 200

fl=c:\Users\Pedro\faculdade\IniciacaoCientifica\grn\.env\Lib\site-packages\traitlets\traitlets.py
fn=set:3646
3646 5700
cfl=c:\Users\Pedro\faculdade\IniciacaoCientifica\grn\.env\Lib\site-packages\traitlets\traitlets.py
cfn=set:708
calls=2 708
3646 40800
cfl=~
cfn=<built-in method builtins.isinstance>
calls=2 0
3646 200

fl=c:\Users\Pedro\faculdade\IniciacaoCientifica\grn\.env\Lib\site-packages\zmq\eventloop\zmqstream.py
fn=receiving
528 1300

fl=c:\Users\Pedro\faculdade\IniciacaoCientifica\grn\.env\Lib\site-packages\zmq\eventloop\zmqstream.py
fn=sending
532 2200
cfl=C:\Users\Pedro\AppData\Local\Python\pythoncore-3.14-64\Lib\queue.py
cfn=empty
calls=4 112
532 9100

fl=c:\Users\Pedro\faculdade\IniciacaoCientifica\grn\.env\Lib\site-packages\zmq\eventloop\zmqstream.py
fn=_run_callback
546 13800
cfl=c:\Users\Pedro\faculdade\IniciacaoCientifica\grn\.env\Lib\site-packages\ipykernel\iostream.py
cfn=_handle_event
calls=3 229
546 47500
cfl=~
cfn=<built-in method builtins.isinstance>
calls=3 0
546 12700

fl=c:\Users\Pedro\faculdade\IniciacaoCientifica\grn\.env\Lib\site-packages\zmq\eventloop\zmqstream.py
fn=_handle_events
573 18600
cfl=C:\Users\Pedro\AppData\Local\Python\pythoncore-3.14-64\Lib\enum.py
cfn=__and__
calls=7 1594
573 30700
cfl=c:\Users\Pedro\faculdade\IniciacaoCientifica\grn\.env\Lib\site-packages\zmq\eventloop\zmqstream.py
cfn=receiving
calls=4 528
573 800
cfl=c:\Users\Pedro\faculdade\IniciacaoCientifica\grn\.env\Lib\site-packages\zmq\eventloop\zmqstream.py
cfn=_handle_recv
calls=3 614
573 129500
cfl=c:\Users\Pedro\faculdade\IniciacaoCientifica\grn\.env\Lib\site-packages\zmq\eventloop\zmqstream.py
cfn=_rebuild_io_state
calls=3 653
573 53400
cfl=c:\Users\Pedro\faculdade\IniciacaoCientifica\grn\.env\Lib\site-packages\zmq\sugar\attrsettr.py
cfn=__getattr__
calls=4 43
573 77100

fl=c:\Users\Pedro\faculdade\IniciacaoCientifica\grn\.env\Lib\site-packages\zmq\eventloop\zmqstream.py
fn=_handle_recv
614 14900
cfl=c:\Users\Pedro\faculdade\IniciacaoCientifica\grn\.env\Lib\site-packages\zmq\eventloop\zmqstream.py
cfn=_run_callback
calls=3 546
614 60100
cfl=c:\Users\Pedro\faculdade\IniciacaoCientifica\grn\.env\Lib\site-packages\zmq\sugar\socket.py
cfn=recv_multipart
calls=4 771
614 127800

fl=c:\Users\Pedro\faculdade\IniciacaoCientifica\grn\.env\Lib\site-packages\zmq\eventloop\zmqstream.py
fn=_rebuild_io_state
653 10300
cfl=C:\Users\Pedro\AppData\Local\Python\pythoncore-3.14-64\Lib\enum.py
cfn=__or__
calls=4 1583
653 11500
cfl=c:\Users\Pedro\faculdade\IniciacaoCientifica\grn\.env\Lib\site-packages\zmq\eventloop\zmqstream.py
cfn=receiving
calls=4 528
653 500
cfl=c:\Users\Pedro\faculdade\IniciacaoCientifica\grn\.env\Lib\site-packages\zmq\eventloop\zmqstream.py
cfn=sending
calls=4 532
653 11300
cfl=c:\Users\Pedro\faculdade\IniciacaoCientifica\grn\.env\Lib\site-packages\zmq\eventloop\zmqstream.py
cfn=_update_handler
calls=4 676
653 68400

fl=c:\Users\Pedro\faculdade\IniciacaoCientifica\grn\.env\Lib\site-packages\zmq\eventloop\zmqstream.py
fn=_update_handler
676 7800
cfl=C:\Users\Pedro\AppData\Local\Python\pythoncore-3.14-64\Lib\enum.py
cfn=__and__
calls=4 1594
676 10900
cfl=c:\Users\Pedro\faculdade\IniciacaoCientifica\grn\.env\Lib\site-packages\tornado\platform\asyncio.py
cfn=add_callback
calls=1 231
676 19100
cfl=c:\Users\Pedro\faculdade\IniciacaoCientifica\grn\.env\Lib\site-packages\zmq\sugar\attrsettr.py
cfn=__getattr__
calls=4 43
676 30600

fl=c:\Users\Pedro\faculdade\IniciacaoCientifica\grn\.env\Lib\site-packages\zmq\eventloop\zmqstream.py
fn=<lambda>
684 400
cfl=c:\Users\Pedro\faculdade\IniciacaoCientifica\grn\.env\Lib\site-packages\zmq\eventloop\zmqstream.py
cfn=_handle_events
calls=1 573
684 61200

fl=c:\Users\Pedro\faculdade\IniciacaoCientifica\grn\.env\Lib\site-packages\zmq\sugar\attrsettr.py
fn=__setattr__
17 19900
cfl=c:\Users\Pedro\faculdade\IniciacaoCientifica\grn\.env\Lib\site-packages\zmq\sugar\attrsettr.py
cfn=_set_attr_opt
calls=1 39
17 3300
cfl=~
cfn=<built-in method builtins.getattr>
calls=8 0
17 4600
cfl=~
cfn=<method 'mro' of 'type' objects>
calls=8 0
17 5200
cfl=~
cfn=<method 'upper' of 'str' objects>
calls=1 0
17 300

fl=c:\Users\Pedro\faculdade\IniciacaoCientifica\grn\.env\Lib\site-packages\zmq\sugar\attrsettr.py
fn=_set_attr_opt
39 2400
cfl=C:\Users\Pedro\AppData\Local\Python\pythoncore-3.14-64\Lib\enum.py
cfn=__call__
calls=1 677
39 900

fl=c:\Users\Pedro\faculdade\IniciacaoCientifica\grn\.env\Lib\site-packages\zmq\sugar\attrsettr.py
fn=__getattr__
43 22400
cfl=<frozen importlib._bootstrap>
cfn=_handle_fromlist
calls=8 1401
43 10200
cfl=c:\Users\Pedro\faculdade\IniciacaoCientifica\grn\.env\Lib\site-packages\zmq\sugar\attrsettr.py
cfn=_get_attr_opt
calls=8 66
43 68400
cfl=~
cfn=<built-in method builtins.getattr>
calls=8 0
43 4800
cfl=~
cfn=<method 'upper' of 'str' objects>
calls=8 0
43 1900

fl=c:\Users\Pedro\faculdade\IniciacaoCientifica\grn\.env\Lib\site-packages\zmq\sugar\attrsettr.py
fn=_get_attr_opt
66 56400
cfl=C:\Users\Pedro\AppData\Local\Python\pythoncore-3.14-64\Lib\enum.py
cfn=__call__
calls=8 677
66 12000

fl=c:\Users\Pedro\faculdade\IniciacaoCientifica\grn\.env\Lib\site-packages\zmq\sugar\context.py
fn=__init__
90 756700
cfl=C:\Users\Pedro\AppData\Local\Python\pythoncore-3.14-64\Lib\_weakrefset.py
cfn=__init__
calls=1 12
90 1700
cfl=c:\Users\Pedro\faculdade\IniciacaoCientifica\grn\.env\Lib\site-packages\zmq\sugar\attrsettr.py
cfn=__setattr__
calls=3 17
90 13000
cfl=~
cfn=<built-in method builtins.isinstance>
calls=1 0
90 300

fl=c:\Users\Pedro\faculdade\IniciacaoCientifica\grn\.env\Lib\site-packages\zmq\sugar\context.py
fn=_add_socket
279 1300
cfl=C:\Users\Pedro\AppData\Local\Python\pythoncore-3.14-64\Lib\_weakrefset.py
cfn=add
calls=2 45
279 3400

fl=c:\Users\Pedro\faculdade\IniciacaoCientifica\grn\.env\Lib\site-packages\zmq\sugar\context.py
fn=socket
324 10600
cfl=c:\Users\Pedro\faculdade\IniciacaoCientifica\grn\.env\Lib\site-packages\zmq\sugar\context.py
cfn=_add_socket
calls=2 279
324 4700
cfl=c:\Users\Pedro\faculdade\IniciacaoCientifica\grn\.env\Lib\site-packages\zmq\sugar\socket.py
cfn=__init__:131
calls=2 131
324 3179000
cfl=~
cfn=<method 'items' of 'dict' objects>
calls=2 0
324 500

fl=c:\Users\Pedro\faculdade\IniciacaoCientifica\grn\.env\Lib\site-packages\zmq\sugar\socket.py
fn=__init__:57
57 1000

fl=c:\Users\Pedro\faculdade\IniciacaoCientifica\grn\.env\Lib\site-packages\zmq\sugar\socket.py
fn=__init__:131
131 3147100
cfl=C:\Users\Pedro\AppData\Local\Python\pythoncore-3.14-64\Lib\enum.py
cfn=__get__
calls=2 187
131 3200
cfl=C:\Users\Pedro\AppData\Local\Python\pythoncore-3.14-64\Lib\enum.py
cfn=__call__
calls=4 677
131 8200
cfl=C:\Users\Pedro\AppData\Local\Python\pythoncore-3.14-64\Lib\typing.py
cfn=cast
calls=2 2300
131 200
cfl=c:\Users\Pedro\faculdade\IniciacaoCientifica\grn\.env\Lib\site-packages\zmq\sugar\socket.py
cfn=__setattr__
calls=4 376
131 19600
cfl=~
cfn=<built-in method builtins.isinstance>
calls=2 0
131 700

fl=c:\Users\Pedro\faculdade\IniciacaoCientifica\grn\.env\Lib\site-packages\zmq\sugar\socket.py
fn=_connect_cm
270 1200
cfl=c:\Users\Pedro\faculdade\IniciacaoCientifica\grn\.env\Lib\site-packages\zmq\sugar\socket.py
cfn=__init__:57
calls=1 57
270 400

fl=c:\Users\Pedro\faculdade\IniciacaoCientifica\grn\.env\Lib\site-packages\zmq\sugar\socket.py
fn=_bind_cm
277 4100
cfl=C:\Users\Pedro\AppData\Local\Python\pythoncore-3.14-64\Lib\enum.py
cfn=__call__
calls=1 677
277 500
cfl=C:\Users\Pedro\AppData\Local\Python\pythoncore-3.14-64\Lib\typing.py
cfn=cast
calls=1 2300
277 100
cfl=c:\Users\Pedro\faculdade\IniciacaoCientifica\grn\.env\Lib\site-packages\zmq\sugar\socket.py
cfn=__init__:57
calls=1 57
277 600
cfl=~
cfn=<method 'decode' of 'bytes' objects>
calls=1 0
277 400

fl=c:\Users\Pedro\faculdade\IniciacaoCientifica\grn\.env\Lib\site-packages\zmq\sugar\socket.py
fn=bind
291 9700
cfl=c:\Users\Pedro\faculdade\IniciacaoCientifica\grn\.env\Lib\site-packages\zmq\sugar\socket.py
cfn=_bind_cm
calls=1 277
291 5700

fl=c:\Users\Pedro\faculdade\IniciacaoCientifica\grn\.env\Lib\site-packages\zmq\sugar\socket.py
fn=connect
326 20600
cfl=c:\Users\Pedro\faculdade\IniciacaoCientifica\grn\.env\Lib\site-packages\zmq\sugar\socket.py
cfn=_connect_cm
calls=1 270
326 1600

fl=c:\Users\Pedro\faculdade\IniciacaoCientifica\grn\.env\Lib\site-packages\zmq\sugar\socket.py
fn=__setattr__
376 9700
cfl=c:\Users\Pedro\faculdade\IniciacaoCientifica\grn\.env\Lib\site-packages\zmq\sugar\attrsettr.py
cfn=__setattr__
calls=5 17
376 20300
cfl=~
cfn=<method 'lower' of 'str' objects>
calls=5 0
376 1600

fl=c:\Users\Pedro\faculdade\IniciacaoCientifica\grn\.env\Lib\site-packages\zmq\sugar\socket.py
fn=send
623 99000
cfl=<frozen importlib._bootstrap>
cfn=__exit__:1229
calls=1 1229
623 600
cfl=<frozen importlib._bootstrap>
cfn=_find_and_load
calls=0 1360
623 0

fl=c:\Users\Pedro\faculdade\IniciacaoCientifica\grn\.env\Lib\site-packages\zmq\sugar\socket.py
fn=send_multipart
700 13600
cfl=C:\Users\Pedro\AppData\Local\Python\pythoncore-3.14-64\Lib\enum.py
cfn=__or__
calls=10 1583
700 32800
cfl=C:\Users\Pedro\AppData\Local\Python\pythoncore-3.14-64\Lib\tokenize.py
cfn=detect_encoding
calls=0 358
700 0
cfl=c:\Users\Pedro\faculdade\IniciacaoCientifica\grn\.env\Lib\site-packages\zmq\sugar\socket.py
cfn=send
calls=10 623
700 15200
cfl=~
cfn=<built-in method builtins.isinstance>
calls=15 0
700 10600

fl=c:\Users\Pedro\faculdade\IniciacaoCientifica\grn\.env\Lib\site-packages\zmq\sugar\socket.py
fn=recv_multipart
771 56300
cfl=C:\Users\Pedro\AppData\Local\Python\pythoncore-3.14-64\Lib\enum.py
cfn=__call__
calls=4 677
771 2400
cfl=C:\Users\Pedro\AppData\Local\Python\pythoncore-3.14-64\Lib\typing.py
cfn=_type_check
calls=8 184
771 52500
cfl=C:\Users\Pedro\AppData\Local\Python\pythoncore-3.14-64\Lib\typing.py
cfn=inner
calls=8 396
771 7300
cfl=C:\Users\Pedro\AppData\Local\Python\pythoncore-3.14-64\Lib\typing.py
cfn=__hash__
calls=24 1361
771 8900
cfl=C:\Users\Pedro\AppData\Local\Python\pythoncore-3.14-64\Lib\typing.py
cfn=cast
calls=4 2300
771 400

fl=c:\Users\Pedro\faculdade\IniciacaoCientifica\grn\.env\Lib\site-packages\zmq\utils\garbage.py
fn=<module>
1 18900
cfl=<frozen importlib._bootstrap>
cfn=_handle_fromlist
calls=1 1401
1 1400
cfl=C:\Users\Pedro\AppData\Local\Python\pythoncore-3.14-64\Lib\collections\__init__.py
cfn=namedtuple
calls=1 361
1 91800
cfl=c:\Users\Pedro\faculdade\IniciacaoCientifica\grn\.env\Lib\site-packages\zmq\utils\garbage.py
cfn=__init__:78
calls=1 78
1 4600
cfl=~
cfn=<built-in method builtins.__build_class__>
calls=2 0
1 30900

fl=c:\Users\Pedro\faculdade\IniciacaoCientifica\grn\.env\Lib\site-packages\zmq\utils\garbage.py
fn=GarbageCollectorThread
20 1200

fl=c:\Users\Pedro\faculdade\IniciacaoCientifica\grn\.env\Lib\site-packages\zmq\utils\garbage.py
fn=__init__:23
23 6000
cfl=C:\Users\Pedro\AppData\Local\Python\pythoncore-3.14-64\Lib\threading.py
cfn=__init__:602
calls=1 602
23 1800
cfl=C:\Users\Pedro\AppData\Local\Python\pythoncore-3.14-64\Lib\threading.py
cfn=__init__:880
calls=1 880
23 19500
cfl=C:\Users\Pedro\AppData\Local\Python\pythoncore-3.14-64\Lib\threading.py
cfn=daemon:1203
calls=1 1203
23 2000
cfl=~
cfn=<built-in method nt.getpid>
calls=1 0
23 100

fl=c:\Users\Pedro\faculdade\IniciacaoCientifica\grn\.env\Lib\site-packages\zmq\utils\garbage.py
fn=GarbageCollector
58 4500
cfl=~
cfn=<method 'setter' of 'property' objects>
calls=1 0
58 500

fl=c:\Users\Pedro\faculdade\IniciacaoCientifica\grn\.env\Lib\site-packages\zmq\utils\garbage.py
fn=__init__:78
78 3800
cfl=~
cfn=<built-in method atexit.register>
calls=1 0
78 800

fl=c:\Users\Pedro\faculdade\IniciacaoCientifica\grn\.env\Lib\site-packages\zmq\utils\garbage.py
fn=context
90 7300
cfl=c:\Users\Pedro\faculdade\IniciacaoCientifica\grn\.env\Lib\site-packages\zmq\sugar\context.py
cfn=__init__
calls=1 90
90 771700
cfl=~
cfn=<method 'startswith' of 'str' objects>
calls=1 0
90 200

fl=c:\Users\Pedro\faculdade\IniciacaoCientifica\grn\.env\Lib\site-packages\zmq\utils\garbage.py
fn=_push_socket
148 6400
cfl=c:\Users\Pedro\faculdade\IniciacaoCientifica\grn\.env\Lib\site-packages\zmq\sugar\context.py
cfn=socket
calls=1 324
148 699900
cfl=c:\Users\Pedro\faculdade\IniciacaoCientifica\grn\.env\Lib\site-packages\zmq\sugar\socket.py
cfn=connect
calls=1 326
148 22200
cfl=c:\Users\Pedro\faculdade\IniciacaoCientifica\grn\.env\Lib\site-packages\zmq\utils\garbage.py
cfn=context
calls=1 90
148 600
cfl=c:\Users\Pedro\faculdade\IniciacaoCientifica\grn\.env\Lib\site-packages\zmq\utils\garbage.py
cfn=is_alive
calls=1 174
148 2700
cfl=~
cfn=<built-in method builtins.getattr>
calls=1 0
148 200

fl=c:\Users\Pedro\faculdade\IniciacaoCientifica\grn\.env\Lib\site-packages\zmq\utils\garbage.py
fn=start
158 236800
cfl=C:\Users\Pedro\AppData\Local\Python\pythoncore-3.14-64\Lib\threading.py
cfn=start
calls=0 975
158 0
cfl=c:\Users\Pedro\faculdade\IniciacaoCientifica\grn\.env\Lib\site-packages\zmq\utils\garbage.py
cfn=__init__:23
calls=1 23
158 29400
cfl=~
cfn=<built-in method nt.getpid>
calls=1 0
158 100

fl=c:\Users\Pedro\faculdade\IniciacaoCientifica\grn\.env\Lib\site-packages\zmq\utils\garbage.py
fn=is_alive
174 2700
cfl=C:\Users\Pedro\AppData\Local\Python\pythoncore-3.14-64\Lib\threading.py
cfn=is_alive
calls=1 1177
174 1300
cfl=~
cfn=<built-in method nt.getpid>
calls=3 0
174 800

fl=c:\Users\Pedro\faculdade\IniciacaoCientifica\grn\.env\Lib\site-packages\zmq\utils\garbage.py
fn=store
188 5000
cfl=c:\Users\Pedro\faculdade\IniciacaoCientifica\grn\.env\Lib\site-packages\zmq\utils\garbage.py
cfn=start
calls=0 158
188 0
cfl=c:\Users\Pedro\faculdade\IniciacaoCientifica\grn\.env\Lib\site-packages\zmq\utils\garbage.py
cfn=is_alive
calls=2 174
188 2100
cfl=~
cfn=<method '__enter__' of '_thread.lock' objects>
calls=1 0
188 300

fl=c:\Users\Pedro\faculdade\IniciacaoCientifica\grn\PythonCode\Modules\EvolutionModules.py
fn=__init__:26
26 2408600
cfl=c:\Users\Pedro\faculdade\IniciacaoCientifica\grn\PythonCode\Modules\EvolutionModules.py
cfn=limit_val
calls=11229 31
26 5189900

fl=c:\Users\Pedro\faculdade\IniciacaoCientifica\grn\PythonCode\Modules\EvolutionModules.py
fn=limit_val
31 3130200
cfl=~
cfn=<built-in method builtins.max>
calls=11229 0
31 971300
cfl=~
cfn=<built-in method builtins.min>
calls=11229 0
31 1088400

fl=c:\Users\Pedro\faculdade\IniciacaoCientifica\grn\PythonCode\Modules\EvolutionModules.py
fn=__init__:41
41 453000
cfl=C:\Users\Pedro\AppData\Local\Python\pythoncore-3.14-64\Lib\copy.py
cfn=deepcopy
calls=591 110
41 29132100

fl=c:\Users\Pedro\faculdade\IniciacaoCientifica\grn\PythonCode\Modules\EvolutionModules.py
fn=solve_ivp
50 631500
cfl=c:\Users\Pedro\faculdade\IniciacaoCientifica\grn\.env\Lib\site-packages\scipy\integrate\_odepack_py.py
cfn=odeint
calls=590 31
50 0
cfl=~
cfn=<method 'upper' of 'str' objects>
calls=591 0
50 129300

fl=c:\Users\Pedro\faculdade\IniciacaoCientifica\grn\PythonCode\Modules\EvolutionModules.py
fn=calculate_fitness
107 792000
cfl=c:\Users\Pedro\faculdade\IniciacaoCientifica\grn\PythonCode\Modules\EvolutionModules.py
cfn=solve_ivp
calls=589 50
107 0
cfl=~
cfn=<built-in method builtins.print>
calls=589 0
107 10395100

fl=c:\Users\Pedro\faculdade\IniciacaoCientifica\grn\PythonCode\Modules\EvolutionModules.py
fn=calc_all_fitness
121 800
cfl=c:\Users\Pedro\faculdade\IniciacaoCientifica\grn\PythonCode\Modules\EvolutionModules.py
cfn=solve_ivp
calls=1 50
121 241000

fl=c:\Users\Pedro\faculdade\IniciacaoCientifica\grn\PythonCode\Modules\EvolutionModules.py
fn=list_to_ind
221 7671400
cfl=c:\Users\Pedro\faculdade\IniciacaoCientifica\grn\PythonCode\Modules\EvolutionModules.py
cfn=__init__:26
calls=11229 26
221 7598500
cfl=c:\Users\Pedro\faculdade\IniciacaoCientifica\grn\PythonCode\Modules\EvolutionModules.py
cfn=__init__:41
calls=591 41
221 29585100
cfl=c:\Users\Pedro\faculdade\IniciacaoCientifica\grn\PythonCode\Modules\Models.py
cfn=is_excluded
calls=11229 54
221 3294400
cfl=~
cfn=<method 'items' of 'dict' objects>
calls=3546 0
221 470400

fl=c:\Users\Pedro\faculdade\IniciacaoCientifica\grn\PythonCode\Modules\Handlers.py
fn=run_path
29 8400
cfl=<frozen ntpath>
cfn=join
calls=6 99
29 19500

fl=c:\Users\Pedro\faculdade\IniciacaoCientifica\grn\PythonCode\Modules\Handlers.py
fn=setup_logger
33 31700
cfl=<frozen ntpath>
cfn=join
calls=1 99
33 1700
cfl=<frozen os>
cfn=makedirs
calls=1 211
33 295300
cfl=C:\Users\Pedro\AppData\Local\Python\pythoncore-3.14-64\Lib\logging\__init__.py
cfn=__init__:601
calls=1 601
33 8500
cfl=C:\Users\Pedro\AppData\Local\Python\pythoncore-3.14-64\Lib\logging\__init__.py
cfn=setFormatter
calls=1 1030
33 200
cfl=C:\Users\Pedro\AppData\Local\Python\pythoncore-3.14-64\Lib\logging\__init__.py
cfn=__init__:1194
calls=1 1194
33 271800
cfl=C:\Users\Pedro\AppData\Local\Python\pythoncore-3.14-64\Lib\logging\__init__.py
cfn=setLevel
calls=1 1491
33 39900
cfl=C:\Users\Pedro\AppData\Local\Python\pythoncore-3.14-64\Lib\logging\__init__.py
cfn=addHandler
calls=1 1683
33 1300
cfl=C:\Users\Pedro\AppData\Local\Python\pythoncore-3.14-64\Lib\logging\__init__.py
cfn=getLogger:2130
calls=1 2130
33 23600
cfl=c:\Users\Pedro\faculdade\IniciacaoCientifica\grn\PythonCode\Modules\Handlers.py
cfn=run_path
calls=2 29
33 13700

fl=c:\Users\Pedro\faculdade\IniciacaoCientifica\grn\PythonCode\Modules\Handlers.py
fn=run_serial
48 77800
cfl=C:\Users\Pedro\AppData\Local\Python\pythoncore-3.14-64\Lib\logging\__init__.py
cfn=info
calls=1 1510
48 90400
cfl=C:\Users\Pedro\AppData\Local\Python\pythoncore-3.14-64\Lib\traceback.py
cfn=format_exc
calls=1 212
48 22876100
cfl=c:\Users\Pedro\faculdade\IniciacaoCientifica\grn\PythonCode\Modules\Handlers.py
cfn=run_single
calls=0 93
48 0
cfl=~
cfn=<built-in method builtins.print>
calls=2 0
48 36600

fl=c:\Users\Pedro\faculdade\IniciacaoCientifica\grn\PythonCode\Modules\Handlers.py
fn=run_single
93 31600
cfl=c:\Users\Pedro\faculdade\IniciacaoCientifica\grn\PythonCode\Modules\EvolutionModules.py
cfn=calc_all_fitness
calls=1 121
93 241800
cfl=c:\Users\Pedro\faculdade\IniciacaoCientifica\grn\PythonCode\Modules\Handlers.py
cfn=run_path
calls=1 29
93 3500
cfl=c:\Users\Pedro\faculdade\IniciacaoCientifica\grn\PythonCode\Modules\Methods.py
cfn=run
calls=0 34
93 0
cfl=c:\Users\Pedro\faculdade\IniciacaoCientifica\grn\PythonCode\Modules\Methods.py
cfn=__init__:178
calls=1 178
93 3400
cfl=~
cfn=<built-in method time.time>
calls=1 0
93 800

fl=c:\Users\Pedro\faculdade\IniciacaoCientifica\grn\PythonCode\Modules\Handlers.py
fn=save_results
132 30100
cfl=<frozen ntpath>
cfn=join
calls=2 99
132 3600
cfl=C:\Users\Pedro\AppData\Local\Python\pythoncore-3.14-64\Lib\logging\__init__.py
cfn=info
calls=2 1510
132 167300
cfl=c:\Users\Pedro\faculdade\IniciacaoCientifica\grn\.env\Lib\site-packages\pandas\core\frame.py
cfn=__init__
calls=2 702
132 1393400
cfl=c:\Users\Pedro\faculdade\IniciacaoCientifica\grn\.env\Lib\site-packages\pandas\core\generic.py
cfn=to_csv
calls=2 3795
132 2908800
cfl=c:\Users\Pedro\faculdade\IniciacaoCientifica\grn\PythonCode\Modules\Handlers.py
cfn=run_path
calls=2 29
132 8000

fl=c:\Users\Pedro\faculdade\IniciacaoCientifica\grn\PythonCode\Modules\Handlers.py
fn=execute
138 35300
cfl=C:\Users\Pedro\AppData\Local\Python\pythoncore-3.14-64\Lib\logging\__init__.py
cfn=info
calls=1 1510
138 244804500
cfl=c:\Users\Pedro\faculdade\IniciacaoCientifica\grn\PythonCode\Modules\Handlers.py
cfn=setup_logger
calls=1 33
138 687700
cfl=~
cfn=<built-in method builtins.print>
calls=1 0
138 85800
cfl=~
cfn=<built-in method now>
calls=1 0
138 1100
cfl=~
cfn=<built-in method time.time>
calls=1 0
138 500
cfl=~
cfn=<method 'strftime' of 'datetime.date' objects>
calls=1 0
138 7700

fl=c:\Users\Pedro\faculdade\IniciacaoCientifica\grn\PythonCode\Modules\Methods.py
fn=__init__:31
31 100

fl=c:\Users\Pedro\faculdade\IniciacaoCientifica\grn\PythonCode\Modules\Methods.py
fn=run
34 15100
cfl=C:\Users\Pedro\AppData\Local\Python\pythoncore-3.14-64\Lib\logging\__init__.py
cfn=info
calls=1 1510
34 81100
cfl=c:\Users\Pedro\faculdade\IniciacaoCientifica\grn\.env\Lib\site-packages\scipy\_lib\_util.py
cfn=__getattr__
calls=1 1016
34 100
cfl=c:\Users\Pedro\faculdade\IniciacaoCientifica\grn\PythonCode\Modules\EvolutionModules.py
cfn=list_to_ind
calls=1 221
34 88700
cfl=c:\Users\Pedro\faculdade\IniciacaoCientifica\grn\PythonCode\Modules\Methods.py
cfn=execute
calls=0 197
34 0
cfl=~
cfn=<built-in method time.time>
calls=1 0
34 200

fl=c:\Users\Pedro\faculdade\IniciacaoCientifica\grn\PythonCode\Modules\Methods.py
fn=__init__:178
178 3300
cfl=c:\Users\Pedro\faculdade\IniciacaoCientifica\grn\PythonCode\Modules\Methods.py
cfn=__init__:31
calls=1 31
178 100

fl=c:\Users\Pedro\faculdade\IniciacaoCientifica\grn\PythonCode\Modules\Methods.py
fn=execute
197 5100
cfl=c:\Users\Pedro\faculdade\IniciacaoCientifica\grn\.env\Lib\site-packages\scipy\_lib\_util.py
cfn=wrapper
calls=0 291
197 0
cfl=c:\Users\Pedro\faculdade\IniciacaoCientifica\grn\PythonCode\Modules\Models.py
cfn=bounds_list
calls=1 125
197 10200

fl=c:\Users\Pedro\faculdade\IniciacaoCientifica\grn\PythonCode\Modules\Methods.py
fn=objective_function
199 823800
cfl=c:\Users\Pedro\faculdade\IniciacaoCientifica\grn\PythonCode\Modules\EvolutionModules.py
cfn=calculate_fitness
calls=305 107
199 0
cfl=c:\Users\Pedro\faculdade\IniciacaoCientifica\grn\PythonCode\Modules\EvolutionModules.py
cfn=list_to_ind
calls=306 221
199 25169700
cfl=~
cfn=<built-in method numpy.zeros>
calls=22 0
199 8700

fl=c:\Users\Pedro\faculdade\IniciacaoCientifica\grn\PythonCode\Modules\Models.py
fn=is_excluded
54 2434000
cfl=~
cfn=<built-in method builtins.isinstance>
calls=11229 0
54 860400

fl=c:\Users\Pedro\faculdade\IniciacaoCientifica\grn\PythonCode\Modules\Models.py
fn=bounds_list
125 7600
cfl=~
cfn=<method 'append' of 'list' objects>
calls=19 0
125 1900
cfl=~
cfn=<method 'items' of 'dict' objects>
calls=6 0
125 700

fl=~
fn=<built-in method __new__ of type object at 0x00007FFE69354D90>
0 920100

fl=~
fn=<built-in method _abc._abc_instancecheck>
0 2424000
cfl=<frozen abc>
cfn=__subclasscheck__
calls=17 121
0 178800

fl=~
fn=<built-in method _abc._abc_subclasscheck>
0 831300
cfl=<frozen _collections_abc>
cfn=__subclasshook__:345
calls=15 345
0 2100
cfl=<frozen _collections_abc>
cfn=__subclasshook__:439
calls=4 439
0 1000
cfl=<frozen abc>
cfn=__subclasscheck__
calls=962 121
0 835000

fl=~
fn=<built-in method _abc.get_cache_token>
0 554000

fl=~
fn=<built-in method _asyncio.current_task>
0 2900

fl=~
fn=<built-in method _asyncio.get_running_loop>
0 800

fl=~
fn=<built-in method _codecs.charmap_encode>
0 11800

fl=~
fn=<built-in method _codecs.lookup>
0 4300

fl=~
fn=<built-in method _codecs.lookup_error>
0 1400

fl=~
fn=<built-in method _codecs.utf_8_decode>
0 45000

fl=~
fn=<built-in method _contextvars.copy_context>
0 1900

fl=~
fn=<built-in method _csv.writer>
0 7000

fl=~
fn=<built-in method _ctypes.byref>
0 53400

fl=~
fn=<built-in method _functools.reduce>
0 41700
cfl=c:\Users\Pedro\faculdade\IniciacaoCientifica\grn\.env\Lib\site-packages\numba\core\controlflow.py
cfn=intersect
calls=2 477
0 1400
cfl=c:\Users\Pedro\faculdade\IniciacaoCientifica\grn\.env\Lib\site-packages\numba\core\controlflow.py
cfn=<genexpr>:509
calls=30 509
0 3900

fl=~
fn=<built-in method _heapq.heappop>
0 2500
cfl=C:\Users\Pedro\AppData\Local\Python\pythoncore-3.14-64\Lib\asyncio\events.py
cfn=__lt__
calls=1 162
0 1000

fl=~
fn=<built-in method _heapq.heappush>
0 1900
cfl=C:\Users\Pedro\AppData\Local\Python\pythoncore-3.14-64\Lib\asyncio\events.py
cfn=__lt__
calls=2 162
0 900

fl=~
fn=<built-in method _imp._fix_co_filename>
0 2000

fl=~
fn=<built-in method _imp.acquire_lock>
0 1300

fl=~
fn=<built-in method _imp.find_frozen>
0 1100

fl=~
fn=<built-in method _imp.is_builtin>
0 3300

fl=~
fn=<built-in method _imp.release_lock>
0 1200

fl=~
fn=<built-in method _io.open>
0 7638500
cfl=<frozen codecs>
cfn=__init__:189
calls=3 189
0 1100
cfl=<frozen codecs>
cfn=__init__:312
calls=1 312
0 1500

fl=~
fn=<built-in method _io.open_code>
0 289000

fl=~
fn=<built-in method _io.text_encoding>
0 200

fl=~
fn=<built-in method _operator.index>
0 1900

fl=~
fn=<built-in method _operator.not_>
0 300

fl=~
fn=<built-in method _struct.unpack>
0 1300

fl=~
fn=<built-in method _thread.allocate_lock>
0 1300

fl=~
fn=<built-in method _thread.daemon_threads_allowed>
0 300

fl=~
fn=<built-in method _thread.get_ident>
0 4100

fl=~
fn=<built-in method _thread.get_native_id>
0 200

fl=~
fn=<built-in method _thread.set_name>
0 1500

fl=~
fn=<built-in method _thread.start_joinable_thread>
0 35600

fl=~
fn=<built-in method _warnings._acquire_lock>
0 3900

fl=~
fn=<built-in method _warnings._filters_mutated_lock_held>
0 4800

fl=~
fn=<built-in method _warnings._release_lock>
0 3800

fl=~
fn=<built-in method _warnings.warn>
0 4000
cfl=C:\Users\Pedro\AppData\Local\Python\pythoncore-3.14-64\Lib\_py_warnings.py
cfn=_showwarnmsg
calls=0 217
0 0
cfl=C:\Users\Pedro\AppData\Local\Python\pythoncore-3.14-64\Lib\_py_warnings.py
cfn=__init__:576
calls=1 576
0 1400
cfl=c:\Users\Pedro\faculdade\IniciacaoCientifica\grn\.env\Lib\site-packages\numpy\_core\_ufunc_config.py
cfn=__init__
calls=1 462
0 500
cfl=c:\Users\Pedro\faculdade\IniciacaoCientifica\grn\.env\Lib\site-packages\numpy\_core\_ufunc_config.py
cfn=__enter__
calls=1 472
0 4700
cfl=c:\Users\Pedro\faculdade\IniciacaoCientifica\grn\.env\Lib\site-packages\numpy\_core\_ufunc_config.py
cfn=__exit__
calls=1 488
0 3000
cfl=c:\Users\Pedro\faculdade\IniciacaoCientifica\grn\.env\Lib\site-packages\numpy\_core\fromnumeric.py
cfn=_sum_dispatcher
calls=1 2299
0 100
cfl=c:\Users\Pedro\faculdade\IniciacaoCientifica\grn\.env\Lib\site-packages\numpy\_core\fromnumeric.py
cfn=sum
calls=1 2304
0 10500
cfl=c:\Users\Pedro\faculdade\IniciacaoCientifica\grn\.env\Lib\site-packages\numpy\_core\fromnumeric.py
cfn=_any_dispatcher
calls=3 2431
0 500
cfl=c:\Users\Pedro\faculdade\IniciacaoCientifica\grn\.env\Lib\site-packages\numpy\_core\fromnumeric.py
cfn=any
calls=3 2436
0 23600
cfl=c:\Users\Pedro\faculdade\IniciacaoCientifica\grn\.env\Lib\site-packages\numpy\_core\fromnumeric.py
cfn=_all_dispatcher
calls=2 2543
0 300
cfl=c:\Users\Pedro\faculdade\IniciacaoCientifica\grn\.env\Lib\site-packages\numpy\_core\fromnumeric.py
cfn=all
calls=2 2548
0 31900
cfl=c:\Users\Pedro\faculdade\IniciacaoCientifica\grn\.env\Lib\site-packages\numpy\_core\fromnumeric.py
cfn=_size_dispatcher
calls=2 3521
0 500
cfl=c:\Users\Pedro\faculdade\IniciacaoCientifica\grn\.env\Lib\site-packages\numpy\_core\fromnumeric.py
cfn=size
calls=2 3525
0 34300
cfl=c:\Users\Pedro\faculdade\IniciacaoCientifica\grn\.env\Lib\site-packages\numpy\_core\numeric.py
cfn=ones
calls=1 170
0 3000
cfl=c:\Users\Pedro\faculdade\IniciacaoCientifica\grn\.env\Lib\site-packages\numpy\_core\numeric.py
cfn=_count_nonzero_dispatcher
calls=1 479
0 100
cfl=c:\Users\Pedro\faculdade\IniciacaoCientifica\grn\.env\Lib\site-packages\numpy\_core\numeric.py
cfn=count_nonzero
calls=1 483
0 2100
cfl=c:\Users\Pedro\faculdade\IniciacaoCientifica\grn\.env\Lib\site-packages\scipy\_lib\_util.py
cfn=check_random_state
calls=1 393
0 143100
cfl=c:\Users\Pedro\faculdade\IniciacaoCientifica\grn\.env\Lib\site-packages\scipy\_lib\_util.py
cfn=__init__:583
calls=1 583
0 500
cfl=c:\Users\Pedro\faculdade\IniciacaoCientifica\grn\.env\Lib\site-packages\scipy\_lib\_util.py
cfn=__init__:633
calls=1 633
0 1900
cfl=c:\Users\Pedro\faculdade\IniciacaoCientifica\grn\.env\Lib\site-packages\scipy\optimize\_differentialevolution.py
cfn=init_population_lhs
calls=1 1032
0 556400
cfl=~
cfn=<built-in method builtins.hasattr>
calls=2 0
0 1100
cfl=~
cfn=<built-in method builtins.isinstance>
calls=2 0
0 500
cfl=~
cfn=<built-in method builtins.max>
calls=2 0
0 1000
cfl=~
cfn=<built-in method numpy.arange>
calls=1 0
0 2200
cfl=~
cfn=<built-in method numpy.array>
calls=3 0
0 8500
cfl=~
cfn=<built-in method numpy.zeros>
calls=1 0
0 700

fl=~
fn=<built-in method _weakref._remove_dead_weakref>
0 600

fl=~
fn=<built-in method _weakref.proxy>
0 500

fl=~
fn=<built-in method _winapi.LCMapStringEx>
0 102200

fl=~
fn=<built-in method atexit.register>
0 800

fl=~
fn=<built-in method builtins.__build_class__>
0 72700
cfl=c:\Users\Pedro\faculdade\IniciacaoCientifica\grn\.env\Lib\site-packages\numba\core\analysis.py
cfn=Unknown
calls=3 388
0 1600
cfl=c:\Users\Pedro\faculdade\IniciacaoCientifica\grn\.env\Lib\site-packages\pandas\io\formats\csvs.py
cfn=CSVFormatter
calls=1 56
0 9600
cfl=c:\Users\Pedro\faculdade\IniciacaoCientifica\grn\.env\Lib\site-packages\zmq\utils\garbage.py
cfn=GarbageCollectorThread
calls=1 20
0 1200
cfl=c:\Users\Pedro\faculdade\IniciacaoCientifica\grn\.env\Lib\site-packages\zmq\utils\garbage.py
cfn=GarbageCollector
calls=1 58
0 5000

fl=~
fn=<built-in method builtins.all>
0 700

fl=~
fn=<built-in method builtins.any>
0 195200

fl=~
fn=<built-in method builtins.callable>
0 5100

fl=~
fn=<built-in method builtins.compile>
0 311700

fl=~
fn=<built-in method builtins.dir>
0 16100

fl=~
fn=<built-in method builtins.eval>
0 47300
cfl=<string>
cfn=<module>
calls=1 1
0 200

fl=~
fn=<built-in method builtins.exec>
0 6000
cfl=c:\Users\Pedro\faculdade\IniciacaoCientifica\grn\.env\Lib\site-packages\pandas\io\formats\csvs.py
cfn=<module>
calls=1 1
0 47500
cfl=c:\Users\Pedro\faculdade\IniciacaoCientifica\grn\.env\Lib\site-packages\zmq\utils\garbage.py
cfn=<module>
calls=1 1
0 147600

fl=~
fn=<built-in method builtins.getattr>
0 1780200
cfl=c:\Users\Pedro\faculdade\IniciacaoCientifica\grn\.env\Lib\site-packages\numba\core\targetconfig.py
cfn=getter
calls=396 111
0 183400
cfl=c:\Users\Pedro\faculdade\IniciacaoCientifica\grn\.env\Lib\site-packages\numpy\__init__.py
cfn=__getattr__
calls=1 717
0 4000

fl=~
fn=<built-in method builtins.hasattr>
0 480000
cfl=c:\Users\Pedro\faculdade\IniciacaoCientifica\grn\.env\Lib\site-packages\numba\typed\__init__.py
cfn=__getattr__
calls=6 11
0 39800
cfl=c:\Users\Pedro\faculdade\IniciacaoCientifica\grn\.env\Lib\site-packages\numpy\__init__.py
cfn=__getattr__
calls=12 717
0 17100

fl=~
fn=<built-in method builtins.hash>
0 3114300
cfl=c:\Users\Pedro\faculdade\IniciacaoCientifica\grn\.env\Lib\site-packages\numba\core\types\abstract.py
cfn=__hash__
calls=7094 121
0 3778500

fl=~
fn=<built-in method builtins.id>
0 1909600

fl=~
fn=<built-in method builtins.isinstance>
0 9308500
cfl=<frozen abc>
cfn=__instancecheck__
calls=16070 117
0 5557600
cfl=C:\Users\Pedro\AppData\Local\Python\pythoncore-3.14-64\Lib\typing.py
cfn=__instancecheck__
calls=4 1292
0 17100
cfl=c:\Users\Pedro\faculdade\IniciacaoCientifica\grn\.env\Lib\site-packages\pandas\core\dtypes\generic.py
cfn=_instancecheck
calls=245 43
0 135000

fl=~
fn=<built-in method builtins.issubclass>
0 171300
cfl=<frozen abc>
cfn=__subclasscheck__
calls=57 121
0 795800

fl=~
fn=<built-in method builtins.iter>
0 10400

fl=~
fn=<built-in method builtins.len>
0 407900
cfl=c:\Users\Pedro\faculdade\IniciacaoCientifica\grn\.env\Lib\site-packages\numba\core\typing\context.py
cfn=__len__
calls=1 61
0 500
cfl=c:\Users\Pedro\faculdade\IniciacaoCientifica\grn\.env\Lib\site-packages\numba\core\utils.py
cfn=__len__
calls=4 241
0 1500
cfl=c:\Users\Pedro\faculdade\IniciacaoCientifica\grn\.env\Lib\site-packages\pandas\core\indexes\base.py
cfn=__len__
calls=10 918
0 4700
cfl=c:\Users\Pedro\faculdade\IniciacaoCientifica\grn\.env\Lib\site-packages\pandas\core\indexes\range.py
cfn=__len__
calls=76 1265
0 20900

fl=~
fn=<built-in method builtins.locals>
0 9200

fl=~
fn=<built-in method builtins.max>
0 991600
cfl=<frozen importlib._bootstrap_external>
cfn=<genexpr>
calls=12 139
0 4000

fl=~
fn=<built-in method builtins.min>
0 1101400

fl=~
fn=<built-in method builtins.next>
0 1036000
cfl=c:\Users\Pedro\faculdade\IniciacaoCientifica\grn\.env\Lib\site-packages\IPython\core\history.py
cfn=hold
calls=1 1100
0 100
cfl=c:\Users\Pedro\faculdade\IniciacaoCientifica\grn\.env\Lib\site-packages\numba\core\bytecode.py
cfn=_patched_opargs
calls=121 239
0 232900
cfl=c:\Users\Pedro\faculdade\IniciacaoCientifica\grn\.env\Lib\site-packages\numba\core\errors.py
cfn=new_error_context
calls=35 895
0 9800
cfl=c:\Users\Pedro\faculdade\IniciacaoCientifica\grn\.env\Lib\site-packages\numba\core\event.py
cfn=install_listener
calls=1182 312
0 2573100
cfl=c:\Users\Pedro\faculdade\IniciacaoCientifica\grn\.env\Lib\site-packages\numba\core\event.py
cfn=install_timer
calls=1182 337
0 5340000
cfl=c:\Users\Pedro\faculdade\IniciacaoCientifica\grn\.env\Lib\site-packages\numba\core\event.py
cfn=trigger_event
calls=626 422
0 3550100
cfl=c:\Users\Pedro\faculdade\IniciacaoCientifica\grn\.env\Lib\site-packages\numba\core\typed_passes.py
cfn=fallback_context
calls=1 42
0 100
cfl=c:\Users\Pedro\faculdade\IniciacaoCientifica\grn\.env\Lib\site-packages\numba\core\typing\context.py
cfn=register
calls=1 64
0 27100
cfl=c:\Users\Pedro\faculdade\IniciacaoCientifica\grn\.env\Lib\site-packages\numba\core\untyped_passes.py
cfn=fallback_context
calls=10 26
0 1100
cfl=c:\Users\Pedro\faculdade\IniciacaoCientifica\grn\.env\Lib\site-packages\numba\core\utils.py
cfn=enter
calls=1 244
0 1200
cfl=c:\Users\Pedro\faculdade\IniciacaoCientifica\grn\.env\Lib\site-packages\numba\core\utils.py
cfn=stream_list
calls=94 475
0 71700
cfl=c:\Users\Pedro\faculdade\IniciacaoCientifica\grn\.env\Lib\site-packages\scipy\optimize\_differentialevolution.py
cfn=__next__
calls=1 1601
0 92495000

fl=~
fn=<built-in method builtins.ord>
0 200

fl=~
fn=<built-in method builtins.print>
0 699700
cfl=c:\Users\Pedro\faculdade\IniciacaoCientifica\grn\.env\Lib\site-packages\IPython\core\interactiveshell.py
cfn=write
calls=1190 3098
0 9893200

fl=~
fn=<built-in method builtins.repr>
0 17300
cfl=c:\Users\Pedro\faculdade\IniciacaoCientifica\grn\.env\Lib\site-packages\numba\core\types\abstract.py
cfn=__repr__
calls=54 115
0 6200

fl=~
fn=<built-in method builtins.setattr>
0 6100
cfl=c:\Users\Pedro\faculdade\IniciacaoCientifica\grn\.env\Lib\site-packages\numba\core\targetconfig.py
cfn=setter
calls=4 114
0 3200

fl=~
fn=<built-in method builtins.sorted>
0 35800
cfl=c:\Users\Pedro\faculdade\IniciacaoCientifica\grn\.env\Lib\site-packages\numba\core\byteflow.py
cfn=<lambda>
calls=4 140
0 1400
cfl=c:\Users\Pedro\faculdade\IniciacaoCientifica\grn\.env\Lib\site-packages\numba\core\controlflow.py
cfn=<lambda>
calls=1 733
0 600
cfl=c:\Users\Pedro\faculdade\IniciacaoCientifica\grn\.env\Lib\site-packages\numba\core\inline_closurecall.py
cfn=<lambda>
calls=1 137
0 300

fl=~
fn=<built-in method from_bytes>
0 2000

fl=~
fn=<built-in method fromkeys>
0 400

fl=~
fn=<built-in method marshal.loads>
0 158600

fl=~
fn=<built-in method math.prod>
0 5700
cfl=c:\Users\Pedro\faculdade\IniciacaoCientifica\grn\.env\Lib\site-packages\numpy\_core\fromnumeric.py
cfn=<genexpr>
calls=12 3575
0 2300

fl=~
fn=<built-in method now>
0 5100

fl=~
fn=<built-in method nt._getfullpathname>
0 37500

fl=~
fn=<built-in method nt._path_exists>
0 71400

fl=~
fn=<built-in method nt._path_isdir>
0 96700
cfl=C:\Users\Pedro\AppData\Local\Python\pythoncore-3.14-64\Lib\pathlib\__init__.py
cfn=__fspath__
calls=2 190
0 2400

fl=~
fn=<built-in method nt._path_normpath>
0 15400

fl=~
fn=<built-in method nt._path_splitroot>
0 3100

fl=~
fn=<built-in method nt._path_splitroot_ex>
0 23500

fl=~
fn=<built-in method nt.fspath>
0 34700

fl=~
fn=<built-in method nt.getpid>
0 156200

fl=~
fn=<built-in method nt.mkdir>
0 249300

fl=~
fn=<built-in method nt.stat>
0 448200
cfl=<frozen codecs>
cfn=decode
calls=2 322
0 2100

fl=~
fn=<built-in method nt.urandom>
0 2000

fl=~
fn=<built-in method numpy._core._multiarray_umath._make_extobj>
0 1300

fl=~
fn=<built-in method numpy._core._multiarray_umath.c_einsum>
0 6500

fl=~
fn=<built-in method numpy._core._multiarray_umath.count_nonzero>
0 8400

fl=~
fn=<built-in method numpy.arange>
0 17800

fl=~
fn=<built-in method numpy.array>
0 105300
cfl=C:\Users\Pedro\AppData\Local\Python\pythoncore-3.14-64\Lib\enum.py
cfn=__get__
calls=2 187
0 2300

fl=~
fn=<built-in method numpy.asanyarray>
0 110600

fl=~
fn=<built-in method numpy.asarray>
0 28300

fl=~
fn=<built-in method numpy.empty>
0 26800

fl=~
fn=<built-in method numpy.fromiter>
0 13400

fl=~
fn=<built-in method numpy.lib.array_utils.normalize_axis_index>
0 115000

fl=~
fn=<built-in method numpy.zeros>
0 23200

fl=~
fn=<built-in method scipy.integrate._odepack.odeint>
0 2338100
cfl=C:\Users\Pedro\AppData\Local\Python\pythoncore-3.14-64\Lib\contextlib.py
cfn=__exit__:145
calls=1 145
0 8500
cfl=C:\Users\Pedro\AppData\Local\Python\pythoncore-3.14-64\Lib\contextlib.py
cfn=__exit__:571
calls=1 571
0 23700
cfl=c:\Users\Pedro\faculdade\IniciacaoCientifica\grn\.env\Lib\site-packages\numba\core\dispatcher.py
cfn=__exit__
calls=1 182
0 300
cfl=c:\Users\Pedro\faculdade\IniciacaoCientifica\grn\.env\Lib\site-packages\numba\core\dispatcher.py
cfn=_compile_for_args
calls=590 342
0 0
cfl=c:\Users\Pedro\faculdade\IniciacaoCientifica\grn\.env\Lib\site-packages\numba\core\dispatcher.py
cfn=typeof_pyval
calls=1 678
0 71800

fl=~
fn=<built-in method scipy.optimize._lbfgsb.setulb>
0 9700

fl=~
fn=<built-in method select.select>
0 53800
cfl=~
cfn=<built-in method _struct.unpack>
calls=1 0
0 1300
cfl=~
cfn=<built-in method builtins.len>
calls=1 0
0 400
cfl=~
cfn=<built-in method nt.getpid>
calls=1 0
0 300
cfl=~
cfn=<method 'pop' of 'dict' objects>
calls=1 0
0 800

fl=~
fn=<built-in method sys._getframe>
0 2600

fl=~
fn=<built-in method sys._getframemodulename>
0 200

fl=~
fn=<built-in method sys.exception>
0 126000

fl=~
fn=<built-in method sys.getfilesystemencoding>
0 400

fl=~
fn=<built-in method sys.getrecursionlimit>
0 300

fl=~
fn=<built-in method sys.intern>
0 1000

fl=~
fn=<built-in method time.localtime>
0 29200

fl=~
fn=<built-in method time.monotonic>
0 2500

fl=~
fn=<built-in method time.perf_counter>
0 171200

fl=~
fn=<built-in method time.strftime>
0 13600

fl=~
fn=<built-in method time.time>
0 3000

fl=~
fn=<built-in method time.time_ns>
0 3300

fl=~
fn=<function TypeVarMap.__getitem__ at 0x000002453E7916F0>
0 1700

fl=~
fn=<method '__contains__' of 'frozenset' objects>
0 1800

fl=~
fn=<method '__copy__' of 'numpy.ndarray' objects>
0 448500

fl=~
fn=<method '__enter__' of '_io._IOBase' objects>
0 6700

fl=~
fn=<method '__enter__' of '_thread.RLock' objects>
0 233800

fl=~
fn=<method '__enter__' of '_thread.lock' objects>
0 3000

fl=~
fn=<method '__enter__' of 'numpy.nditer' objects>
0 1000

fl=~
fn=<method '__enter__' of 'sqlite3.Connection' objects>
0 300

fl=~
fn=<method '__exit__' of '_io._IOBase' objects>
0 214000
cfl=~
cfn=<method '__exit__' of 'sqlite3.Connection' objects>
calls=0 0
0 0
cfl=~
cfn=<method 'endswith' of 'str' objects>
calls=1 0
0 300

fl=~
fn=<method '__exit__' of '_thread.RLock' objects>
0 198300

fl=~
fn=<method '__exit__' of '_thread.lock' objects>
0 2400

fl=~
fn=<method '__exit__' of 'numpy.nditer' objects>
0 1100

fl=~
fn=<method '__exit__' of 'sqlite3.Connection' objects>
0 50600

fl=~
fn=<method '__reduce_ex__' of 'object' objects>
0 2000

fl=~
fn=<method 'acquire' of '_thread.RLock' objects>
0 122300

fl=~
fn=<method 'acquire' of '_thread.lock' objects>
0 24300
cfl=C:\Users\Pedro\AppData\Local\Python\pythoncore-3.14-64\Lib\threading.py
cfn=wait:651
calls=1 651
0 1500
cfl=C:\Users\Pedro\AppData\Local\Python\pythoncore-3.14-64\Lib\threading.py
cfn=_bootstrap
calls=0 1030
0 0
cfl=c:\Users\Pedro\faculdade\IniciacaoCientifica\grn\.env\Lib\site-packages\numba\core\ir.py
cfn=list_vars:354
calls=64 354
0 454800
cfl=c:\Users\Pedro\faculdade\IniciacaoCientifica\grn\.env\Lib\site-packages\numba\core\ir.py
cfn=__getattr__
calls=25 387
0 11600
cfl=~
cfn=<built-in method builtins.isinstance>
calls=258 0
0 18400
cfl=~
cfn=<method 'append' of 'list' objects>
calls=64 0
0 6100

fl=~
fn=<method 'add' of 'set' objects>
0 1122400
cfl=c:\Users\Pedro\faculdade\IniciacaoCientifica\grn\.env\Lib\site-packages\numba\core\byteflow.py
cfn=__hash__
calls=15 2036
0 8600
cfl=c:\Users\Pedro\faculdade\IniciacaoCientifica\grn\.env\Lib\site-packages\numba\core\ir.py
cfn=__hash__
calls=3 259
0 1300
cfl=c:\Users\Pedro\faculdade\IniciacaoCientifica\grn\.env\Lib\site-packages\numba\core\types\abstract.py
cfn=__hash__
calls=2956 121
0 3296000

fl=~
fn=<method 'all' of 'numpy.generic' objects>
0 4500
cfl=c:\Users\Pedro\faculdade\IniciacaoCientifica\grn\.env\Lib\site-packages\numpy\_core\_methods.py
cfn=_all
calls=1 64
0 13900

fl=~
fn=<method 'all' of 'numpy.ndarray' objects>
0 315700
cfl=c:\Users\Pedro\faculdade\IniciacaoCientifica\grn\.env\Lib\site-packages\numpy\_core\_methods.py
cfn=_all
calls=592 64
0 1251500

fl=~
fn=<method 'any' of 'numpy.generic' objects>
0 2700
cfl=c:\Users\Pedro\faculdade\IniciacaoCientifica\grn\.env\Lib\site-packages\numpy\_core\_methods.py
cfn=_any
calls=2 55
0 3200

fl=~
fn=<method 'any' of 'numpy.ndarray' objects>
0 3200
cfl=c:\Users\Pedro\faculdade\IniciacaoCientifica\grn\.env\Lib\site-packages\numpy\_core\_methods.py
cfn=_any
calls=2 55
0 12400

fl=~
fn=<method 'append' of 'collections.deque' objects>
0 288800

fl=~
fn=<method 'append' of 'list' objects>
0 1898700

fl=~
fn=<method 'argmin' of 'numpy.ndarray' objects>
0 12300

fl=~
fn=<method 'as_arrays' of 'numpy._core._multiarray_umath._array_converter' objects>
0 1600

fl=~
fn=<method 'astype' of 'numpy.ndarray' objects>
0 19600

fl=~
fn=<method 'center' of 'str' objects>
0 600

fl=~
fn=<method 'clear' of 'dict' objects>
0 5200

fl=~
fn=<method 'clear' of 'frame' objects>
0 2500

fl=~
fn=<method 'clear' of 'list' objects>
0 900

fl=~
fn=<method 'clear' of 'set' objects>
0 136200

fl=~
fn=<method 'clip' of 'numpy.ndarray' objects>
0 6400
cfl=c:\Users\Pedro\faculdade\IniciacaoCientifica\grn\.env\Lib\site-packages\numpy\_core\_methods.py
cfn=_clip
calls=1 96
0 8600

fl=~
fn=<method 'close' of '_io.StringIO' objects>
0 1100

fl=~
fn=<method 'close' of '_io.TextIOWrapper' objects>
0 178100

fl=~
fn=<method 'co_lines' of 'code' objects>
0 1100

fl=~
fn=<method 'co_positions' of 'code' objects>
0 2000

fl=~
fn=<method 'copy' of '_hashlib.HMAC' objects>
0 7600

fl=~
fn=<method 'copy' of 'dict' objects>
0 3400

fl=~
fn=<method 'copy' of 'list' objects>
0 300

fl=~
fn=<method 'copy' of 'numpy.ndarray' objects>
0 10200

fl=~
fn=<method 'copy' of 'set' objects>
0 2100

fl=~
fn=<method 'decode' of 'bytearray' objects>
0 15000

fl=~
fn=<method 'decode' of 'bytes' objects>
0 9200

fl=~
fn=<method 'difference' of 'set' objects>
0 600

fl=~
fn=<method 'disable' of '_lsprof.Profiler' objects>
0 268600

fl=~
fn=<method 'discard' of 'set' objects>
0 15900

fl=~
fn=<method 'encode' of 'str' objects>
0 109900

fl=~
fn=<method 'endswith' of 'str' objects>
0 9500

fl=~
fn=<method 'extend' of 'collections.deque' objects>
0 1400

fl=~
fn=<method 'extend' of 'list' objects>
0 587800

fl=~
fn=<method 'find' of 'str' objects>
0 2000

fl=~
fn=<method 'flush' of '_io.TextIOWrapper' objects>
0 232300

fl=~
fn=<method 'format' of 'str' objects>
0 113700

fl=~
fn=<method 'get' of '_contextvars.ContextVar' objects>
0 162900

fl=~
fn=<method 'get' of 'dict' objects>
0 4339900
cfl=c:\Users\Pedro\faculdade\IniciacaoCientifica\grn\.env\Lib\site-packages\numba\core\types\abstract.py
cfn=__hash__
calls=6503 121
0 8007500
cfl=c:\Users\Pedro\faculdade\IniciacaoCientifica\grn\.env\Lib\site-packages\numba\core\types\abstract.py
cfn=__eq__
calls=3546 124
0 2419600

fl=~
fn=<method 'get_name' of '_asyncio.Task' objects>
0 1800

fl=~
fn=<method 'getvalue' of '_io.StringIO' objects>
0 86400

fl=~
fn=<method 'group' of 're.Match' objects>
0 700

fl=~
fn=<method 'hexdigest' of '_hashlib.HMAC' objects>
0 8700

fl=~
fn=<method 'insert' of 'list' objects>
0 6300

fl=~
fn=<method 'intersection' of 'set' objects>
0 10600

fl=~
fn=<method 'is_done' of '_thread._ThreadHandle' objects>
0 1100

fl=~
fn=<method 'isascii' of 'str' objects>
0 2900

fl=~
fn=<method 'isidentifier' of 'str' objects>
0 2000

fl=~
fn=<method 'isoformat' of 'datetime.datetime' objects>
0 11900
cfl=c:\Users\Pedro\faculdade\IniciacaoCientifica\grn\.env\Lib\site-packages\dateutil\tz\tz.py
cfn=utcoffset
calls=2 74
0 600

fl=~
fn=<method 'isspace' of 'str' objects>
0 16500

fl=~
fn=<method 'items' of 'dict' objects>
0 1594500

fl=~
fn=<method 'join' of 'str' objects>
0 47600
cfl=C:\Users\Pedro\AppData\Local\Python\pythoncore-3.14-64\Lib\collections\__init__.py
cfn=<genexpr>
calls=3 435
0 1100
cfl=c:\Users\Pedro\faculdade\IniciacaoCientifica\grn\.env\Lib\site-packages\numba\core\ir.py
cfn=<genexpr>
calls=31 608
0 13000

fl=~
fn=<method 'keys' of 'dict' objects>
0 16300

fl=~
fn=<method 'lower' of 'str' objects>
0 15600

fl=~
fn=<method 'lstrip' of 'str' objects>
0 1400

fl=~
fn=<method 'match' of 're.Pattern' objects>
0 17700

fl=~
fn=<method 'mro' of 'type' objects>
0 5200

fl=~
fn=<method 'partition' of 'str' objects>
0 4600

fl=~
fn=<method 'pop' of 'collections.deque' objects>
0 312500

fl=~
fn=<method 'pop' of 'dict' objects>
0 13800

fl=~
fn=<method 'pop' of 'list' objects>
0 55500

fl=~
fn=<method 'pop' of 'set' objects>
0 1500

fl=~
fn=<method 'popleft' of 'collections.deque' objects>
0 3100

fl=~
fn=<method 'ravel' of 'numpy.ndarray' objects>
0 1600

fl=~
fn=<method 'read' of '_io.BufferedReader' objects>
0 511400

fl=~
fn=<method 'readline' of '_io.BufferedReader' objects>
0 177600

fl=~
fn=<method 'readlines' of '_io._IOBase' objects>
0 562100
cfl=<frozen codecs>
cfn=decode
calls=37 322
0 65400

fl=~
fn=<method 'reduce' of 'numpy.ufunc' objects>
0 1149300

fl=~
fn=<method 'release' of '_thread.RLock' objects>
0 100600

fl=~
fn=<method 'release' of '_thread.lock' objects>
0 4300

fl=~
fn=<method 'remove' of 'collections.deque' objects>
0 200

fl=~
fn=<method 'remove' of 'list' objects>
0 185300

fl=~
fn=<method 'remove' of 'set' objects>
0 9000

fl=~
fn=<method 'replace' of 'str' objects>
0 70500

fl=~
fn=<method 'reset' of '_contextvars.ContextVar' objects>
0 2100

fl=~
fn=<method 'reshape' of 'numpy.ndarray' objects>
0 22900

fl=~
fn=<method 'result_type' of 'numpy._core._multiarray_umath._array_converter' objects>
0 600

fl=~
fn=<method 'reverse' of 'list' objects>
0 1100

fl=~
fn=<method 'rfind' of 'str' objects>
0 5300

fl=~
fn=<method 'rpartition' of 'str' objects>
0 644700

fl=~
fn=<method 'rsplit' of 'str' objects>
0 3600

fl=~
fn=<method 'rstrip' of 'str' objects>
0 13300

fl=~
fn=<method 'run' of '_contextvars.Context' objects>
0 9000
cfl=C:\Users\Pedro\AppData\Local\Python\pythoncore-3.14-64\Lib\threading.py
cfn=_acquire_restore
calls=1 325
0 500
cfl=C:\Users\Pedro\AppData\Local\Python\pythoncore-3.14-64\Lib\traceback.py
cfn=line
calls=0 373
0 0
cfl=c:\Users\Pedro\faculdade\IniciacaoCientifica\grn\.env\Lib\site-packages\tornado\ioloop.py
cfn=_run_callback
calls=3 750
0 221900
cfl=c:\Users\Pedro\faculdade\IniciacaoCientifica\grn\.env\Lib\site-packages\tornado\platform\asyncio.py
cfn=_handle_events
calls=2 206
0 251200
cfl=c:\Users\Pedro\faculdade\IniciacaoCientifica\grn\.env\Lib\site-packages\zmq\utils\garbage.py
cfn=run
calls=0 30
0 0
cfl=~
cfn=<method 'append' of 'list' objects>
calls=1 0
0 300
cfl=~
cfn=<method 'join' of 'str' objects>
calls=1 0
0 200
cfl=~
cfn=<method 'rstrip' of 'str' objects>
calls=1 0
0 500

fl=~
fn=<method 'search' of 're.Pattern' objects>
0 2100

fl=~
fn=<method 'seek' of '_io.BufferedReader' objects>
0 3300

fl=~
fn=<method 'set' of '_contextvars.ContextVar' objects>
0 1700

fl=~
fn=<method 'setter' of 'property' objects>
0 500

fl=~
fn=<method 'split' of 'str' objects>
0 31400

fl=~
fn=<method 'splitlines' of 'str' objects>
0 12300

fl=~
fn=<method 'squeeze' of 'numpy.ndarray' objects>
0 1100

fl=~
fn=<method 'startswith' of 'bytes' objects>
0 3000

fl=~
fn=<method 'startswith' of 'str' objects>
0 689900

fl=~
fn=<method 'strftime' of 'datetime.date' objects>
0 7700

fl=~
fn=<method 'strip' of 'str' objects>
0 5100

fl=~
fn=<method 'throw' of 'generator' objects>
0 1053500
cfl=c:\Users\Pedro\faculdade\IniciacaoCientifica\grn\.env\Lib\site-packages\numba\core\errors.py
cfn=new_error_context
calls=1 895
0 89500
cfl=c:\Users\Pedro\faculdade\IniciacaoCientifica\grn\.env\Lib\site-packages\numba\core\event.py
cfn=install_listener
calls=1182 312
0 2658200
cfl=c:\Users\Pedro\faculdade\IniciacaoCientifica\grn\.env\Lib\site-packages\numba\core\event.py
cfn=install_timer
calls=1182 337
0 4299800
cfl=c:\Users\Pedro\faculdade\IniciacaoCientifica\grn\.env\Lib\site-packages\numba\core\event.py
cfn=trigger_event
calls=592 422
0 2961800
cfl=c:\Users\Pedro\faculdade\IniciacaoCientifica\grn\.env\Lib\site-packages\numba\core\typed_passes.py
cfn=fallback_context
calls=1 42
0 3100
cfl=c:\Users\Pedro\faculdade\IniciacaoCientifica\grn\.env\Lib\site-packages\numba\core\typing\context.py
cfn=register
calls=1 64
0 9500
cfl=c:\Users\Pedro\faculdade\IniciacaoCientifica\grn\.env\Lib\site-packages\numba\core\utils.py
cfn=enter
calls=1 244
0 2000

fl=~
fn=<method 'update' of '_hashlib.HMAC' objects>
0 9700

fl=~
fn=<method 'update' of 'dict' objects>
0 3300

fl=~
fn=<method 'update' of 'set' objects>
0 16100

fl=~
fn=<method 'upper' of 'str' objects>
0 163800

fl=~
fn=<method 'values' of 'collections.OrderedDict' objects>
0 700

fl=~
fn=<method 'values' of 'dict' objects>
0 228600

fl=~
fn=<method 'with_traceback' of 'BaseException' objects>
0 1657600

fl=~
fn=<method 'wrap' of 'numpy._core._multiarray_umath._array_converter' objects>
0 1300

fl=~
fn=<method 'write' of '_io.StringIO' objects>
0 401200

fl=~
fn=<method 'write' of '_io.TextIOWrapper' objects>
0 16800
cfl=C:\Users\Pedro\AppData\Local\Python\pythoncore-3.14-64\Lib\encodings\cp1252.py
cfn=encode
calls=7 18
0 19300

fl=~
fn=<method 'writerow' of '_csv.writer' objects>
0 5500

